#OG_name	Apoc_proteins.faa	Mcap_proteins.faa	Spis_proteins.faa	Pcom_proteins.faa	Hsym_proteins.faa	Pacu_proteins.faa	Ofav_proteins.faa	Pdam_proteins.faa	Edia_proteins.faa	Nvec_proteins.faa	Hvul_proteins.faa	Xesp_proteins.faa
OG_1	1	1	1	1	1	1	1	1	1	1	1	2
OG_2	1	1	1	1	1	1	1	2	1	1	0	2
OG_3	1	1	1	1	1	2	2	1	1	1	0	2
OG_4	1	1	2	1	1	1	1	1	1	5	2	2
OG_5	1	1	1	1	2	1	1	1	0	1	0	2
OG_6	1	2	5	3	2	1	2	2	2	7	5	3
OG_7	1	2	1	1	3	1	1	1	1	1	1	2
OG_8	1	1	1	1	2	1	1	1	1	1	1	2
OG_9	1	1	1	1	1	1	1	1	1	2	1	2
OG_10	2	1	2	1	3	1	1	1	1	2	1	2
OG_11	2	1	1	1	1	1	2	1	1	2	1	2
OG_12	140	17	47	3	59	7	11	4	26	0	3	47
OG_13	3	2	1	1	2	1	3	1	1	1	2	1
OG_14	3	2	3	2	1	2	1	3	3	2	0	2
OG_15	1	1	1	1	2	1	1	1	1	1	0	0
OG_16	2	2	2	1	0	2	2	2	1	2	0	9
OG_17	1	1	1	1	0	1	1	1	1	1	0	0
OG_18	2	1	1	3	0	2	1	2	2	1	0	5
OG_19	2	2	1	2	1	1	1	1	2	1	1	1
OG_20	2	1	2	1	4	1	2	1	2	1	2	1
OG_21	2	1	3	1	1	1	1	2	1	1	1	2
OG_22	1	1	1	4	0	2	1	4	1	6	0	1
OG_23	1	1	1	1	2	1	1	1	2	1	3	1
OG_24	17	4	3	1	9	4	2	3	4	2	0	0
OG_25	2	3	6	3	0	3	4	5	2	1	0	1
OG_26	1	4	1	1	0	1	1	1	1	1	0	1
OG_27	1	4	2	1	1	1	1	1	1	1	0	1
OG_28	1	1	2	1	3	1	2	1	1	1	2	1
OG_29	1	0	1	1	0	1	1	1	0	0	0	0
OG_30	1	1	1	1	1	1	1	1	1	0	1	1
OG_31	2	1	1	1	0	1	2	1	0	0	0	0
OG_32	1	0	1	1	0	1	1	1	0	1	0	0
OG_33	2	1	1	2	1	2	2	1	1	1	0	1
OG_34	1	3	3	2	0	2	1	1	1	1	0	0
OG_35	2	2	2	1	0	2	2	2	0	1	0	2
OG_36	5	3	0	1	0	4	3	4	0	0	0	2
OG_37	1	1	2	1	2	1	1	1	1	9	3	1
OG_38	1	1	1	1	3	1	1	1	1	1	1	1
OG_39	1	1	2	1	1	1	5	2	1	1	1	1
OG_40	1	1	2	1	3	1	1	1	2	6	0	2
OG_41	45	0	4	12	0	7	28	9	0	0	0	0
OG_42	2	3	2	1	4	2	2	2	2	3	8	1
OG_43	1	1	1	2	1	1	2	2	1	0	0	1
OG_44	3	1	3	3	0	2	0	3	5	7	0	0
OG_45	1	3	5	6	1	1	2	1	1	1	1	1
OG_46	1	1	1	1	2	1	1	1	1	2	0	0
OG_47	128	60	3	12	19	6	6	0	9	1	7	10
OG_48	4	2	2	2	2	3	3	2	2	2	1	3
OG_49	12	1	1	2	0	1	2	1	2	1	0	0
OG_50	1	1	1	1	0	1	1	2	2	1	0	0
OG_51	2	1	2	2	2	2	4	4	2	5	2	2
OG_52	2	2	2	3	0	2	1	1	0	1	0	1
OG_53	1	1	1	1	6	1	1	1	1	1	0	1
OG_54	1	1	1	1	4	1	2	1	1	1	1	1
OG_55	143	16	37	63	3	20	30	19	9	8	4	3
OG_56	22	5	8	6	1	8	12	10	2	3	7	1
OG_57	1	1	4	1	0	1	1	2	1	1	0	0
OG_58	1	1	4	1	0	1	2	3	1	1	0	1
OG_59	1	1	1	1	2	1	1	1	1	2	2	1
OG_60	4	2	2	2	1	2	2	1	1	3	1	1
OG_61	1	1	1	1	2	1	1	1	0	2	1	1
OG_62	1	4	2	2	0	1	2	2	1	1	0	1
OG_63	1	1	2	1	1	1	1	1	0	1	1	1
OG_64	2	2	1	1	5	1	1	1	30	1	2	4
OG_65	5	0	0	0	0	0	0	0	0	0	0	1
OG_66	1	1	1	1	1	1	1	1	1	1	2	1
OG_67	1	1	2	1	3	1	1	1	1	2	1	0
OG_68	1	1	1	1	0	1	1	1	1	1	1	1
OG_69	1	1	1	1	1	1	1	1	1	1	1	1
OG_70	1	0	1	1	0	1	2	1	0	0	0	0
OG_71	6	6	7	5	1	5	5	5	5	5	0	6
OG_72	356	33	136	49	24	25	94	190	12	23	9	3
OG_73	1	1	1	1	2	2	1	1	1	1	2	1
OG_74	5	4	7	4	5	4	5	12	3	6	2	0
OG_75	1	2	0	1	0	0	0	0	0	0	0	0
OG_76	1	1	1	1	1	1	1	1	1	2	1	1
OG_77	1	4	5	1	0	1	1	1	3	3	0	0
OG_78	22	1	7	5	0	8	18	5	10	14	0	11
OG_79	1	1	2	1	1	1	1	1	1	3	1	1
OG_80	1	1	4	1	2	1	1	1	0	1	2	1
OG_81	1	3	2	1	2	3	1	1	2	4	1	2
OG_82	1	2	1	2	0	2	2	1	2	2	1	0
OG_83	1	1	3	1	1	2	3	3	1	1	1	2
OG_84	23	11	48	32	19	28	35	21	10	37	19	17
OG_85	1	1	2	1	2	1	1	3	2	1	3	1
OG_86	1	1	1	1	0	1	0	1	2	3	0	0
OG_87	1	1	1	1	1	1	0	1	1	1	1	1
OG_88	1	0	1	1	1	2	1	2	3	1	0	4
OG_89	1	1	1	1	1	1	1	1	1	1	2	1
OG_90	1	1	3	2	1	1	1	1	2	2	0	1
OG_91	1	2	2	1	1	1	1	1	1	1	1	1
OG_92	1	2	1	1	1	1	1	1	1	1	1	4
OG_93	1	1	1	1	2	1	1	3	1	1	1	2
OG_94	1	1	1	1	3	1	5	1	1	3	1	2
OG_95	13	5	16	5	4	13	15	7	9	2	1	0
OG_96	1	1	1	1	1	1	1	0	1	2	2	2
OG_97	3	1	1	1	0	1	1	1	1	1	0	0
OG_98	1	2	1	1	1	1	1	1	1	1	1	2
OG_99	2	1	0	3	0	2	0	0	1	0	0	0
OG_100	1	1	1	1	2	1	1	1	1	1	1	1
OG_101	3	0	0	0	0	0	1	0	0	0	0	0
OG_102	1	1	1	2	0	1	1	2	0	1	0	0
OG_103	3	5	0	1	0	0	3	0	0	0	0	0
OG_104	8	15	0	6	0	0	2	0	1	0	0	0
OG_105	8	4	2	6	2	1	7	1	0	0	1	3
OG_106	1	1	1	2	1	1	1	1	1	2	0	1
OG_107	3	1	2	1	1	1	1	1	3	1	2	1
OG_108	1	1	1	1	1	1	1	1	1	1	0	1
OG_109	9	2	9	6	6	7	8	10	9	5	1	1
OG_110	1	2	1	1	0	1	1	1	0	0	0	1
OG_111	1	1	1	1	1	1	1	1	1	1	1	2
OG_112	13	0	0	1	0	0	0	0	0	0	0	0
OG_113	17	10	11	32	17	20	8	8	7	4	29	8
OG_114	1	1	1	1	0	1	1	4	1	1	0	0
OG_115	7	1	1	2	1	3	1	2	1	4	1	1
OG_116	2	0	2	1	0	2	2	2	0	11	0	0
OG_117	1	1	1	1	2	1	1	1	1	4	2	1
OG_118	4	1	0	0	0	0	2	0	0	0	0	0
OG_119	8	0	1	0	0	2	2	1	2	7	0	0
OG_120	1	0	2	1	0	1	1	1	0	1	0	1
OG_121	2	1	3	1	1	1	1	1	0	1	1	1
OG_122	1	2	0	1	0	1	1	1	3	1	0	1
OG_123	3	1	1	1	0	1	2	0	3	1	0	0
OG_124	139	65	36	22	3	43	34	24	24	13	2	7
OG_125	2	1	1	1	0	1	1	1	1	1	0	6
OG_126	3	2	2	2	1	2	3	2	1	1	0	1
OG_127	2	1	2	1	2	2	3	5	0	0	1	0
OG_128	1	1	1	2	0	1	1	2	1	0	0	0
OG_129	3	0	0	0	0	0	8	0	0	0	0	0
OG_130	8	0	1	1	0	1	2	2	0	0	0	0
OG_131	7	0	0	9	0	1	0	1	1	0	0	0
OG_132	33	9	1	8	0	17	8	0	11	4	5	0
OG_133	1	1	1	1	1	1	1	1	2	1	2	1
OG_134	2	1	1	2	1	3	2	1	3	1	2	1
OG_135	1	2	1	1	2	1	2	0	1	1	1	1
OG_136	1	5	2	1	1	1	2	1	1	3	2	1
OG_137	2	1	0	0	0	1	0	0	0	0	0	0
OG_138	2	4	2	3	0	2	5	4	3	1	0	0
OG_139	2	2	1	0	1	1	2	2	0	1	0	1
OG_140	1	1	2	1	2	1	1	1	1	2	2	26
OG_141	3	2	1	2	0	2	3	3	0	0	0	0
OG_142	1	1	1	1	1	4	1	2	1	1	1	1
OG_143	1	1	1	1	1	1	1	1	1	1	2	1
OG_144	2	1	2	2	1	2	1	2	2	1	0	1
OG_145	2	2	0	2	0	2	1	1	1	0	0	0
OG_146	1	1	1	1	1	2	1	2	1	1	1	1
OG_147	1	0	1	1	0	1	1	6	1	1	0	0
OG_148	2	2	1	1	1	1	3	1	1	1	1	1
OG_149	1	1	2	1	2	1	1	2	1	1	2	1
OG_150	2	1	3	2	4	1	1	1	0	0	1	0
OG_151	1	1	1	1	6	2	1	2	1	1	0	0
OG_152	1	1	2	1	1	1	1	1	1	1	1	2
OG_153	34	15	37	20	46	34	37	29	21	45	42	20
OG_154	13	1	0	0	0	0	0	0	0	0	0	0
OG_155	5	0	0	0	0	3	2	2	2	7	0	0
OG_156	5	1	2	3	4	4	3	3	1	0	1	2
OG_157	1	3	2	1	1	2	1	2	2	2	2	1
OG_158	1	1	2	1	0	1	1	1	1	2	1	1
OG_159	1	1	1	1	0	5	2	1	1	1	0	1
OG_160	1	1	3	1	1	1	1	1	1	1	0	1
OG_161	1	1	1	1	2	1	1	1	1	1	1	1
OG_162	1	2	1	1	2	1	1	1	0	0	1	1
OG_163	3	0	0	2	0	4	5	4	1	1	0	0
OG_164	1	1	1	1	1	1	1	1	2	1	1	1
OG_165	1	2	1	1	0	1	1	1	2	1	0	1
OG_166	1	1	1	1	0	0	1	0	0	2	0	0
OG_167	1	1	1	2	3	1	1	1	1	1	2	1
OG_168	1	1	1	1	1	1	1	1	1	1	1	1
OG_169	1	1	1	1	0	1	1	1	1	1	0	0
OG_170	1	1	1	1	2	1	1	1	1	1	0	0
OG_171	6	2	3	2	0	3	7	3	2	2	0	1
OG_172	4	1	0	0	0	2	3	0	0	0	0	0
OG_173	47	12	17	70	1	9	9	14	6	4	1	39
OG_174	2	1	2	1	1	2	13	3	1	10	1	1
OG_175	2	1	2	1	2	1	2	1	2	1	1	2
OG_176	6	4	3	6	4	4	5	3	6	3	4	1
OG_177	1	1	1	1	1	1	1	1	1	0	1	1
OG_178	2	1	2	2	0	2	3	1	0	0	0	0
OG_179	1	1	1	1	2	1	1	1	1	2	1	2
OG_180	1	3	1	1	2	1	1	1	2	1	1	1
OG_181	2	2	1	1	0	1	2	1	2	1	0	1
OG_182	42	15	25	19	26	20	22	23	43	32	9	3
OG_183	2	2	5	2	0	2	1	2	2	5	0	0
OG_184	1	1	0	1	0	1	1	1	1	1	0	1
OG_185	2	1	1	2	1	2	1	1	1	2	2	1
OG_186	2	7	2	3	5	4	5	3	4	0	0	4
OG_187	1	1	1	0	3	1	1	1	2	3	0	1
OG_188	1	1	1	1	1	1	1	1	1	1	3	1
OG_189	1	1	1	1	0	1	0	2	1	2	1	1
OG_190	1	1	1	1	2	1	1	1	0	1	1	1
OG_191	1	1	1	1	1	1	1	1	1	1	1	1
OG_192	329	71	5	16	28	10	17	13	40	0	73	101
OG_193	1	1	1	1	1	1	1	1	1	1	1	3
OG_194	1	1	1	1	1	1	1	1	1	1	1	1
OG_195	1	0	2	2	0	1	2	1	1	1	0	0
OG_196	1	1	1	1	1	1	1	2	0	1	2	1
OG_197	1	0	1	1	0	1	0	1	1	0	0	0
OG_198	1	3	4	1	0	1	3	1	1	1	0	0
OG_199	5	14	2	2	0	2	3	2	2	4	0	0
OG_200	1	1	1	1	1	1	1	1	1	1	1	1
OG_201	6	2	2	5	1	2	5	2	3	1	1	0
OG_202	7	6	3	5	7	2	2	2	4	5	0	5
OG_203	15	10	10	13	2	7	21	5	1	13	0	3
OG_204	3	1	1	1	0	1	14	1	0	1	0	0
OG_205	12	15	4	12	0	3	10	3	0	0	0	3
OG_206	14	16	30	13	0	4	7	18	0	1	0	0
OG_207	2	0	0	0	0	0	3	0	0	0	0	0
OG_208	246	593	62	355	14	119	36	16	79	50	31	11
OG_209	45	14	16	12	0	8	17	14	22	4	0	7
OG_210	6	0	0	0	0	1	0	0	0	0	0	0
OG_211	19	0	0	0	0	8	0	0	0	0	9	1
OG_212	1	1	2	1	3	1	2	1	1	5	1	1
OG_213	25	56	2	49	0	4	26	2	6	0	0	0
OG_214	1	1	1	1	3	1	1	1	1	2	1	1
OG_215	1	2	2	1	0	1	1	1	0	0	0	0
OG_216	2	1	1	1	0	1	1	1	1	1	0	1
OG_217	180	17	116	41	4	33	74	82	99	22	6	3
OG_218	6	5	5	5	0	5	5	5	6	6	1	2
OG_219	1	1	1	1	3	1	2	1	2	1	1	2
OG_220	1	2	3	1	0	1	1	1	0	0	0	0
OG_221	6	4	1	3	0	3	3	0	0	0	0	0
OG_222	3	3	2	3	1	4	3	4	1	2	4	1
OG_223	1	0	1	1	0	1	1	1	1	0	0	0
OG_224	1	1	1	1	1	1	1	2	1	1	1	1
OG_225	1	0	1	1	0	1	1	2	0	0	0	0
OG_226	3	3	3	3	6	1	1	1	2	1	0	0
OG_227	1	1	3	2	6	1	1	1	3	9	1	2
OG_228	1	1	0	4	0	1	1	0	1	1	0	1
OG_229	1	1	3	1	1	2	1	1	1	1	4	1
OG_230	2	1	3	1	3	1	2	3	2	3	2	1
OG_231	1	1	6	1	2	1	3	4	2	1	1	2
OG_232	1	0	1	0	0	1	1	1	0	0	0	0
OG_233	56	29	25	54	6	23	34	23	17	22	3	2
OG_234	20	8	26	10	7	25	22	9	2	2	1	0
OG_235	2	1	3	2	0	1	1	3	1	1	0	0
OG_236	2	0	1	0	0	0	7	0	0	0	0	0
OG_237	1	1	1	1	0	1	1	1	0	0	0	0
OG_238	1	1	2	1	3	2	4	2	1	1	1	1
OG_239	2	2	2	1	4	1	1	1	2	2	3	2
OG_240	1	1	1	0	1	1	1	1	1	1	1	1
OG_241	1	4	1	5	0	1	1	1	0	1	0	0
OG_242	19	10	12	7	0	13	9	10	10	15	0	0
OG_243	1	1	1	1	1	1	1	1	3	1	3	1
OG_244	2	13	1	1	3	2	1	4	2	2	0	1
OG_245	1	1	1	1	1	1	2	1	1	2	1	2
OG_246	1	0	1	0	0	0	1	1	0	0	0	0
OG_247	1	1	1	1	2	1	1	1	2	2	2	1
OG_248	2	1	1	1	0	1	1	1	1	1	0	1
OG_249	1	1	1	1	0	2	3	1	1	1	0	0
OG_250	4	1	2	8	0	5	4	2	0	0	0	0
OG_251	1	1	2	1	1	1	1	1	1	1	4	1
OG_252	1	1	1	1	1	1	2	1	0	2	2	1
OG_253	1	2	1	1	0	1	1	1	1	1	0	0
OG_254	46	57	22	32	13	10	21	8	26	10	3	0
OG_255	63	29	20	26	25	23	10	10	19	20	19	24
OG_256	3	4	1	6	5	3	4	3	3	2	2	1
OG_257	5	0	0	1	0	0	0	0	0	0	0	0
OG_258	1	1	1	1	2	1	1	1	1	1	1	3
OG_259	1	1	1	1	1	1	1	1	1	1	1	0
OG_260	1	1	3	1	2	1	1	1	1	1	1	1
OG_261	19	22	18	35	3	9	17	8	32	19	7	17
OG_262	2	1	1	1	0	1	1	1	1	1	0	0
OG_263	3	0	1	1	0	1	2	1	0	0	0	0
OG_264	14	11	6	2	0	0	7	0	0	2	0	0
OG_265	11	1	2	1	0	2	0	3	0	0	0	0
OG_266	1	1	0	0	0	2	1	0	1	1	0	0
OG_267	1	1	1	1	1	1	1	1	1	2	1	0
OG_268	86	14	42	43	7	32	61	25	7	18	0	0
OG_269	28	40	4	26	0	45	20	7	15	0	17	0
OG_270	1	2	1	2	1	1	1	1	0	1	1	1
OG_271	220	685	9	360	9	252	34	17	177	19	42	0
OG_272	1	4	1	2	0	1	1	1	0	0	0	0
OG_273	1	1	2	1	1	2	2	2	1	1	4	1
OG_274	1	1	1	1	1	1	0	1	1	1	0	1
OG_275	3	7	0	3	0	2	2	1	1	2	0	0
OG_276	1	0	1	0	0	1	1	1	0	0	0	0
OG_277	3	2	3	1	0	4	2	2	0	0	0	0
OG_278	1	21	3	1	1	1	1	3	1	5	1	1
OG_279	1	1	1	1	0	1	1	1	1	1	0	0
OG_280	11	6	0	5	0	0	4	0	0	0	0	4
OG_281	2	4	3	2	1	2	2	2	1	2	2	0
OG_282	4	3	3	2	0	5	4	6	1	4	0	1
OG_283	1	1	2	1	1	1	1	1	1	0	1	1
OG_284	3	0	1	0	0	0	0	0	0	0	0	0
OG_285	28	25	9	8	11	3	6	1	28	2	5	1
OG_286	1	1	1	2	1	2	1	1	1	1	2	1
OG_287	1	1	2	1	1	1	2	1	1	2	0	0
OG_288	1	1	1	1	1	1	1	1	2	2	1	1
OG_289	37	0	1	4	6	0	6	0	11	4	0	0
OG_290	46	0	0	10	5	0	0	1	8	4	22	5
OG_291	1	4	1	1	1	1	1	1	1	1	1	2
OG_292	1	1	1	1	1	1	1	1	1	1	2	1
OG_293	2	1	1	1	0	1	2	1	1	2	0	1
OG_294	3	1	1	1	1	1	1	1	2	3	3	2
OG_295	206	395	29	72	44	81	15	3	86	14	3	21
OG_296	37	9	26	17	1	10	11	10	1	1	1	1
OG_297	3	4	4	2	1	3	4	3	2	3	4	0
OG_298	1	1	1	1	0	1	1	1	0	1	0	0
OG_299	9	9	4	2	0	4	5	4	5	7	1	0
OG_300	1	1	0	1	1	1	2	1	1	1	1	1
OG_301	4	0	1	2	0	3	3	3	1	1	0	1
OG_302	1	1	1	1	5	1	1	1	1	6	3	0
OG_303	1	1	0	1	0	1	1	0	0	1	0	0
OG_304	1	1	1	1	1	1	1	1	1	2	1	0
OG_305	2	1	0	1	0	0	0	0	0	0	0	0
OG_306	67	148	1	29	6	13	20	0	60	1	39	36
OG_307	1	1	1	1	0	1	1	1	1	1	0	1
OG_308	2	1	1	1	0	1	1	1	1	0	0	0
OG_309	4	0	1	1	0	6	1	1	1	1	0	0
OG_310	2	0	2	2	0	2	3	4	1	1	0	4
OG_311	1	1	0	1	0	1	1	1	0	0	0	0
OG_312	1	1	1	1	0	1	1	0	0	0	0	0
OG_313	8	6	11	11	10	9	10	9	3	15	5	1
OG_314	1	1	1	1	2	1	1	1	1	1	3	1
OG_315	2	1	0	2	1	1	2	1	2	1	2	1
OG_316	1	0	1	1	0	1	1	1	0	0	0	0
OG_317	3	1	1	9	1	1	3	1	1	1	0	1
OG_318	1	1	4	1	0	1	2	2	1	1	0	0
OG_319	1	1	3	1	0	2	1	1	1	1	0	0
OG_320	1	1	2	1	1	1	1	2	1	3	1	1
OG_321	4	5	4	4	5	3	5	3	3	7	3	36
OG_322	1	1	2	0	0	1	4	1	1	1	0	0
OG_323	6	1	0	0	0	0	2	0	0	0	0	0
OG_324	1	1	2	1	1	1	2	1	1	3	1	1
OG_325	1	1	1	3	1	1	1	1	1	2	1	1
OG_326	2	1	2	1	2	1	1	3	5	1	2	2
OG_327	1	2	2	1	4	1	1	2	1	1	1	2
OG_328	53	11	46	20	3	19	37	65	4	22	6	2
OG_329	9	8	9	10	9	11	4	3	5	1	3	7
OG_330	1	0	1	1	0	1	2	1	0	0	0	0
OG_331	21	1	19	0	16	8	8	4	1	3	4	12
OG_332	1	1	1	3	2	1	2	1	1	1	1	1
OG_333	1	1	4	1	3	1	1	4	1	0	1	1
OG_334	9	1	1	1	0	1	2	1	0	0	0	0
OG_335	1	1	3	2	1	1	2	1	1	1	0	1
OG_336	1	1	1	1	2	1	1	1	1	2	2	3
OG_337	1	1	1	1	1	1	1	1	1	1	2	2
OG_338	1	9	1	2	1	1	1	1	1	2	1	2
OG_339	3	2	1	3	1	1	2	2	7	4	2	5
OG_340	1	1	1	1	0	1	1	2	1	1	0	0
OG_341	2	4	1	3	1	1	1	1	1	1	1	1
OG_342	2	1	2	1	1	1	1	1	1	1	1	0
OG_343	18	16	19	16	2	13	13	14	15	7	1	2
OG_344	1	1	1	1	1	1	1	1	1	1	1	1
OG_345	1	1	2	1	1	1	1	1	1	2	1	1
OG_346	1	1	1	1	1	1	1	1	1	1	1	3
OG_347	1	1	3	3	2	1	1	3	2	1	1	4
OG_348	3	1	4	6	2	1	1	1	3	6	3	1
OG_349	1	1	1	1	1	1	3	1	1	1	1	1
OG_350	1	1	1	1	1	1	1	1	1	1	4	1
OG_351	1	1	1	1	1	1	1	1	2	1	2	1
OG_352	1	1	1	1	11	1	1	2	1	1	2	1
OG_353	1	1	3	1	4	1	1	2	1	4	1	1
OG_354	1	1	2	1	0	1	1	1	1	0	0	1
OG_355	5	5	6	1	2	1	1	5	3	4	3	3
OG_356	1	1	2	1	0	1	1	1	0	0	0	0
OG_357	1	1	0	1	2	1	1	1	1	3	0	1
OG_358	1	1	0	1	0	1	1	1	1	2	0	0
OG_359	1	2	1	2	1	1	1	1	1	1	0	1
OG_360	17	11	4	14	5	7	11	4	13	8	1	1
OG_361	1	1	1	1	7	1	1	1	1	0	1	2
OG_362	4	0	0	0	3	0	0	0	9	3	2	5
OG_363	2	1	1	1	2	1	2	4	1	1	1	1
OG_364	1	1	1	1	1	1	1	1	2	1	1	3
OG_365	1	1	1	1	3	1	1	2	1	1	1	1
OG_366	1	1	1	1	1	1	1	2	1	1	0	0
OG_367	1	1	1	1	1	1	1	1	1	1	5	1
OG_368	1	1	1	1	1	1	2	1	3	1	1	3
OG_369	1	1	5	1	0	1	1	8	1	4	0	0
OG_370	5	18	0	5	0	0	0	0	1	0	0	0
OG_371	1	1	1	1	4	1	1	1	1	1	0	1
OG_372	1	2	1	1	2	1	1	1	1	1	1	1
OG_373	1	2	1	1	1	1	2	2	2	6	1	4
OG_374	2	1	1	2	1	2	2	1	1	1	1	2
OG_375	1	1	1	1	1	1	2	2	1	0	2	1
OG_376	1	2	1	1	3	1	1	1	1	7	0	1
OG_377	3	2	1	1	6	1	1	2	2	6	2	4
OG_378	1	2	0	1	1	1	1	1	1	1	1	0
OG_379	7	16	16	8	0	11	8	8	0	0	0	0
OG_380	1	1	1	0	0	0	1	1	1	0	0	0
OG_381	1	1	1	1	2	1	1	1	1	2	1	2
OG_382	1	1	1	1	3	1	1	1	1	0	1	1
OG_383	1	1	1	2	0	1	1	1	1	1	0	4
OG_384	1	1	0	1	1	1	1	0	1	2	1	1
OG_385	14	14	2	10	2	4	10	2	3	2	0	5
OG_386	2	1	1	1	1	1	4	1	1	2	1	1
OG_387	1	1	1	1	0	1	1	1	1	1	1	0
OG_388	1	1	1	1	0	1	1	1	0	1	0	1
OG_389	1	1	2	2	1	1	4	1	1	2	2	7
OG_390	2	1	2	1	2	1	1	1	2	1	1	1
OG_391	2	1	1	1	0	1	2	1	3	1	0	0
OG_392	1	1	2	2	1	1	1	1	1	2	1	0
OG_393	25	14	25	26	20	30	12	11	18	26	15	15
OG_394	1	1	1	1	1	1	1	1	2	1	3	1
OG_395	1	1	0	1	1	1	1	0	1	1	1	1
OG_396	1	1	1	1	3	1	1	1	1	1	2	1
OG_397	1	1	5	1	4	1	3	1	3	1	0	1
OG_398	4	0	1	2	0	1	2	1	1	2	0	0
OG_399	2	1	1	1	1	1	2	1	2	2	1	2
OG_400	1	1	4	1	3	1	1	6	1	12	4	2
OG_401	2	1	1	1	0	1	1	1	0	12	0	1
OG_402	1	1	1	1	0	2	0	0	0	0	0	0
OG_403	10	1	6	4	0	8	3	6	0	0	0	0
OG_404	9	4	0	1	0	4	9	1	0	0	0	0
OG_405	55	11	0	0	0	0	2	0	11	0	0	1
OG_406	44	18	14	29	10	12	27	21	28	22	3	33
OG_407	2	1	3	1	1	1	1	1	1	1	2	2
OG_408	1	1	1	1	1	2	1	1	1	1	1	2
OG_409	4	0	0	1	0	0	0	0	0	0	0	0
OG_410	2	1	2	7	1	2	1	2	0	0	1	0
OG_411	1	1	1	1	1	1	1	1	1	1	1	1
OG_412	3	1	2	2	0	2	2	2	4	4	0	1
OG_413	1	1	1	1	1	1	1	1	1	3	1	2
OG_414	1	1	2	1	2	2	2	1	1	4	1	2
OG_415	5	0	0	4	0	0	2	0	0	0	0	0
OG_416	1	1	2	1	0	1	1	1	0	1	0	0
OG_417	1	0	1	0	1	2	0	1	1	1	4	1
OG_418	9	0	4	2	0	4	2	5	0	0	0	0
OG_419	3	2	1	1	1	3	1	2	2	1	1	1
OG_420	4	1	10	4	0	5	1	1	0	0	0	0
OG_421	4	3	6	4	1	3	4	4	3	5	0	1
OG_422	3	2	2	2	3	1	1	1	2	1	1	1
OG_423	20	6	12	28	2	15	14	12	13	2	0	0
OG_424	2	0	5	0	0	2	2	2	0	0	0	0
OG_425	4	0	0	6	0	1	1	0	0	0	0	0
OG_426	3	2	1	2	1	1	2	1	1	1	1	2
OG_427	92	55	54	60	11	34	70	49	23	34	5	6
OG_428	59	25	87	41	14	43	69	24	32	31	2	3
OG_429	1	1	1	1	1	1	1	1	1	1	1	1
OG_430	7	7	2	6	0	2	7	2	3	4	0	4
OG_431	1	0	1	0	0	1	1	1	1	0	0	0
OG_432	3	0	0	0	0	1	2	0	0	0	0	0
OG_433	1	1	1	1	1	1	1	2	1	1	1	1
OG_434	1	1	3	1	2	2	1	1	1	1	1	1
OG_435	1	1	1	0	1	1	1	1	2	2	2	0
OG_436	1	1	1	1	0	1	0	0	0	0	0	0
OG_437	4	1	3	1	2	1	1	1	1	2	3	1
OG_438	1	1	1	1	0	1	1	1	0	1	0	0
OG_439	43	64	84	21	0	29	38	36	10	1	0	0
OG_440	2	1	1	1	3	1	1	1	1	1	2	1
OG_441	1	1	1	1	1	1	1	1	1	1	1	2
OG_442	1	2	1	1	0	1	0	1	1	1	0	0
OG_443	1	1	1	1	1	5	1	0	1	3	1	1
OG_444	29	17	46	23	25	26	30	17	14	11	12	3
OG_445	6	2	2	3	0	1	3	5	3	1	0	0
OG_446	2	2	4	2	0	3	2	4	1	2	0	5
OG_447	3	1	1	1	1	1	3	1	2	1	0	1
OG_448	1	1	1	1	2	1	2	3	1	2	1	1
OG_449	1	2	3	1	2	1	1	1	1	1	1	1
OG_450	1	1	1	1	0	1	1	1	2	1	0	0
OG_451	1	1	1	1	1	1	1	1	1	1	1	1
OG_452	49	26	11	21	1	12	43	15	2	6	3	5
OG_453	6	4	4	4	1	4	5	4	4	4	0	10
OG_454	1	1	1	1	1	1	1	1	1	1	2	1
OG_455	1	1	1	1	2	1	1	1	2	2	2	2
OG_456	1	1	1	3	0	1	1	1	1	1	0	0
OG_457	1	1	1	1	1	2	1	1	1	1	2	1
OG_458	1	1	2	3	0	1	6	1	0	0	0	0
OG_459	9	3	4	0	0	3	0	2	0	0	0	0
OG_460	8	0	0	0	0	0	1	0	0	0	0	0
OG_461	4	1	1	2	1	1	1	1	0	2	1	1
OG_462	2	2	8	3	0	2	10	9	0	1	0	2
OG_463	2	2	1	1	3	1	2	1	2	1	0	1
OG_464	4	1	1	2	4	3	2	2	2	4	1	2
OG_465	3	1	12	4	0	1	3	5	0	0	0	0
OG_466	1	1	3	1	0	1	1	2	2	1	0	0
OG_467	1	1	1	1	1	1	1	1	1	3	0	0
OG_468	2	2	2	1	6	1	2	2	1	4	6	0
OG_469	1	1	1	1	4	1	1	1	1	1	2	3
OG_470	40	13	16	15	24	22	29	19	24	28	11	9
OG_471	2	3	7	3	0	3	2	4	1	1	1	3
OG_472	1	1	2	1	2	1	1	2	1	1	2	1
OG_473	1	1	1	1	2	1	1	1	1	9	4	1
OG_474	3	1	3	2	15	4	5	4	3	4	3	1
OG_475	1	1	1	2	1	1	1	1	1	1	1	1
OG_476	1	1	4	4	3	2	1	2	2	3	1	2
OG_477	1	1	8	1	6	2	2	6	1	3	0	2
OG_478	1	2	2	1	1	1	1	1	1	1	2	1
OG_479	1	1	1	1	1	1	1	1	1	1	1	1
OG_480	1	1	2	1	1	1	1	1	2	0	1	1
OG_481	5	4	6	4	6	5	5	6	6	8	2	1
OG_482	1	1	1	1	1	2	2	1	1	1	1	1
OG_483	1	1	2	1	2	1	1	3	0	3	1	1
OG_484	1	1	1	1	1	1	2	1	1	1	0	1
OG_485	4	2	4	5	7	3	3	4	1	3	6	0
OG_486	1	2	2	1	3	1	1	1	1	1	0	1
OG_487	4	3	4	8	3	3	7	6	2	9	2	18
OG_488	1	1	1	1	0	1	1	1	1	1	0	1
OG_489	1	1	2	1	3	1	1	2	1	1	2	1
OG_490	1	0	1	1	0	1	1	1	0	0	0	0
OG_491	2	4	0	1	0	0	1	0	1	0	0	1
OG_492	1	1	1	2	1	1	1	1	0	1	0	0
OG_493	1	1	1	1	0	1	1	1	0	0	0	0
OG_494	1	1	1	1	0	1	1	1	0	0	0	0
OG_495	1	1	1	1	2	1	4	1	1	0	1	0
OG_496	1	1	1	1	1	1	1	1	1	1	1	0
OG_497	1	1	2	3	0	2	1	2	1	1	0	0
OG_498	2	1	3	0	0	2	4	2	0	0	0	0
OG_499	10	8	11	11	7	11	10	8	8	4	2	4
OG_500	6	17	9	13	0	1	13	3	10	3	39	57
OG_501	1	1	1	1	1	3	1	3	2	1	1	1
OG_502	37	0	0	7	0	0	7	0	8	0	0	15
OG_503	1	1	1	1	1	1	1	5	1	2	0	0
OG_504	1	0	0	1	0	1	1	0	0	0	0	0
OG_505	2	1	1	1	0	1	1	2	0	0	0	0
OG_506	2	1	1	1	6	8	1	1	1	1	0	0
OG_507	13	12	6	15	7	9	9	11	11	8	4	8
OG_508	1	1	1	1	1	1	1	1	1	0	2	1
OG_509	1	1	3	1	1	1	1	1	1	1	1	1
OG_510	1	1	2	1	3	1	1	1	2	1	0	1
OG_511	1	3	1	1	2	1	1	1	2	1	1	1
OG_512	1	1	1	1	1	1	1	1	1	1	2	1
OG_513	3	2	1	1	2	25	5	1	2	1	2	1
OG_514	1	7	0	0	0	0	4	0	2	0	0	0
OG_515	2	1	1	1	1	1	2	1	2	1	2	1
OG_516	1	2	2	2	0	1	1	1	1	1	0	2
OG_517	1	1	1	1	1	1	1	1	2	2	1	2
OG_518	1	1	1	1	1	1	1	1	1	2	1	1
OG_519	2	1	2	1	4	1	2	1	1	1	1	1
OG_520	1	1	1	1	1	1	1	1	1	8	4	1
OG_521	42	34	100	25	69	57	20	35	50	59	48	67
OG_522	1	1	2	1	0	1	3	2	1	1	0	1
OG_523	1	1	1	1	7	1	1	1	2	1	1	1
OG_524	1	3	4	1	2	1	2	1	1	1	2	1
OG_525	2	3	4	2	1	4	1	2	1	1	0	1
OG_526	1	1	4	1	4	1	1	5	1	2	0	1
OG_527	4	1	3	4	0	4	1	2	0	0	0	0
OG_528	1	1	0	0	0	1	1	1	0	0	0	0
OG_529	1	1	1	1	1	1	1	1	1	1	1	2
OG_530	1	1	1	1	5	1	1	1	1	1	0	0
OG_531	14	12	17	10	7	7	7	14	3	3	5	2
OG_532	1	1	1	1	1	1	1	1	1	3	2	1
OG_533	15	1	9	56	61	3	8	9	9	11	5	4
OG_534	1	1	2	1	2	1	1	1	1	1	3	1
OG_535	1	1	1	1	0	1	1	1	1	1	0	0
OG_536	1	1	1	1	1	1	1	1	1	2	1	1
OG_537	1	1	1	1	2	1	1	1	1	1	2	1
OG_538	1	1	1	1	2	1	1	1	1	1	7	0
OG_539	1	1	2	1	1	1	1	1	1	1	0	0
OG_540	1	1	3	1	0	1	0	0	0	1	0	0
OG_541	1	1	0	1	0	1	1	0	1	1	0	0
OG_542	1	1	0	1	0	1	1	0	1	1	0	1
OG_543	1	1	1	1	1	1	1	1	1	1	1	1
OG_544	2	3	2	1	2	1	2	1	1	1	1	1
OG_545	1	1	2	1	0	1	1	3	2	1	0	0
OG_546	1	1	2	1	3	1	1	1	2	1	2	0
OG_547	4	2	1	1	0	0	3	2	0	1	0	0
OG_548	17	2	2	11	1	2	6	2	3	6	5	6
OG_549	1	2	1	1	0	1	1	0	1	0	0	0
OG_550	1	1	3	3	0	3	1	1	2	7	0	4
OG_551	1	1	1	1	1	1	1	1	1	3	1	1
OG_552	2	0	3	1	0	2	2	2	0	0	0	0
OG_553	8	6	9	8	6	4	7	7	9	7	2	6
OG_554	1	3	2	1	1	1	2	1	1	1	2	1
OG_555	1	1	1	1	1	1	1	1	1	1	1	1
OG_556	1	0	1	1	0	1	1	1	1	1	0	1
OG_557	2	1	3	1	0	1	1	1	0	1	0	1
OG_558	7	6	9	8	3	7	7	10	5	7	0	2
OG_559	2	0	0	1	0	0	1	0	2	1	1	6
OG_560	1	1	1	1	2	1	1	1	1	2	2	1
OG_561	1	1	1	1	0	1	1	1	1	1	0	0
OG_562	2	2	1	1	4	1	1	1	1	2	2	1
OG_563	1	1	1	1	0	1	1	2	1	2	0	1
OG_564	1	1	2	1	0	1	2	1	1	3	0	0
OG_565	4	2	4	1	0	2	3	1	0	0	0	0
OG_566	1	0	1	2	0	2	0	0	0	0	0	0
OG_567	2	1	2	2	1	7	4	3	1	1	1	2
OG_568	2	1	1	2	2	1	1	1	3	1	4	1
OG_569	1	1	1	1	1	1	1	1	1	1	1	4
OG_570	2	1	2	1	1	1	1	1	2	1	1	1
OG_571	1	1	1	1	3	1	1	1	2	1	1	1
OG_572	3	0	1	3	0	1	0	0	0	0	3	1
OG_573	1	1	4	1	3	1	1	1	1	6	1	0
OG_574	2	1	1	1	1	1	1	1	1	2	1	1
OG_575	1	1	1	1	1	1	1	1	1	2	1	2
OG_576	1	1	1	0	0	1	2	1	1	2	0	0
OG_577	1	1	1	1	2	0	1	1	2	13	1	1
OG_578	29	4	8	26	0	17	12	12	4	14	0	1
OG_579	10	4	6	6	0	4	5	6	5	8	0	0
OG_580	39	21	45	56	13	48	30	19	19	17	36	21
OG_581	1	1	2	3	0	2	1	1	2	3	0	0
OG_582	10	3	2	3	0	2	5	2	1	3	0	0
OG_583	2	0	2	2	0	1	1	1	0	0	0	0
OG_584	1	1	2	1	2	3	1	0	1	3	0	0
OG_585	1	1	1	1	1	1	2	1	1	1	1	0
OG_586	1	1	0	1	0	1	0	1	1	1	0	0
OG_587	3	5	4	2	0	3	4	4	3	1	9	6
OG_588	1	1	1	1	0	1	1	1	2	1	0	0
OG_589	4	6	4	2	2	4	3	4	2	2	1	0
OG_590	1	1	1	1	1	1	1	1	1	1	1	1
OG_591	1	2	1	2	1	1	2	1	1	1	0	16
OG_592	1	3	1	1	1	1	1	1	1	1	1	1
OG_593	1	1	1	1	0	1	1	1	1	1	0	1
OG_594	1	1	1	1	2	1	2	1	1	1	1	1
OG_595	1	1	2	1	5	1	1	0	2	2	1	1
OG_596	2	13	8	9	0	3	8	4	2	10	0	3
OG_597	1	1	1	1	2	1	1	1	1	1	1	4
OG_598	1	3	1	1	0	1	1	1	1	1	0	0
OG_599	1	1	0	1	1	1	1	1	1	2	3	0
OG_600	2	1	1	1	0	1	1	1	1	1	0	0
OG_601	1	1	3	1	1	1	1	1	1	4	0	1
OG_602	2	4	1	3	1	1	1	1	2	2	2	1
OG_603	1	1	1	1	1	19	1	2	2	3	3	1
OG_604	1	1	1	1	1	1	5	1	2	2	0	1
OG_605	6	7	0	6	0	11	3	0	0	0	15	18
OG_606	29	0	0	1	3	0	0	0	0	1	0	0
OG_607	1	1	1	1	0	1	1	0	1	1	0	1
OG_608	2	1	5	2	0	2	1	2	3	1	0	0
OG_609	1	1	7	1	3	1	1	1	1	1	1	1
OG_610	1	0	2	2	2	1	1	1	1	3	1	1
OG_611	1	1	1	1	2	1	2	0	1	12	5	1
OG_612	1	1	1	1	0	1	1	0	1	1	0	0
OG_613	1	1	1	1	0	1	1	0	1	1	0	1
OG_614	1	1	1	1	2	1	1	0	1	5	0	0
OG_615	1	1	1	1	2	1	1	0	1	2	2	1
OG_616	1	1	1	4	3	2	2	2	0	2	2	1
OG_617	2	1	1	1	0	1	3	1	0	0	2	0
OG_618	1	1	1	1	0	1	2	1	1	1	0	0
OG_619	1	1	2	1	1	1	1	1	1	1	0	1
OG_620	1	1	2	2	1	1	2	1	1	1	1	1
OG_621	1	1	1	1	1	1	1	1	1	2	0	1
OG_622	1	1	2	1	2	1	1	1	1	1	0	1
OG_623	1	0	1	0	0	0	1	1	0	1	0	0
OG_624	21	0	0	14	1	2	8	4	0	0	0	0
OG_625	2	2	0	0	0	0	1	0	0	0	0	0
OG_626	10	7	2	4	6	4	12	9	2	1	3	2
OG_627	1	1	2	1	0	1	1	4	0	0	0	0
OG_628	1	1	0	1	0	0	0	0	0	0	0	0
OG_629	1	2	1	1	1	1	1	1	1	1	1	1
OG_630	1	4	2	1	1	1	1	1	1	1	0	1
OG_631	2	0	1	1	1	1	1	1	1	11	0	0
OG_632	2	1	1	1	1	1	2	1	1	2	2	2
OG_633	3	1	6	1	1	1	2	2	1	5	3	1
OG_634	3	1	9	1	0	4	1	4	1	3	0	1
OG_635	6	0	0	1	0	0	0	0	0	0	0	0
OG_636	3	4	2	4	0	3	3	3	3	4	0	0
OG_637	1	2	1	1	1	1	1	1	1	1	1	1
OG_638	1	1	1	1	3	1	1	1	1	11	1	2
OG_639	1	2	1	1	1	1	1	2	1	3	2	1
OG_640	1	2	1	1	1	1	1	1	4	3	1	1
OG_641	2	2	2	5	1	2	2	2	1	9	2	2
OG_642	1	1	1	1	0	1	1	1	0	1	0	0
OG_643	1	1	1	3	1	1	1	1	1	9	1	0
OG_644	3	1	1	1	1	1	1	1	1	3	1	2
OG_645	1	1	2	1	0	1	1	2	1	1	2	1
OG_646	1	1	1	1	2	1	2	1	1	1	1	2
OG_647	2	11	1	1	1	2	1	1	1	1	2	1
OG_648	3	1	1	3	1	1	2	2	1	1	1	3
OG_649	37	3	2	2	0	2	4	0	25	0	1	0
OG_650	1	1	1	1	0	1	1	1	1	1	0	1
OG_651	1	1	1	1	2	1	1	1	1	1	1	1
OG_652	1	1	1	1	1	1	1	1	2	2	3	3
OG_653	4	4	3	3	1	3	5	3	3	3	0	1
OG_654	1	1	0	1	0	3	1	1	0	0	0	0
OG_655	6	1	4	4	0	3	4	2	1	0	0	0
OG_656	1	1	1	1	0	2	2	1	2	1	0	0
OG_657	3	1	1	1	0	1	1	1	0	0	0	0
OG_658	5	2	4	2	1	2	2	3	7	5	1	2
OG_659	1	3	1	1	0	1	1	1	2	0	0	0
OG_660	1	4	5	1	1	1	1	4	1	3	10	2
OG_661	177	345	25	108	46	127	28	8	37	12	121	9
OG_662	2	0	0	0	0	0	0	0	1	0	0	0
OG_663	1	1	1	1	1	1	3	1	1	2	1	1
OG_664	1	1	1	1	1	1	1	1	1	1	1	1
OG_665	1	1	1	1	1	1	3	1	1	1	2	1
OG_666	1	1	1	1	1	1	1	1	0	1	1	2
OG_667	1	1	1	1	1	1	3	1	1	4	1	1
OG_668	3	1	1	1	2	1	5	1	1	2	2	1
OG_669	1	0	1	3	1	1	1	1	1	3	3	1
OG_670	1	1	6	1	3	1	1	1	1	1	0	1
OG_671	1	1	1	1	1	1	1	2	1	1	1	3
OG_672	1	1	1	1	0	1	1	1	1	0	0	1
OG_673	1	2	1	1	1	1	1	0	1	2	0	1
OG_674	1	1	1	1	1	1	1	0	1	1	1	1
OG_675	1	1	5	1	1	2	1	2	2	3	1	1
OG_676	1	1	1	1	1	1	1	1	1	1	2	2
OG_677	1	1	1	1	2	1	1	3	3	1	1	1
OG_678	40	7	2	29	6	2	7	0	6	9	4	0
OG_679	1	1	1	1	1	1	1	1	1	1	1	1
OG_680	15	8	9	8	1	4	6	10	2	3	4	1
OG_681	3	2	5	2	5	2	2	3	1	0	2	2
OG_682	1	1	1	1	0	1	1	1	2	1	0	0
OG_683	1	1	1	1	2	1	1	1	1	1	2	1
OG_684	3	1	3	1	3	1	2	2	2	2	1	1
OG_685	1	2	1	1	0	2	1	1	5	1	1	1
OG_686	1	1	2	1	1	2	2	1	2	1	1	2
OG_687	122	30	128	53	40	56	28	87	66	20	16	24
OG_688	3	2	3	2	0	2	3	5	1	1	0	0
OG_689	1	1	2	6	1	1	1	1	1	1	1	1
OG_690	1	1	3	1	0	1	1	0	1	1	0	0
OG_691	1	1	1	0	0	1	1	1	1	1	0	0
OG_692	5	1	1	1	3	1	1	1	1	4	1	1
OG_693	8	0	2	0	0	7	8	3	0	0	0	0
OG_694	1	2	1	1	1	1	1	1	2	3	2	1
OG_695	1	0	1	1	0	0	1	1	2	0	0	0
OG_696	1	1	2	1	1	1	1	1	1	1	2	1
OG_697	1	1	0	1	0	1	1	0	1	1	0	0
OG_698	2	1	1	1	0	1	1	1	1	2	0	0
OG_699	2	2	2	3	2	2	5	2	2	3	2	1
OG_700	1	1	2	1	0	1	1	1	0	1	0	0
OG_701	2	2	7	2	0	2	2	5	2	3	0	1
OG_702	1	1	2	1	4	1	1	1	3	1	0	1
OG_703	1	1	2	1	4	1	1	1	1	1	3	1
OG_704	1	2	2	1	0	1	1	1	1	1	0	1
OG_705	2	1	2	2	2	2	2	1	1	1	1	0
OG_706	3	1	1	1	4	1	4	1	1	1	1	2
OG_707	1	1	1	1	1	1	1	1	1	1	3	1
OG_708	6	6	9	5	5	6	9	10	7	11	1	3
OG_709	1	3	1	1	1	1	1	2	1	1	1	1
OG_710	3	2	5	3	0	2	4	6	0	0	0	0
OG_711	1	1	1	1	1	1	1	1	1	1	0	1
OG_712	1	1	1	1	0	1	1	2	1	1	2	1
OG_713	1	1	1	1	2	1	1	1	1	1	1	2
OG_714	1	1	1	1	1	1	1	1	1	1	1	1
OG_715	1	1	1	1	1	1	3	1	1	3	4	5
OG_716	1	1	1	1	1	2	1	1	1	1	2	1
OG_717	8	2	11	4	0	6	2	4	0	0	3	4
OG_718	1	2	1	1	6	1	1	2	1	2	3	2
OG_719	1	1	2	1	1	1	2	2	1	1	1	1
OG_720	12	2	0	2	0	3	10	1	0	1	0	5
OG_721	1	1	2	0	2	1	1	1	0	3	2	0
OG_722	1	1	1	2	0	2	1	0	1	1	0	0
OG_723	1	2	0	3	0	0	0	0	0	0	0	0
OG_724	1	1	1	1	0	1	1	1	1	1	0	0
OG_725	2	1	1	1	1	1	1	1	1	3	1	1
OG_726	1	4	1	1	1	1	2	1	1	1	1	1
OG_727	1	1	2	1	2	1	2	2	2	1	2	3
OG_728	3	1	2	1	0	1	3	1	0	0	0	0
OG_729	2	2	2	1	3	1	1	1	3	1	3	1
OG_730	1	1	1	0	0	1	1	1	0	0	0	0
OG_731	1	1	0	1	1	1	1	1	0	1	1	1
OG_732	5	3	8	3	6	4	5	4	4	3	0	0
OG_733	1	1	6	1	1	1	1	2	1	1	0	2
OG_734	9	16	2	10	5	0	0	1	3	0	0	0
OG_735	1	2	1	2	0	1	2	1	1	0	0	1
OG_736	1	1	1	1	2	1	1	1	1	1	1	1
OG_737	1	0	1	1	1	1	1	1	1	2	1	1
OG_738	2	1	2	1	1	1	1	2	2	1	0	1
OG_739	7	0	5	2	0	2	1	5	0	0	0	0
OG_740	2	2	2	2	1	2	2	2	3	3	1	4
OG_741	1	0	2	1	0	1	1	3	0	2	0	0
OG_742	3	1	7	3	4	2	1	5	1	4	1	2
OG_743	1	1	1	1	1	1	1	1	1	1	1	0
OG_744	1	1	1	2	1	1	2	1	1	1	4	1
OG_745	1	2	1	1	3	1	1	1	0	1	0	1
OG_746	1	1	1	1	1	1	1	1	1	1	2	1
OG_747	1	2	2	1	1	1	1	1	1	1	1	0
OG_748	1	1	1	1	2	1	1	1	1	4	1	1
OG_749	13	8	13	23	14	11	9	10	34	44	1	18
OG_750	1	1	1	1	1	1	1	2	1	3	3	1
OG_751	1	2	1	1	3	1	2	1	1	1	0	1
OG_752	5	1	1	1	1	1	1	1	1	1	1	1
OG_753	1	1	1	1	0	1	1	1	1	1	0	1
OG_754	1	1	2	1	3	1	2	2	1	1	0	1
OG_755	1	1	1	1	0	1	1	2	0	1	0	1
OG_756	1	1	1	1	1	1	1	1	1	2	2	1
OG_757	1	1	1	1	0	1	1	1	0	0	0	0
OG_758	1	1	1	1	1	1	1	1	3	1	2	1
OG_759	2	1	2	3	0	1	4	1	0	1	0	0
OG_760	5	2	11	6	0	13	2	3	0	0	0	0
OG_761	1	1	1	1	1	1	2	1	1	1	2	1
OG_762	2	1	1	1	1	1	1	1	1	3	1	1
OG_763	1	1	1	1	1	1	1	1	1	1	2	1
OG_764	1	5	2	1	5	1	1	1	1	2	1	2
OG_765	19	9	33	12	0	5	18	14	0	1	0	2
OG_766	2	2	1	2	0	1	2	2	2	2	0	1
OG_767	17	25	12	30	1	12	5	6	6	5	0	44
OG_768	1	2	1	1	1	1	1	1	1	1	1	1
OG_769	28	2	5	5	9	5	3	4	7	3	1	5
OG_770	1	1	1	1	1	1	1	1	1	1	1	1
OG_771	2	1	1	1	0	2	2	2	0	1	3	2
OG_772	1	1	1	1	2	1	3	1	0	1	2	0
OG_773	1	1	1	1	1	1	1	1	1	0	1	0
OG_774	1	1	1	1	1	1	1	1	3	1	1	1
OG_775	1	1	0	1	0	1	1	1	0	0	3	0
OG_776	1	1	1	2	2	1	1	1	1	2	4	1
OG_777	1	1	0	1	0	0	1	0	1	3	0	0
OG_778	1	1	1	2	1	1	1	1	1	1	1	0
OG_779	1	0	1	1	1	1	1	1	1	1	1	1
OG_780	1	2	1	1	10	1	1	1	1	1	2	1
OG_781	2	2	1	1	0	1	1	1	1	1	0	1
OG_782	1	2	1	1	1	1	1	1	1	2	1	1
OG_783	1	1	2	1	1	1	1	0	1	2	3	1
OG_784	1	1	2	1	2	1	1	1	4	1	2	1
OG_785	3	0	3	8	2	3	3	3	7	5	2	3
OG_786	3	3	4	3	2	3	4	3	2	14	1	31
OG_787	5	1	3	5	0	1	3	2	18	5	0	0
OG_788	1	1	0	1	0	1	1	0	1	2	0	0
OG_789	1	1	2	1	1	1	2	1	1	1	1	3
OG_790	1	2	0	2	0	1	3	0	1	0	0	0
OG_791	1	1	1	1	1	1	1	1	1	1	1	1
OG_792	1	1	1	1	0	1	1	1	0	0	0	0
OG_793	1	1	1	2	0	1	1	1	1	1	0	2
OG_794	1	1	1	1	1	1	1	1	1	1	1	1
OG_795	3	2	3	1	2	1	2	1	0	1	1	0
OG_796	1	1	1	1	1	1	1	1	1	1	1	1
OG_797	1	1	4	1	4	2	1	1	1	1	2	1
OG_798	2	1	1	1	0	2	1	1	1	0	0	0
OG_799	4	1	3	2	10	2	3	2	1	2	1	1
OG_800	3	2	1	3	3	1	2	1	2	3	3	1
OG_801	1	0	2	2	0	1	1	1	0	1	0	3
OG_802	2	2	1	1	1	1	2	1	1	1	1	1
OG_803	1	1	1	1	1	1	1	2	1	5	0	2
OG_804	1	2	1	1	1	1	1	1	2	2	0	1
OG_805	2	2	3	3	1	2	2	1	2	3	1	0
OG_806	1	1	1	2	1	1	1	0	1	1	1	1
OG_807	1	0	1	0	0	1	1	1	0	0	0	0
OG_808	1	1	4	3	7	1	1	3	3	4	1	1
OG_809	1	1	1	1	0	1	1	2	1	1	0	1
OG_810	1	0	5	1	2	0	1	6	0	5	0	2
OG_811	2	1	2	1	2	1	1	3	1	4	2	1
OG_812	1	2	1	3	3	1	3	2	1	1	2	1
OG_813	1	1	2	2	1	1	1	3	2	3	0	1
OG_814	2	1	2	1	2	1	1	1	1	1	1	2
OG_815	1	1	1	1	1	1	1	1	1	1	2	1
OG_816	1	1	1	1	2	1	1	1	1	2	0	0
OG_817	1	1	2	1	0	1	1	1	1	4	4	0
OG_818	1	1	2	1	4	1	1	1	2	1	0	1
OG_819	1	1	1	1	1	1	1	1	1	1	1	1
OG_820	1	1	1	1	1	1	3	3	1	1	3	1
OG_821	1	1	1	1	2	1	1	1	1	1	1	0
OG_822	2	2	3	9	1	1	2	5	1	6	0	1
OG_823	30	16	16	25	0	21	24	19	8	14	6	14
OG_824	1	1	4	1	4	1	1	1	1	3	0	1
OG_825	1	0	1	1	0	1	1	1	2	1	0	0
OG_826	1	1	1	1	0	1	1	1	1	1	0	1
OG_827	2	1	1	1	1	1	1	1	1	1	1	2
OG_828	1	1	1	1	0	1	1	1	0	1	0	0
OG_829	1	1	1	0	0	0	1	1	0	0	0	0
OG_830	1	0	1	1	0	1	1	1	1	3	0	0
OG_831	1	1	1	1	1	1	1	1	2	1	1	1
OG_832	1	1	5	1	1	1	1	1	1	5	1	1
OG_833	1	0	1	1	0	1	1	1	0	0	0	1
OG_834	2	1	1	2	1	1	1	1	1	1	1	6
OG_835	1	2	1	1	1	1	1	1	1	1	1	1
OG_836	3	1	1	1	1	1	1	1	1	1	1	0
OG_837	6	2	9	5	0	7	3	4	0	0	0	0
OG_838	1	2	3	1	0	1	1	4	1	2	1	1
OG_839	1	1	1	1	1	1	1	2	2	1	1	0
OG_840	1	1	2	1	1	1	1	1	1	1	1	1
OG_841	1	1	1	1	6	1	1	1	2	2	1	1
OG_842	1	6	2	2	0	2	2	2	0	0	0	6
OG_843	1	2	1	1	0	0	1	2	0	0	0	1
OG_844	1	8	1	0	0	0	1	1	0	1	0	0
OG_845	1	1	0	1	0	5	1	1	0	1	0	0
OG_846	53	53	1	58	21	0	1	0	33	1	104	20
OG_847	17	1	0	3	0	0	1	0	3	4	2	3
OG_848	1	1	2	1	0	1	1	1	1	1	0	2
OG_849	1	3	0	0	0	0	0	0	2	0	0	1
OG_850	2	3	0	2	0	0	0	0	1	0	0	0
OG_851	1	1	1	1	4	1	1	1	1	1	1	0
OG_852	1	1	2	1	1	1	1	2	2	7	3	1
OG_853	1	1	1	1	2	1	1	1	1	1	3	1
OG_854	2	3	7	1	0	2	2	1	4	1	0	1
OG_855	2	3	2	2	2	1	2	1	1	3	0	1
OG_856	1	3	3	1	0	1	2	1	1	1	0	0
OG_857	2	1	3	1	5	1	1	3	1	1	2	0
OG_858	1	3	2	1	1	1	1	1	1	1	1	2
OG_859	1	1	1	1	4	1	1	1	0	1	0	0
OG_860	1	1	1	1	1	2	1	1	2	2	0	2
OG_861	2	1	1	7	1	2	1	2	0	2	1	1
OG_862	5	1	1	1	0	1	3	2	1	2	0	0
OG_863	1	1	1	1	1	1	1	1	1	1	1	1
OG_864	1	1	2	1	1	1	2	2	1	5	2	1
OG_865	1	2	4	1	0	1	1	1	2	1	0	1
OG_866	1	1	1	1	1	1	1	1	1	0	0	1
OG_867	1	1	1	1	0	1	1	1	0	1	0	0
OG_868	1	1	1	1	6	1	1	1	1	1	1	1
OG_869	2	1	1	1	1	1	2	1	1	1	0	0
OG_870	1	1	1	1	1	1	3	2	1	1	0	1
OG_871	5	4	4	9	6	4	3	4	5	9	5	3
OG_872	1	3	2	1	1	1	1	1	0	1	1	0
OG_873	1	1	1	1	1	2	1	3	2	2	1	1
OG_874	1	1	1	1	1	1	4	1	1	1	0	1
OG_875	1	1	1	1	3	1	1	3	0	2	0	2
OG_876	3	1	1	1	3	1	3	1	3	1	2	11
OG_877	1	0	0	1	0	0	1	0	5	2	0	0
OG_878	3	1	9	1	0	3	3	5	2	2	0	0
OG_879	1	0	3	0	0	3	1	1	0	0	0	0
OG_880	2	2	4	1	2	1	2	3	1	1	3	1
OG_881	2	0	0	2	0	1	5	1	0	0	0	0
OG_882	1	0	4	1	0	1	1	1	1	1	0	1
OG_883	1	2	1	2	2	1	1	2	2	1	2	1
OG_884	1	1	1	1	1	1	1	2	1	5	1	1
OG_885	2	1	1	1	1	1	2	1	2	0	1	1
OG_886	4	5	3	3	2	2	3	2	2	2	9	1
OG_887	1	1	2	1	3	1	1	1	1	1	1	1
OG_888	1	2	3	1	6	1	1	2	0	1	0	0
OG_889	1	1	1	1	1	1	2	1	1	1	2	1
OG_890	2	1	1	1	0	1	1	1	2	1	0	2
OG_891	3	1	2	1	1	1	1	1	1	1	1	1
OG_892	6	2	2	1	2	2	4	3	1	0	0	0
OG_893	1	0	1	1	0	1	1	1	1	1	0	0
OG_894	1	1	1	1	2	1	3	1	3	1	4	3
OG_895	1	1	2	1	0	1	1	1	0	2	0	1
OG_896	1	1	1	1	1	1	1	1	1	1	1	2
OG_897	2	1	2	1	3	2	1	4	1	1	0	0
OG_898	2	6	3	2	0	2	3	2	2	1	0	1
OG_899	99	29	86	60	14	75	55	76	19	23	7	7
OG_900	1	1	1	1	1	1	1	1	1	1	1	1
OG_901	1	1	2	1	2	1	1	1	3	3	1	2
OG_902	1	1	2	1	1	1	1	2	1	1	0	1
OG_903	2	1	5	1	0	1	2	6	0	10	0	1
OG_904	23	7	1	11	0	7	5	0	10	0	6	0
OG_905	1	1	1	1	1	1	1	1	1	1	1	1
OG_906	1	1	1	1	1	1	1	2	1	1	1	1
OG_907	2	1	1	1	1	1	1	1	0	2	1	1
OG_908	1	1	2	1	1	1	1	1	1	1	1	1
OG_909	1	1	1	1	3	1	1	1	1	4	0	0
OG_910	1	0	1	1	0	1	1	1	2	1	0	0
OG_911	118	47	5	20	25	5	5	3	15	10	17	1
OG_912	2	1	0	1	0	2	2	1	1	1	0	0
OG_913	1	1	2	1	1	1	1	1	1	1	1	3
OG_914	1	1	1	3	1	1	1	1	1	4	2	0
OG_915	1	1	1	1	1	1	1	1	2	1	1	0
OG_916	1	1	2	1	0	2	1	2	1	1	0	0
OG_917	1	1	1	1	2	1	1	1	1	1	2	2
OG_918	1	2	3	1	0	1	1	1	2	1	0	0
OG_919	9	5	4	4	0	8	6	6	0	4	1	1
OG_920	2	1	1	1	3	1	1	1	1	2	0	1
OG_921	18	8	4	7	0	8	10	5	6	3	1	32
OG_922	1	1	1	1	1	1	1	1	1	1	1	1
OG_923	25	10	3	2	11	14	11	1	9	14	1	2
OG_924	2	2	0	1	0	3	3	0	0	0	0	0
OG_925	1	1	1	1	0	1	1	1	1	1	0	0
OG_926	1	1	3	1	1	1	1	2	1	1	2	1
OG_927	1	1	3	1	0	1	1	1	0	0	0	0
OG_928	1	1	2	1	1	1	1	2	2	7	1	1
OG_929	1	2	1	1	0	1	1	1	1	5	0	1
OG_930	1	1	5	1	0	1	2	1	1	0	0	0
OG_931	1	1	1	1	0	2	1	1	0	1	0	0
OG_932	4	3	6	4	3	4	4	4	3	4	3	1
OG_933	1	1	1	1	3	1	1	1	2	1	2	2
OG_934	3	2	2	2	1	3	4	6	2	6	1	1
OG_935	1	1	1	1	3	1	1	1	1	8	1	1
OG_936	1	1	2	1	0	1	0	1	1	1	0	2
OG_937	1	1	1	1	3	1	1	2	1	1	1	1
OG_938	2	1	1	1	0	1	3	1	1	1	0	0
OG_939	1	1	0	1	0	1	1	1	0	1	0	0
OG_940	1	1	1	1	0	1	2	1	1	1	0	0
OG_941	59	45	17	20	7	13	12	18	4	0	0	24
OG_942	1	1	1	1	1	3	1	3	1	1	1	1
OG_943	1	1	1	1	1	1	1	1	1	1	1	1
OG_944	40	0	0	1	0	0	3	0	8	1	1	0
OG_945	78	44	54	37	11	38	50	46	74	86	8	17
OG_946	6	3	2	6	4	3	6	3	1	3	2	3
OG_947	1	1	1	1	5	1	1	1	1	3	0	1
OG_948	8	7	7	16	19	6	7	4	7	6	4	0
OG_949	1	2	1	1	2	1	1	1	1	0	1	0
OG_950	1	2	10	2	0	5	4	8	2	5	0	4
OG_951	1	1	1	1	0	1	1	1	2	1	0	4
OG_952	1	1	1	1	1	1	1	1	1	1	1	7
OG_953	5	0	0	1	0	6	0	1	1	0	1	2
OG_954	1	1	1	1	2	1	1	1	1	1	1	1
OG_955	1	0	1	1	0	1	1	0	1	1	0	0
OG_956	1	1	1	1	1	1	2	1	1	1	0	1
OG_957	1	2	1	1	0	0	1	1	1	1	0	0
OG_958	1	1	1	1	1	1	1	1	0	1	1	0
OG_959	1	1	1	1	3	1	1	1	2	1	3	1
OG_960	3	1	1	1	0	1	2	2	0	1	0	0
OG_961	1	1	1	1	1	1	1	1	1	1	1	1
OG_962	1	1	1	1	1	1	0	1	1	1	1	5
OG_963	1	0	1	1	1	1	1	2	1	1	1	1
OG_964	1	1	2	1	0	0	1	1	1	1	0	8
OG_965	1	1	1	1	1	1	1	1	1	1	1	1
OG_966	1	5	1	1	0	1	1	1	0	1	0	0
OG_967	2	1	1	0	0	1	1	1	0	0	0	0
OG_968	1	1	3	1	2	1	2	1	1	0	1	1
OG_969	6	5	0	3	0	0	2	0	0	0	0	0
OG_970	1	1	1	1	0	1	1	1	1	1	0	0
OG_971	102	6	43	8	17	10	24	41	0	0	1	4
OG_972	1	1	1	1	0	1	1	1	0	1	0	0
OG_973	1	1	1	1	1	1	1	1	2	7	0	0
OG_974	1	2	1	1	2	1	1	1	6	1	1	1
OG_975	1	3	1	1	1	1	1	1	1	3	1	2
OG_976	2	1	1	2	1	2	1	3	1	1	1	2
OG_977	2	2	2	2	0	2	2	2	2	1	0	0
OG_978	2	2	2	2	1	2	3	2	2	3	1	1
OG_979	10	1	3	4	1	1	3	3	8	1	8	3
OG_980	27	40	3	28	8	14	1	1	6	0	0	0
OG_981	3	2	9	3	5	3	3	3	3	2	1	0
OG_982	1	1	1	1	0	1	1	1	0	0	0	0
OG_983	1	1	3	1	1	1	1	1	1	1	3	1
OG_984	1	1	1	1	0	1	2	1	1	1	0	1
OG_985	2	0	1	1	0	2	2	1	0	0	0	0
OG_986	6	5	5	5	4	4	5	6	2	7	0	0
OG_987	67	159	5	73	27	20	21	2	35	5	0	9
OG_988	1	1	2	1	2	1	1	1	2	2	13	8
OG_989	1	0	0	0	0	0	1	0	1	1	0	0
OG_990	18	7	23	17	2	20	7	27	10	23	2	4
OG_991	1	1	2	1	2	1	1	1	2	1	1	10
OG_992	2	1	1	1	1	1	0	1	1	2	4	1
OG_993	3	2	1	1	2	1	2	1	1	1	1	1
OG_994	1	1	1	1	1	1	1	1	1	0	1	4
OG_995	1	1	2	1	0	1	1	2	1	1	0	2
OG_996	1	1	1	1	1	1	1	1	1	1	3	1
OG_997	1	1	1	1	2	2	2	6	1	1	1	2
OG_998	1	1	1	1	2	1	1	1	1	3	1	1
OG_999	1	1	2	1	1	1	1	1	3	1	1	0
OG_1000	2	4	5	3	1	3	3	6	1	4	1	0
OG_1001	1	1	1	1	1	2	1	1	1	1	1	0
OG_1002	1	1	1	1	1	1	1	1	1	0	2	1
OG_1003	1	1	1	1	0	1	1	1	2	4	0	0
OG_1004	1	1	2	1	0	1	1	2	1	1	0	1
OG_1005	1	1	3	1	0	1	1	1	0	1	0	0
OG_1006	1	1	1	11	4	2	1	1	1	3	1	1
OG_1007	1	1	1	3	1	1	2	0	1	1	0	1
OG_1008	1	1	1	1	1	1	2	2	1	1	1	1
OG_1009	1	1	1	1	1	1	1	0	1	1	0	1
OG_1010	1	1	1	4	1	1	1	1	2	1	0	1
OG_1011	72	21	34	51	22	17	23	27	35	28	3	14
OG_1012	4	0	1	6	0	2	2	2	0	0	0	0
OG_1013	1	1	2	1	3	1	1	1	1	1	0	0
OG_1014	1	1	1	1	1	1	1	1	2	6	1	3
OG_1015	2	1	1	1	1	1	1	1	1	1	1	1
OG_1016	1	1	1	1	1	1	1	1	1	1	1	1
OG_1017	1	1	1	1	0	1	1	1	1	2	0	0
OG_1018	1	1	1	1	0	1	1	1	3	1	0	0
OG_1019	1	0	0	1	0	1	1	0	0	0	0	0
OG_1020	1	1	1	1	0	1	0	1	0	2	0	0
OG_1021	1	1	1	1	1	1	1	1	1	1	1	1
OG_1022	2	1	1	2	1	1	1	1	4	1	1	2
OG_1023	1	1	1	1	2	1	1	3	3	4	0	0
OG_1024	1	1	0	1	0	1	1	0	1	0	0	1
OG_1025	1	1	2	1	0	1	0	2	0	0	0	1
OG_1026	1	1	1	1	1	1	1	1	2	1	4	2
OG_1027	5	3	5	5	0	2	4	4	1	0	0	5
OG_1028	7	2	1	1	0	4	7	1	9	2	0	10
OG_1029	2	1	1	1	2	1	2	2	0	1	5	2
OG_1030	1	2	2	2	0	1	2	2	1	1	0	0
OG_1031	1	1	1	1	2	1	1	1	2	1	1	4
OG_1032	1	1	1	1	1	1	1	1	1	1	1	1
OG_1033	1	1	1	1	1	1	1	1	1	1	1	0
OG_1034	1	1	1	1	1	1	2	1	1	1	0	1
OG_1035	1	1	1	1	0	1	1	1	0	0	0	0
OG_1036	2	1	3	1	1	1	1	3	1	0	1	1
OG_1037	11	0	0	0	0	0	1	0	0	0	0	0
OG_1038	1	1	1	1	2	1	1	2	2	1	1	2
OG_1039	1	1	1	0	0	1	1	3	1	1	0	0
OG_1040	1	1	1	1	1	1	1	1	1	0	1	2
OG_1041	1	1	2	1	3	1	1	1	1	1	2	1
OG_1042	1	1	0	1	0	1	1	0	1	1	0	1
OG_1043	4	0	0	6	0	0	1	0	2	0	0	0
OG_1044	1	1	4	1	3	1	1	1	1	3	1	2
OG_1045	1	2	1	1	1	1	2	1	2	2	1	1
OG_1046	1	1	0	1	0	1	1	1	1	0	0	0
OG_1047	1	0	1	1	2	1	1	1	3	3	1	1
OG_1048	5	4	6	6	0	6	5	7	4	7	0	3
OG_1049	1	1	1	1	1	1	1	3	1	1	1	1
OG_1050	15	2	8	9	0	7	10	9	1	1	0	0
OG_1051	4	2	7	5	6	3	3	1	2	5	2	4
OG_1052	3	1	3	1	1	2	3	3	3	2	4	0
OG_1053	39	100	1	40	0	15	2	2	13	5	4	1
OG_1054	1	1	4	1	2	1	1	2	1	1	6	1
OG_1055	1	1	1	1	0	1	1	1	0	0	0	0
OG_1056	1	1	5	1	2	1	1	3	2	3	1	2
OG_1057	2	2	2	1	2	3	1	2	1	1	2	8
OG_1058	1	1	1	1	0	1	1	1	0	3	0	0
OG_1059	2	1	1	1	1	1	1	2	1	3	0	1
OG_1060	1	1	1	1	1	1	1	1	1	5	3	1
OG_1061	1	1	1	1	1	1	1	1	1	1	1	1
OG_1062	1	0	4	2	3	1	0	3	1	1	5	5
OG_1063	2	1	1	1	0	1	2	1	1	1	1	1
OG_1064	1	1	2	1	0	1	1	2	1	0	0	0
OG_1065	1	1	2	1	1	1	1	1	1	1	0	1
OG_1066	1	1	3	1	1	1	1	1	2	4	2	1
OG_1067	1	1	1	1	1	1	1	1	1	1	2	1
OG_1068	1	1	1	1	2	1	1	1	2	1	3	1
OG_1069	1	1	1	1	1	1	1	4	2	1	2	0
OG_1070	3	1	2	1	3	1	3	1	1	2	2	1
OG_1071	9	7	10	7	13	6	11	5	7	7	2	5
OG_1072	5	5	7	2	0	5	11	13	2	0	0	0
OG_1073	1	1	3	1	3	1	1	0	1	4	2	1
OG_1074	1	1	1	1	2	1	1	1	1	1	1	1
OG_1075	1	1	1	1	1	1	1	1	1	1	1	1
OG_1076	1	1	1	1	1	1	1	0	1	0	1	3
OG_1077	18	62	0	20	1	3	0	0	8	4	0	2
OG_1078	1	0	1	4	0	1	1	0	1	1	0	1
OG_1079	1	1	1	1	1	1	1	1	4	1	5	1
OG_1080	1	1	2	1	0	1	1	3	0	1	0	0
OG_1081	3	2	0	3	0	2	2	2	0	2	0	0
OG_1082	1	1	1	1	0	1	1	1	1	1	0	3
OG_1083	1	1	4	1	0	1	1	1	0	0	0	0
OG_1084	1	1	1	1	0	1	1	1	1	1	0	0
OG_1085	1	1	1	1	1	1	1	2	1	1	3	2
OG_1086	4	0	0	1	0	4	4	1	0	0	0	0
OG_1087	1	1	3	1	1	1	1	1	0	3	1	0
OG_1088	1	1	1	1	4	1	2	3	2	1	1	1
OG_1089	2	2	1	5	0	1	2	1	1	1	0	0
OG_1090	1	4	0	1	7	1	1	1	1	3	1	0
OG_1091	1	1	1	1	1	1	0	1	1	1	1	1
OG_1092	16	5	12	7	0	7	7	4	4	7	0	1
OG_1093	1	0	0	0	0	0	0	0	1	0	2	0
OG_1094	1	1	2	1	2	1	1	2	1	1	1	1
OG_1095	1	1	2	1	1	1	1	1	1	1	2	4
OG_1096	123	376	15	88	1	120	3	4	82	6	40	0
OG_1097	2	2	1	1	2	1	1	1	2	2	2	2
OG_1098	6	3	4	11	1	3	4	3	3	2	1	4
OG_1099	32	21	6	8	0	6	13	6	0	4	0	5
OG_1100	1	1	3	1	0	1	2	1	0	1	1	0
OG_1101	1	0	0	2	0	0	1	0	0	1	0	0
OG_1102	2	1	0	6	0	1	1	0	0	0	0	0
OG_1103	1	0	1	0	0	1	1	1	0	0	0	0
OG_1104	1	1	1	1	1	1	1	1	1	3	1	1
OG_1105	1	1	1	1	0	1	1	1	0	0	0	0
OG_1106	1	1	1	1	2	1	1	1	1	1	2	1
OG_1107	2	0	1	0	0	1	2	2	0	0	0	0
OG_1108	1	1	1	1	1	1	1	1	2	1	1	1
OG_1109	2	2	7	2	2	1	1	6	1	0	2	1
OG_1110	3	1	3	6	0	3	3	3	1	1	0	2
OG_1111	3	1	4	2	1	1	1	2	1	2	1	0
OG_1112	134	137	20	88	49	34	11	2	10	7	17	0
OG_1113	2	2	1	1	1	1	1	1	2	1	3	3
OG_1114	1	1	2	1	1	1	2	5	1	1	1	1
OG_1115	1	1	3	1	1	1	1	3	1	2	1	1
OG_1116	1	1	1	1	1	1	1	1	1	2	2	3
OG_1117	1	2	1	1	3	2	1	0	1	1	3	1
OG_1118	1	1	1	1	1	1	1	1	1	4	1	1
OG_1119	1	1	1	1	3	1	1	1	1	2	1	1
OG_1120	1	1	1	1	1	1	1	1	3	1	2	1
OG_1121	1	1	0	1	1	1	1	0	1	1	1	1
OG_1122	1	1	1	1	1	1	1	1	1	2	1	1
OG_1123	9	0	1	14	0	1	1	1	8	1	0	0
OG_1124	1	1	1	1	2	1	1	1	4	1	1	1
OG_1125	3	4	1	2	5	1	1	5	4	3	1	1
OG_1126	1	1	1	3	1	1	2	1	1	3	1	1
OG_1127	1	1	1	1	1	1	1	1	1	1	1	1
OG_1128	1	1	1	1	0	2	1	2	1	1	0	1
OG_1129	1	0	0	1	0	1	1	1	0	0	0	0
OG_1130	6	2	6	5	2	6	5	7	2	1	3	3
OG_1131	390	109	1	71	0	39	27	0	25	4	8	2
OG_1132	1	1	1	1	1	1	1	1	4	1	1	1
OG_1133	1	0	1	2	8	1	1	1	3	1	3	1
OG_1134	2	0	1	0	0	2	1	1	0	0	0	0
OG_1135	1	0	4	0	3	1	1	1	0	0	0	0
OG_1136	1	1	0	1	1	1	1	0	1	2	1	1
OG_1137	1	1	7	1	4	1	1	8	1	4	0	1
OG_1138	1	1	1	1	1	1	1	1	1	1	0	1
OG_1139	3	1	3	1	3	1	1	2	1	2	1	1
OG_1140	1	1	2	1	1	1	2	2	2	1	1	1
OG_1141	1	2	1	1	1	1	1	2	1	1	6	3
OG_1142	1	1	1	1	2	1	3	1	1	1	1	1
OG_1143	2	1	1	1	1	1	2	1	2	1	3	0
OG_1144	1	1	1	1	2	1	1	1	2	1	0	1
OG_1145	1	2	1	1	1	1	2	1	2	1	2	1
OG_1146	1	1	1	1	2	1	2	1	1	2	3	1
OG_1147	1	1	1	1	0	0	0	1	0	0	0	1
OG_1148	1	1	1	1	3	1	1	1	1	1	1	1
OG_1149	5	2	4	3	0	3	2	1	2	1	0	0
OG_1150	2	1	1	1	1	1	1	1	1	1	2	1
OG_1151	1	0	0	0	0	0	2	0	0	0	0	0
OG_1152	1	2	1	1	1	1	1	1	1	3	2	1
OG_1153	2	1	1	1	1	1	1	1	1	4	2	1
OG_1154	1	1	1	1	2	1	1	1	0	7	1	0
OG_1155	1	1	1	1	2	1	1	1	1	1	1	1
OG_1156	1	1	1	1	1	2	1	1	1	0	1	1
OG_1157	1	1	1	1	1	2	2	1	1	1	4	1
OG_1158	1	0	2	1	1	1	1	1	1	2	1	0
OG_1159	1	1	1	3	1	1	1	1	2	3	0	1
OG_1160	1	1	1	1	3	1	1	1	1	3	1	1
OG_1161	1	1	4	1	2	0	1	1	0	1	1	0
OG_1162	1	1	1	1	3	1	1	1	1	1	1	1
OG_1163	1	1	1	1	0	1	1	1	1	2	1	0
OG_1164	1	1	1	1	0	1	1	1	1	2	0	1
OG_1165	2	1	1	1	1	1	1	1	1	4	1	1
OG_1166	2	1	1	2	1	1	3	2	3	1	1	0
OG_1167	1	1	1	1	4	1	1	1	2	2	1	2
OG_1168	1	1	0	1	2	1	1	0	1	0	4	1
OG_1169	2	0	0	0	0	0	0	1	0	0	0	0
OG_1170	1	1	1	1	1	1	1	1	1	2	1	3
OG_1171	1	1	4	1	1	1	1	5	2	1	3	0
OG_1172	1	1	1	1	14	1	2	1	2	1	3	1
OG_1173	8	9	17	7	0	7	14	10	1	9	0	7
OG_1174	2	1	0	2	0	2	2	0	1	0	0	0
OG_1175	1	1	3	2	1	1	1	1	5	3	1	2
OG_1176	1	0	1	0	0	1	1	0	0	0	0	0
OG_1177	1	1	9	1	1	5	1	8	1	1	8	0
OG_1178	2	1	2	1	1	1	1	1	1	2	1	1
OG_1179	1	1	1	1	0	1	1	1	0	4	0	0
OG_1180	1	1	1	1	2	1	1	1	1	1	2	0
OG_1181	1	1	2	1	2	1	1	1	0	1	1	1
OG_1182	1	1	1	1	1	1	1	1	2	3	1	4
OG_1183	2	1	3	1	0	1	1	3	2	2	0	2
OG_1184	2	1	1	1	0	1	0	1	0	0	0	0
OG_1185	4	3	0	3	0	5	0	0	0	2	0	0
OG_1186	117	149	56	91	36	94	17	3	28	42	8	3
OG_1187	2	2	2	2	2	2	2	2	1	1	1	0
OG_1188	1	1	1	2	0	1	1	2	0	0	0	0
OG_1189	4	1	1	1	3	1	2	1	1	5	1	2
OG_1190	1	1	1	0	1	1	1	2	1	1	1	2
OG_1191	1	1	1	1	1	1	1	1	1	2	1	1
OG_1192	3	2	3	4	4	3	2	3	1	1	22	1
OG_1193	37	31	15	28	3	7	11	17	10	11	6	13
OG_1194	57	8	27	45	4	33	19	32	5	13	0	1
OG_1195	12	2	0	10	0	9	8	3	5	8	0	0
OG_1196	1	1	1	2	0	1	1	3	1	1	0	1
OG_1197	10	7	6	7	2	9	10	6	6	3	2	5
OG_1198	1	1	1	1	1	1	1	2	1	4	1	1
OG_1199	5	1	1	2	2	1	1	2	1	1	1	2
OG_1200	1	1	1	1	1	1	1	5	2	2	2	2
OG_1201	1	1	1	1	0	1	1	1	1	0	0	0
OG_1202	1	1	1	1	2	1	1	1	1	1	1	1
OG_1203	1	3	2	4	2	3	1	1	0	1	1	0
OG_1204	1	1	1	1	1	1	1	1	1	1	1	2
OG_1205	1	1	1	1	3	1	2	1	1	1	1	1
OG_1206	3	1	0	1	0	1	3	1	0	0	0	0
OG_1207	1	1	1	1	1	1	1	1	0	1	1	1
OG_1208	1	1	1	1	1	1	1	1	3	1	1	1
OG_1209	1	0	7	0	0	1	2	5	0	0	0	0
OG_1210	45	7	19	7	1	19	31	30	2	3	1	1
OG_1211	1	1	1	1	1	1	1	1	1	1	2	1
OG_1212	1	1	1	1	3	1	1	1	3	1	5	1
OG_1213	2	1	1	1	1	1	2	1	1	3	1	0
OG_1214	1	1	1	1	0	1	1	1	2	1	0	1
OG_1215	1	1	9	1	1	1	1	9	2	1	1	1
OG_1216	9	1	0	1	0	0	6	0	0	0	0	0
OG_1217	1	1	1	1	1	1	2	1	1	3	2	1
OG_1218	1	0	1	1	1	1	1	1	2	3	1	1
OG_1219	1	2	5	1	1	1	3	2	2	3	1	1
OG_1220	2	1	1	1	2	1	2	1	2	2	1	1
OG_1221	1	1	7	1	7	1	5	5	1	6	3	2
OG_1222	1	1	1	1	1	4	1	1	1	1	0	2
OG_1223	1	1	1	1	0	4	1	1	0	0	0	0
OG_1224	1	2	1	1	1	1	1	1	1	2	0	0
OG_1225	13	26	17	18	20	8	10	7	7	5	11	5
OG_1226	1	1	1	2	0	1	1	1	0	0	0	0
OG_1227	17	17	34	28	13	20	25	11	12	9	7	14
OG_1228	1	1	2	1	0	1	2	1	3	1	0	0
OG_1229	1	1	4	1	1	1	1	1	1	1	1	1
OG_1230	1	1	1	1	1	1	1	1	2	1	1	1
OG_1231	3	2	4	3	5	3	5	3	3	6	2	2
OG_1232	3	1	2	1	1	1	1	1	3	1	3	1
OG_1233	6	2	3	1	0	2	2	3	1	0	0	1
OG_1234	1	1	1	1	1	0	1	1	0	0	0	0
OG_1235	1	1	1	1	1	4	1	1	1	1	1	0
OG_1236	1	1	1	1	1	1	1	1	3	1	1	1
OG_1237	2	2	4	2	0	2	2	4	3	1	0	0
OG_1238	1	1	1	1	0	1	1	1	2	1	0	0
OG_1239	1	1	1	1	2	1	1	1	2	1	1	1
OG_1240	1	1	3	2	0	1	1	1	1	0	0	0
OG_1241	12	2	1	0	6	3	2	0	0	5	0	0
OG_1242	1	1	1	1	1	1	1	1	1	1	0	1
OG_1243	1	1	1	2	1	1	1	1	1	1	0	1
OG_1244	22	13	29	17	0	21	12	12	6	0	0	3
OG_1245	1	1	1	1	0	9	2	1	1	4	0	0
OG_1246	2	1	2	1	1	2	1	2	0	1	0	0
OG_1247	66	13	5	7	0	6	14	1	0	0	0	0
OG_1248	2	2	1	1	1	1	1	2	3	2	2	3
OG_1249	1	1	1	1	2	1	1	1	1	1	2	1
OG_1250	1	1	1	1	0	1	1	2	1	1	0	0
OG_1251	5	4	5	5	0	3	10	4	3	2	0	0
OG_1252	2	1	1	4	0	1	2	1	1	1	4	1
OG_1253	1	1	2	1	1	1	1	1	1	1	1	2
OG_1254	1	1	4	1	0	1	1	3	1	2	0	1
OG_1255	16	0	0	4	0	3	7	2	0	0	0	0
OG_1256	1	0	3	2	0	2	1	1	0	0	0	0
OG_1257	3	2	1	1	1	1	2	1	9	2	37	2
OG_1258	1	0	1	1	0	1	1	1	0	0	0	1
OG_1259	26	6	7	28	0	10	8	3	1	1	0	0
OG_1260	5	1	4	7	5	2	4	1	4	11	1	0
OG_1261	24	0	2	6	0	2	5	1	1	0	0	0
OG_1262	1	1	0	1	2	4	2	1	1	4	1	1
OG_1263	92	194	11	76	0	79	7	2	51	18	1	3
OG_1264	1	1	3	1	1	2	1	1	1	1	1	1
OG_1265	1	2	1	1	0	1	1	2	1	4	0	1
OG_1266	10	4	10	7	4	7	8	4	13	83	0	1
OG_1267	1	3	1	1	6	1	1	1	1	1	1	1
OG_1268	2	1	6	0	0	1	1	1	1	0	0	0
OG_1269	2	1	1	1	1	1	1	1	1	2	0	0
OG_1270	2	1	1	7	3	2	2	3	3	2	1	2
OG_1271	30	26	3	56	10	5	6	3	9	1	0	0
OG_1272	1	1	1	1	2	1	1	1	1	3	1	1
OG_1273	1	1	1	4	1	1	1	1	1	1	1	1
OG_1274	2	1	2	1	1	1	2	2	1	1	1	1
OG_1275	3	2	1	1	0	0	1	1	10	3	0	0
OG_1276	1	1	1	1	0	1	0	2	0	0	0	0
OG_1277	46	0	0	1	0	0	1	0	0	0	0	0
OG_1278	1	1	1	1	1	1	1	1	0	0	1	1
OG_1279	2	1	1	1	2	1	1	1	1	1	2	1
OG_1280	1	1	1	1	1	1	2	1	1	1	1	1
OG_1281	9	1	1	3	0	1	3	1	0	0	0	0
OG_1282	6	5	4	1	0	2	2	2	0	0	0	0
OG_1283	2	0	0	2	0	6	1	0	0	0	0	0
OG_1284	3	2	2	3	0	2	3	2	1	1	0	0
OG_1285	8	4	5	4	0	10	6	4	11	0	0	0
OG_1286	1	0	1	1	0	1	2	1	1	2	0	0
OG_1287	1	1	1	1	1	1	1	1	1	1	1	1
OG_1288	2	1	2	1	0	2	2	1	0	0	0	0
OG_1289	11	1	4	8	0	5	8	3	4	2	0	2
OG_1290	3	0	0	2	0	2	3	2	0	1	0	0
OG_1291	3	2	6	4	1	3	2	4	1	4	1	0
OG_1292	22	3	6	9	0	3	5	12	0	0	0	0
OG_1293	1	1	1	1	5	1	1	1	1	0	7	0
OG_1294	1	2	2	1	2	1	1	1	1	2	1	1
OG_1295	1	1	1	1	0	1	1	1	0	2	0	0
OG_1296	1	1	1	1	1	2	2	1	1	1	1	1
OG_1297	1	1	2	1	1	1	1	1	2	0	3	1
OG_1298	1	1	3	1	2	1	1	1	2	1	2	2
OG_1299	23	9	4	13	0	12	5	4	1	4	0	0
OG_1300	2	14	2	1	1	1	2	1	1	6	6	0
OG_1301	41	20	1	21	12	0	6	0	36	2	0	0
OG_1302	2	2	2	2	1	2	2	2	1	2	0	1
OG_1303	22	0	10	0	0	5	7	10	0	0	0	0
OG_1304	6	1	0	2	0	1	0	0	0	0	0	0
OG_1305	6	3	4	5	0	4	2	3	0	0	0	16
OG_1306	6	6	0	0	0	0	0	0	1	0	0	0
OG_1307	17	13	12	12	0	11	13	18	1	0	0	5
OG_1308	1	0	1	1	0	1	1	1	0	2	0	0
OG_1309	8	1	2	3	0	2	8	5	0	0	0	0
OG_1310	1	1	1	1	2	1	2	2	2	1	5	3
OG_1311	2	3	1	1	3	1	3	1	1	1	3	1
OG_1312	1	1	1	1	1	1	1	1	1	2	1	1
OG_1313	1	1	1	1	3	1	1	1	1	1	1	2
OG_1314	17	41	10	15	20	3	0	1	9	1	24	17
OG_1315	1	1	1	1	2	1	1	1	1	1	1	0
OG_1316	1	1	1	1	0	1	1	2	1	2	2	0
OG_1317	4	2	0	1	0	0	0	0	0	0	0	0
OG_1318	1	1	1	1	1	2	1	1	1	2	1	1
OG_1319	1	1	3	1	2	2	1	4	1	1	1	2
OG_1320	19	7	8	3	1	10	14	9	20	4	0	0
OG_1321	1	1	1	1	1	1	3	2	1	2	1	1
OG_1322	19	5	6	42	0	2	24	2	5	0	1	0
OG_1323	1	3	1	1	0	1	1	1	0	0	0	0
OG_1324	2	1	1	1	0	4	1	1	1	1	0	1
OG_1325	1	2	2	1	3	1	1	1	0	4	1	1
OG_1326	1	1	1	1	0	0	1	2	1	1	0	0
OG_1327	3	1	1	1	0	5	1	1	0	0	0	0
OG_1328	3	2	1	1	0	2	4	1	0	0	3	0
OG_1329	1	1	1	1	1	2	2	1	2	1	0	0
OG_1330	1	1	2	1	1	2	1	1	1	1	1	1
OG_1331	1	1	1	1	0	1	1	1	1	1	0	1
OG_1332	1	1	1	1	2	1	1	1	1	2	1	1
OG_1333	1	1	1	1	1	1	1	1	1	4	2	1
OG_1334	1	1	1	1	0	1	1	1	2	4	0	4
OG_1335	1	2	1	1	1	1	1	2	2	1	3	1
OG_1336	1	1	3	1	0	1	1	1	1	1	0	0
OG_1337	1	1	1	1	0	1	1	1	2	1	0	0
OG_1338	2	3	1	1	1	1	2	1	1	1	3	1
OG_1339	2	2	1	1	0	2	2	2	1	1	0	0
OG_1340	27	12	3	3	0	1	1	1	1	0	0	0
OG_1341	1	1	1	1	2	1	1	1	1	1	1	1
OG_1342	1	2	1	1	3	1	0	1	1	0	1	1
OG_1343	2	2	5	1	2	1	1	2	4	3	2	1
OG_1344	1	1	1	1	0	1	1	1	1	1	0	0
OG_1345	1	1	1	3	2	1	2	1	2	1	7	6
OG_1346	1	1	1	1	1	1	1	0	1	0	0	1
OG_1347	1	2	2	1	1	1	1	4	1	0	1	1
OG_1348	1	1	1	1	1	1	1	1	0	1	1	0
OG_1349	1	1	1	1	0	1	1	1	1	1	0	1
OG_1350	9	8	4	7	3	5	6	4	6	4	0	1
OG_1351	1	1	1	1	1	1	3	1	1	3	4	1
OG_1352	2	2	1	1	3	1	1	1	1	6	2	2
OG_1353	1	4	1	1	0	1	1	1	1	1	0	0
OG_1354	1	1	1	1	0	1	1	1	0	2	0	1
OG_1355	1	1	4	2	2	3	3	4	4	4	6	1
OG_1356	1	1	1	1	0	1	1	1	1	7	0	0
OG_1357	1	0	2	0	0	1	1	0	0	0	0	0
OG_1358	6	4	5	5	0	1	3	3	1	1	0	0
OG_1359	1	1	2	1	2	1	1	1	2	1	1	1
OG_1360	1	1	2	1	1	1	1	2	1	4	0	0
OG_1361	44	23	15	56	36	32	40	15	13	5	1	33
OG_1362	27	16	50	21	8	18	26	48	5	21	3	11
OG_1363	1	1	1	1	1	1	2	3	2	1	1	0
OG_1364	3	1	2	2	0	1	1	1	2	2	0	0
OG_1365	1	1	1	1	0	1	1	1	1	1	0	0
OG_1366	1	1	1	1	0	1	1	5	2	2	0	0
OG_1367	1	1	5	1	4	1	1	1	2	2	0	0
OG_1368	1	1	1	1	1	1	1	1	1	1	1	1
OG_1369	14	1	7	3	0	1	4	1	0	0	0	4
OG_1370	8	2	3	3	0	1	4	1	0	0	0	0
OG_1371	2	1	1	1	0	1	1	1	0	0	0	0
OG_1372	1	0	1	1	0	1	1	1	0	0	0	0
OG_1373	2	2	0	0	0	2	2	4	3	0	0	1
OG_1374	1	1	1	1	1	1	1	2	1	1	1	1
OG_1375	1	1	1	1	1	1	2	1	1	1	0	1
OG_1376	1	1	2	1	1	1	1	1	1	2	1	1
OG_1377	2	1	2	1	1	1	2	1	1	3	1	1
OG_1378	2	0	1	3	0	4	1	3	0	0	0	0
OG_1379	3	0	0	11	0	0	2	0	1	0	0	0
OG_1380	1	1	1	1	1	1	1	1	2	1	1	1
OG_1381	0	0	0	0	0	0	0	0	1	0	0	5
OG_1382	1	3	1	1	1	1	1	1	1	1	1	1
OG_1383	1	1	2	2	1	1	1	1	1	1	1	1
OG_1384	1	1	2	1	6	1	1	1	2	2	0	1
OG_1385	16	34	5	17	0	6	10	4	20	3	1	1
OG_1386	1	1	1	1	1	1	1	1	1	0	3	0
OG_1387	6	4	0	7	0	0	0	0	0	0	0	0
OG_1388	1	4	2	1	2	2	1	1	1	2	1	1
OG_1389	1	1	1	1	1	1	1	1	1	1	0	1
OG_1390	1	0	1	1	0	0	0	1	1	0	0	0
OG_1391	1	1	1	2	5	1	1	2	2	1	2	0
OG_1392	1	1	4	2	1	1	5	1	2	1	1	0
OG_1393	1	1	1	1	1	1	1	1	0	1	2	2
OG_1394	1	2	2	1	1	1	1	1	1	3	3	1
OG_1395	1	1	1	1	0	5	1	1	1	0	0	0
OG_1396	1	1	1	1	1	1	1	1	1	1	1	1
OG_1397	1	1	2	1	1	1	1	1	1	1	1	1
OG_1398	2	1	1	1	0	3	3	1	1	0	0	0
OG_1399	1	1	1	1	0	1	1	1	1	1	0	0
OG_1400	1	1	1	1	1	1	1	3	0	1	1	0
OG_1401	2	1	1	2	1	1	3	1	1	1	5	1
OG_1402	1	1	1	1	2	1	1	1	1	1	1	1
OG_1403	2	1	1	1	0	1	2	1	1	1	0	1
OG_1404	5	1	5	3	0	3	5	5	0	1	0	0
OG_1405	3	1	1	1	1	1	1	2	1	1	1	1
OG_1406	1	1	1	1	0	1	1	1	1	2	0	1
OG_1407	1	2	2	1	4	1	1	1	2	3	1	1
OG_1408	1	2	1	1	0	1	1	1	1	1	0	0
OG_1409	1	1	1	2	1	1	1	2	4	1	2	1
OG_1410	2	2	1	1	1	1	1	1	1	1	1	2
OG_1411	17	42	10	20	0	18	3	1	27	14	25	4
OG_1412	1	1	1	1	0	1	1	1	1	1	0	0
OG_1413	2	1	4	2	0	2	1	2	0	0	0	0
OG_1414	1	0	1	1	1	1	2	2	1	1	1	1
OG_1415	1	1	1	1	1	1	1	1	1	1	2	1
OG_1416	2	3	2	1	0	2	1	1	1	1	0	0
OG_1417	1	1	1	1	1	1	1	1	1	1	2	0
OG_1418	1	1	0	1	0	2	1	0	1	0	1	0
OG_1419	2	1	2	1	0	1	1	2	1	4	0	1
OG_1420	5	0	2	1	0	2	2	2	0	1	0	0
OG_1421	4	2	1	3	2	2	3	1	2	2	2	2
OG_1422	1	1	1	2	1	1	1	1	0	3	0	2
OG_1423	4	4	13	4	0	4	4	9	1	4	0	0
OG_1424	1	0	0	0	0	0	9	0	0	0	0	0
OG_1425	2	1	1	1	1	1	1	1	1	3	1	1
OG_1426	9	8	8	10	9	5	7	6	5	7	0	0
OG_1427	3	0	3	1	0	1	1	1	0	1	0	0
OG_1428	1	1	0	1	2	2	1	0	1	1	0	1
OG_1429	30	25	12	8	0	25	6	2	7	3	0	7
OG_1430	13	10	3	6	0	12	5	10	0	0	0	0
OG_1431	1	1	3	1	1	1	1	3	1	1	1	1
OG_1432	1	1	1	1	4	1	1	1	1	1	1	1
OG_1433	1	0	1	1	0	1	2	1	0	0	2	0
OG_1434	1	1	1	1	1	1	1	1	1	1	1	1
OG_1435	2	1	1	1	1	1	2	1	1	1	1	1
OG_1436	1	1	4	1	0	2	2	1	0	4	0	0
OG_1437	3	2	3	3	1	3	4	4	3	2	1	1
OG_1438	1	1	2	1	4	1	1	2	1	2	1	1
OG_1439	1	1	1	1	1	1	2	1	1	1	2	1
OG_1440	2	1	1	1	1	1	1	1	1	1	2	1
OG_1441	1	1	1	1	1	1	1	1	1	2	1	0
OG_1442	6	1	4	2	2	3	1	5	4	10	5	1
OG_1443	1	1	1	1	1	1	1	1	1	1	1	1
OG_1444	2	1	0	1	1	1	2	1	2	1	1	1
OG_1445	3	4	6	4	5	2	3	5	3	4	0	2
OG_1446	1	1	4	1	1	1	2	5	2	1	1	1
OG_1447	1	1	1	1	0	1	1	1	2	1	0	0
OG_1448	1	1	1	1	0	1	1	3	0	3	0	0
OG_1449	1	1	1	1	1	1	1	1	1	0	1	1
OG_1450	1	1	1	1	1	1	1	2	2	4	1	1
OG_1451	1	1	4	1	0	1	1	3	0	0	0	0
OG_1452	1	1	1	1	0	1	1	1	1	1	0	0
OG_1453	1	1	1	1	1	1	1	2	1	2	1	0
OG_1454	2	1	2	2	0	2	2	1	1	1	0	1
OG_1455	1	2	2	1	2	1	2	1	1	1	1	1
OG_1456	1	1	2	1	2	2	1	2	2	1	3	1
OG_1457	1	0	1	1	1	1	1	1	1	2	1	1
OG_1458	1	1	3	1	1	1	2	1	0	1	1	1
OG_1459	17	0	3	1	0	0	0	0	2	0	0	2
OG_1460	1	11	1	1	1	1	1	1	1	1	2	1
OG_1461	3	4	0	0	0	0	0	0	0	0	0	0
OG_1462	1	2	2	1	0	1	1	3	1	0	0	0
OG_1463	2	1	2	1	0	1	1	1	0	0	0	0
OG_1464	1	1	2	1	0	1	3	1	0	4	0	1
OG_1465	5	1	1	1	0	0	2	1	2	1	0	0
OG_1466	2	1	1	1	1	1	1	6	4	4	0	0
OG_1467	2	0	2	1	0	1	0	0	0	0	0	0
OG_1468	1	1	1	2	1	1	4	1	1	2	1	2
OG_1469	2	1	1	2	0	3	3	2	1	0	0	0
OG_1470	1	1	1	1	2	1	2	1	1	5	2	1
OG_1471	1	1	1	1	1	1	1	1	1	3	2	1
OG_1472	1	1	1	1	0	1	1	1	1	2	0	0
OG_1473	1	1	1	1	0	10	1	0	2	4	0	1
OG_1474	1	7	0	0	0	0	0	0	0	0	0	0
OG_1475	9	2	6	4	4	4	4	5	5	1	0	0
OG_1476	1	1	1	1	0	2	1	1	2	2	0	1
OG_1477	1	1	1	1	0	2	1	1	1	2	0	0
OG_1478	1	1	4	1	3	1	1	2	2	1	1	1
OG_1479	1	1	1	1	1	1	1	1	1	1	1	1
OG_1480	34	86	1	13	0	15	10	0	9	2	0	0
OG_1481	1	1	1	1	0	2	1	1	0	0	0	0
OG_1482	1	1	4	1	2	2	1	2	2	1	1	3
OG_1483	1	1	2	1	1	1	1	2	1	1	1	1
OG_1484	5	6	7	7	6	4	5	6	5	14	1	9
OG_1485	1	1	1	1	0	1	1	1	0	0	0	0
OG_1486	1	1	1	1	1	1	1	2	2	6	1	2
OG_1487	1	2	1	1	1	1	1	1	1	2	2	3
OG_1488	22	12	0	8	0	6	7	2	8	0	0	0
OG_1489	1	1	2	1	1	1	1	1	1	2	1	1
OG_1490	35	5	0	10	16	7	5	0	5	1	0	1
OG_1491	18	12	10	9	25	11	18	9	3	24	20	1
OG_1492	1	4	1	1	2	2	1	1	1	2	2	1
OG_1493	1	1	1	3	2	1	1	2	1	1	0	1
OG_1494	12	10	8	8	0	7	10	6	10	17	0	0
OG_1495	3	1	0	0	0	0	0	0	0	0	0	0
OG_1496	1	1	3	1	0	1	1	2	3	2	0	0
OG_1497	2	2	1	1	1	1	1	1	2	1	3	1
OG_1498	1	3	0	0	0	0	0	0	0	0	0	0
OG_1499	2	1	1	1	1	1	1	1	1	1	0	1
OG_1500	2	2	2	2	0	2	0	0	0	1	1	0
OG_1501	14	5	0	3	0	0	0	0	5	0	0	0
OG_1502	2	1	1	1	1	1	1	1	1	1	1	0
OG_1503	1	0	3	1	0	1	1	1	1	2	0	0
OG_1504	1	1	1	0	0	1	1	1	1	2	0	1
OG_1505	1	1	1	1	2	1	1	1	1	1	1	1
OG_1506	1	0	1	1	0	1	1	0	0	0	0	0
OG_1507	1	1	1	1	1	1	2	1	1	1	2	1
OG_1508	1	1	1	2	2	1	1	1	1	2	2	1
OG_1509	1	0	1	1	0	1	1	1	0	0	0	1
OG_1510	10	3	10	4	0	3	6	6	1	3	0	0
OG_1511	1	1	1	1	0	1	1	1	1	1	0	1
OG_1512	1	1	1	1	2	1	1	1	1	1	0	1
OG_1513	4	1	7	1	0	1	2	4	1	13	0	1
OG_1514	1	1	1	1	2	2	1	5	1	1	2	1
OG_1515	1	1	1	1	2	1	1	1	1	1	1	1
OG_1516	1	1	1	1	1	1	1	1	1	3	0	1
OG_1517	1	1	1	1	1	1	1	2	1	2	1	2
OG_1518	1	1	2	1	0	1	1	1	1	1	2	1
OG_1519	1	2	2	1	7	1	1	1	2	1	4	2
OG_1520	16	1	12	9	0	5	6	2	5	20	0	1
OG_1521	1	2	1	1	3	1	1	4	2	6	0	1
OG_1522	1	1	1	1	1	1	1	1	1	1	1	1
OG_1523	1	1	1	1	2	1	1	1	1	1	1	1
OG_1524	1	1	1	1	1	1	2	2	1	3	0	1
OG_1525	1	1	1	1	0	2	1	5	1	1	0	0
OG_1526	1	1	1	1	1	1	1	1	2	1	0	1
OG_1527	1	2	1	1	0	1	1	1	2	0	0	0
OG_1528	1	1	1	1	1	1	1	1	1	2	2	0
OG_1529	124	143	5	145	35	375	12	3	105	17	32	8
OG_1530	1	1	2	2	1	1	1	1	1	2	1	1
OG_1531	2	1	3	1	1	1	2	1	1	1	2	1
OG_1532	1	0	1	1	1	1	1	1	1	1	1	1
OG_1533	50	3	10	0	7	2	14	0	20	4	52	6
OG_1534	1	1	2	0	1	1	1	1	1	1	4	2
OG_1535	1	0	1	0	0	1	1	0	1	0	0	0
OG_1536	4	1	1	4	2	1	1	3	4	0	1	2
OG_1537	6	8	3	2	0	1	5	1	8	6	0	0
OG_1538	86	51	63	76	14	19	20	36	15	21	12	9
OG_1539	1	0	2	0	0	1	2	0	0	0	0	0
OG_1540	1	1	2	1	1	1	1	1	1	1	4	2
OG_1541	1	1	2	1	1	1	1	1	1	2	1	2
OG_1542	1	1	1	1	1	1	1	2	1	1	0	1
OG_1543	5	2	2	2	8	3	3	2	6	4	8	2
OG_1544	1	3	1	1	0	1	1	1	1	1	0	0
OG_1545	1	1	1	1	0	1	1	1	2	1	0	1
OG_1546	19	19	17	15	28	12	19	14	22	22	23	28
OG_1547	1	1	1	1	1	1	1	1	1	2	2	1
OG_1548	1	1	1	0	2	1	1	1	0	1	2	1
OG_1549	1	1	2	2	0	1	1	1	0	0	0	0
OG_1550	1	1	1	1	0	1	1	1	1	3	0	1
OG_1551	2	0	5	1	0	1	1	1	1	0	0	0
OG_1552	31	19	25	17	16	19	12	20	19	20	17	13
OG_1553	1	1	1	1	1	1	1	1	1	1	1	1
OG_1554	2	1	1	3	2	1	1	1	3	1	1	0
OG_1555	28	68	38	20	9	20	19	16	27	50	8	24
OG_1556	1	0	0	0	0	0	4	0	0	0	0	0
OG_1557	2	1	2	2	0	1	2	1	2	2	0	1
OG_1558	18	7	2	6	0	8	9	3	1	0	0	0
OG_1559	8	11	8	11	0	3	4	4	1	1	0	0
OG_1560	1	1	1	1	1	1	1	1	1	1	2	1
OG_1561	1	1	2	1	1	3	1	1	1	1	2	1
OG_1562	1	1	1	1	1	1	2	1	1	1	4	1
OG_1563	147	39	116	66	48	40	63	72	89	39	24	111
OG_1564	1	1	1	1	0	1	1	4	2	1	0	0
OG_1565	3	1	3	1	4	1	1	2	2	3	3	3
OG_1566	1	1	1	1	1	1	1	1	0	2	0	1
OG_1567	14	1	6	1	0	3	7	1	0	0	0	0
OG_1568	3	0	1	0	0	4	2	1	0	0	0	0
OG_1569	2	2	1	5	0	1	5	1	3	0	0	0
OG_1570	1	2	1	1	1	1	1	1	0	1	0	1
OG_1571	1	1	1	1	1	1	1	1	1	1	1	1
OG_1572	1	1	1	1	1	1	2	1	1	1	0	1
OG_1573	1	1	4	1	1	1	1	1	1	1	1	1
OG_1574	1	1	1	1	2	1	3	1	1	2	5	1
OG_1575	1	1	1	2	2	1	1	1	1	1	1	1
OG_1576	1	0	1	1	2	1	1	1	1	0	2	0
OG_1577	2	1	1	1	1	1	1	1	1	1	2	1
OG_1578	1	1	1	2	1	1	2	2	2	2	2	1
OG_1579	1	2	1	1	1	1	1	1	0	0	1	1
OG_1580	3	1	1	2	1	1	1	1	2	2	2	1
OG_1581	1	1	1	1	0	1	1	1	0	0	0	0
OG_1582	1	1	2	1	0	1	1	1	1	1	0	1
OG_1583	11	6	8	5	3	9	11	6	2	2	0	0
OG_1584	22	2	5	7	1	5	6	4	1	6	1	1
OG_1585	4	7	1	3	4	8	6	1	2	3	1	2
OG_1586	2	1	1	2	1	1	1	1	1	1	1	1
OG_1587	1	1	2	1	1	1	1	3	3	8	1	1
OG_1588	1	1	6	1	2	1	1	1	2	1	1	2
OG_1589	11	8	9	3	0	5	5	4	0	0	0	1
OG_1590	2	1	2	2	2	2	2	2	1	6	3	1
OG_1591	1	0	1	1	1	1	2	1	1	4	1	1
OG_1592	1	1	1	1	3	1	1	1	1	1	5	2
OG_1593	1	1	1	1	0	1	1	1	2	1	0	1
OG_1594	1	1	1	1	1	1	1	1	0	1	0	1
OG_1595	2	2	2	2	3	2	2	2	2	6	5	0
OG_1596	38	6	24	19	1	12	25	40	6	5	3	1
OG_1597	1	2	1	2	1	1	1	5	1	1	2	1
OG_1598	2	2	2	1	1	2	3	2	2	2	1	1
OG_1599	1	2	1	1	3	1	0	1	1	2	1	1
OG_1600	1	1	4	1	1	1	1	1	1	4	1	1
OG_1601	1	1	1	1	1	1	1	1	1	1	0	1
OG_1602	1	1	1	3	0	1	1	1	1	1	0	3
OG_1603	6	0	1	0	0	3	3	3	2	0	0	0
OG_1604	1	1	1	1	2	1	1	1	1	1	1	1
OG_1605	1	1	6	1	4	1	1	5	1	1	3	1
OG_1606	1	1	1	1	3	1	1	2	0	0	0	1
OG_1607	2	16	0	3	0	1	9	0	0	0	0	1
OG_1608	3	1	1	11	2	1	1	1	2	2	1	1
OG_1609	1	1	2	1	4	1	2	1	1	1	1	1
OG_1610	1	1	1	1	1	1	1	1	1	2	1	2
OG_1611	1	1	2	1	1	1	1	2	1	3	5	1
OG_1612	5	2	3	3	0	2	3	4	1	2	0	0
OG_1613	1	1	2	1	0	1	1	1	1	1	0	0
OG_1614	1	2	1	1	0	1	1	1	2	2	0	0
OG_1615	38	10	10	20	0	16	28	17	19	10	1	5
OG_1616	1	1	1	1	1	1	1	1	1	1	1	1
OG_1617	4	6	5	4	0	1	1	4	3	1	0	0
OG_1618	18	4	7	9	4	6	10	6	4	5	0	0
OG_1619	1	1	1	1	0	1	1	1	0	4	0	0
OG_1620	1	0	0	1	0	1	1	0	0	0	0	0
OG_1621	1	1	3	6	2	2	1	1	1	1	1	0
OG_1622	1	1	2	1	0	1	1	2	0	0	0	0
OG_1623	8	3	16	8	0	6	12	12	0	8	0	0
OG_1624	1	1	2	1	0	1	1	2	1	1	0	0
OG_1625	1	1	2	1	0	1	1	1	1	1	0	0
OG_1626	1	1	1	1	2	2	1	1	1	1	1	1
OG_1627	1	1	2	1	3	1	8	1	1	1	3	1
OG_1628	1	2	3	1	0	2	1	0	0	0	0	0
OG_1629	1	1	3	1	3	2	1	1	2	2	1	2
OG_1630	1	1	2	1	1	1	1	2	1	2	1	1
OG_1631	1	1	1	1	0	1	1	0	1	1	1	0
OG_1632	1	1	1	1	2	1	1	1	2	1	1	0
OG_1633	15	4	9	10	9	4	9	2	11	15	4	1
OG_1634	12	2	2	6	1	2	6	1	1	7	0	0
OG_1635	1	1	1	1	1	1	1	1	1	1	1	2
OG_1636	1	3	0	0	0	2	1	2	0	0	0	0
OG_1637	1	1	1	1	1	1	1	2	1	1	1	2
OG_1638	1	1	1	1	1	1	2	1	1	1	1	1
OG_1639	1	0	1	1	0	1	1	1	1	1	0	0
OG_1640	5	3	5	5	5	4	3	4	6	4	1	3
OG_1641	28	22	1	23	0	19	3	0	9	0	0	0
OG_1642	1	1	2	1	1	1	1	1	1	1	1	1
OG_1643	1	1	1	1	0	1	0	1	0	0	0	0
OG_1644	1	1	1	1	2	1	1	1	1	1	0	1
OG_1645	1	1	3	1	0	1	1	1	0	1	0	0
OG_1646	2	0	3	2	0	1	2	2	0	0	0	0
OG_1647	2	1	1	1	2	1	2	2	1	2	1	1
OG_1648	2	1	1	1	0	1	1	1	0	0	0	0
OG_1649	21	28	86	26	12	27	17	23	16	23	12	11
OG_1650	3	1	1	2	1	1	3	1	3	5	4	0
OG_1651	1	1	1	1	1	1	1	1	1	1	1	1
OG_1652	1	1	1	1	1	1	1	1	1	1	1	0
OG_1653	1	1	1	2	1	1	1	2	1	1	1	1
OG_1654	1	2	1	3	1	1	1	2	1	1	1	1
OG_1655	1	1	1	1	1	1	1	1	2	1	1	1
OG_1656	2	1	1	1	3	1	1	0	2	1	3	1
OG_1657	1	1	2	1	1	1	1	1	1	1	7	1
OG_1658	3	1	1	1	2	1	2	1	1	1	3	1
OG_1659	2	4	0	1	0	2	0	0	0	0	0	0
OG_1660	1	1	1	1	0	1	1	1	2	1	0	1
OG_1661	40	81	22	35	1	53	12	1	26	2	0	3
OG_1662	3	1	1	1	1	1	1	1	1	3	1	2
OG_1663	13	20	11	5	0	9	11	8	1	2	0	0
OG_1664	1	1	3	1	0	1	2	1	1	1	0	2
OG_1665	1	1	1	1	1	1	1	1	1	1	1	1
OG_1666	2	1	1	1	0	1	1	2	1	2	0	2
OG_1667	1	1	2	1	1	1	1	2	2	4	4	1
OG_1668	1	1	2	1	0	1	1	1	1	1	0	1
OG_1669	1	1	2	1	0	0	1	1	1	0	0	1
OG_1670	1	1	3	1	0	1	1	1	1	2	0	0
OG_1671	1	1	1	1	0	1	1	1	1	1	0	0
OG_1672	1	2	1	2	11	1	1	2	1	1	1	1
OG_1673	4	0	0	1	0	0	0	0	0	0	0	0
OG_1674	4	1	4	5	0	3	8	5	6	6	0	0
OG_1675	2	1	2	1	7	1	1	1	1	2	16	4
OG_1676	31	64	0	18	10	10	8	1	17	2	22	2
OG_1677	1	1	1	1	2	1	1	1	0	4	2	1
OG_1678	1	1	3	1	4	1	1	1	1	1	1	1
OG_1679	2	1	2	1	0	1	1	3	1	1	1	0
OG_1680	1	0	2	3	1	1	1	1	1	1	4	1
OG_1681	34	0	0	0	0	0	1	0	0	1	0	0
OG_1682	81	43	8	21	28	17	0	2	16	13	23	12
OG_1683	2	2	2	2	1	2	2	2	2	2	1	2
OG_1684	1	1	2	1	0	1	1	1	1	1	0	2
OG_1685	1	5	1	2	2	1	1	1	1	0	1	2
OG_1686	1	1	1	1	0	1	1	2	2	2	0	0
OG_1687	7	10	0	9	0	2	5	0	1	1	0	3
OG_1688	17	14	9	9	1	7	17	7	4	3	5	3
OG_1689	1	1	1	1	1	1	1	1	1	1	1	1
OG_1690	6	4	0	1	0	0	1	0	0	0	0	0
OG_1691	1	1	2	1	1	1	1	2	1	1	1	2
OG_1692	1	1	1	6	0	1	1	1	1	1	0	0
OG_1693	1	1	2	1	1	1	1	1	1	1	3	5
OG_1694	2	2	0	0	0	0	0	0	0	0	0	0
OG_1695	1	1	1	1	0	1	1	4	1	1	0	0
OG_1696	1	1	1	1	4	1	1	1	1	1	2	1
OG_1697	1	1	1	1	1	1	1	3	0	1	1	1
OG_1698	4	0	1	0	0	4	1	2	0	1	0	0
OG_1699	1	1	1	1	0	1	1	1	0	1	0	2
OG_1700	1	1	5	1	0	0	1	6	1	0	0	0
OG_1701	1	1	1	1	1	4	1	1	1	3	1	2
OG_1702	1	1	1	1	1	2	3	1	1	2	4	0
OG_1703	1	2	1	1	1	1	1	1	1	1	1	1
OG_1704	1	1	1	1	2	1	1	1	1	1	1	1
OG_1705	1	1	2	1	0	1	2	1	1	1	0	0
OG_1706	1	1	3	1	3	1	2	2	1	1	0	0
OG_1707	1	1	0	2	0	1	1	1	1	0	0	0
OG_1708	1	1	1	1	1	0	1	2	2	1	1	0
OG_1709	1	1	2	1	2	3	1	1	1	1	6	1
OG_1710	2	1	3	1	1	1	1	1	1	1	1	1
OG_1711	1	1	1	1	2	2	1	1	1	1	1	1
OG_1712	1	1	1	1	1	1	1	1	1	1	1	1
OG_1713	11	4	17	11	0	10	6	14	3	10	0	1
OG_1714	23	6	13	9	0	15	22	5	22	2	0	1
OG_1715	3	12	0	1	0	1	2	0	0	0	0	0
OG_1716	1	2	1	1	3	1	1	1	1	3	2	1
OG_1717	2	0	0	1	0	1	6	0	2	0	0	0
OG_1718	11	1	0	0	0	0	2	0	0	0	0	0
OG_1719	1	1	1	1	1	1	1	1	2	2	1	2
OG_1720	5	0	0	1	0	1	3	2	9	5	0	0
OG_1721	1	1	1	1	0	1	1	1	1	1	0	0
OG_1722	1	7	1	1	0	1	1	1	2	2	0	0
OG_1723	4	4	5	5	3	6	7	4	5	2	2	8
OG_1724	25	8	51	21	0	45	24	17	8	4	1	4
OG_1725	1	2	1	1	1	2	1	1	1	7	1	0
OG_1726	1	1	1	1	0	1	1	1	1	1	0	1
OG_1727	3	1	0	0	0	1	0	0	0	0	0	0
OG_1728	21	1	0	0	0	6	1	1	0	0	0	0
OG_1729	1	1	2	1	1	2	1	1	1	3	1	0
OG_1730	20	4	8	5	1	7	7	6	9	8	2	0
OG_1731	1	0	0	1	1	1	1	1	2	3	3	1
OG_1732	1	1	1	1	0	2	1	1	1	1	0	1
OG_1733	4	0	0	1	0	1	0	1	0	0	0	0
OG_1734	1	2	1	1	1	1	1	1	1	1	1	1
OG_1735	1	0	1	1	1	1	2	1	1	1	1	1
OG_1736	2	1	1	4	0	1	3	0	0	1	0	0
OG_1737	1	1	2	1	0	1	1	1	1	1	0	0
OG_1738	11	5	7	12	3	5	7	3	9	9	1	2
OG_1739	22	4	1	11	0	3	3	7	1	12	0	0
OG_1740	5	4	0	1	0	9	0	0	1	0	0	0
OG_1741	36	37	3	33	2	22	1	0	23	0	0	0
OG_1742	2	0	2	1	0	2	2	1	0	0	0	0
OG_1743	81	19	53	21	0	13	29	45	16	30	0	0
OG_1744	9	0	2	9	0	12	3	0	5	0	0	0
OG_1745	6	0	0	4	0	2	6	0	0	0	0	0
OG_1746	9	7	8	4	0	2	6	2	3	4	0	0
OG_1747	1	0	4	0	0	1	1	1	0	1	0	0
OG_1748	7	7	10	14	8	10	3	5	14	7	0	4
OG_1749	3	2	4	3	2	6	4	3	2	2	1	1
OG_1750	2	2	2	2	1	2	3	2	2	2	1	1
OG_1751	1	1	1	1	1	1	1	2	1	2	1	2
OG_1752	9	5	6	5	11	16	6	6	3	12	1	1
OG_1753	1	2	1	1	2	1	1	1	2	1	1	1
OG_1754	1	1	1	1	1	2	1	1	1	4	1	4
OG_1755	2	0	1	1	1	1	1	1	1	1	1	1
OG_1756	3	1	2	1	1	2	3	1	7	1	1	1
OG_1757	1	2	1	1	2	1	1	1	1	2	1	2
OG_1758	1	1	3	1	1	1	1	1	1	1	1	1
OG_1759	3	1	3	3	1	1	1	2	1	1	1	1
OG_1760	1	1	1	2	3	1	3	1	6	1	0	1
OG_1761	3	8	2	3	0	2	2	2	2	2	0	0
OG_1762	2	1	1	2	0	1	1	1	0	0	0	0
OG_1763	15	5	7	19	15	9	11	5	9	7	11	12
OG_1764	1	0	1	1	1	1	1	1	1	1	1	1
OG_1765	1	1	2	1	0	1	1	1	0	4	0	1
OG_1766	1	0	1	1	0	0	1	0	0	0	0	0
OG_1767	2	1	2	2	1	2	3	1	2	3	0	0
OG_1768	1	1	4	0	0	1	1	2	1	1	0	0
OG_1769	3	1	2	1	4	1	2	2	2	1	3	0
OG_1770	37	12	23	16	37	18	29	16	21	11	16	13
OG_1771	1	1	2	1	2	4	1	1	1	1	1	1
OG_1772	1	0	0	1	0	1	3	1	1	2	0	0
OG_1773	1	1	0	1	0	0	1	0	0	0	0	0
OG_1774	1	1	4	1	13	1	1	4	1	4	7	1
OG_1775	1	1	1	1	0	1	1	1	2	3	0	0
OG_1776	1	1	1	1	1	1	3	1	2	3	3	0
OG_1777	1	1	1	2	1	1	1	2	1	1	1	1
OG_1778	34	126	24	94	4	35	10	1	21	6	0	16
OG_1779	1	1	1	1	1	1	2	1	1	1	3	1
OG_1780	2	0	1	1	3	1	7	1	2	2	2	1
OG_1781	2	1	3	1	1	2	1	3	2	2	1	21
OG_1782	1	1	2	1	1	1	1	2	1	6	1	1
OG_1783	1	3	1	1	0	1	1	1	2	1	0	1
OG_1784	2	1	1	1	1	1	1	1	1	2	0	0
OG_1785	17	1	0	0	34	0	2	0	5	0	0	0
OG_1786	1	1	2	1	1	1	1	1	2	6	2	1
OG_1787	1	1	1	1	1	1	1	1	1	1	1	1
OG_1788	18	24	21	16	4	9	20	12	12	6	1	3
OG_1789	3	3	1	15	2	1	0	0	1	4	1	1
OG_1790	1	1	1	1	1	1	1	2	1	1	1	1
OG_1791	1	1	1	1	1	1	1	1	3	1	2	1
OG_1792	1	1	1	1	2	1	1	1	1	2	0	1
OG_1793	1	1	1	1	1	1	1	1	1	1	1	0
OG_1794	27	4	4	31	0	5	17	7	0	3	0	4
OG_1795	1	1	2	1	1	1	1	1	1	5	2	1
OG_1796	1	1	1	1	1	1	1	1	2	1	1	1
OG_1797	2	1	2	2	0	1	2	1	0	1	0	1
OG_1798	1	1	1	1	2	1	1	1	1	1	2	1
OG_1799	2	4	1	4	0	1	3	1	0	1	0	0
OG_1800	9	6	0	25	5	0	7	0	5	9	0	0
OG_1801	24	4	0	12	1	3	11	3	0	1	3	0
OG_1802	4	0	0	0	0	1	1	0	0	0	0	0
OG_1803	1	1	0	1	1	1	1	1	1	1	1	1
OG_1804	14	26	0	6	0	3	5	0	1	0	0	0
OG_1805	9	5	7	11	0	3	4	2	0	0	0	0
OG_1806	1	1	1	1	2	1	1	1	1	8	1	1
OG_1807	7	3	5	4	0	4	7	7	4	3	0	0
OG_1808	1	1	3	1	2	1	1	3	1	1	1	1
OG_1809	1	0	4	5	1	2	10	1	1	4	1	0
OG_1810	1	1	1	1	6	0	1	1	1	1	3	1
OG_1811	2	1	2	1	3	5	1	1	2	1	1	2
OG_1812	1	1	1	1	0	1	2	1	0	0	0	0
OG_1813	2	1	2	1	0	3	2	2	2	2	0	1
OG_1814	1	1	1	1	1	1	3	1	1	1	1	1
OG_1815	1	0	0	0	0	0	0	0	1	1	0	0
OG_1816	1	1	1	1	2	1	1	1	1	1	1	1
OG_1817	2	2	3	3	1	3	2	2	3	2	1	4
OG_1818	1	0	4	1	1	1	1	1	1	1	1	2
OG_1819	1	1	2	1	1	5	1	1	0	1	1	1
OG_1820	1	0	3	1	1	1	3	1	2	2	2	1
OG_1821	1	0	1	2	0	1	1	1	1	1	0	0
OG_1822	1	1	1	1	2	1	1	1	0	1	1	1
OG_1823	1	1	1	1	2	1	1	1	1	1	0	1
OG_1824	1	1	2	1	2	2	1	2	3	0	3	1
OG_1825	2	1	1	2	1	1	2	1	1	2	0	0
OG_1826	10	0	7	2	0	5	0	2	0	0	0	1
OG_1827	1	1	2	1	0	1	2	1	2	2	0	0
OG_1828	1	1	0	1	0	1	1	1	0	0	0	0
OG_1829	1	1	0	1	1	1	1	1	1	1	1	1
OG_1830	1	1	1	2	1	1	2	1	1	1	2	1
OG_1831	21	18	7	16	5	12	12	10	12	9	4	6
OG_1832	1	2	1	2	1	1	1	1	1	2	0	1
OG_1833	20	12	15	20	1	11	19	15	3	2	0	32
OG_1834	3	1	1	1	1	1	1	1	1	1	0	1
OG_1835	1	1	2	1	0	1	1	2	1	1	0	0
OG_1836	10	6	6	8	3	13	6	6	3	10	3	0
OG_1837	2	3	1	1	1	1	1	1	1	1	1	1
OG_1838	1	1	1	1	2	1	1	1	1	1	4	1
OG_1839	1	2	1	1	0	1	1	1	0	1	0	1
OG_1840	1	1	1	1	1	2	1	1	1	1	1	1
OG_1841	2	1	1	1	1	1	1	1	1	1	1	1
OG_1842	1	0	0	1	0	1	1	0	0	1	0	0
OG_1843	1	1	2	2	0	6	1	1	1	1	0	1
OG_1844	1	1	0	1	2	1	1	1	1	1	1	1
OG_1845	1	1	1	1	1	1	1	1	0	1	1	0
OG_1846	2	2	10	2	1	2	2	5	2	2	2	0
OG_1847	1	5	1	1	1	1	2	1	1	1	4	1
OG_1848	1	1	2	1	2	1	1	1	1	14	1	1
OG_1849	15	1	0	2	0	1	1	0	0	1	0	0
OG_1850	2	9	1	2	0	0	1	0	2	0	0	0
OG_1851	40	31	45	26	16	27	17	26	10	30	19	4
OG_1852	78	42	37	72	43	73	58	31	28	17	12	16
OG_1853	1	1	1	1	1	1	2	1	2	1	2	1
OG_1854	1	1	1	1	2	1	1	1	1	0	1	1
OG_1855	1	1	1	1	2	1	1	0	1	2	3	2
OG_1856	1	1	1	1	1	1	2	1	2	1	0	1
OG_1857	1	1	1	1	0	1	1	1	1	0	0	0
OG_1858	1	1	2	1	0	1	1	5	0	1	0	0
OG_1859	1	1	1	1	1	1	1	1	0	1	0	0
OG_1860	1	1	1	1	1	1	1	1	1	3	1	1
OG_1861	1	1	1	1	1	1	1	1	1	2	1	1
OG_1862	1	0	2	1	0	1	1	1	1	1	0	1
OG_1863	1	2	1	1	0	1	2	1	1	7	0	1
OG_1864	118	11	39	27	127	11	3	1	28	3	45	15
OG_1865	1	1	1	1	1	1	2	1	1	6	1	1
OG_1866	1	1	1	1	2	1	1	1	0	1	1	1
OG_1867	7	1	0	1	0	0	3	0	0	0	0	0
OG_1868	1	4	2	1	1	2	1	1	1	1	16	2
OG_1869	1	1	2	1	0	1	1	1	2	1	0	0
OG_1870	1	1	1	1	1	1	1	1	1	1	2	1
OG_1871	1	0	0	0	0	0	0	0	3	0	0	0
OG_1872	1	1	1	1	0	5	0	2	0	0	0	2
OG_1873	1	1	1	1	2	1	1	1	1	1	0	3
OG_1874	2	1	1	1	0	1	0	2	1	0	0	0
OG_1875	1	1	1	1	0	1	1	1	1	2	0	1
OG_1876	1	1	1	1	1	1	1	1	1	5	1	1
OG_1877	2	1	1	1	1	1	1	1	1	1	0	1
OG_1878	1	1	1	1	2	1	1	2	0	1	2	3
OG_1879	3	1	1	1	2	1	1	0	1	0	1	0
OG_1880	3	2	1	2	1	2	2	3	3	4	3	1
OG_1881	5	0	0	2	4	0	1	0	0	8	1	1
OG_1882	1	4	0	1	0	0	1	0	1	1	0	0
OG_1883	1	1	2	1	2	1	1	1	1	2	1	1
OG_1884	1	1	1	1	2	1	1	1	1	2	3	1
OG_1885	1	1	1	1	1	1	1	1	1	2	1	1
OG_1886	4	2	2	3	1	2	1	2	1	1	0	0
OG_1887	1	1	1	1	0	1	1	1	2	1	0	1
OG_1888	3	1	3	1	1	2	2	3	0	0	0	0
OG_1889	1	2	4	1	2	1	2	1	2	2	2	0
OG_1890	1	1	1	1	2	1	0	2	2	2	0	1
OG_1891	1	1	1	1	1	1	1	1	1	7	1	3
OG_1892	3	1	4	1	3	2	2	1	3	1	2	1
OG_1893	1	1	2	1	1	1	1	1	1	1	0	1
OG_1894	1	1	1	1	1	1	1	3	1	3	2	1
OG_1895	1	1	1	1	1	1	1	1	1	1	1	1
OG_1896	1	1	1	1	1	1	1	1	1	1	1	1
OG_1897	1	1	1	1	1	1	1	1	2	1	3	1
OG_1898	2	1	1	1	0	1	1	1	0	0	0	0
OG_1899	1	0	1	1	0	1	1	1	0	0	0	0
OG_1900	37	7	10	13	1	7	30	9	3	3	0	0
OG_1901	1	1	1	1	0	1	2	1	0	0	0	0
OG_1902	1	0	3	1	0	0	1	5	1	1	0	0
OG_1903	1	1	1	1	1	1	3	1	2	1	2	2
OG_1904	1	0	1	1	0	1	1	1	1	1	1	1
OG_1905	3	0	1	0	0	0	0	1	0	1	0	0
OG_1906	1	1	1	1	1	1	1	1	1	3	1	1
OG_1907	119	317	52	55	20	102	14	1	65	31	55	2
OG_1908	1	1	1	1	0	1	1	1	1	1	0	0
OG_1909	1	1	1	1	1	1	1	1	1	1	1	2
OG_1910	2	2	1	1	0	1	1	2	1	2	0	0
OG_1911	114	26	122	41	15	26	48	125	15	43	8	14
OG_1912	1	1	0	1	0	1	1	1	0	0	0	0
OG_1913	1	1	1	1	0	1	1	1	0	0	0	0
OG_1914	1	1	1	1	1	1	1	1	2	1	5	1
OG_1915	1	1	2	1	2	3	2	2	1	1	2	1
OG_1916	3	1	1	4	1	1	2	1	1	3	1	1
OG_1917	1	0	3	1	0	1	0	1	2	3	0	1
OG_1918	1	1	1	1	1	1	1	1	1	5	4	1
OG_1919	2	1	1	1	0	1	1	1	1	2	0	0
OG_1920	1	1	1	1	2	1	1	1	3	3	1	1
OG_1921	1	1	1	1	2	1	1	3	3	1	1	1
OG_1922	6	9	2	6	0	6	3	0	1	0	0	0
OG_1923	1	1	1	1	1	0	1	1	1	4	1	1
OG_1924	1	3	1	1	1	1	1	1	1	1	0	0
OG_1925	3	1	1	1	2	2	1	1	1	5	2	1
OG_1926	1	0	1	1	0	1	1	1	0	1	0	0
OG_1927	1	1	1	2	1	1	2	2	1	4	1	6
OG_1928	1	1	1	1	0	0	1	1	0	0	0	0
OG_1929	1	1	1	1	0	1	1	1	0	1	0	0
OG_1930	2	1	1	1	0	1	1	1	2	1	0	1
OG_1931	1	1	1	1	1	1	1	1	1	1	1	1
OG_1932	2	2	1	2	1	2	2	1	1	1	1	1
OG_1933	1	1	1	1	1	1	1	1	1	0	1	1
OG_1934	3	5	2	1	1	1	1	1	1	1	4	1
OG_1935	6	5	4	3	5	3	3	3	3	4	4	0
OG_1936	1	2	1	1	1	1	2	1	1	3	3	1
OG_1937	6	1	0	12	4	0	1	0	31	0	14	0
OG_1938	1	1	2	1	1	1	1	1	1	4	5	16
OG_1939	3	2	3	2	1	3	3	3	1	1	3	1
OG_1940	1	3	2	1	1	1	1	2	1	1	1	1
OG_1941	1	1	2	1	2	1	1	1	1	1	0	1
OG_1942	1	0	1	1	2	1	1	1	1	3	2	1
OG_1943	2	1	0	0	0	1	0	0	0	0	0	0
OG_1944	6	3	9	6	9	5	6	6	4	10	0	0
OG_1945	2	1	1	1	1	1	1	1	4	1	2	1
OG_1946	2	1	8	1	2	3	4	4	2	1	3	1
OG_1947	16	6	4	14	0	4	8	4	3	3	0	0
OG_1948	4	3	4	7	1	7	4	6	2	5	2	3
OG_1949	1	0	1	1	0	1	0	1	1	1	0	0
OG_1950	1	1	1	1	2	1	1	1	2	1	2	3
OG_1951	1	1	1	1	1	0	1	1	1	1	3	1
OG_1952	1	1	1	1	0	1	1	1	1	0	0	0
OG_1953	1	1	2	1	1	1	1	2	2	1	1	1
OG_1954	7	1	1	1	0	2	1	0	0	0	0	0
OG_1955	1	1	2	3	2	1	1	1	1	1	1	3
OG_1956	1	0	0	2	1	1	1	1	0	1	0	0
OG_1957	8	3	0	0	0	0	4	0	0	0	0	0
OG_1958	1	1	1	1	1	1	1	2	1	1	1	1
OG_1959	1	1	1	1	0	1	1	1	0	0	0	0
OG_1960	1	1	1	1	1	1	1	1	1	2	0	1
OG_1961	2	18	2	3	0	2	3	2	4	6	1	1
OG_1962	1	1	1	1	1	1	1	2	2	4	2	5
OG_1963	1	1	1	1	1	1	1	1	1	3	1	0
OG_1964	1	1	1	1	2	1	1	1	1	1	1	1
OG_1965	1	7	1	7	0	0	4	0	0	1	0	0
OG_1966	4	3	2	1	0	12	0	1	0	0	1	10
OG_1967	1	1	3	1	2	1	1	1	1	2	3	0
OG_1968	5	5	8	5	0	2	4	3	15	1	0	9
OG_1969	1	1	1	1	0	1	1	1	0	1	0	0
OG_1970	6	0	0	0	0	0	0	0	4	2	0	0
OG_1971	1	1	2	1	2	1	2	2	1	1	2	1
OG_1972	2	0	0	4	0	0	2	0	1	0	0	0
OG_1973	1	0	0	4	0	0	3	0	1	7	0	0
OG_1974	2	1	1	1	2	1	1	2	1	1	1	2
OG_1975	5	2	1	1	0	1	1	1	1	1	0	1
OG_1976	4	6	0	4	0	0	0	0	2	0	3	0
OG_1977	1	1	2	2	0	1	1	1	1	1	0	0
OG_1978	1	1	2	1	1	1	1	1	2	1	1	2
OG_1979	1	1	1	1	3	1	1	1	0	1	1	1
OG_1980	1	2	1	1	0	1	1	1	0	0	0	0
OG_1981	1	1	1	1	1	1	1	1	0	1	1	0
OG_1982	1	3	4	1	0	0	1	3	0	0	0	0
OG_1983	7	0	1	2	1	2	1	1	3	1	0	0
OG_1984	1	1	4	2	6	1	1	3	1	4	2	0
OG_1985	1	1	2	1	3	1	1	1	1	1	1	2
OG_1986	1	1	1	1	1	1	1	1	1	0	2	1
OG_1987	1	1	2	2	0	1	2	1	0	0	0	0
OG_1988	1	2	1	1	1	2	1	1	1	1	2	1
OG_1989	4	5	15	6	0	4	4	6	7	9	0	0
OG_1990	1	1	1	1	1	1	1	1	1	0	2	1
OG_1991	1	0	1	1	0	1	1	1	1	5	0	0
OG_1992	1	1	1	1	1	1	2	1	1	1	1	1
OG_1993	1	1	1	3	0	1	1	1	0	1	0	0
OG_1994	1	1	3	1	2	1	1	1	1	1	1	1
OG_1995	1	1	1	1	1	1	2	1	0	2	2	1
OG_1996	5	5	0	1	0	0	1	0	0	0	0	0
OG_1997	3	4	3	4	1	2	3	2	1	3	1	0
OG_1998	1	1	2	1	1	1	1	2	1	5	1	1
OG_1999	1	2	2	1	3	1	2	3	1	1	5	1
OG_2000	2	1	1	2	0	1	1	1	3	2	0	0
OG_2001	2	0	1	1	0	0	1	2	1	1	0	0
OG_2002	1	1	1	1	2	1	1	1	1	1	1	1
OG_2003	3	8	0	2	0	0	0	0	0	0	0	0
OG_2004	1	1	1	1	1	1	1	1	1	2	1	1
OG_2005	1	1	1	1	2	1	1	1	1	2	7	2
OG_2006	1	1	1	1	0	1	1	1	0	1	0	0
OG_2007	1	1	1	1	1	1	1	1	2	1	1	1
OG_2008	3	3	1	1	2	1	1	2	1	0	1	0
OG_2009	1	2	1	1	0	1	1	1	0	0	0	0
OG_2010	1	1	1	0	1	1	1	1	1	5	1	1
OG_2011	1	1	1	8	1	1	1	1	1	2	3	1
OG_2012	1	1	1	1	1	1	1	1	1	2	1	0
OG_2013	1	1	9	1	0	1	1	6	1	3	0	1
OG_2014	1	1	1	1	2	1	2	2	1	1	1	1
OG_2015	1	1	1	1	1	1	1	1	1	1	2	1
OG_2016	2	1	2	1	2	1	1	1	1	1	1	1
OG_2017	2	5	2	3	1	3	2	2	5	3	0	2
OG_2018	33	0	1	15	3	0	8	9	2	0	0	0
OG_2019	1	1	1	1	1	1	3	2	1	1	1	1
OG_2020	1	1	1	1	2	1	1	1	2	1	3	2
OG_2021	2	0	6	1	0	2	1	4	0	0	0	0
OG_2022	1	1	2	0	0	1	1	2	2	0	0	0
OG_2023	1	4	0	13	0	0	4	0	1	1	0	0
OG_2024	1	1	1	1	3	1	3	1	2	1	1	2
OG_2025	1	2	2	3	0	2	1	1	1	1	0	1
OG_2026	11	3	10	4	0	6	7	4	0	0	0	0
OG_2027	7	4	5	5	0	10	4	3	1	0	0	0
OG_2028	1	1	1	1	0	1	2	1	1	2	0	1
OG_2029	1	1	1	1	1	1	1	1	1	1	2	1
OG_2030	1	1	1	1	2	1	1	1	0	0	0	0
OG_2031	1	1	1	1	1	1	1	1	1	2	1	1
OG_2032	1	1	6	1	3	1	1	8	3	11	3	1
OG_2033	75	5	1	16	4	6	1	0	3	2	11	18
OG_2034	1	1	1	1	0	2	1	1	0	0	0	0
OG_2035	1	1	1	1	1	1	1	1	1	0	2	1
OG_2036	1	3	1	8	6	1	1	1	2	3	1	4
OG_2037	3	5	2	3	0	2	5	1	0	1	0	0
OG_2038	4	1	3	2	0	1	3	1	1	0	0	0
OG_2039	2	1	2	1	2	1	1	1	1	3	1	1
OG_2040	1	0	0	2	0	0	1	0	0	0	0	0
OG_2041	7	2	2	3	2	1	2	2	2	1	2	2
OG_2042	3	2	0	0	0	0	0	0	0	0	0	0
OG_2043	1	2	2	1	5	1	1	2	1	2	1	1
OG_2044	3	1	1	1	1	1	1	2	3	2	1	1
OG_2045	1	1	2	1	0	1	1	1	1	1	0	0
OG_2046	1	1	1	1	2	1	1	4	1	1	1	2
OG_2047	20	15	15	28	5	12	35	11	8	8	9	3
OG_2048	1	1	1	1	1	1	1	1	1	3	2	1
OG_2049	2	1	1	2	0	1	1	1	1	1	0	2
OG_2050	1	1	1	1	1	1	1	1	4	2	3	1
OG_2051	11	2	8	5	5	9	12	8	5	6	1	1
OG_2052	1	1	1	1	1	1	2	1	1	1	0	1
OG_2053	2	1	2	2	1	1	2	2	1	0	1	1
OG_2054	2	1	1	1	3	1	1	1	1	5	2	0
OG_2055	1	1	3	1	1	1	3	2	2	1	1	2
OG_2056	3	2	1	1	0	1	1	1	0	0	2	1
OG_2057	2	0	1	1	1	1	1	1	1	1	2	0
OG_2058	15	0	0	0	0	2	9	0	5	0	0	0
OG_2059	1	4	0	4	0	1	1	0	1	3	0	0
OG_2060	3	3	0	4	0	1	1	0	1	0	0	0
OG_2061	5	0	0	0	0	0	0	0	0	3	0	0
OG_2062	12	11	21	15	4	18	5	4	6	4	1	2
OG_2063	21	2	39	6	0	17	10	9	2	4	11	0
OG_2064	1	1	1	1	0	1	1	1	1	2	0	1
OG_2065	1	1	1	1	2	1	2	1	1	1	1	1
OG_2066	1	1	1	1	0	1	1	1	0	0	0	0
OG_2067	1	1	2	1	0	1	4	1	1	2	0	0
OG_2068	3	2	3	2	2	2	2	3	2	2	1	0
OG_2069	2	1	1	2	2	1	1	1	1	1	1	2
OG_2070	2	1	3	15	2	2	1	1	1	2	1	1
OG_2071	1	1	1	1	0	1	1	1	1	1	0	0
OG_2072	1	1	3	1	2	1	1	3	2	1	1	1
OG_2073	2	1	1	2	2	1	1	1	1	3	2	3
OG_2074	5	1	2	1	0	2	3	3	0	0	0	0
OG_2075	1	1	1	1	1	1	1	1	1	4	2	1
OG_2076	1	2	1	2	1	2	1	2	1	1	2	1
OG_2077	1	1	1	2	0	1	1	1	1	1	0	0
OG_2078	4	1	1	1	0	0	3	1	1	0	0	12
OG_2079	1	1	1	1	1	5	1	1	0	1	1	1
OG_2080	1	1	1	1	1	1	1	2	2	2	1	1
OG_2081	1	1	2	2	1	1	1	1	1	1	2	1
OG_2082	1	2	2	1	0	1	1	1	1	1	0	0
OG_2083	1	1	1	1	0	1	2	2	1	1	1	1
OG_2084	1	1	1	1	1	2	1	1	1	2	1	1
OG_2085	1	1	1	1	1	1	2	1	1	1	1	1
OG_2086	8	1	3	9	4	8	3	0	4	10	62	2
OG_2087	1	1	1	1	1	1	2	1	1	1	1	2
OG_2088	44	8	0	4	0	28	6	0	9	8	0	0
OG_2089	1	1	1	1	2	1	1	1	1	0	1	1
OG_2090	1	1	1	1	1	1	1	1	1	1	2	3
OG_2091	1	1	1	1	0	1	1	1	1	1	0	0
OG_2092	1	1	1	1	1	1	1	1	1	1	1	1
OG_2093	1	1	1	1	1	1	1	1	1	1	2	1
OG_2094	1	1	1	1	3	2	1	1	1	2	3	1
OG_2095	1	1	1	1	1	1	1	1	1	1	1	1
OG_2096	2	0	1	0	0	3	0	1	0	0	0	0
OG_2097	2	1	1	1	0	1	1	2	1	2	0	0
OG_2098	2	1	4	5	1	2	2	4	2	3	0	2
OG_2099	1	1	1	1	2	1	3	1	1	1	1	1
OG_2100	2	5	2	2	0	0	1	0	0	0	0	0
OG_2101	18	27	0	7	0	3	0	1	6	0	11	0
OG_2102	1	2	2	1	0	1	1	1	2	3	0	0
OG_2103	4	1	0	2	1	1	4	1	1	4	0	1
OG_2104	1	1	1	2	1	1	1	1	1	1	1	2
OG_2105	1	1	1	1	4	1	1	1	1	1	3	1
OG_2106	15	9	4	10	5	3	7	4	3	3	7	3
OG_2107	1	1	3	1	3	1	2	2	1	3	2	1
OG_2108	27	0	0	1	2	1	7	0	7	4	14	41
OG_2109	1	1	2	1	2	1	1	2	0	1	1	1
OG_2110	1	1	1	1	1	1	2	1	1	1	2	1
OG_2111	2	0	0	0	0	2	3	2	0	0	0	0
OG_2112	40	20	10	27	6	8	29	13	30	16	1	12
OG_2113	1	1	1	1	3	1	1	1	1	1	1	0
OG_2114	1	1	1	1	2	1	2	1	1	1	0	0
OG_2115	2	1	1	1	0	1	1	1	3	2	0	0
OG_2116	1	0	0	1	0	0	1	1	0	0	0	0
OG_2117	1	0	1	1	0	1	1	1	0	0	0	0
OG_2118	2	1	2	1	0	1	1	1	2	0	0	2
OG_2119	1	2	1	1	0	1	1	2	0	1	0	0
OG_2120	1	0	1	0	0	0	1	1	0	0	0	0
OG_2121	1	1	1	1	1	1	1	1	1	1	1	1
OG_2122	1	1	1	1	1	1	0	1	1	1	1	1
OG_2123	1	1	1	1	7	1	2	1	3	4	1	0
OG_2124	1	4	1	1	0	1	1	1	0	0	0	1
OG_2125	1	1	1	2	0	1	1	1	0	0	0	0
OG_2126	1	1	2	1	1	5	3	1	1	1	1	1
OG_2127	1	1	1	1	1	5	2	1	1	3	1	1
OG_2128	37	8	1	6	0	9	4	0	13	1	0	5
OG_2129	1	1	1	1	1	3	1	1	1	1	0	1
OG_2130	1	1	1	1	1	1	2	1	1	1	2	4
OG_2131	1	3	3	1	1	1	1	1	1	1	2	2
OG_2132	1	2	1	1	3	1	1	3	1	1	1	3
OG_2133	1	2	1	1	1	1	2	1	1	1	1	4
OG_2134	91	35	31	39	2	27	48	23	43	31	2	28
OG_2135	2	2	2	1	1	1	1	1	2	2	1	1
OG_2136	1	2	1	2	0	1	1	1	0	1	0	0
OG_2137	1	1	0	1	0	1	1	1	0	0	0	0
OG_2138	1	1	1	1	2	1	1	1	2	1	1	6
OG_2139	1	1	2	1	0	1	2	4	0	0	0	0
OG_2140	24	9	4	4	42	1	1	2	7	27	162	3
OG_2141	1	1	1	1	4	1	2	1	2	2	3	2
OG_2142	1	1	1	0	1	1	2	3	0	3	1	1
OG_2143	1	1	1	1	3	1	1	1	1	4	1	1
OG_2144	1	1	1	1	1	1	1	1	1	1	1	1
OG_2145	1	1	1	1	1	1	1	1	1	1	0	1
OG_2146	1	1	1	1	3	1	1	1	1	1	0	1
OG_2147	1	0	0	1	0	0	2	0	0	1	0	0
OG_2148	1	1	1	1	1	1	1	1	1	1	1	1
OG_2149	3	3	10	4	2	4	3	8	2	7	0	3
OG_2150	1	1	1	1	0	1	1	1	0	0	0	0
OG_2151	1	1	1	1	1	1	1	2	4	1	1	1
OG_2152	1	1	2	1	0	1	0	1	1	2	0	0
OG_2153	1	2	1	1	1	1	2	1	1	2	1	1
OG_2154	1	1	1	1	2	1	1	1	1	1	1	1
OG_2155	1	1	1	1	1	1	1	1	2	2	1	1
OG_2156	11	0	0	0	0	3	2	1	0	0	0	0
OG_2157	1	1	1	1	2	1	1	1	1	0	1	1
OG_2158	1	1	3	1	1	1	1	2	2	1	2	1
OG_2159	1	1	1	1	3	1	1	1	1	1	1	1
OG_2160	1	1	1	3	2	1	1	1	2	1	0	1
OG_2161	1	0	1	2	0	1	1	1	2	1	0	0
OG_2162	1	1	2	2	0	1	2	1	0	1	0	0
OG_2163	1	4	1	1	1	0	2	0	2	0	0	6
OG_2164	8	44	0	2	0	4	4	0	3	0	0	0
OG_2165	1	1	0	1	2	1	1	1	1	1	0	1
OG_2166	1	2	2	1	1	1	2	0	0	1	1	1
OG_2167	1	2	1	1	2	3	1	1	2	1	1	3
OG_2168	1	1	1	1	2	1	2	1	1	4	1	1
OG_2169	1	1	1	1	0	1	1	1	1	1	0	0
OG_2170	1	1	1	2	2	1	2	1	1	2	0	1
OG_2171	1	1	6	1	7	1	2	3	4	1	2	1
OG_2172	0	0	0	0	0	0	0	0	10	4	0	0
OG_2173	4	1	1	3	46	1	3	1	2	2	30	15
OG_2174	1	1	1	1	3	1	1	1	1	1	1	3
OG_2175	1	1	1	1	1	1	1	1	1	1	2	1
OG_2176	1	1	1	1	2	1	1	1	1	1	0	0
OG_2177	1	1	1	1	0	1	1	1	1	3	0	0
OG_2178	2	2	0	2	0	0	5	0	0	0	0	0
OG_2179	2	2	1	2	0	4	0	1	0	1	0	2
OG_2180	85	54	8	2	4	25	8	3	8	21	1	12
OG_2181	2	0	1	0	0	1	1	1	0	0	0	0
OG_2182	1	2	2	1	0	1	1	1	0	1	0	0
OG_2183	1	1	1	2	0	1	1	1	1	1	0	1
OG_2184	1	1	2	1	1	2	1	1	1	1	1	1
OG_2185	1	1	6	1	2	1	2	1	1	2	4	1
OG_2186	1	1	3	5	2	1	1	1	2	5	3	1
OG_2187	1	1	1	1	1	1	1	2	2	1	1	0
OG_2188	2	1	1	1	1	1	1	1	1	1	1	1
OG_2189	3	1	2	1	1	1	1	2	1	6	1	3
OG_2190	2	2	4	2	1	2	2	4	6	3	1	3
OG_2191	1	0	1	1	0	1	1	1	0	0	0	0
OG_2192	1	1	4	1	0	1	1	3	1	1	0	0
OG_2193	3	1	0	4	0	0	1	0	0	0	0	0
OG_2194	1	1	1	1	8	1	1	1	1	1	0	0
OG_2195	1	1	1	1	0	1	1	1	0	0	0	1
OG_2196	2	0	2	2	0	1	1	2	0	0	0	0
OG_2197	1	1	1	1	0	2	1	1	0	3	0	0
OG_2198	1	1	1	1	0	1	1	1	1	1	0	2
OG_2199	1	2	5	1	1	1	1	2	2	1	1	1
OG_2200	1	2	6	2	0	1	1	3	10	1	0	2
OG_2201	1	1	1	1	4	1	1	1	1	1	0	0
OG_2202	1	1	1	1	2	1	0	1	1	1	2	0
OG_2203	6	0	0	1	0	3	4	0	0	0	0	0
OG_2204	1	1	3	1	1	0	1	1	0	1	1	1
OG_2205	3	4	0	4	0	4	3	2	0	4	0	2
OG_2206	1	1	2	1	1	1	1	2	1	2	1	1
OG_2207	1	1	2	1	0	2	1	1	1	1	0	0
OG_2208	1	1	1	1	1	2	1	1	2	8	1	1
OG_2209	1	2	2	1	1	1	1	2	2	1	1	0
OG_2210	1	1	1	1	4	1	2	1	2	4	1	1
OG_2211	1	1	1	1	0	1	0	1	1	1	0	1
OG_2212	1	1	1	1	0	2	1	1	1	1	0	3
OG_2213	1	2	1	1	1	1	1	1	2	1	1	1
OG_2214	1	1	1	1	1	3	1	1	1	1	1	1
OG_2215	1	1	3	2	2	1	2	1	1	1	2	6
OG_2216	1	1	2	1	1	1	1	1	2	1	1	2
OG_2217	1	1	2	1	5	1	1	2	1	1	1	2
OG_2218	1	1	1	1	1	1	1	1	0	1	1	3
OG_2219	4	4	3	6	0	6	4	1	0	4	0	0
OG_2220	2	3	8	1	3	2	1	1	2	1	3	3
OG_2221	3	1	1	2	1	1	1	1	1	1	1	1
OG_2222	2	1	6	2	2	2	3	4	3	1	2	1
OG_2223	1	1	3	2	1	1	1	1	1	2	1	1
OG_2224	1	1	3	2	1	1	1	1	3	2	1	2
OG_2225	1	1	1	1	1	1	1	1	0	1	2	1
OG_2226	1	1	1	1	0	1	1	1	2	1	0	1
OG_2227	1	2	0	1	1	1	1	1	0	1	2	1
OG_2228	1	1	4	1	6	1	1	1	2	2	1	2
OG_2229	4	1	1	1	1	1	1	2	2	1	1	1
OG_2230	2	1	0	1	0	0	4	0	1	0	0	2
OG_2231	1	2	3	1	2	1	1	1	1	1	0	0
OG_2232	1	1	1	1	1	1	1	1	1	1	0	0
OG_2233	1	1	1	1	2	1	1	1	1	1	1	1
OG_2234	1	1	1	1	1	1	1	1	1	1	1	1
OG_2235	2	1	1	1	0	1	1	1	1	1	0	0
OG_2236	3	1	1	2	1	2	1	2	0	1	1	1
OG_2237	3	1	3	2	0	1	1	1	0	0	0	0
OG_2238	4	1	1	2	3	2	1	1	1	2	1	0
OG_2239	11	10	13	8	12	15	11	2	3	5	8	0
OG_2240	4	1	2	1	1	1	2	1	0	2	1	1
OG_2241	1	1	4	2	0	1	1	1	1	2	0	0
OG_2242	1	1	1	1	1	1	1	1	1	3	1	1
OG_2243	3	3	3	6	2	3	4	3	2	2	2	1
OG_2244	2	2	1	2	0	1	1	0	0	1	0	0
OG_2245	5	2	4	5	1	3	2	3	6	1	2	0
OG_2246	1	1	1	1	2	1	1	1	2	7	1	2
OG_2247	1	1	3	1	0	1	1	0	0	0	0	0
OG_2248	1	0	1	1	0	1	1	1	1	3	0	0
OG_2249	1	1	1	1	1	1	1	1	0	1	1	1
OG_2250	1	1	1	1	0	1	1	1	1	4	0	0
OG_2251	2	2	3	1	3	1	1	1	1	2	2	1
OG_2252	1	1	3	1	7	1	1	2	5	8	3	4
OG_2253	1	1	2	1	1	1	1	2	1	1	1	1
OG_2254	1	1	1	1	0	1	1	3	0	0	0	2
OG_2255	1	1	1	1	3	1	1	1	1	1	1	1
OG_2256	2	0	0	3	0	4	2	1	6	0	0	0
OG_2257	4	1	1	2	2	1	3	1	2	1	2	4
OG_2258	1	1	1	1	0	1	1	1	2	1	0	1
OG_2259	1	1	2	1	0	1	1	1	1	2	0	1
OG_2260	1	1	1	2	1	1	1	1	1	1	1	1
OG_2261	2	2	3	2	0	3	4	3	0	0	0	3
OG_2262	10	1	0	2	0	0	0	0	2	0	0	0
OG_2263	3	2	2	2	0	2	2	1	0	1	0	0
OG_2264	1	1	2	1	3	1	1	3	1	6	5	1
OG_2265	2	4	3	2	1	3	2	3	2	4	1	1
OG_2266	1	1	1	1	0	1	1	1	0	1	0	2
OG_2267	2	0	0	0	0	7	1	0	0	2	0	0
OG_2268	4	5	5	7	0	8	2	2	3	0	0	2
OG_2269	2	1	1	0	0	2	1	3	0	3	0	0
OG_2270	1	3	2	1	2	1	2	2	2	10	1	1
OG_2271	1	1	1	1	1	1	1	1	1	3	1	1
OG_2272	1	1	1	1	1	1	1	1	2	6	1	1
OG_2273	1	0	1	2	0	1	1	1	1	1	0	1
OG_2274	1	1	4	1	1	1	1	1	1	1	1	0
OG_2275	1	1	1	1	3	2	1	1	2	1	2	1
OG_2276	1	1	1	1	1	1	1	1	1	1	1	2
OG_2277	1	1	1	1	0	1	1	1	0	1	0	1
OG_2278	1	2	3	2	1	1	2	1	1	1	1	1
OG_2279	1	1	2	1	3	1	2	1	1	5	1	3
OG_2280	1	0	1	1	1	1	3	1	1	1	1	1
OG_2281	1	1	1	3	3	1	1	1	1	1	1	1
OG_2282	2	1	1	1	2	1	1	1	1	2	1	1
OG_2283	1	0	3	1	0	1	1	1	2	4	0	0
OG_2284	2	3	2	3	1	1	1	1	1	1	1	2
OG_2285	2	0	1	1	1	1	1	1	2	1	2	1
OG_2286	1	1	1	1	1	1	1	1	1	4	1	1
OG_2287	1	1	1	3	3	1	1	1	1	1	2	1
OG_2288	2	2	1	1	1	1	1	0	2	1	2	1
OG_2289	14	0	13	1	0	3	3	6	0	0	0	0
OG_2290	1	1	3	1	3	1	2	1	1	3	1	1
OG_2291	1	1	1	2	0	1	1	1	1	0	0	1
OG_2292	7	44	13	11	8	5	5	2	7	0	27	0
OG_2293	4	3	4	1	0	5	1	0	0	0	0	0
OG_2294	3	2	4	2	1	2	2	2	2	4	2	1
OG_2295	4	4	4	4	0	4	4	4	3	2	1	1
OG_2296	3	2	2	1	2	2	3	1	1	2	1	1
OG_2297	1	1	1	1	1	1	1	1	0	3	1	1
OG_2298	2	2	1	1	2	1	1	1	2	4	2	1
OG_2299	1	1	1	1	1	1	1	1	1	1	2	1
OG_2300	1	1	3	1	1	1	2	4	1	1	2	1
OG_2301	1	1	2	1	1	1	1	1	1	2	1	1
OG_2302	1	1	1	1	2	1	1	1	0	2	0	1
OG_2303	1	1	1	1	1	1	2	1	1	3	1	1
OG_2304	1	6	2	1	3	1	1	1	2	4	2	1
OG_2305	1	1	4	1	2	1	1	4	1	1	1	1
OG_2306	6	5	3	2	0	3	4	3	1	0	0	3
OG_2307	1	2	1	3	0	1	1	1	0	0	6	9
OG_2308	1	1	1	1	0	1	1	1	0	0	0	0
OG_2309	1	1	4	2	4	1	1	2	1	1	1	1
OG_2310	1	1	1	1	0	1	1	1	1	4	0	0
OG_2311	1	1	1	1	1	1	1	1	0	1	2	1
OG_2312	1	1	2	1	5	1	1	1	2	3	1	1
OG_2313	1	1	3	1	0	1	1	1	1	2	0	1
OG_2314	1	1	1	1	1	2	1	1	1	1	1	1
OG_2315	3	0	1	1	0	1	0	1	0	0	0	0
OG_2316	2	2	1	1	0	1	3	2	2	2	0	0
OG_2317	1	1	2	2	2	2	1	2	2	1	2	1
OG_2318	2	2	3	2	2	2	2	4	1	2	1	1
OG_2319	1	1	1	1	2	1	2	1	3	3	0	1
OG_2320	1	0	1	1	0	1	1	0	2	2	0	0
OG_2321	1	1	1	1	1	1	3	1	1	1	2	1
OG_2322	3	1	1	1	2	1	0	2	1	3	4	1
OG_2323	28	68	11	32	7	30	3	2	11	16	28	5
OG_2324	1	1	2	1	3	1	2	2	3	6	1	1
OG_2325	1	1	1	1	1	1	1	1	1	1	1	1
OG_2326	1	2	2	1	3	2	1	0	1	1	1	0
OG_2327	1	2	2	1	0	1	1	2	1	3	0	2
OG_2328	1	3	1	1	1	1	1	1	1	5	1	1
OG_2329	1	1	1	1	0	1	1	1	0	0	0	0
OG_2330	1	1	2	3	0	2	1	1	1	1	0	0
OG_2331	2	0	1	1	0	1	3	1	0	2	0	0
OG_2332	1	1	1	1	0	1	1	2	1	0	0	0
OG_2333	1	1	2	5	0	1	2	1	1	1	0	2
OG_2334	1	1	2	1	0	1	1	2	0	0	0	0
OG_2335	1	2	1	1	2	1	1	1	0	1	1	1
OG_2336	2	2	4	2	1	1	2	4	2	4	1	1
OG_2337	24	8	22	20	16	11	8	15	10	12	3	8
OG_2338	3	2	1	1	1	1	1	1	3	2	2	2
OG_2339	1	1	1	1	3	1	1	2	7	1	1	1
OG_2340	1	1	2	1	1	1	1	1	1	1	1	1
OG_2341	1	1	1	1	1	1	1	1	1	1	1	1
OG_2342	1	1	1	1	3	1	1	1	0	0	1	1
OG_2343	4	3	6	2	2	3	4	5	5	16	1	10
OG_2344	1	1	1	1	1	2	1	1	1	1	2	2
OG_2345	1	1	1	1	1	2	1	1	1	1	1	0
OG_2346	2	0	3	1	3	2	0	1	1	3	5	1
OG_2347	1	1	1	1	2	1	1	1	1	3	2	3
OG_2348	1	1	1	1	0	1	1	1	0	1	0	1
OG_2349	1	1	2	1	1	1	1	1	1	1	1	1
OG_2350	1	1	1	0	0	1	1	1	1	1	0	0
OG_2351	1	1	1	1	0	1	1	1	3	1	1	1
OG_2352	1	1	1	1	1	1	1	1	4	3	1	4
OG_2353	1	1	1	1	2	1	1	2	2	1	0	1
OG_2354	1	1	1	1	1	1	1	1	1	1	1	1
OG_2355	1	1	1	1	3	1	2	3	1	1	2	1
OG_2356	1	3	1	1	1	1	1	2	1	2	3	1
OG_2357	1	1	0	1	0	1	1	0	1	1	1	1
OG_2358	1	1	3	1	2	1	1	1	1	4	0	0
OG_2359	1	0	0	5	0	0	0	0	0	0	0	0
OG_2360	2	1	1	2	3	1	2	1	1	1	0	2
OG_2361	1	1	3	1	1	1	2	1	2	3	1	2
OG_2362	1	1	0	1	1	1	1	1	0	0	2	1
OG_2363	1	1	1	1	0	1	1	1	0	0	0	0
OG_2364	2	5	2	1	1	2	1	1	2	5	1	1
OG_2365	1	1	1	1	1	1	1	1	1	1	1	1
OG_2366	1	1	2	1	1	1	1	2	3	1	1	2
OG_2367	1	1	1	1	0	1	1	1	1	1	0	0
OG_2368	1	4	1	2	1	1	1	1	1	1	3	0
OG_2369	2	1	1	1	3	0	1	1	0	1	1	0
OG_2370	2	1	3	1	1	1	1	1	1	2	3	1
OG_2371	1	1	1	1	3	1	1	1	1	1	3	3
OG_2372	5	1	2	3	0	2	2	2	2	1	0	1
OG_2373	2	0	0	0	0	0	4	0	0	0	0	0
OG_2374	1	1	1	1	1	1	1	1	2	1	1	4
OG_2375	1	1	3	1	1	1	1	4	1	1	1	2
OG_2376	1	1	1	1	1	1	1	1	1	1	1	1
OG_2377	3	7	2	3	7	3	3	3	1	5	1	2
OG_2378	1	1	1	1	0	2	2	2	1	1	1	1
OG_2379	1	1	1	1	1	2	1	1	1	1	1	2
OG_2380	9	9	7	11	3	4	4	10	3	8	5	1
OG_2381	3	1	1	4	2	1	2	1	2	1	1	1
OG_2382	1	1	3	1	2	1	1	1	1	0	1	1
OG_2383	1	7	0	0	0	0	0	0	0	0	0	0
OG_2384	7	8	3	7	1	5	7	6	0	2	0	1
OG_2385	1	1	1	1	0	1	2	1	1	0	0	0
OG_2386	31	27	16	16	30	14	25	12	18	19	23	19
OG_2387	1	1	2	1	1	2	1	1	0	0	0	0
OG_2388	1	1	1	1	0	1	1	1	1	1	0	1
OG_2389	1	1	2	2	1	1	1	1	1	1	2	1
OG_2390	1	2	1	1	2	1	1	1	1	1	1	1
OG_2391	1	2	1	1	11	1	1	1	3	1	1	1
OG_2392	1	3	1	1	1	1	1	2	4	3	1	2
OG_2393	2	4	1	2	4	2	2	2	2	2	3	1
OG_2394	2	3	1	2	0	1	1	1	3	2	0	3
OG_2395	1	1	1	1	0	1	1	1	1	0	0	1
OG_2396	2	0	0	3	0	3	2	2	0	0	0	0
OG_2397	2	1	1	1	1	1	2	1	1	1	2	1
OG_2398	4	1	1	1	3	1	1	1	2	1	1	0
OG_2399	1	1	1	1	0	1	2	1	1	0	0	0
OG_2400	1	1	1	1	1	1	1	1	0	1	1	1
OG_2401	2	1	2	2	3	1	1	1	1	3	3	3
OG_2402	1	2	1	1	0	1	1	1	2	2	0	1
OG_2403	1	2	0	1	0	0	1	0	1	0	0	0
OG_2404	1	1	1	1	0	1	0	2	1	0	0	0
OG_2405	1	0	1	1	0	1	1	2	1	0	0	0
OG_2406	1	1	1	1	2	1	1	1	1	2	2	1
OG_2407	2	2	1	2	1	2	2	2	1	1	1	1
OG_2408	1	1	1	1	1	1	1	1	1	2	0	1
OG_2409	1	1	2	1	0	1	1	1	0	4	0	0
OG_2410	4	1	3	1	4	1	1	1	1	0	0	1
OG_2411	1	1	0	0	0	0	0	0	1	0	0	1
OG_2412	4	6	6	2	0	2	7	0	0	0	4	0
OG_2413	1	1	1	1	1	1	1	1	0	1	1	1
OG_2414	1	1	1	1	0	2	1	1	0	0	0	0
OG_2415	1	1	1	1	1	1	1	2	1	1	1	1
OG_2416	1	1	3	2	1	1	1	2	1	3	1	1
OG_2417	1	1	1	2	1	1	1	2	0	3	1	2
OG_2418	1	1	1	1	0	1	1	1	1	1	0	0
OG_2419	2	1	3	1	0	1	1	1	2	1	0	0
OG_2420	1	1	1	1	6	1	2	1	1	6	3	2
OG_2421	1	1	1	1	1	2	1	1	1	1	2	3
OG_2422	3	2	0	1	0	1	2	2	1	0	0	2
OG_2423	3	0	22	1	0	6	5	5	0	0	0	0
OG_2424	5	1	2	2	0	1	2	1	2	0	1	0
OG_2425	1	1	1	1	1	1	4	2	0	3	2	1
OG_2426	2	1	0	1	0	0	1	0	0	0	0	0
OG_2427	2	2	2	3	1	3	3	2	2	6	1	2
OG_2428	1	7	1	2	2	1	1	1	2	1	2	0
OG_2429	1	1	2	1	1	0	2	2	1	1	1	1
OG_2430	4	2	10	4	21	4	3	5	5	7	28	5
OG_2431	1	1	1	1	0	1	1	1	3	1	0	0
OG_2432	3	1	1	1	1	1	1	1	1	1	1	1
OG_2433	13	4	1	2	0	3	4	3	0	1	0	3
OG_2434	2	1	0	0	0	0	2	0	3	0	0	0
OG_2435	2	1	1	1	2	1	1	1	2	1	1	21
OG_2436	2	0	1	0	0	2	2	2	0	0	0	0
OG_2437	1	1	1	1	0	1	1	1	0	2	0	0
OG_2438	2	2	3	1	1	2	2	1	2	2	1	1
OG_2439	2	1	2	1	1	1	1	1	2	1	2	1
OG_2440	2	1	3	1	0	1	2	1	0	0	0	0
OG_2441	1	1	2	1	2	0	1	1	4	0	2	1
OG_2442	1	20	4	1	2	1	2	1	2	1	2	1
OG_2443	1	1	3	1	1	1	1	2	1	1	2	0
OG_2444	15	8	10	8	0	8	3	7	2	3	0	0
OG_2445	1	1	1	1	2	1	2	1	2	2	1	2
OG_2446	1	1	1	1	1	1	1	1	1	1	1	1
OG_2447	1	1	1	1	0	0	1	1	0	0	0	0
OG_2448	2	3	3	2	3	3	2	1	2	4	3	3
OG_2449	1	1	1	1	1	1	1	1	1	1	1	1
OG_2450	1	4	1	1	0	1	2	1	1	0	0	1
OG_2451	1	1	1	1	0	1	1	2	0	0	0	0
OG_2452	1	1	1	1	1	1	1	2	1	2	1	1
OG_2453	1	2	1	1	1	1	1	2	2	2	1	1
OG_2454	1	1	1	1	4	1	1	1	1	3	3	1
OG_2455	1	1	2	1	2	1	1	1	1	1	1	1
OG_2456	1	1	2	1	1	1	1	1	1	1	0	1
OG_2457	1	1	2	1	0	1	1	1	0	0	0	0
OG_2458	1	1	3	1	1	1	1	2	0	1	1	0
OG_2459	1	1	2	2	1	1	1	1	0	0	1	0
OG_2460	2	1	1	1	1	1	1	1	1	3	1	1
OG_2461	2	1	2	2	0	1	1	2	2	1	1	1
OG_2462	10	6	24	12	0	20	22	7	21	7	0	2
OG_2463	2	0	0	1	0	1	1	0	0	0	0	0
OG_2464	1	1	1	1	0	2	1	3	0	0	0	0
OG_2465	1	1	1	1	1	1	1	1	0	5	1	1
OG_2466	1	1	1	1	1	1	1	1	1	1	1	3
OG_2467	1	1	1	1	0	1	1	1	2	1	0	1
OG_2468	1	1	0	1	1	2	1	1	1	1	2	1
OG_2469	1	1	1	1	1	2	1	1	2	1	1	1
OG_2470	1	2	1	1	1	1	1	1	1	1	1	2
OG_2471	4	2	4	2	0	2	2	2	0	1	0	3
OG_2472	1	1	4	1	0	1	1	3	0	1	0	0
OG_2473	1	3	2	2	4	1	1	2	1	1	3	0
OG_2474	1	1	1	1	2	1	1	1	1	1	2	1
OG_2475	3	1	1	1	3	1	1	2	1	2	2	1
OG_2476	1	1	1	1	0	1	1	1	2	1	0	0
OG_2477	5	80	2	25	0	6	5	0	1	0	33	0
OG_2478	2	4	3	4	1	4	5	2	1	1	1	0
OG_2479	4	0	1	2	0	1	0	0	0	0	0	0
OG_2480	2	1	3	1	0	4	4	1	0	8	0	0
OG_2481	5	2	2	2	1	1	4	2	2	4	3	1
OG_2482	2	1	1	1	2	1	1	1	1	4	1	1
OG_2483	1	2	1	1	0	1	1	1	2	1	0	0
OG_2484	1	1	1	1	0	1	1	1	1	1	1	2
OG_2485	1	1	1	1	4	1	1	0	1	1	0	1
OG_2486	2	1	1	1	1	1	1	1	1	1	2	1
OG_2487	1	1	1	2	0	1	1	1	1	1	0	1
OG_2488	1	2	1	1	0	0	1	1	0	0	0	0
OG_2489	1	1	1	3	0	1	1	1	1	2	0	2
OG_2490	1	1	1	1	2	1	1	1	1	0	1	3
OG_2491	2	1	1	1	2	2	1	1	1	1	3	1
OG_2492	8	4	4	2	0	5	7	5	4	5	0	1
OG_2493	1	1	2	1	2	1	1	1	2	7	1	2
OG_2494	3	3	1	1	3	1	1	1	1	1	2	1
OG_2495	1	1	1	1	1	1	1	1	1	1	1	1
OG_2496	2	1	1	1	2	1	1	1	1	4	4	1
OG_2497	1	1	1	1	1	1	1	1	1	2	1	1
OG_2498	1	1	1	1	2	0	1	2	1	2	1	0
OG_2499	1	1	1	1	1	3	1	1	2	2	1	1
OG_2500	1	1	1	1	1	1	1	1	1	1	1	1
OG_2501	5	2	2	2	0	2	6	5	2	1	0	0
OG_2502	1	1	1	1	1	1	2	1	2	1	1	1
OG_2503	28	21	30	51	57	15	20	15	15	8	31	6
OG_2504	1	1	2	2	1	1	1	1	1	1	1	1
OG_2505	1	1	1	5	2	1	2	1	1	3	1	1
OG_2506	1	0	0	0	0	0	3	0	0	0	0	0
OG_2507	3	1	3	4	0	3	3	2	4	5	0	1
OG_2508	1	1	1	1	1	1	1	1	1	13	2	1
OG_2509	1	1	1	1	1	1	1	1	1	1	3	0
OG_2510	4	1	1	4	2	1	4	1	3	0	9	0
OG_2511	8	1	5	7	0	9	9	3	9	18	0	0
OG_2512	27	58	0	24	0	2	6	1	0	1	9	0
OG_2513	1	1	1	8	1	1	1	1	1	2	3	0
OG_2514	2	1	1	1	1	1	1	1	1	1	1	0
OG_2515	1	1	2	1	3	8	1	1	1	2	2	1
OG_2516	2	1	2	1	3	1	1	1	1	6	1	2
OG_2517	6	1	2	3	0	9	4	1	0	1	0	0
OG_2518	1	1	1	1	3	1	1	1	1	1	0	1
OG_2519	12	2	6	1	0	1	1	7	1	2	0	2
OG_2520	1	1	1	1	2	1	1	1	1	1	0	1
OG_2521	1	2	1	1	1	1	2	1	2	1	2	1
OG_2522	1	1	2	1	2	1	0	1	1	2	1	2
OG_2523	10	8	13	12	7	8	7	8	3	3	7	3
OG_2524	2	0	1	2	1	1	2	2	2	2	3	6
OG_2525	1	1	1	1	0	1	1	1	2	6	0	1
OG_2526	3	1	2	1	2	1	4	1	1	2	2	1
OG_2527	1	3	2	1	1	1	1	1	1	0	1	1
OG_2528	1	1	1	2	2	1	1	1	2	1	1	1
OG_2529	1	1	1	2	1	1	1	4	1	6	1	1
OG_2530	1	1	1	2	0	1	1	1	1	1	0	1
OG_2531	4	1	5	1	8	1	3	1	1	19	4	1
OG_2532	1	1	3	0	2	1	1	1	1	2	0	1
OG_2533	1	1	1	0	0	1	0	1	0	1	0	0
OG_2534	2	1	1	1	5	1	1	5	1	2	0	1
OG_2535	1	1	0	2	1	1	1	1	1	3	2	1
OG_2536	1	1	6	1	0	1	1	11	1	1	1	1
OG_2537	1	1	1	1	1	1	2	1	2	3	1	1
OG_2538	2	1	1	1	1	1	2	1	1	1	0	0
OG_2539	1	1	1	4	0	1	2	1	2	1	0	0
OG_2540	1	1	1	1	1	1	1	1	0	1	2	1
OG_2541	1	1	1	1	1	1	2	1	1	1	1	1
OG_2542	1	1	1	1	1	1	1	1	0	1	1	1
OG_2543	1	1	1	1	0	1	1	1	1	1	0	1
OG_2544	2	1	3	1	3	1	1	3	2	1	2	1
OG_2545	6	2	1	5	0	1	4	1	0	0	0	0
OG_2546	1	1	1	1	1	1	1	1	0	1	1	1
OG_2547	1	1	1	1	1	1	1	2	1	2	3	2
OG_2548	2	1	2	1	1	1	1	2	1	3	3	1
OG_2549	52	0	0	8	5	2	0	0	3	2	9	0
OG_2550	1	1	1	1	1	1	1	1	1	1	1	0
OG_2551	8	2	3	2	0	3	2	3	3	1	0	0
OG_2552	8	3	4	3	0	2	4	2	1	2	0	0
OG_2553	1	1	1	1	1	1	1	1	1	2	0	0
OG_2554	2	2	1	5	1	1	1	1	1	0	0	2
OG_2555	1	1	4	2	3	1	1	2	1	9	0	0
OG_2556	1	1	1	1	1	1	2	1	1	1	2	2
OG_2557	1	1	1	1	1	1	1	1	1	1	3	1
OG_2558	1	1	2	1	0	1	2	2	1	1	0	0
OG_2559	6	1	0	5	0	2	3	0	5	3	0	0
OG_2560	1	1	1	3	2	1	1	1	1	4	1	0
OG_2561	13	50	3	42	2	7	5	0	4	0	0	0
OG_2562	1	1	1	1	1	1	1	1	1	1	1	1
OG_2563	1	1	1	1	0	1	2	2	1	2	0	1
OG_2564	6	4	5	2	0	10	0	5	0	0	5	1
OG_2565	1	1	1	1	1	1	1	1	1	1	1	1
OG_2566	1	1	1	1	1	1	1	1	1	2	0	1
OG_2567	1	2	2	1	2	1	1	2	1	2	3	1
OG_2568	1	1	1	1	1	3	1	1	1	2	2	1
OG_2569	1	1	1	1	1	1	0	1	1	0	1	1
OG_2570	1	1	3	1	1	1	1	1	1	1	0	1
OG_2571	1	1	0	1	1	1	1	1	1	0	1	2
OG_2572	1	1	2	1	2	1	1	2	3	3	1	1
OG_2573	2	5	2	1	4	1	1	1	1	1	1	1
OG_2574	1	1	1	1	1	1	1	1	1	1	4	1
OG_2575	3	0	1	0	0	1	3	1	0	0	1	0
OG_2576	1	0	3	2	0	1	2	4	0	0	0	0
OG_2577	1	1	1	2	0	1	1	1	0	0	0	0
OG_2578	1	1	2	1	2	1	1	2	1	1	1	1
OG_2579	2	1	2	0	1	1	1	2	0	4	2	1
OG_2580	3	1	1	2	1	1	1	1	1	1	2	1
OG_2581	8	1	0	3	0	2	0	0	1	0	0	0
OG_2582	1	1	4	1	1	1	1	1	1	2	1	1
OG_2583	1	0	1	1	0	1	1	1	2	0	0	1
OG_2584	1	1	1	1	3	1	1	1	2	2	0	2
OG_2585	1	1	1	2	2	1	1	1	1	1	0	1
OG_2586	1	1	1	1	2	1	1	1	0	1	0	0
OG_2587	41	61	25	40	23	17	26	14	26	19	13	11
OG_2588	2	1	1	1	4	1	1	1	1	3	1	1
OG_2589	1	0	2	1	2	1	1	1	1	2	3	1
OG_2590	2	1	5	1	1	2	1	5	2	3	2	1
OG_2591	1	2	1	1	0	1	1	1	2	3	0	0
OG_2592	2	1	1	1	1	1	1	1	0	0	1	1
OG_2593	4	4	2	4	0	3	3	1	0	0	0	0
OG_2594	1	1	2	1	0	2	2	2	0	0	0	0
OG_2595	1	1	0	1	0	1	1	1	0	0	0	0
OG_2596	2	1	1	1	1	1	1	1	1	2	1	3
OG_2597	1	1	1	1	1	1	1	2	1	4	3	1
OG_2598	15	12	25	16	0	15	15	18	8	21	0	0
OG_2599	1	1	2	1	1	1	1	1	2	1	3	1
OG_2600	1	1	1	1	1	1	1	1	2	0	4	1
OG_2601	1	1	1	1	1	1	1	1	1	7	2	1
OG_2602	1	1	1	1	0	1	1	1	0	0	0	0
OG_2603	1	1	2	1	0	1	1	1	0	1	0	0
OG_2604	46	8	1	44	0	11	2	1	16	1	1	17
OG_2605	2	4	2	1	1	1	1	1	1	2	0	1
OG_2606	1	1	1	1	2	1	1	1	1	2	1	1
OG_2607	1	1	1	4	1	1	1	3	1	1	2	3
OG_2608	1	1	1	2	0	1	1	1	0	1	0	0
OG_2609	1	2	1	1	1	1	1	1	1	5	0	1
OG_2610	1	1	1	1	0	1	1	1	1	0	0	0
OG_2611	1	2	1	1	1	1	1	1	1	0	1	1
OG_2612	1	1	1	1	2	1	1	1	2	1	2	1
OG_2613	1	1	1	1	3	1	1	1	1	3	1	2
OG_2614	1	1	2	1	1	1	1	1	1	1	1	1
OG_2615	1	1	0	1	1	1	1	0	1	0	1	2
OG_2616	1	1	1	1	4	1	1	1	1	1	1	1
OG_2617	3	1	2	3	0	2	2	2	0	0	0	0
OG_2618	6	9	0	7	0	0	0	0	2	0	0	0
OG_2619	1	1	2	1	1	1	1	3	1	4	3	4
OG_2620	2	1	1	1	1	1	2	1	0	1	0	0
OG_2621	2	1	1	0	3	3	2	2	2	1	1	1
OG_2622	1	1	5	1	0	1	1	4	2	3	0	0
OG_2623	2	1	3	1	1	1	1	3	3	1	2	1
OG_2624	1	1	7	1	0	1	2	1	7	16	0	0
OG_2625	1	6	1	14	2	2	1	1	1	1	1	0
OG_2626	1	1	1	1	4	1	1	1	2	2	0	1
OG_2627	1	1	0	2	0	2	1	1	1	0	0	0
OG_2628	1	2	1	4	0	1	1	1	2	1	0	0
OG_2629	1	1	1	1	1	1	1	1	1	1	2	1
OG_2630	2	1	2	1	0	1	2	1	0	0	0	0
OG_2631	1	1	4	1	2	1	1	4	1	1	1	1
OG_2632	19	10	9	14	2	8	20	10	14	19	2	1
OG_2633	2	1	1	1	1	1	1	2	1	1	1	0
OG_2634	1	1	1	1	0	1	1	1	1	1	0	1
OG_2635	3	1	4	3	0	5	5	5	4	1	0	2
OG_2636	1	1	1	1	0	1	2	1	0	0	0	0
OG_2637	12	2	6	5	6	5	7	4	6	3	8	9
OG_2638	1	0	0	0	0	1	1	1	0	0	0	0
OG_2639	1	2	1	1	2	1	1	3	1	2	5	1
OG_2640	1	1	1	1	0	1	1	1	0	0	0	1
OG_2641	3	1	1	0	0	1	1	4	0	0	0	0
OG_2642	1	2	1	1	1	1	1	2	1	6	4	1
OG_2643	4	0	0	0	0	1	3	0	0	0	0	0
OG_2644	1	1	1	1	1	2	1	1	0	1	1	0
OG_2645	1	1	3	1	0	1	1	1	1	0	0	5
OG_2646	1	1	1	1	0	1	1	1	1	3	0	0
OG_2647	2	1	1	1	0	1	1	1	0	1	1	1
OG_2648	1	1	3	2	1	1	1	3	1	1	2	2
OG_2649	1	1	1	1	1	1	1	2	2	3	1	1
OG_2650	2	1	1	1	1	1	1	1	1	1	1	1
OG_2651	1	1	1	1	1	1	2	1	1	1	1	2
OG_2652	18	17	22	18	3	18	39	12	30	1	6	11
OG_2653	2	6	0	0	0	3	4	1	6	0	0	0
OG_2654	6	1	2	1	3	1	2	4	1	1	2	3
OG_2655	3	2	0	2	0	1	2	2	1	0	0	0
OG_2656	1	1	1	1	0	1	1	1	1	2	0	1
OG_2657	1	2	0	1	1	4	3	1	1	2	1	1
OG_2658	2	1	1	1	1	1	2	1	1	1	1	1
OG_2659	2	1	1	1	1	1	1	1	1	1	1	1
OG_2660	1	1	2	1	0	1	1	2	0	3	0	0
OG_2661	1	0	1	2	0	1	1	1	1	1	0	2
OG_2662	1	0	1	0	0	1	0	3	0	0	0	0
OG_2663	2	1	1	1	1	1	1	1	0	2	2	1
OG_2664	65	43	53	65	15	70	77	53	21	39	18	6
OG_2665	1	1	1	4	0	4	4	0	2	1	0	0
OG_2666	1	1	2	1	1	1	1	1	1	1	1	1
OG_2667	1	1	2	1	1	1	1	2	2	4	1	1
OG_2668	78	30	100	45	3	43	41	73	23	30	3	29
OG_2669	2	1	1	1	0	1	1	1	1	3	0	1
OG_2670	1	0	0	1	0	1	1	1	0	0	0	0
OG_2671	1	2	2	1	1	1	1	1	1	1	2	1
OG_2672	1	1	1	1	0	1	1	0	0	0	0	0
OG_2673	1	1	1	1	1	1	1	1	1	1	1	1
OG_2674	10	1	25	3	1	17	5	4	1	1	0	1
OG_2675	1	1	1	1	1	1	1	1	1	1	1	1
OG_2676	1	1	1	1	0	1	2	1	1	1	0	0
OG_2677	1	1	1	1	2	1	1	2	1	2	1	1
OG_2678	1	1	3	1	0	2	2	1	1	1	0	1
OG_2679	2	1	3	2	0	1	1	1	1	1	0	0
OG_2680	1	1	1	2	0	1	0	1	0	0	0	0
OG_2681	1	1	1	1	0	1	1	5	1	0	0	1
OG_2682	1	0	1	1	0	1	1	1	0	0	0	0
OG_2683	3	1	1	1	1	2	2	3	2	4	3	1
OG_2684	1	1	1	1	1	1	1	1	1	1	2	1
OG_2685	4	0	0	3	0	0	0	0	0	0	0	0
OG_2686	1	1	4	1	1	1	1	1	1	1	2	3
OG_2687	1	1	1	1	1	1	1	1	1	2	1	1
OG_2688	10	0	3	0	0	2	2	0	0	0	0	0
OG_2689	14	12	16	13	23	18	22	13	12	14	13	14
OG_2690	2	1	1	1	0	1	1	1	1	4	0	0
OG_2691	1	2	1	1	1	1	1	1	2	1	0	0
OG_2692	1	1	1	1	1	1	1	1	1	1	1	1
OG_2693	1	1	1	1	1	1	1	1	1	2	2	1
OG_2694	2	3	1	1	1	1	1	3	3	1	2	1
OG_2695	1	1	1	1	1	1	1	1	0	1	0	1
OG_2696	2	1	1	1	3	1	1	1	4	1	2	1
OG_2697	1	1	1	1	1	1	1	1	1	1	2	1
OG_2698	1	1	3	1	1	1	1	1	1	1	1	1
OG_2699	1	1	1	1	2	1	1	2	1	3	1	1
OG_2700	1	1	1	1	1	1	1	1	1	1	2	1
OG_2701	1	1	1	1	0	1	1	1	1	0	0	0
OG_2702	1	1	2	2	1	1	1	1	0	1	1	2
OG_2703	20	0	0	0	0	0	0	0	2	0	0	0
OG_2704	1	2	2	1	4	1	1	1	1	2	1	1
OG_2705	1	1	5	2	1	1	2	1	1	1	1	1
OG_2706	1	1	1	1	0	1	1	1	1	8	0	1
OG_2707	1	1	1	1	2	1	1	1	1	1	3	2
OG_2708	1	1	1	1	3	1	1	1	1	1	1	6
OG_2709	3	1	1	1	0	1	1	1	1	2	0	1
OG_2710	1	2	1	1	3	1	1	1	1	1	0	1
OG_2711	1	4	3	5	0	2	2	9	1	4	0	1
OG_2712	1	1	1	1	1	1	1	1	1	1	2	2
OG_2713	2	1	0	3	0	2	2	0	0	0	0	0
OG_2714	1	1	3	1	1	1	1	1	2	2	2	0
OG_2715	1	1	1	1	0	1	1	1	0	0	0	0
OG_2716	1	1	1	1	1	1	2	1	1	1	1	1
OG_2717	1	1	1	1	1	1	2	0	1	1	2	1
OG_2718	8	5	5	4	1	5	10	8	6	5	1	0
OG_2719	1	2	2	1	1	1	1	2	2	1	1	1
OG_2720	1	4	2	1	1	1	1	3	3	1	1	1
OG_2721	2	2	2	1	1	1	1	1	1	1	2	1
OG_2722	1	2	1	1	1	1	1	3	2	2	1	1
OG_2723	1	1	1	2	0	1	1	1	1	4	0	1
OG_2724	1	1	1	1	2	1	1	1	1	1	1	1
OG_2725	1	1	1	2	0	1	1	1	1	1	0	0
OG_2726	1	1	1	1	1	1	1	1	1	1	2	2
OG_2727	2	0	1	1	1	2	1	2	0	1	0	1
OG_2728	1	0	1	1	0	1	1	1	1	0	0	0
OG_2729	1	0	1	1	0	2	1	0	1	0	0	2
OG_2730	1	1	2	0	0	1	1	1	1	1	1	0
OG_2731	1	1	0	2	0	0	1	0	1	0	0	0
OG_2732	1	2	1	1	0	1	1	1	1	3	0	2
OG_2733	1	0	1	1	0	1	1	1	0	0	0	0
OG_2734	1	1	2	1	1	2	1	2	0	1	1	1
OG_2735	1	1	1	1	1	1	1	2	1	1	1	1
OG_2736	1	1	1	1	1	1	1	1	1	1	1	1
OG_2737	2	2	2	1	1	2	4	2	2	3	1	0
OG_2738	26	140	3	43	19	3	16	0	10	0	0	0
OG_2739	8	4	5	5	0	0	8	0	0	0	0	1
OG_2740	1	1	2	1	1	1	1	1	1	1	1	2
OG_2741	1	1	1	1	0	1	1	1	1	1	0	0
OG_2742	3	0	0	1	0	1	5	1	2	0	0	0
OG_2743	1	0	2	1	2	1	1	2	1	1	1	2
OG_2744	1	1	1	1	1	1	1	1	1	1	3	1
OG_2745	3	2	9	3	12	1	1	2	5	2	0	1
OG_2746	1	1	1	1	1	1	1	1	1	4	1	1
OG_2747	2	2	1	2	1	1	1	2	1	2	1	1
OG_2748	2	0	1	0	0	1	2	1	0	0	0	0
OG_2749	1	1	1	1	1	2	1	1	1	1	1	2
OG_2750	1	1	1	1	1	1	1	1	1	1	1	1
OG_2751	1	1	0	1	0	1	1	0	0	0	0	0
OG_2752	1	1	1	1	1	1	1	1	1	7	0	1
OG_2753	7	5	6	9	1	7	11	2	4	0	4	1
OG_2754	2	0	3	2	0	1	0	1	0	0	0	0
OG_2755	1	1	4	1	0	1	1	1	1	6	0	1
OG_2756	18	3	0	29	0	0	1	0	6	1	0	0
OG_2757	4	1	5	3	0	5	3	5	2	3	0	1
OG_2758	1	0	1	1	0	1	1	2	0	0	0	0
OG_2759	1	1	0	1	0	1	1	0	0	0	0	0
OG_2760	5	1	1	1	1	1	2	1	1	4	2	2
OG_2761	1	2	2	1	3	2	2	7	1	1	4	1
OG_2762	20	7	8	7	0	4	6	3	4	1	0	0
OG_2763	2	0	1	0	0	1	0	2	0	0	0	0
OG_2764	1	3	1	1	1	1	1	1	1	1	1	1
OG_2765	1	1	0	1	0	1	1	1	2	0	0	0
OG_2766	5	1	3	2	1	2	6	3	3	2	1	0
OG_2767	1	1	1	1	1	1	1	2	2	1	1	1
OG_2768	1	1	1	1	0	1	1	1	1	1	0	1
OG_2769	1	1	1	1	5	1	1	1	1	1	2	1
OG_2770	1	0	1	1	0	1	1	1	1	1	0	1
OG_2771	10	0	0	0	0	0	2	0	0	0	0	0
OG_2772	1	1	2	1	2	1	1	2	1	2	1	1
OG_2773	9	1	3	1	1	7	1	1	1	1	0	0
OG_2774	2	3	3	2	1	3	3	3	3	2	5	2
OG_2775	3	9	0	2	0	0	4	0	0	0	0	0
OG_2776	1	2	3	2	1	2	4	2	2	2	1	1
OG_2777	10	8	3	7	9	1	12	1	4	2	3	0
OG_2778	1	1	1	1	1	1	1	1	1	1	1	1
OG_2779	1	1	1	1	1	1	2	1	1	5	1	1
OG_2780	5	1	1	1	1	1	3	1	2	1	1	1
OG_2781	1	4	2	2	2	3	1	5	2	2	4	2
OG_2782	5	2	13	4	0	3	5	12	0	2	0	0
OG_2783	1	1	1	1	0	1	1	3	1	1	0	1
OG_2784	1	1	1	1	1	1	1	1	2	0	1	1
OG_2785	2	2	5	3	2	3	2	5	3	8	1	1
OG_2786	1	1	1	1	1	1	2	1	0	0	1	0
OG_2787	1	1	3	1	3	1	1	1	1	1	0	1
OG_2788	1	1	1	1	1	1	1	3	1	3	1	2
OG_2789	1	1	1	1	2	1	3	1	1	5	1	1
OG_2790	1	1	2	1	2	1	2	1	1	2	1	0
OG_2791	1	1	2	1	1	1	1	1	1	1	1	0
OG_2792	1	1	1	1	1	1	1	1	2	4	1	1
OG_2793	1	1	1	1	1	1	1	1	1	1	1	1
OG_2794	1	1	2	1	2	1	1	1	1	1	1	1
OG_2795	114	44	49	40	11	37	53	15	26	15	12	5
OG_2796	2	1	1	1	1	1	1	1	1	1	1	1
OG_2797	4	2	1	3	5	1	5	1	1	3	6	1
OG_2798	1	1	3	1	0	2	1	1	1	2	0	1
OG_2799	1	1	1	1	1	1	1	1	1	1	1	1
OG_2800	1	1	1	1	0	1	2	1	1	0	0	1
OG_2801	1	1	1	1	1	1	1	2	1	1	0	1
OG_2802	1	2	1	2	1	1	1	1	1	2	1	1
OG_2803	2	2	3	1	1	2	1	2	1	4	1	1
OG_2804	11	3	7	4	1	4	1	7	3	6	1	3
OG_2805	1	0	1	1	1	1	4	1	1	3	0	2
OG_2806	5	5	9	5	6	4	7	9	8	12	1	3
OG_2807	4	1	1	4	0	1	1	1	2	2	0	0
OG_2808	3	1	1	1	1	1	1	1	2	1	1	1
OG_2809	2	4	3	1	0	7	1	1	0	0	0	0
OG_2810	2	2	1	2	1	1	1	1	2	4	1	2
OG_2811	1	2	0	1	1	1	1	0	1	2	1	0
OG_2812	4	2	2	2	0	1	3	1	1	3	0	0
OG_2813	1	1	1	1	1	1	2	1	1	1	2	1
OG_2814	1	1	1	1	0	1	2	1	2	2	0	1
OG_2815	2	2	3	2	0	2	2	2	2	1	0	0
OG_2816	1	1	1	1	1	1	1	1	2	2	1	1
OG_2817	1	1	1	1	0	1	1	1	1	1	0	0
OG_2818	1	1	0	1	1	1	1	1	1	1	0	1
OG_2819	1	1	1	1	1	1	2	1	2	4	1	1
OG_2820	1	1	1	1	0	1	1	1	1	1	0	0
OG_2821	1	1	1	1	0	1	0	1	0	1	0	0
OG_2822	1	1	1	1	0	1	1	1	1	1	0	0
OG_2823	10	2	7	6	3	12	4	10	5	9	1	0
OG_2824	1	1	3	1	1	1	1	2	1	1	0	1
OG_2825	3	17	2	1	3	1	2	1	1	3	2	0
OG_2826	1	1	10	3	1	1	1	8	5	1	2	1
OG_2827	2	2	2	1	1	1	1	2	1	2	2	1
OG_2828	1	1	1	1	1	1	1	1	0	0	1	2
OG_2829	1	1	2	1	1	1	1	1	1	4	1	1
OG_2830	1	1	1	1	1	1	1	1	1	5	1	0
OG_2831	1	1	2	3	6	2	2	4	2	3	1	2
OG_2832	2	3	4	3	1	3	3	3	4	3	1	1
OG_2833	1	1	1	3	1	1	1	1	3	5	1	1
OG_2834	1	1	1	3	2	1	1	1	1	1	1	1
OG_2835	1	1	1	1	0	1	1	3	0	0	0	0
OG_2836	2	1	2	1	1	1	1	1	1	5	4	2
OG_2837	2	2	2	1	4	1	1	1	1	0	1	1
OG_2838	1	2	1	1	1	1	1	1	2	6	4	1
OG_2839	2	1	2	1	2	1	1	2	1	2	1	0
OG_2840	1	0	3	1	0	1	1	1	1	0	0	0
OG_2841	8	13	0	7	0	0	0	0	1	0	0	0
OG_2842	1	1	2	1	3	1	1	1	2	3	2	1
OG_2843	1	1	1	1	1	1	1	1	1	1	1	1
OG_2844	13	8	1	7	0	0	7	0	5	0	0	3
OG_2845	1	1	1	1	0	1	1	1	1	1	0	1
OG_2846	1	1	1	1	1	1	1	1	0	0	0	2
OG_2847	1	1	2	1	5	1	1	1	1	1	1	2
OG_2848	1	1	2	1	0	1	1	1	0	0	0	0
OG_2849	1	0	1	1	0	1	1	0	0	0	0	0
OG_2850	3	1	5	3	3	2	2	3	2	1	4	1
OG_2851	1	1	5	1	1	1	1	7	1	4	2	1
OG_2852	1	1	1	1	0	1	1	1	1	1	0	0
OG_2853	1	1	1	1	0	1	1	2	0	0	0	0
OG_2854	7	1	2	2	2	3	3	3	5	5	1	2
OG_2855	2	2	2	3	1	0	2	2	4	4	0	1
OG_2856	1	1	1	1	1	1	1	1	1	4	2	1
OG_2857	3	2	1	2	1	2	2	1	3	1	0	1
OG_2858	2	1	1	1	1	1	1	2	1	3	0	1
OG_2859	9	2	11	4	0	7	6	6	0	3	0	1
OG_2860	111	78	2	84	1	34	22	2	16	4	36	0
OG_2861	1	1	2	1	0	1	1	1	2	1	0	0
OG_2862	1	1	1	1	1	1	1	1	1	2	1	1
OG_2863	2	9	1	1	3	1	1	1	2	1	1	1
OG_2864	1	0	1	1	1	1	1	1	1	1	2	1
OG_2865	2	4	1	1	2	1	1	2	1	2	1	1
OG_2866	1	0	2	1	0	2	5	1	0	0	0	0
OG_2867	1	1	2	2	1	1	1	1	3	0	0	1
OG_2868	1	1	1	1	4	1	1	1	1	1	1	1
OG_2869	1	1	1	1	3	1	1	1	2	1	1	1
OG_2870	1	0	3	1	0	1	1	1	0	2	0	0
OG_2871	1	2	2	1	2	1	1	2	1	7	1	1
OG_2872	2	3	4	2	2	2	2	2	2	3	1	2
OG_2873	1	1	2	1	0	1	2	1	1	1	0	1
OG_2874	1	1	1	1	0	1	1	1	3	11	0	1
OG_2875	3	1	1	1	1	1	1	1	2	5	2	1
OG_2876	1	2	1	1	3	1	0	1	1	2	1	1
OG_2877	1	1	1	1	1	1	1	1	1	1	1	1
OG_2878	2	1	3	1	1	2	1	4	0	3	1	1
OG_2879	1	1	4	1	2	1	1	1	1	5	1	1
OG_2880	2	0	1	0	5	4	12	3	0	0	0	0
OG_2881	1	1	1	1	1	1	1	1	0	1	2	0
OG_2882	1	2	0	1	0	1	1	1	0	0	0	0
OG_2883	1	1	1	1	1	1	1	2	1	1	0	1
OG_2884	1	1	1	2	0	1	1	1	0	1	0	0
OG_2885	1	1	1	1	1	1	1	1	1	1	1	1
OG_2886	1	1	2	2	1	1	1	1	1	2	2	1
OG_2887	6	25	4	6	0	1	1	2	2	3	24	3
OG_2888	1	1	4	1	0	1	1	2	0	1	0	0
OG_2889	1	1	1	1	2	1	1	1	3	1	2	1
OG_2890	1	2	0	1	0	1	0	0	0	0	0	0
OG_2891	17	16	13	15	0	13	16	18	6	11	0	0
OG_2892	2	3	2	2	0	2	2	3	2	1	1	1
OG_2893	1	1	3	1	2	1	2	3	1	8	4	1
OG_2894	1	4	1	6	0	1	3	2	4	0	0	0
OG_2895	10	0	0	0	0	0	7	0	2	0	0	0
OG_2896	3	1	3	2	0	2	2	2	0	0	0	0
OG_2897	20	9	18	17	4	12	31	15	4	6	6	6
OG_2898	1	1	1	1	0	1	1	1	1	0	1	0
OG_2899	1	1	1	1	0	1	1	1	0	1	0	0
OG_2900	13	19	8	19	18	10	16	12	6	11	24	17
OG_2901	3	3	6	2	13	3	3	3	2	3	6	8
OG_2902	9	0	0	0	0	0	7	0	0	0	0	0
OG_2903	1	1	2	1	1	1	4	1	1	2	3	3
OG_2904	1	3	9	2	0	2	4	2	0	0	0	0
OG_2905	1	1	4	0	0	5	2	2	0	0	0	0
OG_2906	39	0	1	8	1	0	7	0	3	0	0	15
OG_2907	3	2	0	1	0	2	2	0	1	2	0	0
OG_2908	8	8	17	10	2	9	9	15	9	9	1	2
OG_2909	13	3	7	6	0	4	4	3	8	4	0	0
OG_2910	1	1	2	1	1	1	1	1	0	3	0	1
OG_2911	1	1	1	1	1	1	1	1	1	1	4	1
OG_2912	1	1	0	1	0	1	1	0	0	0	0	0
OG_2913	1	1	1	1	1	1	1	1	1	6	3	1
OG_2914	1	1	1	1	0	1	1	1	0	0	0	0
OG_2915	2	1	2	1	7	1	2	3	2	1	4	7
OG_2916	1	1	1	1	2	1	1	1	1	1	1	1
OG_2917	2	2	2	2	2	2	2	2	0	1	1	0
OG_2918	1	1	1	1	1	2	1	1	1	1	1	4
OG_2919	1	1	5	2	3	1	1	2	1	6	2	2
OG_2920	1	1	1	0	1	1	0	1	1	1	1	2
OG_2921	1	0	0	1	0	1	1	1	0	1	0	0
OG_2922	1	1	1	1	0	1	1	1	1	1	0	1
OG_2923	4	4	4	2	1	3	4	4	1	2	1	1
OG_2924	1	1	1	1	0	1	1	1	1	1	0	1
OG_2925	1	1	1	1	2	1	1	0	0	1	1	1
OG_2926	1	1	1	1	3	1	1	1	1	1	1	1
OG_2927	1	1	1	1	0	1	1	1	1	1	0	0
OG_2928	1	2	1	1	2	1	2	1	1	1	1	0
OG_2929	1	0	1	1	0	1	1	1	0	0	0	0
OG_2930	1	1	2	1	1	1	1	1	1	1	1	1
OG_2931	1	1	1	1	1	1	2	2	2	1	1	1
OG_2932	1	0	0	2	0	1	0	1	0	0	0	0
OG_2933	1	1	1	1	0	1	1	1	1	2	0	0
OG_2934	1	2	1	1	1	1	1	1	1	1	1	1
OG_2935	1	4	2	1	0	2	1	1	1	2	0	2
OG_2936	1	1	1	1	2	2	1	1	3	1	1	1
OG_2937	1	1	0	0	0	1	1	1	0	0	0	0
OG_2938	2	1	2	2	1	1	1	2	0	1	4	1
OG_2939	2	1	3	1	3	1	3	1	0	1	1	1
OG_2940	1	1	4	1	0	1	1	2	0	0	0	0
OG_2941	1	1	1	1	1	1	4	1	1	1	1	1
OG_2942	4	2	2	1	1	1	1	1	2	1	1	1
OG_2943	1	1	1	1	1	1	1	1	1	0	1	0
OG_2944	2	1	2	2	2	1	1	3	18	7	2	1
OG_2945	1	0	1	1	0	1	1	0	0	0	0	0
OG_2946	2	2	1	1	1	1	1	1	1	2	0	0
OG_2947	1	1	1	1	0	1	1	0	1	2	0	0
OG_2948	1	1	1	1	1	1	2	1	0	1	1	1
OG_2949	1	1	1	0	1	0	1	1	1	1	0	0
OG_2950	1	1	4	1	0	1	1	3	1	1	0	0
OG_2951	1	1	1	2	0	1	1	1	1	1	0	1
OG_2952	2	4	1	1	1	1	3	2	3	5	3	4
OG_2953	1	4	0	7	0	2	6	1	3	3	0	0
OG_2954	2	0	1	1	2	1	3	1	1	5	2	0
OG_2955	1	2	1	1	2	2	1	1	1	1	1	1
OG_2956	2	1	1	1	1	2	1	1	1	3	4	4
OG_2957	1	1	1	1	1	1	1	2	1	2	2	1
OG_2958	1	0	2	1	0	1	1	3	0	1	0	0
OG_2959	1	0	0	1	0	1	1	1	1	0	0	0
OG_2960	1	1	1	1	1	1	1	2	1	0	1	0
OG_2961	1	1	1	1	1	6	1	1	1	1	1	1
OG_2962	1	1	1	1	2	1	1	1	1	1	1	1
OG_2963	1	1	1	1	3	1	3	3	1	2	2	2
OG_2964	1	1	2	1	0	1	1	1	0	0	0	0
OG_2965	1	1	1	1	1	1	1	1	1	1	1	1
OG_2966	1	1	2	1	0	1	2	1	0	0	0	1
OG_2967	1	1	1	1	1	1	1	1	1	2	2	2
OG_2968	2	1	1	1	2	1	1	1	1	4	3	1
OG_2969	12	46	0	5	0	3	5	0	0	0	1	0
OG_2970	2	2	3	1	0	1	1	1	2	2	0	0
OG_2971	1	1	3	1	0	1	1	2	1	2	0	0
OG_2972	2	0	2	1	1	1	1	1	0	1	1	1
OG_2973	1	1	1	1	0	1	1	1	1	1	0	1
OG_2974	1	1	1	1	2	1	1	2	1	1	2	2
OG_2975	1	1	2	1	8	1	3	1	1	2	3	1
OG_2976	2	2	1	1	1	1	1	2	1	1	0	1
OG_2977	62	41	45	44	14	29	33	51	7	21	9	14
OG_2978	1	1	1	1	3	1	1	1	2	2	0	11
OG_2979	27	1	2	4	0	5	9	4	0	16	0	0
OG_2980	10	6	5	8	0	4	7	4	11	7	0	1
OG_2981	2	3	1	3	0	2	2	2	0	2	0	2
OG_2982	1	1	1	1	1	1	1	1	0	2	1	1
OG_2983	2	1	2	1	5	1	2	3	3	1	2	1
OG_2984	1	1	1	1	1	1	1	1	1	0	1	1
OG_2985	1	1	1	1	1	0	1	1	1	1	3	1
OG_2986	18	17	52	16	1	18	21	33	8	20	1	1
OG_2987	1	2	1	1	4	1	1	2	1	1	2	1
OG_2988	1	0	2	0	0	3	1	1	0	0	0	0
OG_2989	1	2	4	2	3	3	2	2	1	2	1	1
OG_2990	1	1	1	1	1	1	1	1	3	4	1	1
OG_2991	2	1	2	1	3	1	2	1	1	1	1	2
OG_2992	2	3	2	2	3	1	1	3	3	5	2	1
OG_2993	1	2	2	1	2	2	3	0	3	2	1	1
OG_2994	11	7	4	12	1	11	6	5	8	0	1	2
OG_2995	1	3	1	1	1	1	1	1	3	2	1	1
OG_2996	2	1	1	1	0	1	1	1	2	1	1	0
OG_2997	1	1	2	1	2	1	1	1	1	1	1	1
OG_2998	1	1	2	1	0	1	1	2	4	3	0	0
OG_2999	1	1	3	1	0	1	1	1	1	1	0	0
OG_3000	1	1	1	2	4	1	1	1	4	1	1	2
OG_3001	1	2	1	1	1	1	1	1	1	1	0	0
OG_3002	1	3	1	2	0	1	2	1	0	0	0	0
OG_3003	1	1	0	1	0	1	1	0	0	0	0	0
OG_3004	1	1	1	1	0	1	1	2	0	1	0	0
OG_3005	1	3	1	1	1	1	1	1	2	2	0	1
OG_3006	1	2	0	1	0	0	1	0	0	0	0	0
OG_3007	2	1	3	1	1	1	1	3	1	6	1	1
OG_3008	1	1	3	1	3	1	2	1	1	1	1	1
OG_3009	1	1	1	1	6	1	2	1	1	1	1	1
OG_3010	9	12	1	2	15	1	2	1	5	3	15	1
OG_3011	4	0	0	0	0	0	1	0	0	0	0	0
OG_3012	3	7	1	1	0	1	1	1	0	0	0	0
OG_3013	2	0	0	0	0	0	2	0	0	0	0	0
OG_3014	8	0	0	4	0	1	9	1	0	0	0	0
OG_3015	1	1	1	1	1	1	1	1	1	1	0	0
OG_3016	1	2	1	1	0	1	3	1	1	1	0	0
OG_3017	1	0	0	1	0	1	1	1	1	1	0	0
OG_3018	1	1	0	0	0	0	1	0	0	1	1	0
OG_3019	8	0	1	2	0	2	1	5	0	0	0	0
OG_3020	1	1	2	1	0	1	1	1	0	1	0	0
OG_3021	1	1	1	1	1	1	2	1	4	1	1	2
OG_3022	1	1	1	1	1	1	7	1	3	1	1	1
OG_3023	1	1	1	0	2	1	1	1	1	1	1	1
OG_3024	1	1	1	1	1	1	1	1	1	6	1	1
OG_3025	13	10	1	2	0	1	0	0	5	0	0	0
OG_3026	1	1	1	1	1	1	1	1	1	0	1	2
OG_3027	1	1	1	1	3	1	1	1	2	1	2	2
OG_3028	1	1	2	1	2	1	1	3	0	2	1	1
OG_3029	1	1	1	1	1	1	1	1	0	1	1	0
OG_3030	1	0	1	1	0	1	1	1	1	1	0	1
OG_3031	1	1	1	1	0	1	1	2	1	0	0	0
OG_3032	9	1	5	7	5	8	9	8	1	3	3	0
OG_3033	2	2	1	1	0	1	1	1	1	0	0	0
OG_3034	1	1	1	1	1	1	1	1	2	1	2	0
OG_3035	1	1	1	1	0	1	1	1	1	1	0	1
OG_3036	2	0	1	1	0	1	0	1	1	0	0	0
OG_3037	1	1	1	1	0	1	1	1	1	1	0	0
OG_3038	1	1	1	1	1	1	1	1	2	3	0	0
OG_3039	1	2	1	1	1	1	1	1	0	1	1	1
OG_3040	1	1	1	1	1	1	1	1	1	1	0	1
OG_3041	1	0	1	1	0	1	1	1	1	3	0	0
OG_3042	10	13	11	7	3	9	14	8	7	12	8	5
OG_3043	1	1	1	1	1	1	1	2	1	0	1	1
OG_3044	1	1	1	1	0	1	1	1	0	0	0	0
OG_3045	1	1	1	1	1	1	1	1	1	0	1	1
OG_3046	1	1	2	1	4	1	1	1	3	2	2	1
OG_3047	1	0	1	1	0	1	1	1	0	0	0	0
OG_3048	2	2	3	2	2	2	2	3	2	1	1	3
OG_3049	2	1	1	1	0	1	1	1	0	0	0	0
OG_3050	1	1	1	1	2	1	1	1	2	6	1	1
OG_3051	1	0	4	1	0	1	0	1	0	0	0	0
OG_3052	1	1	1	1	1	1	2	1	1	1	1	1
OG_3053	1	1	0	1	1	1	1	1	1	1	1	0
OG_3054	28	16	25	51	0	35	21	8	10	48	3	0
OG_3055	4	1	1	1	1	1	1	1	1	1	1	1
OG_3056	1	1	2	1	13	1	2	5	3	1	1	1
OG_3057	1	2	1	1	2	1	1	1	1	1	1	1
OG_3058	1	1	1	1	0	1	1	1	1	1	0	0
OG_3059	1	1	1	1	0	2	1	3	1	1	0	2
OG_3060	1	1	1	1	0	1	0	1	1	1	0	2
OG_3061	1	1	7	1	0	1	1	1	0	1	0	0
OG_3062	1	1	1	1	1	1	1	1	1	1	1	1
OG_3063	2	1	3	1	0	2	1	0	0	0	0	0
OG_3064	2	2	1	1	1	1	2	1	4	1	3	2
OG_3065	1	0	0	0	0	3	2	0	0	0	0	0
OG_3066	2	0	0	1	0	1	2	0	0	0	0	0
OG_3067	1	1	1	1	1	1	1	1	1	1	1	0
OG_3068	1	1	1	1	3	1	1	1	1	2	3	1
OG_3069	1	1	1	1	0	0	1	1	0	3	0	0
OG_3070	1	1	3	0	0	1	1	1	0	0	0	0
OG_3071	1	1	1	1	1	1	1	1	1	1	2	1
OG_3072	1	1	2	1	0	1	1	5	1	1	0	1
OG_3073	2	1	2	1	1	1	1	1	3	1	3	2
OG_3074	4	0	1	9	0	5	9	4	0	0	0	1
OG_3075	1	1	3	1	0	1	1	3	1	2	0	1
OG_3076	1	2	1	1	0	1	0	0	0	0	0	1
OG_3077	1	1	1	1	2	1	1	1	1	1	1	1
OG_3078	1	1	6	1	0	1	1	4	0	2	0	0
OG_3079	1	1	1	1	3	1	1	1	3	7	2	0
OG_3080	1	1	1	1	0	1	1	0	0	0	0	0
OG_3081	1	1	0	1	1	1	1	1	1	0	4	1
OG_3082	1	1	2	1	0	1	1	2	1	1	1	2
OG_3083	1	1	3	1	3	1	1	4	5	10	4	2
OG_3084	1	1	1	1	1	1	1	1	1	2	1	1
OG_3085	10	7	11	8	0	9	10	16	3	3	0	3
OG_3086	1	1	1	1	0	1	1	0	2	1	0	0
OG_3087	1	0	1	1	0	1	1	1	0	0	0	0
OG_3088	8	3	6	3	1	5	8	3	13	1	2	2
OG_3089	2	1	1	1	4	4	1	2	2	2	3	0
OG_3090	1	1	2	1	0	1	1	2	1	1	0	1
OG_3091	1	1	1	1	0	1	1	1	1	1	0	0
OG_3092	2	2	5	2	0	4	3	2	4	5	0	0
OG_3093	1	1	1	1	1	1	1	1	1	1	1	1
OG_3094	1	1	1	1	0	1	1	1	1	1	0	1
OG_3095	2	1	4	1	2	1	1	1	6	4	2	1
OG_3096	1	1	2	1	1	1	2	1	1	1	1	2
OG_3097	1	1	1	1	1	1	1	1	1	1	1	1
OG_3098	47	94	13	77	124	46	8	3	12	27	78	18
OG_3099	1	2	1	1	0	1	1	1	1	0	1	1
OG_3100	1	1	1	2	0	1	1	2	0	0	0	0
OG_3101	1	1	1	1	1	1	1	1	1	0	1	1
OG_3102	8	6	8	11	0	8	9	10	3	3	1	5
OG_3103	1	1	2	1	1	1	1	1	2	1	2	1
OG_3104	1	1	1	1	0	1	1	1	1	1	0	0
OG_3105	1	1	2	1	0	1	1	1	0	0	0	0
OG_3106	3	1	4	1	0	2	2	4	1	0	0	0
OG_3107	2	0	1	1	0	1	1	1	0	0	0	0
OG_3108	1	0	0	2	0	1	1	2	0	0	0	0
OG_3109	1	1	2	1	0	2	1	6	1	2	0	0
OG_3110	1	1	1	1	1	1	1	1	1	1	1	1
OG_3111	1	1	0	0	0	1	1	1	1	0	0	0
OG_3112	2	1	2	4	1	2	2	2	1	1	2	1
OG_3113	3	2	1	3	1	1	1	1	2	2	2	10
OG_3114	1	1	1	1	4	1	1	1	1	1	0	1
OG_3115	1	2	2	1	1	2	2	1	1	1	2	0
OG_3116	1	1	2	1	0	1	1	1	1	0	0	0
OG_3117	2	3	2	2	1	2	2	3	1	5	1	2
OG_3118	1	1	1	1	1	1	1	1	1	0	0	0
OG_3119	61	158	32	171	32	102	19	18	61	23	2	2
OG_3120	1	0	0	0	1	3	1	1	1	1	1	0
OG_3121	1	1	2	1	2	1	1	1	1	1	1	1
OG_3122	1	1	1	1	4	1	1	1	1	1	1	1
OG_3123	1	4	0	2	0	6	0	1	0	0	0	0
OG_3124	1	1	1	1	1	1	1	1	1	1	3	1
OG_3125	1	1	6	1	0	1	1	4	0	0	0	0
OG_3126	1	1	1	0	0	1	1	1	0	0	0	0
OG_3127	1	1	2	1	1	3	1	5	0	0	0	1
OG_3128	1	1	1	1	2	1	1	1	1	5	1	0
OG_3129	8	2	1	4	1	1	5	1	2	1	2	1
OG_3130	1	1	3	1	0	1	1	1	0	2	0	1
OG_3131	1	13	2	1	1	1	1	1	4	1	1	1
OG_3132	1	1	1	1	1	1	1	1	1	1	3	2
OG_3133	33	12	27	18	13	15	16	13	17	7	36	17
OG_3134	3	2	1	1	0	1	1	1	4	1	0	1
OG_3135	1	1	1	1	4	1	1	2	1	2	1	2
OG_3136	3	1	1	2	1	2	2	5	2	0	1	1
OG_3137	1	1	1	1	0	1	1	1	1	1	0	0
OG_3138	1	2	1	1	1	2	1	1	1	1	1	1
OG_3139	6	4	3	6	1	4	7	4	5	7	1	1
OG_3140	2	1	1	1	2	1	1	1	2	4	1	0
OG_3141	2	1	6	1	0	1	1	5	1	1	0	1
OG_3142	1	1	1	1	1	1	3	1	1	1	2	1
OG_3143	1	1	1	1	1	1	1	1	1	1	1	1
OG_3144	1	2	1	1	1	1	3	1	1	1	3	1
OG_3145	2	2	1	1	1	1	2	2	1	3	3	2
OG_3146	2	1	1	1	1	1	1	2	1	1	1	1
OG_3147	1	1	1	1	0	1	1	1	0	0	0	0
OG_3148	1	0	1	0	0	1	1	2	0	1	0	0
OG_3149	1	1	1	1	0	1	2	1	1	1	0	1
OG_3150	1	1	3	1	2	1	1	2	1	1	2	1
OG_3151	8	1	0	3	0	0	0	0	0	0	0	0
OG_3152	1	0	1	3	0	1	3	1	1	0	0	0
OG_3153	5	1	0	2	9	0	4	0	0	3	0	0
OG_3154	1	4	5	7	3	8	5	2	4	0	0	11
OG_3155	9	0	0	7	0	0	0	0	0	0	0	0
OG_3156	2	1	1	1	2	1	1	3	1	1	2	1
OG_3157	1	1	1	1	1	1	1	1	1	1	1	1
OG_3158	4	3	3	3	1	3	4	3	2	1	0	2
OG_3159	1	1	1	2	0	1	2	1	0	0	0	0
OG_3160	1	1	1	2	0	1	1	1	0	0	0	0
OG_3161	3	0	3	4	0	1	2	0	1	0	0	0
OG_3162	2	1	2	1	0	1	1	1	0	0	0	0
OG_3163	1	1	1	1	1	1	1	1	1	1	2	1
OG_3164	2	0	5	0	0	2	0	2	0	0	0	1
OG_3165	1	1	1	1	2	1	3	1	1	1	4	1
OG_3166	3	1	3	2	0	2	2	4	1	4	2	0
OG_3167	9	2	0	8	0	1	7	1	0	1	0	0
OG_3168	1	1	2	1	2	1	1	1	0	1	1	1
OG_3169	1	1	1	1	2	1	1	3	0	1	1	1
OG_3170	23	0	1	0	11	0	2	3	1	6	2	3
OG_3171	1	1	1	1	1	1	2	1	1	1	2	0
OG_3172	28	12	23	18	1	12	20	19	12	13	1	2
OG_3173	2	1	1	1	1	1	1	1	1	2	1	1
OG_3174	2	1	1	1	0	1	1	1	1	1	0	0
OG_3175	1	1	1	1	1	0	1	1	1	5	3	1
OG_3176	3	0	6	1	0	3	3	0	3	8	0	0
OG_3177	1	2	4	2	2	1	1	1	1	1	0	1
OG_3178	2	1	1	1	2	1	1	3	1	1	0	3
OG_3179	1	1	1	1	1	1	1	1	1	1	1	3
OG_3180	1	3	2	3	1	2	2	2	1	2	4	5
OG_3181	1	1	1	1	2	1	1	2	1	1	1	0
OG_3182	1	1	1	1	1	1	1	1	1	18	2	6
OG_3183	1	1	1	1	0	1	1	1	0	0	0	0
OG_3184	1	1	2	2	1	2	1	2	1	3	1	1
OG_3185	2	1	1	1	0	1	1	1	1	2	0	0
OG_3186	1	1	1	3	5	1	1	1	1	1	3	2
OG_3187	1	1	1	1	0	1	1	1	1	0	0	0
OG_3188	6	6	6	4	1	8	1	6	3	0	0	7
OG_3189	2	2	2	2	4	1	3	1	1	1	6	0
OG_3190	11	0	6	2	0	8	6	6	1	1	0	1
OG_3191	17	15	7	4	0	0	13	9	10	7	0	1
OG_3192	1	0	2	1	0	1	1	1	0	0	0	0
OG_3193	2	2	2	1	3	2	2	2	2	1	0	1
OG_3194	1	2	1	1	0	1	1	1	1	3	0	0
OG_3195	2	1	1	3	2	1	1	1	4	4	2	1
OG_3196	1	1	1	1	1	1	1	1	1	4	1	1
OG_3197	1	2	1	1	0	1	2	1	1	2	0	0
OG_3198	1	0	1	1	2	1	1	1	1	2	0	0
OG_3199	1	1	1	1	1	1	1	1	1	1	0	1
OG_3200	4	3	0	3	0	0	0	0	0	0	7	0
OG_3201	1	1	1	1	0	1	1	1	1	2	0	2
OG_3202	3	1	3	1	1	1	1	4	0	3	13	1
OG_3203	3	1	1	1	1	1	1	3	1	1	2	1
OG_3204	4	6	1	2	5	3	5	7	6	6	2	2
OG_3205	1	1	1	1	0	1	1	0	0	0	0	0
OG_3206	1	2	1	1	0	1	1	1	1	5	0	0
OG_3207	1	1	2	1	1	1	1	1	1	1	3	1
OG_3208	1	1	1	1	2	1	1	2	2	1	1	3
OG_3209	1	1	0	1	0	1	1	0	2	0	0	1
OG_3210	1	1	1	1	1	1	1	1	1	3	0	1
OG_3211	1	1	1	1	1	1	1	3	2	2	0	0
OG_3212	1	3	1	1	2	1	1	1	1	1	2	2
OG_3213	1	0	1	1	1	1	1	1	0	1	1	1
OG_3214	1	0	0	0	0	4	0	1	0	0	0	0
OG_3215	1	1	2	1	5	2	1	1	1	2	2	1
OG_3216	1	1	2	1	0	1	2	2	1	1	0	0
OG_3217	1	1	4	1	1	1	1	2	1	1	1	1
OG_3218	1	1	1	1	2	1	1	1	2	1	1	1
OG_3219	1	1	3	1	1	1	1	1	1	3	0	1
OG_3220	1	1	1	1	1	1	1	1	1	1	1	1
OG_3221	1	1	1	1	1	1	1	1	1	1	1	1
OG_3222	1	1	1	1	1	1	1	1	1	1	1	1
OG_3223	2	1	1	2	2	1	1	2	3	1	1	1
OG_3224	1	1	3	1	2	1	1	2	1	1	1	1
OG_3225	8	4	1	2	0	7	5	1	0	1	0	0
OG_3226	12	1	0	4	0	1	3	1	0	0	0	0
OG_3227	1	1	1	1	1	1	1	1	0	1	1	1
OG_3228	1	1	1	1	0	2	2	1	1	1	0	0
OG_3229	1	1	2	1	2	1	2	1	1	1	0	4
OG_3230	1	1	1	1	1	1	1	1	2	3	1	1
OG_3231	2	1	1	1	4	1	1	1	2	2	1	1
OG_3232	2	1	2	1	2	1	1	1	2	1	3	1
OG_3233	1	1	1	1	1	1	0	1	1	1	1	1
OG_3234	1	1	1	1	0	1	0	1	1	2	0	1
OG_3235	1	1	1	1	1	1	1	1	1	1	1	1
OG_3236	1	1	1	1	6	1	1	1	1	1	1	3
OG_3237	1	1	1	1	2	1	1	2	1	1	2	1
OG_3238	1	1	1	2	0	1	1	2	0	1	0	0
OG_3239	1	1	1	1	1	1	0	1	1	1	1	1
OG_3240	4	2	3	5	1	6	1	1	2	0	0	0
OG_3241	1	2	0	1	0	1	0	0	0	0	0	0
OG_3242	1	1	1	1	1	1	1	1	3	1	1	1
OG_3243	1	1	2	1	1	1	1	1	1	1	1	1
OG_3244	1	1	1	1	1	1	2	1	1	3	2	1
OG_3245	12	6	18	6	0	10	7	6	2	0	0	0
OG_3246	2	1	3	1	1	1	1	1	4	1	1	1
OG_3247	2	2	3	2	3	2	2	3	3	2	2	1
OG_3248	1	1	0	16	4	0	2	0	2	1	1	0
OG_3249	9	5	0	16	0	1	13	0	3	0	0	0
OG_3250	31	13	20	24	45	33	17	20	14	22	26	9
OG_3251	2	1	2	2	1	1	2	2	1	1	1	1
OG_3252	1	1	2	1	10	1	1	1	1	1	1	1
OG_3253	1	1	3	1	0	1	1	1	1	2	1	0
OG_3254	1	0	1	1	2	1	1	1	1	1	1	1
OG_3255	2	1	1	1	1	1	2	1	2	2	1	1
OG_3256	1	1	1	1	2	1	1	1	1	1	1	1
OG_3257	1	9	2	3	1	1	1	1	2	3	1	1
OG_3258	4	12	1	2	0	3	3	1	1	1	0	0
OG_3259	2	1	4	1	2	2	2	1	1	1	3	2
OG_3260	1	0	0	0	0	1	1	1	0	1	0	0
OG_3261	1	1	0	1	0	1	1	0	0	0	0	0
OG_3262	1	0	2	0	2	0	1	1	0	0	0	0
OG_3263	2	4	6	4	4	7	3	4	6	0	0	0
OG_3264	1	1	2	1	3	1	1	1	3	1	1	1
OG_3265	32	56	12	1	0	25	3	0	7	1	0	0
OG_3266	6	2	0	6	0	1	1	0	0	0	0	0
OG_3267	1	1	1	1	0	1	1	2	1	1	0	0
OG_3268	21	22	8	30	27	13	19	11	8	9	9	5
OG_3269	2	2	2	2	1	2	1	2	1	1	1	1
OG_3270	2	1	0	0	0	0	4	0	0	0	0	0
OG_3271	10	1	1	5	2	1	1	2	1	3	2	2
OG_3272	1	1	2	2	1	1	1	2	2	1	2	1
OG_3273	1	1	1	1	0	1	1	1	1	3	0	0
OG_3274	1	2	1	1	2	1	1	1	1	1	16	1
OG_3275	1	1	1	1	0	1	1	1	1	1	0	0
OG_3276	1	1	1	1	1	1	1	1	1	1	2	1
OG_3277	1	0	5	1	0	1	1	0	0	0	0	0
OG_3278	1	0	6	1	0	2	2	3	2	8	0	0
OG_3279	1	1	2	1	0	1	1	1	2	1	0	1
OG_3280	1	1	1	1	1	1	1	1	1	1	0	1
OG_3281	1	1	1	1	1	1	1	2	2	1	1	0
OG_3282	3	1	1	1	1	1	1	1	1	1	1	1
OG_3283	2	2	6	1	0	1	1	4	1	9	0	1
OG_3284	1	1	1	1	0	1	1	1	1	1	0	0
OG_3285	1	1	0	1	1	1	1	4	1	7	0	1
OG_3286	2	5	7	7	0	4	1	2	4	1	0	16
OG_3287	34	12	0	15	2	4	1	0	3	0	0	0
OG_3288	1	1	1	1	1	1	2	1	3	2	1	1
OG_3289	1	1	1	1	2	2	1	1	1	3	2	1
OG_3290	1	1	1	1	1	1	1	1	2	3	1	0
OG_3291	1	1	1	1	0	2	0	1	0	0	0	0
OG_3292	2	1	3	1	2	1	1	2	1	1	0	1
OG_3293	2	1	1	1	0	1	1	1	1	1	2	0
OG_3294	1	1	1	1	0	1	2	1	1	1	0	0
OG_3295	1	1	1	1	0	1	1	1	2	1	0	1
OG_3296	1	1	3	1	1	1	1	5	1	2	0	2
OG_3297	1	1	1	1	1	1	3	1	1	1	1	2
OG_3298	2	2	2	1	1	1	2	1	1	2	1	1
OG_3299	14	10	16	14	18	13	11	12	8	9	13	11
OG_3300	1	1	1	1	1	1	1	1	2	0	1	1
OG_3301	1	1	1	1	0	1	1	1	1	1	0	0
OG_3302	1	1	1	1	0	0	0	1	0	0	0	0
OG_3303	1	1	1	1	2	1	1	1	1	1	0	1
OG_3304	1	3	2	3	1	2	1	1	2	1	4	1
OG_3305	1	2	1	2	4	1	1	1	1	1	1	3
OG_3306	32	16	2	3	0	9	4	1	7	0	0	0
OG_3307	4	0	0	0	0	0	2	0	0	0	0	0
OG_3308	1	1	1	1	2	1	1	1	1	1	1	1
OG_3309	1	1	1	3	1	1	2	2	3	1	4	1
OG_3310	1	0	2	1	1	1	1	1	1	1	2	1
OG_3311	1	1	2	1	0	1	1	1	1	2	0	1
OG_3312	1	1	1	1	1	1	1	1	0	1	1	1
OG_3313	4	1	3	4	0	3	4	3	2	3	0	2
OG_3314	15	39	0	13	0	0	12	0	9	0	0	0
OG_3315	1	2	1	1	3	2	1	2	2	1	1	1
OG_3316	1	1	1	1	2	1	1	1	0	1	3	1
OG_3317	1	2	2	1	6	0	1	7	1	1	6	1
OG_3318	1	1	1	1	0	1	2	1	1	1	0	0
OG_3319	2	1	2	1	1	1	1	1	1	3	2	3
OG_3320	2	4	1	2	0	1	0	0	0	0	0	0
OG_3321	6	29	3	6	0	2	4	0	3	0	0	0
OG_3322	1	1	1	1	0	1	1	6	2	3	0	0
OG_3323	2	1	1	1	0	1	4	1	1	0	0	4
OG_3324	1	1	1	1	1	1	1	1	1	1	5	1
OG_3325	1	0	2	1	1	1	1	1	0	1	2	1
OG_3326	2	1	1	1	2	1	1	3	1	1	2	1
OG_3327	1	0	1	1	0	1	1	1	2	1	0	0
OG_3328	1	1	1	1	0	1	1	2	0	0	0	0
OG_3329	1	1	1	1	1	1	1	1	1	1	1	1
OG_3330	35	15	2	0	0	1	6	1	0	0	0	0
OG_3331	1	1	1	1	2	1	1	1	1	1	3	1
OG_3332	2	2	1	1	4	1	2	4	1	1	1	1
OG_3333	3	3	3	3	0	2	1	6	0	0	0	0
OG_3334	14	40	4	16	0	4	4	0	6	0	0	0
OG_3335	1	1	0	2	1	2	1	1	2	1	2	0
OG_3336	2	1	1	2	2	1	1	1	1	1	1	1
OG_3337	1	1	1	1	1	1	1	1	1	7	1	1
OG_3338	1	0	1	1	0	1	2	1	2	3	0	0
OG_3339	1	1	3	1	0	1	1	5	1	0	0	0
OG_3340	2	1	3	0	6	1	1	2	3	4	1	0
OG_3341	1	1	1	1	1	1	1	1	1	1	2	1
OG_3342	1	2	5	1	0	1	1	4	1	1	0	0
OG_3343	2	4	1	1	2	2	2	1	4	1	1	0
OG_3344	1	1	1	1	1	1	1	1	3	1	0	1
OG_3345	1	1	1	1	0	1	1	1	1	0	0	1
OG_3346	1	1	1	3	1	1	3	1	1	1	3	0
OG_3347	1	1	1	1	0	1	1	0	1	5	1	1
OG_3348	1	1	1	1	1	1	1	1	2	3	1	1
OG_3349	1	1	1	2	2	1	1	1	1	5	1	1
OG_3350	1	2	1	1	1	1	4	1	1	1	1	1
OG_3351	8	0	0	3	3	2	2	2	1	0	0	0
OG_3352	2	7	2	4	4	1	1	1	1	1	2	0
OG_3353	1	2	1	1	1	1	1	2	1	1	1	0
OG_3354	2	2	2	1	3	1	1	1	1	2	1	0
OG_3355	1	1	1	1	1	1	1	1	0	1	0	0
OG_3356	1	1	1	1	1	1	1	1	1	0	0	1
OG_3357	2	1	1	1	3	1	1	1	2	3	0	2
OG_3358	1	1	1	1	1	1	1	1	3	2	1	1
OG_3359	2	1	3	1	6	1	1	1	2	1	2	1
OG_3360	14	14	81	22	21	21	16	17	11	1	7	49
OG_3361	1	1	2	1	2	1	1	2	1	1	0	1
OG_3362	1	1	2	1	2	1	1	1	1	1	1	1
OG_3363	1	1	2	1	1	1	1	1	1	1	4	1
OG_3364	1	1	1	1	0	1	1	2	0	1	0	0
OG_3365	1	1	3	1	10	1	1	3	2	4	3	1
OG_3366	1	1	1	1	1	1	1	1	1	2	2	1
OG_3367	1	1	2	6	1	1	3	1	4	2	2	1
OG_3368	1	4	0	0	0	1	2	0	1	0	0	0
OG_3369	21	6	7	13	7	12	17	12	9	20	6	2
OG_3370	1	1	1	1	1	1	1	1	1	1	1	1
OG_3371	1	1	1	1	1	1	1	1	1	1	2	1
OG_3372	1	1	1	1	4	1	1	1	1	1	0	1
OG_3373	1	1	1	1	0	2	1	1	0	1	0	1
OG_3374	16	9	1	3	0	0	0	0	0	0	0	0
OG_3375	1	1	1	1	0	1	1	1	0	0	0	0
OG_3376	1	3	1	1	3	1	1	1	1	2	1	2
OG_3377	1	1	1	3	0	1	1	0	2	1	0	0
OG_3378	3	2	1	1	4	1	1	2	0	2	1	1
OG_3379	1	1	1	1	1	1	1	1	2	2	1	1
OG_3380	1	1	1	1	0	1	1	1	1	1	0	1
OG_3381	1	1	1	1	1	1	1	1	1	1	4	1
OG_3382	1	1	1	1	0	1	2	1	1	0	0	0
OG_3383	19	14	14	21	4	15	20	13	18	15	2	4
OG_3384	1	1	7	1	0	1	1	5	2	1	0	0
OG_3385	2	0	0	1	0	0	0	0	0	4	1	0
OG_3386	1	2	1	3	4	1	0	1	1	3	1	1
OG_3387	1	2	1	1	2	1	1	1	2	1	1	1
OG_3388	1	1	2	1	0	1	1	1	1	1	0	1
OG_3389	1	1	1	1	4	1	2	2	1	1	2	1
OG_3390	2	1	0	1	0	1	1	1	1	0	0	0
OG_3391	1	1	1	1	0	1	1	2	1	2	0	1
OG_3392	2	1	1	1	1	1	1	2	1	2	1	1
OG_3393	2	2	1	1	3	1	2	1	3	1	2	1
OG_3394	2	1	1	1	0	1	1	1	1	1	0	0
OG_3395	1	1	1	1	1	1	1	1	1	1	2	1
OG_3396	5	1	3	1	0	2	8	2	1	1	0	0
OG_3397	1	1	1	1	2	1	1	1	1	1	1	0
OG_3398	2	1	2	1	1	1	1	1	1	1	1	1
OG_3399	1	1	0	1	2	1	1	1	0	1	3	0
OG_3400	1	1	1	1	1	1	2	1	4	1	1	1
OG_3401	1	1	2	1	2	1	1	2	1	1	1	1
OG_3402	1	1	2	1	0	0	1	2	1	1	0	0
OG_3403	1	1	1	1	2	0	3	1	0	1	1	2
OG_3404	3	2	1	1	1	1	1	1	1	2	1	2
OG_3405	2	0	4	2	0	2	5	3	0	1	0	0
OG_3406	2	1	1	1	4	1	2	2	1	1	1	1
OG_3407	1	1	1	1	0	1	1	1	1	1	0	0
OG_3408	1	1	2	1	2	1	1	2	1	1	1	1
OG_3409	3	4	2	1	0	2	5	2	0	0	0	0
OG_3410	1	1	4	2	0	1	1	1	1	1	0	0
OG_3411	20	93	0	33	0	0	11	0	4	0	0	0
OG_3412	1	1	2	1	1	3	0	3	1	1	1	1
OG_3413	4	3	10	3	0	3	4	12	4	4	0	1
OG_3414	2	1	2	1	3	1	1	1	1	4	0	3
OG_3415	1	1	2	1	1	1	1	1	1	2	0	0
OG_3416	1	1	1	1	0	1	1	0	0	0	0	0
OG_3417	1	1	4	1	1	1	1	1	0	1	0	1
OG_3418	1	1	0	1	0	1	1	0	0	0	2	0
OG_3419	3	2	3	9	0	3	2	3	2	45	0	5
OG_3420	1	1	3	1	0	1	1	1	1	1	0	0
OG_3421	1	1	1	1	2	1	2	1	1	1	1	5
OG_3422	1	1	1	1	1	1	1	1	1	3	1	1
OG_3423	1	2	1	1	1	1	4	1	1	3	0	1
OG_3424	2	1	1	1	1	1	1	1	1	2	1	1
OG_3425	1	1	1	1	2	1	1	1	1	1	4	2
OG_3426	2	1	3	4	2	2	2	3	1	1	1	1
OG_3427	1	1	3	2	1	1	1	1	3	1	1	1
OG_3428	3	2	2	4	0	1	2	2	0	0	0	0
OG_3429	1	1	2	1	2	1	1	3	0	0	1	1
OG_3430	1	1	1	1	0	1	1	1	1	1	0	1
OG_3431	2	11	0	0	0	2	6	0	0	0	0	0
OG_3432	1	2	1	1	0	1	3	5	1	1	0	1
OG_3433	1	1	2	1	0	1	1	2	1	1	0	0
OG_3434	1	2	1	2	1	1	2	1	2	9	0	3
OG_3435	1	2	1	1	1	1	1	1	1	1	1	1
OG_3436	1	1	2	1	1	1	1	2	1	1	1	1
OG_3437	1	1	1	2	2	1	1	1	1	1	1	6
OG_3438	1	1	1	1	0	1	1	1	1	2	0	1
OG_3439	1	1	5	1	0	1	0	1	1	0	0	1
OG_3440	1	1	1	1	1	1	1	1	1	1	1	1
OG_3441	1	1	1	1	1	1	1	1	1	2	2	1
OG_3442	1	1	1	1	0	1	1	3	1	2	0	0
OG_3443	2	1	2	1	0	1	2	1	1	0	0	1
OG_3444	1	0	1	1	1	2	2	1	2	2	2	2
OG_3445	1	1	1	1	1	1	1	1	1	1	1	1
OG_3446	1	1	1	1	0	1	1	1	1	1	0	1
OG_3447	2	1	1	2	13	1	1	3	2	4	2	2
OG_3448	1	1	2	1	2	1	1	1	1	2	1	1
OG_3449	2	1	2	1	9	2	2	2	2	1	3	1
OG_3450	1	2	0	0	0	0	0	0	0	0	0	0
OG_3451	1	1	1	1	1	1	1	1	2	1	1	1
OG_3452	1	1	2	1	0	1	2	3	2	2	0	0
OG_3453	1	1	1	1	0	1	1	2	1	1	0	1
OG_3454	45	150	28	62	0	34	3	4	19	4	56	3
OG_3455	31	106	16	98	3	58	5	7	4	1	18	6
OG_3456	4	1	0	0	0	2	0	0	0	0	0	0
OG_3457	1	12	1	9	0	0	0	0	0	0	0	1
OG_3458	4	2	3	3	1	5	3	3	3	5	1	1
OG_3459	1	1	1	1	1	1	1	1	2	1	0	1
OG_3460	1	1	0	2	1	0	1	0	1	2	0	1
OG_3461	3	2	4	1	1	1	1	4	1	7	2	1
OG_3462	56	19	10	11	0	8	12	5	14	1	0	20
OG_3463	1	1	1	1	4	1	2	2	1	5	1	1
OG_3464	1	1	1	1	1	1	1	1	1	1	1	1
OG_3465	1	1	1	1	1	1	1	2	1	5	0	1
OG_3466	1	2	2	2	1	2	2	3	2	4	0	1
OG_3467	1	3	3	2	1	1	1	1	1	1	0	1
OG_3468	5	8	8	8	0	3	6	2	0	0	0	0
OG_3469	1	1	1	4	1	1	1	1	1	2	1	1
OG_3470	2	1	1	1	0	1	2	3	2	5	0	1
OG_3471	1	1	0	1	0	1	1	1	1	1	0	0
OG_3472	1	1	1	1	1	1	1	1	1	0	1	1
OG_3473	2	2	1	3	3	2	3	3	1	4	2	4
OG_3474	1	1	1	1	7	1	1	1	1	1	2	1
OG_3475	1	3	2	1	1	1	1	1	1	1	1	1
OG_3476	5	1	0	0	0	0	1	0	0	0	0	0
OG_3477	1	1	1	2	4	1	1	1	1	2	1	1
OG_3478	1	1	1	1	2	1	2	1	2	2	1	0
OG_3479	1	1	1	1	2	1	1	1	1	3	3	1
OG_3480	3	0	1	2	3	1	1	1	2	3	0	3
OG_3481	1	1	1	1	0	1	1	1	1	1	0	0
OG_3482	24	31	0	23	3	12	4	0	17	0	0	0
OG_3483	1	1	2	1	1	1	1	2	2	1	1	1
OG_3484	2	1	2	1	0	1	1	2	0	0	0	0
OG_3485	1	1	1	1	2	1	1	1	3	1	1	1
OG_3486	1	1	1	0	0	1	1	2	2	1	0	1
OG_3487	7	2	1	1	0	2	5	1	0	0	0	0
OG_3488	1	3	0	2	0	1	0	0	0	0	0	0
OG_3489	3	0	15	3	0	6	2	4	0	2	0	0
OG_3490	6	9	10	7	7	6	8	6	7	3	7	16
OG_3491	4	17	0	10	0	12	6	1	6	1	9	0
OG_3492	1	1	1	1	0	1	1	1	1	1	0	0
OG_3493	1	1	0	1	1	0	1	1	1	1	1	0
OG_3494	1	1	1	1	0	1	1	1	1	1	0	0
OG_3495	1	1	2	1	1	1	1	2	2	1	1	1
OG_3496	2	0	0	4	0	0	0	0	0	0	0	0
OG_3497	8	2	5	5	8	2	2	3	4	0	0	0
OG_3498	1	1	2	0	2	1	1	1	1	1	1	0
OG_3499	6	4	1	6	1	1	5	1	4	0	4	11
OG_3500	1	1	1	1	0	1	1	1	1	1	0	0
OG_3501	1	3	1	1	3	1	1	1	2	2	1	2
OG_3502	2	1	0	1	0	0	0	0	0	0	0	0
OG_3503	39	123	14	66	117	8	26	1	25	5	0	0
OG_3504	1	0	0	0	0	0	0	0	5	0	0	0
OG_3505	13	5	2	3	0	2	9	1	0	1	0	0
OG_3506	1	1	3	1	1	1	1	0	1	1	1	1
OG_3507	29	51	3	23	27	15	11	0	23	4	53	2
OG_3508	1	1	1	1	3	1	1	2	1	1	1	1
OG_3509	5	10	0	10	0	1	7	0	1	0	0	0
OG_3510	1	1	1	1	0	1	1	4	1	7	0	0
OG_3511	1	1	1	1	0	1	1	1	0	1	0	0
OG_3512	1	1	1	1	1	1	1	1	1	1	3	1
OG_3513	1	1	1	1	1	1	1	2	1	2	1	0
OG_3514	1	1	1	1	1	1	1	1	2	1	3	1
OG_3515	5	5	0	13	0	0	1	0	0	0	0	0
OG_3516	1	1	2	1	2	2	2	1	1	3	2	4
OG_3517	1	1	3	1	0	1	1	1	2	0	1	0
OG_3518	29	14	0	28	0	10	8	0	0	0	0	13
OG_3519	1	1	1	1	1	1	1	1	2	4	1	1
OG_3520	2	1	3	1	1	4	1	1	1	1	1	1
OG_3521	1	1	1	1	0	1	1	1	1	2	0	1
OG_3522	1	1	1	1	1	1	1	2	1	3	0	0
OG_3523	1	1	5	1	0	1	1	4	1	2	0	0
OG_3524	1	1	1	1	1	2	1	4	1	1	1	1
OG_3525	1	1	1	1	0	1	1	1	2	2	0	1
OG_3526	1	2	1	2	0	1	1	1	1	1	0	1
OG_3527	1	1	1	2	1	1	1	1	1	1	0	1
OG_3528	1	1	1	1	2	1	2	1	1	5	2	1
OG_3529	19	6	0	6	3	6	4	3	3	0	84	0
OG_3530	1	1	1	1	0	1	1	1	1	2	0	1
OG_3531	4	5	0	1	0	2	1	0	0	0	0	0
OG_3532	3	0	0	3	0	0	9	0	0	0	0	0
OG_3533	5	0	0	0	0	0	1	0	3	4	0	0
OG_3534	4	3	1	2	0	2	5	0	1	0	0	0
OG_3535	1	2	5	2	0	1	1	3	2	2	0	1
OG_3536	1	1	1	2	0	1	2	1	1	2	0	1
OG_3537	1	1	1	1	0	3	1	1	1	0	0	1
OG_3538	2	2	2	6	0	1	1	2	4	8	0	1
OG_3539	1	1	1	1	0	1	1	1	2	1	0	0
OG_3540	1	1	1	8	3	1	1	1	1	4	0	1
OG_3541	1	1	0	1	0	1	1	1	1	2	0	1
OG_3542	1	1	1	1	1	1	1	1	1	1	0	1
OG_3543	9	3	0	2	0	2	3	1	8	0	0	0
OG_3544	1	11	0	0	0	1	3	0	0	0	0	0
OG_3545	1	2	1	2	2	1	5	3	2	1	2	1
OG_3546	2	2	1	2	0	2	2	2	1	1	0	0
OG_3547	37	18	43	28	4	25	5	5	5	9	3	2
OG_3548	19	15	10	17	1	10	19	9	3	7	0	0
OG_3549	60	106	0	99	12	24	10	0	33	2	27	24
OG_3550	1	0	2	1	0	1	1	4	0	0	0	0
OG_3551	17	82	1	40	0	31	8	1	30	17	1	1
OG_3552	1	1	1	1	1	1	1	1	1	1	2	1
OG_3553	1	1	1	1	1	1	2	1	1	1	1	1
OG_3554	1	1	1	1	1	1	1	1	1	1	1	1
OG_3555	1	1	1	0	1	1	1	1	1	1	1	1
OG_3556	1	1	1	2	2	1	1	2	1	3	1	1
OG_3557	1	1	1	1	0	1	1	1	0	0	0	0
OG_3558	1	0	2	1	0	1	1	7	0	0	0	0
OG_3559	1	1	1	1	1	1	1	1	3	1	1	1
OG_3560	2	1	1	1	1	1	1	1	1	3	1	2
OG_3561	1	1	1	2	1	1	1	1	1	1	0	0
OG_3562	8	55	0	12	0	0	1	0	1	0	0	0
OG_3563	25	40	70	24	3	34	20	15	1	24	3	19
OG_3564	2	2	2	2	1	2	2	2	1	1	1	1
OG_3565	1	1	1	1	1	1	1	1	1	1	2	0
OG_3566	1	1	1	1	1	1	1	1	1	2	1	0
OG_3567	2	2	3	2	1	2	2	3	1	1	0	2
OG_3568	27	69	4	13	0	18	1	0	0	2	0	0
OG_3569	2	10	0	0	0	0	0	0	0	0	0	0
OG_3570	1	1	1	1	0	1	2	1	2	0	0	0
OG_3571	1	1	1	1	1	1	1	1	1	1	0	1
OG_3572	1	1	1	1	2	1	1	1	1	0	0	1
OG_3573	2	2	2	2	3	2	2	2	2	3	3	1
OG_3574	1	0	1	1	2	1	1	1	1	2	1	1
OG_3575	1	1	2	1	0	2	1	2	0	0	0	0
OG_3576	4	9	0	3	0	0	0	0	3	0	0	0
OG_3577	3	1	3	5	0	4	4	5	2	4	0	14
OG_3578	1	6	1	1	1	1	1	2	4	1	2	1
OG_3579	3	13	0	8	0	0	3	0	0	0	0	0
OG_3580	4	1	2	4	2	1	1	1	1	1	7	1
OG_3581	3	5	0	3	5	1	8	0	1	0	4	0
OG_3582	2	1	1	1	2	1	1	1	2	6	4	2
OG_3583	1	1	1	1	3	2	3	1	1	1	0	1
OG_3584	1	1	1	2	0	1	1	1	1	0	0	1
OG_3585	1	1	1	1	0	1	1	2	0	0	0	0
OG_3586	1	1	1	1	1	1	1	1	2	1	1	1
OG_3587	1	2	1	1	2	1	2	1	1	1	2	1
OG_3588	1	1	3	1	0	1	1	1	1	2	0	1
OG_3589	2	1	1	1	0	1	1	1	1	2	0	0
OG_3590	1	1	1	1	0	1	2	2	2	1	0	2
OG_3591	3	2	0	4	0	0	0	0	0	0	0	0
OG_3592	1	4	0	2	0	4	0	0	3	0	0	0
OG_3593	2	2	0	0	0	0	0	0	2	0	0	0
OG_3594	42	31	42	6	6	6	16	16	7	3	1	1
OG_3595	8	2	1	6	0	2	2	0	0	0	0	0
OG_3596	1	1	1	2	1	1	1	1	1	1	1	0
OG_3597	1	1	1	1	1	1	1	1	1	2	2	1
OG_3598	1	1	1	1	0	2	3	1	1	1	0	1
OG_3599	1	1	1	1	0	1	1	1	0	1	0	0
OG_3600	7	0	0	0	0	1	2	0	0	0	0	0
OG_3601	9	0	1	0	0	1	0	1	0	0	0	0
OG_3602	2	2	1	3	1	1	1	3	2	12	2	3
OG_3603	3	4	0	1	0	0	1	0	0	0	0	0
OG_3604	30	87	6	38	0	3	37	0	23	0	4	0
OG_3605	3	8	0	2	0	0	1	0	1	0	0	0
OG_3606	10	1	4	7	1	4	4	1	6	3	0	0
OG_3607	22	104	3	46	7	47	2	1	34	11	28	0
OG_3608	1	1	1	1	1	2	1	1	1	2	2	1
OG_3609	1	2	1	1	2	1	1	1	1	3	4	3
OG_3610	5	45	1	30	9	2	13	0	4	0	0	5
OG_3611	1	1	3	1	0	0	1	1	0	0	0	1
OG_3612	2	1	1	1	2	2	2	1	1	4	1	2
OG_3613	1	1	1	1	1	1	1	1	1	0	3	1
OG_3614	1	1	1	1	1	1	1	1	0	1	1	1
OG_3615	14	63	43	24	25	48	18	6	36	1	26	3
OG_3616	4	12	0	3	0	0	0	0	2	0	0	0
OG_3617	1	1	1	1	1	1	1	1	1	5	1	1
OG_3618	1	1	1	1	0	1	0	1	0	0	0	0
OG_3619	1	1	1	1	1	1	1	2	2	1	1	0
OG_3620	7	6	3	6	0	1	7	0	0	0	0	0
OG_3621	1	1	2	1	2	1	2	2	0	3	1	3
OG_3622	10	6	0	3	0	0	1	0	0	0	0	0
OG_3623	31	19	1	22	2	9	1	2	9	1	0	0
OG_3624	1	1	1	1	2	1	2	1	3	1	1	11
OG_3625	24	10	18	27	12	20	20	15	15	9	1	8
OG_3626	3	4	3	3	0	2	3	1	2	1	0	0
OG_3627	1	1	4	1	1	2	3	2	3	1	2	1
OG_3628	1	1	1	1	3	1	0	1	2	4	3	2
OG_3629	1	1	1	1	1	1	1	1	1	1	0	1
OG_3630	1	0	1	1	0	1	1	2	0	1	0	0
OG_3631	1	1	1	1	1	1	1	1	1	1	2	1
OG_3632	2	0	0	1	0	0	1	0	0	0	0	0
OG_3633	1	8	1	24	0	14	22	0	1	1	0	36
OG_3634	2	1	1	1	1	1	1	2	1	1	1	1
OG_3635	1	1	1	1	1	1	1	2	2	0	1	1
OG_3636	1	1	1	1	0	1	1	2	1	1	0	1
OG_3637	6	6	7	4	9	6	6	7	4	6	7	9
OG_3638	1	1	5	1	0	1	1	1	1	1	0	0
OG_3639	3	1	1	1	1	2	1	1	2	1	2	0
OG_3640	1	1	1	1	1	1	2	1	2	1	2	1
OG_3641	14	9	1	13	27	2	0	0	2	0	0	13
OG_3642	3	16	0	4	0	0	19	0	3	1	0	0
OG_3643	7	4	1	5	6	1	2	1	3	1	0	1
OG_3644	1	2	2	1	1	1	1	1	1	1	1	1
OG_3645	10	15	0	19	0	2	9	0	0	0	0	0
OG_3646	1	1	1	1	1	1	1	1	2	1	0	1
OG_3647	1	1	1	1	0	1	1	1	2	3	1	1
OG_3648	3	1	1	1	2	2	2	1	0	1	2	1
OG_3649	1	7	0	0	0	0	2	0	0	0	0	0
OG_3650	32	23	3	7	3	9	5	1	19	0	0	8
OG_3651	1	1	0	1	0	1	1	0	0	0	0	0
OG_3652	5	36	1	3	1	1	4	0	2	2	0	0
OG_3653	1	2	1	2	1	1	1	1	1	1	0	2
OG_3654	1	1	1	1	1	1	1	1	1	1	1	2
OG_3655	2	3	4	2	0	2	2	2	0	0	0	0
OG_3656	1	2	0	1	0	0	1	0	0	1	1	0
OG_3657	1	1	1	1	1	1	1	1	1	1	2	0
OG_3658	12	19	0	20	0	1	5	0	6	0	0	0
OG_3659	7	15	0	5	0	0	9	0	1	0	0	0
OG_3660	42	196	16	74	0	83	3	2	40	13	6	7
OG_3661	4	15	7	1	0	0	3	0	3	0	0	0
OG_3662	7	0	0	3	0	6	1	0	3	0	0	0
OG_3663	2	1	2	1	1	1	1	2	3	1	1	1
OG_3664	3	0	1	1	0	1	1	1	0	0	0	0
OG_3665	1	1	3	2	1	1	1	1	2	1	1	1
OG_3666	29	7	15	17	0	2	8	9	0	0	0	0
OG_3667	5	2	2	4	0	3	1	2	0	0	0	0
OG_3668	1	1	1	1	1	1	2	1	1	1	2	1
OG_3669	1	0	1	1	1	1	1	1	0	0	0	1
OG_3670	1	0	2	0	0	1	1	1	0	0	0	0
OG_3671	8	2	15	2	0	6	7	9	3	1	0	0
OG_3672	1	1	1	1	0	1	1	1	1	0	0	0
OG_3673	1	0	1	1	0	1	0	1	1	2	0	0
OG_3674	1	1	1	1	1	1	1	1	2	1	1	1
OG_3675	1	1	1	1	1	1	1	1	1	0	2	0
OG_3676	1	0	1	1	1	1	1	1	2	1	1	1
OG_3677	1	1	1	0	1	1	0	1	1	1	2	2
OG_3678	1	2	6	1	5	1	1	2	1	1	1	1
OG_3679	1	1	1	1	1	1	1	1	1	1	2	1
OG_3680	5	8	0	3	0	1	1	1	0	0	0	0
OG_3681	7	1	0	1	0	0	2	0	0	0	0	0
OG_3682	1	1	1	1	1	1	1	1	1	3	1	1
OG_3683	2	0	1	2	1	1	1	2	1	1	1	1
OG_3684	1	0	1	1	0	1	1	1	0	0	0	0
OG_3685	1	0	1	1	1	1	1	1	1	0	0	1
OG_3686	1	1	0	0	0	5	0	0	0	0	0	0
OG_3687	2	11	0	0	0	1	5	0	4	0	0	4
OG_3688	1	1	1	1	1	1	1	1	1	3	3	1
OG_3689	5	11	0	0	0	0	0	0	0	0	0	0
OG_3690	1	1	1	1	0	1	1	2	1	2	0	1
OG_3691	2	1	1	5	0	1	2	2	0	0	0	0
OG_3692	1	9	0	0	0	0	4	0	0	0	0	0
OG_3693	1	1	2	1	1	1	1	3	1	1	1	5
OG_3694	2	2	1	2	1	1	1	1	1	1	1	2
OG_3695	1	14	2	1	0	1	2	2	1	0	0	1
OG_3696	2	5	0	1	0	0	0	0	0	0	0	0
OG_3697	14	4	1	3	0	1	2	5	6	1	0	21
OG_3698	32	57	0	30	0	3	10	0	2	0	7	0
OG_3699	3	4	0	8	0	0	2	0	0	0	0	0
OG_3700	3	0	2	1	0	4	6	3	1	1	0	1
OG_3701	1	2	3	2	0	1	2	6	0	0	0	1
OG_3702	2	1	1	1	1	1	1	1	1	1	2	0
OG_3703	1	1	1	1	1	1	0	1	1	1	0	0
OG_3704	1	1	1	1	1	1	1	1	1	3	1	1
OG_3705	1	1	1	1	0	1	1	1	0	1	0	0
OG_3706	1	1	1	2	1	1	1	1	1	1	1	1
OG_3707	2	1	3	1	1	1	1	4	1	4	3	1
OG_3708	1	1	1	1	1	1	1	1	1	1	1	1
OG_3709	1	1	1	1	1	1	1	1	1	1	1	1
OG_3710	4	3	5	2	1	2	2	3	2	1	4	0
OG_3711	7	0	1	0	0	0	1	1	0	0	0	0
OG_3712	1	1	1	1	0	1	1	1	0	0	0	0
OG_3713	1	1	1	1	0	1	1	1	0	1	0	1
OG_3714	1	1	2	1	1	2	1	2	1	1	1	2
OG_3715	1	1	1	1	1	1	1	1	1	1	1	1
OG_3716	1	1	2	1	3	3	2	1	4	3	1	1
OG_3717	5	33	0	14	0	4	6	0	1	0	0	0
OG_3718	5	21	0	16	36	0	3	0	6	1	0	0
OG_3719	4	6	0	2	0	2	2	1	2	0	0	0
OG_3720	1	1	1	1	3	1	1	1	1	2	1	1
OG_3721	14	15	0	25	3	0	8	0	0	1	0	0
OG_3722	2	3	1	5	1	2	1	5	3	2	1	1
OG_3723	1	1	1	1	2	1	1	1	0	1	0	1
OG_3724	1	2	1	1	1	1	1	1	1	3	7	1
OG_3725	2	1	2	1	1	4	3	3	2	3	2	1
OG_3726	2	0	2	1	0	1	1	1	7	2	0	0
OG_3727	9	1	4	1	0	1	5	1	2	0	0	0
OG_3728	2	1	1	2	1	1	1	1	1	2	1	1
OG_3729	1	1	1	1	1	1	1	1	3	1	1	5
OG_3730	1	1	1	1	0	1	2	1	2	3	0	2
OG_3731	8	1	0	8	0	0	4	0	0	0	0	0
OG_3732	2	2	0	3	0	0	0	0	0	0	0	0
OG_3733	2	1	1	2	1	1	3	1	8	2	1	1
OG_3734	1	4	8	2	0	0	2	0	1	2	0	0
OG_3735	1	3	0	4	0	1	0	0	3	0	0	0
OG_3736	1	1	1	1	1	1	1	3	1	2	1	1
OG_3737	1	1	1	1	1	1	1	1	1	1	1	1
OG_3738	7	21	0	5	0	5	3	0	7	0	0	0
OG_3739	1	1	1	1	1	1	1	1	1	1	0	0
OG_3740	2	1	0	0	0	0	1	0	0	0	0	0
OG_3741	5	0	2	5	0	2	4	0	0	0	0	0
OG_3742	12	7	51	7	38	1	0	5	17	5	27	2
OG_3743	1	1	1	1	1	1	2	1	1	1	1	0
OG_3744	1	1	1	1	1	1	1	1	2	1	1	1
OG_3745	1	1	2	1	0	1	1	1	0	0	0	0
OG_3746	1	1	4	1	0	1	2	3	1	0	0	1
OG_3747	1	2	1	1	1	1	1	1	1	1	1	1
OG_3748	3	3	3	2	1	3	3	2	3	2	2	1
OG_3749	1	1	2	1	1	1	2	1	1	1	1	4
OG_3750	1	1	1	1	0	1	1	1	0	0	0	0
OG_3751	2	1	1	1	1	1	1	1	1	1	1	0
OG_3752	5	1	2	2	0	1	3	1	0	1	0	0
OG_3753	1	2	0	1	0	0	1	0	0	0	0	0
OG_3754	1	1	2	1	1	1	1	1	1	1	1	1
OG_3755	1	1	1	1	2	1	1	1	1	1	1	1
OG_3756	6	9	0	12	10	1	0	0	1	0	0	4
OG_3757	2	1	2	1	2	1	4	1	1	1	2	1
OG_3758	1	1	2	1	0	1	1	1	0	1	0	1
OG_3759	1	1	2	1	1	1	1	1	1	1	1	1
OG_3760	5	13	0	4	0	0	0	0	1	0	0	0
OG_3761	7	1	0	7	1	1	1	1	0	0	0	0
OG_3762	2	0	1	1	0	1	0	0	0	1	0	0
OG_3763	1	1	0	1	0	1	1	0	1	1	0	0
OG_3764	3	1	7	12	0	5	5	2	1	1	0	0
OG_3765	1	1	1	3	3	2	2	2	1	2	1	2
OG_3766	1	1	7	1	2	1	1	4	4	2	1	1
OG_3767	1	1	1	1	1	1	1	1	1	0	1	1
OG_3768	1	1	1	1	3	1	1	1	1	1	3	1
OG_3769	1	0	3	1	2	1	1	3	3	6	2	1
OG_3770	1	1	1	1	1	1	1	1	1	1	13	1
OG_3771	1	1	1	1	0	1	1	1	3	5	0	0
OG_3772	11	49	6	19	22	1	1	0	7	3	0	0
OG_3773	2	1	0	3	0	0	2	0	0	0	0	0
OG_3774	1	0	1	1	1	1	2	1	1	1	2	1
OG_3775	7	5	0	1	0	3	2	0	0	0	0	0
OG_3776	1	1	1	2	1	1	1	1	1	1	0	0
OG_3777	1	1	1	1	3	1	1	1	1	2	0	11
OG_3778	60	111	32	102	6	77	14	15	5	5	14	21
OG_3779	9	15	1	16	0	0	6	0	2	0	0	0
OG_3780	40	91	7	90	5	6	0	4	14	16	0	0
OG_3781	14	6	7	7	9	6	8	5	0	1	1	6
OG_3782	1	1	1	2	1	1	1	1	2	1	1	1
OG_3783	1	1	1	1	10	1	1	1	2	5	5	1
OG_3784	1	1	1	2	0	1	1	1	1	2	0	0
OG_3785	1	2	1	1	0	1	1	1	2	1	0	0
OG_3786	3	0	1	0	0	0	1	0	0	0	0	0
OG_3787	5	7	11	7	0	4	9	5	5	1	0	0
OG_3788	1	1	4	1	5	1	2	3	4	14	3	2
OG_3789	1	1	1	1	2	1	2	3	2	1	2	1
OG_3790	1	1	1	1	10	1	1	1	1	3	2	1
OG_3791	1	1	1	1	1	1	1	1	3	1	1	1
OG_3792	1	1	1	1	0	1	1	0	2	0	0	1
OG_3793	10	8	29	11	0	10	14	13	3	3	10	33
OG_3794	1	1	1	1	1	1	1	1	1	1	1	1
OG_3795	5	7	0	0	0	0	0	0	0	0	0	0
OG_3796	2	2	1	1	1	1	1	1	1	1	1	3
OG_3797	105	50	1	26	15	5	21	1	11	1	3	0
OG_3798	2	1	2	1	1	1	0	1	1	1	1	1
OG_3799	2	2	3	2	2	2	2	2	1	0	1	1
OG_3800	1	2	1	3	3	2	2	1	4	0	2	1
OG_3801	2	1	0	1	0	2	2	2	2	1	0	0
OG_3802	4	3	9	5	0	3	4	3	1	0	0	0
OG_3803	6	16	0	2	0	4	3	0	7	1	0	0
OG_3804	1	2	1	1	1	1	1	1	2	1	1	1
OG_3805	1	1	1	1	1	1	1	1	1	1	1	2
OG_3806	1	2	1	2	0	1	1	1	2	2	0	0
OG_3807	1	2	2	1	3	1	1	1	1	1	3	4
OG_3808	1	1	1	1	1	1	1	1	1	1	1	1
OG_3809	1	1	1	1	1	1	1	1	0	1	1	1
OG_3810	2	1	1	1	1	1	1	1	1	1	1	1
OG_3811	1	1	2	1	1	1	1	1	3	1	1	1
OG_3812	1	3	1	1	1	1	1	1	1	1	1	0
OG_3813	1	1	1	1	1	1	1	1	1	2	1	1
OG_3814	1	1	1	1	1	4	1	1	2	1	1	1
OG_3815	1	2	1	1	0	1	1	1	1	1	0	0
OG_3816	21	55	4	25	1	10	20	2	4	0	8	3
OG_3817	1	1	2	1	1	1	1	1	1	1	3	1
OG_3818	1	1	1	2	1	1	2	1	0	1	1	1
OG_3819	1	1	1	1	1	1	1	1	1	2	1	1
OG_3820	2	2	0	3	0	0	3	0	0	0	0	0
OG_3821	4	2	1	3	0	2	2	1	3	0	1	0
OG_3822	3	2	2	1	0	3	2	2	0	7	0	0
OG_3823	0	4	0	0	0	0	3	0	0	0	0	0
OG_3824	4	0	0	1	0	0	0	0	0	0	0	0
OG_3825	1	2	1	1	1	1	1	1	2	2	1	1
OG_3826	16	34	1	28	154	4	9	0	2	1	37	1
OG_3827	7	29	0	8	0	1	1	1	2	0	0	0
OG_3828	1	1	1	1	1	1	1	1	1	0	1	2
OG_3829	1	1	1	1	1	1	1	1	4	3	0	2
OG_3830	1	1	1	1	0	1	1	1	0	0	0	0
OG_3831	6	20	0	20	3	8	7	1	5	7	0	0
OG_3832	1	2	0	6	0	0	0	0	0	0	0	0
OG_3833	2	14	9	31	0	10	2	1	2	0	0	1
OG_3834	1	5	0	0	0	0	5	0	0	0	0	0
OG_3835	1	1	1	1	1	1	1	1	1	1	1	1
OG_3836	1	1	2	1	1	1	1	1	1	1	0	1
OG_3837	1	1	2	1	0	1	1	2	1	0	0	0
OG_3838	1	2	0	1	0	0	1	0	0	0	0	0
OG_3839	2	1	1	1	2	1	1	1	1	1	1	1
OG_3840	3	0	0	2	0	0	3	0	4	0	0	0
OG_3841	1	1	0	1	1	1	1	1	1	1	1	1
OG_3842	1	1	2	0	0	1	1	2	1	2	0	0
OG_3843	4	2	0	1	0	2	1	1	0	0	0	0
OG_3844	3	0	0	4	0	0	0	0	0	0	0	0
OG_3845	8	4	4	5	0	4	4	2	2	5	0	1
OG_3846	13	50	1	13	2	32	12	2	1	4	1	3
OG_3847	7	36	0	1	12	1	1	0	6	1	71	5
OG_3848	3	1	0	0	0	0	0	0	0	0	0	0
OG_3849	1	5	1	1	2	1	1	1	1	4	1	1
OG_3850	2	0	5	1	0	1	1	1	0	1	0	0
OG_3851	1	1	0	1	0	1	1	0	0	2	0	1
OG_3852	3	1	0	3	0	4	1	0	1	0	0	0
OG_3853	1	1	0	0	0	1	1	0	0	0	0	0
OG_3854	6	35	2	5	0	3	2	0	8	1	0	0
OG_3855	10	7	15	3	0	4	8	6	0	0	1	0
OG_3856	1	2	1	1	1	1	3	1	1	2	4	1
OG_3857	1	1	2	1	0	1	1	1	1	1	0	0
OG_3858	17	2	0	22	0	3	8	0	0	0	0	0
OG_3859	3	3	3	3	3	3	3	4	3	2	5	0
OG_3860	1	1	1	1	0	1	1	1	1	3	0	0
OG_3861	1	1	1	1	0	1	1	0	2	0	0	0
OG_3862	1	1	2	1	3	1	2	1	1	1	0	1
OG_3863	1	1	1	1	2	1	2	1	1	2	1	1
OG_3864	1	2	1	2	1	1	1	1	0	2	1	1
OG_3865	1	1	1	1	2	1	1	1	1	1	1	0
OG_3866	1	5	0	0	0	0	1	0	1	0	0	0
OG_3867	1	1	1	2	0	1	1	1	0	0	0	0
OG_3868	1	1	1	2	2	1	1	4	1	4	1	1
OG_3869	1	0	0	4	0	0	0	0	0	0	0	0
OG_3870	1	1	4	1	0	2	1	0	0	2	0	0
OG_3871	1	0	0	1	0	1	1	0	0	0	0	0
OG_3872	1	0	1	0	0	1	3	1	0	0	0	0
OG_3873	1	2	2	1	2	1	2	1	1	1	2	1
OG_3874	1	1	2	1	2	1	2	1	1	1	2	1
OG_3875	2	1	2	2	1	4	1	1	3	2	4	1
OG_3876	1	2	0	2	0	0	0	0	0	0	0	0
OG_3877	1	1	1	1	1	1	1	2	2	2	0	15
OG_3878	1	1	5	2	1	1	1	1	5	1	2	1
OG_3879	1	1	1	1	2	1	1	1	1	1	1	1
OG_3880	2	10	0	1	0	0	0	0	0	0	0	0
OG_3881	11	5	0	2	0	0	0	0	0	0	0	0
OG_3882	1	1	2	1	1	1	1	1	2	4	4	1
OG_3883	3	0	0	3	0	2	0	0	1	0	0	0
OG_3884	1	1	1	1	1	1	1	1	1	1	1	1
OG_3885	5	1	0	0	0	0	0	0	0	0	0	0
OG_3886	1	1	1	1	1	1	1	1	1	1	1	0
OG_3887	1	1	8	1	8	1	1	7	3	11	3	1
OG_3888	1	1	1	1	0	1	1	1	0	1	0	0
OG_3889	2	1	1	1	0	1	1	1	1	2	0	3
OG_3890	1	2	1	2	2	1	1	1	1	1	1	0
OG_3891	1	1	1	1	0	1	1	2	1	1	0	0
OG_3892	2	2	0	2	0	1	0	1	0	0	0	0
OG_3893	1	0	1	1	0	1	1	1	2	0	0	0
OG_3894	1	1	0	1	0	1	1	1	1	0	0	1
OG_3895	1	1	1	1	1	1	3	3	4	1	1	1
OG_3896	1	1	1	1	2	1	1	1	2	4	2	1
OG_3897	1	1	1	1	0	1	1	1	1	1	0	0
OG_3898	1	1	1	1	1	1	1	1	4	3	1	1
OG_3899	1	1	1	1	0	1	1	1	2	1	0	1
OG_3900	11	1	0	1	11	4	12	0	13	2	0	0
OG_3901	16	38	14	26	0	5	5	0	8	1	2	0
OG_3902	1	1	1	1	2	1	2	1	1	2	1	3
OG_3903	1	1	1	1	1	1	1	1	1	1	2	1
OG_3904	8	88	1	29	1	32	3	1	1	7	38	13
OG_3905	5	10	2	3	0	1	11	14	1	6	0	1
OG_3906	1	1	2	1	3	1	1	1	2	3	1	1
OG_3907	1	1	1	1	1	1	1	1	1	2	2	1
OG_3908	1	1	1	1	1	1	3	1	1	6	1	2
OG_3909	1	1	1	1	2	1	1	1	1	2	2	4
OG_3910	1	1	1	1	2	1	1	1	1	5	1	5
OG_3911	2	1	3	1	1	1	1	2	0	2	0	0
OG_3912	2	0	0	1	0	0	1	0	0	0	0	0
OG_3913	3	3	0	2	0	9	8	0	0	0	0	0
OG_3914	1	1	1	2	2	1	1	1	1	1	2	1
OG_3915	1	1	1	1	5	1	1	1	1	1	1	1
OG_3916	1	1	1	1	1	1	1	1	0	1	1	1
OG_3917	1	1	1	1	1	1	2	1	2	1	0	1
OG_3918	1	1	1	1	1	1	1	1	2	1	1	0
OG_3919	3	0	0	0	0	0	0	0	2	0	0	0
OG_3920	4	1	0	1	0	1	2	1	0	0	0	3
OG_3921	1	1	2	1	1	1	1	1	1	2	1	1
OG_3922	1	10	0	0	0	2	3	0	0	0	0	1
OG_3923	1	18	0	2	0	0	0	0	0	0	0	0
OG_3924	1	12	2	1	0	1	1	1	0	1	0	1
OG_3925	1	1	1	1	1	1	1	1	2	1	0	1
OG_3926	1	1	2	8	5	1	1	1	1	2	2	0
OG_3927	1	1	1	10	1	1	2	2	1	6	1	2
OG_3928	1	26	0	2	0	6	3	1	7	3	0	0
OG_3929	0	1	1	1	0	1	1	2	0	0	0	3
OG_3930	8	17	0	9	0	1	6	0	4	0	0	6
OG_3931	0	3	1	1	1	1	1	1	1	3	2	2
OG_3932	9	17	0	3	0	1	1	0	1	0	0	0
OG_3933	9	73	5	22	0	17	2	0	4	6	9	1
OG_3934	1	6	0	0	0	0	0	0	0	0	0	0
OG_3935	1	14	0	8	0	9	3	1	8	0	0	6
OG_3936	5	9	4	7	4	2	1	5	5	13	5	1
OG_3937	3	30	2	1	0	4	5	0	0	0	0	0
OG_3938	1	2	4	1	0	1	1	1	2	1	0	0
OG_3939	0	8	0	0	0	1	0	0	0	0	0	0
OG_3940	3	52	2	16	0	13	0	0	9	9	5	1
OG_3941	1	1	1	1	2	1	1	1	2	2	1	1
OG_3942	3	12	3	12	0	10	2	4	2	7	0	0
OG_3943	12	10	10	18	21	9	11	11	10	23	16	9
OG_3944	4	91	1	16	2	3	6	0	3	2	0	11
OG_3945	1	4	2	1	1	1	1	1	1	2	1	1
OG_3946	1	8	5	1	0	1	1	1	1	1	0	0
OG_3947	1	2	1	1	0	1	1	1	1	1	0	0
OG_3948	3	3	4	1	1	3	8	5	3	3	12	2
OG_3949	7	27	2	5	1	15	15	0	7	0	0	0
OG_3950	3	27	3	22	3	3	4	1	10	1	1	0
OG_3951	9	24	1	7	3	4	8	1	0	0	7	8
OG_3952	0	40	0	7	0	0	0	0	0	4	0	0
OG_3953	32	121	12	56	31	76	1	2	20	2	14	12
OG_3954	6	34	3	14	4	3	2	0	2	1	3	15
OG_3955	1	1	1	1	2	1	1	1	1	1	1	0
OG_3956	18	28	10	30	0	11	7	2	24	2	0	1
OG_3957	15	74	2	27	1	19	1	1	4	1	0	0
OG_3958	1	21	0	0	0	0	3	0	0	0	0	0
OG_3959	13	26	11	42	0	13	15	1	37	9	0	0
OG_3960	0	30	10	4	1	0	2	0	2	0	37	1
OG_3961	0	7	0	2	0	0	0	0	0	0	0	5
OG_3962	10	60	4	7	2	17	3	2	7	7	0	0
OG_3963	1	16	1	2	20	1	0	1	2	1	0	4
OG_3964	1	2	1	2	1	2	2	1	1	1	3	2
OG_3965	1	22	0	3	0	10	4	0	9	0	1	0
OG_3966	2	2	0	2	0	2	2	1	1	3	0	0
OG_3967	0	1	2	1	4	1	1	1	1	2	3	1
OG_3968	10	16	5	10	2	7	10	8	17	18	8	0
OG_3969	0	1	2	1	3	1	1	1	1	1	1	11
OG_3970	1	1	5	1	1	1	1	3	1	1	1	1
OG_3971	50	36	1	3	22	6	3	0	13	22	25	0
OG_3972	0	18	0	8	0	3	0	0	0	0	0	0
OG_3973	1	1	1	1	0	1	1	1	0	4	0	0
OG_3974	1	1	1	1	1	1	1	1	1	1	0	0
OG_3975	0	29	5	7	10	0	8	0	12	0	0	29
OG_3976	0	1	1	1	0	0	1	1	0	1	0	0
OG_3977	1	2	1	1	2	1	1	2	1	1	1	2
OG_3978	1	1	1	1	0	1	1	2	1	1	0	1
OG_3979	1	2	1	1	1	1	1	1	3	1	1	1
OG_3980	25	95	3	53	3	16	9	0	16	8	0	2
OG_3981	0	6	0	0	0	0	2	0	0	0	0	0
OG_3982	0	4	0	1	0	0	0	0	0	0	0	0
OG_3983	1	1	1	2	0	2	1	0	2	0	0	0
OG_3984	24	15	64	24	4	44	20	30	45	18	2	18
OG_3985	9	31	1	12	0	4	2	1	1	0	0	0
OG_3986	2	3	1	2	2	2	2	2	2	1	2	1
OG_3987	0	1	1	1	1	1	4	1	1	2	2	1
OG_3988	0	25	0	3	1	0	0	0	1	0	0	0
OG_3989	8	40	0	2	0	1	0	0	0	0	1	0
OG_3990	1	1	1	1	3	1	3	1	1	3	1	1
OG_3991	8	92	1	24	7	5	3	0	6	1	0	0
OG_3992	1	11	2	1	1	1	2	1	1	1	5	1
OG_3993	1	3	0	4	0	0	3	0	0	0	0	0
OG_3994	1	6	0	1	0	1	1	0	2	1	0	0
OG_3995	3	9	0	8	0	25	0	0	0	5	0	0
OG_3996	1	2	1	1	1	1	0	2	1	2	1	0
OG_3997	13	66	5	14	21	7	24	5	29	2	0	2
OG_3998	9	105	12	23	13	15	22	1	14	1	10	31
OG_3999	1	1	1	1	1	1	1	2	1	1	1	2
OG_4000	1	3	2	1	0	3	1	1	0	0	0	0
OG_4001	1	5	0	0	0	0	0	0	0	0	0	0
OG_4002	2	11	0	8	0	0	2	0	0	0	0	0
OG_4003	12	136	12	27	25	28	7	5	19	1	69	17
OG_4004	1	6	0	6	0	0	1	0	1	1	0	0
OG_4005	3	20	3	36	6	10	2	4	4	0	1	1
OG_4006	2	1	6	1	3	1	2	1	6	11	1	2
OG_4007	41	57	15	55	1	24	2	2	11	2	84	4
OG_4008	22	81	35	29	7	32	6	4	11	1	5	14
OG_4009	0	4	0	0	0	5	0	0	0	1	0	0
OG_4010	0	1	1	2	1	1	2	1	1	2	1	1
OG_4011	1	2	1	1	0	1	1	1	1	1	0	1
OG_4012	4	35	1	1	0	1	4	0	6	4	0	0
OG_4013	9	22	11	20	0	5	14	6	0	0	0	0
OG_4014	1	1	4	1	1	1	1	1	0	1	0	1
OG_4015	2	1	1	1	3	1	5	1	2	1	3	1
OG_4016	2	14	0	9	0	0	0	0	0	0	0	0
OG_4017	8	6	6	3	5	10	7	10	11	10	13	13
OG_4018	1	18	1	1	1	1	1	1	1	1	2	1
OG_4019	7	36	1	19	1	4	2	0	4	0	0	0
OG_4020	11	44	4	17	0	1	27	0	10	5	0	0
OG_4021	1	20	0	11	0	0	9	0	2	3	0	0
OG_4022	6	31	4	16	5	11	5	0	0	6	167	32
OG_4023	1	1	1	1	2	1	1	1	1	1	1	1
OG_4024	1	4	1	1	0	1	1	2	1	1	0	1
OG_4025	1	1	2	1	0	1	1	1	1	4	0	1
OG_4026	6	11	5	2	0	8	5	3	1	0	0	0
OG_4027	1	2	2	3	0	0	1	0	0	0	0	0
OG_4028	8	1	1	1	6	1	1	1	1	1	1	2
OG_4029	2	2	1	1	7	1	2	1	3	2	4	5
OG_4030	1	7	0	1	0	0	0	0	0	0	0	0
OG_4031	17	21	2	7	0	1	1	0	3	5	0	0
OG_4032	1	1	0	2	0	1	1	1	1	1	0	0
OG_4033	1	12	0	3	0	5	1	0	1	0	0	0
OG_4034	1	1	3	1	1	1	1	3	1	1	1	1
OG_4035	1	1	1	1	0	2	1	1	1	1	0	0
OG_4036	0	6	0	1	0	0	0	0	0	0	0	0
OG_4037	4	1	0	4	0	0	0	0	1	0	0	0
OG_4038	4	41	5	6	11	0	3	0	7	2	0	0
OG_4039	4	3	1	1	3	3	4	1	1	1	1	1
OG_4040	2	2	1	1	0	1	1	1	0	0	0	0
OG_4041	2	1	0	1	0	1	1	1	0	3	0	0
OG_4042	1	3	0	1	0	1	0	1	0	0	0	0
OG_4043	2	8	9	1	0	9	3	4	0	0	0	0
OG_4044	1	6	1	3	0	3	0	1	0	0	0	0
OG_4045	1	4	0	3	0	0	0	0	2	0	0	0
OG_4046	0	16	0	1	0	0	0	0	0	0	0	0
OG_4047	9	23	0	12	13	0	2	0	4	0	0	35
OG_4048	3	12	1	20	33	3	3	0	1	0	8	3
OG_4049	0	1	2	1	2	1	1	1	1	1	1	0
OG_4050	1	1	3	1	0	1	1	1	1	2	1	1
OG_4051	1	2	0	1	0	1	1	0	1	0	0	0
OG_4052	2	13	0	3	7	0	3	0	0	0	1	0
OG_4053	0	1	2	1	1	6	2	1	1	2	1	1
OG_4054	4	11	3	5	2	3	4	4	9	2	3	2
OG_4055	1	1	3	1	0	1	1	1	1	1	0	0
OG_4056	0	2	2	2	1	2	2	2	1	2	1	1
OG_4057	1	2	1	1	0	1	1	1	1	2	0	0
OG_4058	8	15	5	12	1	6	5	2	6	0	0	0
OG_4059	2	1	1	0	0	2	1	1	0	0	0	0
OG_4060	4	5	2	3	4	2	3	2	4	4	4	2
OG_4061	22	65	3	18	0	1	12	0	1	0	9	0
OG_4062	1	29	1	10	0	5	0	1	1	0	1	5
OG_4063	0	6	0	1	0	0	0	0	0	0	0	0
OG_4064	3	11	0	7	0	0	4	0	3	1	0	0
OG_4065	0	1	2	1	4	2	1	4	1	3	2	1
OG_4066	1	33	3	15	0	1	1	0	13	1	0	0
OG_4067	5	21	0	2	0	1	4	0	2	0	2	0
OG_4068	2	68	0	12	2	0	2	0	20	3	0	3
OG_4069	36	141	23	58	23	50	9	9	41	0	25	3
OG_4070	0	6	0	0	0	0	1	0	1	0	0	0
OG_4071	1	10	1	2	1	1	1	1	1	1	1	1
OG_4072	48	334	16	85	7	55	8	4	46	21	554	5
OG_4073	11	27	27	29	7	13	20	13	7	14	11	14
OG_4074	2	1	1	1	1	1	2	1	3	1	1	2
OG_4075	1	12	0	0	0	0	1	0	12	5	0	0
OG_4076	1	1	1	1	0	1	0	1	0	0	0	0
OG_4077	0	1	2	1	3	1	2	1	1	2	1	1
OG_4078	12	65	5	21	14	16	1	0	6	3	0	0
OG_4079	1	2	1	1	1	1	1	1	2	1	0	1
OG_4080	3	37	0	4	1	0	6	0	5	0	0	0
OG_4081	12	28	4	6	0	6	6	5	3	2	0	0
OG_4082	1	1	1	1	1	1	1	1	1	1	1	1
OG_4083	2	1	2	3	1	1	1	2	1	1	2	0
OG_4084	5	12	0	8	0	0	0	0	1	0	0	0
OG_4085	2	7	0	3	0	0	0	0	0	0	0	0
OG_4086	1	1	1	1	3	1	1	1	1	2	1	1
OG_4087	1	4	2	1	2	2	3	1	2	0	1	0
OG_4088	0	34	0	23	0	7	2	1	0	0	0	2
OG_4089	7	55	3	5	5	23	20	1	0	0	0	0
OG_4090	1	1	1	1	0	1	1	1	1	1	0	1
OG_4091	3	15	7	7	8	6	11	20	3	4	4	1
OG_4092	1	1	2	2	0	1	2	1	0	1	0	0
OG_4093	8	17	1	16	0	0	1	0	2	0	1	0
OG_4094	0	6	0	2	0	0	2	0	0	0	0	0
OG_4095	1	1	3	1	1	1	1	1	1	3	1	1
OG_4096	0	18	0	7	0	3	0	0	0	0	0	0
OG_4097	0	1	4	1	0	1	0	1	0	0	0	0
OG_4098	9	36	5	1	0	2	0	2	6	5	1	1
OG_4099	1	3	2	1	0	1	3	2	2	5	0	1
OG_4100	6	3	0	5	0	11	4	2	3	3	0	0
OG_4101	2	7	0	1	0	0	2	0	0	0	0	0
OG_4102	22	64	32	10	3	3	10	13	16	9	1	2
OG_4103	1	22	3	6	41	1	0	0	8	0	6	6
OG_4104	2	2	2	1	6	1	1	2	1	8	0	1
OG_4105	1	2	1	1	1	1	1	1	1	2	0	2
OG_4106	0	25	1	5	1	1	2	0	0	0	0	0
OG_4107	4	15	0	5	0	27	2	0	3	1	0	3
OG_4108	0	4	0	0	0	0	1	0	0	0	0	0
OG_4109	2	19	0	0	0	0	5	0	5	1	0	0
OG_4110	2	2	1	1	1	1	1	1	1	1	1	1
OG_4111	1	2	2	1	1	1	1	2	2	3	5	1
OG_4112	12	71	2	16	0	9	16	2	3	0	0	0
OG_4113	1	4	1	1	0	2	2	1	1	0	0	0
OG_4114	1	1	2	1	0	1	1	1	1	2	0	0
OG_4115	1	3	2	1	0	1	1	1	0	0	0	0
OG_4116	0	7	0	2	0	0	0	0	0	0	0	0
OG_4117	0	7	0	0	0	1	0	0	0	0	0	0
OG_4118	1	3	1	1	1	1	1	1	2	1	2	1
OG_4119	1	2	0	3	0	0	1	0	0	0	0	1
OG_4120	1	4	1	1	0	4	0	0	3	0	0	0
OG_4121	19	87	2	26	12	5	9	1	8	8	0	0
OG_4122	0	15	0	4	0	0	0	0	0	0	14	0
OG_4123	6	18	0	6	0	0	0	0	0	0	0	0
OG_4124	2	10	0	0	0	0	0	0	0	0	0	0
OG_4125	1	22	0	8	0	5	2	0	0	0	0	0
OG_4126	7	4	0	0	0	0	2	0	0	0	0	0
OG_4127	50	239	11	74	32	47	9	2	5	1	98	83
OG_4128	2	2	4	1	0	1	1	2	3	2	2	0
OG_4129	1	2	1	3	0	1	1	1	3	2	0	0
OG_4130	2	45	0	1	0	0	12	0	0	0	0	0
OG_4131	2	8	1	2	1	2	1	2	4	2	1	0
OG_4132	1	2	1	1	2	1	1	1	1	4	1	2
OG_4133	2	50	12	20	0	9	2	3	12	1	0	0
OG_4134	1	1	1	1	0	0	1	1	1	1	0	0
OG_4135	3	12	7	3	0	9	3	4	0	0	0	0
OG_4136	57	63	45	61	3	15	80	17	28	9	72	7
OG_4137	0	5	2	0	0	3	5	1	0	0	0	8
OG_4138	3	9	1	4	0	0	0	0	0	0	0	0
OG_4139	0	5	0	2	0	0	0	0	0	0	0	3
OG_4140	4	57	4	29	2	28	3	0	1	1	14	0
OG_4141	12	66	9	63	0	36	5	0	5	9	25	0
OG_4142	1	1	1	1	0	1	1	1	1	1	0	1
OG_4143	9	13	0	2	0	1	0	0	2	0	0	0
OG_4144	1	1	2	1	0	1	1	2	2	0	0	1
OG_4145	7	20	0	0	0	1	2	1	0	0	0	0
OG_4146	0	41	0	5	0	1	6	0	1	0	5	24
OG_4147	0	7	0	6	0	1	1	0	0	0	0	0
OG_4148	2	1	1	1	2	1	2	3	2	5	1	1
OG_4149	1	3	1	2	1	1	1	1	1	1	3	1
OG_4150	5	17	5	1	6	0	0	0	1	0	0	0
OG_4151	10	5	40	11	0	1	6	2	11	0	1	6
OG_4152	0	8	1	0	0	0	2	0	0	0	0	0
OG_4153	0	1	1	1	2	1	1	4	1	6	2	1
OG_4154	11	31	2	2	0	17	4	1	3	2	0	0
OG_4155	25	12	31	26	7	15	12	21	2	2	21	5
OG_4156	13	46	77	12	3	36	35	17	1	1	2	1
OG_4157	4	10	2	1	0	1	0	1	0	0	0	0
OG_4158	1	1	1	1	0	1	1	1	1	1	0	0
OG_4159	3	31	5	1	0	2	0	1	3	1	0	1
OG_4160	1	1	1	1	0	1	1	1	1	1	0	0
OG_4161	2	2	2	1	1	1	3	1	1	2	0	0
OG_4162	8	60	1	3	1	1	5	0	0	1	0	10
OG_4163	2	3	1	1	3	5	2	1	1	1	6	1
OG_4164	3	10	13	5	5	1	1	3	1	3	0	12
OG_4165	2	3	3	1	8	1	1	3	2	9	3	2
OG_4166	1	2	1	1	1	1	0	1	1	1	1	0
OG_4167	2	4	0	0	0	0	1	0	0	0	0	0
OG_4168	6	34	1	4	9	0	9	0	7	0	1	52
OG_4169	2	1	1	1	0	1	3	1	1	3	0	1
OG_4170	19	109	3	63	14	15	4	1	7	8	2	9
OG_4171	1	1	1	1	0	1	1	1	2	2	0	0
OG_4172	0	1	1	1	2	1	1	1	1	2	0	1
OG_4173	1	4	1	1	0	1	1	1	0	3	0	0
OG_4174	0	2	0	1	0	3	1	0	0	0	0	0
OG_4175	0	12	0	0	1	0	0	0	3	0	0	0
OG_4176	11	20	2	12	31	4	10	4	1	2	7	0
OG_4177	0	3	0	2	0	0	0	0	0	0	0	0
OG_4178	1	1	1	1	0	1	1	1	1	1	0	0
OG_4179	3	6	0	4	0	4	0	0	0	0	0	0
OG_4180	25	90	17	60	31	32	34	1	25	19	5	128
OG_4181	0	1	4	1	0	1	0	2	1	2	0	1
OG_4182	1	1	2	1	2	2	1	2	1	1	1	1
OG_4183	0	6	0	2	0	0	0	0	0	0	0	0
OG_4184	1	2	1	2	1	1	1	1	4	1	1	1
OG_4185	1	1	2	1	3	1	1	1	1	0	1	1
OG_4186	3	4	5	1	3	3	1	1	6	7	6	2
OG_4187	1	1	1	1	1	2	1	1	1	1	1	1
OG_4188	1	1	6	5	2	1	2	0	2	0	2	0
OG_4189	1	1	2	1	0	1	2	4	2	0	1	0
OG_4190	1	1	1	1	1	1	1	1	1	0	2	1
OG_4191	1	1	1	2	1	2	1	0	1	2	0	1
OG_4192	3	40	1	12	0	1	7	0	17	3	0	40
OG_4193	11	62	6	16	58	29	3	1	14	0	0	61
OG_4194	0	2	0	2	0	0	0	0	0	0	0	0
OG_4195	1	2	2	1	4	1	1	1	1	4	0	2
OG_4196	2	3	1	2	0	1	1	1	1	1	0	0
OG_4197	23	27	1	21	0	9	18	0	1	2	0	2
OG_4198	12	74	3	28	5	16	27	1	20	0	12	12
OG_4199	3	15	0	2	5	5	3	0	4	1	1	0
OG_4200	15	11	4	10	5	2	9	5	19	6	0	9
OG_4201	7	25	3	39	2	26	9	1	4	4	0	2
OG_4202	1	4	1	1	1	1	1	1	1	1	1	2
OG_4203	0	2	0	1	0	3	0	0	0	0	0	0
OG_4204	9	18	8	15	0	0	0	0	6	0	1	0
OG_4205	1	3	1	1	0	1	3	1	2	1	0	3
OG_4206	17	103	8	39	6	31	14	4	6	0	1	5
OG_4207	1	7	0	1	0	0	0	0	1	0	0	0
OG_4208	1	13	1	1	3	1	2	1	1	4	1	1
OG_4209	1	2	2	1	1	1	1	1	1	1	2	1
OG_4210	1	1	1	1	0	1	2	1	1	1	0	1
OG_4211	1	2	0	2	0	0	0	0	0	0	0	0
OG_4212	7	28	0	0	0	6	0	0	3	0	0	1
OG_4213	16	41	3	12	3	4	16	0	6	0	0	43
OG_4214	1	4	0	0	0	0	0	0	0	0	0	0
OG_4215	1	4	0	0	0	0	0	0	1	0	0	0
OG_4216	12	35	0	5	0	0	2	0	2	0	0	0
OG_4217	0	1	1	1	1	1	1	1	1	1	1	1
OG_4218	1	2	0	1	0	2	1	0	0	0	0	0
OG_4219	19	32	4	14	32	15	4	3	9	0	43	30
OG_4220	0	1	3	1	0	1	2	0	3	2	0	0
OG_4221	2	30	0	2	21	1	0	0	5	4	2	38
OG_4222	2	1	1	1	1	1	2	1	5	3	1	1
OG_4223	1	1	1	1	1	1	1	1	1	3	1	1
OG_4224	2	14	0	0	0	2	0	0	0	0	0	0
OG_4225	0	12	0	0	0	0	0	0	1	0	0	0
OG_4226	0	1	1	1	1	1	1	1	1	2	1	3
OG_4227	1	17	0	3	0	2	8	0	6	0	0	0
OG_4228	4	22	0	1	1	0	1	0	2	0	20	0
OG_4229	1	1	0	0	1	1	1	0	1	1	0	0
OG_4230	0	6	1	1	0	0	2	0	0	0	0	0
OG_4231	0	1	1	1	1	1	1	1	1	2	1	1
OG_4232	1	1	2	1	3	1	2	1	1	2	0	1
OG_4233	4	52	0	7	0	0	2	0	0	0	0	0
OG_4234	0	8	7	4	0	6	1	0	1	1	0	0
OG_4235	2	21	0	0	0	0	2	0	0	0	0	0
OG_4236	0	2	0	0	0	0	0	0	0	0	0	3
OG_4237	1	1	1	1	0	1	1	4	1	2	0	0
OG_4238	1	1	1	1	1	1	2	1	1	1	1	1
OG_4239	0	1	1	0	0	1	1	1	0	0	0	0
OG_4240	7	13	4	7	6	3	4	0	0	0	1	0
OG_4241	1	3	1	1	4	1	1	1	2	1	0	0
OG_4242	0	23	0	1	0	0	0	0	0	0	0	0
OG_4243	1	5	1	1	0	1	1	0	1	1	0	0
OG_4244	3	3	1	4	11	2	2	2	0	3	5	9
OG_4245	4	8	0	0	0	1	0	0	0	0	0	0
OG_4246	5	9	4	12	0	6	5	7	4	5	0	2
OG_4247	3	2	1	6	1	1	4	1	4	0	0	0
OG_4248	1	1	1	1	0	1	1	1	0	1	0	0
OG_4249	0	4	0	0	0	1	0	0	0	0	0	0
OG_4250	1	2	1	1	2	1	1	3	1	1	1	1
OG_4251	1	2	1	1	2	1	2	3	1	2	2	2
OG_4252	1	9	0	0	0	0	7	0	5	0	0	0
OG_4253	1	1	2	1	1	1	1	2	4	3	2	1
OG_4254	0	3	0	1	7	1	1	0	1	2	2	1
OG_4255	0	1	0	3	0	0	3	0	0	0	0	0
OG_4256	5	8	0	8	0	1	0	0	1	0	0	0
OG_4257	1	1	2	2	4	1	1	2	1	7	1	1
OG_4258	1	1	3	2	0	1	1	1	2	1	0	0
OG_4259	6	12	4	6	0	0	0	2	4	1	0	0
OG_4260	0	1	1	1	1	1	0	3	2	1	1	1
OG_4261	3	1	1	1	1	1	1	1	1	2	1	1
OG_4262	1	1	1	1	1	1	1	2	1	1	0	1
OG_4263	9	18	0	26	10	3	10	1	1	0	0	0
OG_4264	0	2	1	1	1	1	1	0	0	0	0	0
OG_4265	2	18	2	10	0	6	3	0	3	0	0	0
OG_4266	17	70	3	26	5	8	6	0	7	2	0	1
OG_4267	1	1	5	2	2	1	1	2	1	3	3	1
OG_4268	1	2	0	1	0	0	1	0	0	0	0	0
OG_4269	1	3	1	1	0	2	1	0	0	1	0	0
OG_4270	1	1	2	1	0	1	1	4	0	1	0	1
OG_4271	1	8	0	2	0	0	3	0	3	0	0	0
OG_4272	0	2	0	1	0	1	0	0	0	0	0	0
OG_4273	0	3	0	1	0	0	0	0	1	0	0	0
OG_4274	2	2	2	2	0	2	2	2	3	2	0	2
OG_4275	0	10	0	5	0	1	4	0	8	0	0	0
OG_4276	6	1	1	0	0	2	2	1	0	0	0	0
OG_4277	1	1	1	1	2	1	1	1	1	2	4	1
OG_4278	0	3	2	2	1	1	3	1	3	1	0	4
OG_4279	2	1	2	1	4	1	1	1	0	12	1	2
OG_4280	2	3	0	2	0	0	0	0	1	0	0	0
OG_4281	7	16	2	29	7	3	10	5	6	3	1	8
OG_4282	1	1	1	1	3	1	1	1	1	2	1	1
OG_4283	5	9	7	16	17	12	12	8	4	10	5	6
OG_4284	1	1	2	1	1	2	1	1	2	0	1	1
OG_4285	1	1	4	1	1	1	1	2	1	3	0	0
OG_4286	1	4	0	0	0	0	0	0	0	0	0	0
OG_4287	0	2	0	1	0	0	0	0	0	0	0	0
OG_4288	0	2	4	2	1	3	1	8	1	1	2	1
OG_4289	3	10	9	19	3	4	4	7	3	3	0	4
OG_4290	2	2	7	4	0	6	1	4	0	0	0	0
OG_4291	1	18	2	1	3	1	1	3	8	5	1	1
OG_4292	0	1	1	1	0	1	1	1	4	2	0	0
OG_4293	19	111	5	45	1	14	16	1	14	0	2	51
OG_4294	0	13	0	0	0	0	0	0	1	0	0	0
OG_4295	0	1	2	2	1	1	1	1	1	9	1	1
OG_4296	0	3	0	1	0	0	0	0	0	0	0	0
OG_4297	2	3	0	0	0	0	0	0	1	0	0	0
OG_4298	0	5	0	1	0	0	0	0	0	0	0	0
OG_4299	0	3	0	2	0	0	0	0	0	0	0	0
OG_4300	0	1	1	1	1	1	1	1	1	1	0	1
OG_4301	0	1	3	1	1	1	2	1	1	1	1	0
OG_4302	0	1	2	1	3	1	1	6	1	2	1	1
OG_4303	6	44	5	12	9	25	1	0	9	0	25	1
OG_4304	7	24	0	17	23	3	17	0	24	0	0	4
OG_4305	0	17	0	11	0	0	0	0	0	0	0	0
OG_4306	1	2	1	1	1	1	1	1	0	0	1	0
OG_4307	6	8	0	2	0	3	1	0	2	0	0	0
OG_4308	3	25	0	17	0	5	13	0	5	4	0	0
OG_4309	1	1	1	1	0	1	1	1	0	0	0	0
OG_4310	1	3	2	1	2	2	3	2	1	4	0	1
OG_4311	1	1	3	1	1	1	1	1	1	1	2	1
OG_4312	0	8	0	0	0	0	1	0	0	0	0	0
OG_4313	7	54	5	12	7	1	1	0	8	13	0	0
OG_4314	0	1	1	1	0	1	1	1	0	1	0	0
OG_4315	10	9	9	9	0	8	12	11	1	3	0	0
OG_4316	1	1	4	1	7	1	1	3	1	3	1	1
OG_4317	1	2	1	1	1	1	6	1	2	9	2	1
OG_4318	1	1	3	2	1	2	3	3	2	1	1	1
OG_4319	4	8	0	0	0	0	0	0	0	0	0	0
OG_4320	4	58	4	23	27	4	3	2	3	2	1	4
OG_4321	2	6	0	0	0	0	0	0	1	0	0	0
OG_4322	1	1	2	1	0	1	3	1	1	0	0	0
OG_4323	2	1	1	1	2	1	1	1	1	1	0	1
OG_4324	6	8	3	1	0	4	5	2	0	2	0	0
OG_4325	25	20	13	38	6	14	12	12	9	14	5	4
OG_4326	1	3	1	1	1	1	1	1	3	1	1	3
OG_4327	1	1	2	1	0	1	1	1	1	1	0	0
OG_4328	1	2	1	1	0	1	1	1	1	4	0	1
OG_4329	0	4	0	0	0	0	0	0	0	0	0	1
OG_4330	12	36	5	3	43	0	3	0	6	1	168	8
OG_4331	1	30	1	23	4	1	1	1	1	0	1	0
OG_4332	14	71	20	51	8	24	11	2	74	1	0	1
OG_4333	1	10	0	1	0	0	6	0	1	0	0	0
OG_4334	0	7	0	0	0	0	0	0	3	7	0	0
OG_4335	1	1	2	1	2	1	1	1	1	2	1	1
OG_4336	0	6	0	2	0	0	0	0	0	0	0	0
OG_4337	0	1	1	1	1	1	1	1	1	1	0	1
OG_4338	0	2	0	2	0	6	0	0	2	0	0	0
OG_4339	11	9	4	3	0	2	2	1	9	0	0	3
OG_4340	2	40	0	4	0	4	2	0	1	0	0	0
OG_4341	0	9	0	0	0	0	0	0	0	0	0	2
OG_4342	2	15	7	0	0	0	0	0	1	0	0	0
OG_4343	1	1	2	2	2	2	1	3	1	1	4	5
OG_4344	0	10	0	1	0	0	0	0	0	0	0	0
OG_4345	0	2	1	1	1	1	1	1	1	1	1	1
OG_4346	4	3	4	5	8	3	4	4	4	6	3	1
OG_4347	7	13	1	3	0	2	2	0	3	0	0	0
OG_4348	1	1	1	1	2	1	2	6	2	1	1	1
OG_4349	2	11	0	0	0	4	2	0	4	0	0	0
OG_4350	0	1	1	2	0	2	2	1	3	3	8	1
OG_4351	0	12	0	0	0	0	3	0	0	0	0	0
OG_4352	0	1	1	1	1	3	1	1	1	1	1	1
OG_4353	1	1	1	1	0	1	1	1	0	0	0	0
OG_4354	1	4	6	7	6	1	1	1	1	1	0	1
OG_4355	0	1	1	1	0	1	1	1	0	0	0	1
OG_4356	0	1	2	1	0	1	3	2	6	2	0	1
OG_4357	2	14	0	4	0	5	1	2	4	0	4	0
OG_4358	0	6	0	2	0	0	0	0	1	0	0	0
OG_4359	1	24	1	1	1	2	2	1	3	2	4	1
OG_4360	1	2	2	2	3	1	1	2	1	1	1	1
OG_4361	1	2	1	3	0	1	2	2	1	2	0	0
OG_4362	2	10	0	4	0	0	0	0	1	0	0	0
OG_4363	1	1	3	1	1	1	1	1	1	6	1	2
OG_4364	2	10	1	8	0	4	5	1	4	0	0	0
OG_4365	1	3	0	0	0	0	0	0	0	0	0	0
OG_4366	3	24	0	3	3	1	8	1	2	0	0	0
OG_4367	4	11	0	4	0	0	2	0	0	0	0	0
OG_4368	2	7	1	2	1	10	2	1	1	1	0	4
OG_4369	0	21	0	0	20	0	0	0	0	0	0	1
OG_4370	15	35	3	14	7	3	7	2	18	1	0	34
OG_4371	2	2	3	3	0	3	2	2	0	0	0	0
OG_4372	3	1	2	1	3	1	1	1	1	3	0	0
OG_4373	2	1	1	2	1	1	1	1	1	1	1	1
OG_4374	1	26	0	1	2	0	2	0	1	1	1	2
OG_4375	2	13	0	3	0	4	0	0	5	0	0	1
OG_4376	1	1	2	1	0	2	1	1	1	1	0	1
OG_4377	1	2	1	1	0	1	1	1	2	1	0	0
OG_4378	0	1	2	1	1	1	1	2	1	2	1	1
OG_4379	3	23	0	17	0	8	5	0	5	0	1	0
OG_4380	2	7	3	3	2	4	4	4	3	2	7	0
OG_4381	0	6	0	1	0	0	0	0	0	0	0	0
OG_4382	1	2	1	1	3	1	1	1	1	1	1	1
OG_4383	1	1	1	1	1	1	1	1	2	1	0	1
OG_4384	1	12	2	1	1	1	1	1	1	3	1	1
OG_4385	1	1	0	1	0	1	1	0	0	0	0	0
OG_4386	7	10	0	7	0	10	1	0	3	0	7	0
OG_4387	0	1	2	1	0	1	1	1	1	1	0	0
OG_4388	1	41	3	15	0	11	4	2	10	1	0	1
OG_4389	0	1	1	1	1	1	1	1	1	1	0	1
OG_4390	1	6	2	2	0	5	0	2	0	0	37	2
OG_4391	1	4	1	1	13	1	2	1	0	5	10	1
OG_4392	4	10	0	1	3	0	0	0	0	0	0	0
OG_4393	3	12	0	5	0	2	2	0	0	0	0	0
OG_4394	12	112	19	51	5	38	0	2	39	10	40	5
OG_4395	8	4	3	8	0	7	1	0	0	1	0	0
OG_4396	2	4	0	0	0	0	1	0	0	0	0	0
OG_4397	0	1	2	1	1	1	1	1	2	1	1	1
OG_4398	1	5	1	1	1	1	1	1	2	1	2	2
OG_4399	4	23	4	14	0	5	0	1	6	4	0	0
OG_4400	1	10	1	1	1	1	1	1	1	2	1	2
OG_4401	3	9	0	1	0	0	0	0	1	0	0	0
OG_4402	2	1	2	2	1	1	1	1	3	2	1	1
OG_4403	1	5	7	3	4	3	1	1	1	11	3	2
OG_4404	0	4	0	1	0	0	5	0	0	1	0	0
OG_4405	1	2	1	1	0	1	2	1	1	1	0	3
OG_4406	1	1	6	1	1	1	1	3	2	8	1	0
OG_4407	1	20	0	1	0	0	0	0	0	0	0	1
OG_4408	6	38	19	23	0	5	0	1	6	0	0	1
OG_4409	1	3	3	1	0	1	1	1	2	4	0	6
OG_4410	0	1	3	1	1	1	2	1	1	1	1	1
OG_4411	3	3	2	3	0	3	4	2	3	4	1	2
OG_4412	5	5	2	1	4	1	0	0	0	0	1	2
OG_4413	5	49	9	20	0	7	5	0	15	1	0	1
OG_4414	0	4	0	0	0	0	2	0	0	0	0	0
OG_4415	2	3	0	4	0	0	1	0	0	0	0	0
OG_4416	0	2	0	5	0	0	0	0	0	0	0	0
OG_4417	0	1	0	6	0	0	0	0	0	0	0	0
OG_4418	0	5	4	1	1	1	5	1	1	3	1	2
OG_4419	1	3	0	4	0	0	1	0	1	3	0	0
OG_4420	10	10	10	15	0	6	6	3	3	5	0	6
OG_4421	0	2	1	1	1	1	1	1	1	1	1	1
OG_4422	1	1	1	1	2	1	1	1	1	3	1	2
OG_4423	0	8	0	13	0	11	0	0	1	0	0	0
OG_4424	7	7	4	10	2	6	5	7	7	8	4	8
OG_4425	0	1	0	2	0	5	0	0	2	4	2	0
OG_4426	1	2	1	2	0	1	1	1	0	0	0	0
OG_4427	0	11	0	0	0	2	1	0	2	0	0	0
OG_4428	1	7	0	0	4	0	0	0	0	0	36	0
OG_4429	1	1	1	1	1	1	1	1	1	1	1	1
OG_4430	1	63	7	26	99	21	13	6	6	3	66	1
OG_4431	0	2	0	0	0	1	0	1	0	0	0	0
OG_4432	13	21	10	11	7	8	17	15	4	8	0	8
OG_4433	8	7	4	4	0	2	4	0	13	0	0	44
OG_4434	1	1	1	1	1	1	3	1	1	1	1	1
OG_4435	6	28	0	8	2	1	6	0	12	0	93	0
OG_4436	0	1	1	1	1	1	1	1	1	1	1	2
OG_4437	9	11	0	1	0	0	0	0	0	0	0	0
OG_4438	7	3	0	3	0	1	8	0	0	0	0	0
OG_4439	1	1	0	1	0	0	1	0	7	1	0	0
OG_4440	0	0	0	2	0	2	0	0	0	0	0	0
OG_4441	3	24	1	3	1	7	1	1	1	1	2	1
OG_4442	1	2	1	1	0	1	1	1	1	1	0	1
OG_4443	0	11	0	1	0	3	0	0	0	0	0	0
OG_4444	17	6	16	8	13	6	7	17	14	11	9	2
OG_4445	0	2	1	1	1	1	1	1	1	1	1	1
OG_4446	1	1	1	1	0	0	0	1	0	0	0	0
OG_4447	1	4	0	0	0	0	0	0	0	0	0	0
OG_4448	0	1	1	1	0	1	1	1	1	0	0	0
OG_4449	6	45	18	15	0	7	25	2	13	12	0	1
OG_4450	1	1	1	0	0	1	2	1	0	0	0	0
OG_4451	2	10	0	5	0	20	1	1	0	0	0	0
OG_4452	1	1	1	2	2	1	1	3	2	2	2	4
OG_4453	8	39	1	10	20	5	4	0	13	2	0	3
OG_4454	1	1	0	1	0	1	1	1	0	0	0	0
OG_4455	1	1	1	1	1	1	1	2	2	2	1	1
OG_4456	2	10	7	5	0	8	6	6	2	0	0	1
OG_4457	2	1	1	2	0	1	1	1	0	0	0	0
OG_4458	7	23	3	1	0	8	9	6	0	1	0	1
OG_4459	1	1	1	0	1	1	1	2	1	2	2	1
OG_4460	2	2	1	1	0	1	3	1	3	1	0	0
OG_4461	4	29	0	10	0	0	10	0	2	0	0	0
OG_4462	0	22	0	10	0	2	0	0	0	0	0	0
OG_4463	2	1	1	1	0	1	1	1	1	1	0	1
OG_4464	1	6	0	4	0	2	0	0	0	0	0	0
OG_4465	2	2	2	1	1	1	1	1	1	1	1	1
OG_4466	5	7	0	9	0	6	1	0	3	0	0	0
OG_4467	1	16	1	1	1	1	1	1	1	2	2	1
OG_4468	11	9	11	47	0	13	9	9	8	4	6	0
OG_4469	2	7	6	0	0	6	2	1	3	7	0	63
OG_4470	0	4	0	3	0	0	2	0	6	0	0	0
OG_4471	8	13	2	1	0	3	1	1	1	2	0	2
OG_4472	0	1	2	2	0	1	1	1	0	0	0	0
OG_4473	1	30	14	3	0	4	0	0	4	4	0	0
OG_4474	1	1	1	1	1	1	1	1	1	1	1	1
OG_4475	1	2	1	1	1	1	2	1	1	4	1	2
OG_4476	2	5	0	0	0	0	1	0	0	0	0	0
OG_4477	4	2	1	1	1	2	2	1	3	3	2	4
OG_4478	6	15	0	0	0	3	2	0	0	0	0	0
OG_4479	0	1	1	1	1	1	1	1	1	1	1	1
OG_4480	0	1	1	1	1	1	1	1	1	2	1	1
OG_4481	1	1	4	1	3	1	1	3	4	13	1	2
OG_4482	1	3	3	1	7	1	1	3	1	2	10	1
OG_4483	4	29	0	19	3	5	6	0	2	4	0	1
OG_4484	0	13	0	1	0	0	0	0	3	0	0	0
OG_4485	1	3	2	1	1	2	2	1	7	1	1	0
OG_4486	2	13	1	1	0	1	1	1	1	3	0	1
OG_4487	1	2	1	1	0	1	1	1	0	0	0	0
OG_4488	0	1	1	1	1	1	1	1	1	1	1	1
OG_4489	4	23	1	17	0	0	3	0	3	0	8	7
OG_4490	26	99	15	21	3	2	10	0	14	5	1	0
OG_4491	0	6	0	1	0	1	0	0	0	0	0	0
OG_4492	2	32	2	2	2	2	2	2	2	1	1	1
OG_4493	13	25	0	1	0	0	1	0	3	0	0	0
OG_4494	0	3	0	2	0	0	2	0	0	0	0	0
OG_4495	0	3	0	1	0	0	0	0	0	0	0	0
OG_4496	1	1	1	1	6	1	1	1	3	1	1	2
OG_4497	7	19	2	9	3	0	4	0	6	3	0	14
OG_4498	0	7	1	0	0	0	2	0	0	0	0	0
OG_4499	2	1	0	1	0	1	1	1	0	0	0	0
OG_4500	0	9	0	4	0	0	0	0	0	0	0	0
OG_4501	4	4	1	12	0	2	1	2	3	1	0	0
OG_4502	0	1	1	1	0	1	1	1	0	0	0	0
OG_4503	1	10	2	6	0	1	2	1	1	3	0	6
OG_4504	1	2	2	9	0	1	1	1	0	1	0	1
OG_4505	1	1	1	1	1	1	1	1	2	1	1	1
OG_4506	1	7	0	0	0	0	0	0	0	0	0	0
OG_4507	1	4	1	3	0	1	1	1	0	0	0	0
OG_4508	2	13	0	0	0	0	0	0	0	0	0	0
OG_4509	0	21	5	4	0	16	8	3	0	0	0	1
OG_4510	0	1	1	0	0	0	0	1	0	0	0	0
OG_4511	0	9	0	7	0	5	2	0	0	0	1	0
OG_4512	3	4	0	0	0	0	0	0	0	0	0	0
OG_4513	0	1	1	1	1	1	1	2	2	1	1	1
OG_4514	1	2	3	1	0	2	1	1	2	1	1	0
OG_4515	1	1	2	1	1	1	1	1	1	2	1	3
OG_4516	6	6	5	9	49	4	9	5	9	6	0	1
OG_4517	0	8	0	0	0	2	1	0	0	0	0	0
OG_4518	2	2	8	2	13	2	2	2	1	3	5	0
OG_4519	1	15	1	2	2	1	1	1	3	0	2	3
OG_4520	1	1	1	1	1	1	1	1	1	1	1	1
OG_4521	5	27	5	10	0	3	7	0	12	2	0	13
OG_4522	2	14	0	11	11	29	16	1	3	0	1	37
OG_4523	0	12	0	1	0	0	0	0	0	0	0	0
OG_4524	28	37	0	9	0	7	3	0	2	0	0	0
OG_4525	2	5	0	0	0	0	0	0	1	1	0	0
OG_4526	1	1	0	1	0	0	3	0	0	0	0	0
OG_4527	0	2	0	2	0	0	0	0	0	0	0	0
OG_4528	0	1	5	1	6	1	2	10	1	6	1	1
OG_4529	4	23	0	4	1	5	3	0	5	1	49	0
OG_4530	0	1	1	1	1	1	2	3	1	5	1	2
OG_4531	9	7	8	4	0	6	3	4	1	0	0	0
OG_4532	7	3	0	4	0	0	4	0	0	0	0	0
OG_4533	14	44	4	32	31	8	0	0	15	5	15	0
OG_4534	9	20	10	9	0	8	11	6	0	0	0	1
OG_4535	1	4	0	2	0	0	0	0	0	0	0	0
OG_4536	1	1	1	1	1	1	2	1	1	1	1	2
OG_4537	0	1	3	1	1	1	1	3	1	1	2	1
OG_4538	3	16	0	7	0	10	0	0	1	2	0	0
OG_4539	9	74	4	42	1	12	4	1	6	1	0	11
OG_4540	1	2	1	1	2	1	3	1	1	1	1	1
OG_4541	3	8	3	6	0	15	4	1	0	0	0	0
OG_4542	0	3	1	2	0	3	1	1	2	2	0	0
OG_4543	0	1	1	1	1	1	1	1	1	3	1	1
OG_4544	2	8	0	3	0	0	0	0	0	0	0	0
OG_4545	1	15	0	3	16	1	0	0	5	0	0	6
OG_4546	4	2	3	2	0	2	3	3	1	7	0	1
OG_4547	3	15	7	26	0	4	1	1	0	0	39	12
OG_4548	9	8	0	0	0	0	0	0	2	0	0	0
OG_4549	5	38	3	23	0	0	4	0	6	8	0	12
OG_4550	1	2	1	1	3	2	1	1	1	4	1	1
OG_4551	10	76	14	11	16	1	1	5	15	3	50	2
OG_4552	3	20	0	0	0	2	3	0	3	2	0	0
OG_4553	1	2	3	1	2	1	1	2	4	2	2	3
OG_4554	2	1	2	1	0	1	1	1	0	1	0	0
OG_4555	2	1	1	1	2	1	1	1	1	1	2	1
OG_4556	10	2	3	6	0	9	5	1	0	0	0	0
OG_4557	0	5	0	1	0	0	1	0	1	0	0	0
OG_4558	1	8	0	2	1	0	2	0	0	0	0	0
OG_4559	1	21	0	6	0	0	0	0	2	2	0	0
OG_4560	0	4	0	2	0	0	0	0	0	0	0	0
OG_4561	0	7	0	3	0	0	0	0	0	0	0	0
OG_4562	1	1	2	1	0	1	1	1	0	0	0	0
OG_4563	0	10	0	8	0	3	0	0	0	0	0	0
OG_4564	4	86	11	22	90	40	2	3	10	10	96	30
OG_4565	0	14	0	8	0	0	0	0	0	0	0	0
OG_4566	1	1	1	1	1	1	1	1	1	1	1	1
OG_4567	1	2	1	1	1	1	1	1	2	1	1	1
OG_4568	0	10	0	0	0	1	0	0	0	0	0	0
OG_4569	6	42	12	8	3	28	0	1	11	2	36	24
OG_4570	1	1	2	2	1	1	1	1	1	3	1	1
OG_4571	1	2	0	0	0	5	0	0	0	0	0	0
OG_4572	18	40	1	12	0	2	9	0	2	1	0	0
OG_4573	0	2	0	0	0	0	1	0	0	0	0	0
OG_4574	1	5	1	1	2	1	1	0	0	0	1	0
OG_4575	1	45	0	22	3	10	10	1	3	2	1	0
OG_4576	1	2	3	2	0	2	1	1	2	0	0	0
OG_4577	1	3	1	1	1	1	1	2	1	5	2	1
OG_4578	0	1	0	1	14	1	0	0	1	1	0	1
OG_4579	1	1	2	1	1	1	1	1	1	2	2	0
OG_4580	1	13	0	7	0	2	0	0	0	0	0	0
OG_4581	0	5	0	3	0	0	0	0	0	0	0	0
OG_4582	0	17	0	0	0	0	0	0	0	0	0	21
OG_4583	6	7	13	5	23	47	9	1	10	13	0	40
OG_4584	2	2	0	8	0	1	0	0	0	0	0	0
OG_4585	1	2	0	1	7	1	1	2	0	0	0	0
OG_4586	1	1	2	1	0	1	1	2	1	1	0	0
OG_4587	6	13	1	5	0	6	2	0	1	0	0	0
OG_4588	0	3	0	5	0	1	0	0	0	0	0	0
OG_4589	6	6	0	1	0	0	1	0	0	9	0	0
OG_4590	2	6	0	0	0	0	0	0	0	0	0	0
OG_4591	23	27	9	14	3	10	24	9	14	18	2	1
OG_4592	1	32	0	28	0	0	0	0	8	4	0	4
OG_4593	1	1	1	1	2	1	1	1	1	1	1	2
OG_4594	1	6	0	1	0	2	1	1	0	1	0	0
OG_4595	0	2	1	1	1	1	1	1	3	1	1	0
OG_4596	0	32	3	18	0	7	2	0	1	0	0	9
OG_4597	0	2	1	1	0	1	1	1	1	1	0	0
OG_4598	1	7	0	0	0	0	0	0	0	0	0	0
OG_4599	0	1	2	1	1	1	1	1	0	2	1	1
OG_4600	1	1	2	1	0	1	1	1	0	0	0	0
OG_4601	1	4	0	2	0	0	1	0	0	0	0	0
OG_4602	1	1	1	1	0	1	1	1	1	1	0	0
OG_4603	0	1	1	1	0	1	1	1	1	1	0	0
OG_4604	0	2	1	1	0	1	1	1	1	1	0	1
OG_4605	1	7	1	1	0	0	0	0	0	0	0	0
OG_4606	0	2	2	1	0	1	1	1	0	1	0	0
OG_4607	15	58	5	28	37	29	6	1	16	1	47	22
OG_4608	0	4	0	1	0	0	0	0	0	0	0	0
OG_4609	3	3	1	2	3	1	2	4	1	1	1	1
OG_4610	0	1	1	1	0	1	1	1	0	1	0	0
OG_4611	0	1	1	2	1	1	0	0	1	1	1	0
OG_4612	2	7	3	9	0	2	0	5	2	5	0	2
OG_4613	1	5	0	0	0	0	0	0	0	0	0	0
OG_4614	0	10	0	0	0	2	3	0	1	0	0	0
OG_4615	1	1	2	1	0	1	1	2	2	1	0	1
OG_4616	2	10	0	0	0	0	2	0	0	0	0	0
OG_4617	1	1	1	1	1	1	1	2	1	3	1	1
OG_4618	1	1	1	1	0	1	1	2	0	3	0	0
OG_4619	1	1	1	1	1	1	1	2	1	2	1	1
OG_4620	2	3	1	3	0	3	2	1	1	1	0	3
OG_4621	1	1	2	1	1	1	1	1	1	1	1	1
OG_4622	3	1	1	1	2	1	2	2	2	6	2	1
OG_4623	1	1	1	3	2	1	1	1	2	1	1	1
OG_4624	5	14	2	5	8	7	3	2	0	0	1	0
OG_4625	15	1	1	1	0	1	2	1	6	0	0	0
OG_4626	7	29	11	5	11	15	0	0	5	1	15	0
OG_4627	0	1	1	1	1	1	1	1	2	2	1	1
OG_4628	1	1	1	1	0	1	1	2	1	1	0	2
OG_4629	1	2	2	1	1	1	1	1	1	1	1	6
OG_4630	0	1	1	1	1	1	1	1	1	2	1	1
OG_4631	3	4	3	2	3	3	4	2	3	3	5	2
OG_4632	0	1	1	1	0	1	1	1	0	1	0	0
OG_4633	2	8	2	5	0	5	1	3	5	0	0	0
OG_4634	0	2	1	1	4	5	1	2	1	2	1	1
OG_4635	0	3	0	5	0	0	0	0	0	0	0	0
OG_4636	1	1	1	1	3	1	1	1	1	0	3	2
OG_4637	2	26	0	1	0	5	0	0	0	0	0	0
OG_4638	0	22	0	4	0	5	10	1	0	1	0	11
OG_4639	1	11	2	1	47	2	1	1	1	1	46	2
OG_4640	0	2	1	0	1	0	0	1	1	0	0	0
OG_4641	0	1	0	1	1	1	1	1	1	1	3	1
OG_4642	1	50	1	1	3	1	3	2	2	4	4	1
OG_4643	0	1	1	2	1	1	1	1	1	1	1	1
OG_4644	2	13	0	0	0	11	1	3	0	0	1	2
OG_4645	1	3	0	0	0	1	1	0	0	0	0	0
OG_4646	1	2	1	1	2	1	1	1	1	1	1	1
OG_4647	3	1	1	1	1	1	1	3	1	1	2	1
OG_4648	3	4	0	6	0	0	1	0	2	0	0	0
OG_4649	1	1	0	1	1	1	2	1	0	1	0	0
OG_4650	0	3	7	1	1	1	3	5	16	1	1	0
OG_4651	1	28	12	0	12	0	1	9	8	4	6	4
OG_4652	0	10	1	1	0	7	0	0	0	0	0	3
OG_4653	2	9	0	1	0	0	3	0	0	0	0	0
OG_4654	0	3	1	4	0	0	0	0	0	0	0	0
OG_4655	1	3	1	1	2	1	1	1	1	1	1	1
OG_4656	1	9	0	1	0	0	0	0	0	0	0	0
OG_4657	1	3	1	1	2	1	1	1	1	1	2	1
OG_4658	1	1	0	1	0	0	7	0	0	0	0	0
OG_4659	12	12	5	12	5	9	10	8	6	3	0	12
OG_4660	1	2	1	1	2	0	1	1	1	3	8	0
OG_4661	1	1	2	1	0	1	1	1	1	1	0	0
OG_4662	3	2	0	4	0	0	1	0	0	0	0	0
OG_4663	0	1	1	1	0	1	1	1	3	2	1	1
OG_4664	2	11	5	8	6	7	1	1	3	0	0	35
OG_4665	1	1	1	1	1	1	1	2	1	1	2	1
OG_4666	1	1	1	1	2	1	1	2	1	3	0	2
OG_4667	4	6	0	9	0	16	0	2	3	0	0	4
OG_4668	2	2	2	1	6	2	1	3	7	3	0	3
OG_4669	1	1	1	1	4	1	1	1	1	2	0	0
OG_4670	10	9	7	16	0	7	8	8	0	2	0	8
OG_4671	5	47	6	44	27	13	21	2	3	0	0	7
OG_4672	1	1	1	1	0	4	1	1	1	1	0	1
OG_4673	6	24	1	9	3	10	0	0	1	1	0	0
OG_4674	0	1	1	3	2	2	1	1	1	1	3	1
OG_4675	6	24	0	16	0	18	0	1	0	0	0	0
OG_4676	1	1	1	0	0	1	2	1	0	2	0	0
OG_4677	0	1	0	1	0	1	0	0	0	1	0	0
OG_4678	1	9	14	3	0	5	3	3	2	1	1	1
OG_4679	0	14	0	2	0	0	0	0	0	0	0	0
OG_4680	0	1	0	0	0	0	0	0	0	0	0	3
OG_4681	1	10	47	16	0	7	0	2	0	0	0	0
OG_4682	1	1	1	1	1	1	3	1	1	2	1	1
OG_4683	5	3	1	4	3	4	3	4	5	6	2	0
OG_4684	1	1	0	1	0	1	1	7	0	0	0	0
OG_4685	10	34	27	6	13	1	8	1	5	1	59	0
OG_4686	2	2	1	1	0	0	1	0	1	1	1	0
OG_4687	0	3	0	4	0	0	0	0	0	0	0	0
OG_4688	25	19	10	23	4	11	10	11	12	5	2	1
OG_4689	22	14	10	8	0	9	9	7	2	3	0	0
OG_4690	1	1	0	1	0	1	1	1	0	0	0	0
OG_4691	1	1	1	1	2	1	0	1	2	1	1	1
OG_4692	0	1	6	0	0	1	1	1	0	0	0	0
OG_4693	0	4	0	2	0	0	0	0	0	0	0	0
OG_4694	2	12	0	1	1	1	3	0	1	1	20	41
OG_4695	3	1	4	1	1	2	1	2	1	3	1	1
OG_4696	0	14	0	0	0	0	0	0	9	0	0	0
OG_4697	2	2	7	2	0	2	2	3	3	1	0	0
OG_4698	10	15	10	17	0	15	20	8	8	7	1	0
OG_4699	3	2	4	6	0	4	5	3	2	1	0	0
OG_4700	1	1	1	1	0	1	1	1	2	2	0	2
OG_4701	0	1	1	1	0	2	1	2	1	1	0	0
OG_4702	5	17	3	1	9	1	3	1	5	0	2	4
OG_4703	0	2	1	1	1	2	1	1	2	2	1	1
OG_4704	0	1	2	1	1	1	1	1	1	1	2	1
OG_4705	3	18	0	5	0	1	11	0	2	0	0	0
OG_4706	8	8	11	6	18	8	8	9	7	7	1	6
OG_4707	1	14	1	1	2	2	1	3	3	1	13	2
OG_4708	0	1	0	1	0	0	0	0	1	3	0	1
OG_4709	0	5	0	0	0	0	0	0	1	0	0	0
OG_4710	35	48	11	48	1	8	3	3	0	0	9	11
OG_4711	1	3	1	1	2	1	1	1	1	5	1	3
OG_4712	0	11	0	1	0	0	0	0	0	0	0	0
OG_4713	0	1	0	2	0	3	5	0	0	0	0	0
OG_4714	0	19	1	4	0	3	2	0	1	0	0	7
OG_4715	1	1	2	1	0	1	1	4	0	1	3	1
OG_4716	5	27	0	0	0	0	4	0	4	1	0	0
OG_4717	2	2	0	3	0	3	1	0	0	0	0	0
OG_4718	4	8	0	2	0	0	1	0	1	0	0	0
OG_4719	1	1	1	2	0	1	1	1	2	2	0	1
OG_4720	1	1	1	1	1	1	1	1	1	1	1	1
OG_4721	0	5	0	1	0	0	1	0	0	0	0	0
OG_4722	1	2	2	1	0	1	2	1	3	3	0	1
OG_4723	0	2	0	3	27	0	0	0	0	0	0	0
OG_4724	2	27	2	3	0	2	8	1	1	0	0	7
OG_4725	0	8	0	1	0	0	0	0	2	0	0	0
OG_4726	0	1	2	2	0	2	1	2	1	1	0	0
OG_4727	1	2	2	1	0	1	1	1	2	1	0	0
OG_4728	2	21	0	20	0	0	7	0	2	0	0	0
OG_4729	0	5	0	1	0	0	1	0	0	0	0	0
OG_4730	0	1	6	1	3	1	2	1	1	1	1	1
OG_4731	1	28	10	0	0	6	4	1	0	0	0	0
OG_4732	2	3	5	2	2	2	2	2	0	0	0	0
OG_4733	0	1	1	1	0	1	2	4	0	2	0	0
OG_4734	3	5	0	0	0	3	0	0	0	0	0	0
OG_4735	2	11	6	3	0	12	2	0	0	0	0	0
OG_4736	1	1	1	1	1	1	1	1	1	1	2	1
OG_4737	1	2	1	5	1	1	2	1	1	2	4	1
OG_4738	1	2	1	1	3	1	1	1	2	5	1	1
OG_4739	0	1	1	0	0	1	1	1	0	0	0	0
OG_4740	1	1	2	2	0	1	1	2	1	1	0	0
OG_4741	2	17	0	20	20	1	4	0	9	5	0	0
OG_4742	1	1	1	1	1	1	1	1	1	3	0	1
OG_4743	2	9	1	2	3	2	3	7	1	4	1	0
OG_4744	0	0	0	1	0	0	0	0	0	0	14	0
OG_4745	5	1	1	0	2	1	2	1	1	1	4	1
OG_4746	0	1	1	1	0	1	1	1	0	0	0	0
OG_4747	0	2	1	1	1	1	2	1	1	1	2	1
OG_4748	5	19	0	1	0	0	1	0	1	1	0	0
OG_4749	1	1	1	1	2	1	1	1	1	2	1	1
OG_4750	0	16	0	1	0	0	2	0	1	0	0	8
OG_4751	3	1	1	2	2	1	1	1	0	2	1	1
OG_4752	2	24	7	15	2	4	2	4	9	2	1	0
OG_4753	0	1	1	1	0	1	0	1	0	0	0	0
OG_4754	1	1	1	1	0	1	1	1	0	1	0	0
OG_4755	1	3	2	4	0	0	2	3	0	0	0	2
OG_4756	2	2	0	1	0	0	0	0	0	0	0	0
OG_4757	1	1	5	5	0	5	0	2	0	0	0	0
OG_4758	1	10	0	3	0	0	0	0	0	0	0	1
OG_4759	0	8	1	4	0	0	0	0	0	0	0	0
OG_4760	1	41	11	22	16	36	3	4	15	12	62	0
OG_4761	6	16	2	2	0	7	2	0	0	1	0	0
OG_4762	0	5	0	2	0	1	0	0	0	0	0	0
OG_4763	0	1	1	1	0	1	1	1	1	1	1	0
OG_4764	4	12	1	2	0	0	1	0	0	0	0	0
OG_4765	2	7	0	0	0	3	0	0	0	0	0	0
OG_4766	1	2	3	1	3	1	2	2	1	1	2	1
OG_4767	0	4	0	2	0	1	0	0	0	0	0	0
OG_4768	3	20	0	7	0	0	2	0	2	1	0	0
OG_4769	0	1	1	1	0	1	1	1	0	0	0	0
OG_4770	6	8	18	7	0	7	12	6	2	2	0	0
OG_4771	0	2	1	1	2	1	1	1	1	2	1	1
OG_4772	1	4	1	2	0	0	0	0	0	0	0	1
OG_4773	1	2	1	1	0	1	2	1	4	1	1	1
OG_4774	3	5	0	2	5	1	1	0	4	0	0	0
OG_4775	8	14	4	12	0	9	7	7	2	2	0	1
OG_4776	1	1	0	1	0	1	1	1	1	1	0	0
OG_4777	1	15	1	20	2	4	3	2	8	0	0	0
OG_4778	0	3	0	4	0	0	0	0	0	0	0	0
OG_4779	0	1	1	1	1	2	1	2	1	1	0	2
OG_4780	1	6	2	3	0	0	0	0	0	0	0	0
OG_4781	2	1	2	1	1	4	1	2	2	1	1	1
OG_4782	5	20	0	6	0	0	1	0	0	0	0	0
OG_4783	12	16	33	14	1	25	20	19	8	4	2	2
OG_4784	5	1	1	1	1	1	1	1	2	1	2	0
OG_4785	0	1	1	1	4	1	1	1	1	2	0	1
OG_4786	1	1	1	1	4	1	1	1	1	1	1	1
OG_4787	1	1	1	1	0	0	0	1	0	1	0	0
OG_4788	1	10	1	2	0	1	1	1	1	0	0	0
OG_4789	1	2	0	0	0	0	1	0	0	0	0	0
OG_4790	18	35	0	37	0	0	2	0	0	0	0	0
OG_4791	2	2	4	1	0	2	2	1	0	0	0	0
OG_4792	0	1	0	1	3	3	1	2	0	0	2	0
OG_4793	2	3	1	2	1	2	2	2	2	2	0	0
OG_4794	8	11	5	11	1	10	19	7	5	3	1	2
OG_4795	0	2	0	1	0	0	0	0	0	0	0	0
OG_4796	3	6	0	3	0	4	2	0	0	0	0	0
OG_4797	1	1	1	1	1	1	1	1	1	0	0	0
OG_4798	0	1	1	1	1	1	2	2	2	2	3	2
OG_4799	1	2	0	1	0	4	2	0	1	2	0	0
OG_4800	1	1	1	1	1	4	1	1	1	3	1	0
OG_4801	26	36	3	20	0	5	11	1	7	16	0	0
OG_4802	3	5	5	2	0	4	3	3	0	0	0	0
OG_4803	0	1	0	0	0	0	3	0	0	1	1	0
OG_4804	1	1	3	1	0	1	4	1	2	2	0	0
OG_4805	2	25	2	3	0	0	0	0	2	0	0	0
OG_4806	1	1	1	1	1	1	1	1	1	1	1	1
OG_4807	1	11	1	1	1	1	1	1	2	1	2	1
OG_4808	3	15	0	2	0	0	3	0	0	0	0	0
OG_4809	1	16	1	7	0	0	6	0	0	0	0	0
OG_4810	1	2	1	1	5	1	1	1	1	1	2	0
OG_4811	1	1	1	1	0	1	1	1	2	1	0	1
OG_4812	2	2	17	5	2	32	2	3	1	1	1	2
OG_4813	1	1	1	1	0	1	0	1	0	0	0	0
OG_4814	1	3	1	1	1	1	2	5	4	7	3	1
OG_4815	0	1	1	1	3	1	1	1	1	3	1	0
OG_4816	3	28	1	10	0	30	2	4	4	1	0	0
OG_4817	0	1	2	2	0	1	1	1	0	1	0	0
OG_4818	1	1	2	1	2	1	1	2	1	1	2	1
OG_4819	7	9	8	14	3	13	7	6	8	15	4	3
OG_4820	0	3	0	6	0	0	1	0	0	0	0	0
OG_4821	1	2	1	1	1	1	2	2	1	6	1	3
OG_4822	3	1	1	1	2	1	1	1	1	1	1	0
OG_4823	2	2	2	1	0	1	2	5	0	5	0	0
OG_4824	1	1	1	1	0	1	1	1	0	0	0	0
OG_4825	1	7	0	0	0	1	0	0	1	0	0	3
OG_4826	0	1	1	1	0	3	0	0	0	0	0	0
OG_4827	0	4	0	0	0	0	1	0	0	0	0	0
OG_4828	4	6	6	7	8	11	10	6	10	4	0	0
OG_4829	1	3	1	4	0	1	1	1	2	1	0	1
OG_4830	0	3	0	1	0	0	0	0	0	0	0	0
OG_4831	0	7	0	0	0	0	0	0	0	0	3	0
OG_4832	2	1	1	1	1	1	1	1	12	10	2	2
OG_4833	1	1	7	1	1	1	1	4	2	1	1	0
OG_4834	10	14	0	8	0	0	8	0	5	3	0	0
OG_4835	1	17	1	12	0	1	2	0	11	1	0	0
OG_4836	2	8	0	1	0	0	1	0	3	0	0	0
OG_4837	1	1	2	1	1	1	1	1	1	1	0	1
OG_4838	12	11	9	3	1	4	7	1	1	4	1	1
OG_4839	13	9	19	16	2	11	16	13	13	10	3	1
OG_4840	0	1	2	4	0	1	1	1	1	1	0	1
OG_4841	2	7	0	0	0	0	1	0	0	0	0	0
OG_4842	1	1	1	2	1	1	1	1	1	3	3	1
OG_4843	0	2	0	8	0	2	1	0	0	0	0	0
OG_4844	1	9	1	4	14	5	2	0	2	0	0	8
OG_4845	1	1	2	1	6	1	1	1	1	4	1	1
OG_4846	0	7	0	3	0	3	0	0	0	0	0	0
OG_4847	1	5	6	1	0	10	7	1	2	0	0	29
OG_4848	9	1	0	0	0	0	0	0	0	0	0	0
OG_4849	1	1	3	1	3	1	1	2	1	1	1	1
OG_4850	2	1	2	1	15	1	2	2	2	1	4	0
OG_4851	1	2	2	1	0	1	1	4	2	2	0	4
OG_4852	2	7	3	5	0	2	6	2	1	8	0	9
OG_4853	1	1	2	1	1	1	1	1	2	1	4	2
OG_4854	1	1	1	1	5	1	2	1	1	1	1	0
OG_4855	2	4	0	1	0	2	2	0	0	0	0	0
OG_4856	1	2	0	0	0	0	0	0	0	0	0	0
OG_4857	1	2	2	1	2	0	1	1	1	2	0	1
OG_4858	0	1	1	5	0	1	1	1	0	0	0	0
OG_4859	9	15	9	4	0	7	6	9	4	2	0	2
OG_4860	1	3	1	1	3	1	2	2	1	3	2	2
OG_4861	1	2	4	3	0	2	0	2	0	0	0	0
OG_4862	2	31	3	0	4	4	1	0	2	2	6	4
OG_4863	0	1	1	1	1	1	1	1	1	1	1	1
OG_4864	2	15	2	3	0	3	3	2	1	4	9	1
OG_4865	3	7	0	2	0	0	4	0	0	0	0	0
OG_4866	0	2	3	0	0	1	0	0	3	0	0	1
OG_4867	3	4	1	1	1	1	1	1	1	3	3	1
OG_4868	1	1	1	1	8	1	1	1	1	2	1	0
OG_4869	4	6	4	8	9	4	5	7	4	4	3	4
OG_4870	1	1	0	1	1	1	1	1	0	0	0	0
OG_4871	0	5	0	1	0	0	0	0	0	0	0	0
OG_4872	0	1	1	1	2	1	1	1	1	2	5	1
OG_4873	1	1	2	3	3	1	1	2	1	6	1	1
OG_4874	1	1	1	1	4	1	1	1	1	1	1	0
OG_4875	3	2	2	3	0	1	1	1	1	2	0	1
OG_4876	0	8	0	0	0	2	1	0	0	0	0	0
OG_4877	1	2	3	1	3	1	2	1	7	3	2	2
OG_4878	1	2	2	1	14	1	2	1	6	7	8	1
OG_4879	0	5	0	0	0	1	0	0	0	0	0	0
OG_4880	5	8	0	1	0	0	0	0	0	0	0	0
OG_4881	1	15	0	5	0	3	1	0	2	0	0	11
OG_4882	1	1	3	1	0	0	1	1	0	0	0	0
OG_4883	0	11	3	0	0	0	2	0	1	1	0	0
OG_4884	1	1	1	1	0	1	1	0	1	0	0	0
OG_4885	1	1	1	1	0	1	0	1	0	0	0	0
OG_4886	1	1	1	1	1	1	1	1	1	1	1	1
OG_4887	1	3	1	1	0	1	1	1	0	1	0	0
OG_4888	0	1	1	1	7	3	1	1	1	0	2	1
OG_4889	1	1	1	1	1	1	1	1	1	1	1	1
OG_4890	1	1	1	2	13	5	1	1	1	0	11	1
OG_4891	1	1	1	1	0	1	1	1	1	3	0	1
OG_4892	1	1	1	1	1	1	1	1	1	3	0	1
OG_4893	0	1	1	2	1	1	1	1	2	1	1	0
OG_4894	1	1	1	1	2	0	1	1	1	1	1	1
OG_4895	5	29	1	9	0	1	14	1	2	5	0	4
OG_4896	5	7	1	4	1	2	2	2	7	5	0	0
OG_4897	0	6	0	1	0	0	2	0	0	0	0	0
OG_4898	3	21	6	4	27	0	2	0	4	0	0	1
OG_4899	1	1	1	1	1	3	1	1	1	1	1	1
OG_4900	0	1	2	1	1	18	1	5	3	3	1	1
OG_4901	15	4	5	4	0	9	0	1	1	0	0	0
OG_4902	1	1	1	1	4	1	1	1	1	2	0	1
OG_4903	6	6	21	9	14	6	17	10	12	13	1	1
OG_4904	1	1	0	1	0	0	1	1	1	1	0	0
OG_4905	3	17	0	1	0	1	7	0	9	0	0	0
OG_4906	2	16	0	30	0	0	0	0	1	0	0	0
OG_4907	0	3	0	0	1	0	0	0	9	1	0	10
OG_4908	2	2	1	2	0	1	2	1	0	0	0	2
OG_4909	1	1	2	1	1	1	1	3	1	1	2	3
OG_4910	1	1	1	1	2	1	1	1	0	1	5	1
OG_4911	1	1	2	1	1	1	2	1	2	2	2	2
OG_4912	0	14	0	5	0	0	1	0	2	0	0	0
OG_4913	1	1	0	4	0	2	5	0	0	0	0	0
OG_4914	7	22	0	13	0	0	0	0	0	1	0	2
OG_4915	2	9	0	1	0	0	0	0	1	0	0	0
OG_4916	43	56	9	51	0	21	4	2	12	7	0	2
OG_4917	1	1	3	0	0	3	2	1	1	3	0	0
OG_4918	1	26	5	5	0	7	2	0	1	3	0	0
OG_4919	4	9	0	20	15	9	11	0	0	0	0	1
OG_4920	0	5	3	4	1	3	3	3	4	1	0	0
OG_4921	1	2	1	1	2	1	2	1	1	2	1	1
OG_4922	0	7	0	3	0	0	3	0	0	0	0	0
OG_4923	0	1	1	1	0	1	1	2	1	1	1	0
OG_4924	1	9	0	0	0	0	4	0	1	0	0	0
OG_4925	1	3	1	1	2	1	2	1	2	1	2	2
OG_4926	2	1	1	3	0	1	1	1	1	2	0	3
OG_4927	1	1	2	1	0	1	2	1	0	0	0	0
OG_4928	1	1	3	1	1	1	1	3	1	1	1	1
OG_4929	2	3	4	2	0	1	3	3	1	1	0	0
OG_4930	7	18	3	21	1	1	3	4	1	2	0	3
OG_4931	5	36	3	4	0	0	7	0	10	0	0	0
OG_4932	1	3	0	1	0	0	0	0	0	0	0	0
OG_4933	20	28	9	20	0	8	15	6	2	3	0	10
OG_4934	7	28	1	33	0	13	2	1	1	0	4	0
OG_4935	0	1	1	1	1	1	1	1	1	1	0	0
OG_4936	1	6	1	1	0	2	1	1	0	1	0	0
OG_4937	1	1	1	1	1	1	1	1	1	1	1	1
OG_4938	1	1	1	1	1	1	1	1	1	0	2	1
OG_4939	1	1	3	1	1	1	1	1	2	1	1	5
OG_4940	2	1	3	1	1	1	2	2	1	1	1	1
OG_4941	1	1	1	1	4	1	1	1	1	1	1	0
OG_4942	1	1	1	1	4	1	1	1	1	2	2	1
OG_4943	1	1	3	1	1	1	1	2	0	2	0	0
OG_4944	1	1	1	1	1	1	1	1	0	0	1	1
OG_4945	2	1	1	1	5	1	1	2	2	4	4	1
OG_4946	0	1	1	1	1	1	1	0	0	1	1	1
OG_4947	2	2	1	1	1	1	1	2	1	1	1	1
OG_4948	0	1	1	1	1	1	1	2	1	1	1	1
OG_4949	0	1	1	1	1	1	1	1	1	1	1	0
OG_4950	2	2	1	1	1	1	1	1	1	3	3	1
OG_4951	2	5	0	0	0	0	0	0	0	0	0	0
OG_4952	1	1	1	1	2	1	1	1	1	1	2	2
OG_4953	1	1	0	1	0	1	1	0	0	0	0	0
OG_4954	0	1	1	1	0	1	2	3	2	1	0	0
OG_4955	0	1	1	1	0	2	1	1	1	1	0	0
OG_4956	8	21	0	8	0	0	11	0	0	0	0	0
OG_4957	1	1	1	1	1	2	1	2	1	0	0	0
OG_4958	1	1	1	1	0	1	1	2	1	1	0	0
OG_4959	9	5	0	3	0	2	6	0	2	0	0	10
OG_4960	0	1	1	1	1	1	1	1	2	1	1	1
OG_4961	9	16	3	11	5	6	12	1	17	0	10	0
OG_4962	0	1	1	1	1	1	1	1	1	1	1	1
OG_4963	0	1	1	1	1	1	2	1	1	3	1	1
OG_4964	1	8	0	5	5	1	6	0	6	0	0	0
OG_4965	12	17	0	1	0	0	8	0	6	0	0	0
OG_4966	1	2	1	1	1	2	1	1	2	1	1	0
OG_4967	1	2	1	2	0	1	1	1	2	0	0	0
OG_4968	1	13	0	1	0	0	0	0	0	0	0	0
OG_4969	0	1	1	1	2	1	1	1	1	1	1	4
OG_4970	1	1	1	1	1	1	1	1	1	2	0	1
OG_4971	0	1	1	1	2	1	1	1	1	1	2	1
OG_4972	14	1	3	7	1	3	3	2	1	0	0	0
OG_4973	0	2	1	7	0	0	0	0	0	0	0	0
OG_4974	1	3	0	1	0	1	1	0	0	0	0	0
OG_4975	2	12	0	8	0	12	0	2	1	0	0	3
OG_4976	1	5	0	0	0	0	1	0	1	0	0	0
OG_4977	0	3	0	3	1	0	0	0	2	0	0	1
OG_4978	2	1	1	0	0	1	1	1	0	0	0	0
OG_4979	0	1	5	1	1	1	1	1	1	1	1	1
OG_4980	3	8	5	10	14	5	8	5	5	3	18	0
OG_4981	1	4	3	1	1	1	1	3	1	1	4	1
OG_4982	0	1	1	1	1	1	1	1	1	1	3	1
OG_4983	1	1	1	1	0	1	1	1	0	2	0	0
OG_4984	0	6	0	6	0	0	0	0	0	0	0	0
OG_4985	0	1	2	1	2	1	1	2	1	1	0	1
OG_4986	1	1	1	1	5	1	2	1	1	1	2	1
OG_4987	1	2	6	2	2	2	2	8	4	3	1	0
OG_4988	0	1	1	1	1	1	1	1	1	1	1	1
OG_4989	3	4	0	0	0	0	3	0	0	0	0	0
OG_4990	2	2	1	1	2	1	1	1	1	1	0	0
OG_4991	8	6	1	1	1	1	1	2	1	2	1	1
OG_4992	1	1	2	2	1	1	1	2	2	2	1	1
OG_4993	1	1	1	1	0	0	1	2	0	0	0	0
OG_4994	0	14	4	0	0	0	0	1	1	0	0	0
OG_4995	3	2	1	1	1	1	1	1	0	2	1	1
OG_4996	1	1	1	1	0	1	1	1	1	1	0	1
OG_4997	2	1	2	1	0	1	1	5	0	0	0	0
OG_4998	1	1	4	1	1	1	1	1	1	10	1	1
OG_4999	4	9	0	0	0	4	0	0	0	0	0	20
OG_5000	8	9	1	5	0	1	5	0	0	0	0	0
OG_5001	2	2	1	1	2	1	1	1	3	1	1	1
OG_5002	1	1	1	1	2	1	2	1	0	1	8	0
OG_5003	5	6	0	2	0	0	0	0	0	0	0	0
OG_5004	0	1	2	1	0	1	0	3	6	2	0	0
OG_5005	1	1	2	1	0	1	2	3	2	1	0	0
OG_5006	1	1	1	1	0	1	1	1	1	1	0	0
OG_5007	0	5	0	27	0	2	5	0	0	0	0	0
OG_5008	1	3	0	3	5	1	0	1	0	0	0	0
OG_5009	1	6	0	0	0	0	0	0	0	0	0	0
OG_5010	0	6	0	3	0	0	0	0	0	0	0	0
OG_5011	1	2	1	1	1	1	1	1	1	1	1	1
OG_5012	1	1	0	1	0	1	1	2	0	0	0	1
OG_5013	1	1	1	1	0	1	1	4	1	0	0	0
OG_5014	1	4	1	1	1	1	1	1	3	2	1	3
OG_5015	1	1	1	1	0	1	3	1	3	0	0	0
OG_5016	3	34	0	16	0	0	0	0	3	0	15	23
OG_5017	0	5	14	2	0	1	1	1	0	0	0	0
OG_5018	1	2	2	1	1	1	1	3	1	1	1	2
OG_5019	0	1	1	1	0	1	1	1	1	0	0	0
OG_5020	1	1	4	1	0	1	3	2	0	4	0	0
OG_5021	1	5	2	1	1	1	1	1	1	1	1	2
OG_5022	0	7	4	0	0	0	1	0	0	3	0	0
OG_5023	3	4	5	1	0	2	3	3	1	1	0	0
OG_5024	3	2	4	3	1	2	3	2	1	2	0	1
OG_5025	1	1	1	1	0	1	1	0	1	3	0	1
OG_5026	0	21	0	1	0	7	3	1	1	0	0	0
OG_5027	2	25	8	6	0	6	1	5	1	0	0	0
OG_5028	2	1	3	1	1	5	1	2	4	1	0	1
OG_5029	2	1	1	1	3	1	1	2	1	1	2	1
OG_5030	1	1	1	1	1	1	1	1	1	3	1	1
OG_5031	1	3	1	1	0	1	1	2	1	0	0	0
OG_5032	0	3	2	1	0	2	1	1	1	0	0	0
OG_5033	2	1	1	0	0	1	1	1	0	1	0	1
OG_5034	1	10	2	11	1	3	1	0	0	0	6	0
OG_5035	0	4	0	0	0	0	1	0	2	0	0	0
OG_5036	1	6	2	5	18	0	0	0	1	0	3	0
OG_5037	3	3	1	1	0	1	0	0	1	0	0	3
OG_5038	0	1	1	1	3	1	1	1	1	2	2	1
OG_5039	1	1	1	1	1	1	2	1	3	1	1	1
OG_5040	0	1	1	1	1	1	1	1	1	2	1	1
OG_5041	1	1	1	2	0	1	1	1	1	1	0	0
OG_5042	0	1	0	0	0	5	0	0	0	0	0	0
OG_5043	0	1	1	1	0	1	1	1	0	1	0	1
OG_5044	1	1	5	1	0	1	1	2	1	0	0	0
OG_5045	2	1	1	1	3	1	1	1	2	2	2	1
OG_5046	0	3	1	2	1	2	3	2	1	2	1	0
OG_5047	0	1	1	1	1	1	2	2	1	1	1	1
OG_5048	1	1	1	1	1	1	1	1	1	1	0	1
OG_5049	1	1	1	1	0	1	1	1	0	0	0	0
OG_5050	1	1	1	1	0	1	1	1	1	1	0	1
OG_5051	1	1	1	2	3	1	1	2	1	1	2	2
OG_5052	1	9	0	0	0	0	0	0	0	0	0	0
OG_5053	2	9	6	6	2	2	5	1	1	2	1	3
OG_5054	1	2	1	1	1	1	2	1	1	1	1	1
OG_5055	3	3	3	2	1	1	1	1	2	1	1	11
OG_5056	4	2	2	1	1	2	1	2	2	1	2	1
OG_5057	3	2	1	1	1	1	2	1	1	2	3	1
OG_5058	1	18	0	4	0	1	0	1	2	0	0	0
OG_5059	1	1	1	1	0	1	1	1	1	1	0	0
OG_5060	0	1	2	1	1	1	1	1	0	1	1	1
OG_5061	3	24	6	9	0	9	2	0	7	0	0	0
OG_5062	16	27	0	5	0	4	20	0	7	0	8	0
OG_5063	3	15	1	4	18	0	7	0	3	0	1	26
OG_5064	0	1	0	5	0	0	0	0	0	0	0	0
OG_5065	5	4	6	1	2	2	3	3	2	4	4	4
OG_5066	31	19	2	15	0	0	3	0	6	0	0	0
OG_5067	1	4	3	1	6	1	2	1	1	1	0	1
OG_5068	1	2	4	1	1	1	1	1	1	1	1	1
OG_5069	0	11	1	0	0	0	0	0	0	0	0	1
OG_5070	0	1	3	5	0	1	1	1	0	0	0	0
OG_5071	26	25	0	8	0	7	1	0	13	0	0	3
OG_5072	51	43	2	65	106	23	8	5	43	6	94	1
OG_5073	0	1	1	1	1	1	2	3	1	1	1	1
OG_5074	1	1	1	1	0	1	1	1	1	0	0	0
OG_5075	1	1	2	1	0	1	1	2	1	1	0	0
OG_5076	0	1	1	1	0	1	1	3	0	1	0	0
OG_5077	2	4	4	6	8	5	2	5	2	5	10	2
OG_5078	2	1	3	2	0	1	0	2	0	0	0	0
OG_5079	0	4	0	0	0	0	1	0	0	0	0	0
OG_5080	12	24	2	12	0	6	12	0	4	0	0	0
OG_5081	1	5	0	7	0	5	3	0	7	1	0	28
OG_5082	1	1	1	1	1	1	1	1	1	1	1	2
OG_5083	1	1	2	1	1	1	1	1	3	1	1	1
OG_5084	0	8	0	0	0	0	0	0	3	0	2	0
OG_5085	0	6	1	4	0	0	0	0	0	0	0	0
OG_5086	67	52	40	28	7	34	46	17	76	40	0	42
OG_5087	1	1	3	0	0	2	2	3	0	7	0	1
OG_5088	0	8	0	2	0	0	2	0	1	0	0	0
OG_5089	1	9	0	10	0	5	0	0	2	0	0	0
OG_5090	14	12	14	21	0	28	7	9	6	4	1	9
OG_5091	1	3	4	1	0	1	1	2	1	2	0	1
OG_5092	0	1	2	1	4	1	2	2	0	1	1	1
OG_5093	1	2	1	2	4	1	1	1	1	1	4	2
OG_5094	0	3	1	3	3	3	1	3	1	1	3	1
OG_5095	0	1	2	1	0	1	1	1	1	2	0	0
OG_5096	39	15	56	16	0	18	16	29	11	5	0	28
OG_5097	1	1	1	1	0	1	1	1	1	2	0	0
OG_5098	4	11	20	9	0	8	11	2	2	2	0	1
OG_5099	1	2	1	1	2	3	2	1	1	0	2	0
OG_5100	12	4	8	12	4	15	11	6	9	2	2	0
OG_5101	1	0	5	0	0	3	0	1	0	0	0	0
OG_5102	2	4	37	6	0	24	14	30	0	0	0	3
OG_5103	3	2	12	2	2	4	5	4	2	2	0	1
OG_5104	1	1	3	1	2	1	1	0	2	1	1	2
OG_5105	4	1	10	1	3	5	6	6	2	3	1	1
OG_5106	1	0	2	0	0	2	1	1	0	0	0	0
OG_5107	10	37	86	20	23	65	17	45	17	22	9	15
OG_5108	17	0	15	0	0	13	11	15	0	0	0	0
OG_5109	1	1	2	1	2	1	1	1	10	4	0	1
OG_5110	0	0	1	0	1	0	0	0	0	0	4	0
OG_5111	2	0	1	2	1	0	8	0	2	1	3	0
OG_5112	0	1	1	1	0	1	1	2	1	0	0	0
OG_5113	1	1	1	2	2	1	1	3	1	3	2	1
OG_5114	0	0	1	0	0	2	1	1	0	0	0	0
OG_5115	2	1	1	1	0	1	3	2	1	4	0	0
OG_5116	1	1	1	2	1	1	1	1	1	3	5	2
OG_5117	1	1	1	1	0	1	1	2	1	1	0	0
OG_5118	4	5	4	4	0	3	3	4	2	1	0	3
OG_5119	0	0	2	3	0	2	1	4	0	0	0	0
OG_5120	1	0	1	1	0	1	1	2	0	0	0	0
OG_5121	4	6	30	3	6	23	11	17	5	11	6	2
OG_5122	1	1	1	1	4	1	1	1	2	1	0	1
OG_5123	1	1	1	1	7	1	3	3	2	1	3	2
OG_5124	1	1	1	1	0	1	1	1	1	2	0	0
OG_5125	1	0	1	1	2	1	1	1	0	0	0	0
OG_5126	12	4	15	3	2	11	11	13	13	37	11	8
OG_5127	2	1	2	1	3	1	2	1	1	1	1	0
OG_5128	14	18	27	13	0	22	12	28	1	1	0	2
OG_5129	0	0	4	0	0	0	0	1	0	0	0	0
OG_5130	1	0	1	1	0	1	1	2	0	1	0	0
OG_5131	1	1	1	1	1	1	1	1	1	2	0	1
OG_5132	1	0	1	2	0	1	1	1	0	0	0	0
OG_5133	1	1	1	2	0	1	1	1	0	1	0	0
OG_5134	0	0	1	1	0	1	1	1	1	1	0	1
OG_5135	1	1	1	1	3	1	1	1	1	1	1	1
OG_5136	0	0	1	1	0	1	1	1	0	1	0	0
OG_5137	3	2	3	3	0	3	3	6	2	6	0	0
OG_5138	3	1	2	3	2	1	2	3	2	8	3	0
OG_5139	1	1	1	2	2	5	2	1	1	1	0	1
OG_5140	2	4	11	6	4	6	4	4	4	8	2	7
OG_5141	1	1	1	1	0	1	2	3	2	1	0	1
OG_5142	1	1	1	1	0	1	1	1	1	1	0	0
OG_5143	1	1	1	1	0	1	1	1	1	1	0	0
OG_5144	13	7	19	8	8	7	11	16	8	9	9	2
OG_5145	0	0	1	1	0	2	1	1	0	0	0	0
OG_5146	0	0	1	0	2	0	0	0	0	0	2	0
OG_5147	1	1	1	0	0	1	1	1	1	4	0	1
OG_5148	1	0	1	1	6	1	1	1	0	0	1	0
OG_5149	5	6	11	4	0	2	4	1	0	0	0	0
OG_5150	2	2	4	2	2	2	3	2	2	2	1	1
OG_5151	1	0	1	1	0	0	1	1	0	0	0	0
OG_5152	3	2	5	0	0	1	2	0	0	0	0	0
OG_5153	3	2	5	8	3	2	6	2	1	1	0	1
OG_5154	0	3	1	1	0	1	1	1	1	1	0	0
OG_5155	0	1	1	1	4	1	1	1	1	0	2	0
OG_5156	0	1	2	1	1	1	1	1	1	1	1	1
OG_5157	7	6	5	3	0	4	4	2	0	9	1	0
OG_5158	0	6	5	1	0	1	2	4	1	1	0	0
OG_5159	2	0	2	1	9	2	3	2	0	2	2	1
OG_5160	1	3	1	1	1	1	1	4	1	5	1	2
OG_5161	1	1	2	1	0	1	1	1	1	1	0	0
OG_5162	1	0	2	1	5	3	3	3	0	0	3	0
OG_5163	1	0	1	2	0	1	1	1	0	0	0	0
OG_5164	2	1	1	1	0	1	1	2	1	1	0	0
OG_5165	0	1	1	1	0	1	0	1	0	0	0	0
OG_5166	1	1	1	1	0	1	1	2	1	1	0	0
OG_5167	1	1	1	1	0	1	1	1	1	1	0	0
OG_5168	1	1	1	1	3	1	1	1	6	1	1	1
OG_5169	0	0	1	0	0	1	1	1	0	0	0	0
OG_5170	2	0	2	0	0	2	1	1	0	0	0	0
OG_5171	7	7	34	24	1	9	8	29	4	6	7	1
OG_5172	6	4	11	10	2	7	3	7	5	3	4	18
OG_5173	1	1	1	1	1	1	1	1	2	2	1	3
OG_5174	1	1	1	1	0	1	1	1	1	1	0	2
OG_5175	1	1	1	1	3	1	2	1	1	1	0	0
OG_5176	9	6	17	6	1	11	9	10	0	0	0	0
OG_5177	5	3	16	6	0	6	2	9	0	0	0	0
OG_5178	1	0	1	1	0	1	1	1	0	0	0	0
OG_5179	9	20	61	27	2	46	21	13	3	4	1	17
OG_5180	1	0	2	1	0	1	1	1	0	1	0	0
OG_5181	0	0	2	0	0	4	0	0	0	0	0	0
OG_5182	1	5	3	1	0	0	1	0	0	0	0	0
OG_5183	1	0	2	1	2	1	2	1	1	1	1	1
OG_5184	0	0	1	1	0	1	1	1	0	1	0	0
OG_5185	1	2	2	1	1	1	1	1	1	1	5	1
OG_5186	2	0	6	7	0	3	2	3	0	0	0	6
OG_5187	8	7	11	15	0	8	10	11	2	1	0	14
OG_5188	0	1	1	1	0	1	1	1	0	0	0	0
OG_5189	1	0	1	2	0	1	1	0	1	0	0	0
OG_5190	2	0	1	2	0	1	1	1	0	0	0	0
OG_5191	0	1	1	1	0	1	2	2	0	0	0	0
OG_5192	9	1	2	2	0	1	2	1	0	0	0	0
OG_5193	1	0	1	1	1	2	2	3	0	0	1	0
OG_5194	1	1	1	1	0	1	1	2	0	0	0	0
OG_5195	14	3	2	9	0	2	6	1	0	3	0	0
OG_5196	1	1	2	1	1	1	1	2	3	0	2	1
OG_5197	10	1	12	10	0	6	8	3	1	0	0	0
OG_5198	7	7	15	5	0	8	9	6	2	5	4	23
OG_5199	5	7	16	4	0	5	4	6	5	2	0	8
OG_5200	1	2	1	2	0	0	2	0	0	0	0	0
OG_5201	1	1	2	1	0	1	2	1	1	4	0	1
OG_5202	1	1	3	1	4	1	1	1	1	4	0	1
OG_5203	4	2	8	0	0	3	1	4	0	0	0	0
OG_5204	0	0	1	0	0	1	3	1	1	1	0	0
OG_5205	1	1	1	10	0	1	1	1	0	0	0	0
OG_5206	1	2	2	1	1	1	1	1	4	3	4	1
OG_5207	1	0	1	1	0	1	1	1	0	0	0	0
OG_5208	0	1	1	3	2	1	0	1	1	2	1	1
OG_5209	1	1	2	1	1	1	2	1	1	1	7	2
OG_5210	2	5	3	3	2	3	2	3	1	1	1	0
OG_5211	10	21	41	33	4	16	20	16	29	0	0	13
OG_5212	1	1	2	1	1	1	1	1	1	1	1	1
OG_5213	1	1	2	1	3	1	2	1	1	1	2	0
OG_5214	1	1	1	1	0	1	1	1	1	1	0	0
OG_5215	0	1	2	1	0	1	1	1	0	0	0	0
OG_5216	6	2	1	4	7	3	2	1	2	3	2	8
OG_5217	8	0	1	0	0	2	2	0	0	0	0	0
OG_5218	4	1	7	1	0	7	4	2	1	0	0	0
OG_5219	1	0	3	1	0	2	3	1	0	0	0	0
OG_5220	1	2	3	1	1	1	0	2	0	0	0	0
OG_5221	1	1	1	1	1	1	1	1	1	2	1	2
OG_5222	1	1	1	1	1	1	1	1	1	2	0	1
OG_5223	1	1	2	1	2	1	1	1	1	2	1	1
OG_5224	1	1	2	1	0	1	1	1	1	4	0	0
OG_5225	1	0	2	2	0	1	2	1	0	0	1	0
OG_5226	1	1	4	1	0	1	1	1	1	2	0	1
OG_5227	1	0	1	1	2	1	1	1	0	0	0	0
OG_5228	1	1	1	1	2	1	2	3	1	0	1	3
OG_5229	3	1	1	5	3	3	4	2	2	11	0	0
OG_5230	1	2	1	1	0	1	1	1	1	2	0	1
OG_5231	1	1	1	1	0	1	1	1	0	0	0	0
OG_5232	1	1	1	1	2	1	1	1	1	1	0	0
OG_5233	0	0	1	1	0	1	1	1	1	0	0	0
OG_5234	6	7	4	6	25	1	8	0	9	1	30	5
OG_5235	2	1	1	1	0	1	1	1	0	1	0	0
OG_5236	5	3	6	6	18	5	6	6	1	1	10	0
OG_5237	1	1	1	1	1	1	1	1	1	3	2	1
OG_5238	0	1	1	1	1	1	1	1	1	1	2	1
OG_5239	0	0	1	1	1	1	1	1	1	1	1	1
OG_5240	1	1	1	1	0	1	1	1	1	1	0	0
OG_5241	1	4	6	1	0	8	1	1	0	0	0	0
OG_5242	0	0	2	0	0	1	1	0	0	0	0	0
OG_5243	0	1	1	1	2	1	1	1	1	1	1	5
OG_5244	1	1	1	1	2	2	1	1	1	2	1	1
OG_5245	1	1	3	1	3	1	1	3	1	1	3	1
OG_5246	0	2	3	1	1	4	2	4	4	4	5	4
OG_5247	1	0	1	1	0	1	0	1	0	0	0	0
OG_5248	1	0	1	1	2	1	1	1	1	1	0	1
OG_5249	1	1	1	1	2	1	2	1	2	1	2	1
OG_5250	1	1	1	1	0	1	1	1	2	2	0	0
OG_5251	0	0	8	0	0	5	0	1	0	0	0	0
OG_5252	1	1	1	2	0	1	1	1	1	2	0	0
OG_5253	1	1	1	1	0	1	1	1	0	1	0	0
OG_5254	1	1	6	1	0	1	1	4	0	0	0	0
OG_5255	1	13	4	6	0	8	0	1	1	3	0	3
OG_5256	1	0	2	0	0	1	0	2	0	0	0	0
OG_5257	1	1	1	1	1	1	1	1	1	1	1	1
OG_5258	1	1	2	1	0	1	1	1	1	1	1	0
OG_5259	1	1	1	1	0	1	1	1	1	0	0	0
OG_5260	1	1	1	1	1	1	1	1	1	5	0	1
OG_5261	1	1	2	1	0	1	2	1	0	0	1	1
OG_5262	1	0	1	0	0	1	1	2	0	0	0	0
OG_5263	1	1	2	1	2	1	1	1	2	1	2	1
OG_5264	5	4	9	5	0	4	3	5	3	5	0	0
OG_5265	4	3	10	2	0	3	2	1	0	0	0	0
OG_5266	3	3	1	3	0	1	2	2	0	0	0	0
OG_5267	1	2	1	1	4	1	1	1	1	1	2	1
OG_5268	1	1	3	1	2	1	2	2	1	1	1	0
OG_5269	1	0	1	0	0	1	2	1	0	0	0	0
OG_5270	1	0	1	4	0	0	1	0	0	0	0	0
OG_5271	1	1	3	1	0	2	1	3	1	2	0	0
OG_5272	1	0	3	1	0	1	1	1	0	0	0	0
OG_5273	1	0	3	2	0	1	1	1	3	1	0	0
OG_5274	1	1	1	2	2	1	1	1	1	3	1	2
OG_5275	0	0	1	1	0	1	2	1	0	0	0	0
OG_5276	1	1	1	1	1	1	1	5	1	0	2	1
OG_5277	1	1	2	1	0	1	3	1	4	7	0	1
OG_5278	0	0	3	0	0	2	0	1	0	0	0	0
OG_5279	2	1	2	1	0	1	2	1	1	1	0	0
OG_5280	1	2	1	1	1	1	1	2	1	2	1	1
OG_5281	2	2	2	2	0	0	1	1	0	0	0	0
OG_5282	1	0	3	1	0	2	2	2	2	0	0	0
OG_5283	4	2	2	2	0	4	4	4	0	0	0	0
OG_5284	1	2	1	1	0	1	2	1	1	1	0	0
OG_5285	1	1	1	1	1	3	1	1	1	0	0	0
OG_5286	0	0	1	1	1	1	1	1	1	1	1	0
OG_5287	1	1	1	1	0	1	1	1	1	2	0	0
OG_5288	0	1	1	1	1	1	1	1	1	1	0	1
OG_5289	2	4	7	4	0	7	5	5	0	0	0	1
OG_5290	2	0	2	3	0	2	3	2	4	3	0	0
OG_5291	8	0	10	6	0	6	3	9	8	1	0	0
OG_5292	42	18	22	32	9	25	17	18	18	11	3	12
OG_5293	2	2	3	7	3	2	2	2	1	2	1	0
OG_5294	1	3	1	1	0	1	2	1	0	0	0	0
OG_5295	0	0	2	0	0	1	0	1	3	1	0	0
OG_5296	1	1	1	1	1	1	1	1	2	2	1	0
OG_5297	1	1	1	1	0	0	2	1	1	1	0	0
OG_5298	1	1	1	1	0	1	1	1	1	1	0	0
OG_5299	1	1	2	2	0	1	1	1	1	4	0	0
OG_5300	0	1	1	1	0	1	0	1	0	0	0	0
OG_5301	2	2	2	2	0	2	2	2	2	1	0	1
OG_5302	6	17	12	11	0	8	4	9	2	2	0	1
OG_5303	1	1	2	2	2	1	1	1	1	2	1	7
OG_5304	0	1	4	1	0	2	2	1	2	5	0	1
OG_5305	2	2	2	0	0	4	1	2	0	0	0	0
OG_5306	2	3	1	4	1	1	1	2	1	2	2	1
OG_5307	1	0	3	0	0	1	0	1	1	0	0	0
OG_5308	1	0	1	0	0	1	1	0	4	2	0	0
OG_5309	0	24	4	10	0	12	4	1	1	0	0	0
OG_5310	3	2	1	4	5	3	2	3	1	3	1	2
OG_5311	1	0	1	1	0	1	2	1	2	0	0	0
OG_5312	1	0	2	1	0	1	2	1	0	0	0	0
OG_5313	28	0	9	1	2	0	3	6	9	4	1	3
OG_5314	1	0	2	1	0	1	1	1	0	0	0	0
OG_5315	2	1	1	6	0	1	1	1	0	0	0	0
OG_5316	1	2	1	1	0	1	1	1	0	1	0	1
OG_5317	5	0	4	0	0	1	2	1	0	0	0	0
OG_5318	2	0	4	0	0	2	1	0	0	0	0	0
OG_5319	1	0	1	1	0	1	1	1	0	0	0	0
OG_5320	1	1	1	1	1	1	1	1	2	1	0	1
OG_5321	1	1	1	1	1	1	1	1	1	0	3	1
OG_5322	1	1	1	1	1	1	1	1	1	1	1	1
OG_5323	0	0	1	0	0	1	1	1	0	0	0	0
OG_5324	3	10	20	12	0	6	9	7	1	0	0	0
OG_5325	1	1	1	1	0	1	1	1	1	0	0	1
OG_5326	1	2	8	1	6	1	1	3	1	3	2	0
OG_5327	1	1	1	1	0	1	2	1	0	0	0	0
OG_5328	2	2	4	2	2	2	2	4	2	3	1	5
OG_5329	1	1	1	1	0	1	1	2	1	1	0	1
OG_5330	1	1	1	1	0	1	1	1	2	1	0	1
OG_5331	1	1	1	1	1	1	1	1	1	2	2	0
OG_5332	1	0	3	1	0	1	1	1	1	7	0	0
OG_5333	3	4	5	3	1	4	3	3	1	1	1	3
OG_5334	0	1	1	1	1	1	1	3	2	3	2	1
OG_5335	3	2	7	6	0	1	12	1	0	0	0	0
OG_5336	0	0	1	1	0	1	0	1	0	0	0	0
OG_5337	1	2	1	1	0	1	1	2	1	2	0	1
OG_5338	1	0	1	1	0	1	1	1	0	0	0	0
OG_5339	3	1	1	1	0	0	1	0	2	10	0	3
OG_5340	2	2	2	2	0	2	4	1	2	3	1	1
OG_5341	11	14	18	22	29	13	16	12	3	5	0	13
OG_5342	0	1	2	1	0	1	1	2	2	1	0	0
OG_5343	0	0	1	0	0	1	0	1	0	0	0	0
OG_5344	1	1	3	1	3	1	2	1	2	2	3	1
OG_5345	17	16	36	20	1	16	14	37	5	10	0	6
OG_5346	3	32	5	6	0	2	1	2	2	3	0	0
OG_5347	1	1	2	1	0	1	2	1	0	0	0	1
OG_5348	11	9	18	14	3	13	14	12	8	7	4	4
OG_5349	1	1	4	1	0	1	1	1	0	0	0	0
OG_5350	1	1	1	1	1	1	1	1	1	1	3	1
OG_5351	1	1	1	1	3	1	1	1	1	4	4	1
OG_5352	0	1	1	1	1	1	0	1	1	1	1	1
OG_5353	1	0	1	0	0	1	0	1	0	0	0	0
OG_5354	2	0	1	1	1	1	1	1	1	1	1	0
OG_5355	2	1	2	1	4	1	2	1	1	4	3	1
OG_5356	1	1	2	1	0	1	1	1	0	0	0	1
OG_5357	1	1	1	1	5	1	1	1	1	1	5	0
OG_5358	1	0	1	2	0	1	1	1	0	2	0	0
OG_5359	2	2	3	3	3	4	7	2	2	2	2	0
OG_5360	30	4	11	18	0	11	13	5	1	0	0	1
OG_5361	1	1	1	1	0	1	1	2	1	1	0	0
OG_5362	0	1	1	1	1	1	1	1	1	1	3	1
OG_5363	3	3	13	2	0	6	10	4	0	0	0	0
OG_5364	0	0	2	1	0	1	1	0	1	1	0	0
OG_5365	4	2	8	6	0	2	2	2	3	2	0	11
OG_5366	10	7	12	4	1	10	9	7	8	2	0	14
OG_5367	6	17	9	10	1	7	11	7	7	11	2	3
OG_5368	9	8	12	7	10	12	9	4	9	5	20	12
OG_5369	1	1	1	1	1	1	1	1	1	1	1	0
OG_5370	1	1	4	1	2	1	1	1	1	4	3	2
OG_5371	0	0	1	0	0	4	0	2	0	0	0	0
OG_5372	0	1	1	7	0	1	1	1	1	1	0	0
OG_5373	1	1	1	1	0	1	1	0	0	0	0	0
OG_5374	1	1	1	2	1	2	2	1	1	2	1	1
OG_5375	27	25	30	10	52	1	7	5	19	1	76	1
OG_5376	1	5	2	2	0	10	0	3	0	0	0	0
OG_5377	1	0	2	1	10	1	2	1	1	1	2	2
OG_5378	0	1	4	5	0	3	0	1	0	1	0	0
OG_5379	0	3	2	2	0	5	0	0	0	0	0	0
OG_5380	12	7	34	13	6	12	11	3	1	0	1	30
OG_5381	13	4	11	9	0	7	19	8	0	3	0	1
OG_5382	1	0	2	1	0	1	1	1	0	0	0	0
OG_5383	1	1	3	2	0	1	1	1	2	1	0	0
OG_5384	2	0	2	0	0	3	1	2	1	6	0	8
OG_5385	1	0	10	3	0	2	1	4	0	0	0	0
OG_5386	11	10	17	12	5	18	13	21	8	21	2	1
OG_5387	1	0	2	0	0	2	1	0	0	0	0	0
OG_5388	3	3	5	3	0	3	5	3	4	3	0	0
OG_5389	1	0	1	1	0	1	1	1	0	0	0	0
OG_5390	1	1	1	1	2	1	1	1	1	6	1	3
OG_5391	0	1	1	1	0	0	0	2	0	2	0	0
OG_5392	1	1	1	1	2	1	2	1	0	2	1	1
OG_5393	1	1	2	2	0	1	1	2	1	0	0	0
OG_5394	14	5	17	15	0	8	10	9	9	3	3	2
OG_5395	3	2	3	2	0	1	2	3	1	1	0	0
OG_5396	9	1	7	6	2	5	4	4	2	1	0	0
OG_5397	1	1	1	1	0	1	1	1	1	0	0	1
OG_5398	1	3	2	5	0	1	1	1	0	0	0	0
OG_5399	1	1	3	1	0	1	1	3	2	6	0	1
OG_5400	0	6	3	3	0	0	0	0	2	0	0	0
OG_5401	2	2	1	1	0	3	0	0	0	0	0	0
OG_5402	1	1	4	3	0	1	1	1	0	0	0	1
OG_5403	24	11	48	22	27	15	20	22	61	42	53	24
OG_5404	1	1	2	1	0	1	1	1	1	0	0	0
OG_5405	2	1	2	1	0	1	1	2	0	0	0	0
OG_5406	0	0	1	0	0	1	1	1	1	1	0	0
OG_5407	4	0	3	8	0	3	2	2	6	1	0	0
OG_5408	1	1	1	1	1	1	1	1	1	0	3	1
OG_5409	2	0	2	1	0	0	1	1	0	0	0	0
OG_5410	1	0	2	0	0	6	0	0	0	0	0	0
OG_5411	0	0	6	0	0	10	6	1	0	0	0	0
OG_5412	0	0	4	0	0	1	0	1	0	0	0	0
OG_5413	5	13	7	7	2	4	6	7	9	4	3	3
OG_5414	0	1	1	1	0	1	1	2	0	1	0	0
OG_5415	4	0	16	7	0	2	20	1	2	0	0	0
OG_5416	1	1	2	1	3	1	1	1	1	2	2	1
OG_5417	3	3	1	1	0	1	1	1	0	0	0	0
OG_5418	0	0	1	1	0	4	1	1	1	1	0	1
OG_5419	5	6	9	7	0	7	4	5	0	4	0	0
OG_5420	0	1	1	1	0	1	1	1	0	0	0	0
OG_5421	15	8	13	9	10	8	9	18	27	25	15	35
OG_5422	1	4	2	0	0	0	0	0	0	0	0	0
OG_5423	3	0	1	0	0	4	0	0	0	0	0	0
OG_5424	0	0	1	1	0	0	1	1	0	2	0	0
OG_5425	4	0	5	0	0	3	4	1	0	0	0	0
OG_5426	5	2	29	21	0	13	4	4	0	2	0	0
OG_5427	31	6	33	44	4	9	29	13	7	20	0	3
OG_5428	0	0	5	0	0	8	0	2	0	0	0	0
OG_5429	6	8	21	62	0	8	13	3	2	0	0	1
OG_5430	1	1	1	2	1	1	1	1	1	2	0	0
OG_5431	2	1	12	0	0	6	2	0	0	0	0	0
OG_5432	0	0	5	0	0	9	0	3	0	0	0	0
OG_5433	1	1	2	1	3	1	1	1	1	4	1	1
OG_5434	28	12	26	3	18	23	25	26	2	10	1	12
OG_5435	0	0	1	0	0	1	0	0	0	0	0	0
OG_5436	4	6	28	11	0	1	7	4	0	0	0	0
OG_5437	1	2	5	1	1	16	2	2	1	1	2	1
OG_5438	0	0	6	0	0	5	0	1	0	0	0	0
OG_5439	9	2	2	12	0	2	1	1	0	0	0	1
OG_5440	2	1	2	1	0	3	0	0	0	0	0	0
OG_5441	0	0	1	0	0	0	0	1	0	0	1	1
OG_5442	0	0	1	0	2	0	0	1	0	0	3	0
OG_5443	0	0	2	0	5	0	0	2	0	1	8	6
OG_5444	0	0	1	0	1	0	0	1	0	0	0	2
OG_5445	0	1	0	3	0	7	0	0	0	0	0	0
OG_5446	1	1	0	1	0	1	1	0	1	1	0	0
OG_5447	1	0	0	5	0	2	1	1	1	0	0	0
OG_5448	0	1	1	1	1	1	1	1	1	1	1	1
OG_5449	0	1	0	2	0	1	0	2	0	6	0	0
OG_5450	0	2	0	1	0	1	0	0	0	4	1	0
OG_5451	1	5	6	12	0	5	2	1	1	1	0	2
OG_5452	0	0	4	4	0	2	2	1	0	0	0	0
OG_5453	0	0	0	1	1	0	0	0	0	0	6	0
OG_5454	0	10	1	16	35	1	1	1	5	1	39	0
OG_5455	13	15	4	17	0	9	1	2	3	5	44	0
OG_5456	2	2	1	16	3	1	1	2	2	2	1	0
OG_5457	3	0	0	1	0	0	0	0	0	0	0	0
OG_5458	1	1	2	1	0	1	1	2	2	1	0	1
OG_5459	1	1	1	3	0	1	1	1	1	14	0	0
OG_5460	5	21	1	7	0	0	5	0	1	1	0	0
OG_5461	1	0	0	1	0	1	1	1	2	3	0	0
OG_5462	17	13	17	54	22	26	14	15	10	53	1	89
OG_5463	1	1	1	3	0	1	2	1	0	0	0	0
OG_5464	1	1	3	2	0	1	1	1	1	1	0	1
OG_5465	10	8	21	10	10	8	11	14	9	11	7	1
OG_5466	0	0	1	2	0	1	0	1	0	0	0	0
OG_5467	1	1	1	3	0	1	1	1	0	0	0	0
OG_5468	1	1	3	2	0	1	1	1	0	2	0	0
OG_5469	1	0	1	1	0	1	1	1	0	0	0	0
OG_5470	5	1	3	7	0	2	1	2	3	1	0	0
OG_5471	5	8	6	14	0	9	8	6	18	4	0	1
OG_5472	1	1	1	1	3	1	1	1	2	1	3	1
OG_5473	1	2	9	3	4	2	2	3	2	2	1	4
OG_5474	0	2	0	9	0	0	0	0	0	0	0	0
OG_5475	1	1	2	6	1	1	1	1	3	3	1	3
OG_5476	1	1	1	2	0	2	1	1	1	1	0	2
OG_5477	1	2	2	2	0	1	1	2	1	1	0	0
OG_5478	1	0	0	8	0	0	0	0	0	0	0	0
OG_5479	2	8	2	23	4	1	0	0	0	0	0	0
OG_5480	0	1	0	1	0	1	1	0	1	1	0	0
OG_5481	0	0	2	1	0	0	1	1	0	0	0	0
OG_5482	1	1	0	2	0	2	1	0	2	1	0	0
OG_5483	0	0	0	2	0	2	0	0	1	0	0	0
OG_5484	3	2	7	5	8	4	2	5	2	9	6	31
OG_5485	1	0	1	1	1	1	1	1	1	1	0	0
OG_5486	13	12	0	55	0	16	16	0	3	2	0	1
OG_5487	0	3	0	8	0	0	2	0	2	0	0	2
OG_5488	7	6	18	10	0	7	7	12	5	1	0	10
OG_5489	0	0	1	3	1	1	0	1	1	1	0	0
OG_5490	1	2	3	1	5	1	1	2	2	3	1	3
OG_5491	7	16	2	31	11	2	7	2	13	10	11	2
OG_5492	9	5	0	6	0	1	6	2	0	0	0	0
OG_5493	12	2	5	17	0	3	15	3	2	4	1	5
OG_5494	1	3	0	6	1	1	1	0	5	0	0	0
OG_5495	1	1	2	3	0	1	1	2	0	1	0	0
OG_5496	3	2	5	7	0	24	1	0	1	1	0	0
OG_5497	2	1	2	2	30	2	2	3	1	3	19	0
OG_5498	3	0	0	7	0	0	0	0	0	0	0	0
OG_5499	2	1	3	4	2	3	3	2	5	1	3	0
OG_5500	19	1	0	20	4	1	7	6	0	0	1	0
OG_5501	1	1	1	2	1	1	4	1	0	0	0	0
OG_5502	1	0	1	1	0	1	1	0	1	6	0	0
OG_5503	1	18	0	4	2	6	0	1	4	0	1	1
OG_5504	1	0	0	1	0	1	1	0	0	0	0	0
OG_5505	7	1	6	9	0	12	6	5	0	0	0	0
OG_5506	1	1	2	2	0	1	1	1	1	0	0	0
OG_5507	0	1	0	4	0	0	0	0	0	0	0	0
OG_5508	11	2	1	25	8	6	10	5	4	2	6	0
OG_5509	0	0	0	2	0	0	0	0	0	0	0	2
OG_5510	2	1	1	7	0	1	1	2	3	5	0	0
OG_5511	2	1	2	16	1	3	4	2	0	1	1	0
OG_5512	2	0	0	12	0	5	0	0	1	0	0	0
OG_5513	2	0	0	1	0	1	1	1	0	0	0	0
OG_5514	7	11	0	4	0	0	0	0	0	0	0	0
OG_5515	1	1	0	9	3	1	1	2	1	2	1	2
OG_5516	0	0	0	10	2	0	0	0	0	0	0	3
OG_5517	1	1	1	1	2	1	1	1	1	2	1	1
OG_5518	5	0	0	9	0	0	15	0	3	1	0	0
OG_5519	1	4	1	5	0	1	1	1	1	3	1	0
OG_5520	2	2	4	7	0	2	2	2	2	2	0	0
OG_5521	12	1	2	3	0	1	2	1	0	1	0	0
OG_5522	54	2	8	47	6	9	32	9	31	3	1	4
OG_5523	2	1	0	6	0	0	0	0	0	0	0	0
OG_5524	0	0	0	2	0	0	1	0	0	0	0	0
OG_5525	3	4	2	2	1	1	2	2	4	2	1	0
OG_5526	2	11	0	11	0	3	0	0	3	2	0	0
OG_5527	0	0	2	1	0	1	1	1	0	0	0	0
OG_5528	0	1	0	3	0	0	0	0	0	0	0	0
OG_5529	10	10	20	27	15	28	22	12	8	14	7	1
OG_5530	0	9	0	6	0	0	1	0	4	0	0	0
OG_5531	2	1	4	11	12	1	2	1	4	11	5	2
OG_5532	0	0	0	7	0	0	1	0	2	0	0	0
OG_5533	0	1	1	1	1	1	1	1	1	1	0	1
OG_5534	1	1	0	2	0	2	5	1	0	0	1	0
OG_5535	1	2	1	3	4	1	1	2	1	1	1	1
OG_5536	6	9	0	32	0	0	23	0	21	4	0	0
OG_5537	1	2	1	1	0	1	1	1	0	1	0	0
OG_5538	1	0	1	2	1	1	1	1	2	0	2	1
OG_5539	3	3	6	4	0	3	4	4	3	3	5	1
OG_5540	1	1	1	13	1	1	1	1	1	1	3	2
OG_5541	1	1	1	1	0	1	1	2	1	2	0	0
OG_5542	1	1	1	3	1	2	1	1	1	1	1	2
OG_5543	1	10	0	8	0	0	0	0	0	0	0	0
OG_5544	30	4	41	28	1	28	19	11	36	10	1	1
OG_5545	1	7	3	13	3	12	3	0	8	3	7	6
OG_5546	0	11	1	12	1	2	6	0	7	1	0	4
OG_5547	2	0	1	2	0	1	1	1	0	0	0	0
OG_5548	3	4	2	9	0	2	3	3	1	2	0	0
OG_5549	1	5	2	9	0	2	3	1	0	0	0	0
OG_5550	3	10	2	9	0	2	1	0	2	2	0	0
OG_5551	2	3	4	4	9	1	3	3	1	5	16	1
OG_5552	1	5	0	13	0	0	0	0	0	0	0	0
OG_5553	17	6	3	29	0	2	11	2	3	1	0	0
OG_5554	2	15	1	4	0	0	0	0	0	0	0	0
OG_5555	0	0	1	1	2	0	0	0	0	0	2	0
OG_5556	3	2	0	9	0	0	0	0	1	0	0	0
OG_5557	10	6	9	11	0	7	7	6	3	1	0	11
OG_5558	2	1	1	9	2	1	1	1	1	1	2	1
OG_5559	0	1	6	1	0	2	1	2	0	0	0	0
OG_5560	2	0	0	5	0	0	2	0	0	0	0	0
OG_5561	0	6	0	8	0	0	0	0	0	0	0	0
OG_5562	10	12	0	16	0	0	6	0	2	0	0	0
OG_5563	1	0	3	4	0	1	1	1	1	2	0	0
OG_5564	12	12	36	18	11	20	21	33	13	20	2	3
OG_5565	2	3	2	3	0	6	3	3	0	0	0	0
OG_5566	11	8	22	24	13	10	10	11	4	2	0	2
OG_5567	1	1	1	1	2	1	1	1	1	0	0	0
OG_5568	1	1	1	1	1	1	1	1	4	3	1	0
OG_5569	0	1	1	1	0	1	2	1	0	0	0	0
OG_5570	13	6	10	7	0	1	3	1	2	0	0	0
OG_5571	1	1	2	1	4	1	1	1	0	3	0	1
OG_5572	1	2	1	2	0	1	1	1	1	1	0	1
OG_5573	1	0	5	1	0	1	1	2	0	0	0	0
OG_5574	1	1	1	1	0	1	0	1	0	0	0	0
OG_5575	8	27	5	24	0	10	26	12	2	2	0	0
OG_5576	1	23	0	15	0	8	5	0	0	0	0	0
OG_5577	1	1	1	1	0	1	1	1	1	1	0	1
OG_5578	2	2	1	3	0	1	2	1	1	2	0	0
OG_5579	2	1	1	2	0	1	2	2	2	3	0	2
OG_5580	1	1	3	1	0	3	1	2	2	1	0	1
OG_5581	25	13	24	20	9	19	20	20	9	8	5	7
OG_5582	3	0	0	9	0	4	0	0	0	0	0	0
OG_5583	33	5	39	60	0	50	21	14	36	2	1	114
OG_5584	0	2	0	7	0	9	1	1	0	0	0	0
OG_5585	2	1	2	2	2	1	1	1	1	4	3	0
OG_5586	1	1	2	4	0	1	1	0	0	0	0	0
OG_5587	0	0	0	1	0	0	2	0	0	0	0	0
OG_5588	4	6	4	9	0	2	4	2	0	0	0	1
OG_5589	14	0	0	15	0	6	9	0	0	0	0	0
OG_5590	31	11	20	32	18	13	19	22	3	7	0	16
OG_5591	2	5	2	4	3	2	4	0	0	1	3	2
OG_5592	0	4	0	27	0	1	39	0	0	0	0	0
OG_5593	5	0	2	7	0	1	0	1	0	0	0	0
OG_5594	12	24	17	15	1	18	14	2	21	3	110	1
OG_5595	3	19	6	31	0	6	8	17	0	5	0	1
OG_5596	1	1	1	1	2	1	1	1	1	1	5	0
OG_5597	1	0	1	1	0	1	1	1	2	1	0	0
OG_5598	3	0	1	5	0	4	15	0	0	0	0	0
OG_5599	6	2	5	11	7	14	3	5	2	0	0	0
OG_5600	5	16	1	12	0	2	2	0	3	0	0	0
OG_5601	5	20	3	5	0	3	1	2	2	0	0	0
OG_5602	2	8	0	5	0	5	0	0	5	1	0	0
OG_5603	0	0	1	2	0	1	1	3	0	0	0	0
OG_5604	2	0	0	12	0	1	8	0	0	0	0	0
OG_5605	1	1	3	2	2	1	1	1	3	1	0	0
OG_5606	1	0	0	1	0	0	0	0	2	1	0	1
OG_5607	1	1	1	2	0	1	1	1	1	1	0	0
OG_5608	0	0	0	15	0	0	0	0	1	0	0	0
OG_5609	19	35	13	75	0	15	5	7	15	2	0	0
OG_5610	1	1	3	2	1	1	1	1	1	1	2	2
OG_5611	16	44	2	8	3	5	8	0	8	9	0	51
OG_5612	2	20	4	12	7	3	1	2	8	2	81	24
OG_5613	14	8	0	11	3	6	1	0	4	0	27	1
OG_5614	1	4	0	3	0	0	1	0	0	0	0	0
OG_5615	12	24	1	21	1	7	16	1	0	1	0	0
OG_5616	7	5	6	13	11	9	7	6	6	15	2	9
OG_5617	4	10	3	8	5	3	2	5	0	2	0	5
OG_5618	1	1	0	2	0	1	1	1	1	1	0	0
OG_5619	2	4	3	8	0	0	4	0	0	0	0	0
OG_5620	3	1	0	1	0	1	3	0	1	1	0	0
OG_5621	1	1	1	1	1	1	1	1	1	2	2	1
OG_5622	0	17	2	25	10	1	1	2	5	1	35	0
OG_5623	2	0	2	18	0	1	2	0	0	0	0	0
OG_5624	4	4	0	3	0	4	2	1	1	0	0	0
OG_5625	1	1	1	5	1	1	1	1	1	1	1	1
OG_5626	1	3	1	2	0	1	0	1	1	1	0	0
OG_5627	6	1	1	1	1	1	1	0	2	2	0	1
OG_5628	7	27	8	13	1	11	11	11	2	2	2	8
OG_5629	0	0	0	4	0	0	1	0	0	0	0	0
OG_5630	15	17	1	8	0	1	0	0	3	0	0	0
OG_5631	4	0	4	5	0	2	1	1	0	1	0	1
OG_5632	16	9	18	9	0	11	10	12	8	11	3	2
OG_5633	1	2	2	3	0	1	1	1	2	2	0	1
OG_5634	1	1	1	1	0	1	1	2	1	1	2	1
OG_5635	1	1	0	8	0	0	0	0	3	0	0	0
OG_5636	9	8	8	11	0	8	9	7	5	22	0	0
OG_5637	1	8	0	9	0	0	0	0	0	1	0	0
OG_5638	0	9	0	3	0	0	0	0	0	0	0	0
OG_5639	2	0	0	4	0	0	0	0	0	0	0	0
OG_5640	1	1	5	1	1	1	1	1	1	4	1	1
OG_5641	1	1	0	2	1	8	1	3	1	3	1	1
OG_5642	6	13	0	6	0	0	1	0	0	0	0	0
OG_5643	1	1	1	1	2	1	1	2	1	1	0	1
OG_5644	2	1	1	1	0	1	1	1	1	1	0	0
OG_5645	1	2	1	7	2	1	1	1	1	2	1	1
OG_5646	6	5	2	18	8	5	2	1	1	6	16	0
OG_5647	8	9	3	13	0	3	5	1	15	0	0	7
OG_5648	4	0	0	14	0	0	1	0	0	2	0	0
OG_5649	0	0	0	7	0	1	1	0	0	0	0	0
OG_5650	5	11	6	9	9	6	6	5	3	2	2	9
OG_5651	1	0	0	1	0	0	4	0	0	0	0	0
OG_5652	3	8	0	6	0	4	0	0	0	0	0	0
OG_5653	6	25	2	46	19	1	11	0	13	6	0	32
OG_5654	4	1	1	3	0	1	10	1	4	0	0	0
OG_5655	0	6	0	3	0	0	0	0	0	1	0	0
OG_5656	1	1	5	2	0	1	1	1	3	6	0	3
OG_5657	2	0	3	5	0	17	5	5	0	0	0	0
OG_5658	11	4	6	9	0	7	9	3	6	7	1	6
OG_5659	10	2	3	10	1	7	4	2	0	0	0	0
OG_5660	7	5	6	6	0	1	5	1	0	0	0	4
OG_5661	4	19	16	60	1	12	12	8	2	1	0	1
OG_5662	1	2	1	4	0	1	1	1	1	0	0	0
OG_5663	2	0	1	18	0	3	1	1	0	0	0	0
OG_5664	0	1	2	1	0	0	2	1	1	0	0	0
OG_5665	1	1	1	1	0	0	1	1	1	1	0	1
OG_5666	2	3	4	2	1	1	2	3	1	1	4	0
OG_5667	2	1	1	17	0	1	2	1	13	3	1	1
OG_5668	4	0	0	12	0	2	1	0	7	10	0	0
OG_5669	1	1	3	1	8	1	1	1	2	3	1	0
OG_5670	1	4	0	7	0	0	2	0	0	0	0	0
OG_5671	1	0	1	2	0	5	3	6	3	0	0	0
OG_5672	0	2	0	7	0	1	1	0	2	5	0	0
OG_5673	0	1	0	2	3	0	0	0	1	1	0	2
OG_5674	13	2	0	3	42	0	0	0	4	0	0	0
OG_5675	1	1	1	1	0	1	1	1	1	0	1	1
OG_5676	1	3	0	13	0	0	2	0	0	0	0	0
OG_5677	1	1	1	1	0	1	1	1	1	1	0	0
OG_5678	1	1	1	2	4	1	2	3	3	1	2	1
OG_5679	2	1	1	1	0	1	2	1	3	2	0	0
OG_5680	13	23	22	24	6	4	6	8	4	2	0	13
OG_5681	2	3	0	9	0	0	1	0	2	3	0	0
OG_5682	1	12	0	10	0	15	5	0	1	1	0	10
OG_5683	0	0	0	1	0	1	1	0	0	0	0	0
OG_5684	1	0	1	3	3	3	1	1	1	2	2	1
OG_5685	1	1	0	2	0	1	1	1	1	5	0	0
OG_5686	1	1	2	2	0	1	1	1	1	1	0	2
OG_5687	2	3	2	21	0	0	5	5	0	0	0	1
OG_5688	2	3	14	6	0	2	1	1	0	0	0	0
OG_5689	1	1	0	2	0	0	0	0	0	0	0	0
OG_5690	1	16	3	9	0	9	0	2	9	1	0	0
OG_5691	2	2	0	2	0	7	0	0	0	0	0	0
OG_5692	2	0	2	3	0	1	5	2	0	0	0	0
OG_5693	1	0	1	4	0	0	1	1	0	1	0	0
OG_5694	0	0	0	2	0	3	1	0	0	0	0	0
OG_5695	0	14	2	17	0	2	3	0	2	0	0	0
OG_5696	1	5	3	7	2	1	2	2	1	10	2	1
OG_5697	1	1	1	3	0	0	4	0	1	0	0	0
OG_5698	0	0	0	3	6	0	0	0	0	0	7	2
OG_5699	5	4	4	5	16	4	4	5	1	4	6	1
OG_5700	3	8	0	10	0	0	5	0	0	0	0	0
OG_5701	1	1	1	2	2	1	1	1	2	2	1	2
OG_5702	4	3	1	6	0	2	3	2	3	7	0	0
OG_5703	0	1	1	3	0	1	4	1	1	1	0	0
OG_5704	1	2	2	2	2	1	1	2	1	1	1	1
OG_5705	0	3	0	7	4	0	8	0	0	3	0	2
OG_5706	0	3	0	2	0	0	0	0	0	0	0	0
OG_5707	2	2	3	2	0	3	2	4	3	8	0	0
OG_5708	2	0	8	19	0	17	4	1	1	0	0	65
OG_5709	3	1	4	2	0	3	3	0	0	0	0	0
OG_5710	1	1	3	3	3	1	1	1	3	2	4	1
OG_5711	29	13	11	24	12	5	17	12	5	11	3	21
OG_5712	1	1	1	1	0	0	1	0	0	0	0	0
OG_5713	1	0	1	4	0	0	1	0	1	0	0	0
OG_5714	0	1	1	1	0	1	1	1	0	5	0	0
OG_5715	1	0	1	1	0	0	1	1	0	0	0	0
OG_5716	3	5	4	2	0	2	3	3	1	0	0	0
OG_5717	6	19	2	19	1	1	12	0	2	0	2	0
OG_5718	1	1	1	2	1	2	1	1	2	2	1	1
OG_5719	1	1	1	2	0	1	1	2	1	1	0	0
OG_5720	12	13	6	7	2	16	6	11	2	0	10	1
OG_5721	2	1	6	2	0	1	3	6	2	1	0	0
OG_5722	0	0	0	3	0	2	0	0	0	0	0	0
OG_5723	15	1	6	6	2	8	6	9	0	0	3	2
OG_5724	1	1	1	3	0	1	0	1	0	0	0	0
OG_5725	1	1	1	1	1	1	1	1	1	1	1	0
OG_5726	1	0	1	3	0	1	1	2	0	0	0	0
OG_5727	1	3	2	2	0	1	2	1	0	1	0	0
OG_5728	2	1	3	7	0	2	4	2	0	0	0	0
OG_5729	4	11	0	8	0	12	10	4	3	0	0	0
OG_5730	1	0	6	1	0	1	1	1	0	1	0	1
OG_5731	1	1	2	2	0	3	1	3	0	0	0	0
OG_5732	0	3	0	5	0	1	0	0	0	0	0	0
OG_5733	0	0	0	1	0	0	1	1	0	1	0	0
OG_5734	19	32	6	30	6	36	7	1	4	1	29	2
OG_5735	10	4	7	6	12	0	5	0	6	2	0	0
OG_5736	10	3	27	21	0	13	6	10	0	1	2	0
OG_5737	11	12	4	16	0	5	8	4	3	4	0	5
OG_5738	0	4	0	1	0	1	0	0	0	0	0	0
OG_5739	6	1	1	3	0	3	5	3	5	9	0	0
OG_5740	1	1	1	1	8	1	1	1	3	3	1	1
OG_5741	1	1	1	2	3	1	1	1	2	2	1	1
OG_5742	2	0	0	4	0	1	0	1	0	0	0	0
OG_5743	15	0	1	20	0	4	0	1	0	0	0	0
OG_5744	4	10	3	11	6	7	14	3	0	1	1	0
OG_5745	0	2	2	3	1	2	2	2	3	0	7	0
OG_5746	0	2	0	3	0	0	0	0	3	0	0	0
OG_5747	0	2	1	1	0	0	1	0	0	0	0	0
OG_5748	0	16	2	7	10	0	6	1	6	0	0	1
OG_5749	1	1	1	1	1	1	2	1	2	1	1	0
OG_5750	10	1	11	12	0	30	22	9	3	3	0	0
OG_5751	19	7	18	12	8	11	9	23	1	8	35	5
OG_5752	1	0	0	1	0	1	1	1	1	0	0	0
OG_5753	6	13	0	5	0	0	10	0	1	0	0	0
OG_5754	7	6	0	3	0	2	0	0	3	0	0	0
OG_5755	7	6	18	8	1	12	10	11	16	15	0	0
OG_5756	1	0	1	3	0	1	0	1	0	0	0	0
OG_5757	1	1	1	1	0	1	1	1	0	0	0	0
OG_5758	2	2	1	2	0	6	3	5	1	4	0	0
OG_5759	27	21	14	29	15	8	19	12	1	3	18	0
OG_5760	2	16	0	18	0	0	17	0	7	1	0	0
OG_5761	1	3	0	8	0	0	0	1	1	0	0	0
OG_5762	0	1	1	1	1	1	1	1	2	2	0	0
OG_5763	0	5	1	5	0	0	1	0	0	0	0	0
OG_5764	10	8	14	9	9	7	10	11	15	24	6	1
OG_5765	2	8	1	8	2	2	2	2	1	0	1	1
OG_5766	7	8	5	7	8	6	9	6	8	5	2	4
OG_5767	33	14	11	23	14	6	8	7	3	2	4	18
OG_5768	0	0	0	1	0	0	0	1	1	1	1	2
OG_5769	1	1	1	1	1	2	1	1	1	1	0	1
OG_5770	0	0	0	1	0	0	1	0	1	2	0	0
OG_5771	0	4	3	12	0	1	0	0	0	0	0	1
OG_5772	0	2	0	5	0	0	0	0	0	0	0	0
OG_5773	1	1	1	1	0	1	1	1	0	2	0	0
OG_5774	4	7	8	13	0	5	9	9	1	0	0	0
OG_5775	5	3	2	6	0	4	4	3	0	1	0	0
OG_5776	1	1	1	2	1	2	3	1	8	4	4	1
OG_5777	1	1	1	9	1	1	1	1	1	1	3	1
OG_5778	0	9	2	17	1	3	4	1	2	0	0	0
OG_5779	0	0	0	8	0	0	0	0	0	0	0	6
OG_5780	1	1	1	1	0	1	2	1	0	1	0	0
OG_5781	5	3	1	2	0	1	1	1	1	0	0	0
OG_5782	1	2	1	2	0	0	1	0	1	0	1	0
OG_5783	0	1	2	5	0	2	2	2	3	3	0	0
OG_5784	1	1	1	1	0	1	1	1	0	2	0	0
OG_5785	3	3	3	3	0	3	4	2	2	1	0	0
OG_5786	1	1	1	1	1	1	1	1	2	2	3	1
OG_5787	1	1	1	1	0	2	1	1	0	0	0	0
OG_5788	1	2	0	3	0	1	1	0	1	1	0	0
OG_5789	1	16	0	36	0	0	19	0	0	2	2	26
OG_5790	1	1	0	1	0	1	1	1	1	1	0	0
OG_5791	1	4	0	2	0	1	1	1	1	1	0	0
OG_5792	3	2	0	2	0	0	1	0	0	0	0	0
OG_5793	4	4	4	8	3	4	5	3	4	5	0	0
OG_5794	8	0	2	13	0	8	4	1	0	0	0	0
OG_5795	1	28	1	14	0	6	0	0	2	0	0	17
OG_5796	4	1	1	3	0	1	1	1	3	10	0	0
OG_5797	3	2	2	5	0	3	6	2	3	0	0	1
OG_5798	1	1	6	1	2	1	2	6	0	2	1	1
OG_5799	0	0	0	3	0	2	1	0	0	0	0	0
OG_5800	2	1	6	2	4	1	1	1	2	9	1	7
OG_5801	3	0	1	4	0	4	1	4	0	0	0	0
OG_5802	1	1	1	2	0	1	1	1	0	0	0	0
OG_5803	1	1	2	3	1	1	1	1	2	2	1	1
OG_5804	3	3	0	3	0	0	2	0	0	0	0	0
OG_5805	1	3	3	13	0	5	17	1	5	0	6	1
OG_5806	33	49	2	26	21	29	7	1	38	3	2	3
OG_5807	1	0	0	3	0	0	0	0	0	0	0	0
OG_5808	1	0	1	1	0	2	1	1	0	0	0	0
OG_5809	1	0	0	12	0	3	2	0	3	0	0	0
OG_5810	1	0	0	1	0	1	1	1	2	0	0	1
OG_5811	2	1	2	2	0	2	2	3	1	2	0	0
OG_5812	1	1	1	1	0	1	1	1	0	0	0	1
OG_5813	17	8	14	13	1	2	20	13	5	2	0	4
OG_5814	7	4	17	7	9	13	11	15	1	7	8	0
OG_5815	2	1	9	11	0	14	9	1	0	0	0	0
OG_5816	0	1	1	1	0	1	1	1	2	4	0	0
OG_5817	1	1	1	2	1	2	2	2	1	1	2	1
OG_5818	1	7	1	3	26	1	1	1	10	2	6	4
OG_5819	1	1	0	1	0	1	1	0	1	0	0	0
OG_5820	1	0	0	7	0	0	0	0	0	0	0	0
OG_5821	2	4	3	14	2	2	3	4	4	2	6	0
OG_5822	2	1	2	2	2	1	3	2	1	2	1	1
OG_5823	0	1	0	2	0	0	0	0	1	0	0	0
OG_5824	2	3	4	1	0	5	6	2	0	0	0	0
OG_5825	0	10	0	11	0	0	0	0	0	0	0	0
OG_5826	3	20	2	16	11	3	5	0	3	1	3	63
OG_5827	1	1	1	1	1	1	1	1	0	0	0	2
OG_5828	2	2	0	3	0	0	1	0	0	0	0	0
OG_5829	0	3	0	2	1	0	0	0	0	0	1	0
OG_5830	1	1	1	1	0	1	1	1	1	0	0	0
OG_5831	1	1	1	6	3	1	1	1	1	1	1	1
OG_5832	1	39	0	27	1	10	1	1	8	0	0	22
OG_5833	0	0	1	3	1	1	0	1	0	0	1	0
OG_5834	0	3	10	6	0	2	3	6	4	5	0	0
OG_5835	1	0	0	4	0	1	0	1	0	2	0	0
OG_5836	1	1	0	3	1	0	1	0	1	1	0	1
OG_5837	34	27	30	28	9	29	30	24	30	23	4	13
OG_5838	6	2	5	18	30	5	5	4	13	5	5	22
OG_5839	2	2	1	3	2	2	3	2	1	2	0	3
OG_5840	6	7	1	11	1	4	4	1	1	4	2	1
OG_5841	0	0	0	1	0	0	0	0	4	0	0	0
OG_5842	18	9	22	11	15	12	16	17	14	15	9	7
OG_5843	9	26	5	40	4	13	7	5	3	5	3	1
OG_5844	0	4	0	1	0	0	2	0	0	0	0	0
OG_5845	1	1	12	1	0	1	1	6	0	9	0	0
OG_5846	1	1	1	1	0	1	1	1	1	1	0	0
OG_5847	0	0	0	1	0	1	0	1	0	0	0	0
OG_5848	1	1	1	5	2	1	1	4	2	1	0	0
OG_5849	5	0	0	7	0	0	1	0	2	0	0	3
OG_5850	2	0	1	2	0	1	1	1	0	1	0	1
OG_5851	4	4	4	17	0	2	7	3	3	5	0	0
OG_5852	0	1	0	5	0	0	0	0	0	0	0	0
OG_5853	1	0	2	1	1	1	1	1	0	1	0	0
OG_5854	6	1	3	8	0	4	7	6	0	0	0	0
OG_5855	1	1	1	1	1	1	1	1	1	1	1	1
OG_5856	0	2	0	2	0	0	0	0	0	0	0	0
OG_5857	1	0	0	1	0	0	1	0	3	0	0	0
OG_5858	16	14	2	12	0	1	12	2	3	2	6	12
OG_5859	4	4	4	12	2	6	6	1	1	0	0	0
OG_5860	2	3	4	2	1	3	2	2	1	2	0	2
OG_5861	2	0	1	3	1	1	4	1	0	0	0	0
OG_5862	1	0	1	1	0	1	1	1	0	1	2	0
OG_5863	2	1	3	2	2	1	1	5	2	8	2	2
OG_5864	2	1	2	7	1	2	4	3	1	2	7	0
OG_5865	1	11	2	7	6	2	4	3	6	3	6	4
OG_5866	2	1	1	2	0	1	1	1	0	0	0	0
OG_5867	6	12	5	11	0	0	1	0	0	2	1	5
OG_5868	3	1	1	1	0	3	1	1	1	0	0	0
OG_5869	1	1	1	1	1	1	2	2	1	1	0	1
OG_5870	1	5	0	3	0	0	0	0	1	0	0	0
OG_5871	9	0	1	6	0	3	6	1	0	2	0	0
OG_5872	1	2	1	1	1	1	0	1	1	1	1	0
OG_5873	12	0	1	16	0	0	4	0	0	0	0	0
OG_5874	1	1	6	2	0	1	1	1	1	4	0	0
OG_5875	0	2	1	10	0	0	2	0	0	0	0	0
OG_5876	1	1	1	2	2	1	1	1	2	3	1	1
OG_5877	0	0	0	3	0	12	1	0	0	0	0	0
OG_5878	2	3	6	9	0	11	3	1	1	0	0	5
OG_5879	1	1	1	3	1	1	1	2	2	4	4	2
OG_5880	2	2	5	1	0	1	2	1	0	0	0	0
OG_5881	0	0	0	1	1	0	0	0	1	1	1	3
OG_5882	3	3	1	2	0	0	1	0	0	0	0	0
OG_5883	4	0	1	11	0	2	3	13	1	1	0	0
OG_5884	3	6	4	10	0	4	3	6	2	1	0	1
OG_5885	1	1	1	10	1	1	1	1	2	1	2	1
OG_5886	1	1	1	1	0	0	1	1	2	1	0	0
OG_5887	1	1	1	1	0	1	1	2	1	2	0	1
OG_5888	1	1	1	1	1	5	2	5	1	2	1	0
OG_5889	7	2	5	4	0	5	17	5	2	4	0	0
OG_5890	18	7	1	2	0	0	0	0	1	2	24	0
OG_5891	8	6	9	13	8	6	7	7	9	6	1	0
OG_5892	3	2	2	3	0	2	2	3	4	3	0	0
OG_5893	3	7	2	5	2	1	6	1	1	0	1	2
OG_5894	2	1	1	2	0	1	1	1	1	1	0	1
OG_5895	3	0	0	4	0	3	2	1	0	0	0	0
OG_5896	5	8	0	8	0	6	2	1	0	0	0	0
OG_5897	2	0	1	3	0	1	1	1	3	0	0	0
OG_5898	1	1	1	2	1	1	1	1	1	1	1	0
OG_5899	3	1	4	9	0	3	1	1	0	0	0	0
OG_5900	1	1	1	1	0	1	1	1	0	0	0	0
OG_5901	2	7	0	13	1	1	0	0	0	0	0	0
OG_5902	1	1	1	1	1	1	1	1	1	1	1	3
OG_5903	2	2	3	2	18	2	2	2	6	3	4	1
OG_5904	0	0	0	0	8	0	0	0	0	0	1	0
OG_5905	0	0	0	0	1	0	0	0	3	0	1	6
OG_5906	2	2	2	1	2	4	3	1	0	0	1	2
OG_5907	1	1	2	1	12	1	1	6	3	4	2	3
OG_5908	10	3	5	6	8	10	8	5	10	3	9	1
OG_5909	1	1	3	1	1	1	1	1	1	1	2	0
OG_5910	3	8	3	4	4	3	3	4	2	6	0	8
OG_5911	5	0	14	1	21	9	2	5	7	6	6	0
OG_5912	6	0	1	0	47	18	1	1	3	0	11	55
OG_5913	4	3	4	4	15	4	4	5	4	6	4	2
OG_5914	1	1	1	1	1	1	1	1	1	2	0	1
OG_5915	1	1	1	1	1	1	1	1	1	1	2	1
OG_5916	3	8	3	3	17	2	3	2	4	4	25	4
OG_5917	4	2	2	3	8	2	3	1	5	10	7	2
OG_5918	1	1	0	1	2	0	1	0	0	1	1	0
OG_5919	0	0	0	0	1	0	0	0	1	1	0	1
OG_5920	0	0	0	0	5	0	0	0	0	0	2	5
OG_5921	0	0	0	0	26	0	0	0	0	0	5	0
OG_5922	0	4	0	5	15	0	0	0	0	0	8	1
OG_5923	1	1	3	1	1	1	3	2	0	1	1	1
OG_5924	1	0	0	1	2	0	0	0	1	1	0	0
OG_5925	0	0	0	0	3	0	0	0	0	0	1	0
OG_5926	1	0	2	0	17	0	1	3	0	0	0	0
OG_5927	0	9	1	8	53	3	0	0	0	0	11	0
OG_5928	1	1	6	1	1	1	1	1	2	1	1	1
OG_5929	1	1	1	1	1	1	1	1	1	1	1	1
OG_5930	10	8	7	8	25	9	8	7	6	10	14	11
OG_5931	1	1	1	1	15	1	1	1	3	2	5	0
OG_5932	1	1	1	1	2	1	1	1	1	2	1	4
OG_5933	0	0	0	0	3	0	0	0	0	0	5	0
OG_5934	1	1	0	5	36	0	2	0	1	0	15	0
OG_5935	1	1	2	1	1	1	1	1	1	1	0	2
OG_5936	1	1	1	1	1	1	1	1	1	1	1	1
OG_5937	6	2	2	4	9	3	2	0	4	7	3	1
OG_5938	6	3	4	3	7	4	6	4	6	8	3	3
OG_5939	1	1	1	1	2	1	1	2	0	1	1	2
OG_5940	1	1	1	1	3	1	1	3	2	3	2	1
OG_5941	1	3	1	1	1	1	1	1	1	1	0	1
OG_5942	2	1	1	1	0	5	2	0	0	0	0	0
OG_5943	0	0	0	0	2	0	0	0	0	0	2	0
OG_5944	0	0	0	0	6	0	0	0	1	3	8	5
OG_5945	1	1	1	2	1	1	1	1	1	7	1	1
OG_5946	2	1	3	2	10	1	3	3	5	2	35	1
OG_5947	3	3	0	4	18	1	1	3	0	6	5	0
OG_5948	0	0	0	0	6	0	0	0	1	1	1	0
OG_5949	0	0	0	0	9	0	0	0	0	0	4	0
OG_5950	1	1	1	1	1	1	1	1	1	1	1	0
OG_5951	2	9	3	3	1	3	3	4	2	1	2	3
OG_5952	0	0	0	0	4	1	0	0	3	1	0	0
OG_5953	0	0	0	0	1	0	0	0	0	0	4	0
OG_5954	0	0	0	0	14	0	0	0	0	0	4	0
OG_5955	0	0	0	0	14	0	0	0	0	0	10	0
OG_5956	1	1	1	1	1	1	1	1	1	2	2	1
OG_5957	1	1	1	1	1	1	1	1	1	0	0	2
OG_5958	0	0	0	0	12	0	0	0	0	0	3	0
OG_5959	2	1	2	1	1	1	1	1	2	3	2	1
OG_5960	3	2	9	2	19	2	5	4	0	3	8	1
OG_5961	0	0	0	0	0	0	0	0	0	3	1	0
OG_5962	1	1	1	1	10	1	1	1	1	3	1	0
OG_5963	2	1	2	2	2	3	3	2	2	1	1	1
OG_5964	0	0	0	0	3	0	0	0	0	0	6	0
OG_5965	1	5	1	1	5	1	1	1	5	1	2	0
OG_5966	1	0	1	0	1	1	1	1	1	1	0	0
OG_5967	1	1	1	1	1	5	1	1	1	1	1	0
OG_5968	1	1	4	1	3	1	3	3	2	3	1	1
OG_5969	1	1	1	1	6	1	1	2	0	2	1	0
OG_5970	0	0	0	0	4	0	0	0	0	0	1	0
OG_5971	1	1	1	1	1	1	1	1	1	1	1	1
OG_5972	2	1	2	1	183	1	1	4	2	2	28	0
OG_5973	1	1	1	2	1	1	2	2	1	1	1	1
OG_5974	3	20	2	3	52	2	1	1	3	1	44	39
OG_5975	1	1	1	1	1	1	1	1	1	1	0	1
OG_5976	0	0	0	0	10	0	0	0	0	0	10	0
OG_5977	7	2	2	2	6	4	1	4	1	4	9	0
OG_5978	3	0	0	2	19	0	1	0	0	0	0	0
OG_5979	1	1	2	1	5	1	1	1	3	10	4	2
OG_5980	1	1	1	1	14	1	1	1	1	1	0	0
OG_5981	1	1	1	1	1	1	1	1	1	4	2	2
OG_5982	0	3	0	1	3	0	0	0	0	0	1	0
OG_5983	1	1	6	1	3	1	1	3	2	1	0	1
OG_5984	1	1	3	1	0	1	1	2	5	1	0	0
OG_5985	0	0	0	0	34	0	0	0	0	0	9	0
OG_5986	0	0	0	0	2	0	0	0	0	0	2	0
OG_5987	2	0	0	0	4	0	4	0	0	0	0	0
OG_5988	1	1	1	1	2	1	1	1	1	1	3	1
OG_5989	1	1	3	1	2	1	2	2	2	2	1	1
OG_5990	0	0	0	0	2	0	0	0	3	2	1	1
OG_5991	0	0	0	0	4	0	0	0	0	0	1	0
OG_5992	1	1	2	1	4	1	1	1	1	1	7	8
OG_5993	2	2	2	2	2	3	2	2	1	4	0	1
OG_5994	2	1	1	1	7	1	1	2	3	3	2	1
OG_5995	1	1	5	1	9	2	1	6	1	2	0	0
OG_5996	3	23	5	9	8	4	3	2	1	0	0	0
OG_5997	1	1	1	1	3	1	2	1	2	2	2	1
OG_5998	2	6	7	5	3	0	8	2	0	1	0	1
OG_5999	0	0	0	0	2	0	0	0	0	0	5	0
OG_6000	2	1	1	1	4	1	2	1	2	1	0	6
OG_6001	0	0	0	0	3	0	0	0	0	0	6	0
OG_6002	4	4	8	6	8	6	7	5	4	1	0	1
OG_6003	1	1	1	1	1	1	1	1	1	0	2	0
OG_6004	1	1	3	1	1	1	2	2	1	1	1	1
OG_6005	1	1	1	1	10	1	1	1	1	3	11	1
OG_6006	0	0	0	0	4	0	0	0	0	0	5	0
OG_6007	2	1	2	1	3	1	1	2	0	2	2	1
OG_6008	0	0	0	0	4	0	0	0	3	4	3	2
OG_6009	1	1	1	1	1	1	1	1	2	1	0	2
OG_6010	1	1	3	1	2	1	1	3	2	7	0	1
OG_6011	4	1	0	0	5	1	2	0	1	2	5	0
OG_6012	1	1	1	1	4	1	1	1	0	3	1	0
OG_6013	3	3	2	1	21	2	3	2	1	2	5	2
OG_6014	0	0	0	0	3	0	0	0	0	0	2	0
OG_6015	1	1	1	1	1	1	1	2	3	1	1	1
OG_6016	1	1	1	1	3	1	1	1	0	0	2	0
OG_6017	13	36	10	12	6	11	9	15	9	0	3	0
OG_6018	0	0	0	0	1	0	0	0	1	4	0	5
OG_6019	0	0	0	0	8	0	0	0	0	0	4	0
OG_6020	1	1	1	1	2	1	1	1	1	2	2	1
OG_6021	1	1	0	1	2	3	1	1	2	1	1	0
OG_6022	1	1	1	1	2	1	1	2	1	0	1	6
OG_6023	3	3	6	3	5	2	5	4	4	3	3	4
OG_6024	1	1	1	1	1	1	1	1	1	1	1	1
OG_6025	1	1	11	1	3	1	3	1	2	12	1	1
OG_6026	1	1	3	1	1	1	1	2	1	2	1	8
OG_6027	1	1	2	1	1	7	1	2	1	1	2	1
OG_6028	0	0	0	0	4	0	0	0	0	0	2	0
OG_6029	0	0	0	0	8	0	0	0	0	0	0	4
OG_6030	0	0	0	0	2	0	0	0	2	1	1	1
OG_6031	0	0	0	0	10	0	0	0	0	0	9	0
OG_6032	0	0	0	0	5	0	0	0	0	0	5	0
OG_6033	2	1	1	1	1	2	2	1	2	1	1	1
OG_6034	1	1	0	1	1	1	1	1	0	0	0	0
OG_6035	22	53	3	8	81	11	4	2	7	0	3	47
OG_6036	1	1	5	1	1	1	3	2	2	2	1	8
OG_6037	2	1	1	1	1	1	1	1	1	1	2	1
OG_6038	1	1	1	1	1	1	1	1	1	1	1	0
OG_6039	1	1	3	1	2	1	1	5	1	1	2	1
OG_6040	2	2	3	3	1	1	1	4	1	5	1	1
OG_6041	0	1	1	1	2	1	3	1	1	0	2	1
OG_6042	0	0	1	0	12	0	0	0	0	0	2	0
OG_6043	1	1	1	1	1	1	1	1	2	1	0	1
OG_6044	1	1	1	1	8	1	1	1	3	1	1	1
OG_6045	0	0	0	0	2	0	0	0	0	0	6	0
OG_6046	5	5	18	6	12	5	5	9	8	13	1	0
OG_6047	1	1	1	1	1	1	1	1	1	1	2	2
OG_6048	3	2	2	2	2	2	2	1	1	1	2	3
OG_6049	0	0	0	0	1	0	0	0	1	6	1	1
OG_6050	3	1	2	1	2	1	2	1	2	1	2	5
OG_6051	0	0	0	0	1	0	0	0	0	0	6	0
OG_6052	0	2	0	3	5	0	0	0	0	0	0	0
OG_6053	1	1	1	1	0	1	1	1	0	0	0	0
OG_6054	7	1	3	1	13	9	5	4	6	0	10	2
OG_6055	1	1	1	1	1	1	1	1	1	1	2	2
OG_6056	1	1	1	1	1	1	2	2	3	1	0	0
OG_6057	3	3	3	2	18	3	3	3	3	3	31	0
OG_6058	2	1	1	1	1	3	1	1	3	1	2	1
OG_6059	1	1	1	1	1	1	1	1	1	1	0	1
OG_6060	1	1	2	1	0	2	1	1	0	0	0	0
OG_6061	2	2	1	1	1	1	1	1	1	6	1	2
OG_6062	13	25	8	13	34	15	2	1	0	0	10	24
OG_6063	0	0	2	1	1	1	1	1	4	1	0	0
OG_6064	1	1	1	1	1	1	1	1	0	1	1	0
OG_6065	1	1	1	1	2	2	1	2	1	1	0	1
OG_6066	1	0	0	0	11	0	0	0	0	3	6	0
OG_6067	1	1	1	1	1	1	1	1	1	2	0	1
OG_6068	11	8	10	11	13	9	8	9	3	2	1	2
OG_6069	1	1	1	1	1	1	1	1	2	1	1	0
OG_6070	4	5	5	3	10	6	5	6	3	3	1	0
OG_6071	1	1	2	1	1	1	3	3	0	2	1	1
OG_6072	4	8	0	4	7	0	1	0	3	0	0	0
OG_6073	1	1	3	1	1	1	1	1	1	1	1	1
OG_6074	1	1	1	1	2	1	1	1	1	1	0	0
OG_6075	1	1	3	1	6	1	1	1	2	2	1	3
OG_6076	3	5	2	3	7	2	6	2	3	1	2	0
OG_6077	0	0	2	0	0	5	0	1	0	0	0	0
OG_6078	1	1	2	1	2	23	1	1	1	1	2	1
OG_6079	0	0	0	0	0	5	1	0	0	0	0	0
OG_6080	2	3	0	1	0	9	1	0	1	1	0	0
OG_6081	1	1	2	0	0	3	1	3	0	0	0	0
OG_6082	11	10	37	25	0	16	11	1	2	16	0	0
OG_6083	1	1	2	2	2	16	12	7	3	1	2	2
OG_6084	1	12	4	1	6	2	6	1	1	1	2	1
OG_6085	1	1	1	2	1	10	1	1	0	0	0	0
OG_6086	0	4	1	4	0	4	1	4	0	0	0	3
OG_6087	0	10	0	4	0	9	0	0	0	0	0	0
OG_6088	14	3	4	1	0	15	8	1	0	0	0	0
OG_6089	1	1	1	2	2	5	2	3	2	1	3	19
OG_6090	3	1	2	1	0	2	1	2	1	1	1	2
OG_6091	0	0	1	0	0	4	0	0	0	0	0	0
OG_6092	1	2	2	2	2	1	1	1	1	2	1	4
OG_6093	0	0	3	0	0	9	0	0	0	0	12	0
OG_6094	5	3	13	2	0	19	3	3	1	7	0	0
OG_6095	24	2	12	11	4	20	17	12	3	3	0	1
OG_6096	0	0	1	0	0	7	0	0	0	0	0	0
OG_6097	3	0	2	0	0	2	1	0	0	0	0	0
OG_6098	1	0	5	1	0	13	2	0	1	4	0	0
OG_6099	1	1	0	1	0	1	1	1	0	1	0	0
OG_6100	0	0	7	0	0	12	0	1	0	0	0	0
OG_6101	0	1	5	1	0	2	2	3	1	2	0	1
OG_6102	1	1	1	1	0	1	1	1	0	0	0	0
OG_6103	1	0	1	1	0	1	1	3	0	1	0	0
OG_6104	3	1	2	2	0	3	1	4	1	4	0	0
OG_6105	1	2	13	2	0	14	1	12	1	1	2	3
OG_6106	1	1	3	1	1	13	1	0	1	1	1	1
OG_6107	8	11	26	7	6	21	5	5	0	0	0	0
OG_6108	0	0	0	0	0	5	6	0	0	0	0	0
OG_6109	1	1	2	1	1	3	1	1	3	1	0	3
OG_6110	2	0	0	2	0	1	0	0	0	1	0	0
OG_6111	1	1	1	1	1	23	4	1	1	1	0	1
OG_6112	2	0	1	2	0	20	4	2	0	0	0	0
OG_6113	1	1	1	1	0	1	1	1	0	0	0	0
OG_6114	0	5	0	9	0	9	2	1	2	1	0	0
OG_6115	7	6	6	11	0	17	9	4	4	5	0	1
OG_6116	1	0	0	0	0	2	0	0	0	0	0	0
OG_6117	0	2	0	2	0	7	0	0	2	1	0	0
OG_6118	11	4	10	8	1	11	9	17	3	7	1	1
OG_6119	5	0	6	2	0	9	5	5	0	0	3	0
OG_6120	1	1	0	0	0	12	0	0	0	0	0	0
OG_6121	0	1	0	0	0	7	1	0	0	0	0	0
OG_6122	0	1	0	0	0	2	0	0	0	0	0	0
OG_6123	1	0	9	6	0	23	4	11	6	0	0	0
OG_6124	1	1	1	1	1	47	1	4	4	3	0	3
OG_6125	4	0	2	4	0	2	3	3	0	0	0	0
OG_6126	2	1	2	1	0	1	3	1	1	1	0	0
OG_6127	1	1	1	1	2	7	2	1	1	1	2	1
OG_6128	1	4	1	1	2	2	1	1	1	0	2	0
OG_6129	8	2	5	6	0	16	1	5	4	5	1	0
OG_6130	2	3	3	2	0	14	2	2	0	1	0	0
OG_6131	0	1	0	0	0	5	0	3	0	0	0	0
OG_6132	2	7	10	1	3	6	2	3	4	0	0	0
OG_6133	1	1	3	6	1	13	5	1	1	1	2	1
OG_6134	5	1	0	1	1	7	4	0	0	0	0	0
OG_6135	4	2	1	1	2	36	1	0	3	2	1	1
OG_6136	2	1	2	0	0	5	4	0	0	0	0	0
OG_6137	1	1	0	1	0	3	1	0	2	0	0	0
OG_6138	0	7	0	2	0	1	2	0	0	0	0	0
OG_6139	0	1	3	1	0	2	5	1	0	0	0	0
OG_6140	0	8	5	6	0	12	1	0	5	0	0	52
OG_6141	2	1	3	2	0	4	1	0	0	0	0	0
OG_6142	0	0	0	1	0	4	1	1	1	0	0	1
OG_6143	9	19	1	6	2	7	3	0	1	12	3	6
OG_6144	4	0	0	0	0	1	0	0	0	0	0	0
OG_6145	1	1	2	1	0	8	4	1	0	0	0	0
OG_6146	1	1	1	1	0	1	1	2	0	0	0	1
OG_6147	1	1	1	1	2	2	2	1	3	2	1	4
OG_6148	0	1	0	3	0	6	0	0	0	0	0	0
OG_6149	1	1	1	1	3	1	1	2	1	2	3	1
OG_6150	4	20	3	9	2	3	1	1	11	21	0	0
OG_6151	0	1	1	1	0	5	3	4	1	1	2	1
OG_6152	4	12	13	20	5	28	5	0	8	0	3	22
OG_6153	1	1	2	1	0	1	1	1	3	4	0	1
OG_6154	1	0	1	0	0	1	1	1	0	0	0	0
OG_6155	38	6	4	36	12	40	9	14	3	0	3	3
OG_6156	4	7	1	4	0	30	2	0	3	1	0	0
OG_6157	1	1	1	1	0	1	1	1	1	0	0	0
OG_6158	5	0	0	0	0	20	2	3	1	0	0	0
OG_6159	2	1	1	1	0	2	1	1	1	1	0	0
OG_6160	1	2	2	1	0	1	1	2	0	1	0	0
OG_6161	5	4	2	7	0	12	2	0	0	0	0	0
OG_6162	6	11	12	8	0	23	7	5	3	0	0	0
OG_6163	29	10	14	13	0	13	11	9	1	8	4	1
OG_6164	4	2	1	2	1	3	1	1	1	1	1	0
OG_6165	1	2	1	1	0	1	1	1	1	1	0	1
OG_6166	12	23	1	11	4	26	22	2	10	9	0	1
OG_6167	2	1	1	1	1	8	1	2	1	1	1	1
OG_6168	15	1	1	3	0	1	2	0	6	0	0	4
OG_6169	1	2	3	2	0	4	4	1	0	0	0	0
OG_6170	6	4	6	6	0	11	3	3	0	8	0	0
OG_6171	1	3	1	0	1	6	2	0	1	5	2	0
OG_6172	3	1	1	1	6	3	4	2	1	1	0	0
OG_6173	1	4	1	0	0	3	7	2	2	0	0	1
OG_6174	2	5	6	1	0	6	4	0	0	0	0	0
OG_6175	0	1	0	0	0	7	0	0	0	0	0	0
OG_6176	1	1	2	1	0	2	1	2	1	0	0	1
OG_6177	1	0	1	0	0	1	0	1	0	1	0	0
OG_6178	13	17	31	12	10	20	15	26	6	16	2	3
OG_6179	6	0	2	0	1	1	4	1	0	1	1	1
OG_6180	1	1	1	3	1	4	1	1	1	2	0	1
OG_6181	1	1	1	6	1	2	2	1	6	1	3	3
OG_6182	1	1	1	1	0	1	1	3	1	0	0	0
OG_6183	0	0	0	0	0	4	2	1	0	0	0	0
OG_6184	3	1	1	1	0	1	1	1	0	4	1	16
OG_6185	3	3	6	2	0	11	3	6	0	0	2	0
OG_6186	9	6	12	10	7	10	12	8	2	3	9	5
OG_6187	0	1	0	0	0	5	0	0	0	0	0	0
OG_6188	7	27	4	13	6	19	10	1	14	0	24	0
OG_6189	1	2	1	1	1	1	1	1	1	1	0	2
OG_6190	6	0	1	4	0	6	2	4	0	1	0	0
OG_6191	0	3	0	0	0	1	0	0	0	0	0	0
OG_6192	1	0	1	0	0	1	1	1	0	0	0	0
OG_6193	4	2	7	3	0	5	4	14	0	2	0	1
OG_6194	14	7	12	7	7	14	7	12	5	4	3	0
OG_6195	1	1	3	1	3	1	1	1	1	9	0	0
OG_6196	0	1	0	0	0	3	0	1	0	0	0	0
OG_6197	4	1	1	3	0	2	3	2	0	0	0	0
OG_6198	1	2	1	1	2	12	1	0	4	3	1	2
OG_6199	0	0	0	0	3	1	1	1	0	0	1	0
OG_6200	0	3	0	3	0	1	0	0	0	0	0	0
OG_6201	3	2	1	3	0	3	3	2	0	1	0	0
OG_6202	1	4	1	1	0	21	1	1	3	0	0	6
OG_6203	7	7	10	7	0	15	10	3	3	0	0	0
OG_6204	1	0	1	1	0	1	1	2	0	1	0	1
OG_6205	8	8	9	12	0	6	8	12	1	10	0	0
OG_6206	1	1	2	1	1	2	1	2	1	0	1	1
OG_6207	0	5	0	2	0	4	1	0	3	0	0	0
OG_6208	3	1	2	1	1	3	3	8	2	2	0	0
OG_6209	2	0	2	0	0	3	1	4	0	3	0	0
OG_6210	0	0	0	0	0	8	0	2	0	0	0	0
OG_6211	1	1	1	1	0	1	1	1	0	1	0	0
OG_6212	3	1	1	3	2	3	3	4	2	3	3	1
OG_6213	2	0	1	1	0	1	1	1	0	0	0	0
OG_6214	1	1	1	1	1	11	1	3	1	1	2	1
OG_6215	1	1	2	2	1	1	1	1	1	1	0	1
OG_6216	1	1	1	2	0	1	2	1	1	1	0	0
OG_6217	1	0	2	1	0	3	1	2	2	0	0	0
OG_6218	5	2	4	3	0	3	4	9	2	2	0	0
OG_6219	0	0	3	0	0	9	0	1	0	0	0	0
OG_6220	0	4	2	5	0	12	3	1	0	0	0	0
OG_6221	2	2	2	2	0	3	6	3	1	2	0	0
OG_6222	0	0	0	1	0	4	1	0	0	0	0	0
OG_6223	1	0	1	0	0	1	1	1	1	1	0	0
OG_6224	3	0	0	1	0	2	6	0	0	0	0	0
OG_6225	4	19	0	5	0	5	0	0	4	0	0	6
OG_6226	1	1	1	0	0	1	1	0	0	0	0	0
OG_6227	1	0	1	1	0	3	1	1	0	0	0	0
OG_6228	1	2	0	0	0	13	0	0	1	0	0	0
OG_6229	1	1	1	1	0	1	1	1	1	4	1	0
OG_6230	0	0	0	1	0	8	0	0	0	0	0	0
OG_6231	1	25	0	5	1	10	4	1	2	0	0	12
OG_6232	4	0	0	1	0	2	0	0	0	0	0	0
OG_6233	16	7	17	12	6	20	15	7	2	1	3	0
OG_6234	6	3	10	9	0	14	7	10	4	3	0	10
OG_6235	2	0	0	0	0	2	2	0	0	0	1	0
OG_6236	6	0	2	6	0	3	3	2	0	0	0	0
OG_6237	2	3	3	1	26	3	2	2	3	5	1	0
OG_6238	1	1	4	1	0	1	0	4	1	1	0	0
OG_6239	6	6	3	7	0	6	10	2	2	3	0	12
OG_6240	1	0	0	0	0	1	2	1	0	0	0	0
OG_6241	2	1	6	1	2	7	1	2	1	0	3	42
OG_6242	1	1	2	1	2	1	5	2	2	2	0	1
OG_6243	12	3	1	2	0	26	4	2	14	3	0	0
OG_6244	2	1	0	0	0	1	1	1	0	0	0	0
OG_6245	0	1	1	1	0	1	3	1	1	3	0	1
OG_6246	1	2	0	1	1	1	1	1	0	1	1	1
OG_6247	1	0	2	1	0	9	3	1	2	6	0	0
OG_6248	0	0	1	1	0	6	0	1	0	0	0	0
OG_6249	1	1	1	1	0	1	4	0	1	4	0	0
OG_6250	1	1	1	1	0	1	5	0	1	1	0	0
OG_6251	0	0	0	2	0	6	0	0	0	0	0	0
OG_6252	8	5	18	6	0	7	9	9	3	9	0	0
OG_6253	0	0	1	0	0	4	0	1	0	0	0	0
OG_6254	1	0	0	0	0	1	0	1	0	0	0	0
OG_6255	0	4	0	0	0	18	7	0	0	1	0	0
OG_6256	1	1	1	1	2	10	1	1	1	1	1	1
OG_6257	1	1	1	1	2	1	1	1	1	1	1	1
OG_6258	1	0	1	1	0	2	0	2	0	0	0	0
OG_6259	11	38	10	49	0	25	17	0	0	0	0	0
OG_6260	4	1	0	4	0	1	2	1	0	0	0	0
OG_6261	1	0	1	1	1	1	1	1	4	1	1	1
OG_6262	4	10	3	4	0	30	2	1	3	0	0	0
OG_6263	3	0	0	1	0	5	0	2	0	0	0	0
OG_6264	1	1	0	1	0	1	1	0	1	1	0	1
OG_6265	1	0	0	0	0	3	1	4	0	0	0	0
OG_6266	1	0	1	2	0	4	1	2	0	0	0	0
OG_6267	2	3	4	1	0	3	2	1	0	0	0	0
OG_6268	7	1	2	5	0	5	12	1	2	1	0	0
OG_6269	1	0	1	1	1	1	1	2	1	1	0	2
OG_6270	5	1	0	0	5	0	5	0	0	0	3	0
OG_6271	0	2	0	0	0	15	2	1	2	0	3	0
OG_6272	10	6	12	11	5	9	14	12	9	8	1	1
OG_6273	1	2	1	1	2	1	1	1	1	1	1	1
OG_6274	1	1	5	2	0	1	3	3	3	1	0	1
OG_6275	1	1	1	2	1	1	2	3	2	1	1	0
OG_6276	1	3	2	1	0	1	1	1	1	9	1	1
OG_6277	3	3	7	3	2	3	4	7	3	4	1	1
OG_6278	1	1	1	1	1	1	4	1	1	1	0	3
OG_6279	1	1	1	0	1	1	1	1	1	1	0	0
OG_6280	5	3	3	4	4	3	6	3	7	10	2	2
OG_6281	13	4	3	9	0	5	8	6	1	0	2	1
OG_6282	1	1	1	1	0	1	1	0	0	0	0	0
OG_6283	15	9	4	25	0	13	44	0	19	0	1	0
OG_6284	1	3	2	1	0	2	2	2	1	2	0	0
OG_6285	1	0	9	1	0	1	2	4	1	1	0	1
OG_6286	5	0	0	1	0	1	6	1	0	0	0	0
OG_6287	1	1	1	1	0	1	1	4	0	0	0	0
OG_6288	1	1	2	1	0	1	1	1	0	1	0	0
OG_6289	10	2	5	16	0	10	9	6	3	9	0	4
OG_6290	3	2	4	2	0	3	9	4	0	1	0	0
OG_6291	0	7	0	6	0	1	8	0	1	0	0	0
OG_6292	10	6	7	10	0	2	11	4	9	3	0	0
OG_6293	1	2	3	2	0	1	1	3	0	2	0	0
OG_6294	1	1	1	1	0	1	2	1	1	1	0	1
OG_6295	5	6	4	0	0	3	5	0	0	0	0	0
OG_6296	1	2	0	0	0	0	1	0	0	0	0	1
OG_6297	2	2	1	1	1	1	5	2	8	1	5	1
OG_6298	37	29	37	41	2	26	16	14	44	31	2	43
OG_6299	1	2	0	0	0	0	1	0	0	0	0	0
OG_6300	2	9	0	2	0	0	4	0	0	0	0	0
OG_6301	0	9	0	9	0	0	5	0	0	0	0	0
OG_6302	1	0	3	0	0	4	6	3	0	0	0	6
OG_6303	3	2	2	2	0	1	3	2	0	1	0	0
OG_6304	23	12	8	9	0	7	9	5	7	5	0	0
OG_6305	2	1	3	1	2	1	2	1	4	1	3	1
OG_6306	2	0	0	2	0	1	10	1	0	0	0	0
OG_6307	1	2	1	2	0	1	1	5	0	0	0	0
OG_6308	1	1	1	1	1	1	4	1	4	2	1	1
OG_6309	4	2	0	7	0	0	7	1	1	0	0	4
OG_6310	2	0	7	2	0	3	9	5	0	0	0	0
OG_6311	4	0	1	0	0	2	3	1	0	1	0	0
OG_6312	7	3	1	1	1	1	12	1	1	1	1	0
OG_6313	13	8	1	11	80	7	4	4	13	17	102	0
OG_6314	2	8	1	3	6	1	6	1	4	1	1	31
OG_6315	1	1	1	1	0	1	1	1	1	2	1	1
OG_6316	0	2	1	0	0	6	6	0	1	3	0	0
OG_6317	6	1	5	2	0	4	9	6	0	0	1	0
OG_6318	2	0	1	0	0	1	3	1	1	0	0	0
OG_6319	0	3	0	0	0	1	4	0	1	0	0	0
OG_6320	4	1	4	5	0	5	11	4	1	2	0	2
OG_6321	2	1	1	1	2	1	20	2	2	1	3	1
OG_6322	4	2	2	3	0	15	12	2	1	3	0	0
OG_6323	1	9	0	8	0	0	2	0	0	0	0	0
OG_6324	2	2	0	0	0	0	4	0	0	0	0	0
OG_6325	0	0	0	2	0	0	6	0	0	0	0	0
OG_6326	0	10	0	1	0	0	1	0	0	0	0	0
OG_6327	1	0	0	0	0	0	3	0	0	0	0	0
OG_6328	8	0	4	0	0	0	19	10	0	0	0	0
OG_6329	9	4	17	15	0	3	8	22	2	3	0	0
OG_6330	4	2	13	2	0	3	2	3	3	11	0	0
OG_6331	2	1	1	1	1	1	2	1	0	1	1	38
OG_6332	1	1	2	1	3	1	2	2	1	2	1	3
OG_6333	1	3	4	6	0	1	1	0	0	0	0	0
OG_6334	1	1	0	2	0	2	2	0	0	0	0	0
OG_6335	1	1	1	0	0	1	1	1	0	0	0	0
OG_6336	1	1	2	1	1	1	8	1	1	2	1	3
OG_6337	2	21	1	1	4	2	2	1	2	4	1	1
OG_6338	2	2	4	1	0	1	14	1	1	1	0	0
OG_6339	1	1	3	1	2	1	1	1	2	2	0	1
OG_6340	1	0	4	0	0	0	2	0	0	0	0	0
OG_6341	0	0	0	0	1	0	4	0	1	0	0	0
OG_6342	10	17	0	1	0	0	11	0	1	0	0	0
OG_6343	1	1	1	1	0	1	2	1	1	1	2	0
OG_6344	1	2	3	1	1	1	1	1	1	4	0	2
OG_6345	0	16	1	5	0	0	4	0	3	0	0	2
OG_6346	1	1	1	1	1	1	2	1	2	0	1	1
OG_6347	4	5	8	5	8	4	11	10	9	9	1	2
OG_6348	4	0	3	1	0	6	13	5	0	0	0	0
OG_6349	1	1	1	1	1	1	1	1	1	1	1	0
OG_6350	6	1	5	1	0	5	8	1	1	2	0	0
OG_6351	2	1	2	1	7	1	3	1	0	0	1	0
OG_6352	1	1	0	2	2	1	2	1	1	2	6	1
OG_6353	1	1	3	1	1	1	1	2	1	1	1	1
OG_6354	2	0	1	3	0	1	1	1	0	0	0	0
OG_6355	1	1	1	1	1	1	1	1	1	3	0	0
OG_6356	1	1	1	1	4	1	2	0	1	2	1	2
OG_6357	2	1	1	1	0	2	2	2	0	0	0	0
OG_6358	1	4	1	1	1	1	2	1	5	1	4	1
OG_6359	6	3	7	6	0	3	4	6	0	0	0	0
OG_6360	1	1	0	1	0	1	1	0	1	1	0	1
OG_6361	4	0	0	0	1	1	9	0	0	0	1	0
OG_6362	6	0	0	0	0	0	2	0	1	8	0	0
OG_6363	0	1	2	1	2	1	1	4	1	2	2	1
OG_6364	1	0	0	6	0	0	2	0	3	0	0	0
OG_6365	9	23	0	0	0	0	2	0	7	0	0	1
OG_6366	4	23	4	29	0	3	10	0	6	2	0	0
OG_6367	3	1	1	2	1	1	2	2	1	1	1	1
OG_6368	19	5	15	20	3	4	27	2	16	28	2	4
OG_6369	6	0	3	5	0	1	4	3	0	0	0	0
OG_6370	2	1	3	1	0	3	2	4	0	0	0	0
OG_6371	3	2	5	9	0	1	14	4	0	0	0	0
OG_6372	1	1	2	1	3	1	2	1	2	3	1	1
OG_6373	1	0	0	1	0	1	1	0	0	0	0	0
OG_6374	11	0	3	2	0	2	13	2	1	3	0	0
OG_6375	8	7	6	1	0	5	8	9	0	0	0	4
OG_6376	1	0	1	1	0	1	4	1	1	1	0	0
OG_6377	2	4	1	5	1	3	3	1	1	0	1	0
OG_6378	6	0	1	0	0	2	11	2	0	0	0	0
OG_6379	0	0	0	0	0	0	2	0	5	0	0	0
OG_6380	1	1	1	1	0	1	1	1	0	1	0	1
OG_6381	6	6	22	10	0	4	4	13	2	5	0	17
OG_6382	9	1	2	1	0	4	4	4	1	1	1	0
OG_6383	1	1	1	1	1	1	4	1	1	2	2	1
OG_6384	7	3	13	11	1	6	11	5	0	0	0	0
OG_6385	3	1	4	1	12	2	3	1	2	2	2	1
OG_6386	6	1	2	1	0	3	2	3	0	0	0	1
OG_6387	1	1	1	1	1	1	2	2	2	4	1	0
OG_6388	0	1	0	0	2	0	2	0	1	2	0	0
OG_6389	1	0	0	0	0	0	4	0	0	0	0	0
OG_6390	1	0	1	0	0	0	1	1	0	1	0	0
OG_6391	9	7	7	6	1	8	9	6	9	3	0	0
OG_6392	0	1	2	1	0	1	2	4	2	6	0	0
OG_6393	1	1	5	0	0	4	2	0	0	0	0	0
OG_6394	2	1	1	2	0	2	2	1	0	0	0	0
OG_6395	3	0	1	1	0	1	6	1	0	0	0	0
OG_6396	3	1	5	1	7	3	2	3	5	12	5	3
OG_6397	1	2	1	1	0	1	2	1	1	1	0	0
OG_6398	3	3	6	4	0	3	4	4	0	0	0	1
OG_6399	4	1	4	1	0	4	5	2	9	2	0	18
OG_6400	1	1	1	1	0	1	1	1	0	0	0	1
OG_6401	14	8	29	9	10	7	14	13	15	19	19	45
OG_6402	2	2	2	2	2	4	2	2	1	4	0	1
OG_6403	5	1	1	1	1	1	27	1	2	1	3	1
OG_6404	1	1	1	1	2	1	1	1	0	1	1	1
OG_6405	11	8	10	6	1	7	7	4	3	5	2	6
OG_6406	2	4	0	14	1	0	23	0	0	0	4	0
OG_6407	3	5	1	1	0	2	4	1	3	10	0	0
OG_6408	1	1	1	1	2	1	2	0	1	1	1	0
OG_6409	1	1	1	1	1	0	1	0	1	0	0	0
OG_6410	0	1	3	1	1	1	1	3	2	3	4	1
OG_6411	1	1	1	1	0	1	1	1	2	2	0	0
OG_6412	2	1	3	0	4	2	8	1	3	3	2	2
OG_6413	1	2	2	2	0	1	2	0	0	0	0	0
OG_6414	1	12	1	0	0	1	2	1	4	5	0	0
OG_6415	1	1	1	1	0	1	1	1	3	1	0	1
OG_6416	1	0	0	1	0	1	3	1	1	0	0	0
OG_6417	4	0	3	1	0	0	27	0	0	0	0	0
OG_6418	3	2	2	8	5	2	7	2	0	0	0	0
OG_6419	7	1	17	10	0	5	25	3	5	1	0	2
OG_6420	1	1	0	4	0	0	1	0	0	0	0	0
OG_6421	1	0	2	1	0	1	2	2	1	4	0	0
OG_6422	2	1	1	1	2	1	2	2	1	1	3	2
OG_6423	1	4	1	1	1	1	2	2	1	3	3	1
OG_6424	1	1	1	1	0	1	1	2	0	0	0	0
OG_6425	1	1	9	1	0	1	2	1	2	5	0	0
OG_6426	2	0	3	0	0	1	8	3	0	0	0	0
OG_6427	4	3	3	4	0	8	4	12	1	1	0	2
OG_6428	6	0	2	4	0	3	1	2	0	1	0	0
OG_6429	0	1	1	0	0	1	2	1	0	0	0	0
OG_6430	0	1	2	1	0	1	1	0	0	0	0	0
OG_6431	1	1	1	1	0	1	1	1	2	2	0	2
OG_6432	3	0	0	0	0	0	2	0	0	0	0	0
OG_6433	1	0	1	1	0	7	10	4	2	1	0	4
OG_6434	1	1	1	1	0	1	1	1	0	0	0	0
OG_6435	2	3	1	1	2	1	4	1	1	1	1	0
OG_6436	2	0	0	1	0	1	2	1	1	2	0	0
OG_6437	1	7	2	2	1	1	3	1	1	1	0	1
OG_6438	1	1	0	0	0	3	3	0	0	0	0	0
OG_6439	1	3	1	1	40	1	2	2	1	1	10	1
OG_6440	0	0	4	0	0	0	3	0	0	0	0	0
OG_6441	0	0	4	1	0	0	3	0	0	0	0	0
OG_6442	17	1	8	3	3	3	9	6	8	7	3	0
OG_6443	5	7	0	4	0	3	1	1	1	0	0	0
OG_6444	25	24	22	11	1	21	29	22	5	8	5	7
OG_6445	8	7	30	10	12	7	9	32	7	14	11	6
OG_6446	1	1	1	1	0	1	2	1	0	0	0	0
OG_6447	1	2	5	1	0	1	1	2	1	1	0	0
OG_6448	2	1	2	4	1	5	4	6	4	8	3	1
OG_6449	0	0	0	0	0	2	0	2	0	0	0	0
OG_6450	1	1	2	2	1	1	1	2	2	1	3	1
OG_6451	1	2	1	1	4	1	2	2	2	5	1	1
OG_6452	1	3	2	2	0	0	1	1	0	0	0	0
OG_6453	2	0	1	2	5	1	1	2	3	2	1	1
OG_6454	2	1	3	3	0	4	4	3	0	0	0	0
OG_6455	2	0	1	1	3	6	1	4	0	1	0	0
OG_6456	2	4	3	2	0	1	2	2	0	1	0	0
OG_6457	1	0	4	0	0	0	1	3	0	0	0	0
OG_6458	1	1	1	1	0	1	1	1	1	0	0	0
OG_6459	1	1	1	2	0	1	1	1	1	3	0	3
OG_6460	1	1	1	1	1	0	1	1	0	0	1	1
OG_6461	1	2	1	1	1	1	1	2	2	3	3	3
OG_6462	1	1	1	1	0	1	1	2	1	2	0	0
OG_6463	1	1	4	1	2	1	1	2	1	1	0	1
OG_6464	2	2	2	4	0	4	4	2	1	4	0	1
OG_6465	1	1	1	1	1	1	1	1	1	2	2	1
OG_6466	2	0	1	0	0	1	2	1	0	0	0	0
OG_6467	1	1	1	1	1	1	1	1	2	2	2	1
OG_6468	16	1	21	13	0	1	6	14	1	0	0	0
OG_6469	2	1	2	1	2	2	5	3	1	1	0	4
OG_6470	1	0	4	0	0	1	1	1	3	2	0	0
OG_6471	1	1	1	1	0	1	1	3	0	3	0	0
OG_6472	2	1	1	1	0	1	3	1	2	4	0	1
OG_6473	1	1	3	1	0	1	1	1	1	1	0	0
OG_6474	4	2	2	1	0	2	2	4	4	0	0	0
OG_6475	5	2	14	2	0	5	1	3	0	0	0	0
OG_6476	1	1	1	1	1	1	1	1	1	1	1	1
OG_6477	1	1	3	1	0	1	1	1	0	1	0	0
OG_6478	1	3	3	1	0	2	1	2	0	1	0	0
OG_6479	1	0	1	1	0	2	1	5	1	13	0	0
OG_6480	1	0	0	1	0	1	0	1	0	0	0	0
OG_6481	1	2	1	1	0	1	4	2	0	0	0	2
OG_6482	11	8	6	3	6	15	7	12	25	9	19	0
OG_6483	1	1	1	1	0	1	0	3	0	1	0	0
OG_6484	1	1	1	1	0	1	1	1	0	2	0	3
OG_6485	2	6	1	1	1	1	1	2	1	1	0	1
OG_6486	2	3	3	2	0	1	2	4	1	1	0	0
OG_6487	2	2	1	1	0	1	1	1	1	1	0	0
OG_6488	1	1	1	1	0	1	1	1	1	1	0	0
OG_6489	0	0	2	0	0	1	1	1	2	1	0	0
OG_6490	2	0	1	1	0	2	2	1	0	0	0	0
OG_6491	1	1	1	0	1	3	1	3	1	1	3	2
OG_6492	3	5	7	9	1	3	3	4	1	1	1	0
OG_6493	3	0	2	2	0	0	1	1	0	0	0	0
OG_6494	1	1	0	0	1	0	1	0	2	3	1	0
OG_6495	0	1	7	1	0	1	1	1	2	1	0	0
OG_6496	9	0	6	5	0	5	7	5	26	9	0	0
OG_6497	13	12	9	9	11	8	10	11	9	8	7	11
OG_6498	1	1	3	4	4	1	3	1	6	5	4	1
OG_6499	3	5	2	3	0	2	2	2	15	12	0	3
OG_6500	1	1	1	1	0	1	1	1	1	1	0	3
OG_6501	2	3	4	4	0	2	9	2	3	1	0	0
OG_6502	4	8	0	1	0	0	0	0	8	0	0	0
OG_6503	1	1	1	0	1	1	1	1	4	6	1	1
OG_6504	1	1	1	1	1	1	1	2	2	1	2	1
OG_6505	1	1	1	1	1	1	1	1	2	3	1	2
OG_6506	1	1	3	1	0	1	2	3	3	6	0	5
OG_6507	2	1	2	1	0	1	2	1	2	3	0	0
OG_6508	7	2	0	5	4	0	1	0	6	0	37	3
OG_6509	2	1	1	1	1	1	1	1	1	2	0	0
OG_6510	1	1	1	1	5	1	1	1	4	3	0	4
OG_6511	0	0	0	0	0	0	0	0	9	7	0	0
OG_6512	1	1	1	1	1	1	1	1	2	1	1	1
OG_6513	1	1	1	1	2	1	1	1	1	2	1	0
OG_6514	0	1	7	2	7	1	1	1	3	3	1	1
OG_6515	1	3	1	1	0	1	1	1	2	2	3	0
OG_6516	2	2	7	3	1	2	2	3	4	4	1	4
OG_6517	1	1	2	1	2	1	1	1	1	1	1	22
OG_6518	3	0	1	2	0	4	3	2	1	1	0	0
OG_6519	1	1	1	1	2	1	3	1	2	2	1	1
OG_6520	1	1	1	1	1	1	1	2	3	2	3	1
OG_6521	10	8	16	16	11	6	13	11	20	23	3	1
OG_6522	1	3	1	1	1	1	2	1	3	1	1	9
OG_6523	1	0	0	0	0	1	2	1	3	0	0	0
OG_6524	1	1	1	1	0	1	1	1	1	1	0	1
OG_6525	0	0	0	0	0	0	0	0	20	5	0	0
OG_6526	1	1	2	2	0	2	3	1	7	0	0	0
OG_6527	2	0	1	1	0	1	2	1	3	0	0	0
OG_6528	1	1	1	1	1	1	1	1	4	1	0	1
OG_6529	2	1	3	1	1	1	1	1	2	1	1	1
OG_6530	1	0	1	1	0	1	1	1	14	14	0	0
OG_6531	1	1	1	1	0	1	1	1	6	3	0	0
OG_6532	1	2	5	1	4	1	3	1	3	1	5	2
OG_6533	2	0	2	5	1	2	2	2	4	1	2	7
OG_6534	1	1	2	1	2	1	1	1	1	1	3	3
OG_6535	3	1	1	1	0	1	0	1	3	2	0	0
OG_6536	1	3	2	1	0	2	1	2	1	1	0	1
OG_6537	1	1	2	0	0	1	1	1	5	0	0	1
OG_6538	3	3	0	4	1	3	1	2	1	1	0	0
OG_6539	1	0	0	1	0	3	1	3	6	6	0	0
OG_6540	1	3	2	1	1	1	1	1	2	2	9	1
OG_6541	0	0	0	0	0	0	0	0	8	17	1	0
OG_6542	1	1	2	1	1	1	3	2	2	1	1	1
OG_6543	1	1	1	1	1	2	1	1	2	1	2	11
OG_6544	2	1	6	2	3	2	4	2	19	14	1	2
OG_6545	1	1	1	1	0	1	1	1	1	1	1	0
OG_6546	0	0	0	0	0	0	0	0	11	0	0	1
OG_6547	1	1	1	1	1	1	1	1	3	5	1	3
OG_6548	1	1	1	1	1	1	1	1	4	6	3	1
OG_6549	1	1	4	1	1	1	1	2	2	3	2	1
OG_6550	1	0	0	1	0	1	2	1	2	2	0	0
OG_6551	11	17	11	11	4	4	7	10	14	14	6	1
OG_6552	2	4	4	2	2	2	3	2	7	4	4	1
OG_6553	3	6	2	1	1	1	1	1	1	2	1	1
OG_6554	1	1	1	1	1	1	2	3	5	5	0	8
OG_6555	12	0	4	0	0	5	7	5	12	3	0	0
OG_6556	1	1	2	1	2	1	2	2	2	1	0	1
OG_6557	1	0	1	1	0	1	1	1	1	4	0	0
OG_6558	1	1	1	3	4	1	1	2	4	1	1	2
OG_6559	0	0	0	0	0	0	0	0	4	1	0	0
OG_6560	5	2	6	4	3	6	6	5	3	9	0	0
OG_6561	0	0	0	0	0	0	0	0	7	1	0	0
OG_6562	1	1	2	1	1	1	2	1	2	1	2	1
OG_6563	1	1	1	1	0	1	1	1	3	3	0	1
OG_6564	3	1	2	1	2	1	0	2	9	1	0	1
OG_6565	1	1	1	1	3	1	1	2	1	1	0	1
OG_6566	0	0	0	0	0	0	0	0	6	4	0	0
OG_6567	1	0	1	1	2	2	1	1	3	1	1	0
OG_6568	2	2	1	1	1	1	1	1	1	4	0	0
OG_6569	1	1	1	1	0	1	1	5	1	1	0	0
OG_6570	0	0	0	0	16	0	0	0	8	0	22	2
OG_6571	1	1	1	1	0	1	1	1	1	3	1	1
OG_6572	3	2	5	4	2	3	3	3	5	5	2	22
OG_6573	3	1	1	1	2	1	3	1	2	1	3	0
OG_6574	0	0	0	0	0	0	0	0	1	0	5	0
OG_6575	1	1	2	1	4	1	2	1	1	0	1	0
OG_6576	4	3	2	8	0	2	3	0	10	0	0	1
OG_6577	1	1	2	1	1	1	1	1	2	2	0	1
OG_6578	3	0	0	0	0	1	1	1	7	0	0	0
OG_6579	0	1	1	1	0	1	2	1	1	1	0	0
OG_6580	0	1	3	1	0	1	2	2	1	2	1	1
OG_6581	0	1	0	0	0	0	3	0	1	0	0	1
OG_6582	1	1	2	1	2	1	1	1	8	1	2	1
OG_6583	1	1	0	1	0	1	1	1	2	2	0	0
OG_6584	3	3	0	1	0	0	1	0	4	0	0	0
OG_6585	2	1	2	1	0	1	1	2	3	1	0	11
OG_6586	0	1	1	1	1	1	1	2	1	1	0	1
OG_6587	1	0	0	1	0	3	2	2	2	1	0	0
OG_6588	1	0	0	1	0	0	0	0	3	0	0	0
OG_6589	0	5	3	0	0	3	0	0	4	0	0	0
OG_6590	2	1	2	2	0	4	3	5	3	0	0	0
OG_6591	1	1	4	1	1	1	1	3	3	1	2	2
OG_6592	1	1	2	1	1	1	1	1	3	1	1	1
OG_6593	1	1	2	1	3	1	3	0	3	2	0	0
OG_6594	0	0	0	0	2	0	0	0	9	1	0	0
OG_6595	0	1	3	7	0	1	0	4	1	8	0	0
OG_6596	0	1	0	0	0	0	0	0	2	2	0	0
OG_6597	1	1	1	1	5	1	1	1	2	2	1	8
OG_6598	1	2	1	2	0	3	3	0	5	1	0	0
OG_6599	1	2	5	3	0	1	1	2	2	0	2	0
OG_6600	3	1	1	3	0	1	2	1	7	0	0	0
OG_6601	2	2	1	2	0	2	3	1	4	5	0	0
OG_6602	1	1	0	1	4	0	1	0	1	3	2	0
OG_6603	0	0	0	0	0	0	0	0	2	2	0	0
OG_6604	1	1	4	1	0	1	1	1	1	1	0	1
OG_6605	1	1	1	1	0	1	1	2	3	1	0	0
OG_6606	0	1	0	4	6	0	0	0	7	0	0	0
OG_6607	0	0	0	0	5	0	0	0	22	12	0	0
OG_6608	1	0	3	0	3	1	2	1	7	4	0	0
OG_6609	3	2	3	2	1	2	3	6	2	3	1	2
OG_6610	1	1	2	1	0	1	1	1	1	1	0	0
OG_6611	0	0	0	0	0	0	0	0	2	0	0	2
OG_6612	2	1	1	2	2	1	1	1	4	1	1	1
OG_6613	1	1	1	1	1	1	1	2	2	2	2	1
OG_6614	1	3	2	1	0	1	1	1	2	2	0	1
OG_6615	1	3	0	2	0	0	0	0	12	2	0	0
OG_6616	1	1	1	1	0	1	1	2	2	1	0	1
OG_6617	1	1	1	1	0	1	1	1	3	2	0	1
OG_6618	4	1	1	4	0	4	2	1	5	2	0	0
OG_6619	3	1	5	1	2	7	3	2	27	1	0	35
OG_6620	1	1	1	2	1	1	1	1	3	3	1	7
OG_6621	1	2	1	1	0	1	1	1	1	1	0	0
OG_6622	2	1	1	1	1	1	1	1	5	4	1	1
OG_6623	0	1	0	1	1	1	1	0	1	1	0	1
OG_6624	1	1	1	1	1	1	1	1	1	1	1	0
OG_6625	1	1	1	1	1	1	1	1	3	1	2	1
OG_6626	2	2	1	1	1	1	3	2	2	1	1	1
OG_6627	1	1	1	0	1	1	1	1	6	2	3	1
OG_6628	0	21	1	2	11	14	3	1	27	3	5	0
OG_6629	0	0	0	0	0	0	0	0	2	10	0	0
OG_6630	1	1	1	1	1	1	1	1	3	2	3	2
OG_6631	1	1	1	1	0	1	1	1	8	1	0	1
OG_6632	1	1	4	1	0	1	1	3	2	1	0	3
OG_6633	1	1	1	1	0	1	1	1	9	9	0	2
OG_6634	1	1	3	1	0	1	1	1	1	1	0	1
OG_6635	1	6	0	3	0	2	2	0	5	0	0	0
OG_6636	1	1	2	2	0	1	3	1	1	2	0	0
OG_6637	4	1	4	7	0	2	3	1	9	5	0	1
OG_6638	1	1	1	1	1	1	1	1	5	1	2	1
OG_6639	1	1	1	1	1	1	1	1	3	1	2	1
OG_6640	2	1	1	1	2	1	1	1	5	3	1	3
OG_6641	1	1	2	3	1	1	1	1	2	1	1	1
OG_6642	1	1	3	1	2	1	1	3	3	2	0	1
OG_6643	2	1	1	1	2	1	1	2	3	1	3	1
OG_6644	0	1	2	2	0	1	1	3	1	2	0	19
OG_6645	0	1	1	2	0	1	1	1	1	1	0	0
OG_6646	0	0	0	0	4	0	0	0	2	0	1	0
OG_6647	1	1	1	1	1	1	1	1	1	3	2	4
OG_6648	0	1	1	1	1	1	1	1	9	4	0	0
OG_6649	4	19	7	6	0	0	1	1	4	2	0	0
OG_6650	1	0	0	1	0	1	1	0	1	2	0	0
OG_6651	1	4	3	1	0	2	1	0	5	0	2	0
OG_6652	2	1	4	2	0	2	2	2	1	3	0	1
OG_6653	3	1	1	6	0	1	0	0	1	0	0	0
OG_6654	1	1	1	1	0	1	3	1	3	2	0	0
OG_6655	1	1	1	1	0	1	1	1	1	0	1	0
OG_6656	4	9	2	2	0	5	1	3	3	1	0	2
OG_6657	4	1	4	1	2	4	2	5	4	4	2	1
OG_6658	2	1	2	4	0	2	2	2	3	0	0	2
OG_6659	1	0	1	3	0	1	0	2	2	0	0	0
OG_6660	0	1	1	1	1	1	1	1	2	1	1	1
OG_6661	1	1	5	3	3	1	2	1	4	7	4	0
OG_6662	3	2	0	4	0	0	2	0	7	0	0	2
OG_6663	3	3	3	2	2	4	5	3	4	1	16	2
OG_6664	1	1	1	1	1	1	1	1	2	4	1	4
OG_6665	5	3	4	6	9	4	8	4	6	5	9	1
OG_6666	2	2	1	3	3	3	3	1	2	1	1	4
OG_6667	0	13	0	2	0	0	4	0	2	1	0	0
OG_6668	7	1	6	3	9	5	6	5	4	5	2	0
OG_6669	1	1	1	1	1	1	1	1	2	1	0	0
OG_6670	2	3	2	1	4	2	2	2	6	3	6	1
OG_6671	1	1	1	1	2	1	1	1	2	1	1	7
OG_6672	2	1	2	1	0	1	1	1	1	1	0	1
OG_6673	1	1	0	1	2	0	1	0	1	2	1	0
OG_6674	1	1	1	1	1	1	1	1	1	3	4	1
OG_6675	1	1	1	1	0	1	1	1	7	8	0	1
OG_6676	0	1	1	1	6	1	2	2	1	5	3	1
OG_6677	2	1	2	1	0	1	2	1	0	2	0	0
OG_6678	0	0	0	0	0	0	0	0	4	5	0	2
OG_6679	2	1	1	3	8	1	3	2	1	4	2	10
OG_6680	2	1	1	1	4	0	2	1	2	1	2	10
OG_6681	1	1	4	1	0	2	1	2	1	1	0	0
OG_6682	1	1	3	1	0	4	1	3	1	1	0	0
OG_6683	0	0	0	0	0	0	0	0	4	12	2	0
OG_6684	5	5	4	5	2	6	1	6	10	11	2	0
OG_6685	1	1	5	1	3	1	2	1	2	5	0	0
OG_6686	4	3	2	2	0	2	4	1	4	4	0	0
OG_6687	1	2	3	1	1	1	1	3	0	1	0	2
OG_6688	2	1	10	1	2	4	2	5	2	1	0	4
OG_6689	3	5	3	1	2	1	3	2	1	2	3	1
OG_6690	1	1	1	0	0	1	1	3	2	1	0	0
OG_6691	1	1	1	1	0	1	1	1	1	2	0	0
OG_6692	1	1	1	1	9	2	1	1	2	2	2	0
OG_6693	15	3	0	5	0	0	1	0	0	3	1	2
OG_6694	0	1	0	5	0	1	0	0	0	3	0	0
OG_6695	1	0	0	1	0	1	0	1	0	1	0	0
OG_6696	1	1	1	1	0	1	1	1	0	2	3	0
OG_6697	2	0	3	0	0	5	3	3	2	7	0	1
OG_6698	2	1	1	1	0	1	1	1	4	3	0	0
OG_6699	1	1	1	1	0	1	1	2	0	1	0	0
OG_6700	1	1	1	1	0	1	1	1	0	1	0	0
OG_6701	1	1	1	1	2	1	1	1	2	1	0	0
OG_6702	1	1	2	1	0	2	2	1	0	2	0	1
OG_6703	1	1	1	1	5	1	1	1	1	1	1	2
OG_6704	1	1	1	1	5	1	0	1	1	2	0	2
OG_6705	1	1	10	1	1	1	1	7	2	12	0	1
OG_6706	2	1	3	1	3	2	2	1	4	4	4	1
OG_6707	7	9	6	6	0	7	7	8	4	10	0	0
OG_6708	1	1	1	2	0	1	1	1	1	1	0	1
OG_6709	3	3	6	3	3	1	4	5	3	6	8	0
OG_6710	0	2	2	1	0	4	1	1	1	9	0	0
OG_6711	1	0	0	0	0	2	1	3	0	6	0	0
OG_6712	2	1	1	1	0	1	1	1	0	1	0	0
OG_6713	0	0	0	0	4	0	0	0	4	3	8	0
OG_6714	1	1	1	1	3	1	1	1	2	9	3	1
OG_6715	1	1	1	1	0	1	1	3	4	10	0	0
OG_6716	2	1	1	1	0	1	1	1	0	2	0	0
OG_6717	2	2	2	1	4	1	2	1	1	5	1	0
OG_6718	0	1	0	4	0	0	0	0	0	0	0	0
OG_6719	1	1	1	1	0	1	1	1	2	5	0	1
OG_6720	27	16	24	5	0	16	5	5	9	15	3	2
OG_6721	1	0	1	1	0	1	1	1	1	2	0	1
OG_6722	3	16	10	9	0	5	7	7	6	22	0	2
OG_6723	2	1	3	1	2	3	1	1	6	8	2	2
OG_6724	2	10	0	2	0	0	0	0	0	1	0	0
OG_6725	1	0	1	1	0	1	1	1	0	2	0	0
OG_6726	1	1	2	1	0	1	1	1	1	1	0	1
OG_6727	2	0	0	0	0	0	0	0	0	4	0	0
OG_6728	1	1	0	1	0	1	1	1	1	1	0	0
OG_6729	0	0	0	0	0	0	0	0	0	1	0	4
OG_6730	0	1	1	1	1	1	1	1	2	1	0	1
OG_6731	2	0	0	3	0	1	1	1	3	1	0	0
OG_6732	1	1	1	1	2	1	1	1	1	1	2	1
OG_6733	9	5	18	8	0	3	8	15	3	12	0	0
OG_6734	1	1	1	1	0	1	1	1	1	1	0	0
OG_6735	4	2	3	2	3	2	3	4	7	7	2	6
OG_6736	0	0	0	0	0	0	0	0	1	2	0	0
OG_6737	1	2	10	2	12	19	3	0	2	16	0	11
OG_6738	0	0	0	0	0	0	0	0	1	10	0	0
OG_6739	2	1	1	1	0	1	1	1	1	1	0	1
OG_6740	1	0	1	1	1	1	1	1	1	2	3	5
OG_6741	2	1	1	3	0	1	1	1	1	1	1	0
OG_6742	1	1	2	2	1	2	2	0	1	16	8	2
OG_6743	1	1	1	1	0	1	1	1	1	2	1	1
OG_6744	1	1	1	1	0	2	1	1	1	2	0	0
OG_6745	3	0	8	0	0	0	2	3	0	6	0	0
OG_6746	0	1	3	0	0	1	1	3	1	1	0	0
OG_6747	1	1	1	1	1	1	1	1	2	2	0	0
OG_6748	1	1	1	1	3	1	1	1	1	1	2	12
OG_6749	0	0	0	0	0	0	0	0	3	1	0	0
OG_6750	12	11	12	18	22	12	14	12	14	16	22	6
OG_6751	1	1	1	1	0	1	0	2	2	1	0	0
OG_6752	1	0	0	0	0	0	2	1	0	1	0	0
OG_6753	1	1	2	1	0	3	2	2	1	6	1	0
OG_6754	9	0	3	0	1	9	5	4	5	13	9	0
OG_6755	0	0	0	1	0	0	0	0	0	5	0	0
OG_6756	2	3	1	2	4	2	2	2	2	1	4	9
OG_6757	2	0	2	0	28	1	1	1	2	4	10	1
OG_6758	1	1	2	4	3	1	1	1	2	3	1	2
OG_6759	1	1	2	3	2	1	3	1	1	3	1	2
OG_6760	1	0	1	1	0	1	0	1	1	2	0	1
OG_6761	2	1	2	1	0	1	2	2	1	1	0	0
OG_6762	2	3	1	2	0	2	1	2	3	2	0	1
OG_6763	1	1	1	2	2	1	1	1	1	3	2	1
OG_6764	1	1	1	1	0	1	1	2	1	4	0	0
OG_6765	1	2	3	2	0	1	2	1	0	1	0	0
OG_6766	1	1	2	1	0	1	1	0	0	0	1	0
OG_6767	1	1	1	1	4	1	1	1	1	1	17	1
OG_6768	0	0	0	0	9	0	0	0	0	0	9	0
OG_6769	1	0	1	1	1	1	2	1	1	1	2	0
OG_6770	1	0	2	1	6	1	1	5	1	3	2	0
OG_6771	1	1	3	2	1	1	1	1	1	6	5	4
OG_6772	10	33	2	19	0	8	0	2	18	12	89	0
OG_6773	1	2	1	1	5	1	1	1	1	1	8	8
OG_6774	0	4	0	4	4	0	0	0	1	0	16	0
OG_6775	0	0	0	0	0	0	0	0	0	0	19	4
OG_6776	0	12	2	1	0	0	0	1	3	2	5	0
OG_6777	0	1	0	0	0	0	0	0	0	0	2	0
OG_6778	0	0	0	0	1	0	0	0	0	0	5	0
OG_6779	0	16	0	4	17	10	1	1	2	4	28	0
OG_6780	0	0	2	2	0	2	0	0	8	0	39	2
OG_6781	1	1	4	1	1	1	1	6	2	7	2	1
OG_6782	2	0	1	1	0	1	1	1	0	0	2	0
OG_6783	0	0	0	0	1	0	0	0	0	0	36	0
OG_6784	1	1	1	1	1	1	1	1	1	1	2	2
OG_6785	0	0	0	0	0	0	0	0	0	0	29	15
OG_6786	4	3	3	2	0	6	2	3	7	3	1	0
OG_6787	0	0	0	0	6	0	0	0	0	0	5	0
OG_6788	0	6	0	0	0	0	0	0	0	0	13	25
OG_6789	0	0	0	0	8	0	0	0	0	0	31	0
OG_6790	2	23	0	0	3	10	2	0	0	0	26	27
OG_6791	1	1	1	1	1	1	1	1	4	2	2	1
OG_6792	0	5	0	6	0	0	0	0	0	2	52	0
OG_6793	1	1	1	1	1	1	2	1	1	1	2	5
OG_6794	0	0	0	0	12	0	0	0	0	0	13	0
OG_6795	1	1	1	1	5	1	1	1	2	2	30	1
OG_6796	1	2	1	1	6	3	1	3	1	7	4	1
OG_6797	0	0	0	0	0	0	1	0	0	0	4	0
OG_6798	4	1	0	1	0	0	1	0	2	1	10	0
OG_6799	0	0	0	0	2	0	0	0	0	0	10	0
OG_6800	2	3	2	2	3	2	2	2	2	9	19	0
OG_6801	0	0	0	0	0	0	0	0	0	0	4	1
OG_6802	1	1	6	1	0	5	1	4	1	1	2	11
OG_6803	1	1	1	1	2	1	1	1	1	1	2	6
OG_6804	1	1	1	1	2	1	1	2	1	1	2	1
OG_6805	0	0	0	0	0	0	0	0	0	0	11	1
OG_6806	0	0	0	0	1	0	0	0	0	0	4	0
OG_6807	1	1	1	1	1	1	1	1	1	1	2	1
OG_6808	2	1	2	1	0	2	1	4	1	0	8	0
OG_6809	1	1	1	4	1	1	1	1	3	4	6	0
OG_6810	2	6	1	1	12	1	1	2	2	3	6	5
OG_6811	4	1	1	1	1	1	1	1	1	0	1	0
OG_6812	1	1	1	1	0	1	1	4	2	0	6	3
OG_6813	1	1	1	1	1	1	2	1	1	1	1	2
OG_6814	0	0	0	0	0	0	0	0	1	0	16	0
OG_6815	0	0	0	0	2	0	0	0	0	0	11	1
OG_6816	4	1	2	1	5	1	1	1	1	1	7	2
OG_6817	0	0	0	0	19	0	0	0	0	0	19	0
OG_6818	0	1	0	0	0	0	0	0	0	0	7	0
OG_6819	0	0	0	0	2	0	0	0	0	0	14	0
OG_6820	1	1	1	1	9	1	2	1	1	1	68	2
OG_6821	1	2	2	2	1	2	1	1	1	2	1	1
OG_6822	1	2	3	1	2	1	2	2	2	3	9	4
OG_6823	2	4	2	3	1	4	3	2	2	2	1	0
OG_6824	0	0	0	0	0	0	0	0	0	0	4	5
OG_6825	1	3	4	1	12	1	2	1	1	1	11	0
OG_6826	0	1	0	0	0	0	0	0	0	0	12	0
OG_6827	1	1	2	1	0	2	2	1	1	1	11	0
OG_6828	0	0	0	0	0	0	0	0	1	0	9	0
OG_6829	0	0	0	0	1	0	0	0	0	0	5	0
OG_6830	2	0	0	1	0	0	0	0	0	0	10	0
OG_6831	0	0	0	0	7	0	0	0	0	0	5	0
OG_6832	1	1	1	1	12	1	1	1	2	1	20	12
OG_6833	7	18	1	22	3	3	0	0	10	1	80	5
OG_6834	1	1	1	1	1	1	1	1	1	1	2	5
OG_6835	2	1	1	1	4	1	2	2	2	3	1	1
OG_6836	2	0	0	0	0	0	0	0	0	0	14	0
OG_6837	0	0	0	0	0	0	0	0	0	0	6	1
OG_6838	0	0	0	0	4	0	0	0	0	0	7	0
OG_6839	1	1	3	1	0	1	1	1	3	1	0	0
OG_6840	0	0	0	0	1	0	0	0	0	0	15	0
OG_6841	0	0	0	0	1	0	0	0	0	0	7	0
OG_6842	2	2	2	2	5	1	2	1	1	5	13	2
OG_6843	0	0	0	0	9	0	0	0	0	0	10	0
OG_6844	1	1	2	1	8	1	1	1	1	2	12	0
OG_6845	0	0	0	0	1	0	0	0	0	0	13	0
OG_6846	4	1	1	1	3	1	2	1	1	0	2	0
OG_6847	2	1	1	2	2	1	1	1	1	2	7	0
OG_6848	1	1	3	1	3	1	1	5	3	7	3	2
OG_6849	1	1	3	1	1	1	1	1	1	1	2	0
OG_6850	24	10	1	3	0	12	2	0	0	1	15	9
OG_6851	1	1	1	1	3	1	1	1	1	1	2	0
OG_6852	1	1	1	2	1	1	1	1	1	0	10	1
OG_6853	0	6	2	1	0	0	0	0	1	1	12	15
OG_6854	2	1	1	1	3	1	4	1	2	1	3	45
OG_6855	0	0	1	0	0	1	0	0	0	0	1	1
OG_6856	1	1	1	1	1	1	0	0	0	1	2	1
OG_6857	5	1	2	2	10	0	1	0	0	0	64	15
OG_6858	13	1	2	1	2	1	1	1	2	1	5	2
OG_6859	0	0	0	0	0	0	0	0	0	0	13	10
OG_6860	1	1	1	1	2	1	1	1	1	0	1	1
OG_6861	1	1	7	1	4	1	5	5	2	2	21	1
OG_6862	1	1	2	1	0	1	6	1	3	1	2	1
OG_6863	2	0	0	1	2	1	2	0	2	2	11	1
OG_6864	1	0	0	0	17	0	0	0	0	0	15	0
OG_6865	0	0	0	0	0	0	0	0	0	0	22	1
OG_6866	11	16	0	2	0	3	2	0	0	0	4	0
OG_6867	2	2	2	2	1	2	4	2	1	2	1	0
OG_6868	1	1	1	1	1	1	1	1	1	1	2	1
OG_6869	1	1	2	1	4	1	1	1	3	1	12	1
OG_6870	2	0	0	0	0	0	0	0	0	0	8	1
OG_6871	0	0	0	0	1	0	0	0	0	0	20	0
OG_6872	1	1	1	1	0	1	1	1	0	0	2	1
OG_6873	1	27	2	23	0	8	0	0	0	0	2	4
OG_6874	2	5	1	2	0	1	3	1	3	4	8	1
OG_6875	2	0	0	0	0	0	0	0	0	0	14	0
OG_6876	3	5	0	0	0	0	0	0	0	0	0	0
OG_6877	0	0	0	0	0	0	0	0	0	0	18	8
OG_6878	13	2	13	7	8	8	3	8	7	8	7	2
OG_6879	0	0	0	0	5	0	0	0	0	0	1	0
OG_6880	1	1	1	1	1	1	1	1	1	2	2	2
OG_6881	0	0	0	0	3	0	0	0	0	0	5	0
OG_6882	1	1	1	1	1	1	1	1	1	4	2	1
OG_6883	1	1	1	1	2	1	1	1	1	1	2	1
OG_6884	3	1	1	1	12	1	0	1	4	2	8	0
OG_6885	2	1	1	3	13	3	3	0	2	1	35	8
OG_6886	0	0	0	0	2	0	0	0	0	0	21	13
OG_6887	1	1	1	2	1	1	1	1	1	5	1	1
OG_6888	2	8	2	1	1	1	2	1	2	1	3	23
OG_6889	0	0	0	0	9	0	0	0	0	0	16	0
OG_6890	1	1	1	2	0	1	1	1	0	0	1	0
OG_6891	0	0	0	0	10	0	0	0	0	0	19	0
OG_6892	1	0	1	1	1	1	1	1	1	1	3	1
OG_6893	0	0	0	0	0	1	0	0	0	0	17	0
OG_6894	0	0	0	0	0	0	0	0	0	0	10	1
OG_6895	0	0	0	0	0	0	0	0	0	0	8	2
OG_6896	1	1	1	1	1	1	1	1	1	2	2	28
OG_6897	4	34	6	13	2	4	0	2	7	0	42	17
OG_6898	0	0	0	0	0	0	0	0	0	0	22	1
OG_6899	1	1	1	1	1	1	1	1	3	3	3	3
OG_6900	6	1	8	7	0	2	1	8	1	1	2	0
OG_6901	0	0	0	0	8	0	0	0	0	0	8	0
OG_6902	1	1	1	1	2	1	1	2	3	1	3	0
OG_6903	0	0	0	0	0	0	0	0	0	0	6	10
OG_6904	2	1	2	4	1	4	3	1	1	2	19	1
OG_6905	1	1	2	1	7	1	2	2	1	1	1	1
OG_6906	1	1	1	1	1	1	1	1	2	3	4	1
OG_6907	0	0	0	0	2	0	0	0	0	0	9	0
OG_6908	3	1	1	6	1	3	1	1	1	1	1	1
OG_6909	1	2	1	2	2	2	8	1	3	3	3	1
OG_6910	1	1	1	1	0	1	1	1	1	1	1	0
OG_6911	1	3	1	1	1	1	1	1	1	1	1	1
OG_6912	0	0	0	0	0	0	0	0	0	0	3	1
OG_6913	3	2	10	3	7	1	2	3	3	1	7	2
OG_6914	1	1	2	1	2	1	1	2	2	1	3	3
OG_6915	1	2	1	1	3	1	2	2	3	2	2	0
OG_6916	1	1	1	1	2	1	1	1	2	1	2	0
OG_6917	1	1	1	1	1	1	1	1	1	1	3	8
OG_6918	1	1	1	2	1	1	1	1	1	1	2	1
OG_6919	1	1	3	1	1	1	1	3	2	3	1	0
OG_6920	0	0	0	0	0	0	0	0	0	0	9	1
OG_6921	0	0	0	0	4	0	0	0	0	0	6	0
OG_6922	1	1	3	2	1	1	1	1	2	1	3	1
OG_6923	3	2	1	6	1	3	4	1	3	2	8	11
OG_6924	1	1	1	1	1	1	1	1	1	1	1	27
OG_6925	18	5	6	6	8	7	7	6	7	7	5	36
OG_6926	2	1	1	1	2	1	1	1	1	1	1	1
OG_6927	2	1	2	2	1	1	1	1	2	1	5	110
OG_6928	0	1	0	0	0	0	0	0	1	0	0	41
OG_6929	1	0	0	1	0	1	1	1	0	0	0	1
OG_6930	2	1	1	2	6	1	1	1	1	2	0	20
OG_6931	0	9	2	1	0	4	5	1	1	0	0	12
OG_6932	1	1	0	0	22	0	0	0	2	0	26	61
OG_6933	0	1	1	1	0	1	1	1	1	1	0	2
OG_6934	1	1	1	1	1	1	1	1	1	1	1	1
OG_6935	0	8	0	1	0	6	3	0	0	0	0	19
OG_6936	1	0	0	1	0	1	0	0	0	2	0	4
OG_6937	0	10	0	1	0	0	0	0	0	0	0	13
OG_6938	6	0	1	3	1	0	17	0	0	0	0	7
OG_6939	2	1	1	1	2	0	1	1	1	1	1	8
OG_6940	1	2	1	2	3	1	1	1	3	1	0	1
OG_6941	2	1	1	1	2	1	1	3	1	1	1	3
OG_6942	3	1	7	1	4	1	2	1	5	14	3	1
OG_6943	0	1	1	1	1	1	2	1	1	2	3	1
OG_6944	1	0	2	1	4	1	1	1	0	0	2	1
OG_6945	1	2	1	1	3	1	1	1	1	2	1	1
OG_6946	1	6	1	1	1	1	1	1	1	1	1	1
OG_6947	1	1	1	1	1	1	3	2	1	1	1	12
OG_6948	1	1	4	1	0	2	2	1	1	1	0	19
OG_6949	1	1	3	1	3	1	1	3	2	2	0	5
OG_6950	4	1	1	2	9	1	3	1	1	1	0	9
OG_6951	2	2	1	5	2	1	2	2	1	1	4	30
OG_6952	4	4	0	11	0	3	3	1	0	0	0	40
OG_6953	1	0	1	1	0	3	3	1	0	0	0	10
OG_6954	1	20	6	3	0	10	4	1	0	0	0	4
OG_6955	2	3	0	2	0	0	1	0	1	0	1	19
OG_6956	0	1	1	1	5	1	1	2	2	4	1	18
OG_6957	3	0	0	0	0	0	0	0	0	0	0	8
OG_6958	1	2	1	2	2	1	1	1	1	1	0	29
OG_6959	0	0	0	2	0	0	0	0	2	0	0	22
OG_6960	1	1	1	1	1	1	1	2	1	1	1	45
OG_6961	1	1	1	1	1	1	1	1	1	3	1	57
OG_6962	1	1	1	1	1	1	1	1	1	1	2	27
OG_6963	1	0	1	0	0	1	1	1	0	0	0	0
OG_6964	1	1	1	1	2	1	1	1	1	1	0	1
OG_6965	2	1	1	4	1	1	3	1	3	1	1	1
OG_6966	1	3	1	1	0	1	1	1	1	2	0	9
OG_6967	0	0	0	0	0	0	0	0	1	0	0	6
OG_6968	2	17	0	4	0	0	0	0	0	0	0	15
OG_6969	0	11	2	7	0	1	3	0	3	2	0	72
OG_6970	1	2	1	1	1	1	1	1	0	1	0	10
OG_6971	1	1	2	1	1	1	1	2	1	1	1	41
OG_6972	1	1	3	1	6	1	1	1	3	1	2	51
OG_6973	0	0	0	0	0	0	1	0	0	0	0	8
OG_6974	1	1	1	1	1	1	1	1	1	1	1	12
OG_6975	0	0	0	0	0	0	0	0	0	0	12	14
OG_6976	5	5	10	7	1	8	5	3	3	1	4	3
OG_6977	1	1	1	1	2	1	1	1	1	1	1	54
OG_6978	3	3	2	2	0	2	2	3	2	7	0	5
OG_6979	2	2	2	2	7	2	2	2	3	1	1	1
OG_6980	2	1	2	1	3	1	1	6	2	4	2	2
OG_6981	1	1	1	1	0	0	1	1	1	2	0	1
OG_6982	1	1	1	1	0	1	1	1	1	1	0	1
OG_6983	2	1	2	1	0	1	1	2	1	1	0	1
OG_6984	1	2	1	1	0	3	1	1	2	1	0	1
OG_6985	1	1	0	1	1	1	1	0	0	0	1	1
OG_6986	0	1	1	1	1	1	1	1	1	1	2	1
OG_6987	0	0	0	0	0	0	0	0	3	0	0	7
OG_6988	1	1	1	2	1	1	1	1	1	1	1	23
OG_6989	1	1	1	1	0	1	2	1	1	1	5	3
OG_6990	0	0	0	0	1	0	0	0	0	0	3	13
OG_6991	2	0	0	2	0	0	0	0	0	0	1	9
OG_6992	1	1	1	1	5	1	3	3	2	1	0	1
OG_6993	1	1	1	1	1	1	1	1	0	3	1	1
OG_6994	1	1	2	1	2	1	1	1	1	5	0	1
OG_6995	2	3	2	2	2	2	4	2	4	4	21	17
OG_6996	0	0	0	0	0	0	0	0	2	5	1	3
OG_6997	2	4	1	1	0	2	1	3	2	3	0	3
OG_6998	7	13	4	8	2	5	7	6	6	5	0	8
OG_6999	2	1	1	1	0	1	1	1	0	1	0	1
OG_7000	1	2	1	1	0	1	1	1	1	6	0	1
OG_7001	1	1	2	1	0	1	1	1	2	1	0	1
OG_7002	2	1	1	2	0	1	0	1	1	0	0	2
OG_7003	1	1	2	1	1	1	1	1	1	1	0	8
OG_7004	0	10	0	1	0	0	1	0	0	0	0	40
OG_7005	1	1	1	1	1	1	1	1	3	3	1	16
OG_7006	4	3	1	1	1	1	3	1	1	2	1	2
OG_7007	4	3	2	6	0	3	2	1	0	1	2	29
OG_7008	3	0	5	18	0	4	0	1	1	0	2	22
OG_7009	1	1	2	1	0	1	2	1	1	0	0	4
OG_7010	0	0	0	1	0	0	0	0	0	0	0	5
OG_7011	1	1	1	1	1	1	1	1	3	1	2	2
OG_7012	5	3	3	3	3	3	3	2	4	2	5	3
OG_7013	1	1	3	1	4	1	1	0	1	3	1	64
OG_7014	2	1	1	1	4	1	1	2	2	1	3	17
OG_7015	1	0	1	1	2	1	1	1	0	0	0	2
OG_7016	0	1	0	0	0	0	0	0	0	0	0	8
OG_7017	2	1	4	3	15	1	1	2	2	3	7	28
OG_7018	0	0	0	0	1	0	0	0	0	0	0	7
OG_7019	2	1	1	1	4	1	1	1	3	4	1	24
OG_7020	1	1	1	1	2	1	1	1	1	1	1	1
OG_7021	1	1	2	1	0	1	1	1	3	5	0	7
OG_7022	2	1	2	1	2	3	2	3	1	5	1	1
OG_7023	1	1	1	1	1	1	1	1	1	1	1	1
OG_7024	0	5	0	1	0	0	0	0	2	0	0	19
OG_7025	1	1	2	1	1	1	2	1	1	1	4	7
OG_7026	2	2	8	2	3	2	2	10	2	4	0	1
OG_7027	2	1	1	1	1	1	1	1	1	1	1	2
OG_7028	2	3	0	1	2	1	2	1	1	1	2	3
OG_7029	1	1	1	1	2	1	1	1	1	1	2	4
OG_7030	0	0	0	0	0	0	0	0	2	0	0	2
OG_7031	2	0	3	1	0	1	2	1	1	5	0	3
OG_7032	1	1	1	1	0	3	1	1	0	0	3	4
OG_7033	1	1	1	1	1	1	2	2	1	1	1	10
OG_7034	2	7	1	8	0	1	2	1	0	0	0	8
OG_7035	1	1	2	1	2	1	1	2	1	2	2	19
OG_7036	5	3	24	5	0	23	0	2	20	0	3	51
OG_7037	2	2	14	8	0	3	3	3	1	1	0	4
OG_7038	10	1	0	0	0	1	1	0	0	0	0	9
OG_7039	16	18	9	25	2	9	11	8	4	5	3	17
OG_7040	10	3	7	1	0	18	7	7	2	1	0	11
OG_7041	5	26	12	8	2	0	6	1	10	8	0	52
OG_7042	1	1	5	4	0	0	4	0	0	0	0	30
OG_7043	1	1	0	0	0	3	0	0	0	0	0	2
OG_7044	1	1	1	1	1	1	1	1	2	2	1	14
OG_7045	1	1	1	1	1	1	1	1	1	1	1	5
OG_7046	2	18	2	3	0	2	1	1	1	1	0	11
OG_7047	1	1	1	1	1	2	2	1	1	2	1	22
OG_7048	3	20	2	3	0	10	6	0	7	0	0	23
OG_7049	2	2	2	2	1	2	2	2	4	10	1	20
OG_7050	0	0	0	0	0	0	0	0	1	0	0	4
OG_7051	8	3	6	9	0	5	4	2	2	7	0	42
OG_7052	1	1	1	1	8	1	1	1	2	5	2	8
OG_7053	0	0	0	0	0	0	0	0	0	1	1	7
OG_7054	27	6	24	17	0	9	13	7	5	0	0	2
OG_7055	2	1	1	2	1	1	1	1	2	0	1	1
OG_7056	2	9	2	4	0	0	0	2	4	0	0	5
OG_7057	0	1	0	0	0	0	0	0	0	0	5	9
OG_7058	1	1	3	1	2	1	1	0	0	0	0	4
OG_7059	0	9	0	4	0	7	2	1	2	0	0	2
OG_7060	7	12	2	10	1	1	9	1	1	1	1	1
OG_7061	8	2	11	5	1	9	3	11	2	2	1	2
OG_7062	9	3	3	11	1	4	9	7	0	0	1	4
OG_7063	8	7	10	8	4	7	7	4	4	8	2	3
OG_7064	2	8	12	6	0	11	4	5	4	1	0	0
OG_7065	14	22	2	3	5	5	3	1	7	0	12	0
OG_7066	12	14	11	13	6	10	12	12	8	19	12	3
OG_7067	5	2	16	3	0	9	3	4	1	0	0	0
OG_7068	16	5	19	13	2	10	13	12	4	3	10	3
OG_7069	3	2	10	3	0	6	2	4	2	0	0	0
OG_7070	4	2	10	4	0	3	19	11	1	1	0	0
OG_7071	6	5	6	16	0	0	8	4	2	4	0	0
OG_7072	6	8	8	6	5	18	9	5	4	11	0	9
OG_7073	4	2	4	4	0	4	4	4	1	0	0	1
OG_7074	4	2	6	3	0	7	3	2	2	3	0	0
OG_7075	3	0	12	4	0	14	7	11	4	8	0	1
OG_7076	2	3	3	4	0	5	4	2	1	1	0	16
OG_7077	10	3	7	8	5	11	9	11	13	5	0	3
OG_7078	1	13	2	4	0	8	5	1	8	0	7	0
OG_7079	3	5	1	18	0	4	1	0	3	3	0	0
OG_7080	1	18	1	13	0	9	1	0	5	3	0	2
OG_7081	1	2	4	4	1	1	1	1	1	11	4	1
OG_7082	5	2	1	2	0	2	0	4	0	0	0	0
OG_7083	3	2	2	2	1	2	2	2	2	2	2	2
OG_7084	3	1	2	2	1	2	2	3	1	6	1	3
OG_7085	1	1	2	1	1	2	1	1	2	4	3	12
OG_7086	2	2	4	2	2	2	2	2	2	2	3	10
OG_7087	2	10	6	4	2	8	3	3	0	1	0	1
OG_7088	2	2	6	2	6	2	2	3	1	3	0	2
OG_7089	2	3	7	2	1	2	2	7	1	1	1	1
OG_7090	6	5	1	4	0	3	3	1	4	2	0	6
OG_7091	3	6	1	2	0	1	4	1	0	1	0	0
OG_7092	3	40	0	18	0	6	4	3	0	1	0	0
OG_7093	14	7	10	5	13	10	5	3	2	0	8	10
OG_7094	8	3	4	6	1	4	7	3	6	5	2	0
OG_7095	4	4	3	9	1	3	3	3	1	3	1	1
OG_7096	6	6	9	6	8	7	6	8	2	2	1	1
OG_7097	1	31	1	13	0	7	1	3	6	0	0	0
OG_7098	7	4	7	8	1	7	5	5	4	3	6	5
OG_7099	3	7	7	10	6	6	4	5	4	16	6	4
OG_7100	9	1	1	4	5	3	2	2	0	0	0	0
OG_7101	6	5	1	6	2	3	10	2	5	13	6	1
OG_7102	8	14	40	7	1	7	13	6	2	12	0	4
OG_7103	8	16	5	9	0	6	13	6	6	7	1	1
OG_7104	7	9	2	6	0	1	12	1	2	0	0	0
OG_7105	5	1	1	6	0	2	2	2	0	0	0	0
OG_7106	2	3	0	3	0	0	0	0	1	0	0	1
OG_7107	6	3	1	8	3	1	1	1	0	0	0	0
OG_7108	2	2	2	2	6	3	4	3	0	3	1	2
OG_7109	1	1	1	4	3	1	1	1	3	4	2	1
OG_7110	2	1	2	1	1	2	2	1	1	2	1	1
OG_7111	1	14	1	1	1	1	0	1	1	2	1	1
OG_7112	4	2	2	3	0	3	1	1	0	0	0	1
OG_7113	2	6	0	5	0	1	0	0	2	1	0	0
OG_7114	3	1	1	1	0	1	4	2	1	4	2	0
OG_7115	1	2	1	1	1	1	1	1	3	3	1	1
OG_7116	1	8	2	4	6	0	0	0	2	0	0	0
OG_7117	1	2	8	6	0	1	3	1	1	0	0	1
OG_7118	3	1	2	1	2	1	7	2	3	2	3	2
OG_7119	13	0	1	4	0	2	2	2	3	0	0	0
OG_7120	7	3	3	6	0	2	2	1	1	0	0	0
OG_7121	6	0	0	2	0	2	0	5	0	0	0	0
OG_7122	2	1	2	2	0	1	2	1	2	3	0	0
OG_7123	4	9	2	1	1	1	15	1	3	3	0	0
OG_7124	9	5	4	19	0	0	3	1	1	0	0	0
OG_7125	4	4	2	3	0	9	1	2	0	0	0	0
OG_7126	7	1	4	8	0	3	4	4	16	2	0	2
OG_7127	1	3	1	1	0	1	1	1	1	4	0	1
OG_7128	1	2	1	1	1	1	1	1	1	7	4	1
OG_7129	3	2	1	1	0	2	1	2	1	0	1	3
OG_7130	1	1	1	1	1	1	1	4	2	2	0	13
OG_7131	1	1	1	1	2	1	1	1	2	1	2	3
OG_7132	1	2	1	3	2	1	2	4	2	1	2	1
OG_7133	7	21	0	4	24	0	6	0	2	0	0	0
OG_7134	14	17	8	20	3	7	12	8	7	12	0	2
OG_7135	18	8	8	7	1	6	5	9	4	2	0	0
OG_7136	8	1	2	2	1	1	3	1	1	2	8	11
OG_7137	10	7	16	7	5	7	8	7	7	32	1	1
OG_7138	5	1	1	3	3	2	7	2	2	5	3	1
OG_7139	3	6	20	2	0	3	14	6	3	1	0	3
OG_7140	18	6	4	18	6	1	11	6	3	2	11	2
OG_7141	12	8	2	14	3	8	6	2	2	0	1	0
OG_7142	2	2	2	2	3	2	2	2	2	2	1	5
OG_7143	2	2	5	3	0	1	1	3	1	4	0	0
OG_7144	1	5	2	1	10	1	1	1	1	4	2	1
OG_7145	4	5	0	1	0	0	7	0	5	1	0	0
OG_7146	0	7	6	4	0	2	1	1	4	11	0	0
OG_7147	4	8	0	2	0	0	2	0	0	0	0	0
OG_7148	2	2	3	2	0	2	1	2	0	0	0	0
OG_7149	2	6	0	8	0	0	2	0	0	0	0	0
OG_7150	1	1	1	1	1	23	1	1	1	5	1	2
OG_7151	1	1	2	8	1	1	1	1	1	1	2	3
OG_7152	1	1	1	1	1	1	1	1	4	1	1	0
OG_7153	1	27	3	18	0	8	1	1	0	0	0	0
OG_7154	3	4	6	2	0	3	2	4	0	1	0	0
OG_7155	0	7	0	10	0	12	2	0	1	0	0	0
OG_7156	7	6	7	6	1	6	7	6	4	3	1	1
OG_7157	13	10	2	5	0	4	3	3	0	0	0	0
OG_7158	11	0	0	10	0	0	4	0	0	0	0	0
OG_7159	1	1	3	1	2	1	1	1	2	1	1	2
OG_7160	1	1	1	2	2	1	2	1	1	1	1	1
OG_7161	1	1	1	1	1	1	3	2	1	4	2	2
OG_7162	1	1	1	1	1	2	2	1	1	4	2	0
OG_7163	3	1	8	3	1	3	3	2	4	7	2	0
OG_7164	1	2	1	1	1	1	1	1	1	4	1	0
OG_7165	1	0	2	1	2	1	2	1	1	2	1	0
OG_7166	1	2	2	1	0	1	1	2	1	2	1	0
OG_7167	0	1	1	1	5	3	1	1	1	1	1	1
OG_7168	1	1	0	17	0	9	1	2	1	0	0	0
OG_7169	4	7	2	9	0	5	3	1	0	3	0	0
OG_7170	1	1	6	1	6	1	1	1	1	1	3	0
OG_7171	1	1	1	1	1	1	1	1	1	1	1	1
OG_7172	1	1	1	2	2	1	2	2	1	1	1	1
OG_7173	1	1	1	2	1	6	2	1	3	2	3	4
OG_7174	1	2	1	2	0	1	1	1	1	3	0	0
OG_7175	1	2	2	1	1	4	2	1	1	1	1	1
OG_7176	2	1	1	1	1	1	1	1	2	1	1	4
OG_7177	10	8	4	8	0	8	4	0	0	0	0	0
OG_7178	1	2	1	1	5	1	2	1	2	4	2	0
OG_7179	2	1	3	2	0	3	2	4	3	10	0	0
OG_7180	7	5	4	13	10	5	6	6	5	5	7	4
OG_7181	3	6	0	8	0	2	16	0	3	0	0	0
OG_7182	10	0	3	4	1	0	1	0	10	2	0	0
OG_7183	5	6	3	5	0	4	2	1	0	0	1	0
OG_7184	4	0	6	1	0	4	3	4	0	0	0	0
OG_7185	1	6	0	7	28	3	1	0	12	0	0	9
OG_7186	8	3	6	5	4	4	6	4	0	0	7	0
OG_7187	3	2	8	5	3	3	5	6	6	3	3	2
OG_7188	2	1	1	6	0	1	3	1	2	0	0	0
OG_7189	10	5	14	8	2	8	3	6	3	7	0	22
OG_7190	1	4	6	3	0	4	1	2	2	0	0	1
OG_7191	3	1	0	3	8	1	2	1	9	1	3	2
OG_7192	7	0	2	5	0	2	7	2	1	1	0	0
OG_7193	1	1	1	1	2	1	1	2	1	1	1	1
OG_7194	1	1	2	3	0	1	1	1	1	6	0	2
OG_7195	1	1	1	1	1	1	1	1	0	0	2	1
OG_7196	1	1	1	1	0	1	1	1	0	0	0	0
OG_7197	2	1	1	1	1	1	1	1	1	2	3	1
OG_7198	1	0	1	3	0	1	2	1	1	1	0	0
OG_7199	1	1	1	1	1	1	1	1	1	1	1	1
OG_7200	2	1	1	1	2	1	1	1	1	2	1	0
OG_7201	1	1	3	1	2	1	1	1	1	1	1	0
OG_7202	1	1	1	1	3	0	1	1	1	2	0	2
OG_7203	2	1	2	1	4	1	1	1	1	1	4	4
OG_7204	6	0	0	1	1	1	2	0	1	11	0	0
OG_7205	0	5	1	0	0	2	0	0	0	0	0	0
OG_7206	0	1	1	1	1	1	3	1	2	3	4	1
OG_7207	4	1	1	6	2	3	7	3	0	1	1	2
OG_7208	2	3	1	2	0	1	2	1	0	0	0	0
OG_7209	1	1	2	1	1	1	1	1	1	1	2	1
OG_7210	1	2	1	1	2	1	1	1	1	1	0	0
OG_7211	1	1	1	1	1	1	1	1	1	2	1	2
OG_7212	2	1	7	2	1	5	2	7	1	0	1	0
OG_7213	0	21	0	8	5	2	1	0	10	1	0	16
OG_7214	1	0	2	4	1	4	5	3	1	0	0	0
OG_7215	3	2	2	3	0	1	4	3	2	2	0	1
OG_7216	3	1	13	11	0	3	6	3	6	0	0	2
OG_7217	2	2	3	3	8	2	2	3	3	3	6	1
OG_7218	26	7	33	42	0	31	26	11	0	2	3	0
OG_7219	4	5	6	18	0	5	3	12	3	8	0	0
OG_7220	1	1	1	1	2	1	1	1	1	4	0	1
OG_7221	2	1	1	2	0	1	1	1	1	1	0	1
OG_7222	1	0	3	3	0	1	1	2	0	0	0	0
OG_7223	1	1	1	0	4	1	1	1	1	1	1	0
OG_7224	1	1	2	1	1	1	1	1	1	2	0	0
OG_7225	2	0	1	2	15	2	1	1	1	0	2	5
OG_7226	1	1	1	1	1	1	1	1	1	2	0	1
OG_7227	1	1	3	1	3	1	1	1	0	1	2	1
OG_7228	1	1	1	1	2	1	1	1	1	3	4	0
OG_7229	1	1	1	1	1	1	1	1	1	3	0	1
OG_7230	2	4	1	2	0	1	6	2	2	1	0	0
OG_7231	0	1	1	1	1	1	1	2	1	1	1	1
OG_7232	1	2	1	1	2	1	1	1	0	0	1	0
OG_7233	0	1	1	1	1	1	1	1	1	1	0	1
OG_7234	1	1	2	1	1	1	1	3	4	5	1	1
OG_7235	2	2	4	1	4	1	2	5	3	4	2	0
OG_7236	1	1	2	1	2	2	2	1	1	2	0	2
OG_7237	18	7	2	23	1	3	6	1	5	5	6	0
OG_7238	0	3	1	3	0	1	3	1	0	0	0	0
OG_7239	1	1	3	2	0	2	1	2	2	2	0	0
OG_7240	2	9	0	2	0	3	0	0	0	0	0	0
OG_7241	7	1	8	9	0	14	16	1	0	0	0	0
OG_7242	2	1	3	1	0	1	17	1	0	0	0	0
OG_7243	1	1	2	1	2	1	1	2	1	1	1	1
OG_7244	2	2	0	1	0	6	0	0	2	0	0	0
OG_7245	4	1	7	2	0	3	3	4	4	3	0	0
OG_7246	1	1	1	1	4	1	1	1	1	1	0	1
OG_7247	4	0	0	2	0	1	6	1	1	0	0	0
OG_7248	3	2	4	5	0	1	3	5	2	3	1	2
OG_7249	1	0	2	1	0	3	2	2	1	1	0	0
OG_7250	17	12	15	3	0	17	1	3	18	1	0	0
OG_7251	3	2	3	2	1	2	2	1	3	2	0	1
OG_7252	3	7	0	1	1	6	3	0	1	0	1	1
OG_7253	11	23	11	6	3	5	0	1	2	0	0	1
OG_7254	1	2	6	2	0	3	2	3	0	0	0	0
OG_7255	0	1	2	1	2	1	1	1	2	2	1	1
OG_7256	4	2	5	3	0	4	4	5	0	5	0	2
OG_7257	5	2	2	5	0	2	7	1	0	0	0	0
OG_7258	2	4	1	4	3	2	7	3	0	0	1	1
OG_7259	1	2	3	1	0	2	1	2	0	0	2	0
OG_7260	6	4	11	7	9	6	7	6	4	5	6	8
OG_7261	27	6	9	11	0	22	15	9	9	2	0	1
OG_7262	2	3	16	5	2	9	3	9	0	0	0	0
OG_7263	4	1	1	1	0	4	3	4	1	0	0	5
OG_7264	1	1	1	2	4	1	1	1	2	4	1	1
OG_7265	1	1	1	1	2	1	1	1	2	1	1	2
OG_7266	1	1	2	1	2	1	1	1	2	7	1	2
OG_7267	1	1	1	1	1	1	1	1	2	0	1	1
OG_7268	6	1	1	1	2	1	1	1	1	5	0	1
OG_7269	2	1	1	1	1	1	2	1	1	5	2	1
OG_7270	1	1	2	2	1	1	3	1	1	2	0	0
OG_7271	1	1	1	1	0	1	1	1	1	7	0	2
OG_7272	3	0	0	2	0	6	2	1	0	0	0	0
OG_7273	1	2	1	1	3	2	1	2	1	1	2	0
OG_7274	2	1	2	1	4	1	1	1	0	1	6	1
OG_7275	2	1	2	1	2	2	2	1	3	2	7	0
OG_7276	4	8	2	4	3	25	5	2	2	0	0	0
OG_7277	1	1	2	1	2	1	1	1	2	1	1	7
OG_7278	1	1	1	1	0	1	1	1	1	3	0	1
OG_7279	3	0	1	0	0	2	6	2	0	0	0	0
OG_7280	1	1	1	1	1	1	1	4	0	0	1	2
OG_7281	1	1	7	1	0	1	1	4	0	1	0	0
OG_7282	3	0	0	2	0	0	3	0	0	0	0	0
OG_7283	1	1	1	2	3	1	1	1	1	1	0	0
OG_7284	1	1	1	1	0	2	1	2	1	2	0	1
OG_7285	1	1	1	1	1	1	1	1	2	1	0	0
OG_7286	1	1	3	1	0	1	1	1	1	1	0	1
OG_7287	2	0	0	1	2	1	3	1	0	1	0	0
OG_7288	1	1	2	0	0	1	2	1	0	0	0	0
OG_7289	2	1	2	1	4	1	3	5	2	4	1	0
OG_7290	3	0	2	2	0	1	1	1	0	0	0	0
OG_7291	2	4	0	1	0	1	2	2	0	1	0	0
OG_7292	0	10	3	2	0	1	3	0	1	1	0	0
OG_7293	1	1	1	1	0	1	1	1	1	2	1	1
OG_7294	1	2	1	2	0	1	1	1	1	1	0	1
OG_7295	1	1	1	1	1	1	1	1	1	2	0	1
OG_7296	0	31	8	13	2	0	2	1	1	0	0	0
OG_7297	2	0	2	0	0	9	0	0	0	0	0	0
OG_7298	1	1	1	1	2	1	1	1	1	1	0	1
OG_7299	1	0	1	1	0	1	1	1	1	1	0	0
OG_7300	1	1	1	2	1	1	1	1	1	1	1	2
OG_7301	1	1	1	1	0	1	1	1	1	1	0	0
OG_7302	1	1	1	2	3	1	5	1	2	8	4	1
OG_7303	1	1	3	1	2	3	1	1	0	1	1	0
OG_7304	1	1	2	1	1	1	1	2	1	1	1	1
OG_7305	1	4	3	0	0	3	0	2	0	0	0	0
OG_7306	14	11	1	15	5	9	11	2	9	10	0	2
OG_7307	0	0	0	0	0	0	0	0	6	1	0	0
OG_7308	1	1	1	1	0	1	1	1	2	1	0	0
OG_7309	2	2	1	1	0	1	1	1	1	3	0	1
OG_7310	1	1	1	1	1	1	1	1	2	2	2	2
OG_7311	1	1	2	1	0	2	1	1	3	1	0	0
OG_7312	2	1	0	1	1	4	3	3	0	1	9	0
OG_7313	1	1	1	1	0	2	2	3	1	1	0	7
OG_7314	6	1	3	5	2	3	7	2	1	1	1	2
OG_7315	1	1	1	7	0	1	1	1	0	1	0	2
OG_7316	5	4	1	10	0	2	6	1	6	12	0	0
OG_7317	6	6	5	7	0	4	9	3	2	0	0	1
OG_7318	6	2	7	7	0	13	5	15	0	0	0	0
OG_7319	9	12	17	6	1	7	10	3	1	0	0	0
OG_7320	1	1	1	1	0	1	1	1	1	0	0	0
OG_7321	1	3	2	1	0	1	3	1	0	0	0	0
OG_7322	1	1	1	1	2	1	1	2	1	0	2	1
OG_7323	1	2	1	1	0	1	1	2	1	1	0	0
OG_7324	9	0	1	1	0	5	3	3	0	0	0	1
OG_7325	1	1	1	2	3	1	1	1	1	1	2	3
OG_7326	2	2	1	1	0	1	3	1	1	0	1	0
OG_7327	1	1	2	1	2	1	1	2	1	0	1	1
OG_7328	1	2	1	1	1	1	1	1	2	1	1	8
OG_7329	1	1	1	2	4	1	0	0	1	4	2	0
OG_7330	0	0	0	0	0	4	0	0	0	0	1	2
OG_7331	4	0	1	0	0	1	0	0	6	0	0	0
OG_7332	3	2	1	1	0	1	1	1	0	0	0	0
OG_7333	1	0	1	1	1	1	1	1	1	1	0	0
OG_7334	1	1	1	1	0	1	1	1	0	1	0	1
OG_7335	1	2	3	1	2	1	1	2	2	1	0	0
OG_7336	1	1	1	1	0	1	1	1	0	0	0	0
OG_7337	2	3	1	1	0	1	1	1	0	0	0	0
OG_7338	1	1	2	1	0	1	1	1	1	1	0	0
OG_7339	10	13	1	13	4	8	0	1	3	1	5	7
OG_7340	1	1	1	2	1	1	0	1	1	2	0	0
OG_7341	4	4	0	0	0	1	0	0	0	0	0	0
OG_7342	2	0	1	2	0	0	0	1	0	0	0	0
OG_7343	1	1	1	2	0	1	1	1	1	1	0	1
OG_7344	4	1	2	1	0	1	1	1	0	0	0	2
OG_7345	1	1	3	1	0	1	1	1	0	7	0	0
OG_7346	2	1	1	2	0	1	1	1	0	0	0	0
OG_7347	2	0	1	2	0	0	2	2	0	0	0	0
OG_7348	3	1	1	1	0	0	1	1	1	0	0	0
OG_7349	9	0	0	3	0	0	3	0	1	0	0	0
OG_7350	10	23	1	5	0	0	3	0	0	0	0	0
OG_7351	1	2	1	1	0	1	1	1	1	1	0	0
OG_7352	2	3	0	0	0	0	1	0	2	0	0	0
OG_7353	0	1	1	1	0	1	1	1	1	0	0	0
OG_7354	1	1	1	1	0	1	1	1	1	2	0	0
OG_7355	1	1	1	1	0	1	1	1	2	2	0	2
OG_7356	0	1	2	1	2	3	1	1	1	1	0	1
OG_7357	0	1	1	1	2	1	1	1	2	1	1	1
OG_7358	1	1	0	1	0	1	1	1	0	2	0	1
OG_7359	1	2	1	3	1	1	1	1	2	1	1	1
OG_7360	1	1	1	1	1	2	1	1	0	0	0	0
OG_7361	1	0	1	1	0	1	1	1	0	0	0	0
OG_7362	1	1	1	2	0	1	1	1	1	0	0	0
OG_7363	2	1	0	2	0	0	6	0	0	0	0	0
OG_7364	1	2	3	2	0	2	2	3	0	0	0	0
OG_7365	1	0	1	1	0	1	2	1	1	1	0	2
OG_7366	1	1	1	1	1	1	1	1	1	1	1	0
OG_7367	0	20	0	1	11	0	0	0	1	1	0	0
OG_7368	1	1	1	1	1	1	1	1	1	1	1	1
OG_7369	0	6	0	1	0	2	0	0	0	0	0	0
OG_7370	2	0	0	0	0	2	6	0	0	0	0	0
OG_7371	1	2	1	1	0	1	1	1	1	2	0	0
OG_7372	1	3	1	3	1	1	1	1	0	1	3	0
OG_7373	1	1	1	1	1	1	1	0	1	0	0	0
OG_7374	4	0	0	1	1	0	1	0	6	0	0	5
OG_7375	24	13	7	12	0	9	10	8	7	0	0	0
OG_7376	7	1	2	1	0	2	3	4	1	0	0	0
OG_7377	12	11	17	8	0	13	13	15	3	4	0	2
OG_7378	8	7	5	12	1	12	15	5	6	6	1	1
OG_7379	5	1	1	1	1	1	2	3	1	4	2	1
OG_7380	4	1	1	1	5	2	3	2	1	1	5	1
OG_7381	1	1	1	1	2	1	1	1	1	1	1	1
OG_7382	1	1	2	1	1	1	1	1	2	0	1	1
OG_7383	1	1	1	3	0	1	1	2	3	1	1	0
OG_7384	2	1	1	2	0	1	2	1	0	0	0	0
OG_7385	19	15	0	2	0	0	1	0	0	0	0	0
OG_7386	1	1	1	1	8	1	1	1	2	0	2	2
OG_7387	1	2	1	1	2	1	1	1	0	1	1	0
OG_7388	0	0	1	7	0	1	3	0	2	0	0	0
OG_7389	4	2	0	1	0	1	3	0	0	0	0	0
OG_7390	1	1	1	1	0	1	1	2	2	4	0	1
OG_7391	1	1	1	1	3	1	1	1	1	1	3	1
OG_7392	3	1	3	3	1	3	3	7	2	1	1	0
OG_7393	10	6	10	12	0	6	13	9	3	4	2	0
OG_7394	7	1	1	8	0	1	0	1	5	1	0	0
OG_7395	2	2	1	1	0	3	0	1	0	1	0	0
OG_7396	5	2	1	1	2	1	2	1	1	1	1	2
OG_7397	3	0	1	3	0	1	1	1	3	1	0	1
OG_7398	12	4	6	9	1	5	5	2	8	1	0	0
OG_7399	12	4	10	4	3	22	11	4	1	5	7	0
OG_7400	1	1	2	1	0	1	1	1	0	1	0	0
OG_7401	1	1	1	1	0	1	1	1	0	0	0	0
OG_7402	1	1	1	1	0	1	1	3	0	2	1	0
OG_7403	1	1	1	1	0	2	1	1	0	0	0	0
OG_7404	1	1	1	1	0	1	1	1	1	0	0	0
OG_7405	38	23	31	23	11	21	30	21	22	41	2	11
OG_7406	9	13	0	9	0	2	5	0	2	0	0	0
OG_7407	1	1	0	1	2	1	1	3	1	1	1	0
OG_7408	1	2	0	0	0	0	9	0	1	0	0	0
OG_7409	0	6	0	4	0	0	0	0	0	0	0	0
OG_7410	0	6	0	9	0	0	0	0	1	1	0	0
OG_7411	1	3	0	0	0	0	0	0	1	0	0	0
OG_7412	2	1	1	1	0	1	1	1	0	0	0	0
OG_7413	0	0	3	1	0	1	1	1	1	0	0	2
OG_7414	4	4	3	2	0	0	0	0	0	0	0	1
OG_7415	11	18	0	23	0	0	2	0	11	0	0	0
OG_7416	1	0	0	1	0	1	1	4	0	0	0	0
OG_7417	0	3	1	0	0	13	0	0	2	0	0	0
OG_7418	0	0	0	1	5	0	1	0	0	1	1	1
OG_7419	1	1	3	1	0	1	3	1	0	0	0	0
OG_7420	2	2	1	2	0	2	2	2	2	3	0	0
OG_7421	3	0	1	1	0	0	0	0	0	0	0	15
OG_7422	4	2	4	4	0	3	4	2	2	4	0	0
OG_7423	6	1	3	1	0	3	1	3	0	5	0	0
OG_7424	2	1	5	1	4	1	2	1	1	5	0	1
OG_7425	1	1	1	1	0	1	1	1	1	1	0	0
OG_7426	1	1	0	2	0	1	1	1	2	1	0	2
OG_7427	2	12	0	4	0	0	10	0	1	1	0	0
OG_7428	1	1	3	0	0	1	1	1	1	1	0	1
OG_7429	1	0	2	1	0	1	1	2	2	1	0	1
OG_7430	1	1	1	1	1	1	1	1	1	0	1	1
OG_7431	2	13	0	3	12	5	5	1	4	5	0	1
OG_7432	1	1	1	1	2	1	1	2	1	1	2	2
OG_7433	2	0	4	0	8	2	1	2	0	0	0	0
OG_7434	0	1	2	3	12	0	0	0	2	5	0	0
OG_7435	0	0	0	0	0	0	0	0	2	9	0	0
OG_7436	1	2	1	1	1	1	1	2	1	1	2	2
OG_7437	10	9	7	2	10	8	0	9	9	28	3	3
OG_7438	6	1	0	11	0	5	0	0	0	2	0	0
OG_7439	1	1	1	1	0	1	1	1	2	1	0	12
OG_7440	1	3	2	4	0	5	2	5	13	6	0	1
OG_7441	1	1	1	1	1	1	1	1	1	1	0	1
OG_7442	1	1	2	6	0	1	1	1	4	1	0	1
OG_7443	3	0	1	3	0	3	1	1	4	2	0	3
OG_7444	1	1	2	2	3	1	0	1	0	0	0	1
OG_7445	8	3	0	4	0	11	0	0	0	0	10	0
OG_7446	2	1	1	2	2	10	2	1	2	0	6	0
OG_7447	22	6	25	11	0	1	7	2	3	0	0	11
OG_7448	4	0	9	16	0	2	2	0	0	1	0	2
OG_7449	7	2	2	4	0	2	3	2	0	1	0	0
OG_7450	1	0	4	2	3	1	1	2	1	1	4	1
OG_7451	2	3	1	1	3	1	1	1	1	3	3	1
OG_7452	2	2	0	1	4	1	2	1	2	2	4	0
OG_7453	2	1	1	1	2	1	1	1	2	0	0	0
OG_7454	14	0	0	16	6	1	3	0	1	3	0	0
OG_7455	2	2	1	1	1	2	3	1	1	1	2	2
OG_7456	2	3	2	2	1	2	2	2	2	2	1	0
OG_7457	4	1	1	3	0	2	3	1	0	0	0	0
OG_7458	1	1	1	1	2	1	1	1	0	1	2	1
OG_7459	1	1	1	1	2	1	1	1	1	3	2	1
OG_7460	2	1	1	1	9	1	1	1	0	1	0	0
OG_7461	3	1	17	3	0	2	3	3	3	0	1	0
OG_7462	4	1	2	5	7	2	3	1	0	0	0	0
OG_7463	1	6	7	5	0	4	3	1	0	0	0	0
OG_7464	18	2	0	1	0	0	2	0	0	0	0	0
OG_7465	1	1	1	1	0	1	1	1	2	3	0	0
OG_7466	1	2	2	1	0	1	1	0	1	2	0	1
OG_7467	1	1	1	1	0	1	1	1	0	0	0	0
OG_7468	1	1	1	1	2	0	1	1	0	3	0	1
OG_7469	1	1	1	1	0	1	1	1	1	1	0	0
OG_7470	1	1	1	1	0	1	1	1	1	2	0	0
OG_7471	0	6	0	1	0	4	2	0	0	0	0	2
OG_7472	1	6	0	3	0	0	9	0	0	0	0	0
OG_7473	0	2	0	1	0	0	0	0	8	0	0	0
OG_7474	5	1	2	3	0	3	1	2	3	1	3	0
OG_7475	4	3	0	3	0	0	3	0	0	1	0	0
OG_7476	3	1	3	1	3	1	1	1	1	2	1	0
OG_7477	1	1	2	1	1	1	1	1	1	4	1	0
OG_7478	1	11	0	2	0	6	1	0	0	0	0	0
OG_7479	0	0	5	0	0	5	0	3	0	0	0	0
OG_7480	1	1	1	1	0	4	5	0	0	0	0	0
OG_7481	1	0	0	2	0	2	6	2	0	0	0	0
OG_7482	2	3	3	2	1	2	2	2	2	3	4	0
OG_7483	2	2	4	2	3	2	2	4	2	3	8	2
OG_7484	6	10	0	12	0	0	0	0	6	0	0	0
OG_7485	18	27	11	0	64	0	1	11	10	6	2	4
OG_7486	6	4	17	6	0	4	6	8	1	12	0	0
OG_7487	0	0	11	4	0	10	3	1	0	0	0	0
OG_7488	1	2	1	1	0	1	1	1	0	0	0	0
OG_7489	1	1	1	1	0	1	1	0	0	0	0	0
OG_7490	1	1	1	0	0	1	1	0	0	0	0	0
OG_7491	1	1	1	1	0	1	0	1	0	0	0	0
OG_7492	1	0	2	0	0	0	0	1	1	1	0	0
OG_7493	1	1	2	1	0	1	1	2	0	0	0	0
OG_7494	4	4	3	1	0	0	3	0	4	0	0	0
OG_7495	0	8	0	1	0	0	0	0	0	0	0	0
OG_7496	1	3	0	3	0	0	0	0	0	0	0	0
OG_7497	0	1	5	1	0	1	1	0	1	0	0	0
OG_7498	4	20	2	5	0	16	8	1	0	0	0	0
OG_7499	3	4	0	1	0	0	1	0	0	0	0	0
OG_7500	0	1	1	0	0	1	1	1	0	0	0	0
OG_7501	2	1	0	3	0	0	0	0	0	0	0	0
OG_7502	2	5	1	8	0	0	0	0	1	0	0	0
OG_7503	2	4	0	10	0	0	0	0	0	0	0	0
OG_7504	0	2	0	5	0	0	1	0	0	0	0	1
OG_7505	0	6	1	1	0	0	1	0	1	0	0	0
OG_7506	0	0	0	0	22	0	0	0	0	0	1	0
OG_7507	0	0	0	0	0	3	1	0	0	0	0	0
OG_7508	1	1	0	1	0	1	1	0	0	0	0	0
OG_7509	2	0	0	1	0	2	1	3	2	0	0	0
OG_7510	3	1	1	1	1	1	1	1	2	1	1	0
OG_7511	1	0	5	1	3	1	1	2	1	3	1	1
OG_7512	2	3	2	3	2	1	1	2	1	2	0	1
OG_7513	0	0	0	0	8	0	0	0	0	1	1	12
OG_7514	3	5	7	2	0	2	3	3	0	0	0	0
OG_7515	11	27	1	16	0	0	1	2	3	1	0	0
OG_7516	8	20	6	27	0	20	4	3	6	2	0	0
OG_7517	9	1	4	7	0	2	4	5	7	1	0	0
OG_7518	7	7	1	6	2	5	0	0	0	1	0	0
OG_7519	2	1	5	3	0	6	13	0	0	15	0	0
OG_7520	12	8	18	22	0	8	18	5	1	1	0	12
OG_7521	9	46	10	2	0	7	6	3	3	0	1	0
OG_7522	1	1	1	1	4	1	1	1	2	2	0	3
OG_7523	7	9	0	8	0	6	2	0	2	0	0	0
OG_7524	2	1	1	1	0	1	2	1	0	0	0	0
OG_7525	7	2	0	4	0	0	1	0	1	0	0	0
OG_7526	0	6	0	11	0	7	0	0	0	0	0	0
OG_7527	2	5	3	4	0	2	2	0	5	0	0	2
OG_7528	4	29	5	9	0	2	5	1	1	1	0	0
OG_7529	3	3	2	2	0	3	1	0	2	0	0	0
OG_7530	1	16	1	5	57	8	2	1	0	0	15	0
OG_7531	3	4	4	4	0	8	3	3	4	4	0	6
OG_7532	3	1	6	1	0	1	1	10	1	3	0	1
OG_7533	1	2	1	2	0	2	1	0	1	1	7	1
OG_7534	1	1	1	1	1	1	1	2	0	0	0	1
OG_7535	1	1	3	1	0	1	1	1	0	0	0	0
OG_7536	7	9	0	12	0	0	3	0	1	1	0	1
OG_7537	0	9	0	1	0	0	0	0	0	0	0	0
OG_7538	1	1	2	1	1	1	1	1	1	1	4	2
OG_7539	0	8	0	0	0	0	0	0	1	0	0	0
OG_7540	4	1	1	1	0	1	2	1	0	0	0	0
OG_7541	2	2	6	2	0	2	2	7	0	0	0	2
OG_7542	1	0	2	3	0	1	2	1	0	0	0	0
OG_7543	3	2	3	2	0	3	3	3	1	3	0	1
OG_7544	1	1	2	1	0	1	1	1	1	1	0	0
OG_7545	1	1	1	2	2	1	1	2	2	1	0	1
OG_7546	1	1	6	1	0	1	1	1	1	0	0	0
OG_7547	0	0	0	0	2	0	0	0	0	0	7	0
OG_7548	6	4	3	1	0	10	1	4	0	0	0	0
OG_7549	0	0	0	0	6	0	0	0	0	0	4	0
OG_7550	1	1	0	1	0	1	0	1	1	1	0	7
OG_7551	2	1	0	2	0	1	1	1	0	1	0	0
OG_7552	1	1	1	1	0	1	1	1	1	1	0	0
OG_7553	1	1	2	1	0	1	1	1	1	2	0	0
OG_7554	1	1	1	1	0	1	0	1	0	0	0	0
OG_7555	1	0	1	1	1	1	1	1	0	0	0	2
OG_7556	1	1	1	6	0	1	3	1	0	0	0	0
OG_7557	1	1	1	0	0	1	1	1	0	0	0	0
OG_7558	1	0	4	1	2	1	1	3	1	0	2	0
OG_7559	1	1	3	1	1	2	1	3	4	2	1	2
OG_7560	1	1	1	0	0	1	1	1	1	1	0	1
OG_7561	0	8	0	0	0	0	0	0	0	0	1	0
OG_7562	1	5	0	1	0	0	0	0	11	0	0	0
OG_7563	1	1	1	1	0	0	1	1	0	1	0	0
OG_7564	10	11	0	16	0	10	1	0	6	0	0	0
OG_7565	0	12	0	0	0	0	0	0	0	0	1	0
OG_7566	1	2	1	2	0	0	2	1	0	0	0	0
OG_7567	1	1	1	1	0	1	1	2	0	1	0	0
OG_7568	1	1	1	3	4	1	2	1	5	10	6	5
OG_7569	1	0	2	1	3	1	2	1	1	1	0	0
OG_7570	1	1	1	1	0	1	2	2	1	0	0	0
OG_7571	1	1	2	1	0	0	1	1	1	1	0	1
OG_7572	1	0	0	0	3	0	0	0	0	0	0	6
OG_7573	0	0	0	0	4	0	0	0	0	0	0	3
OG_7574	1	1	1	1	0	1	1	1	1	1	0	0
OG_7575	2	1	1	3	0	3	3	7	2	3	1	4
OG_7576	5	1	10	3	0	5	4	1	0	0	3	0
OG_7577	1	6	1	1	0	1	1	2	1	0	0	2
OG_7578	7	0	4	3	0	4	2	5	0	0	0	0
OG_7579	0	5	0	1	0	0	4	0	0	0	0	0
OG_7580	3	3	3	3	0	3	3	3	2	2	0	0
OG_7581	6	0	1	1	0	0	1	1	0	0	0	0
OG_7582	1	2	1	3	0	1	5	2	0	0	0	0
OG_7583	1	1	0	1	0	1	1	1	0	0	0	0
OG_7584	1	1	1	1	1	1	1	2	1	9	3	3
OG_7585	4	2	1	2	15	2	5	4	3	3	1	10
OG_7586	1	1	1	1	0	1	1	1	6	2	0	0
OG_7587	0	12	0	5	3	2	0	0	0	0	3	10
OG_7588	1	1	1	1	2	1	2	1	1	3	1	0
OG_7589	2	1	2	3	29	1	2	2	2	7	18	7
OG_7590	2	1	4	1	0	3	1	4	1	3	0	1
OG_7591	0	0	0	0	16	0	0	0	0	7	3	7
OG_7592	1	1	1	1	11	2	1	1	0	1	4	0
OG_7593	4	0	4	0	0	2	1	2	0	0	0	0
OG_7594	1	0	3	1	0	7	1	1	0	0	2	0
OG_7595	1	22	5	2	0	2	2	4	8	1	0	0
OG_7596	2	0	1	0	0	1	3	0	3	9	0	0
OG_7597	6	0	2	0	0	0	1	1	0	0	0	0
OG_7598	1	2	1	1	0	1	1	1	1	2	0	1
OG_7599	1	1	1	2	1	1	2	1	1	3	8	1
OG_7600	1	1	2	4	21	1	2	1	1	1	6	1
OG_7601	4	0	4	2	0	3	5	3	1	2	7	3
OG_7602	1	1	1	1	0	1	1	1	0	1	0	0
OG_7603	2	0	0	1	0	3	1	1	1	0	0	0
OG_7604	1	1	0	1	0	1	1	1	0	1	0	0
OG_7605	1	1	0	1	0	0	1	0	3	11	11	0
OG_7606	2	1	2	1	0	2	2	2	0	0	0	0
OG_7607	11	6	0	4	0	0	2	0	3	0	0	12
OG_7608	3	15	0	0	0	0	0	0	0	0	0	0
OG_7609	0	1	3	1	1	1	1	1	1	2	0	1
OG_7610	0	1	1	1	1	1	1	4	1	1	0	0
OG_7611	0	7	0	1	0	0	0	0	0	0	0	0
OG_7612	0	4	0	0	0	1	0	0	0	0	0	0
OG_7613	8	7	5	1	0	2	1	1	2	0	0	0
OG_7614	1	1	1	1	0	2	1	1	1	1	0	0
OG_7615	2	22	2	0	25	7	7	0	1	0	0	3
OG_7616	1	1	2	1	0	1	1	1	1	1	0	1
OG_7617	0	7	0	1	0	0	0	0	0	0	0	0
OG_7618	1	8	1	0	0	3	1	0	0	0	0	0
OG_7619	1	1	1	1	0	1	1	1	0	0	0	0
OG_7620	0	0	2	0	0	0	0	3	0	0	0	0
OG_7621	1	1	1	1	0	1	1	4	0	1	0	0
OG_7622	3	0	0	0	0	0	2	0	0	0	0	0
OG_7623	1	1	0	9	0	0	1	0	0	0	0	0
OG_7624	4	1	0	4	0	0	0	0	0	0	0	0
OG_7625	1	3	0	1	0	1	1	0	0	0	0	0
OG_7626	1	1	1	2	17	1	2	3	4	9	5	2
OG_7627	2	1	1	1	0	1	2	2	0	4	0	0
OG_7628	1	0	1	1	0	1	1	1	0	0	0	0
OG_7629	1	0	0	3	0	0	0	0	0	9	0	0
OG_7630	1	3	0	1	0	6	0	2	1	0	0	0
OG_7631	2	0	0	0	3	2	0	0	0	0	0	0
OG_7632	0	0	0	0	8	0	0	0	0	1	5	1
OG_7633	5	0	0	0	0	3	0	0	0	0	0	0
OG_7634	1	1	3	1	0	3	1	1	1	2	0	0
OG_7635	0	8	0	2	0	0	2	0	0	0	0	0
OG_7636	0	0	0	0	0	0	1	0	1	1	0	0
OG_7637	6	6	2	2	18	4	5	3	5	5	15	25
OG_7638	3	0	0	2	3	1	2	1	1	2	0	0
OG_7639	1	0	1	1	0	1	1	4	0	0	0	0
OG_7640	1	1	1	1	2	1	1	2	2	2	1	0
OG_7641	1	1	1	1	0	1	1	1	1	2	0	0
OG_7642	0	0	0	0	1	0	0	0	0	0	10	0
OG_7643	0	1	0	0	0	0	0	0	0	0	5	0
OG_7644	0	2	0	0	0	0	0	0	0	0	12	0
OG_7645	0	2	0	1	0	0	0	0	0	0	6	7
OG_7646	0	1	0	0	0	0	0	0	0	0	6	0
OG_7647	0	0	0	0	0	0	0	0	1	0	9	0
OG_7648	0	0	2	1	6	1	11	0	4	0	1	1
OG_7649	6	0	0	0	0	0	1	0	0	0	0	0
OG_7650	1	1	1	1	1	1	1	1	1	1	0	0
OG_7651	1	0	0	1	0	1	1	1	1	0	1	1
OG_7652	1	2	1	1	0	1	0	1	0	0	0	1
OG_7653	1	3	0	0	0	0	0	0	1	0	0	0
OG_7654	0	1	3	1	0	1	1	3	0	0	0	0
OG_7655	1	0	1	1	0	2	0	0	0	1	0	0
OG_7656	1	4	2	1	2	1	1	1	0	1	1	0
OG_7657	1	1	0	11	0	0	1	0	1	0	0	0
OG_7658	3	2	0	8	0	0	1	0	0	0	0	0
OG_7659	0	0	5	0	0	3	0	1	0	0	0	0
OG_7660	1	0	1	1	0	1	1	1	0	0	0	0
OG_7661	0	3	0	5	0	0	2	0	1	0	0	0
OG_7662	0	4	0	2	0	0	2	0	0	0	0	0
OG_7663	1	0	2	1	3	1	1	1	2	3	0	1
OG_7664	5	3	3	4	0	3	4	3	4	6	0	0
OG_7665	1	1	0	1	1	1	1	1	1	1	2	1
OG_7666	1	1	1	1	0	1	2	1	0	1	0	0
OG_7667	1	1	2	1	0	1	2	3	0	1	0	3
OG_7668	2	3	1	3	0	1	1	1	2	2	0	0
OG_7669	0	0	1	3	0	1	0	1	0	0	0	0
OG_7670	5	0	0	5	0	8	1	0	0	0	0	0
OG_7671	1	0	2	2	0	1	2	2	4	4	0	0
OG_7672	0	0	0	0	0	0	0	0	0	0	6	6
OG_7673	9	17	6	18	0	1	14	3	0	0	0	1
OG_7674	4	22	0	7	0	0	0	0	1	0	0	0
OG_7675	0	2	2	2	0	2	3	2	4	1	0	0
OG_7676	1	1	2	1	1	1	1	2	1	0	0	1
OG_7677	1	1	1	2	0	1	1	1	1	1	0	0
OG_7678	1	1	1	1	0	1	1	1	1	1	0	0
OG_7679	1	1	1	1	0	1	1	1	1	0	0	0
OG_7680	1	17	0	4	0	0	0	0	0	0	0	0
OG_7681	1	1	1	1	7	2	2	1	2	1	12	0
OG_7682	1	2	1	2	5	2	1	2	2	1	5	3
OG_7683	3	0	4	6	0	1	1	4	0	0	0	0
OG_7684	6	18	0	14	0	0	1	0	0	1	0	0
OG_7685	2	1	9	23	0	4	0	0	0	0	0	1
OG_7686	3	1	1	1	0	1	1	1	2	0	0	0
OG_7687	1	7	1	1	0	1	1	1	0	0	0	0
OG_7688	1	1	3	2	1	1	1	1	1	1	0	1
OG_7689	1	3	0	1	0	1	4	0	0	0	0	0
OG_7690	0	0	0	0	24	0	0	0	0	0	7	0
OG_7691	1	1	2	1	0	1	6	1	1	2	0	0
OG_7692	2	1	2	4	0	1	1	1	1	2	0	0
OG_7693	1	1	1	2	1	1	1	1	1	1	2	1
OG_7694	2	5	13	3	1	4	2	2	0	0	0	0
OG_7695	11	4	7	8	2	12	7	7	3	5	1	0
OG_7696	8	0	0	3	0	2	3	2	0	0	0	0
OG_7697	1	1	1	1	0	1	2	1	0	2	0	0
OG_7698	5	1	2	2	1	6	2	4	0	0	0	0
OG_7699	2	3	3	1	0	1	1	1	1	2	0	0
OG_7700	1	0	2	1	0	1	1	1	0	0	0	0
OG_7701	1	4	1	2	0	1	1	1	0	0	0	1
OG_7702	4	0	0	0	0	0	2	0	0	0	0	0
OG_7703	1	1	1	1	3	1	0	1	0	1	3	1
OG_7704	1	0	1	1	0	1	1	1	1	1	0	0
OG_7705	1	1	2	0	0	1	1	1	2	0	0	0
OG_7706	1	1	2	1	0	1	1	2	0	0	0	0
OG_7707	1	2	1	1	0	1	1	1	1	2	0	0
OG_7708	1	1	1	1	0	1	1	1	0	0	0	0
OG_7709	1	4	0	0	0	1	0	2	0	1	0	0
OG_7710	1	0	1	4	0	2	1	1	0	0	0	0
OG_7711	1	1	2	3	0	3	7	3	0	0	1	0
OG_7712	2	1	2	2	0	1	1	0	0	0	0	0
OG_7713	1	0	0	6	0	0	2	0	2	0	0	0
OG_7714	2	1	1	1	0	1	2	1	0	0	0	0
OG_7715	2	1	1	3	0	2	2	2	2	7	2	0
OG_7716	1	1	0	0	0	4	11	1	0	0	0	0
OG_7717	1	0	2	0	0	3	1	3	0	0	0	0
OG_7718	1	1	1	1	3	1	1	1	1	1	5	1
OG_7719	0	0	0	0	0	0	0	0	1	0	3	1
OG_7720	2	1	1	1	1	1	1	1	1	4	2	4
OG_7721	3	2	4	3	0	3	3	2	4	1	0	2
OG_7722	23	9	11	10	0	10	13	12	9	6	1	1
OG_7723	1	1	1	1	0	1	1	2	1	2	0	0
OG_7724	1	1	1	1	0	0	1	0	0	0	0	0
OG_7725	2	0	1	0	0	2	3	1	1	2	1	0
OG_7726	1	1	2	1	0	0	1	2	2	2	0	0
OG_7727	0	3	2	1	0	3	0	1	0	0	0	0
OG_7728	4	0	1	0	0	0	0	0	2	0	0	0
OG_7729	0	1	0	4	0	0	5	0	0	2	0	0
OG_7730	0	1	0	1	0	0	5	0	0	0	0	0
OG_7731	1	1	1	1	0	4	4	3	1	2	0	2
OG_7732	0	0	1	0	0	1	1	1	1	1	0	0
OG_7733	1	8	0	1	0	2	2	0	1	1	0	0
OG_7734	0	4	1	4	0	5	0	2	1	0	0	3
OG_7735	0	1	1	1	2	1	2	1	1	1	1	0
OG_7736	0	4	0	3	0	0	0	0	1	0	2	0
OG_7737	1	1	1	1	0	2	1	1	1	3	0	0
OG_7738	1	3	2	3	1	1	1	1	3	1	0	0
OG_7739	6	0	0	2	0	0	3	0	0	0	0	0
OG_7740	4	3	4	2	5	5	3	9	1	1	0	1
OG_7741	3	0	0	0	0	2	0	2	0	0	0	0
OG_7742	1	1	1	1	0	1	1	1	0	5	0	1
OG_7743	2	3	3	1	0	2	1	2	0	0	0	0
OG_7744	0	4	0	0	0	1	0	0	0	0	0	0
OG_7745	6	4	0	5	0	0	0	0	0	0	0	0
OG_7746	0	1	1	1	15	1	1	1	1	0	2	3
OG_7747	1	1	0	0	0	0	3	0	0	0	0	0
OG_7748	3	1	1	1	0	2	3	2	0	0	0	0
OG_7749	6	1	0	0	0	0	0	0	0	0	0	0
OG_7750	3	0	0	1	0	0	0	0	0	0	0	0
OG_7751	2	1	0	4	0	0	0	0	2	0	0	0
OG_7752	1	2	0	2	0	2	1	1	0	0	0	0
OG_7753	0	2	0	0	0	0	0	0	0	0	0	1
OG_7754	0	1	0	9	0	0	1	0	1	0	0	0
OG_7755	0	12	0	6	0	1	0	0	0	0	0	0
OG_7756	3	3	2	3	0	2	3	2	7	1	0	1
OG_7757	0	0	5	0	0	1	0	0	0	0	0	0
OG_7758	1	0	3	1	0	1	1	2	0	0	0	0
OG_7759	1	0	1	2	0	1	1	1	0	6	0	0
OG_7760	0	1	0	7	0	0	0	0	0	0	0	0
OG_7761	1	0	2	1	0	3	0	2	0	0	0	0
OG_7762	1	1	0	2	0	0	1	0	0	0	0	0
OG_7763	1	1	0	1	0	0	1	0	0	1	0	0
OG_7764	0	0	0	0	7	0	0	0	0	0	4	0
OG_7765	1	0	0	0	0	4	2	0	0	0	0	0
OG_7766	1	1	1	1	0	1	1	1	0	0	0	0
OG_7767	7	5	1	3	0	1	8	1	0	0	0	0
OG_7768	2	0	3	0	0	5	2	3	1	0	0	0
OG_7769	1	0	1	1	0	1	2	1	1	1	0	0
OG_7770	1	1	1	1	0	2	2	1	2	0	0	2
OG_7771	2	1	3	1	0	2	2	4	0	3	0	0
OG_7772	3	1	2	3	0	1	1	1	1	0	0	2
OG_7773	1	1	1	1	2	1	1	1	1	1	2	0
OG_7774	2	0	0	4	0	0	4	0	1	0	0	0
OG_7775	1	1	1	1	0	1	1	2	2	2	0	3
OG_7776	0	1	1	1	3	1	1	2	1	1	6	1
OG_7777	2	1	1	1	2	1	1	1	4	2	1	0
OG_7778	1	0	0	0	0	2	1	0	0	2	0	0
OG_7779	4	8	0	5	0	0	1	0	0	0	0	0
OG_7780	1	1	1	1	0	1	1	1	1	0	0	0
OG_7781	0	3	0	2	0	0	0	0	0	0	0	0
OG_7782	1	9	0	2	0	0	1	0	0	0	0	0
OG_7783	0	5	0	2	0	0	1	0	1	0	0	0
OG_7784	0	0	1	0	0	1	1	1	0	0	0	0
OG_7785	1	0	0	2	0	0	1	0	0	0	0	0
OG_7786	0	1	1	3	0	4	1	0	0	0	0	0
OG_7787	1	1	1	5	2	1	2	1	3	1	3	2
OG_7788	0	0	0	0	2	0	0	0	0	0	5	0
OG_7789	0	0	0	0	4	0	0	0	0	0	6	0
OG_7790	1	0	0	1	0	1	1	0	0	0	1	1
OG_7791	0	0	1	0	0	1	1	1	0	0	0	0
OG_7792	31	0	2	4	0	12	5	8	17	0	0	0
OG_7793	2	0	1	5	0	0	2	0	5	0	0	0
OG_7794	7	9	8	7	3	6	11	7	14	9	3	5
OG_7795	0	1	0	1	6	0	0	0	1	4	0	1
OG_7796	1	1	1	1	2	1	1	1	1	0	41	1
OG_7797	8	1	3	4	56	1	4	2	4	1	2	1
OG_7798	0	0	0	0	15	0	0	0	0	0	15	0
OG_7799	9	12	5	5	2	5	4	5	0	3	0	0
OG_7800	1	1	10	1	0	3	1	9	2	2	0	0
OG_7801	1	1	1	1	9	1	1	1	1	1	0	0
OG_7802	1	1	1	1	0	1	1	1	1	3	0	0
OG_7803	1	3	1	2	0	1	1	2	1	2	0	1
OG_7804	2	1	0	1	0	3	2	1	1	4	0	0
OG_7805	2	1	1	0	0	1	3	1	0	0	0	0
OG_7806	2	3	0	4	0	2	0	0	3	1	0	0
OG_7807	1	1	3	2	3	1	1	1	1	1	2	0
OG_7808	1	0	0	2	0	0	5	0	0	0	0	0
OG_7809	0	3	2	3	0	3	4	0	2	0	0	0
OG_7810	1	2	1	1	0	1	1	2	0	0	0	0
OG_7811	1	0	2	1	0	0	1	1	0	0	0	0
OG_7812	2	0	2	0	2	1	0	1	0	0	0	0
OG_7813	1	1	0	2	0	1	0	0	1	0	0	3
OG_7814	0	3	0	0	0	2	0	0	0	0	0	0
OG_7815	2	12	0	4	0	0	3	0	8	1	0	0
OG_7816	1	1	1	1	0	1	1	0	1	0	0	0
OG_7817	3	1	3	1	0	1	4	0	0	0	0	4
OG_7818	9	5	0	3	0	0	3	0	0	0	0	0
OG_7819	3	2	1	3	0	2	2	1	1	1	0	0
OG_7820	0	11	0	4	0	0	1	0	0	0	0	0
OG_7821	2	2	2	2	0	2	2	2	1	2	0	0
OG_7822	2	1	0	1	0	1	2	0	2	1	0	0
OG_7823	0	0	0	0	7	0	0	0	8	8	2	0
OG_7824	12	2	2	1	2	8	2	0	6	2	1	3
OG_7825	1	0	1	1	0	1	1	1	0	0	0	0
OG_7826	2	1	2	1	0	1	1	1	1	1	0	0
OG_7827	0	1	3	1	0	1	1	2	0	4	0	0
OG_7828	0	8	0	0	0	0	0	0	1	0	0	0
OG_7829	1	6	2	10	0	1	3	1	0	0	0	0
OG_7830	1	8	0	2	0	0	0	0	2	0	0	1
OG_7831	1	1	1	1	2	1	1	1	0	0	1	1
OG_7832	1	1	3	5	0	1	1	1	4	0	0	0
OG_7833	3	0	0	2	0	1	2	1	0	0	0	0
OG_7834	1	4	0	8	0	0	4	0	0	0	0	0
OG_7835	3	1	4	3	0	2	1	0	0	0	0	0
OG_7836	1	0	4	0	0	1	1	2	0	0	0	0
OG_7837	0	1	1	1	0	1	1	1	1	1	0	0
OG_7838	1	4	0	7	0	0	0	0	0	0	0	0
OG_7839	1	1	1	1	0	1	3	1	1	4	0	1
OG_7840	3	18	0	2	0	4	13	0	0	1	0	0
OG_7841	0	3	1	1	0	0	7	0	0	0	0	3
OG_7842	1	1	3	1	1	1	1	1	1	2	1	2
OG_7843	1	0	1	1	0	0	0	3	2	1	1	0
OG_7844	7	0	4	6	0	0	1	2	0	0	0	0
OG_7845	1	2	2	1	0	2	1	2	0	0	0	0
OG_7846	1	1	9	4	0	1	3	4	1	1	0	0
OG_7847	3	2	2	0	0	0	0	0	0	0	0	0
OG_7848	1	1	2	1	0	1	3	1	0	1	0	0
OG_7849	8	0	0	0	0	1	4	0	0	0	0	0
OG_7850	1	1	2	1	0	1	1	1	2	1	0	0
OG_7851	2	3	1	6	0	1	4	1	1	1	0	1
OG_7852	8	6	20	2	3	7	5	2	2	1	1	1
OG_7853	3	4	3	1	0	3	3	4	1	1	0	4
OG_7854	1	1	6	1	1	1	1	1	1	1	0	4
OG_7855	1	1	1	1	0	1	1	1	0	0	0	0
OG_7856	0	0	9	0	0	1	0	1	0	0	0	0
OG_7857	3	1	8	1	0	3	2	1	8	1	0	0
OG_7858	7	9	18	0	0	5	5	5	0	0	0	0
OG_7859	4	1	1	1	1	1	1	1	6	2	2	1
OG_7860	0	2	6	8	0	0	0	0	0	4	0	0
OG_7861	0	0	0	0	1	2	0	2	0	0	0	0
OG_7862	7	11	0	4	0	0	0	0	6	2	0	0
OG_7863	2	6	0	0	0	0	0	0	0	0	0	0
OG_7864	1	1	0	8	0	1	1	0	0	0	0	0
OG_7865	1	1	3	2	0	1	1	4	0	1	0	0
OG_7866	6	9	8	7	1	5	2	1	5	2	0	4
OG_7867	1	0	1	1	0	1	1	1	1	1	0	0
OG_7868	2	0	1	0	0	1	1	2	1	0	0	0
OG_7869	2	0	0	1	0	1	1	2	0	0	0	0
OG_7870	6	1	0	1	0	0	0	0	0	0	0	0
OG_7871	5	2	5	6	0	4	1	1	0	0	0	0
OG_7872	0	2	0	1	0	0	6	0	1	0	0	0
OG_7873	1	1	2	1	0	1	1	1	5	3	0	0
OG_7874	0	0	2	0	0	4	0	0	0	0	0	0
OG_7875	0	1	0	4	0	0	0	0	2	0	0	0
OG_7876	2	0	0	6	0	0	2	0	0	1	0	0
OG_7877	0	0	0	2	0	1	3	1	0	0	0	0
OG_7878	0	0	0	0	0	10	0	2	0	0	0	0
OG_7879	1	0	0	1	0	2	1	1	0	0	0	0
OG_7880	7	0	2	2	0	2	2	3	0	0	0	0
OG_7881	2	2	1	2	0	2	0	0	0	0	0	0
OG_7882	2	0	0	0	0	1	1	1	0	0	0	0
OG_7883	1	2	1	0	0	1	4	2	1	0	0	0
OG_7884	4	0	0	1	0	1	1	1	0	4	0	0
OG_7885	11	4	9	3	0	6	8	6	0	1	11	1
OG_7886	5	1	0	6	0	1	2	0	1	2	0	0
OG_7887	1	1	1	1	0	1	1	1	2	1	0	0
OG_7888	1	2	1	2	0	4	1	1	0	0	0	0
OG_7889	1	1	2	1	0	2	1	4	2	5	0	0
OG_7890	2	2	1	0	0	1	1	1	0	0	0	0
OG_7891	1	0	1	1	0	1	1	1	0	0	0	0
OG_7892	6	4	6	4	0	9	3	5	12	8	0	11
OG_7893	2	0	0	2	0	1	2	2	0	0	0	0
OG_7894	0	3	1	0	0	0	0	0	0	0	0	4
OG_7895	1	1	1	1	1	1	1	1	1	1	0	0
OG_7896	1	0	1	1	0	1	0	1	1	2	0	0
OG_7897	1	1	1	1	0	1	1	2	0	4	0	0
OG_7898	2	1	1	1	0	2	1	1	1	2	0	0
OG_7899	1	0	5	0	0	0	0	0	0	0	0	0
OG_7900	2	3	4	1	0	1	2	2	0	0	0	0
OG_7901	0	4	0	1	0	0	0	0	0	0	0	0
OG_7902	0	1	0	2	0	0	2	0	1	1	0	0
OG_7903	0	3	0	1	0	0	0	0	2	0	0	0
OG_7904	1	1	2	1	0	2	2	2	0	0	0	0
OG_7905	1	1	1	1	2	1	1	1	0	0	0	0
OG_7906	0	0	1	1	0	0	1	1	0	0	0	0
OG_7907	0	0	0	1	0	0	1	0	1	1	0	0
OG_7908	1	0	1	0	0	1	2	1	0	0	0	0
OG_7909	1	3	3	2	0	2	3	1	0	4	0	0
OG_7910	0	0	0	0	0	0	0	0	0	0	2	4
OG_7911	0	1	1	0	0	0	0	0	0	0	8	0
OG_7912	0	0	0	0	3	0	0	0	0	0	3	0
OG_7913	2	2	0	1	0	0	0	0	0	0	0	1
OG_7914	0	6	0	1	0	3	1	0	0	0	0	0
OG_7915	1	1	5	1	0	0	1	3	3	0	0	0
OG_7916	1	1	2	2	0	2	2	1	2	0	0	0
OG_7917	1	1	1	1	1	1	1	1	1	1	1	0
OG_7918	2	2	2	2	0	2	2	2	1	1	0	0
OG_7919	1	1	14	1	0	1	1	8	0	4	0	0
OG_7920	2	2	1	1	1	1	1	1	2	2	1	0
OG_7921	0	2	2	1	0	3	2	2	0	0	0	0
OG_7922	2	1	2	1	1	1	3	2	2	4	1	1
OG_7923	3	2	2	1	1	1	3	1	1	5	0	0
OG_7924	2	2	2	3	2	2	1	2	0	0	0	0
OG_7925	1	1	2	1	0	1	1	2	0	0	1	0
OG_7926	1	2	1	0	4	1	1	1	0	1	0	0
OG_7927	2	12	1	6	0	3	0	0	2	2	1	0
OG_7928	1	1	2	1	0	1	1	1	2	1	0	0
OG_7929	2	1	1	2	0	1	1	1	0	0	0	0
OG_7930	3	3	2	2	0	2	2	1	1	1	0	0
OG_7931	2	0	0	1	0	0	0	0	2	0	0	0
OG_7932	1	0	0	2	0	0	0	0	0	0	0	0
OG_7933	1	0	1	0	0	0	0	1	0	0	0	0
OG_7934	5	2	0	2	0	1	0	0	0	0	0	0
OG_7935	2	0	0	0	0	1	0	0	0	0	0	7
OG_7936	1	0	1	0	0	0	0	1	0	0	0	0
OG_7937	1	0	0	2	0	0	1	0	0	0	0	0
OG_7938	3	2	0	0	0	0	0	0	0	0	0	0
OG_7939	4	1	0	0	0	0	0	0	0	0	0	0
OG_7940	2	4	0	2	0	0	0	0	0	0	0	0
OG_7941	2	0	0	1	0	0	0	0	0	0	0	0
OG_7942	0	2	0	0	0	0	1	0	1	0	0	0
OG_7943	0	4	0	0	0	0	0	0	2	0	0	0
OG_7944	0	1	0	2	0	0	0	0	1	0	0	0
OG_7945	0	2	0	1	0	0	0	0	0	0	0	0
OG_7946	0	2	0	0	0	0	3	0	0	0	0	0
OG_7947	2	1	0	0	0	0	0	0	2	0	0	0
OG_7948	1	1	1	1	0	1	2	1	1	2	0	0
OG_7949	0	0	1	0	0	1	1	1	0	0	0	0
OG_7950	3	0	1	0	0	0	0	0	2	1	0	0
OG_7951	0	1	0	4	0	0	0	0	0	0	0	0
OG_7952	1	1	1	1	0	2	1	1	1	3	0	0
OG_7953	0	1	0	1	0	0	1	0	0	0	0	0
OG_7954	2	0	0	1	0	2	0	0	0	0	0	0
OG_7955	0	0	0	0	14	0	0	0	0	0	3	0
OG_7956	0	0	0	0	7	0	0	0	0	0	3	0
OG_7957	0	0	0	0	2	0	0	0	0	0	6	0
OG_7958	0	0	0	0	5	0	0	0	1	0	2	0
OG_7959	1	0	0	0	0	2	1	1	0	0	0	0
OG_7960	1	0	0	1	0	1	0	0	2	2	0	0
OG_7961	0	0	9	0	0	3	0	0	0	0	0	0
OG_7962	1	0	13	0	10	1	1	1	2	2	3	0
OG_7963	1	0	0	0	0	0	0	0	13	0	0	0
OG_7964	0	0	0	0	0	0	0	0	3	1	0	2
OG_7965	0	0	0	0	1	0	0	0	0	0	1	1
OG_7966	0	0	0	0	3	0	0	0	0	0	4	0
OG_7967	0	0	0	0	0	0	2	0	0	2	1	1
OG_7968	0	1	0	0	0	0	0	0	0	0	0	3
OG_7969	2	0	0	7	0	0	2	0	0	2	0	0
OG_7970	7	0	5	4	4	5	6	7	1	1	0	1
OG_7971	2	1	3	1	0	1	6	1	0	0	0	0
OG_7972	2	2	18	9	0	12	2	8	2	7	0	0
OG_7973	2	0	0	1	2	0	2	0	6	0	0	1
OG_7974	1	1	1	1	0	1	1	1	1	2	0	1
OG_7975	3	1	1	0	0	2	0	0	0	0	0	0
OG_7976	2	14	0	3	0	1	0	0	0	0	0	0
OG_7977	0	4	0	1	0	0	0	0	0	0	0	1
OG_7978	1	0	5	0	0	4	1	0	0	0	0	0
OG_7979	1	1	1	2	0	3	1	5	1	1	0	0
OG_7980	0	5	0	2	0	4	1	1	3	1	0	0
OG_7981	2	0	0	1	0	2	1	2	0	0	1	0
OG_7982	2	0	3	2	0	1	1	3	2	6	1	0
OG_7983	7	9	1	2	0	5	7	1	0	0	0	0
OG_7984	1	2	1	1	0	1	1	1	2	1	0	0
OG_7985	3	11	0	2	0	2	7	0	1	0	0	0
OG_7986	3	0	1	5	0	1	0	0	0	0	0	0
OG_7987	1	2	8	1	0	1	5	1	0	0	0	0
OG_7988	1	1	2	1	0	1	1	1	0	2	0	0
OG_7989	0	6	0	0	0	0	0	0	0	0	1	0
OG_7990	0	1	0	0	0	0	0	0	0	0	0	2
OG_7991	3	5	0	3	0	2	2	0	0	0	0	0
OG_7992	5	0	0	0	7	0	0	0	0	0	0	0
OG_7993	0	0	0	0	5	0	0	0	0	0	1	0
OG_7994	1	0	2	1	0	1	1	1	0	1	0	0
OG_7995	1	1	1	3	0	1	1	1	1	2	0	0
OG_7996	0	5	0	2	0	0	1	0	0	0	0	5
OG_7997	3	1	1	7	0	0	2	0	0	0	0	0
OG_7998	2	1	0	0	0	0	0	0	1	0	0	0
OG_7999	2	1	1	3	0	0	3	0	1	0	3	0
OG_8000	2	0	0	0	0	0	1	0	0	0	0	0
OG_8001	4	1	0	0	0	0	0	0	0	0	0	0
OG_8002	1	1	0	1	2	0	1	0	0	0	0	0
OG_8003	0	4	2	0	0	0	1	0	0	0	0	0
OG_8004	1	7	0	5	0	0	1	0	2	0	0	0
OG_8005	0	2	0	0	0	0	1	0	0	0	0	0
OG_8006	0	0	0	2	0	0	2	0	0	0	0	0
OG_8007	0	0	1	0	0	1	2	0	0	0	0	0
OG_8008	4	9	1	2	0	8	6	0	0	0	0	0
OG_8009	1	0	0	0	0	1	0	1	0	0	0	0
OG_8010	0	0	0	0	0	5	3	1	0	0	0	0
OG_8011	0	0	0	0	0	2	0	0	0	1	0	0
OG_8012	1	0	3	0	0	1	1	4	0	0	0	0
OG_8013	3	0	0	0	0	1	2	0	1	1	0	0
OG_8014	0	0	0	1	0	0	0	0	7	0	2	0
OG_8015	4	0	0	0	0	0	1	0	1	0	0	0
OG_8016	2	0	0	0	0	0	0	0	2	1	0	0
OG_8017	0	0	0	0	0	0	0	0	2	8	0	0
OG_8018	1	0	1	1	0	1	1	1	0	1	0	0
OG_8019	0	0	0	2	0	0	0	0	0	0	0	3
OG_8020	1	3	2	1	0	1	1	2	0	0	0	9
OG_8021	3	2	0	2	0	3	3	0	0	0	0	0
OG_8022	2	1	1	1	0	1	1	1	1	1	0	0
OG_8023	1	1	1	1	0	1	1	1	1	1	0	0
OG_8024	1	3	2	1	1	1	2	2	1	1	0	1
OG_8025	1	0	1	1	0	1	1	1	1	0	0	2
OG_8026	1	0	1	1	0	1	3	1	1	2	0	0
OG_8027	1	1	1	1	0	1	1	1	1	1	0	0
OG_8028	3	3	0	2	0	1	0	1	0	0	0	0
OG_8029	0	4	0	2	0	0	0	0	0	0	0	0
OG_8030	6	2	0	3	0	2	3	1	0	0	0	0
OG_8031	1	1	1	4	0	1	2	2	2	3	0	1
OG_8032	2	1	1	6	0	6	0	0	0	0	0	0
OG_8033	1	1	1	1	0	1	1	1	0	1	2	1
OG_8034	0	0	0	1	0	6	0	0	0	0	0	0
OG_8035	1	1	1	1	0	1	1	1	2	1	0	0
OG_8036	1	1	1	1	2	1	1	1	4	1	0	0
OG_8037	0	0	1	0	4	0	0	0	0	0	2	0
OG_8038	0	7	0	1	0	2	0	0	0	0	0	0
OG_8039	0	5	0	1	0	1	0	0	0	0	0	0
OG_8040	1	1	1	0	0	1	1	1	0	0	0	0
OG_8041	1	1	1	1	0	1	1	1	2	1	0	1
OG_8042	2	0	1	0	0	1	1	1	0	0	0	0
OG_8043	2	3	0	1	0	1	1	0	0	1	0	0
OG_8044	0	3	0	1	0	0	0	0	0	0	0	0
OG_8045	0	2	0	0	0	0	0	0	7	0	0	0
OG_8046	2	1	4	1	0	1	1	1	0	1	0	0
OG_8047	1	1	2	1	9	1	1	1	1	1	7	2
OG_8048	1	2	1	1	0	1	0	1	3	2	0	0
OG_8049	1	1	1	1	0	1	2	1	2	2	0	0
OG_8050	1	1	3	2	0	1	1	3	1	1	0	0
OG_8051	1	1	0	1	0	1	1	0	0	0	0	0
OG_8052	3	2	6	2	0	1	1	1	0	2	0	0
OG_8053	1	3	1	1	0	1	2	1	2	1	0	0
OG_8054	1	0	2	1	0	2	4	0	0	0	0	0
OG_8055	0	1	0	1	0	0	1	0	0	0	0	0
OG_8056	1	0	0	0	0	5	1	1	0	0	0	0
OG_8057	0	0	0	0	0	0	0	0	1	0	3	0
OG_8058	1	1	4	2	0	1	1	0	2	6	0	0
OG_8059	1	0	1	1	0	0	1	1	0	1	0	0
OG_8060	0	0	0	0	0	0	0	0	2	2	0	0
OG_8061	0	0	0	0	1	0	0	0	0	0	3	0
OG_8062	5	4	3	1	0	1	5	3	3	6	0	0
OG_8063	3	0	0	2	2	1	1	0	0	2	0	0
OG_8064	0	0	0	0	3	0	0	0	0	0	3	0
OG_8065	0	0	1	0	0	2	0	0	0	0	0	0
OG_8066	0	1	0	1	0	0	0	1	1	0	0	0
OG_8067	4	12	0	1	0	4	1	1	0	0	0	0
OG_8068	1	1	4	2	10	2	1	4	10	7	0	2
OG_8069	0	0	0	0	0	0	0	0	20	4	0	0
OG_8070	0	0	0	0	0	0	0	0	0	0	10	4
OG_8071	1	4	1	2	0	0	1	0	2	0	0	0
OG_8072	1	0	0	1	0	0	1	0	1	0	0	0
OG_8073	1	0	2	1	0	1	0	2	0	0	0	0
OG_8074	3	0	0	1	0	0	0	0	0	0	0	0
OG_8075	0	2	0	2	0	0	0	0	0	0	0	0
OG_8076	0	2	0	0	0	8	0	0	0	0	0	0
OG_8077	1	3	0	1	0	0	0	0	1	0	0	0
OG_8078	0	2	0	0	0	0	0	0	1	0	1	0
OG_8079	1	1	0	0	0	1	0	0	0	0	0	0
OG_8080	0	0	0	0	1	0	0	0	0	0	3	0
OG_8081	1	0	0	0	0	0	2	0	2	0	0	0
OG_8082	0	0	0	0	4	0	0	0	0	0	4	0
OG_8083	2	0	3	3	0	1	3	1	1	0	0	0
OG_8084	0	0	0	0	2	0	0	0	0	0	10	0
OG_8085	3	0	1	0	0	1	1	1	0	0	0	0
OG_8086	0	1	1	1	0	1	1	2	2	4	0	1
OG_8087	0	1	0	3	0	15	0	1	0	0	0	0
OG_8088	1	1	2	2	0	1	2	3	5	3	0	0
OG_8089	1	1	0	1	0	1	0	0	0	0	0	0
OG_8090	2	0	0	0	0	0	2	0	0	0	0	0
OG_8091	1	0	0	1	0	0	1	0	0	0	0	0
OG_8092	8	1	0	0	0	0	5	0	0	0	0	0
OG_8093	1	1	0	1	0	0	2	0	0	0	0	0
OG_8094	0	2	0	1	0	0	0	0	0	0	0	0
OG_8095	0	2	0	1	0	0	0	0	0	0	0	0
OG_8096	1	3	0	0	0	0	0	0	0	0	0	0
OG_8097	0	2	0	0	0	0	0	0	0	0	0	1
OG_8098	0	1	0	0	0	0	1	0	0	1	0	0
OG_8099	0	1	0	2	0	0	1	0	0	0	0	0
OG_8100	0	2	0	0	0	1	0	0	0	0	0	0
OG_8101	0	1	0	1	0	1	0	1	0	0	0	0
OG_8102	0	1	0	0	0	2	0	0	0	0	0	0
OG_8103	0	3	0	1	0	0	0	0	0	0	0	0
OG_8104	0	3	0	1	0	0	0	0	0	0	0	0
OG_8105	0	1	0	2	0	0	0	0	0	0	0	0
OG_8106	2	0	1	1	0	2	1	1	0	0	0	0
OG_8107	0	0	2	0	0	0	0	2	0	0	0	0
OG_8108	0	0	0	1	0	0	0	0	1	0	0	0
OG_8109	3	0	0	3	0	0	0	0	1	0	0	0
OG_8110	0	0	0	3	0	1	0	0	0	0	0	0
OG_8111	1	1	0	1	0	0	1	0	0	0	0	0
OG_8112	0	0	0	0	12	0	0	0	0	0	1	0
OG_8113	0	0	0	0	1	0	0	0	1	1	0	0
OG_8114	0	0	0	0	3	0	0	0	0	0	1	0
OG_8115	0	0	0	0	2	0	0	0	0	0	2	0
OG_8116	0	0	0	0	5	0	0	0	0	0	1	0
OG_8117	0	0	1	1	1	1	0	0	0	0	1	0
OG_8118	0	0	0	0	0	5	1	0	0	0	0	0
OG_8119	2	0	0	2	1	0	1	0	0	1	1	0
OG_8120	3	0	0	0	0	0	1	0	0	0	0	0
OG_8121	0	0	0	0	5	0	0	0	0	0	2	0
OG_8122	0	0	0	0	1	0	0	0	0	0	1	1
OG_8123	3	0	0	1	0	0	0	0	0	0	0	0
OG_8124	0	0	0	0	1	0	0	0	0	0	4	0
OG_8125	1	0	0	3	0	0	0	0	0	0	0	0
OG_8126	0	3	0	2	0	0	0	0	0	0	0	0
OG_8127	4	0	0	1	2	0	1	0	0	0	0	0
OG_8128	1	2	0	0	0	0	0	0	0	1	0	0
OG_8129	1	1	0	0	1	0	1	0	0	0	0	0
OG_8130	0	2	0	1	0	0	2	0	0	0	0	0
OG_8131	0	0	1	1	0	1	1	0	0	0	0	0
OG_8132	0	4	0	1	0	0	0	0	0	0	0	0
OG_8133	0	0	0	1	0	0	0	0	1	1	0	0
OG_8134	0	1	0	3	0	0	0	0	0	0	0	0
OG_8135	0	0	0	0	1	0	0	0	0	0	1	0
OG_8136	1	0	0	2	0	1	1	1	0	0	0	0
OG_8137	0	2	1	0	0	1	0	1	0	0	0	0
OG_8138	1	1	1	1	0	3	1	1	0	0	0	0
OG_8139	0	2	0	0	0	0	1	0	0	0	0	0
OG_8140	1	1	2	1	0	1	2	2	0	0	0	1
OG_8141	0	1	0	0	0	0	0	0	1	0	0	2
OG_8142	0	0	0	0	0	0	0	0	2	1	0	1
OG_8143	0	0	1	0	0	1	0	1	0	0	0	0
OG_8144	0	0	0	0	0	0	0	0	0	0	3	1
OG_8145	1	1	0	1	0	0	1	0	0	0	0	0
OG_8146	1	0	0	0	0	1	1	1	0	0	0	0
OG_8147	1	0	0	0	0	0	0	1	0	0	0	0
OG_8148	2	0	0	1	0	0	0	0	0	0	0	0
OG_8149	1	0	0	0	0	1	0	1	0	0	0	0
OG_8150	1	0	0	0	0	1	3	0	0	0	0	0
OG_8151	1	2	0	1	0	0	0	0	0	0	0	0
OG_8152	0	1	0	0	0	0	1	0	0	2	0	0
OG_8153	0	2	0	1	0	0	0	0	0	0	0	0
OG_8154	0	3	0	2	0	0	0	0	0	1	0	0
OG_8155	1	0	2	1	0	0	0	0	0	0	0	0
OG_8156	1	0	2	0	0	0	1	0	0	0	0	0
OG_8157	0	0	1	0	0	1	0	1	0	0	0	0
OG_8158	0	1	0	1	0	0	0	0	0	0	0	0
OG_8159	1	1	0	1	0	1	0	0	0	0	0	0
OG_8160	1	1	0	4	0	0	0	0	0	0	0	0
OG_8161	0	0	0	6	0	0	0	0	1	0	0	0
OG_8162	0	0	1	1	0	0	1	1	0	0	0	0
OG_8163	0	0	0	0	4	0	0	0	0	0	2	0
OG_8164	0	0	0	0	3	0	0	0	0	0	3	0
OG_8165	0	0	0	1	2	0	0	0	0	0	3	0
OG_8166	0	0	0	0	3	0	0	0	0	0	1	0
OG_8167	0	0	0	0	1	0	0	0	0	0	1	1
OG_8168	0	0	2	0	0	4	0	0	0	0	0	0
OG_8169	1	0	1	0	0	1	0	1	0	0	0	0
OG_8170	1	0	0	0	0	1	1	1	0	0	0	0
OG_8171	1	0	0	0	0	0	1	0	1	0	0	0
OG_8172	1	0	0	1	0	0	2	0	0	0	0	0
OG_8173	1	0	0	0	0	1	0	0	1	0	0	0
OG_8174	0	0	0	0	0	0	0	0	1	2	0	0
OG_8175	0	0	0	0	2	0	0	0	0	0	1	0
OG_8176	0	1	0	0	0	0	0	0	0	0	2	0
OG_8177	0	0	0	0	5	0	0	0	0	0	2	0
OG_8178	0	0	0	0	2	0	0	0	0	0	3	1
OG_8179	0	0	0	0	2	0	0	0	0	0	1	2
OG_8180	0	0	0	0	5	0	0	0	0	0	1	0
OG_8181	0	0	0	0	2	0	0	0	0	0	1	0
OG_8182	0	0	0	0	2	0	0	0	0	0	1	0
OG_8183	0	0	4	0	0	1	1	1	0	0	0	0
OG_8184	0	0	0	0	4	0	0	0	0	0	2	0
OG_8185	2	0	1	0	0	0	0	2	0	0	0	0
OG_8186	0	3	0	1	0	0	0	0	0	0	0	0
OG_8187	0	2	0	0	0	2	0	0	0	0	0	0
OG_8188	0	1	0	2	0	0	0	0	0	0	0	0
OG_8189	0	1	0	0	0	0	0	0	0	0	2	0
OG_8190	0	1	0	1	0	0	1	0	0	0	0	0
OG_8191	1	5	0	1	0	0	4	0	0	0	0	0
OG_8192	1	1	0	1	0	0	4	0	0	0	0	0
OG_8193	3	0	0	0	0	1	0	0	0	0	0	0
OG_8194	0	1	0	1	0	1	1	0	0	0	0	0
OG_8195	0	0	1	0	0	1	0	1	0	0	0	0
OG_8196	0	0	0	0	0	1	0	2	0	1	0	0
OG_8197	1	2	0	0	0	0	1	0	0	0	0	0
OG_8198	1	0	0	0	0	0	1	0	0	1	0	0
OG_8199	0	0	1	0	0	1	0	1	0	0	0	0
OG_8200	1	0	1	1	0	0	0	1	0	0	0	0
OG_8201	0	0	0	2	0	0	0	0	2	0	0	0
OG_8202	0	0	0	0	0	0	0	0	1	5	0	0
OG_8203	0	0	0	0	1	0	0	0	0	0	3	0
OG_8204	0	0	0	0	3	0	0	0	0	0	2	0
OG_8205	0	0	0	0	3	0	0	0	0	0	4	0
OG_8206	1	0	0	0	0	0	0	0	0	0	0	3
OG_8207	0	0	0	0	0	0	0	0	0	0	1	2
OG_8208	1	0	0	1	0	0	1	0	0	0	0	0
OG_8209	1	1	1	0	0	0	1	0	0	0	0	0
OG_8210	1	0	0	0	2	0	0	0	0	0	0	0
OG_8211	2	1	0	0	0	0	0	0	1	0	0	0
OG_8212	1	0	1	0	0	1	0	0	0	0	0	0
OG_8213	1	0	0	1	0	0	1	0	0	0	0	0
OG_8214	0	0	0	0	0	1	0	0	0	1	0	0
OG_8215	1	2	0	0	0	0	0	0	0	0	0	0
OG_8216	0	1	0	2	0	0	0	0	0	0	0	0
OG_8217	0	3	0	0	0	0	1	0	0	0	0	0
OG_8218	1	1	0	0	0	0	1	0	0	0	0	0
OG_8219	1	2	0	0	0	0	0	0	0	0	0	0
OG_8220	4	4	0	0	0	0	0	0	0	0	0	0
OG_8221	0	1	0	0	0	2	0	0	0	0	0	0
OG_8222	3	1	0	2	0	0	0	0	0	0	0	0
OG_8223	0	1	0	1	0	0	1	0	0	0	0	0
OG_8224	0	0	0	2	0	0	1	0	0	0	0	0
OG_8225	0	0	0	0	5	0	0	0	0	0	1	0
OG_8226	0	1	0	0	3	0	0	0	0	0	3	2
OG_8227	0	0	0	0	1	0	0	0	0	0	2	0
OG_8228	0	0	1	0	1	0	0	0	0	1	0	0
OG_8229	0	0	0	1	1	0	0	0	0	0	0	0
OG_8230	2	0	0	0	0	1	0	0	0	0	0	0
OG_8231	0	0	0	1	0	0	1	0	0	0	0	0
OG_8232	0	0	0	0	0	0	0	0	3	1	0	0
OG_8233	0	0	0	0	0	0	0	0	1	2	0	0
OG_8234	0	0	0	0	2	0	0	0	0	0	3	1
OG_8235	0	0	0	0	4	0	0	0	0	1	1	0
OG_8236	0	0	0	0	1	0	0	0	0	0	1	3
OG_8237	0	0	0	0	6	0	0	0	0	0	1	0
OG_8238	0	0	0	0	0	0	0	0	0	0	2	1
OG_8239	1	0	2	0	0	0	0	2	0	0	0	0
OG_8240	0	3	0	1	0	0	1	0	0	0	0	0
OG_8241	0	0	0	0	2	0	0	0	0	0	4	1
OG_8242	0	0	0	0	3	0	0	0	0	0	4	0
OG_8243	0	0	0	0	2	0	0	0	0	0	1	1
OG_8244	0	0	0	0	0	0	0	0	3	1	0	0
OG_8245	0	0	0	0	3	0	0	0	1	1	1	0
OG_8246	2	0	1	0	0	0	0	0	0	0	0	0
OG_8247	3	0	0	0	0	2	1	0	0	0	0	0
OG_8248	1	0	0	1	0	0	1	0	0	0	0	0
OG_8249	0	0	0	1	0	0	0	0	1	1	0	0
OG_8250	1	0	0	0	0	0	0	0	2	0	0	0
OG_8251	0	0	0	0	3	0	0	0	0	0	3	1
OG_8252	0	0	0	0	1	0	0	0	0	0	1	1
OG_8253	7	1	0	0	0	0	0	0	0	0	0	0
OG_8254	1	0	0	2	0	0	0	0	0	0	0	0
OG_8255	0	1	0	1	0	0	0	0	1	0	0	0
OG_8256	1	0	0	2	0	0	0	0	0	0	0	0
OG_8257	0	0	0	0	2	0	0	0	0	0	1	0
OG_8258	0	0	0	1	0	0	0	0	1	0	0	0
OG_8259	0	0	0	0	0	0	0	0	1	2	0	0
OG_8260	0	0	0	0	0	0	0	0	1	5	0	0
OG_8261	0	0	0	2	0	0	0	0	1	0	0	0
OG_8262	0	0	0	0	1	0	0	0	0	0	4	0
OG_8263	0	0	0	0	1	0	0	0	0	0	1	1
OG_8264	1	0	0	0	0	0	0	0	0	0	2	0
OG_8265	0	0	0	0	1	0	0	0	0	0	2	0
OG_8266	0	0	0	0	0	0	1	0	1	1	0	0
OG_8267	2	0	0	0	1	0	1	0	0	0	1	0
OG_8268	0	0	0	0	2	0	0	0	0	0	1	0
OG_8269	0	2	0	0	0	1	0	0	0	0	0	0
OG_8270	0	0	0	0	2	0	0	0	0	0	1	0
OG_8271	2	0	0	1	0	0	0	0	0	0	0	0
OG_8272	1	0	0	0	0	0	1	0	0	0	0	0
OG_8273	1	0	0	0	0	0	2	0	0	0	0	0
OG_8274	1	0	0	0	0	0	1	0	0	0	0	0
OG_8275	2	0	0	0	0	0	1	0	0	0	0	0
OG_8276	1	0	0	1	0	0	0	0	0	0	0	0
OG_8277	1	1	0	0	0	0	0	0	0	0	0	0
OG_8278	1	0	0	0	0	0	0	0	0	0	0	1
OG_8279	1	0	0	0	0	1	1	0	0	0	0	0
OG_8280	1	0	0	0	0	0	0	0	1	0	0	0
OG_8281	2	0	0	0	0	0	1	0	0	0	0	0
OG_8282	2	0	0	0	0	0	0	1	0	0	0	0
OG_8283	2	0	0	0	0	0	1	0	0	0	0	0
OG_8284	1	0	0	1	0	0	0	0	0	0	0	0
OG_8285	1	0	0	2	0	0	0	0	0	0	0	0
OG_8286	2	0	0	0	0	0	1	0	0	0	0	0
OG_8287	2	0	0	1	0	1	0	0	0	0	0	0
OG_8288	2	0	0	0	0	0	1	0	0	0	0	0
OG_8289	1	0	0	1	0	0	1	0	0	0	0	0
OG_8290	1	0	0	1	0	0	0	0	0	0	0	0
OG_8291	1	0	0	1	0	0	0	0	0	0	0	0
OG_8292	1	0	0	1	0	0	0	0	0	0	0	0
OG_8293	1	1	0	0	0	0	0	0	0	0	0	0
OG_8294	1	0	0	1	0	0	0	0	0	0	0	0
OG_8295	2	1	0	0	0	0	0	0	0	0	0	0
OG_8296	1	0	1	0	0	0	0	1	0	0	0	0
OG_8297	2	0	0	0	0	0	1	0	0	0	0	0
OG_8298	1	0	0	0	0	0	1	0	0	0	0	0
OG_8299	1	0	0	0	0	1	0	0	0	0	0	0
OG_8300	1	0	0	0	0	0	2	0	0	0	0	0
OG_8301	1	0	0	0	0	0	1	0	0	0	0	0
OG_8302	1	0	0	1	0	0	0	0	0	0	0	0
OG_8303	1	0	0	1	0	0	0	0	0	0	0	0
OG_8304	2	0	0	1	0	0	0	0	0	0	0	0
OG_8305	1	0	0	0	0	1	0	1	0	0	0	0
OG_8306	1	1	0	1	0	0	0	0	0	0	0	0
OG_8307	1	0	0	2	0	0	0	0	0	0	0	0
OG_8308	1	0	0	2	0	0	0	0	0	0	0	0
OG_8309	1	0	0	0	0	1	0	0	0	0	0	0
OG_8310	1	0	0	0	0	0	1	0	0	0	0	0
OG_8311	1	0	0	1	0	0	0	0	0	0	0	0
OG_8312	1	0	0	1	0	0	0	0	0	0	0	0
OG_8313	1	1	0	0	0	0	0	0	0	0	0	0
OG_8314	1	0	0	0	0	0	1	0	0	0	0	0
OG_8315	1	0	2	1	0	0	0	0	0	0	0	0
OG_8316	1	0	0	0	0	0	1	0	0	0	0	0
OG_8317	1	0	0	3	0	0	0	0	0	0	0	0
OG_8318	1	2	0	0	0	0	0	0	0	0	0	0
OG_8319	1	0	0	0	0	0	2	0	0	0	0	0
OG_8320	1	0	0	2	0	0	0	0	0	0	0	0
OG_8321	1	0	0	0	0	0	1	0	0	0	0	0
OG_8322	1	0	0	0	0	0	1	0	1	0	0	0
OG_8323	2	0	0	1	0	0	0	0	0	0	0	0
OG_8324	1	0	0	0	0	1	0	0	0	0	0	0
OG_8325	1	2	0	0	0	0	0	0	0	0	0	0
OG_8326	1	0	0	0	0	0	2	0	0	0	0	0
OG_8327	0	2	0	1	0	0	0	0	0	0	0	0
OG_8328	0	2	0	1	0	0	0	0	0	0	0	0
OG_8329	0	1	0	1	0	0	0	0	0	0	0	0
OG_8330	0	2	0	0	0	0	0	0	1	0	0	0
OG_8331	0	1	0	0	0	0	0	0	0	1	0	0
OG_8332	0	1	0	1	0	0	0	0	0	0	0	0
OG_8333	0	2	0	0	0	0	1	0	0	0	0	0
OG_8334	0	1	0	1	0	0	0	0	0	0	0	0
OG_8335	0	2	0	0	0	0	0	0	0	0	3	0
OG_8336	0	1	0	0	0	0	2	0	0	0	0	0
OG_8337	0	1	0	1	0	0	0	0	0	0	0	0
OG_8338	0	1	0	0	0	0	2	0	0	0	0	0
OG_8339	0	1	0	0	0	0	1	0	0	0	0	0
OG_8340	0	1	0	0	0	0	1	0	0	0	0	0
OG_8341	0	2	0	1	0	0	0	0	0	0	0	0
OG_8342	0	1	0	1	0	0	0	0	0	0	0	0
OG_8343	0	2	0	1	0	0	0	0	0	0	0	0
OG_8344	0	1	0	1	0	1	0	0	0	0	0	0
OG_8345	0	2	0	0	0	0	1	0	0	0	0	0
OG_8346	0	2	0	0	0	0	1	0	0	0	0	0
OG_8347	0	1	0	1	0	0	0	0	0	0	0	0
OG_8348	0	1	0	0	0	0	0	0	0	0	0	1
OG_8349	0	3	0	1	0	0	0	0	0	0	0	0
OG_8350	0	2	0	1	0	0	0	0	0	0	0	0
OG_8351	0	1	0	1	0	0	0	0	0	0	0	0
OG_8352	0	2	0	0	0	0	0	0	0	0	0	1
OG_8353	0	1	0	0	0	0	0	0	0	0	3	0
OG_8354	0	1	0	1	0	0	0	0	0	0	0	0
OG_8355	0	1	0	0	0	0	1	0	0	0	0	0
OG_8356	0	2	0	2	0	0	0	0	0	0	0	0
OG_8357	0	1	0	2	0	0	0	0	0	0	0	0
OG_8358	0	2	0	1	0	0	0	0	0	0	0	0
OG_8359	0	1	0	1	0	0	0	0	0	0	0	0
OG_8360	0	1	0	1	0	0	0	0	0	0	0	0
OG_8361	0	1	0	1	0	0	0	0	0	0	0	0
OG_8362	0	1	0	0	0	1	0	0	0	0	0	0
OG_8363	0	1	0	2	0	0	0	0	0	0	0	0
OG_8364	0	0	3	0	0	1	0	0	0	0	0	0
OG_8365	0	0	3	0	0	1	0	0	0	0	0	0
OG_8366	0	0	1	0	0	1	0	1	0	0	0	0
OG_8367	1	0	1	1	0	1	0	0	0	0	0	0
OG_8368	0	2	1	1	0	0	1	0	0	0	0	0
OG_8369	0	0	2	0	0	0	0	2	0	0	0	0
OG_8370	0	0	1	0	0	1	0	1	0	0	0	0
OG_8371	0	0	2	0	0	1	0	1	0	0	0	0
OG_8372	0	0	1	1	0	0	1	0	0	0	0	0
OG_8373	0	0	1	0	0	2	0	0	0	0	0	0
OG_8374	0	0	1	2	0	0	0	0	0	0	0	0
OG_8375	0	0	0	0	4	0	0	0	0	2	1	0
OG_8376	0	0	1	0	0	1	0	1	0	0	0	0
OG_8377	0	0	1	0	0	2	0	0	0	0	0	0
OG_8378	0	0	1	0	0	1	0	1	0	0	0	0
OG_8379	0	0	1	0	0	0	0	1	0	0	0	0
OG_8380	0	0	1	0	0	0	0	1	0	1	0	0
OG_8381	0	0	1	0	0	1	0	0	0	0	0	0
OG_8382	0	0	3	0	0	2	0	0	0	0	0	0
OG_8383	0	0	1	0	0	0	0	0	0	0	0	1
OG_8384	0	0	1	0	0	2	0	0	0	0	0	0
OG_8385	0	0	1	0	2	0	0	1	0	0	0	0
OG_8386	0	0	1	0	0	0	0	1	0	0	0	1
OG_8387	0	0	0	1	0	1	0	0	0	0	0	0
OG_8388	0	0	0	1	0	0	0	0	0	1	0	0
OG_8389	0	0	0	1	0	1	0	0	0	0	0	0
OG_8390	0	0	0	1	0	0	1	0	0	0	0	0
OG_8391	0	0	0	1	0	1	0	0	0	0	0	0
OG_8392	0	0	0	1	0	0	0	0	0	1	0	0
OG_8393	0	0	0	1	0	1	0	0	0	0	0	0
OG_8394	0	0	0	1	0	1	0	0	0	0	0	0
OG_8395	0	0	0	1	0	0	0	0	1	0	0	0
OG_8396	0	0	0	1	0	1	0	0	0	0	0	0
OG_8397	0	0	0	1	0	0	1	0	0	0	0	0
OG_8398	0	0	0	0	1	0	0	0	0	0	1	0
OG_8399	0	0	0	0	1	0	0	0	0	0	1	0
OG_8400	0	0	0	0	12	0	0	0	0	0	1	0
OG_8401	0	0	0	0	1	1	0	0	0	0	2	0
OG_8402	0	0	0	0	1	0	0	0	0	0	1	0
OG_8403	0	0	0	0	1	0	0	0	0	0	1	0
OG_8404	0	0	0	0	2	0	0	0	0	0	1	0
OG_8405	0	0	0	0	1	0	0	0	0	1	0	1
OG_8406	0	0	0	0	1	0	0	0	0	0	1	0
OG_8407	0	0	0	0	3	0	0	0	0	0	3	0
OG_8408	0	0	0	0	2	0	0	0	0	0	2	0
OG_8409	0	0	0	0	1	0	0	0	0	0	0	1
OG_8410	0	0	0	0	1	0	0	0	0	0	1	0
OG_8411	0	0	0	0	1	0	0	0	0	0	1	0
OG_8412	0	0	0	0	1	0	0	0	0	0	1	0
OG_8413	0	0	0	0	1	0	0	0	0	0	1	0
OG_8414	0	0	0	0	1	0	0	0	0	0	1	0
OG_8415	0	0	0	0	1	0	0	0	0	0	1	0
OG_8416	0	0	0	0	1	0	0	0	0	0	1	0
OG_8417	0	0	0	0	3	0	0	0	0	0	1	0
OG_8418	0	0	0	0	2	0	0	0	0	0	3	0
OG_8419	0	0	0	0	3	0	0	0	0	0	1	0
OG_8420	0	0	0	0	8	0	0	0	0	0	4	0
OG_8421	0	0	0	0	2	0	0	0	0	0	2	0
OG_8422	0	0	0	0	2	0	0	0	0	0	1	0
OG_8423	0	0	0	0	2	0	0	0	0	0	1	2
OG_8424	0	0	0	0	1	0	0	0	0	0	1	0
OG_8425	0	0	0	0	3	0	0	0	0	0	1	0
OG_8426	0	0	0	0	3	0	0	0	0	0	1	0
OG_8427	0	0	0	0	1	0	0	0	0	0	1	1
OG_8428	0	0	0	0	1	0	0	0	0	0	1	0
OG_8429	0	0	0	0	4	0	0	0	0	0	1	0
OG_8430	0	0	0	0	1	0	0	0	0	0	1	0
OG_8431	0	0	0	0	1	0	0	0	0	0	0	1
OG_8432	0	0	0	0	2	0	0	0	0	0	1	0
OG_8433	0	0	0	0	3	0	0	0	0	0	1	0
OG_8434	0	0	0	0	2	0	0	0	0	0	1	0
OG_8435	0	0	0	0	3	0	0	0	0	0	7	0
OG_8436	0	0	0	0	1	0	0	0	0	0	1	0
OG_8437	0	0	0	0	2	0	0	0	0	0	1	0
OG_8438	0	0	0	0	3	0	0	0	0	0	1	0
OG_8439	0	0	0	0	1	0	0	0	0	0	3	0
OG_8440	0	0	0	0	1	0	0	0	0	0	0	1
OG_8441	0	0	0	0	2	0	0	0	0	0	1	0
OG_8442	0	0	0	0	1	0	0	0	0	0	1	1
OG_8443	0	0	0	0	3	0	0	0	2	3	1	0
OG_8444	0	0	0	0	1	0	0	0	0	0	1	0
OG_8445	0	0	0	0	2	0	0	0	0	0	1	0
OG_8446	0	0	0	0	4	0	0	0	0	0	0	1
OG_8447	0	0	0	0	2	0	0	0	0	0	1	0
OG_8448	0	0	0	0	1	0	0	0	0	0	2	0
OG_8449	0	0	0	0	1	0	0	0	0	0	2	0
OG_8450	0	0	0	0	2	0	0	0	0	5	1	0
OG_8451	0	0	0	0	1	0	0	0	0	0	1	0
OG_8452	0	0	0	0	2	0	0	0	0	1	0	0
OG_8453	0	0	0	0	1	0	0	0	0	0	1	0
OG_8454	0	0	0	0	2	0	0	0	0	0	0	1
OG_8455	0	0	0	0	5	0	0	0	0	0	1	0
OG_8456	0	0	0	0	1	0	0	0	0	0	1	0
OG_8457	0	0	0	0	2	0	0	0	0	0	1	0
OG_8458	0	0	0	0	0	2	0	1	0	0	0	0
OG_8459	0	0	0	0	0	1	1	0	0	0	0	0
OG_8460	0	0	0	0	0	1	0	1	0	0	0	0
OG_8461	0	0	0	0	0	1	0	1	0	0	0	0
OG_8462	0	0	0	0	0	1	0	1	0	0	0	0
OG_8463	0	0	0	0	0	3	0	1	0	0	0	0
OG_8464	0	0	0	0	0	1	0	1	0	0	0	0
OG_8465	0	0	0	0	0	1	1	0	0	0	0	0
OG_8466	0	0	0	0	0	0	1	0	1	1	0	0
OG_8467	0	0	0	0	0	0	1	1	0	0	0	0
OG_8468	0	0	0	0	0	0	0	1	0	0	0	1
OG_8469	0	0	0	0	0	0	0	0	2	0	2	0
OG_8470	0	0	0	0	0	0	0	0	1	2	0	0
OG_8471	0	0	0	0	0	0	0	0	1	1	0	0
OG_8472	0	0	0	0	0	0	0	0	1	2	0	0
OG_8473	0	0	0	0	0	0	0	0	1	0	1	0
OG_8474	0	0	0	0	0	0	0	0	1	1	0	0
OG_8475	0	0	0	0	0	0	0	0	1	0	1	0
OG_8476	0	0	0	0	0	0	0	0	4	0	0	1
OG_8477	0	0	0	0	0	0	0	0	1	1	0	0
OG_8478	0	0	0	0	0	0	0	0	1	1	1	0
OG_8479	0	0	0	0	0	0	0	0	1	0	2	0
OG_8480	0	0	0	0	0	0	0	0	1	3	0	0
OG_8481	0	0	0	0	0	0	0	0	1	3	0	0
OG_8482	0	0	0	0	0	0	0	0	1	2	0	0
OG_8483	0	0	0	0	0	0	0	0	1	1	0	0
OG_8484	0	0	0	0	0	0	0	0	1	1	0	0
OG_8485	0	0	0	0	0	0	0	0	1	1	1	0
OG_8486	0	0	0	0	0	0	0	0	2	1	0	0
OG_8487	0	0	0	0	0	0	0	0	2	0	1	0
OG_8488	0	0	0	0	0	0	0	0	2	1	0	0
OG_8489	0	0	0	0	0	0	0	0	1	1	0	0
OG_8490	0	0	0	0	0	0	0	0	1	1	0	1
OG_8491	0	0	0	0	0	0	0	0	1	0	0	1
OG_8492	0	0	0	0	0	0	0	0	1	1	0	0
OG_8493	0	0	0	0	0	0	0	0	1	1	0	0
OG_8494	0	0	0	0	0	0	0	0	1	1	0	0
OG_8495	0	0	0	0	0	0	0	0	1	1	0	0
OG_8496	0	0	0	0	0	0	0	0	1	2	0	0
OG_8497	0	0	0	0	0	0	0	0	1	1	0	0
OG_8498	0	0	0	0	0	0	0	0	1	1	0	0
OG_8499	0	0	0	0	0	0	0	0	1	0	1	0
OG_8500	0	0	0	0	0	0	0	0	2	2	0	0
OG_8501	0	0	0	0	0	0	0	0	1	2	0	0
OG_8502	0	0	0	0	0	0	0	0	1	1	0	0
OG_8503	0	0	0	0	0	0	0	0	0	1	0	1
OG_8504	0	0	0	0	0	0	0	0	0	1	1	0
OG_8505	0	0	0	0	0	0	0	0	0	1	0	1
OG_8506	0	0	0	0	0	0	0	0	0	2	0	1
OG_8507	0	0	0	0	0	0	0	0	0	0	1	2
OG_8508	0	0	0	0	0	0	0	0	0	0	1	1
OG_8509	1	1	1	1	1	1	1	1	1	0	1	2
OG_8510	1	1	1	1	1	1	3	1	1	2	0	2
OG_8511	1	1	1	1	1	1	1	1	1	2	2	2
OG_8512	1	1	1	1	1	1	1	1	1	1	1	2
OG_8513	0	0	2	1	0	1	3	1	5	3	0	0
OG_8514	1	1	1	1	1	1	1	0	1	1	1	2
OG_8515	1	1	1	1	1	1	1	1	1	1	0	3
OG_8516	1	1	3	1	2	1	1	2	1	0	2	2
OG_8517	5	5	2	10	0	14	3	3	0	3	0	2
OG_8518	1	1	1	1	1	1	1	2	1	3	1	3
OG_8519	1	1	1	1	1	1	1	1	1	5	1	3
OG_8520	1	1	1	1	1	1	1	1	1	1	0	2
OG_8521	1	1	1	1	2	1	1	0	1	1	0	2
OG_8522	1	1	1	1	1	1	1	2	1	4	1	2
OG_8523	1	1	1	1	0	1	1	1	1	1	0	2
OG_8524	1	1	1	1	2	1	1	1	0	1	1	2
OG_8525	1	1	1	1	2	1	1	1	1	1	1	2
OG_8526	1	0	1	1	1	1	1	1	1	1	1	2
OG_8527	1	1	1	1	2	1	3	2	2	1	0	2
OG_8528	1	2	1	1	0	1	1	1	2	1	0	0
OG_8529	1	2	1	1	0	1	1	1	2	1	0	2
OG_8530	1	2	1	1	4	2	2	1	1	3	1	2
OG_8531	1	1	2	1	2	1	1	1	1	3	1	2
OG_8532	1	1	3	1	2	1	1	1	1	0	1	4
OG_8533	1	1	1	1	1	1	1	1	1	1	1	2
OG_8534	1	1	1	2	1	2	1	1	1	1	1	2
OG_8535	1	1	3	1	0	1	1	1	2	4	0	0
OG_8536	1	1	3	1	1	1	1	2	1	1	2	0
OG_8537	1	1	4	1	4	1	1	2	8	3	0	2
OG_8538	1	1	1	1	5	1	1	1	1	2	2	2
OG_8539	1	1	0	1	1	1	1	1	1	1	1	1
OG_8540	1	1	1	1	2	1	1	1	1	4	1	2
OG_8541	1	1	1	1	0	1	1	2	1	0	0	2
OG_8542	1	1	3	1	1	1	1	1	1	1	1	2
OG_8543	1	1	1	0	1	1	1	1	1	1	0	2
OG_8544	1	1	1	1	3	1	1	1	1	1	2	3
OG_8545	1	1	1	1	1	1	3	1	2	1	2	2
OG_8546	1	1	1	1	1	1	1	1	1	1	1	2
OG_8547	1	1	1	1	2	1	1	1	1	1	1	2
OG_8548	2	1	2	1	1	1	1	2	1	0	1	2
OG_8549	1	3	2	1	1	1	1	1	1	1	1	2
OG_8550	1	1	1	1	1	1	1	1	1	1	1	2
OG_8551	1	1	2	1	1	1	1	1	1	3	2	2
OG_8552	1	3	3	1	1	1	1	4	6	4	2	0
OG_8553	1	1	3	1	1	1	1	1	1	1	0	1
OG_8554	1	2	1	1	2	1	2	5	1	2	1	1
OG_8555	1	1	2	1	1	1	1	1	1	3	2	1
OG_8556	1	1	1	1	1	1	0	1	1	1	1	1
OG_8557	1	1	4	1	2	1	2	2	1	2	1	2
OG_8558	1	1	1	1	1	1	1	1	1	5	1	2
OG_8559	1	1	1	1	2	1	1	1	1	1	1	2
OG_8560	1	1	1	1	1	1	1	1	1	1	1	2
OG_8561	1	1	4	1	2	1	1	1	1	1	2	2
OG_8562	1	1	1	1	0	1	1	1	1	1	0	2
OG_8563	1	1	1	1	0	1	1	1	2	2	0	2
OG_8564	1	1	1	1	1	1	1	0	1	1	1	2
OG_8565	2	1	1	1	4	1	1	1	2	4	1	2
OG_8566	1	1	1	1	1	1	0	1	1	2	1	2
OG_8567	1	1	1	1	2	1	1	1	1	1	1	2
OG_8568	1	1	1	1	2	1	1	1	1	2	2	6
OG_8569	1	1	1	1	1	1	1	1	1	1	1	2
OG_8570	2	1	2	1	1	1	1	2	1	5	1	2
OG_8571	1	1	1	1	1	1	2	1	1	3	1	2
OG_8572	1	1	1	1	2	1	1	1	1	1	1	2
OG_8573	1	1	2	1	2	1	1	2	1	1	1	2
OG_8574	3	1	1	3	4	1	1	1	3	1	0	2
OG_8575	1	1	2	1	4	1	1	1	1	1	1	2
OG_8576	1	1	1	1	6	1	1	1	1	3	1	0
OG_8577	1	1	1	6	2	1	1	1	1	2	2	1
OG_8578	2	1	3	2	0	2	2	3	2	31	0	2
OG_8579	1	1	0	1	0	1	1	0	1	1	1	1
OG_8580	1	1	1	1	0	1	1	2	1	1	0	1
OG_8581	1	1	1	1	1	1	1	1	1	1	0	1
OG_8582	1	1	1	1	1	1	1	1	1	3	1	1
OG_8583	1	1	1	1	2	1	1	1	1	4	4	1
OG_8584	1	1	1	1	0	1	1	1	1	1	0	1
OG_8585	1	1	1	1	1	1	1	1	2	1	1	1
OG_8586	1	1	1	1	0	1	1	1	1	1	0	1
OG_8587	1	1	1	1	0	1	1	1	1	1	0	1
OG_8588	1	1	1	1	1	1	1	1	1	1	1	1
OG_8589	1	1	0	1	2	1	1	1	2	2	1	3
OG_8590	1	1	1	1	3	1	1	1	2	1	0	1
OG_8591	1	1	1	1	2	1	1	1	0	2	1	1
OG_8592	1	1	1	1	1	1	1	1	1	1	0	1
OG_8593	1	1	1	1	0	1	2	1	2	1	0	1
OG_8594	1	1	1	1	1	1	1	1	1	1	0	1
OG_8595	1	1	1	1	1	1	1	1	1	1	1	1
OG_8596	1	1	1	1	2	1	1	1	1	1	1	1
OG_8597	1	1	1	1	1	1	1	1	1	1	1	1
OG_8598	1	1	1	1	1	1	1	1	1	4	1	1
OG_8599	1	1	3	1	1	1	1	1	1	1	1	1
OG_8600	1	1	1	1	1	1	1	1	1	1	1	1
OG_8601	1	1	1	1	1	1	1	1	1	1	1	1
OG_8602	1	1	1	1	1	1	2	1	1	2	0	2
OG_8603	1	1	1	1	1	1	1	1	1	1	1	1
OG_8604	2	1	1	1	0	1	4	1	0	1	0	0
OG_8605	1	1	1	1	3	1	2	1	2	2	5	1
OG_8606	1	1	1	1	1	1	1	1	1	3	1	1
OG_8607	1	1	2	1	1	1	1	1	1	3	1	1
OG_8608	1	1	1	1	1	1	1	1	1	1	1	1
OG_8609	1	0	0	1	0	0	0	0	0	1	0	1
OG_8610	1	1	1	1	1	1	1	1	3	2	2	1
OG_8611	2	1	3	1	4	1	1	6	2	1	1	1
OG_8612	2	1	2	1	6	1	1	1	1	5	0	1
OG_8613	1	1	5	1	5	1	2	5	0	1	1	1
OG_8614	1	1	2	1	1	1	1	1	1	1	0	1
OG_8615	1	1	1	1	1	1	1	1	1	2	2	1
OG_8616	1	1	1	1	3	1	1	1	1	6	1	1
OG_8617	1	1	1	1	0	1	1	2	1	1	0	1
OG_8618	1	2	1	1	1	1	1	2	1	2	1	1
OG_8619	1	1	1	1	1	1	1	1	1	1	1	1
OG_8620	1	1	1	1	2	2	1	1	0	1	1	1
OG_8621	1	1	1	1	1	2	1	1	1	1	1	1
OG_8622	1	1	1	1	1	1	1	1	1	1	1	1
OG_8623	1	1	3	1	1	1	1	2	1	0	0	1
OG_8624	1	1	2	1	1	1	1	1	1	1	1	1
OG_8625	1	1	1	1	3	1	1	1	1	0	1	1
OG_8626	1	1	1	1	1	1	1	1	1	1	1	1
OG_8627	1	1	3	1	0	1	1	3	2	2	0	1
OG_8628	1	1	1	1	1	1	1	1	1	1	1	1
OG_8629	1	1	1	1	1	1	1	1	1	1	1	2
OG_8630	1	1	1	1	1	1	1	0	1	1	1	1
OG_8631	1	1	1	1	1	1	1	1	1	0	1	1
OG_8632	2	1	1	1	1	1	2	1	1	1	0	1
OG_8633	1	1	1	1	1	1	1	0	2	1	0	1
OG_8634	1	1	1	1	1	1	1	1	1	0	1	1
OG_8635	1	1	0	1	0	1	1	0	0	0	0	1
OG_8636	1	1	1	1	2	1	1	1	1	1	1	1
OG_8637	1	1	1	1	1	1	1	1	1	1	1	1
OG_8638	1	1	2	1	2	1	1	1	1	1	2	1
OG_8639	1	1	1	1	1	1	1	1	1	2	1	1
OG_8640	1	1	3	1	1	1	2	1	1	1	1	1
OG_8641	1	1	1	2	1	1	1	1	1	2	1	1
OG_8642	1	1	1	2	1	1	1	3	1	5	1	1
OG_8643	2	1	1	1	1	1	3	1	2	1	2	0
OG_8644	2	1	1	1	0	1	1	1	2	3	0	0
OG_8645	1	1	1	2	1	1	1	1	2	1	0	1
OG_8646	2	1	1	1	1	1	1	1	1	1	1	1
OG_8647	1	2	1	1	0	1	1	1	1	2	0	1
OG_8648	2	2	1	1	1	1	1	2	1	1	4	2
OG_8649	1	0	1	1	1	1	1	1	1	1	1	1
OG_8650	1	1	1	1	5	1	1	1	1	2	1	1
OG_8651	1	1	1	1	4	1	1	1	1	1	2	1
OG_8652	1	1	2	1	0	1	1	1	1	1	0	1
OG_8653	1	0	1	1	1	1	1	1	1	3	1	1
OG_8654	1	1	1	1	0	1	1	1	0	1	0	1
OG_8655	2	1	1	2	2	1	1	1	1	3	2	1
OG_8656	2	1	2	1	1	1	1	1	1	1	1	1
OG_8657	1	1	1	1	8	1	1	3	1	3	1	1
OG_8658	1	1	1	1	0	1	1	1	1	1	1	1
OG_8659	1	1	2	1	2	1	1	2	1	2	1	1
OG_8660	1	1	0	1	0	1	1	0	0	1	0	1
OG_8661	1	1	1	1	1	1	2	1	1	1	1	1
OG_8662	1	1	1	1	2	1	1	1	1	2	1	1
OG_8663	1	1	1	1	1	1	1	1	1	1	1	1
OG_8664	1	1	1	1	1	1	1	2	2	5	1	1
OG_8665	1	1	2	1	1	1	1	1	2	1	0	1
OG_8666	1	1	1	1	0	1	1	1	1	2	0	1
OG_8667	1	1	1	1	4	1	1	1	1	1	1	1
OG_8668	1	1	1	1	2	1	0	1	1	1	1	1
OG_8669	1	1	1	1	1	1	1	1	1	1	0	1
OG_8670	1	1	1	1	2	1	2	1	1	1	1	1
OG_8671	1	1	2	1	6	1	1	1	1	1	1	1
OG_8672	1	1	1	1	0	1	1	2	0	0	0	1
OG_8673	1	1	1	1	1	1	1	1	1	1	1	1
OG_8674	0	1	1	0	0	1	0	1	0	0	0	0
OG_8675	1	1	2	1	4	1	1	1	2	1	1	1
OG_8676	1	1	1	1	1	1	1	1	2	1	1	1
OG_8677	1	1	0	1	1	1	1	1	1	2	1	1
OG_8678	1	1	1	1	1	1	1	1	1	1	1	1
OG_8679	1	1	1	1	1	1	1	1	1	1	1	1
OG_8680	1	1	1	1	1	1	1	1	1	1	1	1
OG_8681	1	1	1	1	5	1	1	1	1	1	0	1
OG_8682	1	1	1	8	2	1	1	1	1	2	1	1
OG_8683	1	1	3	1	1	1	1	2	1	1	1	1
OG_8684	1	1	2	1	1	1	1	1	1	2	0	1
OG_8685	1	1	1	1	1	1	1	1	1	1	2	1
OG_8686	1	1	1	1	1	1	1	1	1	0	1	1
OG_8687	1	3	1	1	0	1	1	1	0	1	0	1
OG_8688	1	1	1	1	2	1	1	1	1	1	1	1
OG_8689	1	1	1	1	1	1	1	1	1	1	1	0
OG_8690	1	1	1	1	1	1	1	2	1	0	1	1
OG_8691	1	2	2	1	1	1	2	1	1	1	1	1
OG_8692	1	1	4	1	0	1	1	1	1	3	1	1
OG_8693	1	1	1	1	1	1	1	2	1	1	0	1
OG_8694	1	1	0	1	0	1	1	0	0	1	1	1
OG_8695	1	1	1	1	0	1	1	1	1	1	0	1
OG_8696	1	1	1	1	3	1	1	1	1	1	1	1
OG_8697	1	1	1	1	1	1	2	1	1	1	1	1
OG_8698	1	1	3	1	1	2	3	3	1	2	1	2
OG_8699	1	1	1	1	0	1	1	1	2	1	1	1
OG_8700	1	1	1	1	0	1	2	1	2	1	0	1
OG_8701	1	1	3	1	6	1	1	1	1	1	2	1
OG_8702	1	1	1	1	1	1	1	1	1	1	1	1
OG_8703	1	1	1	1	3	1	1	1	1	1	1	1
OG_8704	1	1	0	1	0	1	1	0	1	1	1	1
OG_8705	0	0	0	1	1	0	0	1	0	1	1	0
OG_8706	2	1	1	1	2	1	2	1	1	2	2	2
OG_8707	1	1	1	1	1	1	1	1	1	1	0	1
OG_8708	1	1	1	1	1	1	1	1	1	1	1	1
OG_8709	1	1	1	1	1	1	2	1	1	0	2	1
OG_8710	1	1	1	1	1	1	1	1	1	1	1	1
OG_8711	1	1	2	1	2	1	1	1	1	1	2	2
OG_8712	1	1	1	1	1	1	1	1	0	2	1	1
OG_8713	1	1	1	1	2	1	1	1	1	2	1	1
OG_8714	1	1	1	1	1	1	1	1	0	1	0	1
OG_8715	1	1	1	1	1	1	1	1	1	3	1	1
OG_8716	1	1	3	1	2	1	1	1	1	1	1	1
OG_8717	1	1	1	1	1	1	1	1	1	2	1	1
OG_8718	1	1	1	1	1	1	1	1	1	1	1	1
OG_8719	1	1	3	1	1	1	3	3	1	4	0	1
OG_8720	1	1	1	1	1	1	1	1	0	1	1	1
OG_8721	1	1	1	1	1	1	1	1	3	1	1	1
OG_8722	1	1	1	1	1	1	1	1	1	2	1	1
OG_8723	1	1	1	1	2	1	1	2	2	6	2	1
OG_8724	1	1	1	1	1	1	1	1	1	1	1	1
OG_8725	1	1	1	1	1	1	1	1	1	1	1	1
OG_8726	1	1	1	1	2	1	1	1	2	3	1	1
OG_8727	1	1	1	1	1	1	1	2	1	1	1	1
OG_8728	1	1	0	4	0	1	1	0	0	0	0	0
OG_8729	1	1	0	0	0	0	1	0	0	1	0	0
OG_8730	1	1	4	1	3	2	1	2	1	1	1	1
OG_8731	1	0	1	2	0	1	1	1	0	1	0	0
OG_8732	1	1	1	1	1	1	1	1	1	1	1	1
OG_8733	1	1	1	1	0	1	1	1	1	4	0	1
OG_8734	1	1	1	1	0	1	2	1	1	3	0	1
OG_8735	1	1	1	1	2	1	2	1	5	1	1	1
OG_8736	1	1	1	1	0	1	1	1	1	1	0	1
OG_8737	1	1	1	1	2	1	1	1	1	2	1	2
OG_8738	1	1	1	1	1	1	0	1	1	1	1	1
OG_8739	1	1	1	1	2	1	3	2	1	1	2	1
OG_8740	1	1	1	1	1	1	1	1	1	1	1	1
OG_8741	1	1	1	1	3	1	1	1	1	1	1	1
OG_8742	1	1	1	1	6	1	1	2	1	2	2	1
OG_8743	1	1	1	1	1	1	1	1	1	1	1	1
OG_8744	1	1	1	1	1	1	1	1	1	1	1	1
OG_8745	1	1	1	1	3	1	1	1	1	1	0	2
OG_8746	1	1	1	1	1	1	0	1	0	1	1	1
OG_8747	1	1	3	1	1	1	1	3	6	1	1	1
OG_8748	2	1	1	1	3	1	1	1	5	0	1	1
OG_8749	1	1	1	1	1	1	1	1	1	1	0	1
OG_8750	1	1	0	1	0	1	2	1	1	1	0	1
OG_8751	1	1	1	1	2	1	1	1	1	1	0	0
OG_8752	1	1	1	1	0	1	1	2	0	0	0	1
OG_8753	1	1	1	1	1	1	2	1	1	1	1	1
OG_8754	2	1	1	1	1	1	1	1	2	1	3	2
OG_8755	1	1	1	1	1	1	1	1	1	1	1	1
OG_8756	1	1	3	1	0	1	1	1	1	1	0	1
OG_8757	1	1	1	1	1	1	1	2	1	1	1	1
OG_8758	1	1	1	2	1	1	1	2	1	1	1	1
OG_8759	1	1	1	1	1	1	1	1	1	1	1	1
OG_8760	1	1	1	1	1	1	1	1	1	2	1	2
OG_8761	1	1	1	1	1	1	1	1	1	2	1	1
OG_8762	1	1	1	1	1	1	2	2	1	1	1	1
OG_8763	1	1	1	2	1	1	1	1	1	1	2	2
OG_8764	1	1	1	1	1	1	1	1	1	1	0	1
OG_8765	1	1	1	1	1	1	2	1	1	1	1	1
OG_8766	1	1	1	1	1	1	1	2	1	1	1	2
OG_8767	1	1	1	1	1	1	1	1	1	1	1	1
OG_8768	1	1	1	1	1	1	1	1	1	1	1	2
OG_8769	1	1	1	1	1	1	1	1	1	1	2	1
OG_8770	1	1	1	1	2	1	1	1	1	2	0	1
OG_8771	2	1	1	1	1	1	1	1	1	1	1	1
OG_8772	1	1	0	0	0	1	0	0	0	1	0	1
OG_8773	1	1	0	1	2	1	1	1	1	1	1	1
OG_8774	1	2	1	1	2	1	1	1	1	1	1	1
OG_8775	1	1	1	1	1	1	1	1	1	1	1	1
OG_8776	1	1	5	1	0	1	2	1	2	1	0	1
OG_8777	1	1	0	1	1	1	0	1	0	1	1	1
OG_8778	1	1	3	1	1	1	1	1	2	1	1	1
OG_8779	1	1	1	1	2	1	1	1	1	1	1	1
OG_8780	1	1	1	1	1	1	1	0	1	2	1	2
OG_8781	1	1	0	1	0	1	1	1	1	1	0	1
OG_8782	2	1	1	1	1	1	1	1	1	1	1	1
OG_8783	1	1	2	1	0	1	1	1	0	1	0	1
OG_8784	1	1	1	1	1	1	2	2	1	1	2	2
OG_8785	1	1	1	1	0	1	1	1	0	1	1	1
OG_8786	1	1	2	1	1	2	1	2	1	4	1	1
OG_8787	1	1	1	1	1	1	1	0	1	1	1	1
OG_8788	1	1	1	1	1	1	1	1	1	1	1	1
OG_8789	2	1	1	1	1	1	1	1	1	1	1	1
OG_8790	1	1	1	1	1	1	1	1	1	1	0	1
OG_8791	1	1	1	1	1	1	1	1	2	1	0	1
OG_8792	1	1	1	1	1	1	1	1	1	1	1	1
OG_8793	1	1	1	1	1	1	1	1	1	1	1	1
OG_8794	1	1	0	1	1	1	1	1	0	1	1	1
OG_8795	1	1	1	1	1	1	1	1	1	1	0	0
OG_8796	1	1	1	1	1	1	1	2	1	1	0	1
OG_8797	1	1	1	1	1	1	1	1	1	1	1	1
OG_8798	1	1	1	1	1	1	1	2	2	1	1	1
OG_8799	1	1	1	1	1	1	1	0	1	1	1	1
OG_8800	1	1	1	1	7	1	1	1	1	1	1	1
OG_8801	1	1	1	1	4	1	1	2	1	1	1	1
OG_8802	1	1	1	1	0	1	1	1	1	1	0	1
OG_8803	1	1	1	1	2	1	1	1	1	1	1	1
OG_8804	1	1	1	1	1	1	1	1	1	1	1	1
OG_8805	1	1	1	1	1	1	1	1	1	0	0	1
OG_8806	1	0	1	1	0	1	1	1	0	2	0	1
OG_8807	15	8	2	10	6	3	9	2	3	1	1	0
OG_8808	1	1	1	1	3	1	1	1	1	1	2	1
OG_8809	1	1	3	1	1	1	1	1	1	1	1	1
OG_8810	1	1	4	1	1	1	1	2	0	4	1	1
OG_8811	1	1	1	1	1	1	1	1	1	3	1	1
OG_8812	1	1	2	1	1	1	1	1	1	1	2	1
OG_8813	1	1	1	1	0	1	1	1	1	1	0	1
OG_8814	1	1	2	3	1	1	1	2	3	1	0	2
OG_8815	1	1	2	1	1	1	1	1	1	1	1	1
OG_8816	1	1	1	1	2	1	1	1	1	1	0	1
OG_8817	1	1	1	1	1	1	1	1	1	1	1	1
OG_8818	1	1	1	1	1	1	1	1	1	1	1	1
OG_8819	1	1	1	1	1	1	1	1	1	1	1	1
OG_8820	1	1	2	1	0	1	2	1	1	3	0	1
OG_8821	1	1	1	1	0	1	2	1	1	2	0	1
OG_8822	1	1	1	1	1	1	1	1	1	2	1	1
OG_8823	2	1	1	3	0	1	1	1	1	0	0	1
OG_8824	1	1	1	1	1	1	1	1	1	1	1	1
OG_8825	1	1	1	1	1	1	1	1	1	3	1	1
OG_8826	1	1	2	1	3	1	1	1	2	1	0	1
OG_8827	1	1	1	1	2	1	1	1	1	2	1	1
OG_8828	1	1	2	1	1	1	1	1	1	3	2	1
OG_8829	1	1	1	1	0	1	1	1	0	0	1	1
OG_8830	1	1	1	2	0	1	1	1	2	1	0	1
OG_8831	1	1	1	1	1	1	1	1	1	1	1	1
OG_8832	1	1	1	1	2	1	1	1	2	2	1	1
OG_8833	2	1	1	1	1	1	1	1	2	1	1	1
OG_8834	1	1	1	1	0	1	1	1	1	1	1	1
OG_8835	1	1	3	1	1	1	1	1	1	1	1	1
OG_8836	2	1	1	1	1	1	1	1	1	1	1	1
OG_8837	1	2	1	1	1	1	1	2	1	1	1	1
OG_8838	1	1	2	1	1	1	2	1	2	1	1	1
OG_8839	1	1	1	1	2	1	1	1	2	1	3	1
OG_8840	1	1	1	1	2	2	2	2	1	5	3	0
OG_8841	1	1	0	1	0	2	1	1	0	0	0	1
OG_8842	1	1	1	1	1	1	1	1	1	1	2	1
OG_8843	1	1	1	1	4	1	2	1	1	1	1	1
OG_8844	1	1	2	1	1	1	1	2	1	1	1	1
OG_8845	1	1	1	1	1	1	1	2	2	1	1	2
OG_8846	1	1	1	1	1	1	1	1	1	2	1	1
OG_8847	1	4	1	1	1	1	3	2	2	2	1	2
OG_8848	1	1	1	1	2	1	1	1	1	3	0	1
OG_8849	1	1	1	1	0	1	1	1	1	2	1	1
OG_8850	2	1	1	1	4	2	1	1	1	1	1	1
OG_8851	1	1	1	1	1	1	1	1	1	1	2	1
OG_8852	1	1	1	1	2	1	1	1	1	1	1	1
OG_8853	1	1	0	1	6	1	1	4	4	4	2	1
OG_8854	0	0	0	0	0	0	1	0	0	0	0	1
OG_8855	1	1	1	1	1	1	1	1	1	3	1	1
OG_8856	1	1	1	1	1	1	1	1	1	4	1	1
OG_8857	1	1	1	1	2	1	1	1	1	1	1	1
OG_8858	2	2	2	2	1	1	2	1	1	1	1	2
OG_8859	1	1	1	1	0	1	1	2	2	2	0	1
OG_8860	1	0	2	1	0	1	1	1	1	1	0	0
OG_8861	1	1	0	1	0	1	1	0	1	3	0	1
OG_8862	1	1	1	1	1	1	1	1	1	1	1	1
OG_8863	1	1	1	1	1	1	2	0	1	1	1	1
OG_8864	1	1	1	1	1	1	1	3	2	2	1	1
OG_8865	1	1	1	1	1	1	1	1	1	1	0	1
OG_8866	1	1	1	1	1	1	1	1	1	1	0	1
OG_8867	1	1	1	1	0	1	1	1	1	1	0	1
OG_8868	1	1	1	1	1	1	3	1	1	2	1	1
OG_8869	1	1	1	1	0	1	1	1	2	1	1	1
OG_8870	1	2	1	1	0	1	1	1	1	1	0	1
OG_8871	1	1	0	1	0	1	1	1	1	1	0	1
OG_8872	1	1	1	1	1	1	1	1	1	0	1	1
OG_8873	1	1	1	1	1	1	1	1	3	1	1	2
OG_8874	1	1	1	1	2	1	1	1	1	2	1	1
OG_8875	1	1	1	1	1	1	1	1	1	1	1	1
OG_8876	1	1	1	1	2	1	1	1	1	2	1	1
OG_8877	1	1	1	1	1	1	1	1	1	1	1	1
OG_8878	1	2	1	1	1	2	1	1	1	1	2	1
OG_8879	1	0	1	1	0	1	2	0	1	2	0	2
OG_8880	1	1	2	1	2	1	1	1	2	4	3	0
OG_8881	2	2	3	1	1	1	2	3	1	1	1	2
OG_8882	3	0	0	1	0	1	2	1	0	0	0	0
OG_8883	1	1	1	1	0	1	1	1	1	1	0	1
OG_8884	1	1	1	1	1	1	1	2	1	2	1	1
OG_8885	1	0	1	2	0	1	3	3	1	3	0	1
OG_8886	1	1	1	1	1	1	1	1	1	3	1	1
OG_8887	1	1	2	1	1	1	2	1	1	1	0	1
OG_8888	1	1	1	2	1	1	1	1	2	2	2	5
OG_8889	1	1	1	1	2	1	1	1	1	1	1	3
OG_8890	2	1	4	2	1	1	1	2	1	1	1	1
OG_8891	1	1	1	1	1	1	1	1	6	2	1	1
OG_8892	3	3	2	2	1	1	1	1	4	2	0	1
OG_8893	1	2	0	1	2	2	1	1	1	3	1	1
OG_8894	1	1	1	1	0	1	2	1	0	0	0	0
OG_8895	0	0	0	0	0	0	0	0	1	2	0	1
OG_8896	1	1	1	1	3	1	1	1	1	1	1	1
OG_8897	1	1	1	2	1	1	1	1	1	2	1	1
OG_8898	1	1	0	1	1	1	1	1	1	1	1	1
OG_8899	1	1	1	1	1	1	1	1	1	1	1	1
OG_8900	1	1	2	1	0	1	1	2	1	1	0	1
OG_8901	1	1	1	0	0	1	1	1	1	1	0	1
OG_8902	1	0	1	1	0	1	1	1	2	5	0	1
OG_8903	1	1	0	1	1	1	1	1	2	2	0	1
OG_8904	1	1	1	1	3	1	1	1	1	2	2	1
OG_8905	1	1	1	1	0	1	1	1	1	0	0	1
OG_8906	1	1	1	1	0	1	1	1	1	2	0	1
OG_8907	2	1	2	1	2	1	1	1	1	1	1	1
OG_8908	1	1	1	1	1	1	1	1	1	1	1	1
OG_8909	2	1	2	1	1	1	1	2	2	1	1	3
OG_8910	4	0	0	1	1	1	2	1	0	0	0	0
OG_8911	1	1	1	1	1	1	1	1	1	1	0	1
OG_8912	8	7	15	11	8	7	10	13	5	8	1	3
OG_8913	2	1	2	1	1	1	1	3	1	1	1	1
OG_8914	1	1	2	1	1	1	1	1	1	1	1	1
OG_8915	1	1	1	1	1	1	1	1	1	1	1	1
OG_8916	1	1	1	1	2	1	1	1	1	1	1	1
OG_8917	1	1	1	1	2	1	2	1	1	1	1	1
OG_8918	1	1	1	1	1	1	1	1	1	1	1	1
OG_8919	1	1	1	1	2	1	1	1	1	1	1	1
OG_8920	1	0	1	1	0	1	1	1	1	1	0	1
OG_8921	1	1	2	1	1	1	1	1	1	1	1	1
OG_8922	1	1	1	1	1	1	2	1	1	1	2	1
OG_8923	1	2	1	1	4	1	1	1	1	3	1	1
OG_8924	1	1	1	1	1	1	1	1	1	1	1	1
OG_8925	1	1	1	1	3	1	1	1	0	1	1	1
OG_8926	1	2	1	1	4	1	1	1	5	1	7	1
OG_8927	1	1	1	1	1	1	1	2	3	3	1	1
OG_8928	1	1	1	1	2	1	1	1	1	2	1	1
OG_8929	1	1	2	1	3	1	1	1	1	1	1	1
OG_8930	1	2	1	1	1	1	1	1	1	1	1	1
OG_8931	1	1	1	1	1	1	1	1	1	1	1	1
OG_8932	1	1	1	1	0	1	1	0	1	3	0	1
OG_8933	1	1	1	1	4	1	1	1	1	1	1	1
OG_8934	1	1	1	1	2	1	1	1	1	1	1	1
OG_8935	1	1	1	1	1	1	1	1	1	2	1	1
OG_8936	1	1	1	1	1	1	1	1	1	0	1	1
OG_8937	2	1	3	2	1	1	0	1	1	1	1	0
OG_8938	1	1	0	0	0	1	0	0	0	0	0	1
OG_8939	1	1	1	1	1	1	1	1	1	1	1	1
OG_8940	1	2	1	1	1	1	1	1	3	1	0	1
OG_8941	1	1	1	1	1	1	1	1	1	1	0	1
OG_8942	1	1	1	1	1	1	1	1	0	1	1	1
OG_8943	1	1	1	1	1	1	1	1	1	1	1	1
OG_8944	1	1	2	1	2	1	1	1	1	3	1	1
OG_8945	1	1	1	1	1	1	1	1	1	1	1	1
OG_8946	1	1	1	1	1	1	1	2	1	3	1	1
OG_8947	1	2	1	1	1	1	1	1	1	1	1	1
OG_8948	1	1	1	1	4	1	1	1	1	1	1	1
OG_8949	1	1	1	1	1	1	1	1	1	1	1	1
OG_8950	1	1	1	1	0	1	1	1	2	1	0	0
OG_8951	1	1	0	1	0	1	1	0	1	0	0	0
OG_8952	1	1	1	2	0	1	1	1	0	0	0	0
OG_8953	1	1	0	1	0	1	1	0	1	0	0	1
OG_8954	1	1	1	1	0	1	1	1	0	1	0	1
OG_8955	1	1	1	1	0	1	1	1	1	0	0	1
OG_8956	1	1	1	1	1	1	1	1	0	1	2	1
OG_8957	1	1	1	1	0	1	3	1	1	1	0	1
OG_8958	1	1	1	1	2	1	1	1	1	2	1	1
OG_8959	2	1	1	0	1	1	1	1	1	2	2	1
OG_8960	1	0	4	1	1	2	1	2	0	1	0	1
OG_8961	1	1	1	1	1	1	1	1	1	1	1	1
OG_8962	1	1	2	1	1	1	1	4	1	7	1	1
OG_8963	1	1	1	1	1	1	1	1	1	1	1	1
OG_8964	1	1	1	1	1	1	1	1	1	1	1	1
OG_8965	1	1	1	1	1	1	1	1	1	0	1	1
OG_8966	1	1	1	1	1	1	1	1	1	1	1	1
OG_8967	1	1	1	1	0	1	1	1	1	1	0	1
OG_8968	1	1	1	1	1	1	2	1	2	2	1	1
OG_8969	1	1	1	1	1	1	1	1	1	1	1	1
OG_8970	1	1	1	1	1	1	1	1	1	1	1	1
OG_8971	1	2	2	1	1	1	1	2	1	1	1	1
OG_8972	3	1	1	1	3	1	1	1	1	1	1	1
OG_8973	1	1	1	1	1	1	1	1	1	1	1	1
OG_8974	1	1	1	1	1	1	1	1	1	0	1	1
OG_8975	1	1	1	1	1	1	1	1	2	1	1	1
OG_8976	1	1	1	1	1	1	1	1	1	1	0	1
OG_8977	1	1	1	1	3	1	1	1	1	3	1	1
OG_8978	1	1	1	1	1	1	1	1	1	1	1	1
OG_8979	1	1	1	1	0	1	1	1	0	1	0	1
OG_8980	1	3	4	1	1	1	4	1	3	4	0	3
OG_8981	1	2	1	1	1	1	1	1	1	1	1	1
OG_8982	1	1	1	1	1	1	1	3	1	1	0	1
OG_8983	1	2	1	1	1	1	1	1	1	1	1	1
OG_8984	1	1	1	1	3	1	1	1	1	2	1	1
OG_8985	1	1	1	1	0	1	1	1	1	5	0	1
OG_8986	1	1	2	1	1	1	1	2	1	1	1	1
OG_8987	1	1	2	1	1	1	1	1	1	5	1	1
OG_8988	1	2	1	1	0	1	1	1	3	4	1	2
OG_8989	1	0	0	1	0	1	1	1	0	0	0	1
OG_8990	1	1	1	1	1	1	1	1	1	1	1	1
OG_8991	1	1	1	1	3	1	1	1	1	0	3	0
OG_8992	3	3	6	3	10	4	5	11	3	2	2	1
OG_8993	1	1	1	1	1	1	1	1	1	2	2	2
OG_8994	1	1	1	1	1	3	2	1	1	1	1	1
OG_8995	1	1	1	1	0	1	1	1	1	1	0	0
OG_8996	1	1	2	1	1	2	1	1	2	8	1	1
OG_8997	0	0	0	0	2	0	0	0	0	0	1	0
OG_8998	1	1	1	1	1	1	1	1	1	1	1	1
OG_8999	1	1	1	1	1	1	1	0	1	2	1	1
OG_9000	1	1	1	1	0	1	1	1	0	1	1	1
OG_9001	1	1	1	1	4	1	1	1	2	4	1	1
OG_9002	1	1	1	1	1	1	1	1	1	0	1	2
OG_9003	1	1	2	1	1	1	1	1	1	1	1	1
OG_9004	1	1	1	1	1	1	1	1	2	3	2	1
OG_9005	0	1	1	1	1	1	1	1	1	5	1	1
OG_9006	2	1	1	1	3	1	1	1	1	1	1	1
OG_9007	1	1	1	1	1	1	1	1	2	2	1	2
OG_9008	2	2	1	2	1	2	2	7	1	1	1	1
OG_9009	1	1	1	1	2	1	1	2	1	0	0	0
OG_9010	1	1	1	1	2	1	1	1	1	2	1	1
OG_9011	1	1	2	1	1	1	2	1	1	1	1	1
OG_9012	1	1	0	1	1	1	1	1	1	0	1	1
OG_9013	1	1	1	1	1	1	1	2	1	4	1	1
OG_9014	1	0	2	1	0	1	1	2	0	0	0	0
OG_9015	1	1	1	1	1	1	1	1	1	1	1	1
OG_9016	2	1	1	1	0	1	1	1	1	1	0	1
OG_9017	1	1	1	1	0	1	1	1	1	1	1	1
OG_9018	1	1	5	1	2	1	2	2	1	2	2	1
OG_9019	1	1	1	1	1	1	1	1	2	1	1	2
OG_9020	1	2	2	1	2	1	1	1	2	1	1	1
OG_9021	5	2	1	1	0	3	3	2	2	4	0	1
OG_9022	1	1	2	1	3	1	1	1	1	1	1	1
OG_9023	1	1	1	1	1	1	1	1	1	3	1	1
OG_9024	1	1	1	1	1	1	1	1	1	1	1	1
OG_9025	1	1	1	1	1	1	1	1	1	0	1	1
OG_9026	1	1	1	1	1	1	0	1	1	1	1	1
OG_9027	1	1	1	1	2	1	1	1	1	1	1	1
OG_9028	1	1	1	1	0	1	1	2	1	1	1	1
OG_9029	1	1	1	1	1	1	1	1	3	1	1	1
OG_9030	1	1	1	1	1	1	1	1	1	2	1	1
OG_9031	1	1	2	1	1	1	1	1	1	2	0	1
OG_9032	1	1	1	1	1	1	1	1	1	2	1	1
OG_9033	1	1	0	1	1	2	1	1	1	1	1	1
OG_9034	1	1	4	1	3	1	1	1	1	1	1	1
OG_9035	1	1	1	1	1	1	1	1	2	1	3	1
OG_9036	1	1	1	1	1	2	2	1	1	1	1	1
OG_9037	1	1	2	1	1	1	0	1	2	3	1	1
OG_9038	1	1	1	1	1	1	1	1	1	1	1	1
OG_9039	3	1	4	2	6	1	1	2	1	1	0	1
OG_9040	1	1	1	1	0	1	1	1	1	1	0	1
OG_9041	1	1	2	1	2	1	1	1	2	1	1	1
OG_9042	1	1	1	1	0	1	1	1	1	1	0	1
OG_9043	1	1	1	1	0	1	1	1	1	2	0	1
OG_9044	1	1	2	1	1	18	1	1	1	1	1	1
OG_9045	1	1	1	1	2	1	2	1	1	1	3	1
OG_9046	1	1	2	1	1	1	1	1	1	2	1	1
OG_9047	1	1	1	1	1	1	2	1	1	1	1	1
OG_9048	1	1	1	1	1	1	1	1	1	1	1	1
OG_9049	2	1	3	1	2	1	1	3	2	1	1	1
OG_9050	1	1	1	1	1	1	1	1	1	1	1	1
OG_9051	1	1	1	1	1	1	1	2	1	3	1	1
OG_9052	1	1	2	1	1	1	1	1	1	1	0	1
OG_9053	1	1	2	1	1	1	1	1	2	1	0	1
OG_9054	1	1	3	1	1	1	1	1	1	1	1	1
OG_9055	1	1	2	1	4	1	1	1	1	1	1	1
OG_9056	1	1	3	1	1	1	3	1	2	1	1	1
OG_9057	1	1	1	1	0	1	1	2	0	1	0	1
OG_9058	1	1	1	1	0	1	1	1	1	1	0	0
OG_9059	1	1	1	1	1	1	1	1	0	1	0	1
OG_9060	1	1	1	1	0	1	1	3	1	1	0	1
OG_9061	1	1	3	1	1	1	1	1	1	1	1	1
OG_9062	1	1	1	1	0	1	1	1	1	1	1	1
OG_9063	12	7	10	10	2	8	10	7	6	7	3	10
OG_9064	1	1	1	1	1	3	1	2	1	1	0	1
OG_9065	1	1	1	1	1	1	1	1	1	1	1	1
OG_9066	1	1	2	1	1	1	1	1	1	1	1	1
OG_9067	0	0	0	0	12	0	0	0	1	1	8	0
OG_9068	1	1	1	1	1	1	1	1	1	1	1	1
OG_9069	1	1	1	1	1	1	1	1	1	0	1	1
OG_9070	1	1	1	1	1	1	2	1	1	1	1	1
OG_9071	1	1	1	1	1	1	1	1	0	1	1	1
OG_9072	1	1	1	1	1	1	1	1	1	1	1	1
OG_9073	1	1	2	1	0	1	4	1	1	1	0	1
OG_9074	1	1	1	1	5	1	1	1	1	1	1	1
OG_9075	1	1	1	1	0	1	1	1	1	1	0	1
OG_9076	1	1	2	1	2	1	1	2	1	2	2	1
OG_9077	1	1	2	1	1	1	1	1	1	1	1	1
OG_9078	1	1	1	1	1	1	2	2	2	1	1	1
OG_9079	1	1	1	1	2	1	1	1	1	1	2	1
OG_9080	1	1	1	1	2	1	1	1	1	1	1	1
OG_9081	2	1	2	1	1	1	1	1	1	1	0	1
OG_9082	2	1	2	2	1	1	2	1	1	0	1	1
OG_9083	1	1	1	1	1	1	1	1	2	1	0	1
OG_9084	1	1	1	1	1	1	1	1	2	1	2	2
OG_9085	1	1	0	1	0	1	3	1	1	4	1	1
OG_9086	1	0	1	1	3	1	1	1	1	1	1	1
OG_9087	1	1	1	1	3	1	1	1	1	1	1	1
OG_9088	1	0	0	1	1	1	1	1	1	1	1	1
OG_9089	1	1	1	1	0	1	1	1	1	1	0	1
OG_9090	1	3	1	1	0	2	1	2	2	1	0	2
OG_9091	1	1	2	1	1	1	1	1	2	1	1	1
OG_9092	1	1	2	1	1	0	1	1	1	0	2	1
OG_9093	1	1	1	1	3	1	1	1	1	2	1	1
OG_9094	1	1	1	1	1	1	1	1	1	1	1	1
OG_9095	1	1	1	1	2	1	1	1	1	6	2	2
OG_9096	1	1	1	2	1	1	1	1	1	1	1	1
OG_9097	1	1	1	1	0	1	1	1	1	1	1	1
OG_9098	1	1	0	1	0	1	0	0	0	1	0	1
OG_9099	1	1	1	2	2	1	1	1	1	2	0	1
OG_9100	1	2	1	1	1	1	1	1	1	1	1	1
OG_9101	1	1	1	1	1	1	1	0	1	1	1	1
OG_9102	1	2	1	1	1	1	1	3	1	1	0	1
OG_9103	0	0	0	0	0	0	0	0	0	2	0	1
OG_9104	2	1	2	1	3	1	3	1	1	3	1	1
OG_9105	1	1	2	1	0	1	0	1	1	1	0	1
OG_9106	1	1	1	1	0	1	1	1	1	1	1	1
OG_9107	1	1	2	1	0	1	1	1	1	2	0	1
OG_9108	1	1	2	1	5	3	2	1	5	3	1	1
OG_9109	1	2	1	1	1	1	1	1	1	2	1	1
OG_9110	1	1	4	1	0	1	1	1	0	0	0	1
OG_9111	1	1	1	1	1	1	1	1	1	1	1	1
OG_9112	1	1	1	1	1	1	1	1	1	1	2	1
OG_9113	4	1	1	3	6	1	2	1	1	6	1	1
OG_9114	1	2	1	1	0	1	1	1	2	1	0	1
OG_9115	1	1	1	2	0	1	5	1	3	2	0	1
OG_9116	1	1	1	1	1	1	1	1	1	2	2	1
OG_9117	1	1	3	1	2	1	1	4	1	3	1	1
OG_9118	1	1	1	1	2	1	1	1	1	1	1	1
OG_9119	2	1	2	1	1	1	2	1	1	1	2	3
OG_9120	1	1	1	1	1	1	1	1	1	2	1	1
OG_9121	1	2	1	1	0	1	1	1	1	2	0	1
OG_9122	1	1	1	1	1	1	1	1	1	1	1	1
OG_9123	1	1	1	1	1	1	1	1	1	1	1	1
OG_9124	1	2	1	1	1	1	1	1	1	1	1	1
OG_9125	1	2	1	1	1	1	1	1	1	1	1	1
OG_9126	1	1	1	1	1	1	1	1	1	3	0	1
OG_9127	1	1	1	2	2	1	1	2	1	3	1	1
OG_9128	2	1	2	1	1	1	1	1	1	3	1	1
OG_9129	1	1	2	1	1	1	1	2	1	0	1	1
OG_9130	2	1	2	1	2	1	2	1	1	1	1	1
OG_9131	1	1	1	1	2	1	1	1	1	1	0	1
OG_9132	1	1	1	1	1	1	1	1	1	1	2	1
OG_9133	1	1	1	1	2	1	1	1	1	4	1	1
OG_9134	1	1	1	1	0	1	0	0	0	0	0	0
OG_9135	1	2	1	1	1	1	1	1	1	1	1	1
OG_9136	1	1	1	1	1	1	1	1	1	2	1	1
OG_9137	1	1	1	1	1	1	2	1	1	1	0	1
OG_9138	1	1	2	1	1	1	1	2	1	1	1	1
OG_9139	1	1	3	1	1	1	1	1	1	2	1	1
OG_9140	1	1	1	2	1	1	1	1	1	1	2	1
OG_9141	1	1	1	1	0	1	2	1	1	1	2	1
OG_9142	1	1	1	1	1	1	1	1	1	1	1	1
OG_9143	1	1	1	1	1	1	1	1	3	1	2	1
OG_9144	1	1	1	1	1	1	1	1	0	1	2	1
OG_9145	1	1	0	1	3	1	1	1	1	2	1	1
OG_9146	1	1	1	1	1	1	1	1	1	3	0	1
OG_9147	1	1	2	9	2	1	2	1	1	3	3	1
OG_9148	1	1	1	1	1	1	1	1	2	1	1	1
OG_9149	1	1	1	1	1	1	1	1	1	1	1	1
OG_9150	1	1	2	2	1	1	1	2	1	3	1	1
OG_9151	1	1	0	1	0	1	1	8	2	0	0	1
OG_9152	1	1	1	1	0	1	1	1	1	1	1	1
OG_9153	1	1	1	1	1	1	1	1	1	1	1	1
OG_9154	1	1	1	1	1	1	1	1	1	1	0	1
OG_9155	1	1	1	1	2	1	2	1	1	1	1	1
OG_9156	1	2	1	1	1	1	1	3	1	7	1	1
OG_9157	1	1	0	1	0	1	1	0	0	1	0	1
OG_9158	1	1	1	1	0	1	1	2	1	0	0	1
OG_9159	1	1	1	1	1	1	1	1	2	3	1	1
OG_9160	1	1	1	1	1	1	1	1	1	2	1	1
OG_9161	1	1	1	1	1	1	1	1	1	1	0	1
OG_9162	1	2	1	1	1	1	1	1	1	1	0	1
OG_9163	1	1	0	1	1	1	1	1	0	1	1	1
OG_9164	1	1	1	1	1	1	1	1	1	1	1	1
OG_9165	1	1	1	1	4	1	1	1	1	1	1	1
OG_9166	1	1	0	1	1	1	1	0	0	1	1	1
OG_9167	1	1	4	1	1	1	2	2	1	1	1	1
OG_9168	1	1	1	1	2	1	1	1	1	2	1	1
OG_9169	1	1	2	1	1	1	2	1	1	1	1	1
OG_9170	1	1	1	1	3	1	1	1	1	1	1	1
OG_9171	1	2	1	1	1	1	1	1	1	1	0	1
OG_9172	1	1	2	1	1	1	1	1	1	2	1	1
OG_9173	1	1	1	2	1	1	1	2	1	2	1	1
OG_9174	1	1	1	1	0	1	1	1	1	1	0	1
OG_9175	1	3	1	1	1	1	1	1	1	1	1	1
OG_9176	1	1	0	1	1	1	1	0	1	1	1	1
OG_9177	1	2	1	1	1	1	1	1	0	1	1	1
OG_9178	2	1	0	2	1	1	0	0	0	0	0	1
OG_9179	2	1	3	1	2	3	1	3	2	4	1	2
OG_9180	1	1	2	1	5	1	1	4	1	1	0	1
OG_9181	1	1	1	1	1	1	1	2	2	4	1	1
OG_9182	1	1	1	1	1	1	1	1	1	2	1	1
OG_9183	1	1	3	1	0	1	2	1	1	0	0	1
OG_9184	1	2	1	1	2	1	1	1	1	1	0	1
OG_9185	1	1	1	1	1	1	1	1	0	1	1	1
OG_9186	1	1	1	1	1	1	1	1	1	1	1	1
OG_9187	1	1	1	1	1	1	1	1	1	1	2	1
OG_9188	1	1	2	1	1	1	2	1	1	1	2	1
OG_9189	1	1	1	1	1	1	1	1	1	3	1	1
OG_9190	1	1	2	1	1	1	1	2	1	1	1	1
OG_9191	1	1	1	1	3	1	3	1	2	2	1	1
OG_9192	1	1	2	1	2	1	1	1	1	1	1	1
OG_9193	2	1	1	1	2	1	3	1	12	5	1	1
OG_9194	1	1	1	1	2	1	1	1	1	1	1	1
OG_9195	1	1	2	1	2	1	1	1	1	1	1	2
OG_9196	1	1	1	1	1	1	1	1	1	1	1	1
OG_9197	1	0	0	0	0	1	1	0	0	1	0	1
OG_9198	2	1	1	1	1	1	1	1	1	3	1	1
OG_9199	1	1	2	1	2	1	1	1	0	1	1	1
OG_9200	1	1	1	1	1	1	1	1	1	2	1	1
OG_9201	1	1	1	1	1	1	1	2	1	1	1	1
OG_9202	1	1	1	1	2	1	1	1	1	1	1	1
OG_9203	1	1	2	1	0	1	1	2	1	1	0	1
OG_9204	1	1	1	1	1	1	1	1	1	1	1	1
OG_9205	1	1	1	1	1	1	1	1	1	2	2	1
OG_9206	2	1	2	1	6	1	2	1	1	1	2	3
OG_9207	1	1	1	1	1	1	1	1	0	1	1	1
OG_9208	2	1	1	1	0	1	2	1	1	1	0	1
OG_9209	1	1	1	1	0	1	1	1	0	0	0	1
OG_9210	1	1	1	1	1	1	1	2	1	1	1	1
OG_9211	1	1	1	1	1	1	1	1	1	0	0	1
OG_9212	1	1	1	1	1	1	1	1	1	0	0	1
OG_9213	1	1	1	1	0	1	1	1	1	1	0	0
OG_9214	1	1	1	1	1	1	1	1	1	1	1	1
OG_9215	1	1	1	1	1	2	1	1	1	4	1	1
OG_9216	1	1	1	1	1	2	1	1	0	0	1	1
OG_9217	1	1	2	1	1	3	3	1	1	2	1	1
OG_9218	1	1	1	1	1	1	1	1	2	0	1	1
OG_9219	4	2	2	2	2	2	2	1	1	1	2	2
OG_9220	1	1	1	1	1	1	2	1	2	0	1	1
OG_9221	1	1	1	1	0	1	1	1	1	1	0	1
OG_9222	1	1	1	1	2	1	1	1	1	1	1	2
OG_9223	2	1	1	1	1	1	1	1	0	1	1	1
OG_9224	1	1	2	1	1	1	1	1	2	1	1	1
OG_9225	1	1	0	1	1	1	1	1	1	1	1	1
OG_9226	1	1	2	1	1	1	1	1	1	2	1	1
OG_9227	1	1	1	1	1	1	1	1	1	1	0	1
OG_9228	1	1	1	1	1	1	1	1	1	2	1	1
OG_9229	1	1	1	1	1	1	1	0	1	1	1	1
OG_9230	1	1	1	1	2	1	2	1	1	1	1	1
OG_9231	2	1	1	1	1	1	1	1	1	1	1	1
OG_9232	2	1	2	1	1	2	4	1	2	1	3	1
OG_9233	1	1	1	1	1	1	1	0	1	1	0	1
OG_9234	1	1	1	1	1	1	1	1	1	1	1	1
OG_9235	1	1	1	1	1	1	1	1	0	1	1	1
OG_9236	1	1	2	1	1	1	1	1	0	1	1	1
OG_9237	1	1	1	1	2	1	1	1	1	2	1	1
OG_9238	1	1	1	1	0	1	1	1	0	0	1	1
OG_9239	1	2	1	1	1	1	1	1	1	1	1	1
OG_9240	1	2	1	1	1	1	1	1	4	1	1	1
OG_9241	1	1	1	1	1	1	1	1	1	1	1	1
OG_9242	1	1	1	1	1	1	1	3	1	4	1	1
OG_9243	2	2	1	2	0	2	2	1	1	0	0	1
OG_9244	1	1	1	1	0	1	1	1	2	2	1	2
OG_9245	1	2	1	1	1	1	4	1	1	2	1	1
OG_9246	1	1	1	1	0	1	1	2	1	1	0	1
OG_9247	1	1	1	1	1	1	1	1	0	1	0	1
OG_9248	2	1	1	1	0	1	1	1	2	0	0	1
OG_9249	1	1	1	1	1	1	1	3	1	1	1	1
OG_9250	1	1	1	1	0	1	1	1	1	1	0	1
OG_9251	1	1	1	1	0	1	1	1	1	1	1	1
OG_9252	0	1	2	1	1	1	1	1	1	1	3	1
OG_9253	1	1	1	1	1	1	1	1	1	2	1	1
OG_9254	1	1	1	1	0	1	1	1	0	2	1	1
OG_9255	1	1	1	1	1	1	1	3	1	0	1	1
OG_9256	2	1	2	1	2	1	3	1	1	1	1	1
OG_9257	1	1	1	2	1	1	1	1	1	1	1	1
OG_9258	1	1	1	1	2	1	1	1	1	1	1	1
OG_9259	3	2	1	1	1	1	1	2	2	5	1	3
OG_9260	1	1	1	1	1	1	1	1	1	1	1	2
OG_9261	1	1	1	1	2	1	1	2	1	1	1	1
OG_9262	2	1	1	1	2	1	2	1	1	1	1	2
OG_9263	1	1	2	1	1	1	2	1	2	1	1	1
OG_9264	1	1	1	1	1	1	2	1	1	1	1	1
OG_9265	1	1	1	1	0	1	1	1	1	1	0	1
OG_9266	2	2	4	1	0	1	1	6	1	3	0	1
OG_9267	1	1	1	1	1	1	1	1	1	2	1	1
OG_9268	1	1	1	1	1	1	1	1	1	1	1	1
OG_9269	1	1	3	1	2	1	0	2	0	1	1	1
OG_9270	1	1	2	1	2	2	1	1	1	1	0	0
OG_9271	1	1	1	2	4	1	1	1	1	1	1	1
OG_9272	1	2	1	1	1	1	1	1	1	3	1	1
OG_9273	1	1	1	1	1	1	0	1	1	1	1	1
OG_9274	1	1	1	1	2	1	1	1	1	1	1	1
OG_9275	1	1	2	1	2	1	1	1	1	1	1	1
OG_9276	1	1	1	1	0	1	1	1	1	7	0	0
OG_9277	0	0	0	0	1	0	0	0	0	0	1	1
OG_9278	1	1	1	1	0	1	1	1	1	1	0	1
OG_9279	2	1	1	1	1	1	1	1	1	1	1	1
OG_9280	1	1	1	1	0	1	1	1	1	1	0	1
OG_9281	1	1	1	1	1	1	1	2	1	2	1	1
OG_9282	1	1	0	1	0	1	1	1	1	0	0	1
OG_9283	5	1	1	1	3	1	1	1	2	2	1	2
OG_9284	1	2	1	1	2	1	3	1	1	0	1	1
OG_9285	1	1	1	1	3	1	1	1	2	0	1	1
OG_9286	1	1	1	1	4	1	1	1	1	1	1	1
OG_9287	1	1	1	1	0	1	1	1	0	0	0	1
OG_9288	1	1	1	2	1	1	1	1	1	1	1	1
OG_9289	1	1	1	1	1	1	1	1	2	0	0	1
OG_9290	1	1	1	1	1	1	1	1	1	1	0	0
OG_9291	1	1	3	1	1	1	1	0	1	1	2	3
OG_9292	1	1	1	1	1	1	1	1	0	1	1	1
OG_9293	1	1	2	1	0	1	1	1	0	0	0	1
OG_9294	1	1	1	2	1	1	1	1	1	0	1	1
OG_9295	0	0	0	0	0	0	0	0	0	1	0	1
OG_9296	1	1	1	1	1	1	1	1	1	3	1	1
OG_9297	1	1	1	1	2	1	1	1	1	1	3	1
OG_9298	1	1	5	1	3	1	3	3	1	1	1	1
OG_9299	1	1	1	1	1	1	1	1	1	3	1	1
OG_9300	1	1	2	1	1	1	1	1	1	3	1	1
OG_9301	1	1	2	1	0	1	1	1	1	1	1	1
OG_9302	1	1	1	1	1	1	1	1	1	2	1	1
OG_9303	1	1	1	1	1	1	1	1	1	1	1	1
OG_9304	0	0	0	0	2	0	0	0	0	0	9	0
OG_9305	1	1	1	1	1	1	1	1	3	1	0	1
OG_9306	1	1	1	1	3	1	1	2	1	1	1	1
OG_9307	1	1	1	1	2	1	1	4	1	2	1	1
OG_9308	1	1	3	1	6	1	2	1	2	6	1	1
OG_9309	1	1	1	1	0	1	1	1	0	2	1	1
OG_9310	1	1	1	1	0	1	2	1	1	2	0	1
OG_9311	1	2	1	1	1	1	1	2	1	1	2	1
OG_9312	1	1	2	1	2	1	1	1	1	4	1	1
OG_9313	1	1	1	1	1	1	2	1	1	1	1	1
OG_9314	1	1	1	1	1	1	1	1	1	1	1	1
OG_9315	1	1	2	1	1	1	2	3	2	1	1	1
OG_9316	1	1	1	1	0	1	1	1	1	1	0	1
OG_9317	1	1	1	1	1	1	1	1	1	1	1	1
OG_9318	1	1	1	1	1	1	1	1	1	1	1	1
OG_9319	1	1	4	1	6	1	1	1	1	4	2	1
OG_9320	1	1	1	1	1	1	1	1	1	4	1	1
OG_9321	1	1	2	1	1	1	0	2	1	1	1	1
OG_9322	1	2	1	1	1	2	1	1	1	1	1	1
OG_9323	4	1	1	1	1	1	1	1	3	1	1	1
OG_9324	1	1	1	1	2	1	1	1	1	1	2	1
OG_9325	1	1	2	1	1	1	1	2	1	2	1	1
OG_9326	0	1	1	1	1	1	1	1	1	1	1	1
OG_9327	4	1	6	4	0	2	3	4	2	2	0	1
OG_9328	0	0	0	0	2	0	0	0	0	0	2	0
OG_9329	0	0	0	0	0	0	0	1	0	0	0	1
OG_9330	1	1	3	1	1	1	2	4	1	4	1	1
OG_9331	0	0	0	0	0	0	0	0	0	0	2	1
OG_9332	1	1	1	1	1	1	1	1	1	1	1	1
OG_9333	1	1	0	1	0	1	1	0	0	0	0	0
OG_9334	1	1	1	1	1	1	1	1	1	1	1	1
OG_9335	1	1	1	1	1	1	1	1	1	1	1	1
OG_9336	1	1	1	1	1	1	2	1	1	1	0	1
OG_9337	1	1	1	1	2	1	2	2	1	5	1	1
OG_9338	1	3	1	1	1	1	1	1	1	3	2	1
OG_9339	1	1	1	1	1	1	1	1	1	1	1	1
OG_9340	1	1	1	1	1	1	1	1	0	1	1	1
OG_9341	1	1	1	2	1	1	1	1	1	1	1	1
OG_9342	1	1	1	1	1	1	1	1	1	1	1	1
OG_9343	1	1	1	1	1	1	2	1	1	2	1	1
OG_9344	2	2	7	1	0	2	2	3	0	0	0	0
OG_9345	1	1	1	1	0	1	1	5	0	0	0	0
OG_9346	1	1	2	1	0	1	1	3	0	0	0	0
OG_9347	1	0	1	1	0	1	2	2	1	5	0	0
OG_9348	1	1	1	1	1	1	1	1	1	1	1	1
OG_9349	2	1	1	1	0	1	1	1	1	1	0	1
OG_9350	1	1	1	1	0	1	1	2	1	0	0	0
OG_9351	1	1	1	1	1	1	1	1	0	1	1	1
OG_9352	1	1	1	1	3	1	1	1	1	1	1	1
OG_9353	1	1	1	1	1	1	1	1	1	1	1	1
OG_9354	1	1	1	1	5	1	1	0	1	1	3	1
OG_9355	1	1	1	1	1	1	1	1	1	1	1	1
OG_9356	1	1	1	1	1	1	1	1	0	1	0	1
OG_9357	1	6	1	1	1	1	1	1	0	1	1	1
OG_9358	1	1	2	3	1	1	2	1	2	1	1	1
OG_9359	1	1	1	1	2	1	1	1	1	1	1	1
OG_9360	1	1	1	1	1	1	1	1	1	4	0	2
OG_9361	1	1	1	1	2	1	1	1	1	1	1	1
OG_9362	1	1	1	1	1	1	1	2	1	1	1	2
OG_9363	1	1	3	1	1	1	2	1	1	0	1	1
OG_9364	2	1	1	1	1	1	1	3	1	1	2	1
OG_9365	1	1	1	1	1	1	1	1	1	1	1	1
OG_9366	1	1	1	1	1	1	1	1	1	1	1	0
OG_9367	1	2	1	1	1	1	1	1	1	4	1	1
OG_9368	1	1	0	0	1	2	1	1	1	1	0	1
OG_9369	1	1	1	1	3	1	1	1	2	1	1	1
OG_9370	1	3	1	1	1	1	1	5	1	2	1	1
OG_9371	1	0	0	1	0	1	1	0	1	1	0	0
OG_9372	1	1	1	1	0	1	1	1	1	1	0	1
OG_9373	2	1	1	1	0	2	1	1	3	2	0	0
OG_9374	1	1	1	1	1	1	1	1	1	1	1	1
OG_9375	1	1	1	1	2	1	1	1	1	5	1	1
OG_9376	1	1	1	1	2	1	1	1	1	1	1	1
OG_9377	1	1	2	1	1	1	1	2	1	2	0	1
OG_9378	1	1	1	1	0	1	1	1	1	3	0	1
OG_9379	1	1	1	1	1	1	1	1	1	1	1	1
OG_9380	1	1	1	1	2	1	1	1	1	2	1	1
OG_9381	1	1	1	1	1	1	1	1	1	2	1	1
OG_9382	2	1	1	2	1	1	1	1	1	3	1	1
OG_9383	1	1	1	1	1	1	1	1	1	1	1	1
OG_9384	2	1	1	1	1	1	1	1	1	1	0	1
OG_9385	1	1	7	1	5	1	1	1	1	1	1	1
OG_9386	1	1	1	1	1	1	1	1	1	3	1	1
OG_9387	1	1	1	1	0	1	1	1	1	1	0	2
OG_9388	2	1	2	1	3	1	3	1	2	2	1	3
OG_9389	1	1	1	1	1	1	1	1	1	1	1	1
OG_9390	1	1	1	1	1	1	1	1	1	1	1	1
OG_9391	1	1	1	1	2	1	3	1	1	3	1	1
OG_9392	1	1	2	1	1	1	1	2	1	1	1	1
OG_9393	1	1	1	1	2	1	1	1	1	1	0	1
OG_9394	1	1	3	1	1	1	1	1	1	1	1	1
OG_9395	1	1	1	1	1	1	1	1	1	1	1	1
OG_9396	1	1	1	1	1	1	1	1	2	1	1	1
OG_9397	1	1	1	2	1	1	1	1	1	1	1	1
OG_9398	1	1	2	1	1	1	1	1	1	1	1	1
OG_9399	1	1	1	1	2	1	1	2	1	3	1	1
OG_9400	1	1	1	1	1	1	1	3	2	1	0	2
OG_9401	2	3	2	2	4	3	4	1	2	3	1	4
OG_9402	1	1	1	3	1	1	1	1	1	4	1	1
OG_9403	1	1	1	1	1	1	1	1	1	1	1	1
OG_9404	1	1	1	1	2	1	1	1	1	1	0	1
OG_9405	1	1	1	1	3	1	1	1	1	1	1	0
OG_9406	2	1	1	1	3	1	1	1	1	1	2	1
OG_9407	1	1	1	1	1	1	1	1	1	0	2	1
OG_9408	1	1	1	1	1	1	1	1	1	1	1	1
OG_9409	1	1	1	1	1	1	1	1	1	2	1	1
OG_9410	1	1	1	1	1	1	1	1	1	1	1	1
OG_9411	1	1	1	1	1	1	1	1	1	1	1	1
OG_9412	2	3	3	3	0	6	2	3	1	1	0	0
OG_9413	1	1	1	1	1	1	1	1	1	3	1	1
OG_9414	1	1	1	1	2	1	1	1	1	1	1	1
OG_9415	1	2	1	1	1	1	1	1	1	1	1	1
OG_9416	3	5	3	2	1	2	2	3	3	2	1	0
OG_9417	1	1	1	1	1	1	1	1	1	1	1	1
OG_9418	1	1	1	1	1	1	1	2	1	1	1	1
OG_9419	1	1	1	1	1	1	1	1	1	1	1	1
OG_9420	2	1	1	4	2	1	8	1	1	2	0	2
OG_9421	1	1	1	1	1	1	1	1	1	2	1	1
OG_9422	1	1	1	1	3	1	1	1	1	1	1	1
OG_9423	0	0	0	0	0	0	0	0	1	0	0	1
OG_9424	1	1	1	1	1	1	1	1	2	1	1	1
OG_9425	1	1	1	1	1	1	1	1	1	0	1	1
OG_9426	1	1	1	1	1	1	1	1	1	1	2	1
OG_9427	1	1	2	1	1	1	1	1	1	1	1	1
OG_9428	1	1	1	1	1	1	1	1	0	0	0	1
OG_9429	1	1	3	1	1	1	1	2	1	2	1	1
OG_9430	1	1	1	1	6	1	1	1	2	1	2	1
OG_9431	2	1	1	1	1	1	1	1	1	1	1	1
OG_9432	1	1	1	1	1	1	1	1	1	1	1	1
OG_9433	1	1	1	1	2	1	1	2	1	1	1	1
OG_9434	1	1	1	1	1	1	1	1	1	3	1	1
OG_9435	1	1	1	1	1	1	2	3	1	1	1	1
OG_9436	1	1	1	1	1	1	1	1	1	1	1	1
OG_9437	1	1	1	1	0	1	1	2	1	3	0	1
OG_9438	1	1	4	1	1	1	1	1	2	1	1	1
OG_9439	6	8	2	2	2	1	1	1	0	0	1	1
OG_9440	1	1	2	1	2	1	1	4	0	2	2	2
OG_9441	1	1	1	1	0	2	1	1	1	1	0	0
OG_9442	1	2	2	1	1	1	1	2	1	1	1	3
OG_9443	1	1	1	1	1	1	1	1	1	1	1	1
OG_9444	1	1	1	2	0	2	2	1	2	1	0	0
OG_9445	1	1	1	1	1	1	1	1	1	1	1	1
OG_9446	1	1	2	1	4	1	2	1	1	4	0	1
OG_9447	1	1	1	1	1	1	1	1	1	3	1	1
OG_9448	1	1	1	1	1	2	1	1	1	1	2	1
OG_9449	1	1	2	1	2	1	1	1	2	0	1	1
OG_9450	1	1	2	1	0	1	3	1	1	0	0	0
OG_9451	0	0	0	0	3	0	0	0	0	1	1	1
OG_9452	1	1	2	4	2	1	1	1	2	1	1	1
OG_9453	1	1	2	1	1	1	2	2	1	2	1	1
OG_9454	1	0	0	1	1	1	0	0	0	1	1	1
OG_9455	1	1	1	1	1	1	1	1	2	4	1	1
OG_9456	1	1	2	1	2	1	1	1	1	2	1	1
OG_9457	1	3	2	1	0	1	1	1	1	0	0	1
OG_9458	1	1	1	1	1	1	1	1	1	1	1	1
OG_9459	1	1	1	1	1	1	2	1	1	1	1	1
OG_9460	1	1	1	1	1	1	1	1	1	1	1	1
OG_9461	1	1	1	1	1	1	1	1	1	1	1	1
OG_9462	1	1	3	1	1	1	1	1	1	2	1	1
OG_9463	1	1	1	1	2	1	2	3	2	1	1	1
OG_9464	1	1	2	1	0	1	1	1	2	4	1	0
OG_9465	1	1	2	1	1	1	1	1	1	2	0	1
OG_9466	1	1	1	1	1	1	1	1	1	1	2	1
OG_9467	1	1	1	1	1	1	2	1	1	1	1	1
OG_9468	1	1	2	1	1	1	1	1	1	1	1	1
OG_9469	1	1	2	1	0	1	1	1	2	1	0	0
OG_9470	0	0	1	0	1	0	0	0	0	0	1	1
OG_9471	1	1	4	1	1	1	2	1	2	1	0	1
OG_9472	1	1	1	1	1	1	1	1	1	4	1	1
OG_9473	1	1	1	1	1	1	1	1	1	2	1	1
OG_9474	1	1	1	1	1	2	1	1	1	1	1	1
OG_9475	2	1	1	1	1	1	4	1	1	1	1	1
OG_9476	2	1	2	1	1	1	2	2	1	1	1	1
OG_9477	1	1	1	1	3	1	2	1	0	1	1	1
OG_9478	1	1	1	1	1	1	1	1	1	0	1	1
OG_9479	1	0	0	1	0	1	1	2	0	0	0	1
OG_9480	1	1	1	1	2	1	2	1	2	2	2	1
OG_9481	1	1	1	1	1	1	0	1	1	1	0	1
OG_9482	1	1	2	1	1	1	1	1	0	2	1	1
OG_9483	1	1	1	1	0	2	2	1	3	1	0	1
OG_9484	0	1	4	1	2	1	2	1	3	4	0	1
OG_9485	2	2	4	2	3	1	3	1	2	0	1	2
OG_9486	1	1	2	2	0	1	2	1	2	1	0	0
OG_9487	1	1	2	1	0	1	1	1	1	1	0	1
OG_9488	2	2	2	2	1	3	3	3	3	1	2	1
OG_9489	1	1	1	1	1	2	1	1	1	1	1	1
OG_9490	2	0	1	0	0	1	1	1	0	0	0	0
OG_9491	1	1	4	1	0	1	1	1	0	0	0	0
OG_9492	1	1	1	1	1	1	1	1	2	0	1	2
OG_9493	2	1	1	1	2	1	1	1	2	5	1	1
OG_9494	1	1	1	1	1	1	1	1	1	7	2	1
OG_9495	1	3	1	1	2	2	3	1	1	1	1	1
OG_9496	1	1	1	1	1	1	1	1	1	1	1	1
OG_9497	1	1	1	1	1	1	1	1	1	0	1	2
OG_9498	2	1	3	1	2	1	1	3	1	1	1	1
OG_9499	1	2	2	1	1	1	1	1	2	1	1	1
OG_9500	1	2	1	1	0	1	2	1	1	8	0	1
OG_9501	1	1	1	2	1	1	1	1	1	1	1	1
OG_9502	1	1	1	1	1	1	1	1	2	1	1	1
OG_9503	1	3	1	1	1	1	1	1	2	1	1	1
OG_9504	1	1	1	1	2	1	2	1	1	2	1	1
OG_9505	1	1	1	1	2	1	1	1	1	2	1	1
OG_9506	1	1	1	1	3	1	1	1	1	3	0	1
OG_9507	0	0	0	0	0	0	0	0	0	1	0	1
OG_9508	1	1	1	1	1	1	1	1	1	1	1	1
OG_9509	1	1	1	1	1	1	1	1	2	1	1	1
OG_9510	2	1	1	1	2	1	2	2	1	3	1	4
OG_9511	1	1	1	1	1	1	1	1	1	1	1	1
OG_9512	1	1	1	1	1	1	1	1	1	1	1	1
OG_9513	1	1	2	1	1	1	1	1	1	1	1	1
OG_9514	1	1	1	1	1	1	1	1	1	1	1	1
OG_9515	1	1	2	1	1	1	1	1	1	1	1	1
OG_9516	2	2	2	2	1	2	2	2	3	1	1	4
OG_9517	1	1	1	1	2	1	1	1	1	1	1	1
OG_9518	1	1	5	1	0	1	1	1	1	0	0	1
OG_9519	1	1	1	1	2	1	1	1	1	2	1	1
OG_9520	1	1	0	1	1	1	1	1	1	1	0	1
OG_9521	1	1	1	1	1	1	2	1	0	3	1	1
OG_9522	2	3	2	2	0	2	2	2	1	2	0	1
OG_9523	1	1	1	1	0	1	1	2	1	1	0	1
OG_9524	1	2	2	1	1	1	1	2	1	3	1	1
OG_9525	1	2	1	1	1	1	2	1	4	1	2	1
OG_9526	7	5	5	4	1	5	5	6	2	3	1	2
OG_9527	1	1	1	1	5	1	1	1	4	1	4	7
OG_9528	1	1	1	1	1	1	1	1	2	1	2	1
OG_9529	1	1	0	1	0	1	1	1	0	1	0	1
OG_9530	1	1	1	1	1	1	1	1	1	2	1	1
OG_9531	1	1	1	1	0	1	1	2	1	1	0	1
OG_9532	2	1	2	1	2	2	2	2	2	1	2	1
OG_9533	1	1	1	1	2	1	1	1	1	1	1	3
OG_9534	1	1	6	1	1	1	1	3	1	3	0	1
OG_9535	1	1	3	1	1	1	1	3	1	3	1	3
OG_9536	1	1	2	1	1	1	1	1	1	1	1	5
OG_9537	1	1	1	2	0	1	1	1	1	1	0	1
OG_9538	1	1	1	1	1	1	1	1	2	1	0	1
OG_9539	1	1	1	1	0	1	1	1	1	1	0	1
OG_9540	1	1	1	2	1	1	1	1	2	1	0	1
OG_9541	2	2	2	2	0	2	2	4	2	1	0	1
OG_9542	2	7	3	2	1	2	2	2	2	1	0	1
OG_9543	1	1	0	1	1	2	1	1	1	1	1	1
OG_9544	1	1	1	1	1	1	3	1	2	1	2	1
OG_9545	1	1	1	1	1	1	1	1	1	1	1	1
OG_9546	1	1	1	1	1	1	1	1	1	1	1	1
OG_9547	1	1	1	1	1	1	1	1	1	1	2	1
OG_9548	1	1	1	1	0	1	1	2	1	1	0	0
OG_9549	1	1	1	1	2	1	1	1	0	1	1	1
OG_9550	1	1	1	1	1	1	1	1	1	1	1	1
OG_9551	1	1	1	1	1	1	1	1	1	1	1	1
OG_9552	1	1	1	1	1	1	1	1	1	2	0	1
OG_9553	1	1	1	1	1	1	1	1	1	1	1	1
OG_9554	1	2	1	1	1	1	1	1	2	2	1	0
OG_9555	1	1	1	1	1	1	1	1	1	1	1	1
OG_9556	1	2	1	1	4	2	2	1	1	3	1	1
OG_9557	1	2	1	1	1	1	1	2	1	3	1	1
OG_9558	1	2	2	1	2	1	1	1	1	2	1	1
OG_9559	1	1	1	1	1	1	1	1	1	1	1	1
OG_9560	1	1	0	1	1	1	1	0	1	1	1	1
OG_9561	1	1	1	1	0	1	1	1	0	1	0	1
OG_9562	1	1	1	1	1	1	1	1	1	1	1	1
OG_9563	1	1	1	1	2	1	1	1	1	1	0	1
OG_9564	2	2	1	2	0	1	1	2	1	1	0	0
OG_9565	1	2	1	1	1	5	1	3	1	5	1	1
OG_9566	2	1	1	1	1	7	1	7	5	6	1	2
OG_9567	1	1	2	1	1	1	1	1	1	3	1	1
OG_9568	1	1	1	1	1	1	1	1	1	2	2	1
OG_9569	1	1	1	1	1	1	1	1	2	0	0	1
OG_9570	1	0	2	1	0	0	1	0	1	1	0	1
OG_9571	1	1	1	1	1	1	1	1	1	1	1	1
OG_9572	2	1	1	1	2	1	1	1	1	1	1	1
OG_9573	1	1	1	1	1	1	1	1	1	1	2	1
OG_9574	2	1	0	1	0	2	1	0	1	0	0	0
OG_9575	1	1	1	1	0	1	2	1	1	1	0	1
OG_9576	1	1	1	1	1	1	1	1	1	0	0	1
OG_9577	1	1	1	1	1	1	1	1	1	1	1	1
OG_9578	2	1	2	1	1	1	2	3	1	1	1	1
OG_9579	1	1	1	1	4	1	1	1	1	1	1	1
OG_9580	2	1	1	1	1	1	1	1	1	5	1	1
OG_9581	1	1	1	1	1	1	1	1	1	1	0	1
OG_9582	1	1	2	1	1	1	1	1	1	1	1	1
OG_9583	1	1	1	1	1	1	1	1	1	1	1	1
OG_9584	1	0	1	1	1	1	1	2	1	1	0	1
OG_9585	1	1	0	1	0	1	1	0	1	1	0	1
OG_9586	1	1	2	1	3	1	1	2	1	2	0	1
OG_9587	9	7	7	10	4	7	7	6	5	8	2	8
OG_9588	1	1	1	1	2	1	1	1	1	1	0	1
OG_9589	1	1	2	2	0	1	1	1	2	2	0	1
OG_9590	1	16	1	1	3	2	2	2	2	2	0	1
OG_9591	1	17	1	1	0	1	1	1	0	2	0	0
OG_9592	1	1	1	1	1	1	1	1	1	1	1	1
OG_9593	1	1	1	1	1	1	1	1	1	1	3	1
OG_9594	1	1	2	1	1	1	1	3	1	4	1	1
OG_9595	1	1	1	1	1	1	1	1	1	1	1	2
OG_9596	3	4	1	4	2	1	1	1	2	3	0	1
OG_9597	1	1	2	1	1	1	1	2	1	1	1	1
OG_9598	1	1	1	1	1	1	1	1	2	1	1	2
OG_9599	1	1	1	2	2	1	1	1	2	2	2	2
OG_9600	1	1	1	1	0	1	0	1	1	3	0	1
OG_9601	1	1	1	1	1	1	2	2	1	1	1	2
OG_9602	1	1	2	1	0	1	1	1	1	1	0	1
OG_9603	1	1	1	1	0	1	1	1	1	0	0	1
OG_9604	1	1	1	1	1	1	1	1	1	1	1	1
OG_9605	1	1	1	1	1	1	1	1	1	2	1	1
OG_9606	1	1	3	1	3	1	1	1	1	2	1	1
OG_9607	1	1	3	1	1	1	1	1	1	1	1	0
OG_9608	1	1	0	1	0	1	1	1	1	1	0	0
OG_9609	1	1	1	1	2	1	1	1	1	2	1	1
OG_9610	4	4	6	3	2	3	4	1	3	3	2	5
OG_9611	0	1	1	1	2	1	1	0	1	1	1	1
OG_9612	1	1	1	1	0	1	1	0	1	0	0	1
OG_9613	1	1	1	1	0	0	2	1	1	3	0	0
OG_9614	1	1	1	1	0	1	1	1	1	5	0	1
OG_9615	1	1	1	1	1	1	1	0	1	1	1	1
OG_9616	3	2	0	3	1	2	2	1	1	1	1	1
OG_9617	1	3	1	1	8	1	1	2	1	1	2	1
OG_9618	0	0	0	0	0	0	0	1	0	0	0	1
OG_9619	1	1	1	1	0	1	1	1	1	1	0	1
OG_9620	1	1	1	1	1	1	1	1	1	2	1	2
OG_9621	1	1	1	1	1	1	1	1	1	0	1	1
OG_9622	1	1	1	1	1	1	1	1	1	1	2	1
OG_9623	1	1	1	1	1	1	1	4	1	4	1	1
OG_9624	1	2	1	1	1	1	1	1	1	2	1	1
OG_9625	1	1	1	1	1	3	1	1	1	1	1	1
OG_9626	1	1	1	2	1	1	1	1	1	1	1	1
OG_9627	1	1	3	1	1	1	1	2	2	3	1	1
OG_9628	2	1	1	1	0	2	1	1	1	1	1	1
OG_9629	1	1	1	1	1	2	1	1	1	1	1	1
OG_9630	1	1	1	1	4	1	1	1	1	3	1	1
OG_9631	1	1	1	1	1	1	1	1	1	5	1	2
OG_9632	1	1	1	1	0	1	1	1	0	1	0	1
OG_9633	1	1	1	1	1	1	1	1	1	1	0	1
OG_9634	1	1	1	1	1	1	1	1	1	2	1	1
OG_9635	1	1	1	1	1	1	1	1	1	1	0	1
OG_9636	1	1	1	1	0	1	1	1	0	1	0	1
OG_9637	1	1	1	1	1	1	1	1	1	1	2	1
OG_9638	1	1	1	1	1	1	1	1	1	1	1	1
OG_9639	1	1	3	1	1	1	1	4	1	1	2	1
OG_9640	1	0	3	1	1	1	2	1	2	1	1	1
OG_9641	1	2	1	1	1	1	0	2	1	1	2	2
OG_9642	1	0	1	1	0	1	1	2	1	1	0	1
OG_9643	1	1	1	1	3	1	1	0	1	2	3	1
OG_9644	1	1	2	1	3	1	1	1	2	1	1	2
OG_9645	1	1	0	1	0	1	1	1	0	1	0	1
OG_9646	1	1	1	1	1	1	1	1	2	6	1	1
OG_9647	3	1	1	1	0	1	1	1	1	1	0	1
OG_9648	1	1	1	1	2	1	1	2	1	1	1	1
OG_9649	1	1	1	1	1	1	1	1	2	2	0	1
OG_9650	0	0	0	0	2	0	0	0	0	0	1	0
OG_9651	1	1	1	1	1	1	1	1	1	0	1	1
OG_9652	2	3	3	2	1	3	2	5	1	0	0	0
OG_9653	0	0	0	0	0	0	0	0	1	1	1	1
OG_9654	1	1	1	1	0	1	1	2	1	2	0	3
OG_9655	1	1	1	1	0	3	2	1	1	1	0	0
OG_9656	1	1	3	1	2	1	1	1	1	1	1	1
OG_9657	3	3	3	1	0	2	3	3	0	0	0	0
OG_9658	0	0	1	0	0	1	1	1	0	0	0	0
OG_9659	2	6	3	8	0	1	4	1	0	1	0	0
OG_9660	1	1	3	1	1	1	1	1	1	0	1	1
OG_9661	1	1	3	1	1	1	1	1	1	1	1	1
OG_9662	1	1	2	1	1	2	1	1	1	1	2	1
OG_9663	1	1	2	1	1	1	2	1	1	3	1	1
OG_9664	1	1	1	1	1	1	1	1	1	1	1	1
OG_9665	1	1	1	1	0	1	1	3	0	3	0	1
OG_9666	1	2	1	1	1	1	1	2	1	6	2	2
OG_9667	1	1	1	1	1	1	1	2	1	2	1	1
OG_9668	1	1	1	1	1	1	1	1	0	1	1	1
OG_9669	1	1	1	1	1	1	1	1	1	1	2	1
OG_9670	1	1	2	1	1	1	1	1	1	4	1	1
OG_9671	1	1	4	1	1	1	1	3	1	1	1	1
OG_9672	1	2	1	1	1	2	1	1	1	1	1	1
OG_9673	2	2	1	1	1	1	2	1	1	1	2	0
OG_9674	1	0	1	1	2	1	1	1	1	2	1	1
OG_9675	1	1	0	1	0	1	1	1	1	2	0	1
OG_9676	1	1	1	1	1	1	1	1	1	1	2	1
OG_9677	1	1	1	1	1	1	1	1	2	1	1	1
OG_9678	1	1	1	1	2	1	1	1	1	1	1	1
OG_9679	0	0	0	0	0	0	0	0	1	6	0	0
OG_9680	2	1	2	1	2	1	1	1	1	9	3	3
OG_9681	1	1	1	1	2	1	1	1	1	1	1	1
OG_9682	3	1	1	1	3	1	2	1	2	1	6	1
OG_9683	1	1	1	1	2	1	1	1	1	0	1	1
OG_9684	1	1	1	1	1	1	1	1	1	8	1	1
OG_9685	1	1	1	1	0	1	1	1	0	0	0	1
OG_9686	1	1	1	1	1	1	1	1	1	1	3	1
OG_9687	1	1	1	1	5	1	1	1	1	2	1	1
OG_9688	1	1	1	1	1	1	1	1	1	1	1	1
OG_9689	1	1	1	1	1	1	1	1	1	1	1	1
OG_9690	1	1	1	0	0	1	1	1	1	2	0	1
OG_9691	1	1	1	1	1	1	1	1	0	1	1	1
OG_9692	1	1	1	1	1	1	0	1	0	0	1	1
OG_9693	1	1	1	1	1	1	0	1	1	1	4	1
OG_9694	1	1	1	1	4	1	1	3	1	2	1	1
OG_9695	1	1	0	1	1	1	0	0	0	1	1	1
OG_9696	1	1	1	1	0	1	1	1	1	1	0	1
OG_9697	2	1	3	1	1	1	1	1	1	1	1	1
OG_9698	1	1	1	1	3	2	1	1	1	1	0	1
OG_9699	2	1	1	1	0	1	1	1	1	2	0	1
OG_9700	1	1	4	2	1	1	1	1	1	1	0	1
OG_9701	1	1	1	1	0	1	1	1	1	0	0	0
OG_9702	1	1	1	1	0	1	1	1	0	2	0	0
OG_9703	1	1	1	1	1	1	1	1	1	1	1	1
OG_9704	1	1	1	1	1	1	1	1	1	1	1	1
OG_9705	1	1	1	1	0	1	0	1	0	1	0	1
OG_9706	1	1	1	1	2	1	1	1	1	1	1	1
OG_9707	1	1	1	1	4	1	3	0	1	1	1	1
OG_9708	1	1	2	1	0	1	1	1	1	2	0	1
OG_9709	1	1	2	1	2	1	1	1	2	3	2	0
OG_9710	1	1	1	1	1	1	1	1	1	1	1	1
OG_9711	1	0	0	0	0	0	0	0	0	0	0	1
OG_9712	1	1	1	1	2	1	1	1	1	1	1	1
OG_9713	1	1	1	1	1	1	1	1	1	1	1	1
OG_9714	1	1	1	1	1	1	1	1	2	1	0	1
OG_9715	1	1	1	1	1	1	1	1	1	3	2	1
OG_9716	2	1	1	1	1	1	1	1	2	1	1	1
OG_9717	2	3	2	1	2	1	2	2	1	3	1	1
OG_9718	1	1	1	1	1	1	1	1	1	1	1	1
OG_9719	1	1	1	1	1	1	1	2	1	2	1	1
OG_9720	1	1	1	1	1	1	1	1	1	1	1	1
OG_9721	1	2	1	1	0	1	1	1	1	1	0	1
OG_9722	1	1	1	1	1	1	1	1	0	1	1	1
OG_9723	1	1	3	1	1	1	1	2	2	0	1	1
OG_9724	1	1	1	1	2	1	1	1	1	2	1	1
OG_9725	1	1	1	1	2	1	1	1	1	1	1	1
OG_9726	1	1	1	1	1	1	1	1	1	1	1	1
OG_9727	1	1	1	1	1	1	1	1	1	1	1	1
OG_9728	1	1	5	1	4	1	1	1	1	2	4	1
OG_9729	1	1	1	1	2	1	2	1	1	1	3	2
OG_9730	1	2	1	1	1	1	1	1	1	1	1	1
OG_9731	1	1	1	2	1	1	2	1	1	1	1	1
OG_9732	1	1	2	1	1	1	1	1	1	0	1	1
OG_9733	1	1	1	1	1	1	1	1	1	1	1	0
OG_9734	1	1	0	1	0	1	1	0	0	1	0	0
OG_9735	1	1	1	1	1	1	1	1	1	1	1	1
OG_9736	1	1	3	1	1	1	1	3	1	2	1	3
OG_9737	1	1	1	1	2	1	1	1	0	1	1	1
OG_9738	1	1	1	1	1	1	1	1	1	1	2	1
OG_9739	1	1	2	1	1	1	1	1	1	3	1	1
OG_9740	1	2	1	1	2	1	1	1	1	2	1	1
OG_9741	1	1	1	1	1	1	1	1	1	1	1	1
OG_9742	1	1	1	1	1	1	1	1	1	2	1	1
OG_9743	1	1	4	1	1	1	2	1	1	1	1	1
OG_9744	1	0	0	0	0	0	0	0	0	0	0	1
OG_9745	1	1	1	1	1	1	1	1	1	1	2	1
OG_9746	1	1	1	1	1	1	2	2	1	0	2	0
OG_9747	1	1	1	1	1	1	2	2	1	0	1	1
OG_9748	1	2	1	1	0	1	1	1	1	1	1	1
OG_9749	1	1	1	1	2	1	1	1	1	1	1	1
OG_9750	1	1	1	1	1	1	1	1	1	1	1	1
OG_9751	4	1	1	2	1	1	1	1	3	8	3	2
OG_9752	1	0	0	0	0	1	0	0	0	1	0	1
OG_9753	1	1	1	1	4	1	1	1	1	1	1	1
OG_9754	1	1	3	1	1	1	1	4	1	2	1	1
OG_9755	1	1	1	1	1	1	1	1	0	1	1	1
OG_9756	1	1	1	1	0	1	1	1	1	3	0	1
OG_9757	1	1	1	1	1	1	1	1	1	1	1	1
OG_9758	1	2	1	1	0	1	1	1	1	1	0	2
OG_9759	0	0	0	0	3	0	0	0	0	0	1	0
OG_9760	0	1	1	1	2	1	2	1	1	1	1	1
OG_9761	1	1	2	1	2	1	1	3	1	2	2	2
OG_9762	0	1	2	1	2	1	1	2	2	3	2	1
OG_9763	0	1	1	1	1	1	1	1	1	1	1	1
OG_9764	0	1	1	1	1	1	1	1	0	1	1	1
OG_9765	1	1	1	1	0	1	2	2	0	0	0	0
OG_9766	0	1	1	1	1	1	1	1	1	1	1	1
OG_9767	1	1	1	1	0	1	1	1	1	2	0	0
OG_9768	0	1	1	1	2	1	1	1	1	1	3	1
OG_9769	0	1	1	1	1	1	1	1	2	1	2	1
OG_9770	1	1	1	1	1	1	1	1	2	5	2	1
OG_9771	0	1	1	1	0	1	1	1	1	1	0	1
OG_9772	2	1	2	1	1	1	1	1	1	1	0	1
OG_9773	0	1	0	1	1	1	1	1	1	1	1	1
OG_9774	1	1	2	1	1	1	1	1	1	0	1	1
OG_9775	2	1	1	1	2	1	1	1	1	2	1	1
OG_9776	0	1	1	1	1	1	1	1	1	1	0	1
OG_9777	2	1	1	1	1	2	2	2	1	1	1	1
OG_9778	1	1	1	1	1	1	1	2	1	1	1	1
OG_9779	3	2	1	1	1	2	1	1	1	1	1	1
OG_9780	1	1	4	1	2	10	1	4	2	2	2	0
OG_9781	0	1	1	1	1	1	1	1	1	1	0	1
OG_9782	1	2	2	1	3	1	2	1	2	1	3	2
OG_9783	0	1	0	1	0	0	1	0	0	1	0	1
OG_9784	0	1	2	1	4	1	1	2	2	1	1	1
OG_9785	0	1	1	1	1	1	1	2	2	2	0	1
OG_9786	0	1	3	0	0	0	0	0	0	0	0	1
OG_9787	0	1	6	0	0	2	0	1	0	0	0	0
OG_9788	1	1	1	4	1	1	1	1	1	3	0	2
OG_9789	1	1	1	1	1	1	2	1	1	1	6	3
OG_9790	0	1	1	1	1	1	1	1	1	1	1	1
OG_9791	2	1	1	1	0	1	1	1	1	1	0	1
OG_9792	1	2	1	1	0	1	1	1	3	1	0	1
OG_9793	0	1	1	1	0	1	1	1	1	0	0	1
OG_9794	0	1	1	1	0	1	1	2	1	1	0	0
OG_9795	1	1	2	1	1	1	1	1	2	3	1	3
OG_9796	1	1	1	1	1	1	1	1	1	3	1	1
OG_9797	1	1	6	2	3	2	1	7	1	1	3	5
OG_9798	1	1	2	1	0	1	0	1	1	0	0	1
OG_9799	0	3	0	0	0	0	0	0	0	0	0	1
OG_9800	0	1	1	1	2	1	1	1	1	1	4	3
OG_9801	0	1	2	1	1	1	1	1	1	1	1	1
OG_9802	0	1	1	1	2	1	1	1	1	1	0	1
OG_9803	0	1	1	1	1	1	1	2	1	1	0	1
OG_9804	1	1	1	1	1	1	1	1	3	1	1	1
OG_9805	1	1	5	1	1	1	1	4	1	4	0	1
OG_9806	0	1	1	1	0	1	1	1	0	0	0	1
OG_9807	1	1	1	1	0	1	1	1	0	1	0	1
OG_9808	1	1	1	1	0	1	2	1	1	1	0	1
OG_9809	0	1	1	1	2	1	1	1	2	1	1	1
OG_9810	2	1	1	3	4	2	1	2	2	1	2	1
OG_9811	1	1	1	1	0	1	1	1	1	1	0	0
OG_9812	0	1	0	0	0	1	1	0	1	0	1	1
OG_9813	1	1	1	2	1	1	1	1	1	1	1	1
OG_9814	0	1	1	1	1	1	1	1	1	1	1	1
OG_9815	0	1	2	1	14	1	1	1	1	1	1	1
OG_9816	1	1	3	1	0	1	2	1	1	2	0	1
OG_9817	0	1	3	1	2	1	1	2	3	2	1	1
OG_9818	0	1	1	1	2	1	1	1	0	1	1	1
OG_9819	1	1	1	1	2	3	1	1	1	1	1	1
OG_9820	2	1	2	1	1	2	2	2	1	1	1	1
OG_9821	0	1	1	1	1	1	1	1	1	1	1	1
OG_9822	0	3	3	2	3	1	1	1	1	0	0	1
OG_9823	0	1	0	0	0	1	0	0	0	1	1	1
OG_9824	1	1	1	1	1	1	1	1	1	1	1	1
OG_9825	0	1	4	1	1	1	1	3	1	2	1	0
OG_9826	1	1	2	1	1	1	1	1	1	1	1	1
OG_9827	2	1	2	1	2	1	1	1	1	1	1	1
OG_9828	0	0	0	0	1	0	0	0	0	0	1	0
OG_9829	1	1	2	1	0	1	1	1	0	0	0	0
OG_9830	0	2	0	1	0	0	1	0	0	0	0	1
OG_9831	1	1	1	1	1	1	1	1	1	1	1	1
OG_9832	1	1	1	1	1	1	1	2	1	1	1	0
OG_9833	0	0	0	0	1	0	0	0	1	3	1	3
OG_9834	0	0	0	1	0	1	0	0	1	2	1	1
OG_9835	0	0	0	0	1	0	1	0	1	1	1	1
OG_9836	1	1	3	1	0	1	1	4	0	0	1	1
OG_9837	1	0	0	0	0	0	7	0	0	0	0	0
OG_9838	4	1	1	1	5	1	2	2	1	0	3	1
OG_9839	0	0	0	0	1	0	0	0	1	1	2	1
OG_9840	1	1	1	1	1	1	1	1	1	1	0	0
OG_9841	1	0	1	3	0	2	1	1	0	3	0	0
OG_9842	1	4	0	1	0	1	1	2	0	0	0	0
OG_9843	0	0	0	0	4	0	0	0	0	0	2	1
OG_9844	1	1	1	1	1	1	1	2	1	1	1	3
OG_9845	1	1	2	1	10	1	1	1	1	1	1	1
OG_9846	0	0	0	0	2	0	0	0	0	0	1	1
OG_9847	1	1	3	1	0	1	1	2	1	2	0	3
OG_9848	1	1	1	0	0	1	1	1	0	1	0	0
OG_9849	1	1	3	1	0	1	1	3	0	1	0	0
OG_9850	1	1	1	3	0	1	1	4	0	0	0	2
OG_9851	1	1	1	1	0	1	1	3	0	1	0	0
OG_9852	2	4	1	1	1	1	1	1	1	1	1	1
OG_9853	1	1	1	1	1	1	1	1	0	1	0	1
OG_9854	9	24	14	12	0	10	5	5	8	7	0	15
OG_9855	1	1	5	1	1	1	1	2	2	4	0	2
OG_9856	5	3	0	5	2	0	3	0	1	0	2	3
OG_9857	3	1	3	1	3	1	2	1	1	2	1	5
OG_9858	0	0	0	0	4	0	0	0	0	0	2	0
OG_9859	0	0	1	0	0	0	0	1	0	0	0	2
OG_9860	1	1	1	1	2	1	1	1	2	5	1	3
OG_9861	2	4	4	2	16	2	2	2	2	2	16	19
OG_9862	1	1	1	1	1	1	3	1	1	1	1	1
OG_9863	8	2	6	12	0	3	4	11	2	6	4	1
OG_9864	1	1	2	1	0	1	1	1	0	0	0	1
OG_9865	1	1	1	1	3	1	1	1	1	1	2	1
OG_9866	1	1	2	1	0	1	1	1	1	1	0	1
OG_9867	1	1	1	1	0	1	1	1	1	6	0	1
OG_9868	0	0	0	0	1	0	0	0	0	0	0	1
OG_9869	1	0	1	0	0	1	1	1	1	1	2	3
OG_9870	0	0	0	0	1	0	0	0	0	0	0	4
OG_9871	1	1	2	1	0	1	1	0	1	1	0	1
OG_9872	0	0	0	0	0	0	0	0	1	1	0	1
OG_9873	2	1	1	1	1	1	1	0	1	1	1	1
OG_9874	1	1	1	1	1	1	2	1	2	1	2	1
OG_9875	3	2	1	1	2	1	1	1	1	1	5	4
OG_9876	0	0	0	0	0	0	0	0	1	1	0	1
OG_9877	1	1	1	1	1	1	1	1	1	0	1	1
OG_9878	2	1	1	1	1	2	1	1	1	0	2	1
OG_9879	0	0	0	0	0	0	0	1	0	1	0	1
OG_9880	0	0	0	0	3	0	0	0	0	0	0	1
OG_9881	0	0	1	1	0	1	1	4	0	0	1	0
OG_9882	0	3	0	1	1	1	1	1	1	1	1	0
OG_9883	1	1	0	1	0	1	0	1	0	1	0	3
OG_9884	0	0	0	0	0	0	0	0	1	1	0	0
OG_9885	1	1	1	1	1	1	1	1	1	3	2	11
OG_9886	1	1	1	1	1	1	1	1	0	1	0	0
OG_9887	1	1	1	1	1	1	1	1	1	3	1	1
OG_9888	2	2	2	2	1	2	3	2	2	4	1	6
OG_9889	1	1	1	1	0	1	1	1	1	1	0	9
OG_9890	1	1	1	1	1	1	1	1	1	9	1	3
OG_9891	3	4	8	4	2	3	3	9	1	0	1	0
OG_9892	1	1	3	1	8	1	3	2	1	3	2	1
OG_9893	0	0	0	0	0	0	0	0	0	1	0	1
OG_9894	0	0	0	0	1	0	0	0	0	0	0	1
OG_9895	1	1	2	1	0	1	1	3	1	1	0	1
OG_9896	1	1	1	1	1	1	1	1	1	1	0	1
OG_9897	1	0	0	0	0	0	0	0	1	1	0	0
OG_9898	1	1	1	1	0	1	1	1	2	1	0	2
OG_9899	1	1	1	1	1	1	1	1	1	1	1	11
OG_9900	1	1	1	1	2	1	1	1	1	2	2	2
OG_9901	1	1	1	1	1	1	1	1	1	1	3	2
OG_9902	1	1	1	1	0	1	1	1	1	1	0	1
OG_9903	0	1	0	1	0	1	1	0	0	1	0	0
OG_9904	1	1	1	1	1	1	1	1	1	1	1	1
OG_9905	0	1	1	1	5	1	1	2	1	1	1	1
OG_9906	1	2	3	1	0	1	1	1	0	0	0	0
OG_9907	1	3	1	1	0	1	1	1	1	1	0	10
OG_9908	0	1	0	4	0	0	0	0	1	0	0	3
OG_9909	0	0	0	0	1	0	0	0	0	0	0	1
OG_9910	1	1	1	1	1	1	1	1	1	1	0	0
OG_9911	0	0	0	0	0	0	0	0	1	0	0	1
OG_9912	0	0	0	0	0	0	0	0	0	1	0	1
OG_9913	1	1	1	1	1	1	1	1	1	1	1	6
OG_9914	1	1	0	0	0	1	1	3	0	0	0	0
OG_9915	1	2	2	1	1	1	1	2	1	3	0	1
OG_9916	1	0	3	1	0	1	1	3	0	0	0	1
OG_9917	0	0	0	0	3	0	0	0	0	0	3	0
OG_9918	0	0	0	0	2	0	0	0	0	1	1	0
OG_9919	1	1	1	1	2	1	1	1	1	1	0	0
OG_9920	1	1	1	1	1	1	1	1	1	1	1	2
OG_9921	1	1	1	1	1	1	1	1	1	1	1	1
OG_9922	1	1	1	1	1	1	1	1	0	1	0	0
OG_9923	2	1	1	1	2	1	1	1	1	0	2	1
OG_9924	1	1	0	1	0	1	1	2	0	2	0	0
OG_9925	1	1	1	1	1	1	1	1	4	3	0	1
OG_9926	0	0	0	0	0	0	0	0	1	1	0	1
OG_9927	0	0	0	0	0	0	0	0	0	2	0	1
OG_9928	1	1	1	1	1	1	1	2	2	1	0	2
OG_9929	2	1	1	1	1	1	1	1	1	1	0	2
OG_9930	1	1	1	1	1	1	1	2	2	3	1	1
OG_9931	1	1	1	1	0	1	1	2	0	0	0	0
OG_9932	1	1	3	1	1	1	1	4	0	1	0	1
OG_9933	1	1	1	1	0	1	1	2	0	0	0	0
OG_9934	1	1	0	1	0	1	1	0	1	2	0	1
OG_9935	1	1	0	1	0	1	1	0	2	0	0	1
OG_9936	0	0	0	0	1	0	0	0	0	0	0	4
OG_9937	1	1	1	1	0	1	1	1	1	1	0	0
OG_9938	1	1	1	1	0	1	1	2	1	1	0	1
OG_9939	1	2	1	1	1	2	1	2	1	1	1	1
OG_9940	1	1	2	1	0	1	1	1	0	0	0	0
OG_9941	5	5	10	10	3	9	4	8	3	4	1	3
OG_9942	1	1	1	2	0	1	1	1	1	1	0	1
OG_9943	1	1	1	1	1	1	2	1	1	3	1	1
OG_9944	2	1	1	1	2	1	1	1	1	1	2	1
OG_9945	0	0	0	0	0	0	1	0	0	0	0	1
OG_9946	1	1	1	1	0	1	1	1	1	1	0	1
OG_9947	1	1	4	1	3	2	1	4	2	1	0	1
OG_9948	1	1	1	1	1	1	1	1	1	1	0	1
OG_9949	1	1	2	1	2	1	1	2	1	1	0	0
OG_9950	1	1	1	1	1	1	2	1	1	1	1	1
OG_9951	1	1	1	1	2	0	1	1	1	1	1	2
OG_9952	1	1	1	1	1	1	1	1	1	1	2	1
OG_9953	1	1	2	1	1	1	1	2	1	0	1	1
OG_9954	1	1	2	0	2	2	2	2	2	2	2	1
OG_9955	1	1	0	1	0	1	1	2	1	1	0	0
OG_9956	1	1	0	1	0	1	1	1	1	0	0	1
OG_9957	1	1	1	1	1	1	1	1	1	2	1	6
OG_9958	0	1	0	1	0	0	0	0	0	0	0	1
OG_9959	0	1	0	1	0	0	0	0	2	1	0	12
OG_9960	1	1	1	1	2	1	1	2	1	1	1	3
OG_9961	1	1	1	1	1	1	1	4	1	1	0	1
OG_9962	1	1	0	1	0	1	1	1	1	1	0	0
OG_9963	0	0	0	0	0	0	0	0	1	2	0	1
OG_9964	1	0	0	2	0	0	1	0	0	1	0	0
OG_9965	2	2	1	2	0	2	2	1	2	0	0	3
OG_9966	1	1	0	1	0	1	1	0	0	2	0	0
OG_9967	1	1	1	1	0	1	1	1	0	1	0	0
OG_9968	1	1	2	1	0	1	1	0	1	0	0	0
OG_9969	1	1	1	1	0	1	1	1	1	2	0	0
OG_9970	1	1	3	1	0	1	1	0	1	1	0	1
OG_9971	1	1	1	2	1	1	1	1	1	3	1	5
OG_9972	1	0	1	1	0	1	1	1	0	1	0	0
OG_9973	1	1	1	1	0	1	1	1	1	0	0	1
OG_9974	4	4	3	4	18	4	4	3	6	9	2	3
OG_9975	0	0	0	0	4	0	0	0	0	0	0	6
OG_9976	1	1	1	1	0	0	1	0	0	1	0	0
OG_9977	1	2	1	1	1	1	1	1	2	1	1	0
OG_9978	1	1	2	1	1	1	1	1	1	1	0	3
OG_9979	2	1	3	1	0	1	1	4	0	1	0	0
OG_9980	1	1	1	1	5	1	1	1	2	1	1	2
OG_9981	1	1	1	0	0	1	1	1	1	1	0	1
OG_9982	0	0	0	1	0	0	0	0	0	0	0	1
OG_9983	1	1	1	1	2	1	1	1	1	1	1	1
OG_9984	1	1	1	1	2	1	1	1	1	1	0	5
OG_9985	1	1	0	1	0	0	1	0	2	1	0	1
OG_9986	1	1	1	1	1	1	1	1	1	1	2	2
OG_9987	1	1	1	1	0	1	1	1	1	1	0	0
OG_9988	0	0	1	0	0	0	0	1	0	0	0	1
OG_9989	0	2	2	1	1	1	1	2	1	1	1	1
OG_9990	2	2	1	2	3	1	2	1	1	1	6	1
OG_9991	1	1	1	1	1	1	1	1	1	2	1	1
OG_9992	1	1	2	1	3	1	1	1	1	4	2	3
OG_9993	1	1	1	1	2	1	1	1	3	3	1	3
OG_9994	1	1	1	1	1	1	1	1	2	2	1	2
OG_9995	1	1	2	1	1	1	1	1	2	3	1	5
OG_9996	1	1	1	1	2	1	1	3	1	1	2	1
OG_9997	1	1	1	1	1	1	1	1	1	1	0	3
OG_9998	1	1	3	1	1	1	1	3	1	2	1	1
OG_9999	1	1	1	1	2	1	1	1	2	2	1	1
OG_10000	1	1	2	1	3	1	1	2	2	1	1	1
OG_10001	1	1	1	1	1	1	1	1	1	1	1	1
OG_10002	1	1	1	1	2	1	1	1	1	1	1	1
OG_10003	1	1	1	1	3	1	1	2	2	4	2	0
OG_10004	1	1	2	1	2	1	1	1	2	1	1	1
OG_10005	1	1	1	1	2	1	1	1	1	1	1	0
OG_10006	2	1	5	1	3	1	3	3	4	1	1	0
OG_10007	1	1	1	1	5	1	1	1	2	1	0	0
OG_10008	2	1	1	1	2	1	1	1	1	5	1	1
OG_10009	1	1	1	1	2	1	1	1	1	2	1	1
OG_10010	1	2	1	1	4	1	1	1	1	2	0	0
OG_10011	1	2	3	1	2	1	1	1	1	2	2	1
OG_10012	1	1	1	1	2	1	1	1	2	2	1	1
OG_10013	1	1	1	2	2	1	1	2	1	1	2	0
OG_10014	2	1	1	1	3	1	2	1	1	1	3	1
OG_10015	2	0	0	0	0	1	2	0	0	0	0	0
OG_10016	1	0	0	1	0	1	1	0	1	0	0	0
OG_10017	1	2	4	2	2	1	2	5	1	5	0	1
OG_10018	1	1	1	1	1	1	1	1	1	1	2	0
OG_10019	1	1	1	1	2	1	1	1	1	1	0	0
OG_10020	1	1	1	1	6	1	1	1	1	1	1	1
OG_10021	1	2	1	2	2	1	1	1	1	1	2	1
OG_10022	1	0	1	1	2	1	1	1	1	1	1	1
OG_10023	1	1	1	1	2	1	1	2	0	0	1	0
OG_10024	1	1	0	1	0	1	1	1	1	1	0	0
OG_10025	2	2	1	3	3	2	4	1	2	3	2	0
OG_10026	1	1	3	1	3	1	1	1	1	1	1	0
OG_10027	1	1	1	1	2	1	2	1	2	1	1	1
OG_10028	1	1	0	1	2	0	0	0	0	3	0	0
OG_10029	1	1	4	1	5	1	1	5	1	3	3	1
OG_10030	2	1	1	1	2	1	1	2	1	1	1	1
OG_10031	1	1	2	2	4	1	1	1	1	1	3	1
OG_10032	1	1	1	1	2	1	1	1	1	1	1	4
OG_10033	1	1	3	1	2	1	1	1	1	1	1	0
OG_10034	1	1	1	1	2	3	1	1	2	1	1	1
OG_10035	3	1	1	1	4	1	1	1	1	1	3	1
OG_10036	1	1	1	1	2	1	2	1	1	1	1	0
OG_10037	1	2	4	1	4	1	1	1	1	1	2	1
OG_10038	3	1	1	1	2	1	2	2	1	1	1	1
OG_10039	0	0	1	1	0	0	0	0	0	1	1	0
OG_10040	1	2	2	1	3	1	1	1	1	1	1	1
OG_10041	1	1	0	1	4	1	2	1	1	1	0	0
OG_10042	1	2	1	1	1	1	2	1	1	1	0	0
OG_10043	1	1	1	2	2	1	2	4	1	4	2	0
OG_10044	1	0	1	1	2	1	1	1	1	1	1	0
OG_10045	1	2	3	2	1	1	2	0	1	1	1	7
OG_10046	1	1	1	1	2	1	1	1	1	3	3	7
OG_10047	1	1	1	1	2	1	1	1	1	2	2	1
OG_10048	1	1	2	1	2	1	2	1	1	1	1	0
OG_10049	1	1	1	1	2	1	1	1	1	1	1	1
OG_10050	1	1	2	1	2	1	1	1	1	7	1	1
OG_10051	1	1	1	1	2	1	1	1	1	1	1	0
OG_10052	1	1	1	1	2	1	1	1	2	1	0	1
OG_10053	1	1	1	1	2	1	1	1	1	0	0	1
OG_10054	1	1	2	1	2	1	1	1	1	1	1	2
OG_10055	1	1	3	1	2	2	1	1	2	1	1	1
OG_10056	1	1	2	1	4	1	1	2	2	1	2	1
OG_10057	2	2	1	1	3	1	1	1	2	4	1	4
OG_10058	1	1	1	1	4	1	1	1	1	1	1	3
OG_10059	1	1	1	1	2	1	2	1	1	1	0	1
OG_10060	1	1	2	1	4	1	1	2	1	1	1	1
OG_10061	1	1	1	1	2	1	1	1	2	1	1	2
OG_10062	1	1	1	1	3	1	1	1	1	1	2	0
OG_10063	1	1	1	1	2	1	1	1	0	0	1	0
OG_10064	1	1	5	1	3	1	0	1	1	1	1	0
OG_10065	1	1	3	2	2	1	1	1	1	1	0	0
OG_10066	2	1	1	1	2	1	1	1	2	4	0	1
OG_10067	1	1	1	1	2	1	1	1	1	1	0	0
OG_10068	0	0	0	0	5	0	0	0	0	0	1	0
OG_10069	1	1	1	1	3	0	1	1	1	1	1	2
OG_10070	1	1	1	1	2	1	2	1	2	1	1	1
OG_10071	1	1	4	1	2	1	1	3	2	1	1	0
OG_10072	1	1	1	1	2	1	1	2	1	3	0	1
OG_10073	1	1	1	1	1	1	1	1	3	1	1	1
OG_10074	1	2	1	1	3	1	1	1	2	1	1	1
OG_10075	3	1	0	1	0	1	1	0	0	3	1	1
OG_10076	0	1	0	1	1	0	0	0	1	1	0	0
OG_10077	0	0	0	0	2	0	0	0	0	0	2	1
OG_10078	1	1	3	1	2	1	1	1	1	1	1	0
OG_10079	1	0	0	0	2	0	0	0	0	0	0	0
OG_10080	1	1	1	0	3	1	1	1	1	1	1	1
OG_10081	1	1	1	1	3	1	1	1	1	7	1	0
OG_10082	1	1	1	1	3	1	1	1	1	1	1	1
OG_10083	1	1	1	1	2	1	1	5	1	1	1	1
OG_10084	1	1	3	1	2	2	1	1	1	3	0	0
OG_10085	1	3	2	1	4	1	1	1	1	3	1	1
OG_10086	1	1	1	1	2	1	1	1	1	1	1	1
OG_10087	1	2	2	2	3	1	1	1	1	1	1	1
OG_10088	1	1	1	1	3	1	1	1	1	1	1	1
OG_10089	1	1	1	1	2	1	1	1	1	1	1	1
OG_10090	1	1	1	1	2	1	1	1	1	1	1	1
OG_10091	1	1	1	1	1	1	1	1	0	1	2	1
OG_10092	1	1	1	1	2	5	2	1	1	1	1	1
OG_10093	1	1	1	1	2	1	1	1	1	2	1	1
OG_10094	3	1	1	1	2	1	1	1	1	2	1	1
OG_10095	1	4	1	1	4	1	1	1	2	1	1	1
OG_10096	0	4	0	1	0	0	0	0	0	0	0	0
OG_10097	1	1	1	1	1	1	1	1	1	1	0	0
OG_10098	1	1	1	1	1	1	2	1	1	4	1	1
OG_10099	1	1	1	1	1	1	1	1	1	1	1	1
OG_10100	1	1	1	1	1	1	1	1	0	0	1	1
OG_10101	1	1	1	1	1	1	1	1	1	1	1	0
OG_10102	1	1	1	1	0	1	2	1	0	1	0	0
OG_10103	1	1	2	1	1	1	1	1	1	1	0	0
OG_10104	1	1	1	1	1	1	1	1	1	0	1	1
OG_10105	1	1	1	1	0	1	1	2	0	0	0	0
OG_10106	1	1	1	1	1	1	1	1	1	1	1	1
OG_10107	1	1	1	1	1	1	1	1	1	1	1	0
OG_10108	1	1	1	1	1	2	1	1	1	1	0	0
OG_10109	1	1	1	1	1	1	1	1	1	1	1	1
OG_10110	1	1	2	1	0	1	1	1	1	1	0	1
OG_10111	1	1	1	1	1	1	1	1	1	1	1	1
OG_10112	1	1	1	1	1	1	1	1	1	1	0	0
OG_10113	1	1	1	1	1	1	1	1	1	1	1	0
OG_10114	1	1	1	1	1	1	1	2	1	1	0	0
OG_10115	1	1	2	1	1	1	2	3	1	1	1	0
OG_10116	1	1	1	2	1	1	1	1	1	2	2	0
OG_10117	1	1	1	1	1	1	1	1	1	1	1	1
OG_10118	1	0	1	1	3	1	2	1	1	0	2	1
OG_10119	1	1	1	1	1	1	1	1	1	1	1	0
OG_10120	1	2	1	1	1	3	1	1	1	1	1	1
OG_10121	1	1	1	1	1	1	1	1	1	1	1	0
OG_10122	1	0	0	1	1	0	1	0	0	0	1	0
OG_10123	1	1	4	1	1	1	1	3	0	2	1	1
OG_10124	1	1	0	1	0	1	1	0	1	3	0	0
OG_10125	1	1	1	1	1	1	1	1	1	1	0	0
OG_10126	1	1	1	1	1	1	2	1	1	4	1	1
OG_10127	1	1	2	1	1	1	1	1	1	2	0	0
OG_10128	1	1	1	1	1	1	1	1	1	1	1	1
OG_10129	1	1	1	1	1	1	1	2	1	1	1	0
OG_10130	1	1	1	1	1	1	2	1	1	1	1	1
OG_10131	1	1	1	0	1	1	1	1	1	1	1	0
OG_10132	2	3	3	2	1	2	2	2	3	2	1	5
OG_10133	2	1	1	1	1	1	2	1	1	3	1	0
OG_10134	1	1	1	1	1	1	1	1	1	1	1	0
OG_10135	1	1	1	1	1	1	1	1	1	3	0	0
OG_10136	1	1	1	1	1	1	1	4	0	2	1	0
OG_10137	1	3	2	1	1	1	2	3	1	1	1	1
OG_10138	1	2	1	1	1	1	1	2	1	4	1	1
OG_10139	1	1	1	1	1	1	1	1	0	0	0	0
OG_10140	1	1	0	0	1	0	1	0	1	1	1	1
OG_10141	2	1	2	0	1	1	1	1	1	1	1	0
OG_10142	1	1	2	1	0	1	1	1	1	2	0	0
OG_10143	1	1	1	1	1	2	1	2	2	1	0	1
OG_10144	2	1	1	3	2	1	1	1	1	2	2	3
OG_10145	1	1	1	1	1	1	1	1	1	1	1	0
OG_10146	1	1	2	2	1	1	1	2	1	1	0	1
OG_10147	1	1	1	1	3	1	1	1	1	1	1	1
OG_10148	1	1	1	1	1	1	1	2	1	1	1	1
OG_10149	2	1	2	1	1	1	1	2	1	0	1	1
OG_10150	1	1	1	1	1	1	1	1	0	1	1	1
OG_10151	1	0	2	1	1	1	1	1	0	1	0	0
OG_10152	1	1	1	0	1	2	1	0	0	0	0	1
OG_10153	1	2	1	1	2	1	1	1	1	2	2	1
OG_10154	1	1	1	1	1	1	1	1	1	1	1	1
OG_10155	1	1	1	1	4	1	3	1	1	0	3	1
OG_10156	1	1	1	1	1	1	1	1	2	1	1	0
OG_10157	1	1	1	1	1	1	1	1	1	1	1	0
OG_10158	1	1	1	1	1	1	1	1	1	1	1	1
OG_10159	1	1	1	1	1	1	1	1	1	3	1	0
OG_10160	1	1	1	1	1	1	1	1	1	1	1	0
OG_10161	1	1	1	2	1	1	1	0	0	0	1	0
OG_10162	1	0	1	0	1	0	1	1	0	1	1	0
OG_10163	1	2	1	1	1	1	1	1	1	0	2	1
OG_10164	1	1	1	1	1	1	1	1	0	0	1	1
OG_10165	1	1	1	1	1	1	1	2	1	1	1	1
OG_10166	1	1	1	1	1	1	1	1	1	1	1	0
OG_10167	1	1	1	1	1	1	1	1	1	2	1	1
OG_10168	1	1	3	1	1	6	7	1	1	1	1	1
OG_10169	1	1	1	1	1	1	1	1	2	2	1	1
OG_10170	1	2	3	1	1	2	3	5	1	1	0	1
OG_10171	1	1	1	1	1	1	1	1	1	1	0	0
OG_10172	1	1	1	1	1	1	1	1	1	1	1	2
OG_10173	3	1	1	1	1	1	1	2	1	1	1	0
OG_10174	1	0	0	0	1	0	0	0	0	1	0	0
OG_10175	1	2	2	1	1	1	1	1	1	9	0	1
OG_10176	2	1	1	1	1	1	1	1	1	1	1	1
OG_10177	1	1	1	1	1	1	1	1	1	2	1	1
OG_10178	1	1	1	1	1	2	2	1	1	1	0	0
OG_10179	1	1	1	1	1	1	1	0	1	1	1	1
OG_10180	1	1	2	1	1	1	1	2	1	0	0	0
OG_10181	1	1	1	1	0	1	1	1	2	2	0	1
OG_10182	1	1	1	1	1	1	1	1	1	1	1	1
OG_10183	1	1	1	1	1	1	1	1	1	1	1	1
OG_10184	1	1	1	1	1	1	1	1	1	1	0	0
OG_10185	1	1	1	1	1	1	1	1	0	1	1	1
OG_10186	2	1	2	1	1	1	1	1	1	3	0	0
OG_10187	1	1	2	1	1	1	1	1	1	3	0	1
OG_10188	1	1	1	1	1	1	1	1	1	1	1	0
OG_10189	1	1	1	1	1	1	0	1	1	1	1	1
OG_10190	1	1	1	1	1	1	2	1	1	2	1	0
OG_10191	1	1	0	1	1	1	1	1	1	1	2	0
OG_10192	1	1	0	1	1	3	1	1	1	1	0	2
OG_10193	1	1	1	1	1	1	1	2	1	1	1	1
OG_10194	1	1	1	1	0	1	1	1	1	1	0	0
OG_10195	1	1	1	1	1	1	1	1	1	2	1	3
OG_10196	1	1	1	1	1	1	1	1	2	1	2	1
OG_10197	1	1	1	1	1	1	1	1	1	1	0	0
OG_10198	1	1	1	1	1	1	1	2	3	3	0	0
OG_10199	1	1	1	1	1	1	1	1	1	2	1	0
OG_10200	1	1	5	1	1	1	1	1	1	9	1	1
OG_10201	1	1	1	1	0	1	1	1	1	1	0	1
OG_10202	1	0	0	1	1	0	1	0	0	0	1	0
OG_10203	1	5	2	1	0	1	2	1	0	0	0	0
OG_10204	2	1	1	1	1	1	1	1	1	2	0	0
OG_10205	2	1	2	1	1	1	1	1	2	2	1	1
OG_10206	1	1	1	1	1	1	1	1	1	1	1	0
OG_10207	1	0	2	1	1	1	1	1	1	1	1	0
OG_10208	1	1	2	1	1	1	1	1	1	1	0	0
OG_10209	1	1	1	1	1	1	1	1	1	1	1	1
OG_10210	1	1	1	1	1	1	1	1	1	1	0	0
OG_10211	2	1	1	1	1	1	2	1	1	1	0	0
OG_10212	1	1	1	1	1	1	1	1	1	1	0	0
OG_10213	1	1	1	1	1	1	1	1	0	1	0	0
OG_10214	1	1	1	1	1	1	1	1	1	1	1	0
OG_10215	1	1	1	1	1	1	2	1	1	1	1	0
OG_10216	1	1	1	1	1	1	1	3	1	3	1	0
OG_10217	1	1	1	1	1	1	1	1	1	1	1	1
OG_10218	1	1	1	1	1	1	1	1	3	1	1	1
OG_10219	1	1	1	1	1	1	0	1	1	1	1	0
OG_10220	1	1	1	3	1	1	2	1	1	1	1	0
OG_10221	1	1	1	1	1	1	1	1	1	1	1	0
OG_10222	1	2	1	1	1	2	1	1	1	1	2	1
OG_10223	1	2	1	1	1	1	1	1	1	1	0	0
OG_10224	1	1	1	1	1	1	1	1	1	1	1	0
OG_10225	1	1	2	1	1	1	1	1	1	1	0	0
OG_10226	2	2	2	1	1	1	1	1	2	1	1	1
OG_10227	1	1	1	1	1	1	1	1	1	1	1	1
OG_10228	1	1	2	1	1	1	1	1	1	1	1	0
OG_10229	1	1	1	1	1	1	1	1	1	5	1	1
OG_10230	2	1	2	1	2	1	2	3	2	2	1	0
OG_10231	1	1	1	1	1	1	2	2	2	1	2	1
OG_10232	1	1	1	1	1	1	1	1	1	1	1	1
OG_10233	1	1	1	1	1	1	1	1	1	2	0	0
OG_10234	2	1	1	1	2	1	1	1	2	2	2	4
OG_10235	1	1	1	1	1	1	1	2	1	1	0	1
OG_10236	9	0	0	1	0	1	5	1	0	0	0	0
OG_10237	1	1	1	0	0	1	1	2	1	1	0	0
OG_10238	1	1	0	1	1	0	1	0	1	1	0	0
OG_10239	1	1	0	0	0	1	1	0	0	0	0	0
OG_10240	1	1	1	1	1	1	1	1	1	2	1	1
OG_10241	2	1	1	1	1	1	13	1	1	1	1	1
OG_10242	1	1	1	1	1	1	1	1	1	1	1	0
OG_10243	1	0	1	1	1	1	1	1	2	1	0	0
OG_10244	1	1	1	1	1	1	1	1	1	2	0	0
OG_10245	1	1	1	1	1	1	1	1	1	1	1	1
OG_10246	2	1	3	1	0	1	1	1	0	1	0	1
OG_10247	1	0	1	0	1	1	0	1	0	1	1	0
OG_10248	1	1	3	1	1	1	1	1	1	1	0	1
OG_10249	1	1	1	1	1	1	1	1	1	1	1	1
OG_10250	2	1	1	2	1	2	1	2	2	2	1	1
OG_10251	1	1	1	1	1	1	1	1	4	0	1	0
OG_10252	1	1	2	1	1	1	1	1	1	2	1	1
OG_10253	1	1	5	1	1	1	3	2	2	4	1	1
OG_10254	4	6	1	1	1	1	4	3	2	1	1	1
OG_10255	1	2	5	1	3	1	1	6	1	1	1	0
OG_10256	1	1	3	1	1	1	0	1	2	1	1	2
OG_10257	1	1	1	1	1	1	2	1	0	0	0	0
OG_10258	1	1	1	1	1	1	1	1	1	1	1	0
OG_10259	1	4	1	1	1	1	1	3	1	1	1	0
OG_10260	1	3	1	1	3	1	1	2	1	2	1	1
OG_10261	2	4	2	2	4	2	2	2	1	1	3	1
OG_10262	1	2	1	1	1	1	1	1	1	2	0	1
OG_10263	1	1	1	1	1	1	1	1	1	2	1	0
OG_10264	1	1	1	1	1	1	1	1	1	1	1	3
OG_10265	1	1	1	1	1	1	1	1	1	1	1	0
OG_10266	1	1	1	1	3	1	1	2	1	1	3	1
OG_10267	1	1	1	1	1	1	1	1	1	2	1	1
OG_10268	2	2	5	1	1	1	1	3	1	1	0	1
OG_10269	1	1	1	1	1	2	1	2	1	1	1	1
OG_10270	1	1	1	1	1	1	1	1	1	1	1	1
OG_10271	1	1	5	1	0	1	1	7	0	0	0	0
OG_10272	0	0	0	0	1	0	0	0	0	0	1	0
OG_10273	1	1	2	1	1	1	1	1	1	2	0	0
OG_10274	1	1	1	1	1	1	1	1	0	1	1	0
OG_10275	1	1	1	1	1	1	1	1	1	2	1	0
OG_10276	1	1	1	1	1	1	0	1	1	1	1	0
OG_10277	1	1	2	1	1	1	1	2	1	1	0	1
OG_10278	2	1	1	1	1	1	1	1	5	2	3	1
OG_10279	1	2	1	1	1	1	1	1	1	1	1	1
OG_10280	2	1	1	1	1	1	2	0	1	1	0	0
OG_10281	1	1	1	1	1	1	1	1	1	1	1	0
OG_10282	1	1	1	1	1	1	1	1	1	1	1	2
OG_10283	1	2	1	3	1	1	1	1	1	1	1	2
OG_10284	1	1	1	1	1	1	1	1	1	1	0	2
OG_10285	2	2	1	1	1	1	1	1	1	1	1	0
OG_10286	1	1	1	1	1	1	1	1	1	2	2	0
OG_10287	1	1	3	1	1	1	1	2	1	1	1	1
OG_10288	1	2	1	1	1	1	1	1	1	1	0	0
OG_10289	1	1	1	1	1	1	1	1	1	1	1	0
OG_10290	1	1	1	1	1	1	1	1	1	2	0	0
OG_10291	1	1	1	1	1	1	1	1	2	2	1	1
OG_10292	0	0	0	0	1	0	0	0	0	0	2	3
OG_10293	1	2	1	1	1	1	1	1	1	1	0	0
OG_10294	1	1	1	1	1	1	1	1	0	0	0	0
OG_10295	1	1	1	1	1	1	1	0	1	1	1	0
OG_10296	1	9	1	13	1	1	1	1	2	0	0	1
OG_10297	0	0	0	0	1	0	0	0	0	0	2	0
OG_10298	1	1	1	1	1	1	1	2	1	1	0	0
OG_10299	1	1	1	1	1	1	2	1	1	0	0	0
OG_10300	1	1	1	1	1	1	1	1	1	0	1	0
OG_10301	1	1	1	1	1	1	1	1	1	1	1	0
OG_10302	1	1	1	1	1	1	1	1	1	1	1	1
OG_10303	1	1	1	1	0	1	1	1	1	1	0	1
OG_10304	1	1	1	1	1	1	1	1	1	1	1	0
OG_10305	1	1	0	1	1	1	1	1	2	1	1	1
OG_10306	1	2	1	1	1	1	1	1	2	1	1	0
OG_10307	1	0	2	1	7	1	1	3	1	4	1	0
OG_10308	0	0	0	0	1	0	0	0	0	0	1	1
OG_10309	1	1	1	1	1	1	1	1	1	1	1	1
OG_10310	1	1	1	1	1	1	2	1	1	1	1	1
OG_10311	2	1	1	1	1	1	1	1	0	3	1	1
OG_10312	1	1	2	1	3	4	1	2	1	1	0	1
OG_10313	0	0	0	0	9	0	0	0	0	1	6	0
OG_10314	1	1	2	1	1	1	2	2	1	1	2	1
OG_10315	0	1	0	1	2	0	0	0	0	0	0	0
OG_10316	2	1	1	1	2	1	1	1	1	1	1	1
OG_10317	1	1	1	1	0	1	1	1	1	1	0	2
OG_10318	0	0	0	0	5	0	0	0	0	1	0	0
OG_10319	5	5	2	4	0	2	3	2	2	0	0	0
OG_10320	1	1	1	1	1	1	1	1	1	1	1	2
OG_10321	1	1	1	1	2	1	6	1	8	1	0	0
OG_10322	1	1	1	1	0	1	1	1	1	9	0	1
OG_10323	0	1	0	1	1	1	0	0	1	2	0	0
OG_10324	0	1	1	1	1	2	1	1	1	0	2	1
OG_10325	1	1	1	1	1	1	0	1	0	1	0	0
OG_10326	0	1	1	1	1	1	1	1	1	1	0	0
OG_10327	0	1	0	0	1	0	0	0	0	0	0	0
OG_10328	0	1	0	1	1	0	0	0	1	1	0	0
OG_10329	1	1	0	1	0	1	1	1	0	0	0	0
OG_10330	0	0	0	0	1	0	0	0	0	0	1	0
OG_10331	0	1	2	1	1	1	1	1	1	1	1	0
OG_10332	0	1	1	1	1	1	1	1	1	3	1	1
OG_10333	0	1	1	1	1	1	1	1	1	1	1	0
OG_10334	0	1	0	1	1	1	1	1	0	1	0	0
OG_10335	1	1	1	2	1	1	2	1	1	0	0	0
OG_10336	0	1	3	1	1	1	1	1	0	1	0	0
OG_10337	0	1	1	1	1	1	1	1	2	2	1	0
OG_10338	0	1	1	1	1	1	0	1	1	1	1	0
OG_10339	0	1	1	2	1	2	2	1	2	2	0	0
OG_10340	0	0	0	0	2	0	0	0	0	0	1	0
OG_10341	0	0	0	0	2	0	0	0	0	0	1	0
OG_10342	0	0	0	0	2	0	0	0	0	0	1	0
OG_10343	0	0	0	0	2	0	0	0	0	0	1	0
OG_10344	0	0	0	0	5	0	0	0	0	0	1	0
OG_10345	0	0	0	0	3	0	0	0	0	0	1	0
OG_10346	0	0	0	0	2	0	0	0	0	0	1	0
OG_10347	0	0	0	0	4	0	0	0	0	0	1	0
OG_10348	0	0	0	0	3	0	0	0	0	0	1	0
OG_10349	0	0	0	0	2	0	0	0	0	0	1	0
OG_10350	0	0	0	0	2	0	0	0	0	0	1	0
OG_10351	0	0	0	0	2	0	0	0	0	0	1	0
OG_10352	0	0	0	0	3	0	0	0	0	0	1	0
OG_10353	0	0	0	0	2	0	0	0	0	0	1	0
OG_10354	0	0	0	0	2	0	0	0	0	0	3	0
OG_10355	0	0	0	0	2	0	0	0	0	0	1	0
OG_10356	0	0	0	0	2	0	0	0	0	0	1	0
OG_10357	0	0	0	0	3	0	0	0	0	0	1	0
OG_10358	0	0	0	0	2	0	0	0	0	0	2	0
OG_10359	0	0	0	0	2	0	0	0	0	0	1	0
OG_10360	0	0	0	0	2	0	0	0	0	0	2	0
OG_10361	0	0	0	0	2	0	0	0	0	0	1	0
OG_10362	0	0	0	0	2	0	0	0	0	0	1	0
OG_10363	0	0	0	0	4	0	0	0	0	0	1	0
OG_10364	0	0	0	0	2	0	0	0	0	0	2	0
OG_10365	0	0	0	0	4	0	0	0	0	0	2	0
OG_10366	0	0	0	0	3	0	0	0	0	0	1	0
OG_10367	0	0	0	0	4	0	0	0	0	0	1	0
OG_10368	0	0	0	0	2	0	0	0	0	0	1	0
OG_10369	0	0	0	0	2	0	0	0	0	0	1	0
OG_10370	0	0	0	0	2	0	0	0	0	0	1	0
OG_10371	0	0	0	0	2	0	0	0	0	0	1	0
OG_10372	0	0	0	0	2	0	0	0	0	0	1	0
OG_10373	0	0	0	0	3	0	0	0	0	0	2	0
OG_10374	1	1	1	1	3	1	1	1	1	1	0	0
OG_10375	0	0	0	0	5	0	0	0	0	0	1	0
OG_10376	0	0	0	0	2	0	0	0	0	0	1	0
OG_10377	0	0	0	0	2	0	0	0	0	0	1	0
OG_10378	0	0	0	0	5	0	0	0	0	0	1	0
OG_10379	1	1	2	1	0	1	1	2	1	1	1	1
OG_10380	0	0	0	0	2	0	0	0	0	0	1	0
OG_10381	0	0	0	0	3	0	0	0	0	0	2	0
OG_10382	1	1	0	0	0	1	1	3	0	0	0	0
OG_10383	2	1	2	1	5	1	3	2	1	0	1	0
OG_10384	1	2	0	1	0	2	2	3	0	0	0	0
OG_10385	1	1	2	1	0	1	2	1	0	0	0	0
OG_10386	2	1	1	2	0	2	2	1	1	1	0	2
OG_10387	1	1	1	1	0	1	1	1	1	1	0	2
OG_10388	2	2	4	2	7	2	2	4	5	4	4	2
OG_10389	0	0	0	0	3	0	0	0	0	0	1	0
OG_10390	0	0	0	0	2	0	0	0	0	0	3	0
OG_10391	0	0	0	0	5	0	0	0	0	0	1	0
OG_10392	0	0	0	0	2	0	0	0	0	0	1	0
OG_10393	0	0	0	0	2	0	0	0	0	0	2	0
OG_10394	0	0	0	0	2	0	0	0	0	0	3	0
OG_10395	0	0	0	0	4	0	0	0	0	0	1	0
OG_10396	0	0	0	0	2	0	0	0	0	0	1	0
OG_10397	0	0	0	0	3	0	0	0	0	0	3	0
OG_10398	0	0	0	0	2	0	0	0	0	0	1	0
OG_10399	0	0	0	0	4	0	0	0	0	0	1	0
OG_10400	0	0	0	0	2	0	0	0	0	0	2	0
OG_10401	0	0	0	0	3	0	0	0	0	0	1	0
OG_10402	0	0	0	0	2	0	0	0	0	0	1	0
OG_10403	0	0	0	0	3	0	0	0	0	0	1	0
OG_10404	1	1	12	1	1	1	1	6	2	4	0	1
OG_10405	1	1	1	1	2	1	1	1	2	2	1	0
OG_10406	0	0	0	0	2	0	0	0	0	0	1	0
OG_10407	0	0	0	0	2	0	0	0	0	0	1	0
OG_10408	0	0	0	0	4	0	0	0	0	0	1	0
OG_10409	0	0	0	0	2	0	0	0	0	0	1	0
OG_10410	0	0	0	0	2	0	0	0	1	0	1	0
OG_10411	0	0	0	0	3	0	0	0	0	0	1	0
OG_10412	0	0	0	0	7	0	0	0	0	0	1	0
OG_10413	0	0	0	0	2	0	0	0	0	0	1	0
OG_10414	0	0	0	0	3	0	0	0	0	0	1	0
OG_10415	0	0	0	0	6	0	0	0	0	0	1	0
OG_10416	0	0	0	0	4	0	0	0	0	0	2	0
OG_10417	0	0	0	0	1	0	0	0	0	0	1	0
OG_10418	0	0	0	0	1	0	0	0	0	0	1	0
OG_10419	0	0	0	0	1	0	0	0	0	0	2	0
OG_10420	0	0	0	0	1	0	0	0	0	0	1	0
OG_10421	1	1	1	1	1	1	1	1	1	2	1	0
OG_10422	0	0	0	0	1	0	0	0	0	0	2	0
OG_10423	0	0	0	0	1	0	0	0	0	0	1	0
OG_10424	0	0	0	0	1	0	0	0	0	0	1	0
OG_10425	1	1	1	3	0	1	0	1	1	0	0	0
OG_10426	1	1	1	3	0	1	1	1	1	1	1	1
OG_10427	0	0	0	0	1	0	0	0	0	0	2	0
OG_10428	0	0	0	0	1	0	0	0	0	0	1	0
OG_10429	0	0	0	0	1	0	0	0	0	0	1	0
OG_10430	0	0	0	0	1	0	0	0	0	0	1	0
OG_10431	0	0	0	0	1	0	0	0	0	0	1	0
OG_10432	1	2	1	1	2	1	1	1	1	1	1	1
OG_10433	2	1	1	4	2	1	2	1	2	3	1	0
OG_10434	0	0	0	0	1	0	0	0	0	0	1	0
OG_10435	1	1	0	1	0	1	1	0	0	1	1	0
OG_10436	0	1	1	1	0	0	0	1	0	1	0	0
OG_10437	0	0	0	0	1	0	0	0	0	0	1	0
OG_10438	0	0	0	0	1	0	0	0	0	0	1	0
OG_10439	0	0	0	0	1	0	0	0	0	0	1	0
OG_10440	0	0	0	0	1	0	0	0	0	0	1	0
OG_10441	0	0	0	0	1	0	0	0	0	0	1	0
OG_10442	0	0	0	0	1	0	0	0	0	0	1	0
OG_10443	0	0	0	0	1	0	0	0	0	0	1	0
OG_10444	0	0	0	0	1	0	0	0	0	0	2	0
OG_10445	0	0	0	0	1	0	0	0	0	0	1	0
OG_10446	0	0	0	0	1	0	0	0	0	0	1	0
OG_10447	0	0	0	0	1	0	0	0	0	0	1	0
OG_10448	0	0	0	0	1	0	0	0	0	0	1	0
OG_10449	0	0	0	0	1	0	0	0	0	0	2	0
OG_10450	0	0	0	0	1	0	0	0	0	0	1	0
OG_10451	0	0	0	0	1	0	0	0	0	0	1	0
OG_10452	1	1	1	1	0	1	1	1	1	1	0	0
OG_10453	0	0	0	0	1	0	0	0	0	0	1	0
OG_10454	0	0	0	0	1	0	0	0	0	0	1	0
OG_10455	0	0	0	0	1	0	0	0	0	0	2	0
OG_10456	0	0	0	0	1	0	0	0	0	0	1	0
OG_10457	0	0	0	0	1	0	0	0	0	0	1	0
OG_10458	0	0	0	0	1	0	0	0	0	0	1	0
OG_10459	0	0	0	0	1	0	0	0	0	0	2	0
OG_10460	0	0	0	0	1	0	0	0	0	0	1	0
OG_10461	0	0	0	0	1	0	0	0	0	0	1	0
OG_10462	0	0	0	0	1	0	0	0	0	0	1	0
OG_10463	0	0	0	0	1	0	0	0	0	0	1	0
OG_10464	0	0	0	0	1	0	0	0	1	2	1	1
OG_10465	0	0	0	0	1	0	0	0	0	0	1	0
OG_10466	0	0	0	0	1	0	0	0	0	0	1	0
OG_10467	0	0	0	0	1	0	0	0	0	0	1	0
OG_10468	0	0	0	0	1	0	0	0	0	0	2	0
OG_10469	0	0	0	0	1	0	0	0	0	0	1	0
OG_10470	0	0	0	0	1	0	0	0	0	0	3	0
OG_10471	0	0	0	0	1	0	0	0	0	0	1	0
OG_10472	0	0	0	0	1	0	0	0	0	0	1	0
OG_10473	0	0	0	0	1	0	0	0	0	0	1	0
OG_10474	0	0	0	0	1	0	0	0	0	0	1	0
OG_10475	0	0	0	0	1	0	0	0	0	0	1	0
OG_10476	0	0	0	0	1	0	0	0	0	0	1	0
OG_10477	0	0	0	0	2	0	0	0	0	0	1	0
OG_10478	1	1	1	1	1	2	1	2	1	4	1	0
OG_10479	0	0	0	0	1	0	0	0	0	0	1	0
OG_10480	0	0	0	0	1	0	0	0	0	0	1	0
OG_10481	0	0	0	0	1	0	0	0	0	0	1	0
OG_10482	0	0	0	0	1	0	0	0	0	0	1	0
OG_10483	0	0	0	0	1	0	0	0	0	0	1	0
OG_10484	0	0	0	0	1	0	0	0	0	0	1	0
OG_10485	0	0	0	0	1	0	0	0	0	0	1	0
OG_10486	0	0	0	0	1	0	0	0	0	0	1	0
OG_10487	0	0	0	0	1	0	0	0	0	0	1	0
OG_10488	1	1	1	1	1	1	1	1	2	1	1	0
OG_10489	0	0	0	0	1	0	0	0	0	0	1	0
OG_10490	0	0	0	0	1	0	0	0	0	0	1	0
OG_10491	0	0	0	0	1	0	0	0	0	0	2	0
OG_10492	0	0	0	0	1	0	0	0	0	0	1	0
OG_10493	0	0	0	0	1	0	0	0	0	0	1	0
OG_10494	0	0	0	0	1	0	0	0	0	0	1	0
OG_10495	1	1	1	1	1	1	1	1	1	1	1	0
OG_10496	0	0	0	0	1	0	0	0	0	0	1	0
OG_10497	0	0	0	0	1	0	0	0	0	0	2	0
OG_10498	0	0	0	0	1	0	0	0	0	0	1	0
OG_10499	0	0	0	0	1	0	0	0	0	0	1	0
OG_10500	0	0	0	0	1	0	0	0	0	0	1	0
OG_10501	0	0	0	0	1	0	0	0	0	0	2	0
OG_10502	0	0	0	0	1	0	0	0	0	0	1	0
OG_10503	0	0	0	0	1	0	0	0	0	0	1	0
OG_10504	0	0	0	0	1	0	0	0	0	0	1	0
OG_10505	0	0	0	0	1	0	0	0	0	0	2	0
OG_10506	0	0	0	0	1	0	0	0	0	0	1	0
OG_10507	0	0	0	0	1	0	0	0	0	0	1	0
OG_10508	0	0	0	0	1	0	0	0	0	0	1	0
OG_10509	0	0	0	0	1	0	0	0	0	0	1	0
OG_10510	0	0	0	0	1	0	0	0	0	0	1	0
OG_10511	0	0	0	0	1	0	0	0	0	0	1	0
OG_10512	0	0	0	0	1	0	0	0	0	0	1	0
OG_10513	0	0	0	0	1	0	0	0	0	0	1	0
OG_10514	0	0	0	0	1	0	0	0	0	0	1	0
OG_10515	0	0	0	0	1	0	0	0	0	0	1	0
OG_10516	2	2	1	2	0	2	1	1	1	1	0	1
OG_10517	0	0	0	0	1	0	0	0	0	0	1	0
OG_10518	0	0	0	0	1	0	0	0	0	0	1	0
OG_10519	0	0	0	0	1	0	0	0	0	0	1	0
OG_10520	0	0	0	0	1	0	0	0	0	0	1	0
OG_10521	0	0	0	0	1	0	0	0	0	0	1	0
OG_10522	0	0	0	0	1	0	0	0	0	0	1	0
OG_10523	0	0	0	0	1	0	0	0	0	0	1	0
OG_10524	0	0	0	0	1	0	0	0	0	0	1	0
OG_10525	0	0	0	0	1	0	0	0	0	0	1	0
OG_10526	0	0	0	0	1	0	0	0	0	0	1	0
OG_10527	0	0	0	0	1	0	0	0	0	0	1	0
OG_10528	0	0	0	0	1	0	0	0	0	0	1	0
OG_10529	0	0	0	0	1	0	0	0	0	0	1	0
OG_10530	0	0	0	0	1	0	0	0	0	0	2	0
OG_10531	0	0	0	0	1	0	0	0	0	0	1	0
OG_10532	0	0	0	0	1	0	0	0	0	0	1	0
OG_10533	0	0	0	0	1	0	0	0	0	0	1	0
OG_10534	0	0	0	0	1	0	0	0	0	0	1	0
OG_10535	0	0	0	0	1	0	0	0	0	0	1	0
OG_10536	0	0	0	0	1	0	0	0	0	0	1	0
OG_10537	0	0	0	0	1	0	0	0	0	0	1	0
OG_10538	0	0	0	0	1	0	0	0	0	0	1	0
OG_10539	0	0	0	0	1	0	0	0	0	0	1	0
OG_10540	0	0	0	0	1	0	0	0	0	0	1	0
OG_10541	0	0	0	0	1	0	0	0	0	0	2	0
OG_10542	0	0	0	0	1	0	0	0	0	0	1	0
OG_10543	0	0	0	0	1	0	0	0	0	0	1	0
OG_10544	2	1	1	5	1	1	1	1	1	0	0	0
OG_10545	0	0	0	0	1	0	0	0	0	0	1	0
OG_10546	0	0	0	0	1	0	0	0	0	0	1	0
OG_10547	0	0	0	0	1	0	0	0	0	0	1	0
OG_10548	0	0	0	0	1	0	0	0	0	0	1	0
OG_10549	0	0	0	0	1	0	0	0	0	0	1	0
OG_10550	0	0	0	0	1	0	0	0	0	0	2	0
OG_10551	0	0	0	0	1	0	0	0	0	0	1	0
OG_10552	0	0	0	0	1	0	0	0	0	0	1	0
OG_10553	0	0	0	0	1	0	0	0	0	0	1	0
OG_10554	0	0	0	0	1	0	0	0	0	0	1	0
OG_10555	0	0	0	0	1	0	0	0	0	0	1	0
OG_10556	0	0	0	0	1	0	0	0	0	0	1	0
OG_10557	1	0	1	1	1	1	1	1	1	2	1	1
OG_10558	0	0	0	0	1	0	0	0	0	0	2	0
OG_10559	0	0	0	0	1	0	0	0	0	0	1	0
OG_10560	0	0	0	0	1	0	0	0	0	0	1	0
OG_10561	0	0	0	0	1	0	0	0	0	0	1	0
OG_10562	0	0	0	0	1	0	0	0	0	0	1	0
OG_10563	1	0	1	1	1	1	1	1	1	4	0	0
OG_10564	0	0	0	0	1	0	0	0	0	0	1	0
OG_10565	0	0	0	0	1	0	0	0	0	0	1	0
OG_10566	0	0	0	0	1	0	0	0	0	0	1	0
OG_10567	0	0	0	0	1	0	0	0	0	0	1	0
OG_10568	0	0	0	0	1	0	0	0	0	0	1	0
OG_10569	0	0	0	0	1	0	0	0	0	0	1	0
OG_10570	0	0	0	0	1	0	0	0	0	0	1	0
OG_10571	0	0	0	0	1	0	0	0	0	0	1	0
OG_10572	0	0	0	0	1	0	0	0	0	0	1	0
OG_10573	0	0	0	0	2	0	0	0	0	0	0	2
OG_10574	0	0	1	0	2	0	0	1	0	0	0	0
OG_10575	1	1	1	1	1	2	2	1	0	0	0	0
OG_10576	0	0	1	0	1	0	0	0	0	0	0	0
OG_10577	1	0	2	1	0	2	1	2	2	2	0	0
OG_10578	1	1	1	1	1	1	1	1	1	1	0	0
OG_10579	1	1	1	1	3	1	1	1	1	2	0	0
OG_10580	1	1	1	1	8	1	1	1	0	0	0	0
OG_10581	1	1	1	1	2	1	1	1	1	1	4	0
OG_10582	0	0	0	0	10	0	0	0	0	0	3	0
OG_10583	0	0	0	0	9	0	0	0	0	0	1	0
OG_10584	0	0	0	0	22	0	0	0	0	0	1	0
OG_10585	2	1	3	2	6	2	1	3	2	0	6	2
OG_10586	0	0	0	0	7	0	0	0	0	0	1	0
OG_10587	0	0	0	0	13	0	0	0	0	0	1	0
OG_10588	0	0	0	0	3	0	0	0	2	2	0	0
OG_10589	1	1	2	1	0	1	1	1	0	1	0	0
OG_10590	0	0	0	1	0	0	0	0	0	1	0	0
OG_10591	1	1	3	1	1	1	1	1	1	0	0	0
OG_10592	1	1	2	1	0	1	1	1	1	1	0	0
OG_10593	1	1	1	1	1	1	1	1	1	1	0	0
OG_10594	0	0	0	0	2	0	0	0	0	0	1	0
OG_10595	0	0	0	0	4	0	0	0	0	0	3	0
OG_10596	1	1	1	1	3	1	1	1	1	1	2	1
OG_10597	0	0	0	0	4	0	0	0	0	0	1	0
OG_10598	1	2	1	1	1	1	1	1	0	1	0	0
OG_10599	1	1	6	1	0	1	2	1	1	1	0	1
OG_10600	0	0	0	0	9	0	0	0	0	2	0	0
OG_10601	0	0	0	0	12	0	0	0	0	0	1	0
OG_10602	1	1	1	0	0	1	1	1	0	1	0	0
OG_10603	1	1	3	1	0	1	1	1	0	0	0	0
OG_10604	1	1	7	1	1	1	1	4	1	2	2	1
OG_10605	1	1	1	2	2	1	1	4	1	7	3	1
OG_10606	1	1	2	1	1	1	1	2	3	13	1	1
OG_10607	1	1	1	1	2	1	2	1	2	1	3	1
OG_10608	1	1	1	1	1	1	1	1	1	3	3	1
OG_10609	1	1	1	1	3	1	2	1	2	6	4	1
OG_10610	2	1	1	1	3	1	1	2	1	4	3	1
OG_10611	1	2	3	1	1	1	2	2	2	4	3	0
OG_10612	2	2	1	1	1	2	2	2	3	1	6	1
OG_10613	1	1	2	2	1	1	1	1	1	1	3	2
OG_10614	1	2	2	5	2	1	4	1	6	1	7	1
OG_10615	1	1	2	1	1	1	1	1	2	1	2	1
OG_10616	1	1	2	1	3	1	1	2	1	1	3	1
OG_10617	1	1	4	1	1	2	1	1	2	1	5	1
OG_10618	1	1	2	1	2	1	1	1	1	3	3	1
OG_10619	1	1	1	1	1	1	1	2	1	1	2	1
OG_10620	1	1	1	1	2	1	1	1	1	2	2	1
OG_10621	2	1	1	1	1	1	2	2	3	1	3	0
OG_10622	2	1	1	1	1	1	1	1	2	3	2	1
OG_10623	3	2	6	1	1	7	3	6	1	6	1	4
OG_10624	2	2	2	3	0	2	2	2	2	3	0	1
OG_10625	2	1	2	1	1	1	1	3	2	3	3	1
OG_10626	1	0	1	2	1	1	2	1	1	1	4	1
OG_10627	1	3	1	1	1	1	1	1	1	1	2	1
OG_10628	1	1	1	2	5	1	1	2	1	1	4	1
OG_10629	0	1	0	1	0	0	0	0	0	0	0	0
OG_10630	0	0	0	0	2	0	0	0	0	0	2	0
OG_10631	1	1	1	1	5	2	1	15	1	1	1	1
OG_10632	2	1	3	1	1	1	1	1	1	1	1	1
OG_10633	1	1	1	1	5	1	1	1	1	1	1	1
OG_10634	1	2	1	6	2	1	2	1	1	1	4	1
OG_10635	1	1	1	1	2	1	1	1	1	2	1	1
OG_10636	1	3	1	1	2	1	1	1	1	1	2	1
OG_10637	2	1	1	1	2	1	1	1	1	3	1	1
OG_10638	1	1	3	1	1	1	3	1	1	1	2	1
OG_10639	1	1	1	1	1	1	1	1	2	1	1	5
OG_10640	1	0	1	1	2	1	1	1	1	3	1	1
OG_10641	1	1	1	1	3	1	3	1	1	2	2	2
OG_10642	1	1	1	1	2	1	1	1	1	1	1	2
OG_10643	1	1	2	1	0	1	1	1	1	1	0	0
OG_10644	0	0	0	0	1	0	0	0	0	0	1	1
OG_10645	3	1	2	1	2	1	1	1	1	1	1	1
OG_10646	1	0	0	0	0	0	0	0	0	0	1	0
OG_10647	3	2	1	1	1	1	3	1	1	2	2	1
OG_10648	1	1	1	2	1	1	1	1	1	2	2	1
OG_10649	1	1	3	1	1	1	1	1	1	1	2	1
OG_10650	1	1	1	3	2	1	1	1	1	1	1	1
OG_10651	1	1	1	1	2	1	1	1	1	1	1	1
OG_10652	0	0	0	0	0	0	0	0	0	1	1	0
OG_10653	1	1	2	1	2	1	1	1	1	2	1	1
OG_10654	0	0	0	0	0	0	0	0	2	0	1	0
OG_10655	1	1	1	1	2	1	1	1	2	2	1	1
OG_10656	2	0	3	1	1	1	2	1	1	5	1	0
OG_10657	2	1	1	1	1	1	2	1	1	2	1	1
OG_10658	1	1	1	1	4	1	1	1	1	2	1	1
OG_10659	1	1	1	1	1	1	1	1	1	1	2	1
OG_10660	1	2	1	1	1	1	1	1	1	1	1	1
OG_10661	1	2	1	1	1	1	1	1	1	4	2	1
OG_10662	1	1	1	1	1	1	2	2	1	4	3	1
OG_10663	1	1	3	1	1	1	1	1	1	2	1	1
OG_10664	2	1	1	1	2	1	2	2	1	2	3	1
OG_10665	1	1	1	1	1	1	1	1	1	1	1	1
OG_10666	1	1	1	1	1	1	1	1	1	1	1	1
OG_10667	1	1	1	1	2	1	6	1	1	1	3	1
OG_10668	1	1	1	1	2	1	2	1	1	2	2	2
OG_10669	1	1	1	1	1	1	1	1	1	1	3	1
OG_10670	1	1	1	1	1	1	1	1	1	1	2	1
OG_10671	1	2	1	1	1	1	3	1	1	1	2	1
OG_10672	2	3	3	1	2	1	1	1	2	6	2	1
OG_10673	2	1	1	1	1	1	2	1	1	1	2	1
OG_10674	1	1	1	1	2	1	1	1	1	1	2	1
OG_10675	1	1	1	1	1	1	1	1	1	1	2	1
OG_10676	1	1	1	1	2	1	1	1	0	0	2	1
OG_10677	1	1	1	1	1	1	1	1	3	1	1	1
OG_10678	1	1	1	1	2	1	1	1	1	7	4	1
OG_10679	1	1	2	1	3	1	2	1	1	1	1	1
OG_10680	1	1	2	1	1	1	1	2	3	1	2	1
OG_10681	1	1	1	1	1	1	1	2	1	1	1	1
OG_10682	2	1	4	1	2	1	1	1	1	3	2	2
OG_10683	2	1	2	1	1	1	0	1	1	1	2	1
OG_10684	1	1	1	4	1	1	1	1	1	3	1	1
OG_10685	2	1	1	3	2	1	1	1	1	1	1	2
OG_10686	1	1	1	1	1	1	1	1	1	1	3	1
OG_10687	1	1	4	2	2	1	1	2	0	2	2	0
OG_10688	1	1	2	1	2	1	1	1	1	1	2	1
OG_10689	1	1	2	1	2	1	1	1	2	1	1	0
OG_10690	1	2	1	1	3	1	2	1	2	1	1	1
OG_10691	1	2	3	1	1	1	1	1	2	8	2	1
OG_10692	1	1	1	1	1	1	1	1	1	1	1	1
OG_10693	1	1	1	1	1	2	1	1	2	1	2	1
OG_10694	1	1	1	1	3	1	4	1	1	4	3	1
OG_10695	1	1	1	1	2	1	1	2	4	1	3	2
OG_10696	1	1	1	1	0	1	1	2	0	1	1	0
OG_10697	1	1	1	4	1	1	3	2	2	1	2	1
OG_10698	1	1	2	1	0	1	1	1	1	0	0	0
OG_10699	1	1	2	1	4	1	1	1	2	3	2	1
OG_10700	1	1	1	1	1	1	1	1	1	1	2	1
OG_10701	0	0	0	0	1	0	0	0	0	0	1	0
OG_10702	1	1	1	1	1	1	2	1	1	1	1	1
OG_10703	1	0	0	0	0	0	0	0	1	0	0	0
OG_10704	1	1	2	1	2	1	1	4	2	4	1	1
OG_10705	0	2	0	1	0	0	1	0	0	0	2	2
OG_10706	1	1	1	1	1	1	1	1	1	1	2	1
OG_10707	1	1	2	1	1	1	1	2	1	1	1	1
OG_10708	1	2	1	1	4	1	1	1	2	0	2	1
OG_10709	1	1	0	1	0	1	0	0	0	1	1	0
OG_10710	1	1	1	1	1	1	1	1	1	1	1	1
OG_10711	1	1	2	1	1	1	1	1	1	1	2	1
OG_10712	1	1	2	1	2	1	1	1	1	1	2	1
OG_10713	1	1	1	1	1	1	1	2	1	1	1	0
OG_10714	1	1	1	1	1	1	1	4	1	1	2	2
OG_10715	3	1	1	1	1	1	1	1	1	9	1	3
OG_10716	1	1	2	1	1	1	1	2	1	1	1	1
OG_10717	1	2	1	1	1	1	1	1	8	3	2	1
OG_10718	1	1	3	1	0	1	1	1	1	1	1	0
OG_10719	1	1	1	1	1	1	2	1	1	4	2	1
OG_10720	1	1	1	1	1	1	1	1	1	4	1	1
OG_10721	1	2	2	1	1	1	1	1	2	1	2	1
OG_10722	1	1	1	1	1	1	1	1	3	2	1	1
OG_10723	1	1	1	1	4	1	3	1	3	7	1	3
OG_10724	1	1	2	2	1	1	2	2	1	1	1	2
OG_10725	1	1	1	1	1	1	1	1	1	1	2	1
OG_10726	1	1	1	1	3	1	2	1	1	1	2	1
OG_10727	2	1	1	1	1	1	1	1	1	1	2	1
OG_10728	1	1	1	1	1	1	1	1	1	1	1	1
OG_10729	1	1	2	1	1	1	1	1	1	1	3	6
OG_10730	1	1	1	1	1	1	1	1	1	2	1	1
OG_10731	0	0	0	0	0	0	0	0	2	0	1	0
OG_10732	1	1	2	1	1	1	1	1	2	1	2	1
OG_10733	2	1	2	2	1	1	1	1	1	1	2	2
OG_10734	1	2	1	1	1	1	1	1	1	1	1	1
OG_10735	1	1	1	1	1	1	3	1	1	1	2	1
OG_10736	0	0	0	1	0	0	0	0	0	0	1	0
OG_10737	1	1	1	1	1	1	4	1	1	1	1	1
OG_10738	1	1	1	1	1	1	1	1	3	6	1	2
OG_10739	1	1	3	1	2	1	1	2	1	1	2	1
OG_10740	1	1	1	1	1	1	1	1	1	1	1	1
OG_10741	1	1	1	1	1	1	1	2	1	2	1	1
OG_10742	1	1	1	1	1	1	1	1	1	1	2	1
OG_10743	2	1	1	1	1	1	1	2	1	2	1	1
OG_10744	1	1	5	1	1	1	1	1	1	1	2	1
OG_10745	1	1	1	1	1	1	2	1	1	0	2	1
OG_10746	1	1	1	1	1	1	1	1	1	1	2	0
OG_10747	1	1	1	1	1	1	1	1	3	5	2	0
OG_10748	1	1	1	1	2	1	1	1	1	1	2	4
OG_10749	1	1	1	2	1	1	1	1	1	2	1	0
OG_10750	1	1	2	2	2	1	2	1	1	1	4	2
OG_10751	2	1	1	1	2	1	1	1	1	3	2	1
OG_10752	1	1	1	1	1	1	1	1	1	1	3	1
OG_10753	1	1	1	1	2	1	1	1	1	1	2	1
OG_10754	1	1	2	1	1	1	2	2	1	1	4	1
OG_10755	0	0	0	0	4	0	0	0	0	0	1	0
OG_10756	1	1	2	1	1	1	2	1	1	2	1	1
OG_10757	1	1	2	1	2	3	2	2	1	1	1	4
OG_10758	2	1	1	1	1	1	1	1	1	1	4	1
OG_10759	2	2	1	1	1	1	1	1	1	1	2	0
OG_10760	1	1	1	1	1	1	1	1	0	1	1	1
OG_10761	1	1	1	2	1	1	1	1	1	1	1	1
OG_10762	2	1	1	2	0	1	1	4	0	7	0	0
OG_10763	1	2	2	1	0	1	1	1	0	0	0	0
OG_10764	1	1	1	1	2	1	1	1	2	1	3	1
OG_10765	0	0	0	0	1	0	0	0	0	0	1	0
OG_10766	1	1	3	1	1	2	1	2	2	4	1	1
OG_10767	1	1	2	1	1	1	1	1	1	2	1	1
OG_10768	1	1	1	1	1	1	1	1	1	1	1	1
OG_10769	1	1	1	1	1	1	1	1	2	1	1	1
OG_10770	0	0	0	1	0	0	0	0	0	0	1	0
OG_10771	1	1	1	1	1	1	1	1	1	4	1	0
OG_10772	1	1	1	1	1	1	1	1	1	1	1	0
OG_10773	2	0	1	1	0	2	1	1	1	0	0	0
OG_10774	1	1	1	1	1	1	1	1	1	1	2	1
OG_10775	1	1	2	1	1	2	1	1	2	1	1	1
OG_10776	1	1	1	1	1	1	1	1	1	1	2	1
OG_10777	1	0	0	1	0	1	2	1	0	0	0	0
OG_10778	2	1	1	2	1	1	1	1	1	1	2	1
OG_10779	1	2	1	2	2	2	2	1	2	1	2	1
OG_10780	2	1	1	1	2	2	2	0	1	1	1	1
OG_10781	4	3	3	2	0	2	3	3	2	2	3	1
OG_10782	3	1	3	1	2	1	1	2	1	1	2	5
OG_10783	1	1	0	1	1	1	1	1	1	1	2	1
OG_10784	1	1	3	1	1	1	1	4	2	3	1	0
OG_10785	1	1	2	2	1	2	1	1	2	4	1	1
OG_10786	1	1	2	1	2	1	1	2	1	2	2	1
OG_10787	1	1	1	1	2	1	1	1	1	1	1	1
OG_10788	1	1	1	1	3	1	1	1	1	5	2	1
OG_10789	2	1	1	1	1	1	2	1	1	1	2	1
OG_10790	1	1	1	1	1	1	1	1	1	1	1	1
OG_10791	1	1	1	1	1	1	1	1	2	1	3	1
OG_10792	1	1	1	1	1	1	1	1	1	1	0	1
OG_10793	1	1	2	1	1	1	1	2	2	1	2	1
OG_10794	1	1	1	1	1	1	1	2	0	1	1	1
OG_10795	1	1	1	1	0	1	1	1	1	1	0	1
OG_10796	1	1	1	1	1	1	2	1	1	1	2	1
OG_10797	1	1	1	1	1	2	1	1	2	1	2	0
OG_10798	1	1	1	1	1	1	1	1	1	4	2	0
OG_10799	0	0	0	0	0	0	0	0	0	0	1	1
OG_10800	1	1	1	1	0	1	1	1	0	1	1	1
OG_10801	1	1	1	1	2	1	1	1	2	3	3	1
OG_10802	2	1	1	1	1	1	1	2	1	1	3	1
OG_10803	2	1	1	1	1	1	2	1	1	2	3	2
OG_10804	1	1	1	1	1	1	1	1	1	3	2	1
OG_10805	1	1	1	1	1	1	1	1	2	1	1	1
OG_10806	1	3	1	1	1	1	1	1	2	2	1	1
OG_10807	1	2	1	1	1	1	1	2	4	2	1	1
OG_10808	0	0	0	0	0	0	0	0	1	1	1	0
OG_10809	1	1	2	1	1	1	1	1	1	1	1	1
OG_10810	1	1	2	1	1	1	1	1	1	3	1	1
OG_10811	1	1	1	2	1	1	1	1	1	1	1	1
OG_10812	1	1	1	1	5	1	1	1	3	3	1	1
OG_10813	1	1	1	1	2	1	1	1	1	1	3	1
OG_10814	1	2	1	1	1	4	1	1	2	1	7	1
OG_10815	1	1	1	1	2	2	2	1	2	2	1	0
OG_10816	1	1	1	1	2	1	1	2	2	1	1	1
OG_10817	1	1	2	1	1	1	1	1	1	1	1	1
OG_10818	1	2	1	1	1	1	1	1	1	1	2	1
OG_10819	1	1	1	1	1	1	1	1	1	1	2	1
OG_10820	1	2	1	1	1	1	1	0	1	1	2	1
OG_10821	2	2	1	1	1	1	1	1	1	3	1	1
OG_10822	3	1	3	4	0	3	1	2	1	2	0	1
OG_10823	1	1	1	1	2	2	1	1	1	1	2	1
OG_10824	1	1	1	1	0	1	1	1	1	1	1	0
OG_10825	1	1	1	1	1	1	1	1	1	1	1	1
OG_10826	2	1	1	1	1	1	1	1	3	1	3	3
OG_10827	1	1	1	1	1	1	1	1	1	1	3	1
OG_10828	1	1	1	1	1	1	1	1	1	1	1	1
OG_10829	1	2	1	2	1	1	4	2	1	1	2	1
OG_10830	1	1	2	1	1	1	1	1	1	4	1	1
OG_10831	1	1	3	1	2	1	1	1	1	2	2	1
OG_10832	1	1	2	1	2	1	1	2	2	1	1	1
OG_10833	1	1	1	1	1	1	2	1	2	1	1	1
OG_10834	1	1	2	1	2	1	1	1	1	2	3	1
OG_10835	1	1	1	1	1	1	1	1	1	1	1	1
OG_10836	1	1	1	1	1	1	1	3	3	2	1	1
OG_10837	1	1	2	1	1	1	5	1	1	1	1	1
OG_10838	2	1	3	2	1	1	2	1	3	16	2	1
OG_10839	1	1	1	1	1	1	2	1	2	3	3	1
OG_10840	1	1	1	1	3	1	1	1	1	1	2	3
OG_10841	1	1	1	1	1	1	1	1	4	1	2	2
OG_10842	1	1	1	1	1	1	9	1	1	0	1	1
OG_10843	1	0	0	0	0	0	0	0	1	0	1	0
OG_10844	1	1	1	3	0	1	1	1	0	4	0	1
OG_10845	1	1	1	1	1	1	1	1	1	2	1	1
OG_10846	2	1	2	1	2	1	1	1	2	3	4	1
OG_10847	1	2	4	2	2	1	2	1	3	1	2	1
OG_10848	1	1	1	1	2	2	1	1	1	1	1	1
OG_10849	1	0	0	0	0	0	0	0	0	0	1	0
OG_10850	2	1	2	1	4	1	1	4	1	4	2	2
OG_10851	1	1	1	1	1	1	2	1	1	1	3	1
OG_10852	1	1	1	1	2	1	1	1	1	1	2	2
OG_10853	2	1	1	1	1	2	1	1	1	2	1	1
OG_10854	1	1	1	1	0	1	1	1	1	1	1	0
OG_10855	2	1	2	1	1	1	1	1	4	1	2	1
OG_10856	1	1	2	1	1	1	1	1	2	1	1	1
OG_10857	1	1	2	1	1	1	1	1	1	3	2	1
OG_10858	1	2	1	1	2	1	1	1	2	1	2	1
OG_10859	1	1	2	1	1	1	1	1	1	1	2	1
OG_10860	1	1	2	3	2	1	2	3	2	3	0	1
OG_10861	1	1	1	1	2	1	1	1	2	1	1	3
OG_10862	1	2	1	1	1	1	1	1	1	3	2	1
OG_10863	1	1	1	1	1	1	1	1	1	1	2	1
OG_10864	1	1	1	1	1	2	2	1	3	2	1	2
OG_10865	1	1	1	1	1	1	2	1	2	2	2	3
OG_10866	1	1	1	1	1	1	1	1	3	1	1	1
OG_10867	1	1	1	1	1	1	1	1	1	3	1	1
OG_10868	1	1	1	1	1	1	1	1	2	2	1	1
OG_10869	1	1	1	1	3	1	1	1	1	1	1	1
OG_10870	1	1	0	1	0	1	1	0	1	0	1	0
OG_10871	1	1	2	1	2	1	1	2	2	2	2	1
OG_10872	1	1	1	1	1	1	1	2	1	1	1	1
OG_10873	1	2	1	1	2	1	2	1	1	2	2	2
OG_10874	3	1	5	1	3	1	2	2	1	1	2	1
OG_10875	1	1	2	1	1	3	1	2	1	1	2	1
OG_10876	1	1	1	1	2	1	1	1	2	1	1	1
OG_10877	1	2	5	1	2	1	1	1	2	3	3	1
OG_10878	1	1	1	1	1	1	1	1	2	1	2	1
OG_10879	2	1	1	1	2	1	1	1	1	1	1	1
OG_10880	1	1	1	1	1	1	1	1	1	2	1	0
OG_10881	1	1	1	1	1	1	2	1	1	1	3	1
OG_10882	1	1	2	2	1	1	1	1	1	1	1	1
OG_10883	1	1	1	2	0	1	1	2	0	1	0	0
OG_10884	1	1	1	2	2	1	3	1	2	1	3	1
OG_10885	1	1	0	1	0	0	1	0	1	1	1	0
OG_10886	0	0	1	0	0	0	0	0	0	1	1	0
OG_10887	1	1	1	1	4	1	1	1	1	0	1	1
OG_10888	2	1	4	1	1	1	3	1	1	3	2	1
OG_10889	1	1	1	1	2	1	1	1	1	1	2	1
OG_10890	1	1	1	1	0	1	1	2	1	1	0	0
OG_10891	0	1	1	1	1	1	1	1	1	1	1	1
OG_10892	1	1	1	1	1	1	1	1	3	1	2	1
OG_10893	1	1	1	1	2	1	1	1	0	1	1	1
OG_10894	1	1	0	1	0	0	2	0	2	0	2	0
OG_10895	2	1	1	1	2	1	1	2	1	1	4	2
OG_10896	1	2	1	1	1	1	1	1	2	3	1	0
OG_10897	2	1	1	2	5	1	1	1	5	2	3	2
OG_10898	0	0	0	1	0	0	0	0	0	0	1	0
OG_10899	1	1	1	2	2	1	1	1	6	8	3	1
OG_10900	1	1	1	1	1	1	1	1	2	1	1	0
OG_10901	2	1	1	1	2	1	1	1	2	3	1	1
OG_10902	1	1	1	1	1	1	1	1	2	1	1	2
OG_10903	1	2	1	2	1	1	1	2	1	1	2	1
OG_10904	2	1	2	1	1	1	1	1	4	5	2	1
OG_10905	1	1	1	1	1	1	1	1	1	1	2	1
OG_10906	1	3	1	1	3	1	1	1	1	1	1	1
OG_10907	1	1	1	1	4	1	1	2	3	3	3	1
OG_10908	2	1	2	1	1	1	1	2	1	1	3	1
OG_10909	1	1	1	1	1	1	1	1	1	1	2	1
OG_10910	1	1	1	1	0	1	2	2	1	0	1	0
OG_10911	2	1	1	1	1	1	1	2	1	2	2	1
OG_10912	1	1	1	1	1	1	2	1	2	2	2	3
OG_10913	1	1	1	1	2	2	1	1	0	3	2	1
OG_10914	1	1	1	1	2	4	1	3	2	1	1	1
OG_10915	6	0	2	1	0	0	1	0	0	3	0	0
OG_10916	1	1	1	1	2	1	1	1	1	1	1	1
OG_10917	1	3	1	1	1	1	2	2	3	1	2	1
OG_10918	1	1	1	1	1	1	1	0	1	2	2	1
OG_10919	1	1	1	1	2	1	2	1	1	1	1	1
OG_10920	1	0	1	1	3	1	1	2	1	1	1	1
OG_10921	0	1	0	0	0	0	0	0	0	0	1	0
OG_10922	2	1	1	3	6	1	1	1	1	10	1	1
OG_10923	1	1	1	1	1	1	1	1	1	2	2	1
OG_10924	1	1	0	0	0	1	0	0	0	1	1	0
OG_10925	1	1	2	1	1	1	1	1	1	1	1	0
OG_10926	1	1	2	5	1	1	1	1	1	1	1	1
OG_10927	2	4	4	2	1	3	3	2	2	3	1	2
OG_10928	2	3	1	1	1	1	1	1	1	1	2	1
OG_10929	1	1	1	2	5	1	1	1	1	1	1	1
OG_10930	1	1	1	1	1	1	1	1	1	1	2	2
OG_10931	1	2	1	1	2	1	2	1	1	1	2	2
OG_10932	2	1	1	1	1	2	1	1	1	2	3	2
OG_10933	1	2	1	1	1	4	1	1	1	4	0	0
OG_10934	1	0	1	5	1	3	2	1	1	1	0	8
OG_10935	2	0	0	1	0	2	1	1	0	0	1	0
OG_10936	1	1	1	1	1	1	1	1	1	1	1	1
OG_10937	1	1	1	1	1	1	1	1	1	2	2	1
OG_10938	1	1	1	1	2	2	2	1	1	1	1	1
OG_10939	1	1	1	1	2	1	2	1	1	1	1	2
OG_10940	1	1	2	1	1	3	3	1	1	3	2	1
OG_10941	1	1	3	1	1	1	1	1	3	4	2	1
OG_10942	2	2	1	1	1	1	2	2	2	1	1	1
OG_10943	1	1	3	1	4	1	1	1	2	2	3	1
OG_10944	1	0	1	1	0	1	1	1	0	1	1	0
OG_10945	3	2	1	2	1	1	1	1	1	3	2	1
OG_10946	1	1	1	1	1	1	1	1	1	1	1	1
OG_10947	1	1	1	1	1	1	1	1	1	1	1	1
OG_10948	1	1	1	1	1	1	1	1	1	1	1	1
OG_10949	1	1	0	1	7	1	1	1	1	1	2	2
OG_10950	1	1	1	2	1	1	1	2	1	1	4	1
OG_10951	2	1	1	1	2	1	1	1	1	1	1	1
OG_10952	1	1	1	1	1	1	1	1	1	1	2	1
OG_10953	1	0	0	0	0	0	0	1	0	0	0	0
OG_10954	1	1	1	1	3	1	1	1	1	3	2	1
OG_10955	1	1	1	1	1	1	2	1	1	1	2	1
OG_10956	1	2	2	1	2	2	1	0	4	1	1	1
OG_10957	1	1	1	1	1	1	1	0	1	2	2	1
OG_10958	1	1	2	1	1	1	0	2	1	6	2	1
OG_10959	1	1	3	1	5	1	2	4	8	1	1	2
OG_10960	1	1	1	1	2	1	1	6	1	9	2	1
OG_10961	1	1	2	1	3	1	1	1	1	1	1	1
OG_10962	1	1	1	1	1	1	1	1	1	1	1	2
OG_10963	1	1	0	1	4	0	1	0	1	3	1	1
OG_10964	1	1	2	1	3	1	1	2	3	3	2	1
OG_10965	1	2	1	1	2	1	1	1	1	5	1	0
OG_10966	1	1	2	1	3	2	1	1	2	7	2	1
OG_10967	0	1	0	1	0	0	1	0	0	1	1	0
OG_10968	0	0	0	0	0	0	1	0	0	0	1	0
OG_10969	0	2	1	1	6	2	1	1	1	1	1	1
OG_10970	1	1	1	1	1	1	1	2	1	2	1	0
OG_10971	2	1	1	1	1	1	1	1	1	1	1	3
OG_10972	0	1	1	1	1	1	1	1	1	1	3	1
OG_10973	0	1	6	1	1	1	1	1	1	1	2	2
OG_10974	0	1	1	1	1	2	2	1	1	6	2	1
OG_10975	0	1	1	1	2	1	1	2	1	2	2	1
OG_10976	0	1	1	1	3	1	1	1	1	1	2	1
OG_10977	1	1	1	1	1	1	1	1	3	1	1	1
OG_10978	0	1	1	1	1	1	1	1	1	1	1	1
OG_10979	1	1	1	2	1	1	2	1	1	3	4	0
OG_10980	0	1	1	1	1	1	1	1	1	2	2	1
OG_10981	1	1	0	1	1	1	0	0	0	3	1	1
OG_10982	11	0	0	2	0	2	3	0	0	0	0	0
OG_10983	0	1	1	1	0	1	1	1	1	0	1	0
OG_10984	11	4	0	4	0	5	5	0	3	0	0	0
OG_10985	0	1	2	1	1	1	1	1	1	0	1	0
OG_10986	0	1	1	1	1	1	1	1	2	1	2	1
OG_10987	2	1	3	2	4	1	1	1	1	1	1	1
OG_10988	1	1	0	1	1	1	1	0	0	1	0	0
OG_10989	0	0	0	0	4	0	0	0	0	0	3	0
OG_10990	1	1	1	1	1	1	1	4	1	6	1	1
OG_10991	5	3	0	3	0	0	0	0	0	0	0	0
OG_10992	1	1	1	1	2	1	1	1	1	1	2	1
OG_10993	2	2	1	1	1	1	1	1	1	1	4	3
OG_10994	1	1	1	1	1	1	1	1	1	0	2	1
OG_10995	0	0	0	0	1	0	0	0	0	0	3	0
OG_10996	0	0	0	0	3	0	0	0	0	0	3	0
OG_10997	3	2	1	1	1	1	1	1	1	1	2	1
OG_10998	4	2	3	9	1	2	2	3	1	1	2	1
OG_10999	0	0	0	0	3	0	0	0	0	0	3	0
OG_11000	1	1	1	1	2	1	1	2	1	1	0	0
OG_11001	1	2	1	1	1	1	1	1	1	1	1	1
OG_11002	1	0	0	1	0	0	0	0	0	1	0	0
OG_11003	1	1	1	1	2	1	1	1	1	1	6	1
OG_11004	1	1	1	13	2	1	1	1	1	1	3	1
OG_11005	0	0	0	0	2	0	0	0	0	0	1	0
OG_11006	1	1	0	1	0	0	0	0	0	1	0	0
OG_11007	9	3	12	10	14	10	12	11	5	8	2	0
OG_11008	2	3	6	4	2	4	2	4	2	6	1	2
OG_11009	0	0	1	1	3	1	1	1	2	1	2	1
OG_11010	1	0	0	1	0	0	0	0	1	1	0	0
OG_11011	8	6	13	7	14	8	6	13	11	14	2	5
OG_11012	1	1	1	1	0	1	1	1	0	1	0	0
OG_11013	1	0	1	0	0	1	5	1	1	0	0	0
OG_11014	1	1	2	1	3	1	1	2	2	3	1	1
OG_11015	1	1	1	1	1	1	1	3	1	2	5	1
OG_11016	2	1	1	2	1	1	1	1	0	0	0	1
OG_11017	0	0	0	0	4	0	0	0	0	0	1	0
OG_11018	1	1	2	1	4	1	1	1	0	1	0	1
OG_11019	0	0	0	0	2	0	0	0	0	0	5	0
OG_11020	0	0	0	0	1	0	0	0	0	0	1	0
OG_11021	2	2	2	1	1	1	1	1	1	4	2	1
OG_11022	1	1	4	1	1	1	1	3	2	1	3	2
OG_11023	0	0	0	0	1	0	0	0	0	0	1	0
OG_11024	0	0	0	0	1	0	0	0	0	0	1	0
OG_11025	1	1	1	1	2	1	2	1	1	1	5	1
OG_11026	1	1	1	1	1	1	1	2	1	1	3	1
OG_11027	1	1	2	1	2	1	1	2	2	1	2	1
OG_11028	0	0	0	0	1	0	0	0	0	0	1	0
OG_11029	0	0	0	0	2	0	0	0	0	0	1	0
OG_11030	0	0	0	0	2	0	0	0	0	0	2	0
OG_11031	0	0	0	0	1	0	0	0	0	0	1	0
OG_11032	0	0	0	0	1	0	0	0	0	0	1	0
OG_11033	0	0	0	0	1	0	0	0	0	0	1	0
OG_11034	1	1	1	1	1	1	1	1	2	0	1	1
OG_11035	0	0	0	0	1	0	0	0	0	0	1	0
OG_11036	1	1	1	1	2	1	1	1	1	2	2	1
OG_11037	0	0	0	0	2	0	0	0	0	0	1	0
OG_11038	1	2	1	1	1	1	1	1	1	1	1	0
OG_11039	1	2	2	3	1	2	2	3	1	1	2	1
OG_11040	1	1	1	1	1	1	1	1	1	1	1	1
OG_11041	0	0	0	0	5	0	0	0	0	0	1	0
OG_11042	1	3	1	1	0	1	1	1	1	1	0	0
OG_11043	1	2	1	1	1	1	3	1	1	2	1	1
OG_11044	1	1	1	1	1	1	2	1	1	2	3	1
OG_11045	0	0	0	0	1	0	0	0	0	0	1	0
OG_11046	1	1	2	1	1	4	2	4	1	1	0	2
OG_11047	1	2	1	1	1	1	1	4	1	1	2	1
OG_11048	0	0	0	0	1	0	0	0	0	0	1	0
OG_11049	0	0	0	0	1	0	0	0	0	0	1	0
OG_11050	0	0	0	0	2	0	0	0	0	0	2	0
OG_11051	0	0	1	0	0	0	0	0	0	0	3	0
OG_11052	0	0	0	0	0	0	0	0	0	1	1	0
OG_11053	0	0	0	1	0	1	0	0	1	1	1	0
OG_11054	0	1	1	1	2	1	1	1	1	1	1	0
OG_11055	0	0	1	0	0	0	0	0	0	0	1	0
OG_11056	1	1	1	1	1	1	1	1	1	2	3	1
OG_11057	0	0	0	0	0	0	0	0	1	0	1	0
OG_11058	1	2	6	3	0	5	2	3	2	1	0	0
OG_11059	1	1	1	1	0	1	1	1	4	1	0	0
OG_11060	7	3	3	6	0	3	6	3	6	5	3	8
OG_11061	1	1	3	1	0	1	2	2	1	2	0	1
OG_11062	0	0	0	0	5	0	0	0	0	0	2	0
OG_11063	11	2	2	6	2	3	6	1	6	4	4	1
OG_11064	2	1	2	1	1	1	1	6	8	1	1	1
OG_11065	1	1	1	1	2	1	1	1	1	2	0	2
OG_11066	1	1	1	1	2	1	1	1	1	1	4	1
OG_11067	0	0	0	0	4	0	0	0	0	0	2	0
OG_11068	0	0	0	0	1	0	0	0	0	0	1	0
OG_11069	4	1	4	1	6	1	1	2	1	1	1	1
OG_11070	0	0	0	0	2	0	0	0	0	0	3	0
OG_11071	2	1	1	1	1	1	1	3	1	1	2	1
OG_11072	1	2	2	1	1	1	1	1	1	1	1	1
OG_11073	0	0	0	0	2	0	0	0	0	0	2	0
OG_11074	2	2	2	2	2	2	3	2	1	1	5	2
OG_11075	0	0	0	0	1	0	0	0	0	0	2	0
OG_11076	1	1	2	1	2	1	1	1	1	1	2	1
OG_11077	1	1	1	1	1	1	1	1	1	1	1	1
OG_11078	1	1	1	1	1	1	1	2	1	1	1	1
OG_11079	1	0	2	1	0	1	1	2	1	1	0	0
OG_11080	0	0	0	0	1	0	0	0	0	0	2	0
OG_11081	1	2	1	0	2	1	1	1	1	2	0	1
OG_11082	1	1	1	2	1	1	1	1	1	1	2	1
OG_11083	1	1	2	2	2	1	1	5	2	6	2	0
OG_11084	1	1	4	1	3	2	2	2	2	5	1	1
OG_11085	1	1	1	1	1	1	1	1	1	1	3	4
OG_11086	0	0	2	0	0	0	0	0	0	0	1	0
OG_11087	0	0	0	0	0	0	0	0	1	0	1	0
OG_11088	0	0	0	0	1	0	0	0	0	0	1	0
OG_11089	1	1	1	1	0	1	1	2	2	2	3	1
OG_11090	0	0	0	0	1	0	0	0	0	0	1	0
OG_11091	0	1	1	2	1	1	1	1	1	1	1	1
OG_11092	1	1	1	1	2	1	2	1	1	1	1	2
OG_11093	0	1	1	1	1	1	1	1	1	0	2	1
OG_11094	1	2	1	1	1	1	1	1	1	2	1	3
OG_11095	0	0	0	0	1	0	0	0	0	0	1	0
OG_11096	1	1	1	1	2	1	1	2	1	1	1	0
OG_11097	0	0	0	0	1	0	0	0	0	0	1	0
OG_11098	0	0	0	0	1	0	0	0	0	0	2	0
OG_11099	1	1	1	1	1	1	1	1	2	1	1	1
OG_11100	1	1	1	1	0	1	1	1	1	2	0	0
OG_11101	0	0	0	0	1	0	0	0	0	0	1	0
OG_11102	1	2	1	4	1	1	1	1	1	1	1	1
OG_11103	0	0	0	0	1	0	0	0	0	0	1	0
OG_11104	0	0	0	0	9	0	0	0	0	0	1	0
OG_11105	1	1	1	1	2	1	1	1	1	2	1	1
OG_11106	1	1	2	1	0	1	1	1	0	0	0	0
OG_11107	1	0	2	0	0	1	1	1	0	0	0	0
OG_11108	1	1	2	1	0	1	1	1	1	2	0	0
OG_11109	1	1	1	1	2	1	2	1	1	1	0	1
OG_11110	1	1	3	1	1	1	1	1	0	0	1	1
OG_11111	1	1	2	1	0	1	1	0	0	0	0	0
OG_11112	1	0	3	0	0	1	1	3	0	0	0	0
OG_11113	1	3	2	0	0	1	0	1	0	1	0	0
OG_11114	1	1	2	1	0	1	1	1	1	2	0	0
OG_11115	1	1	4	0	0	1	1	4	0	0	0	0
OG_11116	1	1	2	1	0	1	1	1	1	0	0	0
OG_11117	1	1	4	1	0	1	1	6	0	1	0	0
OG_11118	1	0	2	0	0	1	1	1	0	1	0	0
OG_11119	1	1	3	1	0	1	1	1	1	1	1	0
OG_11120	1	0	6	1	0	1	1	1	0	0	0	0
OG_11121	1	1	5	1	0	1	1	1	1	1	0	0
OG_11122	1	1	1	1	4	1	1	1	2	6	1	1
OG_11123	2	2	4	2	0	2	3	3	0	1	0	0
OG_11124	1	1	2	1	0	1	1	1	3	1	0	0
OG_11125	1	1	2	1	0	1	1	2	1	1	0	0
OG_11126	1	0	2	0	0	1	1	1	0	0	0	0
OG_11127	1	1	4	1	0	1	1	4	1	2	0	0
OG_11128	1	1	5	1	0	1	1	6	0	2	0	0
OG_11129	1	0	2	0	0	1	0	1	0	0	0	0
OG_11130	1	1	3	1	0	1	1	6	0	0	0	0
OG_11131	1	2	2	1	0	1	1	1	1	4	0	0
OG_11132	1	1	2	1	0	1	1	1	0	0	0	0
OG_11133	1	0	2	1	0	1	1	1	0	0	0	0
OG_11134	1	1	2	1	0	1	1	3	0	0	0	0
OG_11135	1	1	3	1	0	1	1	4	2	3	0	0
OG_11136	2	2	6	2	13	3	2	8	3	7	1	2
OG_11137	1	1	2	1	0	1	1	1	1	2	0	0
OG_11138	1	1	2	1	1	1	1	1	1	0	0	0
OG_11139	1	0	5	3	0	1	1	1	1	3	0	0
OG_11140	1	0	4	1	0	1	1	1	0	0	0	0
OG_11141	1	1	3	1	0	1	1	2	1	2	0	0
OG_11142	1	1	7	1	0	1	1	6	0	1	0	0
OG_11143	1	0	3	0	0	1	2	2	0	0	0	0
OG_11144	1	1	2	1	0	0	1	2	1	0	0	0
OG_11145	1	0	2	1	0	1	1	1	0	0	0	0
OG_11146	1	0	1	0	0	1	1	1	0	0	0	0
OG_11147	1	1	2	1	0	1	1	2	1	0	0	0
OG_11148	1	1	1	1	0	1	1	1	0	0	0	0
OG_11149	1	1	0	1	0	0	1	0	0	1	0	0
OG_11150	1	1	2	1	0	1	1	2	1	1	0	0
OG_11151	1	1	3	1	0	1	1	1	0	0	0	0
OG_11152	1	1	2	1	0	1	1	1	0	0	0	0
OG_11153	1	1	0	0	0	1	1	0	0	0	0	0
OG_11154	1	1	2	1	0	1	1	2	1	1	0	0
OG_11155	1	1	3	1	0	1	1	1	1	0	0	0
OG_11156	1	1	2	1	0	1	1	2	1	1	0	0
OG_11157	1	1	2	1	0	1	1	1	1	0	0	0
OG_11158	1	1	3	1	0	1	1	4	1	1	0	0
OG_11159	1	3	3	1	3	1	1	1	1	1	1	1
OG_11160	1	1	2	1	0	1	1	0	0	0	0	0
OG_11161	1	1	2	1	0	1	1	1	1	3	0	0
OG_11162	1	1	3	1	0	1	1	5	0	1	0	0
OG_11163	1	1	2	1	0	1	1	1	0	0	0	0
OG_11164	2	1	3	1	1	1	2	2	1	3	0	0
OG_11165	1	1	2	1	0	1	1	1	1	2	0	0
OG_11166	1	1	2	1	0	1	1	3	1	0	0	0
OG_11167	1	0	2	0	0	1	1	2	0	0	0	0
OG_11168	1	0	4	1	0	1	1	0	0	0	0	0
OG_11169	1	1	5	1	0	1	1	5	1	1	0	0
OG_11170	1	1	5	1	0	1	1	4	0	1	0	0
OG_11171	1	1	2	1	0	2	4	1	1	3	0	0
OG_11172	1	1	2	1	0	1	1	1	0	1	0	0
OG_11173	1	1	1	1	0	2	1	1	1	1	0	0
OG_11174	1	1	3	1	0	1	1	3	0	0	0	0
OG_11175	1	1	2	1	2	1	1	0	1	1	0	2
OG_11176	1	1	2	1	0	1	1	1	0	0	0	0
OG_11177	1	1	2	1	0	1	1	1	0	0	0	0
OG_11178	1	0	1	0	0	1	1	1	0	0	0	0
OG_11179	1	1	2	1	0	1	1	1	1	1	0	0
OG_11180	1	2	2	1	0	1	1	1	1	0	0	0
OG_11181	1	1	3	1	0	1	1	4	0	0	0	0
OG_11182	1	2	3	1	1	2	1	0	1	0	1	2
OG_11183	1	3	1	2	0	2	1	1	1	1	0	1
OG_11184	1	1	1	1	0	1	1	1	1	1	0	1
OG_11185	1	1	2	1	0	1	1	1	0	0	0	0
OG_11186	1	1	4	1	0	1	1	1	0	0	0	0
OG_11187	2	1	2	1	0	1	2	1	0	0	0	0
OG_11188	1	1	0	0	0	0	1	0	0	0	0	0
OG_11189	1	1	2	1	0	1	2	2	1	1	0	0
OG_11190	1	1	2	1	0	1	1	3	0	1	0	0
OG_11191	1	1	4	1	0	1	1	1	1	1	0	0
OG_11192	1	1	2	1	0	1	1	1	1	2	0	0
OG_11193	1	0	2	1	0	1	1	1	0	1	0	0
OG_11194	1	1	2	1	0	1	1	1	1	1	0	0
OG_11195	1	1	2	1	0	1	1	2	1	1	0	0
OG_11196	1	1	3	1	0	1	1	1	1	1	0	0
OG_11197	1	1	2	1	1	1	2	3	1	3	1	0
OG_11198	1	0	2	1	0	1	1	1	0	0	0	0
OG_11199	1	1	2	1	0	1	1	3	1	1	0	0
OG_11200	1	1	5	1	0	1	1	1	1	0	0	0
OG_11201	1	1	2	1	0	1	1	1	0	0	0	0
OG_11202	1	1	2	1	0	2	1	0	0	0	0	0
OG_11203	1	0	2	1	1	1	1	1	0	0	0	0
OG_11204	1	1	1	1	4	2	1	1	1	2	1	1
OG_11205	1	0	3	1	0	1	1	1	0	0	0	0
OG_11206	1	1	2	1	0	1	1	1	1	1	0	0
OG_11207	1	0	2	0	0	1	1	1	0	0	0	0
OG_11208	1	1	2	1	0	1	1	2	2	2	0	0
OG_11209	1	1	1	1	0	1	1	1	1	0	0	0
OG_11210	1	1	1	1	0	1	1	1	1	1	0	0
OG_11211	1	1	1	1	1	7	2	0	1	1	1	2
OG_11212	1	1	1	1	0	1	1	0	0	0	0	0
OG_11213	1	1	2	1	0	1	1	1	2	3	0	0
OG_11214	1	1	2	1	1	1	1	2	1	1	1	1
OG_11215	1	1	1	1	0	1	1	1	1	0	0	0
OG_11216	1	1	2	1	1	1	1	1	2	1	1	1
OG_11217	1	1	1	1	0	1	1	1	1	2	0	0
OG_11218	2	1	2	1	1	1	1	1	1	2	1	1
OG_11219	1	1	1	1	0	1	1	1	1	1	0	0
OG_11220	1	1	2	1	0	1	1	1	1	1	1	1
OG_11221	1	1	1	1	0	1	1	1	0	0	0	0
OG_11222	1	1	1	1	0	1	1	1	1	0	0	0
OG_11223	1	1	0	1	0	1	1	1	1	1	0	0
OG_11224	1	1	1	1	0	3	1	0	0	1	0	0
OG_11225	1	2	1	1	0	1	1	1	1	1	0	0
OG_11226	1	1	1	1	0	1	1	1	0	0	0	0
OG_11227	1	1	1	1	0	1	1	1	0	1	0	0
OG_11228	1	1	1	1	1	1	2	3	1	0	1	1
OG_11229	1	1	1	1	0	1	1	1	0	1	0	0
OG_11230	1	1	1	1	0	1	1	1	1	1	0	0
OG_11231	1	1	1	1	1	1	2	1	1	1	1	1
OG_11232	1	1	1	1	0	1	1	1	0	0	0	0
OG_11233	1	1	2	1	0	1	1	1	1	1	0	4
OG_11234	1	1	2	1	3	1	1	2	1	1	1	1
OG_11235	1	1	0	1	0	1	1	1	1	1	0	1
OG_11236	1	1	1	1	7	1	1	1	2	1	9	0
OG_11237	1	1	2	1	1	1	1	1	1	2	1	0
OG_11238	1	1	2	1	1	1	1	1	1	1	1	5
OG_11239	1	2	1	1	0	1	1	1	0	0	0	0
OG_11240	1	1	1	1	0	1	1	1	0	1	0	0
OG_11241	1	1	1	1	0	1	1	1	1	2	0	0
OG_11242	1	1	1	1	0	1	1	1	1	1	0	0
OG_11243	1	1	1	1	0	1	1	1	0	0	0	0
OG_11244	2	0	1	1	0	1	2	1	1	1	0	0
OG_11245	1	1	1	1	0	1	2	1	1	1	0	0
OG_11246	1	1	0	1	1	1	1	1	1	4	1	1
OG_11247	1	1	1	1	2	1	1	2	1	1	1	1
OG_11248	1	1	1	1	4	1	2	1	1	4	1	1
OG_11249	1	1	1	1	0	1	1	1	1	1	0	0
OG_11250	0	0	1	0	0	1	1	1	0	0	0	0
OG_11251	1	1	2	1	0	1	1	1	1	2	0	0
OG_11252	1	1	1	1	0	1	1	1	1	1	1	2
OG_11253	1	1	1	1	0	1	1	1	0	1	0	0
OG_11254	1	1	1	1	0	2	1	3	0	0	0	0
OG_11255	1	0	1	1	0	1	1	2	0	1	0	0
OG_11256	1	0	1	0	0	1	1	1	0	0	0	0
OG_11257	1	1	1	1	0	1	1	1	0	0	0	0
OG_11258	1	1	1	1	1	1	1	1	1	1	0	1
OG_11259	1	1	1	1	0	1	1	1	1	1	0	0
OG_11260	1	1	1	1	0	1	1	1	2	1	0	0
OG_11261	1	1	1	2	0	1	1	1	0	0	0	0
OG_11262	1	1	1	1	0	1	1	1	0	0	0	0
OG_11263	1	1	1	1	0	1	1	1	1	1	0	0
OG_11264	1	2	1	1	1	1	1	1	1	1	1	1
OG_11265	1	0	1	0	0	1	0	1	0	0	0	0
OG_11266	1	0	1	1	0	1	1	1	0	0	0	0
OG_11267	1	1	1	1	0	1	1	1	0	0	0	0
OG_11268	1	1	1	1	0	1	1	1	1	1	0	0
OG_11269	1	1	1	0	0	1	0	1	0	1	0	0
OG_11270	1	1	1	1	0	1	1	1	1	0	0	0
OG_11271	1	1	1	1	0	1	1	1	1	0	0	0
OG_11272	1	1	1	1	0	1	1	1	0	0	0	0
OG_11273	1	1	1	1	0	1	1	1	1	0	0	0
OG_11274	1	1	1	1	0	1	1	1	1	0	0	0
OG_11275	1	1	1	0	0	1	1	1	1	1	0	1
OG_11276	1	1	1	1	0	1	1	1	1	0	0	0
OG_11277	1	1	1	1	0	1	0	2	4	1	0	0
OG_11278	1	1	1	1	0	1	1	1	0	1	0	0
OG_11279	1	1	1	1	0	1	1	1	1	5	0	0
OG_11280	0	0	1	0	0	1	0	0	0	0	0	0
OG_11281	1	1	1	1	0	1	1	2	1	1	0	0
OG_11282	1	1	1	1	0	1	1	1	0	0	0	0
OG_11283	1	1	1	1	0	1	1	1	0	0	0	0
OG_11284	1	0	1	0	0	1	1	1	0	0	0	0
OG_11285	1	1	1	1	0	1	1	1	0	0	0	0
OG_11286	1	1	1	1	0	1	1	1	0	0	0	0
OG_11287	1	1	1	1	1	1	1	1	1	1	1	1
OG_11288	1	1	1	1	0	1	1	1	0	0	0	0
OG_11289	1	1	1	1	1	1	1	1	1	3	0	1
OG_11290	1	1	1	0	0	1	1	1	0	0	0	0
OG_11291	1	1	2	1	0	1	1	3	1	1	0	0
OG_11292	1	1	1	1	0	1	1	1	0	0	0	0
OG_11293	1	1	2	1	0	1	1	1	0	0	0	0
OG_11294	1	1	1	1	0	1	1	1	16	1	0	0
OG_11295	1	1	1	1	0	0	0	1	0	1	0	0
OG_11296	1	1	1	1	0	1	1	1	0	1	0	0
OG_11297	1	0	1	1	0	1	1	2	1	0	0	0
OG_11298	1	1	1	0	0	2	1	1	0	0	0	0
OG_11299	0	0	1	0	0	0	0	0	0	1	0	0
OG_11300	1	1	2	1	1	1	1	1	1	4	1	1
OG_11301	1	1	1	1	0	1	1	2	0	1	0	0
OG_11302	1	0	1	0	0	1	0	0	0	0	0	0
OG_11303	1	1	1	1	0	1	1	1	1	1	0	0
OG_11304	1	1	1	1	1	1	2	1	1	5	6	1
OG_11305	1	1	1	1	0	1	1	1	1	1	0	0
OG_11306	1	1	1	1	0	1	1	4	1	1	0	0
OG_11307	1	1	1	1	0	1	1	1	0	0	0	0
OG_11308	1	1	1	1	0	1	0	1	0	0	0	0
OG_11309	1	1	1	1	0	1	1	1	1	1	0	0
OG_11310	1	1	1	1	1	1	1	1	1	2	0	0
OG_11311	1	1	1	1	0	1	1	1	1	1	0	0
OG_11312	1	1	1	1	0	1	1	1	1	1	0	0
OG_11313	1	1	1	1	0	1	1	1	0	1	0	0
OG_11314	1	1	1	2	0	1	1	1	1	1	0	0
OG_11315	1	1	1	1	0	1	1	1	0	1	0	0
OG_11316	1	0	0	1	0	1	1	0	0	0	0	0
OG_11317	1	1	1	1	0	1	1	1	1	0	0	0
OG_11318	1	1	1	1	0	1	1	1	0	0	0	0
OG_11319	1	1	1	1	0	1	1	0	1	1	0	0
OG_11320	2	1	2	2	1	1	3	1	3	1	1	1
OG_11321	1	1	1	1	0	1	1	3	1	3	0	0
OG_11322	1	2	1	1	0	1	1	1	1	0	0	0
OG_11323	1	1	1	1	0	1	1	1	0	1	0	0
OG_11324	1	1	1	1	0	1	1	1	1	0	0	0
OG_11325	1	1	2	1	0	1	1	1	2	1	0	0
OG_11326	1	1	1	1	0	1	1	1	1	1	0	0
OG_11327	1	0	1	1	0	1	1	1	1	1	0	0
OG_11328	1	0	1	1	0	0	1	1	0	0	0	0
OG_11329	1	1	1	1	0	1	1	1	0	1	0	0
OG_11330	1	1	1	1	0	1	1	1	0	2	0	0
OG_11331	1	1	1	1	0	1	1	4	0	0	0	0
OG_11332	1	2	1	1	6	1	2	1	1	2	1	1
OG_11333	1	1	1	1	0	1	1	1	1	1	0	0
OG_11334	1	1	1	1	0	1	1	1	0	0	0	0
OG_11335	1	1	1	1	0	1	1	1	1	1	0	0
OG_11336	1	1	1	1	0	1	1	1	1	2	0	0
OG_11337	1	0	1	0	0	1	1	0	0	0	0	0
OG_11338	1	1	1	1	0	1	1	1	1	1	0	0
OG_11339	1	1	1	1	1	1	1	1	2	1	1	1
OG_11340	1	1	1	1	0	1	1	1	1	1	0	0
OG_11341	1	1	1	1	0	1	1	1	0	0	0	0
OG_11342	1	1	1	1	1	1	1	1	1	1	2	0
OG_11343	1	0	1	1	0	1	1	1	0	0	0	0
OG_11344	1	1	1	1	0	1	0	1	0	0	0	0
OG_11345	1	1	1	1	0	1	1	1	0	0	0	0
OG_11346	6	5	2	3	0	3	4	2	3	2	0	2
OG_11347	1	1	1	1	0	1	2	3	0	0	0	0
OG_11348	1	1	1	1	0	1	2	1	0	0	0	0
OG_11349	1	1	1	1	0	1	1	1	0	0	0	0
OG_11350	1	1	1	1	0	1	1	2	2	1	0	0
OG_11351	1	1	1	1	0	1	1	1	2	1	0	0
OG_11352	1	1	1	1	0	1	1	1	0	0	0	0
OG_11353	1	1	1	1	2	1	1	1	1	1	3	1
OG_11354	1	1	1	1	0	1	1	1	0	0	0	0
OG_11355	1	1	1	1	0	1	1	1	1	2	0	0
OG_11356	1	1	1	0	0	1	1	1	0	0	0	0
OG_11357	1	2	1	1	1	3	2	1	2	2	3	1
OG_11358	1	1	1	3	1	1	2	1	2	1	1	1
OG_11359	1	1	2	1	3	1	1	1	1	1	2	2
OG_11360	1	1	2	1	1	1	2	1	1	1	1	1
OG_11361	1	1	1	1	0	1	1	3	1	1	0	0
OG_11362	1	0	1	1	0	1	1	0	0	0	0	0
OG_11363	1	0	1	0	0	1	1	1	0	0	0	0
OG_11364	1	0	1	0	0	1	1	0	0	0	0	0
OG_11365	1	1	1	1	0	1	1	1	1	1	0	0
OG_11366	1	0	1	1	0	1	1	1	0	0	0	0
OG_11367	1	0	1	0	0	1	1	0	0	0	0	0
OG_11368	1	1	1	1	0	1	1	1	0	0	0	0
OG_11369	1	1	1	1	0	2	2	1	0	0	0	0
OG_11370	1	1	1	0	0	1	1	1	0	0	0	0
OG_11371	2	0	1	1	0	1	1	0	1	2	0	0
OG_11372	1	2	3	2	0	1	1	4	2	1	0	0
OG_11373	1	1	1	1	0	1	1	1	1	1	0	0
OG_11374	1	1	1	1	0	1	1	1	1	3	0	0
OG_11375	1	1	1	1	0	1	1	0	0	0	0	0
OG_11376	1	1	1	1	0	1	1	1	0	1	0	0
OG_11377	1	1	1	1	0	1	1	1	1	1	0	0
OG_11378	1	1	1	1	0	1	1	1	0	1	0	0
OG_11379	1	1	1	1	0	1	1	1	0	1	0	0
OG_11380	2	1	1	1	0	1	1	1	0	0	0	0
OG_11381	1	1	1	1	0	1	1	1	1	1	0	0
OG_11382	1	1	1	1	0	1	1	4	0	2	0	0
OG_11383	1	0	1	1	0	1	1	2	1	0	0	0
OG_11384	1	1	1	1	0	1	1	1	1	1	0	0
OG_11385	1	0	1	1	0	1	1	1	1	0	0	0
OG_11386	1	1	1	1	0	1	1	1	0	1	0	0
OG_11387	1	1	1	1	0	1	1	1	1	1	0	0
OG_11388	1	0	1	1	0	1	1	2	1	0	0	0
OG_11389	1	1	1	1	0	1	1	1	0	1	0	0
OG_11390	1	1	1	1	0	1	1	1	0	1	0	0
OG_11391	1	1	1	1	0	1	1	0	1	1	0	0
OG_11392	1	1	1	1	1	1	1	1	1	2	4	1
OG_11393	1	1	1	1	0	1	1	1	0	0	0	0
OG_11394	1	1	1	1	0	1	0	1	0	2	0	0
OG_11395	1	1	1	1	0	1	1	1	1	1	0	0
OG_11396	1	0	1	1	0	1	1	1	1	2	0	0
OG_11397	1	1	1	1	0	1	1	1	1	1	0	0
OG_11398	1	1	1	1	0	1	1	1	0	0	0	0
OG_11399	1	1	1	1	0	0	1	0	0	0	0	0
OG_11400	1	1	1	1	3	1	1	1	2	3	0	1
OG_11401	0	0	1	0	0	0	0	2	0	0	0	0
OG_11402	1	1	1	1	0	1	1	1	2	2	0	0
OG_11403	1	1	1	1	0	1	1	2	0	0	0	0
OG_11404	1	0	1	1	0	1	1	0	1	2	0	0
OG_11405	1	1	1	1	0	1	1	1	1	1	0	0
OG_11406	1	1	1	1	1	1	1	1	1	1	0	0
OG_11407	1	0	1	1	0	1	1	2	0	0	0	0
OG_11408	1	0	1	1	0	1	1	0	0	0	0	0
OG_11409	1	0	1	0	0	1	0	1	0	0	0	0
OG_11410	1	1	1	1	0	1	1	1	0	0	0	0
OG_11411	1	1	1	1	0	1	1	2	1	2	0	0
OG_11412	1	0	1	1	0	1	1	1	0	0	0	0
OG_11413	1	1	1	1	0	1	1	1	0	0	0	0
OG_11414	1	1	1	1	0	1	1	2	1	1	0	0
OG_11415	0	0	0	0	0	0	1	0	0	1	0	0
OG_11416	1	1	1	1	0	1	0	1	1	0	0	0
OG_11417	1	1	1	1	0	1	1	1	1	1	0	0
OG_11418	1	1	1	1	0	1	1	0	0	0	0	0
OG_11419	1	1	1	1	0	1	1	1	0	0	0	0
OG_11420	1	1	2	1	0	3	3	2	2	1	0	0
OG_11421	1	1	1	1	0	1	2	1	0	0	0	0
OG_11422	1	1	1	1	0	1	1	2	2	1	0	0
OG_11423	4	1	2	1	1	1	1	1	1	1	0	2
OG_11424	1	1	1	1	0	1	1	1	1	1	0	0
OG_11425	1	1	1	1	0	1	1	1	1	1	0	0
OG_11426	1	1	1	1	1	1	1	1	0	1	1	0
OG_11427	1	2	1	1	2	1	1	1	1	1	2	3
OG_11428	0	1	0	4	0	0	1	0	0	0	0	0
OG_11429	0	1	1	0	0	0	0	0	0	0	0	0
OG_11430	1	1	1	1	0	1	1	1	1	1	0	0
OG_11431	2	1	0	1	0	2	1	0	0	0	0	0
OG_11432	1	1	1	1	0	1	1	1	0	0	0	0
OG_11433	1	1	1	1	1	1	1	1	4	1	1	1
OG_11434	1	1	1	1	0	1	1	1	1	1	0	0
OG_11435	2	3	2	2	2	3	2	2	1	3	2	1
OG_11436	1	1	1	1	0	1	1	1	0	0	0	0
OG_11437	1	1	1	1	0	1	1	1	0	0	0	0
OG_11438	1	1	14	1	0	1	1	6	1	3	0	2
OG_11439	1	1	1	1	2	1	1	1	1	1	1	1
OG_11440	1	1	1	1	0	1	1	2	0	0	0	0
OG_11441	1	1	1	1	0	1	0	1	1	0	0	0
OG_11442	1	1	2	1	0	1	1	2	1	1	0	1
OG_11443	1	1	1	1	0	1	1	1	0	0	0	0
OG_11444	1	1	1	1	0	1	1	1	1	0	0	0
OG_11445	1	1	3	1	0	1	1	1	1	0	0	0
OG_11446	1	1	1	1	1	1	1	1	1	1	0	1
OG_11447	1	1	1	1	0	1	1	1	1	0	0	0
OG_11448	1	2	1	1	0	1	1	1	1	1	0	0
OG_11449	1	0	1	1	0	1	1	1	1	0	0	0
OG_11450	1	1	1	0	0	1	1	2	1	0	0	0
OG_11451	1	0	1	0	0	0	1	0	0	0	0	0
OG_11452	1	1	1	1	0	1	1	1	1	1	0	0
OG_11453	1	1	1	1	0	1	1	2	1	1	0	0
OG_11454	1	0	1	1	0	1	1	1	0	0	0	0
OG_11455	1	1	1	1	0	1	1	1	1	1	0	0
OG_11456	1	1	1	1	0	1	1	1	1	1	0	0
OG_11457	2	1	2	1	2	2	2	2	1	1	0	1
OG_11458	10	1	1	6	0	6	9	1	0	0	0	0
OG_11459	1	0	1	1	0	1	1	1	0	0	0	0
OG_11460	1	1	1	1	2	1	4	1	1	0	1	0
OG_11461	1	1	1	1	0	1	1	1	1	1	0	0
OG_11462	1	1	1	1	0	1	1	1	0	0	0	0
OG_11463	1	1	1	1	0	1	2	9	2	1	0	0
OG_11464	1	1	1	1	0	1	1	1	0	0	0	0
OG_11465	1	1	1	1	0	1	1	2	0	0	0	0
OG_11466	1	1	1	1	0	1	1	1	0	0	0	0
OG_11467	1	0	4	2	0	1	2	2	1	2	0	0
OG_11468	1	1	1	1	0	1	1	1	1	1	0	0
OG_11469	1	1	1	1	0	1	1	0	0	1	0	0
OG_11470	1	1	1	0	0	1	1	1	0	0	0	0
OG_11471	1	1	1	1	1	1	1	3	2	2	1	1
OG_11472	1	1	1	1	0	1	1	1	0	0	0	0
OG_11473	1	0	1	0	0	1	2	1	0	0	0	0
OG_11474	1	1	1	1	0	1	0	1	0	0	0	0
OG_11475	1	0	1	1	0	1	1	1	0	0	0	0
OG_11476	1	1	1	1	0	1	1	1	1	1	0	0
OG_11477	1	1	1	1	1	1	1	1	1	2	1	1
OG_11478	1	1	1	1	0	1	1	1	0	0	0	0
OG_11479	1	1	1	1	0	1	1	1	0	0	0	0
OG_11480	1	1	1	1	0	1	1	4	0	0	0	0
OG_11481	1	1	1	1	0	0	1	1	0	0	0	0
OG_11482	1	1	1	1	0	1	1	2	1	1	0	0
OG_11483	1	1	1	1	0	1	1	1	3	1	0	1
OG_11484	1	2	1	1	0	1	2	1	1	1	0	0
OG_11485	1	0	1	1	0	1	1	1	0	0	0	0
OG_11486	1	0	1	1	0	2	0	0	0	0	0	0
OG_11487	1	0	1	1	0	1	1	1	1	1	0	0
OG_11488	3	1	2	3	4	3	2	2	1	1	2	1
OG_11489	1	1	1	1	0	1	1	1	1	1	0	2
OG_11490	1	0	1	1	0	1	1	1	0	2	0	2
OG_11491	1	1	1	1	0	1	1	1	0	0	0	0
OG_11492	1	0	1	1	0	1	1	1	2	1	0	0
OG_11493	1	1	1	1	0	1	1	0	0	0	0	0
OG_11494	1	1	2	1	1	1	1	1	1	2	2	1
OG_11495	1	1	2	1	3	1	1	3	2	1	1	1
OG_11496	1	1	1	1	0	1	1	1	0	1	0	0
OG_11497	1	2	1	1	0	1	1	1	0	1	0	0
OG_11498	1	3	1	1	0	1	1	0	0	0	0	0
OG_11499	1	4	1	1	0	1	1	1	3	1	0	0
OG_11500	3	1	6	1	1	1	1	1	1	7	1	1
OG_11501	4	6	2	2	2	1	2	3	3	2	4	1
OG_11502	1	1	2	2	2	1	2	3	1	1	1	1
OG_11503	1	1	1	1	0	1	1	1	1	1	0	0
OG_11504	1	1	1	1	0	1	1	1	1	2	0	0
OG_11505	1	2	1	1	0	1	2	1	0	0	0	0
OG_11506	1	1	1	1	0	1	1	1	1	1	0	0
OG_11507	2	0	1	0	0	0	1	0	0	0	0	0
OG_11508	1	1	1	1	0	1	1	3	1	2	0	0
OG_11509	1	1	1	1	0	1	1	1	0	1	0	0
OG_11510	2	0	1	0	0	2	1	1	0	0	0	0
OG_11511	1	2	2	2	1	1	1	1	1	1	1	2
OG_11512	1	1	1	1	0	1	1	1	0	1	0	0
OG_11513	1	1	1	1	0	1	1	2	0	0	0	0
OG_11514	1	3	1	1	0	0	1	1	0	0	0	0
OG_11515	1	1	1	1	0	1	1	1	0	0	0	0
OG_11516	1	1	2	1	2	1	2	2	1	6	1	0
OG_11517	1	0	1	0	0	1	1	1	0	0	0	0
OG_11518	1	1	1	1	0	1	1	1	1	1	0	0
OG_11519	1	1	1	1	0	1	1	1	0	0	0	0
OG_11520	4	1	1	1	0	1	1	1	0	0	0	0
OG_11521	1	1	1	1	1	1	4	1	2	1	1	1
OG_11522	1	1	1	1	0	1	1	1	0	1	0	0
OG_11523	1	1	2	1	1	1	1	1	1	1	1	1
OG_11524	1	1	1	1	0	1	1	1	0	1	0	0
OG_11525	1	1	1	1	0	1	1	1	1	1	0	0
OG_11526	1	0	2	1	0	1	1	1	0	0	0	0
OG_11527	1	1	1	1	0	1	1	1	0	0	0	0
OG_11528	1	1	1	1	0	1	1	1	0	0	0	0
OG_11529	1	1	1	1	0	1	1	1	0	0	0	0
OG_11530	1	1	1	1	0	1	1	1	1	0	0	0
OG_11531	1	0	1	0	0	1	1	1	0	0	0	0
OG_11532	1	2	1	1	0	1	1	0	0	0	0	0
OG_11533	1	1	2	1	0	1	1	1	3	5	0	0
OG_11534	1	1	1	1	0	0	1	1	0	1	0	0
OG_11535	1	1	1	1	0	1	1	1	1	0	0	0
OG_11536	1	1	1	1	0	1	1	1	1	1	0	0
OG_11537	1	1	1	1	0	1	1	1	0	0	0	0
OG_11538	1	1	1	1	0	1	1	1	1	1	0	0
OG_11539	1	1	1	1	0	1	1	1	0	0	0	0
OG_11540	1	1	1	1	0	1	1	1	0	1	0	0
OG_11541	1	1	2	1	1	1	1	1	1	1	1	1
OG_11542	1	0	1	1	0	1	1	0	0	0	0	0
OG_11543	1	1	1	1	0	1	1	1	1	1	0	0
OG_11544	1	1	1	1	0	1	1	1	1	1	0	1
OG_11545	1	1	1	1	0	1	1	1	1	2	0	0
OG_11546	1	1	1	1	0	1	1	1	0	0	0	0
OG_11547	1	1	1	1	0	1	1	1	1	1	0	0
OG_11548	1	1	1	1	1	1	1	2	1	1	2	0
OG_11549	1	1	1	1	0	1	1	1	1	1	0	0
OG_11550	1	3	1	1	1	2	1	1	1	1	1	1
OG_11551	1	0	1	0	0	1	1	1	0	0	0	0
OG_11552	1	1	1	1	0	1	1	1	1	2	0	0
OG_11553	2	1	1	1	0	1	1	0	0	0	0	0
OG_11554	1	1	1	1	0	1	1	0	1	1	0	0
OG_11555	1	1	1	1	0	1	1	1	0	3	0	0
OG_11556	1	1	1	1	0	1	1	3	1	0	0	0
OG_11557	1	0	1	1	0	0	1	1	0	0	0	0
OG_11558	1	1	1	1	0	1	1	1	0	0	0	0
OG_11559	1	1	1	1	1	1	1	1	1	1	0	1
OG_11560	1	1	1	0	1	1	1	1	1	3	0	0
OG_11561	1	1	1	1	0	1	1	1	0	1	0	0
OG_11562	1	1	1	1	0	1	1	1	0	0	0	0
OG_11563	1	1	1	1	0	1	1	1	1	2	0	0
OG_11564	1	0	1	0	0	1	1	1	0	0	0	0
OG_11565	1	1	1	1	0	1	1	1	0	0	0	0
OG_11566	1	1	1	1	0	1	2	0	0	0	0	0
OG_11567	1	1	1	1	0	1	1	1	1	0	0	0
OG_11568	1	1	1	1	0	1	1	1	0	0	0	0
OG_11569	1	1	2	1	3	1	1	2	1	2	1	1
OG_11570	1	1	1	1	0	1	1	1	1	1	0	0
OG_11571	1	1	1	1	0	1	1	1	0	0	0	0
OG_11572	2	1	1	1	0	1	1	1	1	0	0	3
OG_11573	0	0	0	0	4	0	0	0	0	0	1	0
OG_11574	1	1	1	1	0	1	1	1	0	1	1	2
OG_11575	1	1	1	1	0	1	1	1	0	1	0	0
OG_11576	1	1	1	1	0	1	1	1	0	1	0	0
OG_11577	1	1	8	1	2	1	1	6	4	5	2	1
OG_11578	1	1	2	1	2	1	1	1	2	2	1	1
OG_11579	1	1	1	1	0	1	1	1	1	1	0	0
OG_11580	2	1	1	1	0	1	1	1	1	2	0	1
OG_11581	1	0	1	1	0	0	0	0	0	0	0	0
OG_11582	1	1	1	1	0	2	1	1	0	0	0	0
OG_11583	1	1	2	1	2	1	1	2	2	2	1	2
OG_11584	1	1	1	1	0	1	1	1	0	1	0	0
OG_11585	1	1	1	1	0	1	1	1	1	1	0	0
OG_11586	0	1	1	1	0	1	1	1	1	1	0	0
OG_11587	1	1	1	1	0	1	1	1	0	0	0	0
OG_11588	1	1	1	1	0	1	1	1	0	0	0	0
OG_11589	1	1	1	1	0	1	1	1	0	0	0	0
OG_11590	1	1	1	1	0	1	1	1	1	2	0	0
OG_11591	1	1	1	1	1	1	1	2	1	2	1	1
OG_11592	1	1	2	1	1	1	1	2	1	1	2	1
OG_11593	1	1	2	1	3	1	1	1	1	1	1	1
OG_11594	0	0	1	0	0	0	0	0	0	1	0	0
OG_11595	1	1	1	1	0	1	1	1	1	1	0	0
OG_11596	1	1	2	1	1	1	1	1	1	1	0	1
OG_11597	1	1	1	1	0	1	1	2	1	0	0	0
OG_11598	1	1	1	1	0	1	1	1	1	0	0	0
OG_11599	1	1	1	1	0	1	1	1	0	1	0	0
OG_11600	1	1	1	1	1	1	1	1	1	1	1	1
OG_11601	1	1	1	1	0	1	1	1	0	1	0	0
OG_11602	1	1	1	1	0	1	1	1	1	0	0	0
OG_11603	1	1	1	1	0	1	1	1	1	1	0	0
OG_11604	2	1	1	1	3	1	1	1	2	4	2	1
OG_11605	1	0	1	0	0	1	3	1	0	0	0	0
OG_11606	1	1	1	1	0	1	1	1	2	1	0	0
OG_11607	1	1	1	1	0	1	1	1	0	1	0	0
OG_11608	1	0	1	1	0	1	1	0	0	0	0	0
OG_11609	1	1	1	1	0	1	1	1	0	0	0	0
OG_11610	1	1	1	1	0	1	1	1	0	0	0	0
OG_11611	3	1	2	2	1	1	1	1	2	1	1	1
OG_11612	1	1	1	0	0	1	0	1	0	0	0	0
OG_11613	1	1	1	1	0	1	1	1	0	0	0	0
OG_11614	1	1	1	1	0	1	1	1	1	0	0	0
OG_11615	1	1	1	1	0	1	1	1	1	1	0	0
OG_11616	1	1	1	1	0	1	1	1	0	0	0	0
OG_11617	1	1	1	1	0	1	1	1	1	1	0	0
OG_11618	1	1	1	1	0	1	1	2	0	1	0	0
OG_11619	1	0	1	1	0	1	1	1	0	0	0	0
OG_11620	1	1	1	1	0	1	1	1	1	1	0	0
OG_11621	1	1	1	1	0	1	0	1	0	0	0	0
OG_11622	1	1	1	1	0	1	1	1	1	1	0	0
OG_11623	1	1	1	1	0	1	1	1	1	1	0	0
OG_11624	1	0	1	2	1	3	1	1	1	1	1	1
OG_11625	1	1	1	1	0	1	1	1	1	1	0	0
OG_11626	1	1	1	1	0	1	1	1	1	1	0	0
OG_11627	1	2	1	1	0	1	1	1	0	0	0	0
OG_11628	1	1	1	1	0	2	1	1	0	0	0	0
OG_11629	0	0	1	0	0	1	0	0	0	0	0	0
OG_11630	1	1	0	1	0	0	1	0	0	0	0	0
OG_11631	1	1	1	1	0	1	1	2	1	1	0	0
OG_11632	1	1	1	1	0	1	2	1	0	0	0	0
OG_11633	0	1	1	3	0	0	0	0	0	0	0	0
OG_11634	1	1	4	1	2	1	1	4	2	1	1	3
OG_11635	1	1	1	1	0	1	1	0	0	0	0	0
OG_11636	1	1	1	1	0	1	1	2	1	1	0	2
OG_11637	1	1	1	1	0	1	1	2	1	0	0	0
OG_11638	1	1	1	0	0	1	1	1	0	0	0	0
OG_11639	1	0	1	0	0	1	1	1	0	0	0	0
OG_11640	1	1	1	1	0	1	1	1	1	2	0	0
OG_11641	1	1	1	1	0	1	1	1	1	1	0	0
OG_11642	1	1	1	1	0	1	1	1	1	1	0	0
OG_11643	1	1	1	1	0	1	1	1	1	1	0	0
OG_11644	1	1	1	1	0	1	1	0	0	0	0	0
OG_11645	1	0	1	0	0	1	1	0	0	0	0	0
OG_11646	1	1	1	1	1	2	1	1	1	1	1	1
OG_11647	1	1	1	1	0	1	1	1	0	0	0	0
OG_11648	1	1	1	1	0	1	1	1	1	1	0	2
OG_11649	2	1	1	2	2	1	1	1	1	1	2	0
OG_11650	1	1	1	1	0	1	0	1	0	0	0	0
OG_11651	1	1	1	1	0	1	1	1	0	2	0	0
OG_11652	1	0	1	1	0	1	1	1	1	1	0	0
OG_11653	0	1	8	1	0	1	1	10	0	0	0	0
OG_11654	0	1	2	1	0	1	1	1	0	1	0	0
OG_11655	0	1	4	1	0	1	1	2	0	1	0	0
OG_11656	1	1	1	1	0	1	1	2	1	2	0	1
OG_11657	0	2	1	1	0	1	2	1	1	1	0	1
OG_11658	1	1	1	1	0	1	2	3	1	3	0	1
OG_11659	0	1	1	1	0	1	1	1	1	1	0	0
OG_11660	0	1	1	1	0	1	1	1	0	0	0	0
OG_11661	1	1	2	16	1	1	2	1	1	4	3	2
OG_11662	0	1	1	1	0	1	1	1	2	1	0	1
OG_11663	0	1	1	1	0	1	1	1	2	1	0	0
OG_11664	0	1	1	1	0	1	1	1	1	1	0	0
OG_11665	0	1	1	1	0	1	0	1	1	0	0	0
OG_11666	0	1	1	1	0	1	1	1	1	1	0	0
OG_11667	0	1	1	1	0	1	1	1	0	0	0	0
OG_11668	0	1	1	1	0	1	1	1	0	0	0	0
OG_11669	0	1	1	0	0	1	1	0	0	1	0	0
OG_11670	0	1	1	1	0	1	1	1	0	3	0	0
OG_11671	1	1	2	1	0	1	1	1	1	1	0	2
OG_11672	1	5	2	1	0	1	1	2	1	2	0	0
OG_11673	0	0	0	1	3	0	0	0	0	0	0	0
OG_11674	0	1	1	1	0	1	1	2	0	0	0	0
OG_11675	1	1	0	1	1	1	1	1	2	1	2	0
OG_11676	0	1	1	1	0	1	1	1	1	0	0	0
OG_11677	0	1	1	0	0	1	0	0	0	0	0	0
OG_11678	0	1	1	1	0	1	1	1	1	1	0	0
OG_11679	0	0	8	0	0	1	0	0	0	0	0	0
OG_11680	0	0	3	0	0	1	0	0	0	0	0	0
OG_11681	0	0	1	0	0	1	0	0	0	0	0	0
OG_11682	0	0	2	0	0	1	0	2	0	0	0	0
OG_11683	0	0	2	0	0	1	1	4	0	0	0	0
OG_11684	0	0	2	0	0	1	0	1	0	0	0	0
OG_11685	0	0	2	0	0	0	1	0	0	0	0	0
OG_11686	0	0	2	1	0	0	0	2	1	0	0	0
OG_11687	0	0	2	0	0	1	0	1	0	0	0	0
OG_11688	0	0	4	0	0	1	0	1	0	0	0	0
OG_11689	0	0	1	0	0	0	0	1	0	0	0	0
OG_11690	0	0	2	0	0	0	0	0	1	0	0	0
OG_11691	0	0	1	0	0	0	0	0	1	0	0	0
OG_11692	0	0	1	1	0	1	1	1	0	0	0	0
OG_11693	1	0	1	0	0	1	0	1	0	0	0	0
OG_11694	0	0	2	1	0	1	0	0	0	0	0	0
OG_11695	0	1	1	1	0	1	1	1	0	0	0	0
OG_11696	0	0	1	0	0	1	0	1	0	0	0	0
OG_11697	1	0	0	0	0	0	1	0	0	0	0	0
OG_11698	0	0	1	0	0	1	0	0	0	0	0	0
OG_11699	0	0	2	0	0	1	0	0	0	0	0	0
OG_11700	0	0	1	0	0	1	0	1	0	0	0	0
OG_11701	8	2	0	8	0	0	3	1	0	1	0	0
OG_11702	0	0	1	0	0	1	1	1	0	0	0	0
OG_11703	0	0	1	0	0	1	0	0	0	0	0	0
OG_11704	0	0	1	0	0	1	1	0	0	0	0	0
OG_11705	0	0	1	0	0	1	0	1	0	0	0	0
OG_11706	1	1	1	1	0	1	1	1	1	1	0	0
OG_11707	0	0	1	0	0	0	0	1	0	0	0	0
OG_11708	0	0	1	0	0	1	0	1	0	0	0	0
OG_11709	0	0	1	0	0	1	0	3	0	0	0	0
OG_11710	0	0	6	0	0	1	0	4	0	0	0	0
OG_11711	0	0	2	0	0	2	2	1	0	1	0	0
OG_11712	2	2	3	4	0	2	3	1	2	2	0	0
OG_11713	0	0	1	0	0	1	0	0	0	0	0	0
OG_11714	0	0	1	0	0	0	0	0	0	1	0	0
OG_11715	2	2	1	1	1	1	1	1	4	0	1	2
OG_11716	1	0	1	1	0	1	1	1	0	0	0	0
OG_11717	0	0	1	0	0	0	0	1	0	0	0	0
OG_11718	0	0	1	0	0	1	0	1	0	0	0	0
OG_11719	0	0	1	0	0	1	0	1	0	0	0	0
OG_11720	1	0	0	0	0	0	2	0	0	0	0	0
OG_11721	0	0	1	0	0	0	0	1	0	0	0	0
OG_11722	0	0	1	0	0	1	0	1	0	0	0	0
OG_11723	0	0	1	0	0	0	0	1	0	0	0	0
OG_11724	0	0	1	0	0	1	0	0	0	0	0	0
OG_11725	0	0	1	0	0	0	0	1	0	0	0	0
OG_11726	0	0	1	0	0	1	0	0	0	0	0	0
OG_11727	0	0	1	0	0	1	0	1	0	0	0	0
OG_11728	0	0	1	0	0	1	0	1	0	0	0	0
OG_11729	0	0	1	0	0	0	0	1	0	0	0	0
OG_11730	0	0	1	0	0	1	0	1	0	0	0	0
OG_11731	0	0	1	2	0	0	0	0	0	0	0	0
OG_11732	0	0	1	0	0	1	0	0	0	0	0	0
OG_11733	1	1	0	1	0	1	1	1	0	0	0	0
OG_11734	0	0	1	0	0	0	0	1	0	0	0	0
OG_11735	0	0	1	0	0	0	0	1	0	0	0	0
OG_11736	0	0	1	0	0	0	0	1	0	0	0	0
OG_11737	1	1	0	1	0	2	1	0	0	0	0	0
OG_11738	1	1	0	0	0	1	1	0	0	1	0	0
OG_11739	1	1	0	1	0	2	1	1	1	1	0	0
OG_11740	1	0	0	0	0	2	1	0	0	0	0	0
OG_11741	1	0	0	1	0	1	0	0	0	0	0	0
OG_11742	1	1	0	1	0	1	1	0	0	0	0	0
OG_11743	1	0	0	1	0	1	0	0	0	0	0	0
OG_11744	1	1	0	1	0	1	1	1	1	1	0	0
OG_11745	1	1	2	2	1	2	1	2	2	2	0	1
OG_11746	1	1	0	1	0	1	1	0	0	0	0	0
OG_11747	1	1	0	0	0	1	0	0	0	1	0	0
OG_11748	1	0	0	0	0	1	1	0	1	1	0	0
OG_11749	1	1	0	1	0	1	1	0	0	0	0	0
OG_11750	1	1	0	1	0	1	1	0	0	0	0	0
OG_11751	1	1	0	1	0	1	1	1	1	2	0	0
OG_11752	1	0	0	1	0	1	0	0	0	0	0	0
OG_11753	1	1	0	1	0	1	1	0	1	1	0	0
OG_11754	1	0	0	1	0	1	0	1	0	0	0	0
OG_11755	1	1	0	1	0	1	1	0	0	0	0	0
OG_11756	1	1	1	1	1	2	1	1	1	1	1	1
OG_11757	1	1	0	1	0	1	1	0	0	1	0	0
OG_11758	1	0	0	0	0	1	1	0	0	0	0	0
OG_11759	1	1	2	1	0	1	1	1	1	8	0	0
OG_11760	6	1	1	5	0	2	0	1	0	0	0	0
OG_11761	2	1	0	1	0	2	1	0	0	0	0	0
OG_11762	1	1	0	1	0	1	1	0	0	0	0	0
OG_11763	1	0	0	1	0	1	1	0	0	0	0	0
OG_11764	1	1	0	1	0	1	0	0	0	1	0	0
OG_11765	1	1	0	1	0	1	1	0	1	0	0	0
OG_11766	1	1	0	0	0	1	0	0	0	0	0	0
OG_11767	1	1	0	1	0	1	1	0	0	0	0	0
OG_11768	1	1	0	0	0	1	1	0	1	1	0	0
OG_11769	1	2	5	1	1	1	1	1	0	0	0	0
OG_11770	1	1	0	1	0	1	0	0	0	1	0	0
OG_11771	1	0	0	0	0	1	0	0	0	0	0	0
OG_11772	1	1	0	1	0	1	1	0	1	1	0	0
OG_11773	1	1	1	1	2	0	1	1	1	1	1	0
OG_11774	1	0	0	0	0	1	0	0	0	0	0	0
OG_11775	1	1	0	1	0	1	0	0	0	0	0	0
OG_11776	1	2	0	0	0	1	0	0	0	0	0	0
OG_11777	0	0	0	1	0	0	0	0	0	1	0	0
OG_11778	1	1	1	2	0	1	1	1	1	7	0	0
OG_11779	4	0	1	0	0	1	4	1	0	0	0	0
OG_11780	0	0	0	1	0	0	1	0	0	0	0	0
OG_11781	1	1	0	1	0	1	1	1	0	0	0	0
OG_11782	1	0	0	1	0	1	1	0	0	0	0	0
OG_11783	2	2	2	2	1	2	3	2	2	1	1	1
OG_11784	1	0	0	1	0	1	1	0	0	0	0	0
OG_11785	1	1	0	1	0	1	1	0	0	0	0	0
OG_11786	1	0	0	0	0	1	1	0	0	0	0	0
OG_11787	1	1	0	1	0	1	1	1	1	1	0	0
OG_11788	1	1	2	1	2	3	3	1	1	2	1	1
OG_11789	1	0	0	1	0	0	1	2	0	0	0	0
OG_11790	1	1	0	1	0	1	1	0	0	0	0	0
OG_11791	1	1	0	1	0	1	1	1	0	0	0	0
OG_11792	1	1	0	1	0	1	1	0	1	1	0	0
OG_11793	1	1	2	1	0	1	1	1	1	0	0	0
OG_11794	1	0	0	0	0	1	1	0	0	0	0	0
OG_11795	1	0	0	1	0	1	1	0	0	0	0	0
OG_11796	1	1	0	1	0	1	1	0	0	0	0	0
OG_11797	1	1	0	1	0	1	1	0	0	1	0	0
OG_11798	1	0	0	1	0	1	1	0	0	0	0	0
OG_11799	1	1	0	1	0	1	1	0	0	1	0	0
OG_11800	1	0	0	0	0	1	0	0	0	0	0	0
OG_11801	1	0	0	1	0	1	1	0	0	0	0	0
OG_11802	1	0	0	1	0	1	0	0	2	0	0	0
OG_11803	1	1	1	1	1	1	1	1	1	2	1	1
OG_11804	1	2	0	1	0	1	1	0	0	1	0	0
OG_11805	1	0	0	0	0	1	0	0	0	0	0	0
OG_11806	1	0	0	1	0	1	1	0	0	0	0	0
OG_11807	1	1	0	0	0	1	1	0	0	1	0	0
OG_11808	2	1	0	1	0	2	2	0	0	1	0	0
OG_11809	1	0	0	1	0	1	1	0	0	0	0	0
OG_11810	1	1	0	1	0	1	1	1	0	0	0	0
OG_11811	1	1	1	3	0	1	1	2	0	1	0	0
OG_11812	1	1	0	1	0	1	0	1	0	0	0	0
OG_11813	1	1	0	1	0	1	0	0	0	0	0	0
OG_11814	1	1	0	1	0	1	1	0	0	0	0	0
OG_11815	1	1	0	2	0	1	1	0	0	0	0	0
OG_11816	1	0	0	1	0	1	0	0	0	0	0	0
OG_11817	1	0	0	1	0	1	0	0	0	0	0	0
OG_11818	1	0	0	1	0	1	1	1	0	0	0	0
OG_11819	1	1	2	1	0	1	1	1	0	1	0	0
OG_11820	1	1	0	1	0	1	1	0	0	0	0	0
OG_11821	1	1	0	1	0	1	1	0	0	1	0	0
OG_11822	1	0	0	1	0	1	1	0	1	0	0	0
OG_11823	0	0	0	0	0	1	1	0	0	0	0	0
OG_11824	1	0	0	1	0	1	1	0	0	0	0	0
OG_11825	1	2	0	1	0	1	1	0	0	0	0	0
OG_11826	1	0	0	0	0	1	0	0	0	0	0	0
OG_11827	1	0	0	1	0	1	0	0	0	0	0	0
OG_11828	1	1	0	1	0	1	1	0	0	0	0	0
OG_11829	1	1	0	1	0	1	1	0	0	0	0	0
OG_11830	1	1	0	1	0	1	1	0	0	0	0	0
OG_11831	1	1	1	1	1	1	1	1	1	1	2	1
OG_11832	1	1	0	1	0	1	1	0	0	0	0	0
OG_11833	2	1	1	1	0	1	2	1	1	0	0	0
OG_11834	1	1	0	0	0	1	1	0	1	1	0	0
OG_11835	1	0	0	1	0	1	0	0	0	0	0	0
OG_11836	1	1	0	1	0	1	1	0	0	0	0	0
OG_11837	1	1	2	1	0	2	1	3	1	1	0	0
OG_11838	1	0	0	0	0	1	1	0	0	0	0	0
OG_11839	1	1	0	1	0	1	1	0	0	0	0	0
OG_11840	2	1	1	1	1	1	1	1	1	1	1	1
OG_11841	1	1	2	1	1	1	1	1	2	1	2	0
OG_11842	2	1	3	1	1	4	0	1	1	3	1	1
OG_11843	2	1	1	1	1	4	1	1	3	1	1	1
OG_11844	1	1	0	1	0	1	1	1	0	2	0	0
OG_11845	1	1	0	1	0	1	0	0	0	1	0	0
OG_11846	1	1	0	1	0	1	1	0	0	0	0	0
OG_11847	1	1	0	1	0	1	1	3	1	0	0	0
OG_11848	1	0	0	0	0	1	0	0	0	0	0	0
OG_11849	1	0	0	0	0	1	1	0	1	0	0	0
OG_11850	1	0	0	1	0	1	1	0	1	0	0	0
OG_11851	1	0	0	0	0	1	0	0	0	0	0	0
OG_11852	1	1	0	1	0	1	0	0	0	0	0	0
OG_11853	1	1	0	1	0	1	1	0	1	1	0	0
OG_11854	1	1	1	1	1	2	2	1	1	1	1	1
OG_11855	1	0	0	1	0	1	1	0	0	0	0	0
OG_11856	1	1	0	1	0	1	1	0	0	0	0	0
OG_11857	1	1	0	1	0	1	0	0	1	1	0	0
OG_11858	1	0	0	0	0	1	1	0	0	0	0	0
OG_11859	1	1	0	1	0	1	0	0	0	0	0	0
OG_11860	1	1	0	0	0	1	1	0	0	0	0	0
OG_11861	1	2	0	1	0	1	1	1	1	1	0	0
OG_11862	1	4	1	1	1	3	1	1	1	1	2	1
OG_11863	1	1	0	1	0	1	1	0	0	0	0	0
OG_11864	1	0	0	0	0	1	0	0	0	0	0	0
OG_11865	1	1	0	0	0	1	1	0	0	0	0	0
OG_11866	1	1	0	1	0	1	1	0	0	0	0	0
OG_11867	1	2	0	1	0	1	1	0	0	0	0	0
OG_11868	1	1	0	1	0	1	1	1	0	0	0	0
OG_11869	1	0	0	1	0	1	1	0	0	1	0	0
OG_11870	1	1	0	1	0	1	1	1	1	0	0	0
OG_11871	1	0	1	1	0	1	1	1	0	1	0	0
OG_11872	1	1	0	1	0	1	0	0	0	0	0	0
OG_11873	1	0	0	1	0	1	0	1	0	0	0	0
OG_11874	1	1	0	1	0	1	1	0	0	1	0	0
OG_11875	1	0	0	0	0	1	0	0	0	0	0	0
OG_11876	1	0	0	1	0	1	0	0	0	0	0	0
OG_11877	2	1	0	1	0	1	1	0	0	0	0	0
OG_11878	1	1	0	1	0	1	0	0	0	0	0	0
OG_11879	1	0	0	0	0	1	0	0	0	0	0	0
OG_11880	1	1	0	1	0	1	1	1	0	0	0	0
OG_11881	2	2	2	2	1	2	2	2	2	4	0	2
OG_11882	1	1	1	1	0	1	1	2	0	0	0	0
OG_11883	1	1	1	1	0	1	1	1	0	0	0	0
OG_11884	1	1	0	0	0	1	1	1	0	0	0	0
OG_11885	1	1	0	1	0	1	1	0	0	0	0	0
OG_11886	1	0	0	1	0	1	1	0	0	0	0	0
OG_11887	1	1	0	1	0	1	1	0	0	0	0	0
OG_11888	1	1	0	1	0	1	1	0	1	1	0	0
OG_11889	1	0	0	1	0	1	1	0	1	0	0	0
OG_11890	1	0	0	0	0	1	0	0	0	0	0	0
OG_11891	1	1	0	1	0	1	1	1	1	1	0	0
OG_11892	1	0	0	1	0	1	0	0	0	0	0	0
OG_11893	1	1	0	2	0	1	1	0	1	1	0	0
OG_11894	2	0	0	2	0	2	1	0	0	0	0	0
OG_11895	2	0	3	2	0	2	3	2	0	0	0	0
OG_11896	1	0	0	1	0	1	0	0	0	0	0	0
OG_11897	1	1	0	1	0	1	1	0	0	0	0	0
OG_11898	1	0	0	0	0	1	0	0	0	0	0	0
OG_11899	1	0	0	0	0	1	1	1	0	0	0	0
OG_11900	1	1	3	1	3	1	1	1	1	2	3	0
OG_11901	1	1	0	1	0	1	1	1	1	0	0	0
OG_11902	1	0	0	1	0	2	1	0	1	1	0	0
OG_11903	1	1	0	1	0	1	1	0	0	0	0	0
OG_11904	1	1	0	1	0	1	1	0	1	0	0	0
OG_11905	1	1	0	1	0	1	1	1	0	0	0	0
OG_11906	1	1	0	0	0	1	1	1	1	1	0	0
OG_11907	1	1	0	1	0	1	1	0	1	1	0	0
OG_11908	1	1	1	1	1	1	1	1	1	2	1	1
OG_11909	1	0	0	0	0	1	1	0	0	0	0	0
OG_11910	1	1	0	1	0	1	1	2	0	0	0	0
OG_11911	1	0	0	1	0	0	1	0	0	0	0	0
OG_11912	1	1	0	1	0	1	1	0	0	0	0	0
OG_11913	1	1	0	1	0	1	0	0	0	1	0	0
OG_11914	1	0	0	1	0	1	1	0	0	0	0	0
OG_11915	1	1	0	1	0	1	1	1	0	0	0	0
OG_11916	1	1	1	2	0	2	1	2	1	2	1	1
OG_11917	1	0	0	1	0	1	0	1	0	0	0	0
OG_11918	1	0	0	0	0	1	0	0	0	0	0	0
OG_11919	1	0	0	0	0	1	1	0	0	0	0	0
OG_11920	1	0	0	1	0	1	1	0	0	0	0	0
OG_11921	1	1	0	1	0	1	1	0	1	2	0	0
OG_11922	1	1	0	1	0	1	1	0	1	1	0	0
OG_11923	1	0	0	1	0	1	0	0	0	0	0	0
OG_11924	1	1	0	1	0	1	1	1	0	0	0	0
OG_11925	1	1	0	1	0	1	1	0	1	0	0	0
OG_11926	0	0	0	0	0	1	1	0	0	0	0	0
OG_11927	1	0	0	0	0	1	0	0	0	0	0	0
OG_11928	1	1	1	1	0	1	1	1	1	3	0	0
OG_11929	1	0	0	1	0	1	1	0	0	0	0	0
OG_11930	1	1	0	1	0	1	1	0	0	0	0	0
OG_11931	1	3	1	0	0	1	1	0	0	0	0	1
OG_11932	1	1	0	1	0	1	1	0	0	0	0	0
OG_11933	2	3	1	2	0	2	1	1	1	0	0	0
OG_11934	1	0	0	1	0	1	1	0	0	0	0	0
OG_11935	1	1	0	1	0	1	1	0	0	0	0	0
OG_11936	1	1	0	0	0	1	0	0	0	0	0	0
OG_11937	1	0	0	1	0	1	1	0	1	0	0	0
OG_11938	1	0	0	1	0	1	1	0	0	0	0	0
OG_11939	1	0	0	1	0	1	1	0	0	0	0	0
OG_11940	1	1	0	1	0	1	1	0	0	0	0	0
OG_11941	1	1	0	1	0	1	1	0	0	0	0	0
OG_11942	1	0	0	1	0	1	1	0	0	1	0	0
OG_11943	1	0	0	1	0	1	0	0	0	0	0	0
OG_11944	1	0	0	1	0	0	1	0	0	0	0	0
OG_11945	1	1	0	1	0	1	1	0	0	0	0	0
OG_11946	1	1	0	1	0	1	0	0	0	0	0	0
OG_11947	1	0	0	1	0	1	1	1	0	0	0	0
OG_11948	1	0	0	0	0	1	0	0	0	0	0	0
OG_11949	1	0	0	0	0	1	0	0	0	0	0	0
OG_11950	1	0	0	1	0	1	1	0	0	0	0	0
OG_11951	1	0	0	1	0	1	1	0	0	1	0	0
OG_11952	1	0	0	1	0	1	0	0	0	0	0	0
OG_11953	1	1	0	1	0	1	1	0	0	0	0	0
OG_11954	1	1	0	0	0	1	1	0	0	0	0	0
OG_11955	0	0	0	1	0	1	0	0	0	0	0	0
OG_11956	1	1	0	0	0	1	0	0	0	0	0	0
OG_11957	1	0	0	0	0	1	0	0	0	0	0	0
OG_11958	2	1	0	1	0	1	1	0	0	0	0	0
OG_11959	1	1	0	1	0	1	1	0	0	0	0	0
OG_11960	1	1	0	2	0	1	1	1	1	1	0	0
OG_11961	1	1	0	1	0	1	0	0	0	0	0	0
OG_11962	1	2	1	1	0	2	1	0	0	0	0	0
OG_11963	3	0	0	0	0	1	0	0	0	0	0	0
OG_11964	1	1	0	1	0	1	1	0	1	0	0	0
OG_11965	1	0	0	0	0	1	0	0	0	0	0	0
OG_11966	1	1	1	1	1	2	1	1	1	3	1	1
OG_11967	1	4	3	4	1	1	2	2	1	1	1	1
OG_11968	1	0	1	1	0	1	0	1	0	0	0	0
OG_11969	3	2	5	6	0	3	3	3	1	2	0	0
OG_11970	1	1	0	1	0	1	0	1	0	0	0	0
OG_11971	1	1	0	1	0	1	1	0	1	1	0	0
OG_11972	1	1	0	1	0	1	1	0	0	1	0	0
OG_11973	1	1	0	1	0	1	1	0	0	0	0	0
OG_11974	1	1	0	1	0	1	1	0	0	1	0	0
OG_11975	1	1	0	0	0	1	1	0	0	0	0	0
OG_11976	1	1	1	1	1	1	1	1	2	3	1	1
OG_11977	1	1	0	1	0	1	1	0	1	1	0	0
OG_11978	1	0	0	0	0	1	0	1	0	0	0	0
OG_11979	1	2	0	1	0	1	1	1	0	0	0	0
OG_11980	1	1	1	1	0	1	1	1	0	1	0	0
OG_11981	1	1	0	1	0	1	1	0	1	1	1	0
OG_11982	1	0	0	0	0	1	0	0	0	0	0	0
OG_11983	1	1	0	1	0	1	1	0	0	0	0	0
OG_11984	1	0	0	0	0	1	1	0	0	0	0	0
OG_11985	1	1	3	2	4	2	1	0	0	1	0	0
OG_11986	2	1	2	1	1	1	1	1	3	1	1	1
OG_11987	1	0	0	0	0	1	1	0	0	0	0	0
OG_11988	1	1	0	1	0	1	0	0	0	1	0	0
OG_11989	1	1	0	1	0	1	1	1	1	1	0	0
OG_11990	1	1	0	1	0	1	1	0	0	0	0	0
OG_11991	1	1	0	1	0	1	1	0	1	0	0	0
OG_11992	1	0	0	1	0	1	0	0	0	0	0	0
OG_11993	1	0	0	1	0	1	1	1	1	1	0	0
OG_11994	1	1	1	1	0	1	1	0	0	0	0	0
OG_11995	1	0	0	0	0	1	1	0	0	0	0	0
OG_11996	1	1	0	1	0	1	1	0	0	0	0	0
OG_11997	2	0	0	0	0	1	0	0	0	0	0	0
OG_11998	1	0	0	1	0	1	1	0	0	0	0	0
OG_11999	1	0	0	1	0	1	1	1	0	0	0	0
OG_12000	1	0	0	0	0	1	0	0	0	0	0	0
OG_12001	1	1	2	1	1	1	1	1	1	1	1	1
OG_12002	1	0	0	0	0	1	0	0	0	0	0	0
OG_12003	1	1	0	1	0	1	0	0	1	1	0	0
OG_12004	1	0	0	0	0	1	1	0	0	0	0	0
OG_12005	1	0	0	1	0	1	1	0	1	0	0	0
OG_12006	1	1	8	1	0	1	1	2	0	3	0	0
OG_12007	1	1	0	1	0	1	1	0	0	0	0	0
OG_12008	1	1	0	1	0	1	1	0	0	0	0	0
OG_12009	1	1	0	0	0	1	1	1	0	0	0	0
OG_12010	1	1	0	0	0	1	1	0	0	0	0	0
OG_12011	1	1	0	1	0	1	1	0	0	0	0	0
OG_12012	1	1	0	1	0	1	1	0	0	1	0	0
OG_12013	1	0	0	1	0	1	1	0	0	1	0	0
OG_12014	4	1	1	1	0	2	2	1	0	0	0	0
OG_12015	1	0	0	1	0	1	1	0	1	1	0	0
OG_12016	1	1	0	1	0	1	1	0	0	0	0	0
OG_12017	4	3	1	3	0	3	4	17	1	5	0	0
OG_12018	10	2	0	10	0	0	3	0	0	0	0	0
OG_12019	0	2	0	1	0	0	0	0	0	0	0	0
OG_12020	1	0	0	0	0	1	1	1	0	0	0	0
OG_12021	1	1	0	1	0	1	1	0	0	1	0	0
OG_12022	2	1	0	2	0	3	2	1	1	0	0	0
OG_12023	1	1	0	1	0	1	1	0	0	1	0	0
OG_12024	1	0	0	1	0	1	1	1	0	0	0	0
OG_12025	1	1	0	1	0	1	1	0	0	0	0	0
OG_12026	2	1	0	0	0	1	1	0	0	0	0	0
OG_12027	1	1	0	3	0	1	1	0	0	0	0	0
OG_12028	1	2	0	1	0	1	1	0	1	0	0	0
OG_12029	1	1	0	1	0	1	1	1	1	0	0	0
OG_12030	1	1	0	1	0	1	1	0	0	0	0	0
OG_12031	1	1	0	1	0	1	0	0	1	1	0	0
OG_12032	1	1	0	1	0	1	1	0	1	1	0	0
OG_12033	1	1	0	1	0	1	1	1	0	0	0	0
OG_12034	1	0	0	0	0	1	1	0	0	0	0	0
OG_12035	2	1	1	1	0	2	2	3	2	6	0	0
OG_12036	1	1	1	0	0	0	0	1	0	0	0	0
OG_12037	1	0	0	1	0	1	1	2	2	1	0	0
OG_12038	19	16	13	11	1	16	14	16	13	18	1	0
OG_12039	1	2	1	1	0	2	1	1	1	2	0	1
OG_12040	1	1	0	1	0	1	1	0	0	0	0	0
OG_12041	1	1	1	1	0	2	1	0	0	1	0	0
OG_12042	1	1	1	1	1	2	2	2	1	1	1	1
OG_12043	1	0	0	0	0	1	0	1	0	0	0	0
OG_12044	1	0	0	0	0	1	0	0	0	0	0	0
OG_12045	1	0	0	0	0	1	0	0	0	0	0	0
OG_12046	1	1	0	1	0	1	1	0	0	0	0	0
OG_12047	1	1	0	1	0	1	1	0	0	0	0	0
OG_12048	2	1	0	0	0	1	2	0	0	0	0	0
OG_12049	0	2	0	1	0	1	0	0	0	0	0	0
OG_12050	1	0	0	1	0	1	1	0	1	0	0	0
OG_12051	2	0	2	0	0	1	2	1	0	0	0	0
OG_12052	1	1	1	1	3	1	1	1	1	1	1	0
OG_12053	1	0	0	2	0	2	2	0	0	0	0	0
OG_12054	1	1	0	0	0	1	1	0	0	0	0	0
OG_12055	2	3	6	2	0	3	3	6	1	3	0	1
OG_12056	1	0	0	0	0	1	0	0	0	0	0	0
OG_12057	1	1	0	1	0	1	1	0	0	1	0	0
OG_12058	1	0	0	1	0	1	1	1	0	0	0	0
OG_12059	1	1	0	1	0	1	1	0	0	0	0	0
OG_12060	1	1	0	1	0	1	0	1	0	1	0	0
OG_12061	1	1	0	1	0	1	1	2	0	0	0	0
OG_12062	1	0	0	0	0	1	0	0	0	0	0	0
OG_12063	1	0	1	1	0	1	1	1	0	0	0	0
OG_12064	1	1	0	0	0	1	0	0	0	0	0	0
OG_12065	1	2	1	1	0	1	1	1	1	1	0	0
OG_12066	1	0	1	1	0	1	0	3	0	0	0	0
OG_12067	0	0	0	1	0	2	0	0	0	0	0	0
OG_12068	0	1	0	1	0	1	1	0	1	0	0	0
OG_12069	1	1	1	2	0	1	1	0	0	1	0	0
OG_12070	0	1	0	1	0	1	1	0	0	0	0	0
OG_12071	0	1	1	1	3	2	2	3	1	1	1	1
OG_12072	0	1	0	1	0	1	0	0	0	0	0	0
OG_12073	0	1	0	0	0	1	1	0	0	0	0	0
OG_12074	0	1	0	0	0	1	0	0	0	0	0	0
OG_12075	0	1	0	1	0	1	0	0	0	0	0	0
OG_12076	0	1	0	1	0	1	0	0	0	0	0	0
OG_12077	0	1	0	1	0	1	0	0	0	0	0	0
OG_12078	0	1	0	1	0	1	0	0	0	0	0	0
OG_12079	0	1	0	0	0	1	1	0	0	0	0	0
OG_12080	0	1	0	0	0	1	0	0	0	0	0	0
OG_12081	0	1	0	0	0	1	1	0	0	0	0	0
OG_12082	0	1	0	0	0	1	1	0	0	0	0	0
OG_12083	0	1	0	0	0	1	0	0	0	0	0	0
OG_12084	0	1	0	1	0	1	0	0	0	0	0	0
OG_12085	2	1	4	3	2	3	2	4	8	16	4	2
OG_12086	0	1	0	1	0	1	1	0	0	1	0	0
OG_12087	0	2	0	0	0	1	0	0	0	0	0	0
OG_12088	0	1	1	1	0	1	1	1	0	0	0	0
OG_12089	0	1	0	0	0	1	1	0	0	0	0	0
OG_12090	0	0	0	1	0	1	0	0	0	0	0	0
OG_12091	3	0	2	0	0	2	3	4	0	0	0	0
OG_12092	1	1	3	1	1	1	1	3	8	1	1	1
OG_12093	0	0	1	0	0	2	0	0	0	0	0	0
OG_12094	0	0	2	0	0	4	0	0	0	0	0	0
OG_12095	1	1	2	1	3	1	1	1	1	1	1	1
OG_12096	0	0	2	0	0	1	0	2	0	0	0	0
OG_12097	3	1	2	1	0	3	4	1	0	0	0	0
OG_12098	0	0	0	1	0	1	0	0	0	0	0	0
OG_12099	1	1	0	1	0	1	1	1	0	0	0	0
OG_12100	0	0	0	1	0	1	0	0	0	0	0	0
OG_12101	0	0	0	1	0	1	0	0	0	0	0	0
OG_12102	0	0	0	1	0	1	0	0	0	0	0	0
OG_12103	0	1	0	1	0	1	1	1	0	0	0	0
OG_12104	0	0	0	1	0	1	1	0	0	0	0	0
OG_12105	0	0	0	1	0	1	0	0	0	0	0	0
OG_12106	0	0	0	1	0	1	0	0	0	0	0	0
OG_12107	1	1	0	6	0	0	0	0	0	0	0	0
OG_12108	0	0	0	1	0	1	0	0	0	0	0	0
OG_12109	0	0	0	1	0	1	0	0	0	0	0	0
OG_12110	0	0	0	1	0	1	0	0	0	0	0	0
OG_12111	0	0	0	1	0	1	0	0	0	0	0	0
OG_12112	0	0	0	1	0	1	1	0	0	0	0	0
OG_12113	0	0	0	1	0	1	0	0	0	0	0	0
OG_12114	0	0	0	1	0	1	0	0	0	0	0	0
OG_12115	0	0	0	1	0	1	0	0	0	0	0	0
OG_12116	0	0	0	1	0	1	0	0	0	0	0	0
OG_12117	0	0	0	1	0	1	0	0	0	0	0	0
OG_12118	0	0	0	1	0	1	1	0	0	0	0	0
OG_12119	0	0	0	1	0	1	0	0	0	0	0	0
OG_12120	0	0	0	16	0	2	0	0	0	0	0	0
OG_12121	0	6	0	1	0	1	1	1	0	0	0	0
OG_12122	1	0	0	0	0	7	0	0	0	0	0	0
OG_12123	2	0	1	1	0	2	1	1	0	0	0	0
OG_12124	0	0	0	0	0	1	0	1	0	0	0	0
OG_12125	0	0	0	0	0	1	1	0	0	0	0	0
OG_12126	0	0	0	5	0	4	0	0	0	0	0	0
OG_12127	1	2	1	2	0	2	2	2	1	0	0	0
OG_12128	8	0	0	2	0	3	1	0	0	0	0	0
OG_12129	4	0	0	4	0	3	2	0	0	0	0	0
OG_12130	0	0	0	0	0	1	0	1	0	0	0	0
OG_12131	0	0	0	0	0	1	0	1	0	0	0	0
OG_12132	0	0	0	0	0	1	1	0	0	0	0	0
OG_12133	4	0	0	5	0	5	2	0	0	0	0	0
OG_12134	1	0	0	2	0	0	0	0	0	0	0	0
OG_12135	1	1	0	1	1	2	1	1	2	1	0	2
OG_12136	0	0	0	0	0	1	0	1	0	0	0	0
OG_12137	1	0	0	0	0	1	1	0	0	0	0	0
OG_12138	2	0	0	0	0	2	0	0	0	0	0	0
OG_12139	0	0	0	0	0	1	1	0	0	0	0	0
OG_12140	0	0	0	0	0	1	0	1	0	0	0	0
OG_12141	0	0	0	0	0	1	0	1	0	0	0	0
OG_12142	0	0	0	0	0	1	1	0	0	0	0	0
OG_12143	0	0	0	0	0	1	0	1	0	0	0	0
OG_12144	0	0	0	1	0	9	0	0	0	0	0	0
OG_12145	0	0	0	1	0	1	1	0	0	0	0	0
OG_12146	0	0	0	0	0	1	1	0	0	0	0	0
OG_12147	0	0	0	0	0	1	1	0	0	0	0	0
OG_12148	0	0	0	0	0	1	0	1	0	0	0	0
OG_12149	0	0	0	0	0	1	0	2	0	0	0	0
OG_12150	0	0	0	0	0	1	0	1	0	0	0	0
OG_12151	0	0	0	0	0	1	0	2	0	0	0	0
OG_12152	0	0	0	0	0	1	0	1	0	0	0	0
OG_12153	0	0	0	0	0	1	0	1	0	0	0	0
OG_12154	0	0	0	1	0	3	0	0	0	0	0	0
OG_12155	0	0	0	0	0	1	0	1	0	0	0	0
OG_12156	4	1	0	1	0	1	2	0	0	0	0	0
OG_12157	0	0	0	0	0	1	0	1	0	0	0	0
OG_12158	4	0	0	0	0	1	0	0	0	0	0	0
OG_12159	0	0	0	0	0	1	0	1	0	0	0	0
OG_12160	1	1	0	1	0	5	1	0	1	4	0	0
OG_12161	0	0	0	0	0	1	0	1	0	0	0	0
OG_12162	0	0	0	0	0	1	0	1	0	0	0	0
OG_12163	0	0	1	0	0	2	0	0	0	0	0	0
OG_12164	1	1	0	2	0	5	1	0	0	0	0	0
OG_12165	3	1	0	2	0	4	3	0	0	0	0	0
OG_12166	0	1	0	5	0	1	1	0	0	0	0	0
OG_12167	2	0	0	0	0	1	4	0	0	0	0	0
OG_12168	1	1	0	1	0	1	0	0	0	0	0	0
OG_12169	1	4	2	2	0	2	3	1	1	2	0	1
OG_12170	0	0	0	0	0	1	0	1	0	0	0	0
OG_12171	0	0	0	0	0	1	1	0	0	0	0	0
OG_12172	0	0	0	0	0	1	1	0	0	0	0	0
OG_12173	0	0	0	0	0	1	0	2	0	0	0	0
OG_12174	0	0	0	0	0	1	0	1	0	0	0	0
OG_12175	0	0	0	0	0	1	1	0	0	0	0	0
OG_12176	0	0	0	0	0	1	1	0	0	0	0	0
OG_12177	0	0	0	0	0	1	0	0	0	1	0	0
OG_12178	0	0	0	0	0	1	0	1	0	0	0	0
OG_12179	0	0	0	0	0	1	0	1	0	0	0	0
OG_12180	0	0	0	0	0	1	0	1	0	0	0	0
OG_12181	1	0	0	0	0	2	0	0	0	0	0	0
OG_12182	0	0	0	0	0	1	0	1	0	0	0	0
OG_12183	1	1	1	1	1	1	1	3	2	1	1	4
OG_12184	0	0	0	0	0	1	1	0	0	0	0	0
OG_12185	0	0	0	0	0	1	1	0	0	0	0	0
OG_12186	2	1	2	1	1	1	1	1	1	1	1	2
OG_12187	1	2	0	0	0	0	1	0	0	0	0	0
OG_12188	0	2	0	0	0	0	1	0	0	0	0	0
OG_12189	1	1	5	2	0	2	1	2	0	0	0	0
OG_12190	1	1	0	1	0	0	1	1	0	0	0	0
OG_12191	1	2	1	1	0	1	2	1	1	1	0	1
OG_12192	1	0	0	1	0	1	0	0	0	9	0	1
OG_12193	1	2	1	1	5	1	1	1	6	4	4	1
OG_12194	1	1	0	0	0	0	0	0	0	0	0	0
OG_12195	0	1	0	1	0	1	1	0	0	0	0	0
OG_12196	2	1	0	1	0	1	1	1	0	0	0	1
OG_12197	1	2	1	1	0	1	1	1	1	2	0	1
OG_12198	1	1	0	2	0	1	1	0	0	0	0	0
OG_12199	1	2	1	1	2	1	1	1	1	0	1	1
OG_12200	1	2	2	1	1	2	1	1	1	4	2	1
OG_12201	2	3	1	1	2	1	1	1	2	2	2	1
OG_12202	1	1	0	0	0	0	1	0	0	0	0	0
OG_12203	0	3	0	1	0	0	0	0	1	1	0	2
OG_12204	1	2	1	1	0	1	1	3	2	1	0	0
OG_12205	2	1	0	2	0	2	1	1	0	1	0	0
OG_12206	1	1	1	1	0	1	1	1	1	1	0	0
OG_12207	1	2	1	2	0	2	1	1	1	1	0	1
OG_12208	1	1	1	1	1	1	1	1	1	1	1	1
OG_12209	1	2	1	1	2	1	1	1	1	2	1	1
OG_12210	1	2	1	1	1	1	2	1	2	2	1	1
OG_12211	1	1	1	1	1	1	1	1	1	2	1	1
OG_12212	1	1	3	1	1	1	1	2	1	1	3	1
OG_12213	0	1	0	1	0	0	1	0	1	0	0	0
OG_12214	1	1	0	1	0	1	1	1	0	0	0	0
OG_12215	1	1	0	0	0	0	0	0	0	0	0	0
OG_12216	1	2	2	2	0	1	1	3	1	1	0	0
OG_12217	5	0	0	1	0	2	1	0	0	0	0	0
OG_12218	0	1	0	1	0	1	1	2	0	0	0	0
OG_12219	2	1	0	1	0	1	1	0	0	1	0	0
OG_12220	2	1	0	1	0	0	1	0	1	1	0	0
OG_12221	1	2	0	2	0	3	0	0	3	0	0	0
OG_12222	1	1	0	1	0	1	1	0	0	0	0	0
OG_12223	2	0	0	1	0	1	1	0	1	1	0	0
OG_12224	0	1	0	0	0	0	1	0	1	1	0	0
OG_12225	1	3	1	1	0	1	1	1	1	0	0	0
OG_12226	1	1	1	0	0	2	0	0	0	0	0	0
OG_12227	1	1	0	0	0	0	1	0	0	0	0	0
OG_12228	1	1	0	1	1	1	1	1	1	1	2	0
OG_12229	1	7	1	1	1	1	1	1	1	1	1	0
OG_12230	1	1	1	1	0	1	1	2	0	0	0	0
OG_12231	1	3	1	1	1	1	1	1	2	1	1	0
OG_12232	1	2	1	1	1	1	1	1	1	1	1	1
OG_12233	1	1	2	1	0	1	1	1	1	1	0	0
OG_12234	1	2	1	1	0	1	1	1	1	2	0	0
OG_12235	1	2	4	2	1	1	1	1	1	2	1	2
OG_12236	0	0	0	0	0	0	0	0	2	2	0	0
OG_12237	1	1	3	2	1	1	1	2	1	1	1	1
OG_12238	2	2	2	1	0	1	1	1	1	1	0	0
OG_12239	0	0	0	0	2	0	0	0	0	0	1	0
OG_12240	2	2	3	1	1	1	1	3	1	5	1	1
OG_12241	1	1	1	1	0	1	2	1	1	2	0	1
OG_12242	1	2	1	1	0	1	1	1	1	1	0	0
OG_12243	1	2	1	1	1	1	1	2	1	1	1	1
OG_12244	1	1	3	1	3	1	1	5	1	1	0	1
OG_12245	1	2	1	2	0	1	1	1	0	0	0	0
OG_12246	0	1	1	1	0	0	1	1	0	1	0	0
OG_12247	1	2	1	1	1	1	1	1	2	0	1	1
OG_12248	1	0	2	1	2	1	1	3	2	3	2	1
OG_12249	1	2	3	1	0	1	1	1	1	0	0	0
OG_12250	1	1	4	2	0	2	1	2	1	1	0	0
OG_12251	1	1	0	1	0	0	1	0	0	0	0	0
OG_12252	7	2	1	3	6	5	1	5	1	2	4	4
OG_12253	1	1	0	0	0	0	0	0	0	0	0	0
OG_12254	1	1	1	1	0	1	1	2	0	1	0	0
OG_12255	1	1	1	1	1	1	1	1	1	1	1	1
OG_12256	1	1	1	1	2	1	1	1	1	1	1	1
OG_12257	1	1	1	1	2	1	1	1	1	2	1	1
OG_12258	1	1	1	1	1	1	1	1	1	1	1	1
OG_12259	1	1	1	1	2	1	1	1	1	3	1	0
OG_12260	1	1	1	1	0	1	1	1	1	3	0	1
OG_12261	2	1	0	1	0	0	1	0	0	0	0	0
OG_12262	1	1	0	1	0	1	1	0	0	0	0	0
OG_12263	1	2	1	1	2	1	1	1	1	1	1	1
OG_12264	1	2	1	1	0	1	1	2	2	1	0	0
OG_12265	1	1	1	1	1	1	1	1	1	0	1	0
OG_12266	1	2	1	1	1	1	1	1	1	1	1	1
OG_12267	1	1	0	0	0	0	0	0	0	0	0	0
OG_12268	1	2	1	1	1	1	4	3	2	4	1	1
OG_12269	1	2	1	2	2	1	1	1	0	7	0	1
OG_12270	1	4	2	2	0	2	0	1	0	0	5	1
OG_12271	1	1	2	1	0	1	1	1	1	2	0	2
OG_12272	1	1	1	1	1	1	1	1	1	2	1	1
OG_12273	1	2	1	1	1	1	1	1	1	1	1	1
OG_12274	1	1	0	0	0	0	1	0	0	0	0	0
OG_12275	1	1	0	1	0	0	1	0	0	0	0	0
OG_12276	1	2	1	2	0	1	1	1	1	1	0	2
OG_12277	1	1	1	1	0	1	1	2	0	0	0	0
OG_12278	1	2	1	3	1	1	2	1	4	3	2	3
OG_12279	1	0	1	1	0	1	1	1	2	4	0	0
OG_12280	3	2	1	1	2	1	1	3	1	2	1	1
OG_12281	1	1	0	1	0	1	0	0	0	0	0	0
OG_12282	1	2	2	1	0	1	1	1	3	3	0	1
OG_12283	0	0	0	0	1	0	0	0	0	0	2	0
OG_12284	1	1	0	0	0	0	0	0	0	0	0	0
OG_12285	1	0	0	0	0	3	0	0	0	0	0	0
OG_12286	1	1	3	1	0	1	1	2	1	2	0	0
OG_12287	1	1	1	1	0	1	1	1	1	1	0	0
OG_12288	1	4	2	2	1	1	1	1	2	2	0	1
OG_12289	0	1	1	0	0	1	2	1	1	1	1	1
OG_12290	1	1	0	1	0	0	1	0	0	0	0	0
OG_12291	1	2	4	1	0	1	1	3	1	1	0	0
OG_12292	1	1	0	0	0	0	0	0	0	0	0	0
OG_12293	1	1	0	1	0	0	0	0	0	0	0	0
OG_12294	1	2	1	1	2	2	2	2	1	1	0	1
OG_12295	1	1	0	0	0	0	0	0	0	0	0	0
OG_12296	1	1	1	1	0	1	2	1	2	1	0	0
OG_12297	2	1	2	2	2	4	6	4	1	3	1	2
OG_12298	0	1	1	1	0	1	1	1	1	1	0	0
OG_12299	0	1	0	0	0	0	1	0	1	1	0	0
OG_12300	1	1	3	1	2	1	1	1	1	1	1	1
OG_12301	0	1	0	0	0	0	0	0	1	0	0	0
OG_12302	1	2	1	1	1	1	2	2	1	3	1	1
OG_12303	1	2	1	1	1	1	1	1	1	1	1	1
OG_12304	1	2	1	1	1	1	1	1	1	3	1	1
OG_12305	1	2	1	1	1	1	1	1	1	2	1	1
OG_12306	2	1	2	1	1	1	2	1	1	1	1	1
OG_12307	1	1	2	2	2	1	2	1	2	1	1	0
OG_12308	1	1	0	0	0	0	1	0	0	0	0	0
OG_12309	0	1	0	0	0	0	0	0	1	0	0	1
OG_12310	1	1	2	1	0	1	1	2	1	1	0	1
OG_12311	1	4	4	2	4	2	3	5	4	2	5	1
OG_12312	1	1	1	1	1	1	3	2	3	1	2	1
OG_12313	2	1	0	1	0	0	0	1	0	0	0	0
OG_12314	1	0	0	1	0	1	1	2	0	0	0	0
OG_12315	2	2	0	1	0	2	0	0	0	1	0	1
OG_12316	1	1	1	1	0	1	1	1	0	0	0	0
OG_12317	1	1	2	1	1	1	1	1	2	1	1	1
OG_12318	1	2	2	1	2	1	1	1	2	1	0	1
OG_12319	0	1	1	1	1	1	1	1	1	1	1	1
OG_12320	2	2	2	1	2	1	1	2	1	1	1	0
OG_12321	1	1	0	0	0	0	0	0	0	0	0	0
OG_12322	1	3	4	1	1	1	1	1	1	1	1	1
OG_12323	0	1	0	0	0	0	1	0	0	0	0	0
OG_12324	2	1	1	1	0	1	1	1	1	1	0	0
OG_12325	1	1	0	1	0	0	0	0	0	0	0	0
OG_12326	1	1	1	2	1	1	1	0	1	1	1	1
OG_12327	1	2	4	2	2	1	2	4	1	2	1	1
OG_12328	1	2	2	1	1	1	1	1	3	1	2	3
OG_12329	3	2	1	1	1	1	1	2	1	1	1	1
OG_12330	1	1	2	1	0	1	1	1	0	0	0	0
OG_12331	1	1	4	1	1	2	2	1	1	5	1	1
OG_12332	0	1	0	0	0	0	0	3	0	0	0	0
OG_12333	1	1	2	1	1	1	0	1	2	1	1	1
OG_12334	1	2	2	1	3	1	2	4	1	2	1	1
OG_12335	1	1	1	1	0	1	1	1	1	1	0	0
OG_12336	1	1	1	2	0	1	1	1	2	1	0	0
OG_12337	1	1	2	2	1	1	1	1	1	1	1	1
OG_12338	0	0	0	0	3	0	0	0	0	0	1	0
OG_12339	1	2	1	1	0	1	1	1	1	2	0	1
OG_12340	1	1	1	1	0	1	1	2	1	2	0	1
OG_12341	1	1	0	1	0	1	1	1	0	0	0	1
OG_12342	1	2	1	1	1	1	1	1	2	1	1	1
OG_12343	1	1	0	1	0	0	1	0	0	0	0	0
OG_12344	1	0	1	1	0	1	1	1	1	1	0	0
OG_12345	1	1	1	1	0	1	1	1	0	2	0	0
OG_12346	1	1	1	2	2	1	1	1	1	2	2	0
OG_12347	1	1	0	1	0	0	1	0	0	0	0	0
OG_12348	1	1	0	0	0	0	0	0	0	0	0	0
OG_12349	1	1	1	1	0	1	1	1	1	2	0	0
OG_12350	1	1	0	1	0	0	0	0	0	0	0	0
OG_12351	1	1	2	1	1	1	1	1	1	2	1	2
OG_12352	2	2	1	3	1	2	2	1	3	1	1	1
OG_12353	1	2	3	1	2	1	1	1	1	1	0	0
OG_12354	2	2	4	1	1	1	2	2	1	3	4	1
OG_12355	1	2	1	1	2	1	4	1	1	1	1	1
OG_12356	2	3	0	1	0	1	2	0	0	0	0	0
OG_12357	1	1	1	1	0	2	1	1	1	0	0	0
OG_12358	1	1	0	1	0	1	1	0	0	0	0	0
OG_12359	1	0	1	1	1	1	1	1	1	1	1	1
OG_12360	1	0	0	0	0	1	1	0	0	0	0	0
OG_12361	0	1	2	1	2	1	1	4	2	3	1	1
OG_12362	1	1	9	1	6	1	2	9	1	8	2	2
OG_12363	1	1	1	1	2	1	1	1	1	3	0	1
OG_12364	1	1	1	1	0	1	1	2	1	3	0	0
OG_12365	1	1	1	2	1	1	1	1	1	1	2	1
OG_12366	2	4	2	2	1	2	3	3	3	3	2	1
OG_12367	2	0	0	0	0	1	1	0	0	0	0	0
OG_12368	3	20	1	1	0	1	5	1	0	0	0	0
OG_12369	0	2	0	1	0	0	0	0	0	0	0	0
OG_12370	0	3	0	1	0	0	0	0	0	0	0	0
OG_12371	0	2	0	1	0	0	0	0	0	0	0	0
OG_12372	0	2	0	1	0	0	0	0	0	0	0	0
OG_12373	0	2	0	1	0	0	0	0	0	0	0	0
OG_12374	1	2	3	1	0	1	2	1	1	0	0	0
OG_12375	0	1	0	1	0	0	0	0	0	0	0	0
OG_12376	1	2	0	0	0	0	0	0	0	0	0	0
OG_12377	1	1	0	1	0	0	0	0	0	0	0	0
OG_12378	1	6	0	0	0	0	0	0	0	0	0	0
OG_12379	1	2	2	1	0	1	1	1	1	5	0	1
OG_12380	1	12	3	1	3	1	2	3	1	1	4	0
OG_12381	2	0	0	0	0	0	1	0	0	0	0	0
OG_12382	0	1	0	1	0	0	0	0	0	0	0	0
OG_12383	0	1	0	1	0	0	0	0	0	0	0	0
OG_12384	1	4	1	1	0	1	1	2	1	0	0	0
OG_12385	2	0	0	0	0	1	0	0	2	2	0	0
OG_12386	2	0	0	1	0	1	1	0	0	0	0	0
OG_12387	0	2	1	1	0	1	1	1	1	1	0	0
OG_12388	0	6	0	1	0	0	0	0	0	0	0	0
OG_12389	1	12	0	0	0	0	0	0	0	0	0	0
OG_12390	0	1	0	1	0	0	1	0	0	0	0	0
OG_12391	1	2	0	0	0	0	0	0	0	0	0	0
OG_12392	0	1	0	1	0	0	0	0	0	0	0	0
OG_12393	2	0	0	0	0	3	2	0	0	0	0	0
OG_12394	0	1	0	0	0	0	1	0	0	0	0	0
OG_12395	0	2	0	1	0	1	1	0	0	0	0	0
OG_12396	0	1	1	1	1	1	1	1	1	3	1	1
OG_12397	0	1	0	0	0	0	1	0	0	0	0	0
OG_12398	0	12	0	2	0	0	1	0	0	0	0	0
OG_12399	0	1	0	1	0	0	0	0	0	0	0	0
OG_12400	0	1	0	0	0	0	1	0	0	0	0	0
OG_12401	0	6	0	0	0	0	0	0	0	0	0	2
OG_12402	0	1	0	1	0	0	0	0	0	0	0	0
OG_12403	0	3	0	1	0	0	0	0	0	0	0	0
OG_12404	0	6	0	2	0	0	0	0	0	0	0	0
OG_12405	0	1	0	1	0	0	0	0	0	0	0	0
OG_12406	0	5	0	0	0	0	1	0	0	0	0	0
OG_12407	0	6	0	1	0	0	0	0	0	0	0	0
OG_12408	0	1	0	1	0	0	0	0	0	0	0	0
OG_12409	1	2	1	1	7	1	1	6	2	4	2	4
OG_12410	3	2	4	2	2	1	3	2	1	1	1	1
OG_12411	0	1	0	1	0	0	0	0	0	0	0	0
OG_12412	0	1	0	2	0	0	0	0	0	0	0	0
OG_12413	0	1	0	2	0	0	0	0	0	0	0	0
OG_12414	1	1	1	1	1	2	1	1	1	3	1	1
OG_12415	1	7	1	2	1	2	1	1	1	2	0	3
OG_12416	1	2	0	0	0	0	0	0	0	0	0	0
OG_12417	1	1	0	0	0	2	2	0	0	0	0	0
OG_12418	0	2	0	1	0	0	0	0	0	0	0	0
OG_12419	0	2	1	1	1	1	1	1	1	1	1	1
OG_12420	0	1	0	0	0	0	1	0	0	0	0	0
OG_12421	0	1	0	1	0	0	0	0	0	0	0	0
OG_12422	0	1	0	1	0	0	0	0	0	0	0	0
OG_12423	0	1	0	0	0	0	0	0	1	0	0	0
OG_12424	1	2	4	1	1	1	1	2	3	4	1	2
OG_12425	5	2	3	2	0	1	2	3	0	0	0	0
OG_12426	0	2	0	1	0	0	0	0	0	0	0	0
OG_12427	0	1	0	1	0	0	1	0	1	1	0	0
OG_12428	0	1	0	0	0	0	1	0	0	0	0	0
OG_12429	0	11	0	1	0	0	0	0	0	0	0	0
OG_12430	0	1	0	0	0	0	1	0	0	0	0	0
OG_12431	0	4	0	0	0	0	1	0	0	0	0	0
OG_12432	0	1	0	1	0	0	0	0	0	0	0	0
OG_12433	2	12	4	4	0	14	3	3	11	0	0	0
OG_12434	1	0	3	0	0	5	0	1	0	0	0	0
OG_12435	3	1	2	6	0	5	0	1	2	0	0	0
OG_12436	2	1	0	0	0	0	1	0	0	0	0	0
OG_12437	0	1	0	1	0	0	0	0	0	0	0	0
OG_12438	4	0	0	1	0	1	1	0	0	0	0	0
OG_12439	0	0	1	1	0	0	0	2	0	0	0	0
OG_12440	0	1	0	0	0	0	0	0	0	1	0	0
OG_12441	0	1	0	0	0	0	1	0	0	0	0	0
OG_12442	0	1	0	1	0	0	0	0	0	0	0	0
OG_12443	0	1	0	1	0	0	0	0	0	0	0	0
OG_12444	0	1	0	0	0	0	1	0	0	0	0	0
OG_12445	1	1	1	1	1	1	1	1	3	1	0	1
OG_12446	1	3	3	5	1	2	4	1	1	2	2	10
OG_12447	0	1	0	1	0	0	0	0	0	0	0	0
OG_12448	0	1	0	1	0	0	0	0	0	0	0	0
OG_12449	0	8	0	1	0	0	1	0	0	0	0	0
OG_12450	0	1	0	0	0	0	0	0	0	0	1	0
OG_12451	0	1	0	2	0	0	0	0	0	0	0	0
OG_12452	0	7	0	3	0	0	0	0	0	0	0	0
OG_12453	1	0	1	0	0	4	0	0	0	0	0	0
OG_12454	5	0	0	2	0	1	2	0	0	0	0	0
OG_12455	1	1	1	1	1	1	0	1	1	1	1	0
OG_12456	0	1	1	1	0	1	0	1	0	0	0	0
OG_12457	0	1	0	1	0	0	0	0	0	0	0	0
OG_12458	0	1	0	0	0	0	1	0	0	0	0	0
OG_12459	0	1	1	0	0	0	0	0	0	0	0	0
OG_12460	0	1	0	0	0	0	0	0	0	1	0	0
OG_12461	0	7	0	1	0	0	0	0	0	0	0	0
OG_12462	0	1	0	1	0	0	0	0	0	0	0	0
OG_12463	7	0	0	1	0	1	2	0	0	2	0	0
OG_12464	0	1	0	5	0	0	0	0	0	0	0	0
OG_12465	1	1	1	1	1	1	1	1	1	1	1	1
OG_12466	1	0	0	1	0	1	0	0	0	0	0	0
OG_12467	1	1	1	2	2	1	1	2	1	1	1	0
OG_12468	1	0	0	1	0	0	1	0	0	0	0	0
OG_12469	1	0	1	2	0	1	1	1	0	0	0	0
OG_12470	1	1	1	2	1	1	1	1	1	3	1	1
OG_12471	1	0	0	1	0	0	0	0	0	0	0	0
OG_12472	1	0	0	1	0	0	4	0	0	1	0	0
OG_12473	1	1	1	2	0	1	1	2	1	2	0	0
OG_12474	1	1	1	2	5	1	1	2	2	1	1	2
OG_12475	1	1	1	2	1	1	2	1	1	1	1	2
OG_12476	1	1	1	1	0	1	1	1	0	0	0	0
OG_12477	1	0	0	1	0	0	0	0	0	0	0	0
OG_12478	1	0	0	1	0	0	0	0	0	0	0	0
OG_12479	1	1	2	2	0	1	1	1	1	1	0	0
OG_12480	1	1	0	2	0	1	1	2	1	4	0	0
OG_12481	1	0	0	1	0	0	1	0	0	0	0	0
OG_12482	1	0	0	1	0	0	0	0	0	0	0	0
OG_12483	1	1	1	3	1	1	2	1	1	1	0	1
OG_12484	1	0	0	1	0	0	1	0	0	1	0	0
OG_12485	1	1	5	2	1	1	1	3	1	1	1	0
OG_12486	1	1	3	1	0	1	1	5	1	1	0	0
OG_12487	0	1	6	1	1	1	3	1	2	2	1	0
OG_12488	1	1	1	2	1	1	1	1	1	1	1	4
OG_12489	1	0	0	1	0	0	0	0	0	0	0	0
OG_12490	1	3	1	1	1	1	2	1	1	1	1	1
OG_12491	1	1	3	1	3	1	1	4	2	5	1	2
OG_12492	1	0	0	1	0	0	1	0	0	0	0	0
OG_12493	1	1	1	2	1	1	1	1	1	3	1	1
OG_12494	1	0	0	1	0	0	0	0	0	0	0	0
OG_12495	1	0	1	1	0	1	1	1	0	0	0	0
OG_12496	1	2	2	1	2	1	1	1	3	1	1	1
OG_12497	1	1	2	2	1	1	2	1	2	2	0	0
OG_12498	2	1	1	2	0	1	1	1	0	0	0	0
OG_12499	1	1	2	4	0	0	1	1	1	3	0	0
OG_12500	3	0	0	1	0	2	2	0	0	0	0	0
OG_12501	1	1	1	1	2	1	1	1	1	1	1	1
OG_12502	1	0	0	1	0	0	0	0	0	0	0	0
OG_12503	1	2	1	2	1	1	1	1	1	1	1	3
OG_12504	1	0	0	1	0	0	0	0	0	0	0	0
OG_12505	1	1	2	0	4	1	1	3	1	1	1	1
OG_12506	2	0	0	1	0	0	0	0	0	0	0	0
OG_12507	1	1	1	3	1	1	1	2	2	2	2	1
OG_12508	1	0	0	1	0	0	1	0	1	0	0	0
OG_12509	1	1	1	2	3	1	1	2	1	1	1	2
OG_12510	1	1	1	2	2	1	1	1	3	1	1	0
OG_12511	2	1	1	2	1	1	0	1	1	1	1	1
OG_12512	1	1	3	2	0	1	1	1	0	0	0	0
OG_12513	5	0	0	1	0	1	1	0	0	0	0	0
OG_12514	1	0	1	1	0	0	0	0	0	0	0	0
OG_12515	0	0	0	0	2	0	0	0	0	0	1	0
OG_12516	1	1	0	1	0	1	0	0	0	0	0	0
OG_12517	1	1	3	1	2	1	1	1	4	1	4	1
OG_12518	2	0	0	1	0	0	0	0	0	0	0	0
OG_12519	2	0	0	1	0	0	0	0	0	0	0	0
OG_12520	1	1	1	1	0	1	1	1	1	0	0	0
OG_12521	1	1	1	1	0	1	0	1	1	1	0	1
OG_12522	1	1	1	1	1	1	1	1	0	1	1	1
OG_12523	1	1	1	2	2	1	3	1	1	2	1	1
OG_12524	1	0	0	1	0	0	0	0	0	0	0	0
OG_12525	1	0	0	1	0	0	1	0	0	0	0	0
OG_12526	4	1	2	2	2	1	1	2	1	7	1	1
OG_12527	1	1	1	2	0	1	1	1	2	2	0	1
OG_12528	1	1	1	2	0	1	1	1	2	2	0	0
OG_12529	1	0	0	1	0	0	0	0	0	0	0	0
OG_12530	1	0	0	1	0	0	1	0	1	0	0	0
OG_12531	1	1	2	1	1	1	1	1	1	1	1	1
OG_12532	1	1	1	2	1	1	1	1	1	2	1	1
OG_12533	1	1	0	1	0	1	1	0	0	0	0	0
OG_12534	1	1	1	1	1	1	1	1	1	2	1	1
OG_12535	1	0	0	1	0	0	1	0	0	0	0	0
OG_12536	0	0	0	1	0	0	0	0	1	0	0	0
OG_12537	3	1	1	2	1	1	1	2	1	2	2	1
OG_12538	1	2	1	1	2	1	1	1	1	1	2	1
OG_12539	1	0	0	1	0	0	1	0	0	1	0	0
OG_12540	1	0	0	1	0	0	1	0	0	0	0	0
OG_12541	1	1	1	2	6	1	1	1	1	1	1	1
OG_12542	1	1	5	2	4	2	1	1	3	1	1	1
OG_12543	2	4	1	3	2	3	4	1	1	1	2	1
OG_12544	1	1	1	3	1	1	1	1	1	1	2	1
OG_12545	1	1	1	1	0	1	1	1	1	1	0	0
OG_12546	1	1	5	1	0	1	1	6	1	1	0	0
OG_12547	0	0	0	0	0	0	0	0	1	2	0	0
OG_12548	1	1	3	1	0	1	1	4	0	0	0	0
OG_12549	1	1	1	2	1	1	2	1	6	2	3	1
OG_12550	1	1	2	1	1	1	1	1	1	3	1	1
OG_12551	1	1	1	2	0	1	1	1	1	1	0	0
OG_12552	1	0	0	1	0	0	0	0	0	0	0	0
OG_12553	1	0	0	1	0	0	1	0	0	0	0	0
OG_12554	1	1	3	1	1	1	1	1	1	1	2	1
OG_12555	1	0	0	1	0	0	1	0	0	0	0	0
OG_12556	1	0	0	1	0	0	0	0	0	0	0	0
OG_12557	1	1	1	1	1	3	1	1	1	1	1	1
OG_12558	1	1	1	1	0	1	1	1	1	1	0	0
OG_12559	3	0	0	0	0	0	1	0	0	0	0	0
OG_12560	2	2	1	3	9	2	1	2	1	6	0	2
OG_12561	1	1	1	2	2	1	1	1	2	1	1	3
OG_12562	1	1	1	1	0	1	1	1	1	1	0	0
OG_12563	1	1	2	2	1	1	1	2	1	2	1	1
OG_12564	2	1	2	4	2	1	1	2	1	4	1	2
OG_12565	1	0	0	1	0	0	0	0	0	0	0	0
OG_12566	1	1	1	1	2	1	1	1	1	7	1	0
OG_12567	1	1	1	1	1	1	1	1	1	1	1	1
OG_12568	1	1	1	1	0	1	1	1	0	0	0	0
OG_12569	1	1	2	2	0	1	1	1	2	3	0	0
OG_12570	1	1	2	1	0	1	1	1	0	0	0	0
OG_12571	0	0	0	1	0	0	0	1	0	0	0	0
OG_12572	1	0	0	1	0	0	0	0	0	0	0	0
OG_12573	1	0	0	1	0	0	0	0	0	0	0	0
OG_12574	1	0	0	1	0	0	0	0	0	0	0	0
OG_12575	1	1	3	0	1	1	1	1	1	4	1	1
OG_12576	1	1	2	2	1	1	1	1	2	1	1	1
OG_12577	1	0	0	1	0	0	1	0	0	0	0	0
OG_12578	2	0	0	0	0	1	1	0	0	0	0	0
OG_12579	1	0	0	1	0	0	1	0	0	0	0	0
OG_12580	1	1	1	1	1	1	1	2	1	0	0	1
OG_12581	1	1	1	1	1	1	1	1	0	2	1	1
OG_12582	5	2	0	1	0	1	2	0	0	0	0	0
OG_12583	1	0	0	1	0	0	1	0	0	0	0	0
OG_12584	1	1	2	1	1	1	1	2	1	1	1	1
OG_12585	1	1	1	2	0	1	1	2	1	1	0	1
OG_12586	1	1	1	2	1	2	1	1	1	2	2	2
OG_12587	0	0	1	1	0	0	1	0	0	1	0	0
OG_12588	1	4	1	2	7	1	1	0	3	3	2	1
OG_12589	1	1	3	2	2	1	1	1	2	1	1	1
OG_12590	1	0	1	1	0	1	1	2	0	0	0	0
OG_12591	2	1	0	2	0	0	2	0	0	1	0	0
OG_12592	0	2	0	1	0	0	0	0	0	0	0	0
OG_12593	0	1	1	2	3	1	1	1	1	1	1	1
OG_12594	0	1	0	1	0	0	0	0	0	0	0	0
OG_12595	0	1	1	2	1	1	1	1	3	4	2	1
OG_12596	0	1	1	2	1	1	2	1	3	1	1	1
OG_12597	0	1	0	1	0	0	0	0	0	0	0	0
OG_12598	0	1	1	2	1	0	0	1	1	0	1	1
OG_12599	0	3	0	0	0	0	1	0	0	0	0	0
OG_12600	0	0	1	1	0	0	1	0	0	0	0	0
OG_12601	0	1	0	1	0	0	1	0	0	0	0	0
OG_12602	0	7	0	6	0	0	2	0	0	0	0	0
OG_12603	0	1	0	5	0	0	0	0	0	0	0	0
OG_12604	0	5	0	1	0	0	1	0	0	0	0	0
OG_12605	0	1	1	1	1	1	1	1	1	4	1	1
OG_12606	0	0	3	0	0	1	1	4	0	0	0	0
OG_12607	0	3	0	5	0	0	0	0	0	0	0	0
OG_12608	0	0	2	0	0	2	0	4	0	0	0	0
OG_12609	1	0	0	7	0	0	1	0	0	0	0	0
OG_12610	1	0	0	0	0	4	2	1	0	0	0	0
OG_12611	0	0	6	0	0	3	0	1	0	0	0	0
OG_12612	0	0	4	0	0	0	0	1	0	0	0	0
OG_12613	5	0	0	1	0	0	0	0	0	0	0	0
OG_12614	0	1	0	5	0	0	0	0	0	0	0	0
OG_12615	2	2	2	4	1	2	2	2	0	1	1	1
OG_12616	0	7	0	2	0	0	0	0	0	0	0	0
OG_12617	0	1	0	3	0	0	0	0	0	0	0	0
OG_12618	0	1	1	4	1	1	1	1	2	4	1	1
OG_12619	2	0	0	8	0	0	0	0	0	0	0	0
OG_12620	1	2	7	6	0	5	2	1	0	0	0	0
OG_12621	0	0	0	1	0	0	0	0	0	1	0	0
OG_12622	2	0	0	0	0	4	1	0	0	0	0	0
OG_12623	1	1	1	1	0	1	1	1	2	1	0	0
OG_12624	1	1	1	6	2	1	1	1	1	1	1	1
OG_12625	0	0	0	1	0	1	0	0	0	0	0	0
OG_12626	2	1	1	1	2	1	1	0	0	1	0	0
OG_12627	4	0	0	5	0	0	1	0	0	0	0	0
OG_12628	0	0	0	1	0	0	2	0	0	0	0	0
OG_12629	0	0	0	1	0	1	0	0	0	0	0	0
OG_12630	0	0	0	7	0	0	2	0	0	0	0	0
OG_12631	1	2	0	1	0	0	2	0	0	0	0	0
OG_12632	0	0	0	3	0	2	2	0	0	0	0	0
OG_12633	0	3	0	5	0	0	0	0	0	0	0	0
OG_12634	0	0	0	1	0	0	0	0	0	2	0	0
OG_12635	1	0	0	1	0	0	1	0	0	0	0	0
OG_12636	0	0	0	1	0	0	1	0	0	0	0	0
OG_12637	1	3	1	2	1	1	1	1	1	1	1	1
OG_12638	1	1	1	6	1	1	1	1	2	5	1	1
OG_12639	1	1	1	1	1	1	1	1	1	1	2	1
OG_12640	3	1	0	5	0	2	1	0	0	0	0	0
OG_12641	4	1	0	1	0	2	3	1	0	0	0	0
OG_12642	1	1	3	5	0	1	1	1	0	0	0	0
OG_12643	0	0	0	1	0	0	1	0	0	0	0	0
OG_12644	1	1	1	3	0	1	1	1	0	0	0	0
OG_12645	2	2	0	4	0	0	0	0	0	0	0	0
OG_12646	2	0	0	0	0	1	1	1	0	0	0	0
OG_12647	1	1	2	1	0	0	1	0	0	1	0	0
OG_12648	1	0	0	0	0	0	1	0	0	0	0	0
OG_12649	1	1	1	1	0	1	1	1	1	1	0	0
OG_12650	13	9	7	13	15	5	11	8	8	6	4	2
OG_12651	0	0	1	1	0	1	1	1	1	1	0	0
OG_12652	1	1	6	1	0	1	1	1	2	2	0	1
OG_12653	1	2	3	1	0	1	1	1	4	1	0	0
OG_12654	2	0	0	0	0	0	1	0	0	0	0	0
OG_12655	1	0	0	0	0	0	1	0	0	0	0	0
OG_12656	1	0	0	0	0	0	1	0	0	0	0	0
OG_12657	3	2	1	2	2	1	1	1	1	2	1	1
OG_12658	1	0	0	0	0	0	1	0	0	0	0	0
OG_12659	1	1	1	1	0	2	1	1	1	1	0	0
OG_12660	3	2	2	2	2	3	2	2	1	2	0	0
OG_12661	4	0	1	1	0	1	1	1	0	0	0	0
OG_12662	1	0	1	0	0	1	1	1	0	0	0	0
OG_12663	1	0	0	0	0	0	1	0	0	0	0	0
OG_12664	1	1	1	1	0	1	2	2	1	2	0	0
OG_12665	5	7	9	2	0	16	8	9	0	1	0	0
OG_12666	2	1	1	1	1	1	1	1	1	2	0	1
OG_12667	1	1	3	1	0	1	2	1	2	1	0	0
OG_12668	1	0	0	0	0	0	1	0	0	0	0	0
OG_12669	1	0	0	0	0	0	1	0	1	1	0	0
OG_12670	1	1	1	1	1	1	1	1	1	1	0	1
OG_12671	2	2	2	1	1	1	3	1	5	2	0	0
OG_12672	1	0	0	0	0	0	1	0	0	0	0	0
OG_12673	5	2	2	2	0	2	11	1	1	3	0	0
OG_12674	3	0	0	0	0	3	0	0	0	0	0	0
OG_12675	2	0	0	0	0	1	0	0	0	0	0	0
OG_12676	1	0	0	0	0	0	1	0	0	0	0	0
OG_12677	1	0	0	0	0	0	1	0	0	0	0	0
OG_12678	2	1	2	1	2	1	1	1	2	3	1	1
OG_12679	1	2	1	1	1	1	1	1	1	2	2	1
OG_12680	1	0	0	0	0	0	1	0	0	1	0	0
OG_12681	1	1	1	1	1	1	2	1	2	1	1	1
OG_12682	1	1	1	1	1	1	1	3	2	5	0	1
OG_12683	1	0	0	0	0	0	1	0	0	0	0	0
OG_12684	2	1	1	1	0	1	1	1	2	1	0	0
OG_12685	1	1	1	1	0	1	1	1	0	0	0	0
OG_12686	1	1	1	1	0	1	2	1	1	1	0	0
OG_12687	1	1	2	1	3	1	2	1	1	1	1	1
OG_12688	1	1	1	1	0	1	1	1	0	0	0	0
OG_12689	0	0	0	0	1	0	0	0	1	1	0	1
OG_12690	3	1	2	1	3	1	1	1	1	3	1	1
OG_12691	2	1	1	1	1	1	1	3	1	1	1	1
OG_12692	1	1	0	0	0	0	0	0	0	0	0	0
OG_12693	2	0	3	1	0	1	1	4	2	8	0	0
OG_12694	4	1	1	1	1	1	1	1	1	1	1	1
OG_12695	7	1	3	1	1	1	0	2	1	1	1	1
OG_12696	1	0	0	1	0	0	1	0	0	0	0	0
OG_12697	2	1	2	1	0	1	1	1	1	3	0	0
OG_12698	1	0	0	0	0	0	1	0	0	0	0	0
OG_12699	2	1	5	1	4	1	2	2	2	3	2	3
OG_12700	1	0	1	0	0	0	0	1	0	0	3	0
OG_12701	1	0	0	0	0	0	0	0	0	1	0	0
OG_12702	1	0	0	0	0	0	1	0	0	0	0	0
OG_12703	7	0	0	1	0	0	0	0	0	0	0	0
OG_12704	2	2	6	1	3	1	3	3	3	3	5	2
OG_12705	1	0	0	1	0	0	1	0	0	0	0	0
OG_12706	2	0	0	0	0	0	1	0	0	0	0	0
OG_12707	3	1	2	1	0	2	1	1	0	0	0	0
OG_12708	1	2	0	1	0	1	0	0	0	3	0	0
OG_12709	1	6	0	0	0	0	0	0	0	0	0	0
OG_12710	5	7	3	11	0	6	6	4	3	5	0	9
OG_12711	1	1	1	1	1	1	1	1	1	1	1	2
OG_12712	1	0	0	0	0	0	1	0	0	0	0	0
OG_12713	1	0	0	0	0	0	1	0	0	0	0	0
OG_12714	2	1	1	1	1	2	1	1	1	1	1	1
OG_12715	1	2	2	1	5	1	2	1	3	1	1	0
OG_12716	1	0	0	0	0	0	0	0	0	0	0	1
OG_12717	2	0	0	0	0	0	1	0	0	0	0	0
OG_12718	1	0	1	1	0	1	1	1	0	1	0	0
OG_12719	3	0	0	1	0	0	0	0	1	0	0	0
OG_12720	0	0	1	1	0	1	0	1	1	1	0	0
OG_12721	2	1	1	1	2	1	2	1	1	1	1	1
OG_12722	1	0	0	0	0	0	2	0	0	0	0	0
OG_12723	1	1	2	1	2	1	1	1	1	1	1	1
OG_12724	1	1	1	1	4	1	2	1	1	1	2	0
OG_12725	1	0	0	0	0	0	1	0	0	0	0	0
OG_12726	1	1	1	1	1	1	1	1	1	1	0	0
OG_12727	1	0	0	0	0	0	1	0	0	0	0	0
OG_12728	2	1	1	1	0	1	1	1	1	2	0	1
OG_12729	1	1	2	1	0	1	1	1	1	1	0	0
OG_12730	2	1	1	1	0	1	1	1	2	1	0	1
OG_12731	2	3	3	1	0	1	1	1	1	2	0	0
OG_12732	2	2	4	1	1	1	1	1	1	1	1	1
OG_12733	1	1	2	1	1	1	1	1	1	1	1	1
OG_12734	1	0	2	0	0	3	0	2	0	0	0	0
OG_12735	4	0	0	0	0	0	1	0	0	0	0	0
OG_12736	7	0	0	0	0	0	4	0	0	0	0	0
OG_12737	0	0	0	0	0	2	0	1	0	0	0	0
OG_12738	3	2	3	1	0	3	1	4	1	1	0	1
OG_12739	1	0	0	0	0	0	0	0	0	1	0	0
OG_12740	1	0	0	0	0	0	2	0	0	0	0	0
OG_12741	1	0	0	0	0	0	0	0	1	1	0	0
OG_12742	1	1	2	1	2	1	1	3	1	1	1	2
OG_12743	2	1	1	1	0	1	1	1	0	0	0	0
OG_12744	2	1	6	1	6	1	2	5	5	19	1	0
OG_12745	1	0	0	0	0	0	1	0	0	0	0	0
OG_12746	1	0	0	0	0	0	1	0	0	0	0	0
OG_12747	1	0	0	0	0	0	1	0	0	0	0	0
OG_12748	1	0	0	0	0	0	1	0	0	0	0	0
OG_12749	1	0	0	1	0	0	0	0	0	0	0	0
OG_12750	4	1	3	1	0	2	1	4	1	2	0	2
OG_12751	2	1	0	3	1	1	1	1	3	4	1	4
OG_12752	1	1	1	1	0	1	1	1	0	0	0	0
OG_12753	1	1	1	1	1	1	1	1	1	11	2	2
OG_12754	2	2	5	1	1	1	1	3	2	2	3	0
OG_12755	0	0	0	0	3	0	0	0	0	0	12	0
OG_12756	1	1	1	1	1	1	1	1	1	1	1	1
OG_12757	1	0	0	0	0	0	1	0	0	0	0	0
OG_12758	2	1	2	1	0	1	2	1	0	3	0	0
OG_12759	1	0	0	0	0	0	0	0	2	0	0	0
OG_12760	1	0	0	2	0	0	0	0	0	0	0	0
OG_12761	2	0	0	1	0	0	0	0	1	0	0	0
OG_12762	2	1	1	1	1	1	2	1	1	1	1	2
OG_12763	1	0	0	0	0	0	1	0	0	0	0	0
OG_12764	2	1	1	1	2	1	1	1	2	4	3	1
OG_12765	1	0	0	0	0	0	0	1	0	0	0	0
OG_12766	1	0	0	0	0	0	1	0	0	0	0	0
OG_12767	1	2	1	1	0	1	1	1	0	0	0	0
OG_12768	1	0	0	0	0	0	1	0	0	0	0	0
OG_12769	2	0	0	0	0	0	1	0	0	0	0	0
OG_12770	2	1	3	1	3	1	1	1	1	1	1	1
OG_12771	1	0	0	0	0	0	1	0	0	0	0	0
OG_12772	1	1	1	1	0	1	1	1	1	4	0	0
OG_12773	2	1	1	1	2	1	1	1	2	1	0	1
OG_12774	2	1	2	1	0	1	1	1	1	1	0	1
OG_12775	1	0	9	0	0	2	0	1	0	0	0	0
OG_12776	2	1	2	1	1	1	1	1	1	1	1	1
OG_12777	2	0	0	1	0	0	0	0	0	0	0	0
OG_12778	1	0	0	0	0	0	1	0	0	0	0	0
OG_12779	1	0	0	0	0	0	1	0	0	0	0	0
OG_12780	1	0	0	0	0	0	1	0	0	0	0	0
OG_12781	4	2	1	1	2	1	2	1	2	1	1	1
OG_12782	1	0	0	0	0	0	1	0	0	0	0	0
OG_12783	2	1	1	1	0	4	1	1	3	2	0	0
OG_12784	2	1	2	1	1	1	1	1	1	1	1	1
OG_12785	2	1	1	1	1	1	4	1	1	1	1	2
OG_12786	3	1	0	1	0	0	2	0	0	0	0	0
OG_12787	1	2	0	0	0	0	1	0	0	0	0	0
OG_12788	1	0	0	0	0	0	1	0	0	0	0	0
OG_12789	3	0	0	0	0	2	1	0	0	0	0	0
OG_12790	4	0	0	0	0	0	1	0	0	0	0	0
OG_12791	2	1	1	1	2	1	1	1	2	1	1	1
OG_12792	1	0	0	0	0	0	1	0	0	2	0	0
OG_12793	1	0	0	0	0	0	1	0	0	0	0	0
OG_12794	1	1	1	1	0	1	1	1	0	1	0	0
OG_12795	2	1	1	1	2	1	1	1	2	1	1	1
OG_12796	1	0	0	0	0	0	1	0	0	0	0	0
OG_12797	1	0	0	0	0	0	1	0	0	0	0	0
OG_12798	1	1	2	1	0	2	1	3	1	2	0	0
OG_12799	1	0	0	1	0	0	1	0	0	0	0	0
OG_12800	1	0	0	0	0	0	1	0	0	1	0	0
OG_12801	2	0	0	0	0	0	1	0	0	0	0	0
OG_12802	2	0	2	0	0	1	0	1	0	2	0	0
OG_12803	1	0	0	1	0	0	0	0	0	0	0	0
OG_12804	0	0	1	1	0	1	2	2	0	0	0	0
OG_12805	1	0	0	0	0	0	1	0	0	0	0	0
OG_12806	1	0	0	0	0	0	0	0	1	0	0	0
OG_12807	1	1	0	0	0	0	0	0	0	0	0	0
OG_12808	1	0	0	0	0	0	2	0	0	0	0	0
OG_12809	2	1	1	1	1	2	1	1	1	1	1	0
OG_12810	2	2	1	1	2	1	1	1	1	0	2	1
OG_12811	1	0	0	0	0	0	1	0	0	0	0	0
OG_12812	1	0	0	0	0	0	1	0	0	0	0	0
OG_12813	1	0	0	0	0	0	1	0	0	0	0	0
OG_12814	1	0	0	0	0	0	1	1	0	0	0	0
OG_12815	1	0	0	0	0	0	1	0	0	0	0	0
OG_12816	1	1	0	0	0	0	0	0	0	0	0	0
OG_12817	1	2	0	0	0	0	0	0	0	0	0	0
OG_12818	1	0	0	0	0	0	1	0	0	0	0	0
OG_12819	1	0	0	1	0	0	0	0	0	0	0	0
OG_12820	1	0	0	0	0	0	1	0	0	0	0	0
OG_12821	1	0	0	0	0	0	1	0	0	0	0	0
OG_12822	2	1	1	1	2	1	1	1	1	1	1	1
OG_12823	1	0	0	0	0	0	1	0	0	0	0	0
OG_12824	2	1	1	2	2	1	1	2	3	2	1	1
OG_12825	1	0	0	0	0	0	1	0	0	0	0	0
OG_12826	1	1	2	1	0	1	3	2	1	0	0	3
OG_12827	1	1	2	1	2	1	3	1	1	1	1	1
OG_12828	1	1	1	1	0	2	3	1	7	1	0	1
OG_12829	2	2	1	1	1	1	4	1	1	2	1	1
OG_12830	3	1	5	1	6	1	1	1	68	3	4	1
OG_12831	1	1	1	1	0	1	2	0	1	1	0	0
OG_12832	1	1	1	1	2	1	1	1	1	1	1	1
OG_12833	1	1	2	1	1	1	2	1	1	5	1	1
OG_12834	1	1	1	1	1	1	2	1	1	1	1	1
OG_12835	1	1	1	1	0	1	1	1	4	2	0	1
OG_12836	1	1	1	1	1	1	1	1	3	4	0	1
OG_12837	4	1	1	1	1	1	1	1	3	1	1	1
OG_12838	1	0	0	1	0	1	2	0	1	0	0	0
OG_12839	3	1	1	1	1	1	4	1	2	21	1	2
OG_12840	1	1	1	1	0	1	2	2	1	1	0	1
OG_12841	1	0	0	0	0	0	1	0	0	0	0	0
OG_12842	1	1	1	1	2	1	4	1	1	1	0	1
OG_12843	1	3	1	5	2	1	2	1	1	4	0	1
OG_12844	1	0	0	0	0	0	1	0	0	0	0	0
OG_12845	1	0	0	0	0	0	1	0	0	0	0	0
OG_12846	1	1	1	1	0	1	2	1	1	1	0	0
OG_12847	2	1	1	1	0	1	3	1	3	0	0	1
OG_12848	0	0	0	0	0	0	1	0	0	2	0	0
OG_12849	2	0	5	0	0	1	0	3	0	0	0	0
OG_12850	1	1	1	1	1	1	1	1	4	2	2	1
OG_12851	1	0	0	0	0	0	1	0	0	0	0	0
OG_12852	1	0	0	0	0	0	1	0	0	0	0	0
OG_12853	1	0	0	0	0	1	1	1	0	0	0	0
OG_12854	1	1	1	1	1	1	2	1	1	1	1	1
OG_12855	0	0	0	1	0	0	1	0	0	0	0	0
OG_12856	1	0	0	0	0	0	1	0	0	0	0	0
OG_12857	5	2	4	3	9	2	3	2	4	2	2	3
OG_12858	0	0	0	0	0	0	0	0	1	2	0	0
OG_12859	1	1	1	1	1	1	2	1	2	2	2	0
OG_12860	1	1	2	1	1	1	1	2	1	1	1	1
OG_12861	1	1	1	1	1	1	2	1	1	1	1	3
OG_12862	1	2	1	1	0	1	2	1	2	5	0	0
OG_12863	2	1	1	1	0	1	1	3	0	0	0	0
OG_12864	1	2	1	1	1	1	2	1	2	2	1	1
OG_12865	2	1	0	1	0	1	2	0	0	0	0	0
OG_12866	1	1	0	1	0	1	1	0	0	0	0	0
OG_12867	1	0	0	0	0	0	2	0	0	0	0	0
OG_12868	2	1	0	1	0	0	2	0	2	2	0	0
OG_12869	2	2	1	1	3	1	3	2	2	1	1	3
OG_12870	1	1	1	1	2	1	1	1	1	4	1	1
OG_12871	1	1	1	1	1	1	1	1	2	1	1	2
OG_12872	1	0	0	0	0	0	1	0	0	0	0	0
OG_12873	1	1	1	1	1	1	1	1	0	1	1	1
OG_12874	0	0	0	1	0	0	1	0	0	0	0	0
OG_12875	1	1	1	1	1	1	1	1	1	3	1	1
OG_12876	1	1	1	1	8	1	0	1	1	2	2	1
OG_12877	1	0	0	0	0	0	1	0	0	0	0	0
OG_12878	1	1	1	1	1	1	2	1	1	3	3	1
OG_12879	1	1	2	1	0	1	2	3	1	1	0	2
OG_12880	1	1	1	2	0	1	1	1	0	0	0	1
OG_12881	1	0	4	0	0	1	1	1	1	1	0	0
OG_12882	1	1	1	2	1	1	2	4	2	1	0	1
OG_12883	2	1	7	1	1	1	1	4	2	1	1	1
OG_12884	1	0	0	0	0	0	1	0	0	0	0	0
OG_12885	1	1	1	1	4	1	1	2	1	2	1	2
OG_12886	1	1	2	1	0	1	2	0	1	8	0	1
OG_12887	1	1	1	1	2	1	1	2	1	1	2	1
OG_12888	1	0	4	0	0	1	0	0	0	0	0	0
OG_12889	1	1	2	1	49	1	1	3	1	1	2	1
OG_12890	1	0	0	0	0	1	1	0	0	0	0	0
OG_12891	1	1	1	1	0	1	2	1	1	1	0	1
OG_12892	1	1	1	1	0	1	0	1	0	1	0	0
OG_12893	1	2	1	1	3	1	2	1	1	2	1	1
OG_12894	1	0	0	0	0	0	1	0	0	0	0	0
OG_12895	1	1	2	1	0	1	1	1	0	2	0	0
OG_12896	1	1	1	1	0	1	2	0	0	0	0	0
OG_12897	1	1	1	1	0	1	2	4	1	1	0	0
OG_12898	1	0	0	0	0	0	1	0	0	0	0	0
OG_12899	3	3	11	3	9	3	3	11	2	3	1	4
OG_12900	1	1	1	1	2	1	2	1	1	5	0	1
OG_12901	0	0	0	0	2	0	0	0	0	0	1	0
OG_12902	1	1	0	1	0	1	2	0	0	0	0	0
OG_12903	2	1	1	1	2	1	2	1	1	1	1	2
OG_12904	1	0	0	0	0	0	1	0	0	0	0	0
OG_12905	1	1	2	1	0	1	2	1	1	1	0	0
OG_12906	1	1	1	1	2	1	1	1	2	1	2	1
OG_12907	1	1	1	2	6	1	1	2	1	1	1	1
OG_12908	1	1	1	1	0	1	2	1	3	1	0	2
OG_12909	0	2	0	0	0	0	1	0	0	0	0	0
OG_12910	0	2	0	1	0	0	1	0	1	1	0	0
OG_12911	0	1	0	0	0	0	1	0	0	0	0	0
OG_12912	3	1	3	1	3	1	3	1	6	3	10	1
OG_12913	0	1	0	0	0	0	1	0	0	0	0	0
OG_12914	0	1	0	0	0	0	1	0	0	0	0	0
OG_12915	0	1	0	0	0	0	1	0	0	0	0	0
OG_12916	0	1	0	2	0	1	0	0	0	0	0	0
OG_12917	0	1	0	1	0	0	1	0	0	0	0	0
OG_12918	0	0	0	0	0	1	1	0	0	0	0	0
OG_12919	1	0	0	0	0	0	6	0	0	0	0	0
OG_12920	0	1	0	0	0	0	3	0	0	0	0	0
OG_12921	1	0	0	0	0	0	4	0	0	0	0	0
OG_12922	0	0	0	0	0	0	1	0	0	1	0	0
OG_12923	0	0	0	0	0	0	1	0	0	1	0	0
OG_12924	1	0	2	0	0	3	5	2	0	0	0	0
OG_12925	1	1	1	1	1	1	3	1	1	1	1	1
OG_12926	0	0	0	0	0	0	1	0	0	1	0	0
OG_12927	1	1	1	1	2	1	1	2	2	1	1	2
OG_12928	2	3	1	1	2	1	1	2	1	0	2	1
OG_12929	2	1	1	1	1	1	1	2	1	1	1	1
OG_12930	1	0	1	1	0	1	1	1	1	1	0	0
OG_12931	0	0	0	0	0	0	0	1	1	0	0	0
OG_12932	1	1	1	1	1	2	1	2	1	1	1	1
OG_12933	1	1	1	1	0	1	1	1	0	0	0	0
OG_12934	1	1	0	1	0	1	0	1	0	1	2	1
OG_12935	1	1	2	1	1	1	2	1	1	1	1	1
OG_12936	2	1	2	2	1	2	2	2	2	2	1	1
OG_12937	1	1	2	1	1	1	1	0	4	3	1	2
OG_12938	1	2	1	1	1	2	2	1	1	1	1	1
OG_12939	1	1	2	1	2	4	1	3	1	3	2	1
OG_12940	1	1	1	1	2	1	1	1	1	1	1	1
OG_12941	1	2	2	1	3	1	1	1	1	2	1	1
OG_12942	2	1	1	2	0	1	1	1	0	0	0	0
OG_12943	1	1	2	1	1	1	1	2	1	2	1	1
OG_12944	1	1	3	1	2	1	1	1	2	1	1	1
OG_12945	1	1	1	2	2	0	1	2	1	1	1	2
OG_12946	1	1	1	1	1	1	2	2	1	1	1	4
OG_12947	1	1	1	1	1	1	1	2	1	1	1	1
OG_12948	1	0	0	0	0	0	0	1	0	0	0	0
OG_12949	1	1	1	1	3	1	1	2	2	1	1	1
OG_12950	1	1	1	1	1	1	1	2	1	1	1	1
OG_12951	1	1	1	1	1	1	1	2	1	2	1	1
OG_12952	1	1	4	1	1	1	3	1	1	2	0	0
OG_12953	1	2	3	1	0	1	1	3	1	1	0	1
OG_12954	1	1	1	1	1	1	1	1	1	2	1	2
OG_12955	1	1	2	1	0	1	1	1	0	0	0	0
OG_12956	1	2	7	2	3	2	1	7	1	6	1	2
OG_12957	0	0	4	0	0	0	0	1	0	0	0	0
OG_12958	1	1	1	1	1	1	2	1	1	3	2	1
OG_12959	1	1	1	1	0	1	1	1	1	2	0	1
OG_12960	0	0	1	0	0	1	0	1	0	0	0	0
OG_12961	0	0	0	0	0	1	0	1	0	0	0	0
OG_12962	0	0	1	0	0	1	0	1	0	0	0	0
OG_12963	0	0	0	2	0	1	0	2	0	0	0	0
OG_12964	2	1	0	1	0	1	2	1	0	0	0	0
OG_12965	1	1	1	1	1	1	1	1	3	4	1	1
OG_12966	1	2	1	1	3	1	1	2	6	1	1	1
OG_12967	1	4	3	1	0	1	1	2	3	2	0	1
OG_12968	1	1	2	1	1	1	1	1	4	1	2	1
OG_12969	1	1	2	1	1	2	1	1	3	1	1	1
OG_12970	2	1	1	1	1	1	2	1	3	1	1	1
OG_12971	1	1	1	1	1	1	2	1	4	4	2	1
OG_12972	0	0	0	0	0	0	0	0	1	0	1	0
OG_12973	0	1	0	0	0	0	0	0	2	0	0	0
OG_12974	1	2	1	1	1	1	1	1	2	1	1	2
OG_12975	1	1	2	2	1	1	1	1	6	3	1	1
OG_12976	2	1	1	1	1	1	2	1	5	1	2	1
OG_12977	1	1	1	1	0	1	1	1	1	1	0	0
OG_12978	1	1	1	1	4	1	1	1	2	1	1	1
OG_12979	1	1	1	1	1	1	1	1	3	1	1	1
OG_12980	1	1	1	1	3	1	1	1	2	1	1	1
OG_12981	1	1	2	1	1	1	2	1	1	5	1	1
OG_12982	1	1	1	3	2	1	1	1	2	1	1	1
OG_12983	1	1	1	2	2	2	2	2	1	1	2	1
OG_12984	1	0	1	3	0	1	0	0	0	0	0	0
OG_12985	1	1	1	1	1	1	1	2	1	1	1	1
OG_12986	1	1	1	1	3	1	1	1	2	1	2	1
OG_12987	1	1	1	1	1	1	1	1	1	2	2	1
OG_12988	2	1	1	1	0	1	1	0	1	0	0	0
OG_12989	1	1	1	1	1	1	1	1	3	2	1	1
OG_12990	1	1	1	1	1	1	0	2	3	1	1	1
OG_12991	2	1	1	1	0	1	1	2	2	1	0	1
OG_12992	4	1	2	5	4	2	3	1	5	5	1	1
OG_12993	1	1	4	1	3	1	1	2	1	3	1	2
OG_12994	1	1	1	1	2	1	1	2	1	2	3	1
OG_12995	1	1	2	1	1	1	1	2	3	8	2	1
OG_12996	1	1	2	1	1	1	1	1	2	1	1	1
OG_12997	1	1	4	1	0	1	1	2	1	2	0	2
OG_12998	2	1	1	1	1	1	1	1	1	3	0	1
OG_12999	1	1	1	1	2	1	1	1	1	1	1	1
OG_13000	1	1	1	1	0	1	1	1	1	1	0	0
OG_13001	1	1	1	1	0	1	1	1	1	1	0	0
OG_13002	2	3	3	1	1	1	1	1	3	13	2	1
OG_13003	2	2	2	3	0	1	2	2	3	1	0	0
OG_13004	1	1	1	1	1	1	1	1	1	1	1	1
OG_13005	1	1	3	1	2	1	1	1	1	1	3	0
OG_13006	0	0	0	0	0	0	0	0	2	1	0	2
OG_13007	1	2	2	1	1	1	1	1	4	1	0	0
OG_13008	1	1	1	1	0	1	1	1	1	2	0	0
OG_13009	2	2	1	1	0	1	5	1	1	3	0	0
OG_13010	1	1	1	1	1	1	1	1	1	1	1	1
OG_13011	1	1	2	1	1	1	1	1	2	6	1	1
OG_13012	1	2	1	1	2	1	1	2	1	0	1	1
OG_13013	1	1	1	1	0	1	1	1	0	0	0	0
OG_13014	0	0	0	0	0	0	0	0	1	1	0	0
OG_13015	1	1	1	1	1	1	1	1	2	1	3	1
OG_13016	1	0	0	0	0	0	0	0	1	0	0	1
OG_13017	1	1	2	1	1	1	1	1	1	3	0	1
OG_13018	1	1	1	1	1	1	1	1	1	2	0	0
OG_13019	2	2	3	2	8	2	2	2	4	3	0	0
OG_13020	1	1	2	1	1	1	1	1	1	2	2	1
OG_13021	1	1	1	1	1	1	1	1	1	1	1	1
OG_13022	1	0	1	1	0	1	1	2	1	1	0	0
OG_13023	1	1	1	1	1	1	1	1	1	1	1	1
OG_13024	0	0	0	0	2	0	0	0	0	0	2	0
OG_13025	1	1	1	2	0	1	1	1	1	1	0	0
OG_13026	1	1	1	2	6	1	1	1	2	1	2	2
OG_13027	1	1	1	1	1	1	1	1	2	2	1	1
OG_13028	1	1	1	1	2	1	1	1	1	1	0	3
OG_13029	1	1	1	1	1	1	1	1	2	3	1	3
OG_13030	1	1	6	1	2	1	1	6	4	7	1	1
OG_13031	1	1	1	1	2	2	1	1	2	1	1	1
OG_13032	1	1	1	2	2	1	1	1	3	2	1	1
OG_13033	1	1	3	1	0	1	2	1	0	2	0	1
OG_13034	1	1	1	1	3	2	1	1	4	4	2	1
OG_13035	1	1	1	1	1	1	1	1	2	1	1	1
OG_13036	2	0	0	2	0	0	0	0	0	0	0	0
OG_13037	1	1	4	1	6	1	1	4	1	1	2	1
OG_13038	2	1	2	1	2	1	2	1	3	1	1	1
OG_13039	1	1	1	1	0	1	1	1	1	1	0	0
OG_13040	1	1	1	1	1	1	1	1	1	2	1	1
OG_13041	1	1	1	1	0	1	1	1	1	1	0	0
OG_13042	1	2	2	1	6	1	1	1	3	9	1	1
OG_13043	1	1	1	1	1	1	1	1	2	1	1	1
OG_13044	1	1	1	1	1	1	1	1	2	1	1	1
OG_13045	1	1	1	1	2	1	1	1	1	1	1	1
OG_13046	1	1	2	1	3	1	1	1	1	13	2	1
OG_13047	1	1	1	1	0	2	1	1	2	1	0	0
OG_13048	1	1	1	1	1	2	1	1	1	1	0	1
OG_13049	1	1	1	1	1	1	1	1	2	0	2	1
OG_13050	1	2	1	1	0	1	1	0	1	1	0	0
OG_13051	2	1	3	1	1	1	1	1	2	4	2	1
OG_13052	1	1	1	1	0	1	1	1	0	1	0	0
OG_13053	1	1	1	1	2	1	1	1	1	1	1	1
OG_13054	1	0	0	0	0	0	1	0	1	0	0	0
OG_13055	1	1	1	1	1	1	1	1	1	2	1	1
OG_13056	1	1	1	1	2	1	1	1	1	1	2	1
OG_13057	0	0	0	0	0	0	0	0	1	0	2	0
OG_13058	1	1	1	1	2	1	1	1	2	3	1	1
OG_13059	1	1	1	1	1	1	2	1	5	2	1	1
OG_13060	1	1	1	1	2	1	1	1	2	2	1	1
OG_13061	1	1	1	2	1	2	2	2	2	2	1	1
OG_13062	2	1	3	1	1	1	1	2	1	1	1	1
OG_13063	0	0	0	0	1	0	0	0	0	0	2	0
OG_13064	2	1	3	1	2	1	1	1	4	1	1	1
OG_13065	2	1	1	1	1	1	1	1	2	4	1	1
OG_13066	1	1	1	1	1	1	1	1	2	1	1	1
OG_13067	1	1	2	1	2	1	1	1	1	1	1	1
OG_13068	1	1	2	1	1	1	1	2	2	1	1	1
OG_13069	1	1	1	1	1	1	1	1	3	1	1	1
OG_13070	1	1	1	1	1	1	1	1	2	2	1	1
OG_13071	0	0	0	0	0	0	0	0	2	2	0	0
OG_13072	1	1	1	1	3	1	1	2	1	7	1	0
OG_13073	1	1	1	1	1	1	1	1	2	2	1	1
OG_13074	1	1	2	1	3	1	1	1	3	1	2	2
OG_13075	1	2	1	1	2	1	1	1	2	1	3	0
OG_13076	1	1	1	1	3	1	1	2	2	1	1	2
OG_13077	1	1	1	1	2	2	1	1	1	3	1	1
OG_13078	1	1	2	1	2	1	2	5	1	1	0	1
OG_13079	1	1	1	1	3	1	1	1	1	1	0	0
OG_13080	1	1	1	1	2	1	1	1	1	2	0	0
OG_13081	1	1	1	1	0	2	1	1	1	1	0	0
OG_13082	1	4	1	1	1	1	1	1	1	1	1	1
OG_13083	0	0	0	0	0	0	0	0	1	1	0	0
OG_13084	1	2	1	1	0	1	3	1	1	1	0	0
OG_13085	1	1	1	1	1	1	1	1	2	1	1	2
OG_13086	1	1	1	1	2	1	1	1	1	1	1	1
OG_13087	1	1	3	1	2	1	1	1	1	1	1	1
OG_13088	1	3	1	1	0	1	1	1	1	1	0	0
OG_13089	1	1	0	1	0	1	1	3	1	1	1	1
OG_13090	1	1	1	1	0	1	1	1	2	1	0	2
OG_13091	1	1	1	1	2	1	1	1	2	2	3	1
OG_13092	0	0	0	0	0	0	0	0	1	1	0	0
OG_13093	1	1	1	1	0	0	1	2	1	1	0	0
OG_13094	1	1	1	1	0	1	1	1	1	0	0	0
OG_13095	1	1	1	0	0	1	1	0	1	1	0	0
OG_13096	1	1	2	1	0	1	1	0	1	1	0	0
OG_13097	1	3	1	1	1	1	1	1	3	4	2	1
OG_13098	1	2	2	1	5	1	1	1	2	4	1	1
OG_13099	1	1	3	1	0	1	0	1	1	1	0	0
OG_13100	1	1	1	1	3	1	1	1	0	1	1	0
OG_13101	0	0	0	0	1	0	0	0	1	0	1	0
OG_13102	1	1	2	1	5	1	2	1	1	1	2	1
OG_13103	1	2	2	1	1	1	1	1	1	1	1	1
OG_13104	1	1	1	1	0	1	3	1	2	3	0	1
OG_13105	0	1	1	1	1	1	1	1	2	4	0	1
OG_13106	0	1	0	0	0	0	0	0	1	0	0	0
OG_13107	1	1	1	2	0	1	1	1	1	1	0	0
OG_13108	0	1	1	1	1	1	1	1	1	1	1	1
OG_13109	0	0	0	0	0	0	0	0	1	1	0	0
OG_13110	0	0	0	0	0	0	0	0	2	1	0	0
OG_13111	0	1	1	1	1	6	2	1	2	2	1	1
OG_13112	0	1	1	1	0	1	1	1	3	1	0	0
OG_13113	0	1	0	0	0	0	0	0	1	0	0	0
OG_13114	1	1	1	1	1	1	2	1	1	1	2	1
OG_13115	0	0	0	0	0	0	0	0	1	13	0	0
OG_13116	4	1	1	1	0	1	0	0	0	0	0	0
OG_13117	0	0	0	0	1	0	0	0	1	3	0	0
OG_13118	1	0	1	1	1	1	2	1	2	1	1	1
OG_13119	0	0	0	0	0	0	0	0	1	1	0	0
OG_13120	1	1	0	1	0	2	1	0	0	0	0	0
OG_13121	0	0	0	2	0	0	0	0	1	0	0	0
OG_13122	1	1	1	1	0	1	3	1	1	1	0	0
OG_13123	3	1	1	1	0	1	1	0	2	0	0	0
OG_13124	0	0	0	0	0	0	0	0	1	1	0	0
OG_13125	1	3	0	2	0	0	2	0	0	0	0	0
OG_13126	0	0	0	0	0	0	0	0	1	1	0	0
OG_13127	0	0	0	0	0	0	0	0	2	1	0	0
OG_13128	0	0	0	0	0	0	0	0	2	1	0	0
OG_13129	0	0	0	0	0	0	0	0	1	1	0	0
OG_13130	0	0	0	0	0	0	0	0	1	1	0	0
OG_13131	1	1	5	1	2	1	1	5	2	1	1	1
OG_13132	2	1	1	2	0	1	2	1	3	0	0	5
OG_13133	0	0	0	0	0	0	0	0	1	1	0	0
OG_13134	0	0	0	0	0	0	0	0	1	1	0	0
OG_13135	5	2	3	5	0	3	4	4	7	2	0	0
OG_13136	0	0	0	0	0	0	0	0	1	1	0	0
OG_13137	2	1	1	3	0	1	1	1	2	1	1	1
OG_13138	0	0	0	0	0	0	0	0	2	1	0	0
OG_13139	0	0	0	0	0	0	0	0	1	1	0	0
OG_13140	1	1	4	1	1	1	2	1	2	1	1	1
OG_13141	1	1	3	1	0	1	1	2	0	1	0	0
OG_13142	0	0	0	0	0	0	0	0	1	1	0	0
OG_13143	0	0	0	0	0	0	0	0	1	1	0	0
OG_13144	0	0	0	0	0	0	0	0	1	4	0	0
OG_13145	0	0	0	0	0	0	0	0	1	1	0	0
OG_13146	0	0	0	0	0	0	0	0	1	1	0	0
OG_13147	0	0	0	0	0	0	0	0	1	1	0	0
OG_13148	0	0	0	0	0	0	0	0	1	1	0	0
OG_13149	0	0	0	0	0	0	0	0	1	1	0	0
OG_13150	3	0	2	0	0	5	5	5	5	13	0	0
OG_13151	0	0	0	0	0	0	0	0	1	2	0	0
OG_13152	0	0	0	0	0	0	0	0	1	1	0	0
OG_13153	0	0	0	0	0	0	0	0	1	1	0	0
OG_13154	0	0	0	0	0	0	0	0	1	1	0	0
OG_13155	0	0	0	0	0	0	0	0	1	1	0	0
OG_13156	1	1	1	1	3	1	1	1	1	1	1	1
OG_13157	0	0	0	0	0	0	0	0	5	2	0	0
OG_13158	1	1	2	2	0	1	1	4	2	2	0	0
OG_13159	0	0	0	0	0	0	0	0	1	1	0	0
OG_13160	1	1	1	1	0	1	1	1	1	1	0	1
OG_13161	0	0	0	0	3	0	0	0	2	2	0	0
OG_13162	0	0	0	0	0	0	0	0	1	1	0	0
OG_13163	1	1	1	1	0	1	1	1	5	1	0	0
OG_13164	0	0	0	0	0	0	0	0	1	1	0	0
OG_13165	0	0	0	0	0	0	0	0	1	1	0	0
OG_13166	0	0	0	0	0	0	0	0	1	1	0	0
OG_13167	0	0	0	0	0	0	0	0	1	1	0	0
OG_13168	0	0	0	0	0	0	0	0	1	1	0	0
OG_13169	0	0	0	0	0	0	0	0	1	1	0	0
OG_13170	0	0	0	0	0	0	0	0	1	1	0	0
OG_13171	0	0	0	0	0	0	0	0	1	1	0	0
OG_13172	0	0	0	0	0	0	0	0	1	2	0	0
OG_13173	0	1	1	1	0	1	1	1	3	0	0	1
OG_13174	0	0	0	0	0	0	0	0	1	1	0	0
OG_13175	9	5	2	8	0	2	15	2	1	9	0	0
OG_13176	0	0	0	0	0	0	0	0	1	1	0	0
OG_13177	0	0	0	0	0	0	0	0	1	2	0	0
OG_13178	0	0	0	0	0	0	0	0	1	1	0	0
OG_13179	0	0	0	0	0	0	0	0	1	1	0	0
OG_13180	0	0	0	0	0	0	0	0	1	1	0	0
OG_13181	0	0	0	0	0	0	0	0	1	1	0	0
OG_13182	0	0	0	0	0	0	0	0	1	1	0	0
OG_13183	0	0	0	0	0	0	0	0	1	1	0	0
OG_13184	0	0	0	0	0	0	0	0	1	3	0	0
OG_13185	0	5	0	5	0	0	1	0	0	0	0	0
OG_13186	1	1	1	1	3	1	1	1	2	1	1	1
OG_13187	4	7	1	4	10	2	2	1	5	0	1	1
OG_13188	0	8	0	1	0	0	1	0	0	0	0	0
OG_13189	0	0	0	0	0	0	0	0	1	2	0	0
OG_13190	1	1	4	1	0	1	1	1	0	1	0	0
OG_13191	0	0	0	0	1	0	0	0	0	0	1	0
OG_13192	9	6	14	5	1	8	6	8	3	1	0	3
OG_13193	0	0	0	0	0	0	0	0	1	1	0	0
OG_13194	0	0	0	0	0	0	0	0	1	1	0	0
OG_13195	0	0	0	0	0	0	0	0	1	2	0	0
OG_13196	0	0	0	0	0	0	0	0	1	1	0	0
OG_13197	1	3	0	1	0	1	1	0	0	1	0	0
OG_13198	0	0	0	0	0	0	0	0	1	1	0	0
OG_13199	0	0	0	0	0	0	0	0	1	2	0	0
OG_13200	0	0	0	0	0	0	0	0	1	1	0	0
OG_13201	0	0	0	0	0	0	0	0	1	1	0	0
OG_13202	0	0	0	0	0	0	0	0	1	1	0	0
OG_13203	0	0	0	0	0	0	0	0	1	1	0	0
OG_13204	3	2	3	3	2	3	3	2	5	11	0	2
OG_13205	1	1	1	1	1	1	1	1	0	2	3	2
OG_13206	0	0	0	0	0	0	0	0	1	2	0	0
OG_13207	0	0	0	0	0	0	0	0	1	2	0	0
OG_13208	0	0	0	0	0	0	0	0	1	1	0	0
OG_13209	0	0	0	0	0	0	0	0	5	4	0	0
OG_13210	0	0	0	0	0	0	0	0	1	1	0	0
OG_13211	0	0	0	0	0	0	0	0	1	1	0	0
OG_13212	0	0	0	0	0	0	0	0	1	1	0	0
OG_13213	1	1	2	1	2	1	1	1	1	6	1	2
OG_13214	1	1	1	1	3	1	1	2	1	1	1	1
OG_13215	0	0	0	1	0	0	0	0	0	3	0	0
OG_13216	1	1	2	1	0	1	1	1	1	2	0	0
OG_13217	1	2	1	1	1	1	1	1	1	11	2	2
OG_13218	2	1	2	1	1	1	1	1	1	1	1	0
OG_13219	1	0	0	0	0	0	0	0	0	2	0	1
OG_13220	2	4	1	2	0	1	1	1	1	3	0	2
OG_13221	1	2	1	1	1	2	1	1	1	2	1	1
OG_13222	1	1	1	1	1	1	1	1	1	2	0	1
OG_13223	1	1	3	2	2	1	1	1	1	2	0	1
OG_13224	1	3	2	1	0	1	1	1	2	1	0	1
OG_13225	3	0	0	2	0	2	2	1	0	1	0	0
OG_13226	1	1	0	1	2	1	1	1	0	1	0	8
OG_13227	1	0	0	1	0	1	0	0	0	0	0	0
OG_13228	1	0	0	1	0	0	1	0	0	0	0	0
OG_13229	0	0	0	1	0	1	1	0	0	2	0	0
OG_13230	1	1	2	1	0	1	1	1	1	2	0	2
OG_13231	1	2	3	1	0	1	1	2	0	0	0	1
OG_13232	1	1	1	1	0	1	1	1	1	3	0	1
OG_13233	0	0	0	0	1	0	0	0	0	0	2	0
OG_13234	1	0	0	2	0	1	1	1	1	2	0	0
OG_13235	1	1	1	1	2	1	1	2	4	7	1	1
OG_13236	1	1	1	1	5	1	2	1	2	1	1	1
OG_13237	1	1	1	1	1	1	1	1	1	1	1	1
OG_13238	1	2	1	1	8	1	1	2	2	1	1	1
OG_13239	1	0	0	0	0	0	0	0	0	1	0	0
OG_13240	1	1	2	1	0	1	1	1	0	1	0	0
OG_13241	1	1	2	1	1	1	1	3	1	1	1	1
OG_13242	2	0	0	1	0	1	3	0	1	1	0	0
OG_13243	1	1	1	1	0	1	1	1	2	1	0	0
OG_13244	1	3	6	0	0	1	1	2	0	1	0	0
OG_13245	1	1	2	1	0	1	1	1	1	1	0	0
OG_13246	1	1	1	5	3	1	1	1	5	4	0	1
OG_13247	1	1	1	5	6	1	1	1	1	1	3	2
OG_13248	1	1	2	1	1	1	1	1	1	2	1	1
OG_13249	3	1	3	1	0	1	1	1	0	1	0	1
OG_13250	1	1	1	1	1	1	1	1	1	1	1	4
OG_13251	1	1	1	1	1	1	2	1	2	4	0	1
OG_13252	1	2	1	1	0	1	1	1	0	1	0	0
OG_13253	1	1	0	2	0	1	1	2	0	1	0	0
OG_13254	1	2	1	1	1	1	1	1	1	1	2	2
OG_13255	1	1	1	1	0	1	2	1	0	1	0	0
OG_13256	2	1	1	1	3	1	1	3	1	4	1	1
OG_13257	10	1	1	1	0	1	2	0	0	0	0	0
OG_13258	1	1	0	1	0	1	0	0	0	1	0	0
OG_13259	0	0	0	0	0	0	0	0	1	1	0	0
OG_13260	0	0	1	0	0	0	0	0	0	1	0	0
OG_13261	1	1	1	1	1	1	1	1	1	1	2	1
OG_13262	1	1	2	2	7	2	2	1	2	3	1	1
OG_13263	1	1	1	1	0	1	1	1	1	1	0	0
OG_13264	1	1	2	1	0	1	2	1	1	2	0	0
OG_13265	1	1	1	1	1	1	1	1	1	1	1	2
OG_13266	0	0	0	0	1	0	0	0	0	0	1	0
OG_13267	2	2	1	1	2	1	1	1	1	1	2	1
OG_13268	0	0	0	1	0	1	0	0	1	1	0	0
OG_13269	1	4	1	1	1	1	1	1	1	6	1	1
OG_13270	1	1	2	1	2	1	2	1	1	0	1	1
OG_13271	1	1	1	1	3	1	1	1	1	1	0	1
OG_13272	1	1	1	1	3	1	1	1	1	1	3	1
OG_13273	20	10	1	4	0	11	11	4	1	2	0	0
OG_13274	1	1	1	1	1	1	1	1	1	2	1	0
OG_13275	1	1	3	1	2	1	1	4	2	1	1	2
OG_13276	1	1	1	2	0	1	1	1	1	1	0	1
OG_13277	1	1	1	1	0	2	4	0	0	0	0	0
OG_13278	0	1	1	1	1	1	1	1	0	1	0	0
OG_13279	1	1	1	1	2	1	1	1	4	0	3	1
OG_13280	0	2	0	1	0	0	0	0	0	1	0	0
OG_13281	0	1	2	1	1	1	1	2	1	1	2	1
OG_13282	0	0	0	0	0	0	0	0	0	1	1	0
OG_13283	0	0	0	1	0	0	0	0	0	1	0	0
OG_13284	0	3	0	1	0	0	0	0	0	0	0	0
OG_13285	2	1	3	1	0	1	1	2	1	1	0	0
OG_13286	0	0	0	0	0	0	0	0	1	1	0	0
OG_13287	0	2	2	2	0	2	2	2	2	1	1	1
OG_13288	1	1	2	1	0	13	1	2	1	0	0	0
OG_13289	0	0	0	0	0	0	0	0	1	2	0	0
OG_13290	0	0	0	0	0	0	0	0	1	1	0	0
OG_13291	1	0	1	1	0	1	1	1	2	0	0	0
OG_13292	1	1	1	1	2	1	1	1	1	0	1	1
OG_13293	0	0	0	0	0	0	0	0	1	10	0	0
OG_13294	4	3	6	5	3	4	4	3	2	9	1	1
OG_13295	1	1	2	2	2	1	2	3	2	4	1	1
OG_13296	2	1	1	1	0	1	1	1	1	1	0	0
OG_13297	1	3	3	1	0	1	4	2	2	2	0	2
OG_13298	1	1	1	1	1	1	1	1	1	3	1	4
OG_13299	0	0	0	0	0	0	0	0	1	4	0	0
OG_13300	1	1	1	5	1	1	1	1	1	1	1	1
OG_13301	5	1	2	2	0	1	1	1	2	2	0	0
OG_13302	2	2	2	4	2	2	4	3	3	4	2	1
OG_13303	1	1	1	2	1	1	1	2	1	4	2	1
OG_13304	2	3	2	2	2	2	2	2	2	4	1	2
OG_13305	1	1	2	5	0	1	1	1	1	4	0	0
OG_13306	5	1	1	1	1	1	1	1	2	2	2	1
OG_13307	1	1	1	2	1	1	1	1	1	3	1	1
OG_13308	0	0	2	0	0	1	0	1	0	0	0	0
OG_13309	2	3	2	3	0	1	1	3	1	3	0	0
OG_13310	2	1	1	1	0	1	1	1	1	1	0	0
OG_13311	0	0	0	0	1	0	0	0	0	0	2	0
OG_13312	2	1	1	1	4	1	1	1	1	1	2	1
OG_13313	2	1	1	1	2	1	1	1	1	2	3	1
OG_13314	2	1	1	3	0	1	2	1	1	1	0	1
OG_13315	2	1	3	1	2	1	1	1	2	4	1	2
OG_13316	7	5	4	4	0	4	5	5	3	22	0	1
OG_13317	4	1	1	1	0	1	1	1	1	1	0	1
OG_13318	2	1	1	1	1	1	1	1	1	3	0	1
OG_13319	2	1	2	1	2	1	1	4	2	1	1	1
OG_13320	1	0	0	2	0	0	0	0	0	0	0	0
OG_13321	2	1	1	1	2	1	1	1	1	4	0	1
OG_13322	2	2	1	2	0	1	1	1	0	0	0	0
OG_13323	2	1	1	1	0	1	2	1	0	0	0	0
OG_13324	2	1	1	2	2	2	2	1	4	3	1	1
OG_13325	2	1	1	1	1	1	1	1	1	1	1	1
OG_13326	2	1	2	1	0	1	1	2	0	0	0	0
OG_13327	7	13	2	10	0	1	7	2	3	4	0	0
OG_13328	0	1	0	3	3	1	1	1	1	0	1	1
OG_13329	1	0	1	1	1	1	1	1	0	0	1	0
OG_13330	1	1	0	2	3	1	3	1	1	2	0	1
OG_13331	2	1	1	1	1	1	1	4	2	1	1	1
OG_13332	2	1	1	1	1	1	1	1	3	4	1	8
OG_13333	2	1	1	1	1	1	1	1	1	1	2	1
OG_13334	2	1	1	1	6	1	1	7	4	6	1	1
OG_13335	2	1	2	1	0	1	4	2	1	1	0	0
OG_13336	2	1	1	2	0	1	1	1	2	8	0	2
OG_13337	3	1	3	1	0	1	2	1	4	5	0	0
OG_13338	2	1	1	1	0	1	1	1	1	1	0	0
OG_13339	2	1	4	3	0	1	4	3	2	1	0	0
OG_13340	4	1	2	1	1	1	1	1	2	1	1	1
OG_13341	2	1	1	1	0	0	1	1	0	0	0	0
OG_13342	2	1	1	2	1	1	1	0	1	1	1	1
OG_13343	0	0	0	5	0	0	0	0	2	0	0	0
OG_13344	13	1	3	4	0	3	4	2	1	1	0	0
OG_13345	2	0	2	0	0	1	2	2	2	2	0	0
OG_13346	2	1	1	1	1	1	2	1	3	1	3	1
OG_13347	3	1	1	2	3	1	2	1	1	1	2	1
OG_13348	2	1	2	1	1	1	1	1	2	1	1	2
OG_13349	2	2	1	3	1	1	2	1	1	1	1	3
OG_13350	2	1	1	1	1	1	2	1	1	1	1	2
OG_13351	2	1	1	1	1	1	1	1	1	1	1	1
OG_13352	3	1	1	2	0	2	1	1	1	6	0	1
OG_13353	1	1	1	1	1	1	1	1	2	1	2	1
OG_13354	1	1	1	1	2	1	1	1	1	1	1	1
OG_13355	17	2	12	19	1	3	21	13	5	5	1	1
OG_13356	2	5	3	2	1	1	1	5	0	1	2	1
OG_13357	2	1	2	2	0	1	2	1	1	2	0	1
OG_13358	2	1	2	1	2	1	5	1	1	4	1	1
OG_13359	1	1	2	1	3	1	1	1	2	2	0	2
OG_13360	2	1	1	1	0	1	2	1	0	2	0	2
OG_13361	2	1	1	1	0	1	1	1	2	4	0	0
OG_13362	9	1	2	0	0	2	4	2	0	0	0	0
OG_13363	2	1	5	1	0	1	1	4	1	3	0	0
OG_13364	2	1	2	1	7	1	0	1	1	5	2	1
OG_13365	2	2	2	1	0	1	3	1	2	1	0	0
OG_13366	2	1	1	2	1	1	1	1	1	1	2	1
OG_13367	2	1	1	1	1	1	1	1	1	1	2	1
OG_13368	6	0	7	1	0	6	4	4	0	0	0	0
OG_13369	1	1	1	2	0	1	2	1	1	1	0	0
OG_13370	4	1	1	2	0	2	1	0	1	1	0	1
OG_13371	1	1	1	1	2	7	2	0	1	1	1	2
OG_13372	2	0	0	0	0	0	2	0	0	0	0	0
OG_13373	1	1	0	1	0	2	1	0	0	0	0	0
OG_13374	2	1	1	1	1	1	1	2	1	2	1	1
OG_13375	20	1	0	3	0	8	8	0	0	0	0	0
OG_13376	2	1	1	1	3	1	1	1	2	1	9	1
OG_13377	1	1	1	1	2	1	1	1	1	1	2	1
OG_13378	4	1	2	1	1	1	2	4	1	2	1	1
OG_13379	1	1	2	1	2	1	1	2	2	1	2	1
OG_13380	1	1	2	1	2	1	1	0	1	3	2	1
OG_13381	2	0	0	0	0	0	0	1	0	0	0	0
OG_13382	3	5	1	1	0	1	1	3	0	0	0	0
OG_13383	2	1	1	1	1	1	1	5	2	3	1	0
OG_13384	2	3	9	4	12	4	2	7	2	2	2	1
OG_13385	7	0	1	3	0	1	6	1	3	1	0	0
OG_13386	2	2	1	1	0	1	1	2	1	1	0	0
OG_13387	2	1	2	2	1	1	2	2	2	1	1	2
OG_13388	2	1	1	1	2	1	1	1	1	1	1	1
OG_13389	3	1	6	1	0	1	1	1	3	1	0	0
OG_13390	2	1	3	1	1	1	1	4	1	4	1	1
OG_13391	2	1	1	1	1	1	1	1	1	3	1	1
OG_13392	2	2	1	1	2	1	1	1	2	3	2	3
OG_13393	3	2	1	1	2	1	1	1	1	5	1	1
OG_13394	2	2	3	1	4	1	1	3	2	1	1	1
OG_13395	2	1	2	1	1	1	1	1	1	3	0	1
OG_13396	2	1	3	1	1	1	2	1	3	1	2	1
OG_13397	1	1	4	1	0	1	1	2	1	1	0	1
OG_13398	4	0	1	1	0	1	1	1	0	0	0	0
OG_13399	2	1	1	1	2	1	1	1	1	3	1	1
OG_13400	4	2	3	3	5	2	2	2	4	1	3	2
OG_13401	3	2	3	2	1	1	1	1	2	9	2	1
OG_13402	2	1	1	1	1	1	1	1	1	1	1	1
OG_13403	2	1	3	1	1	1	1	1	1	2	1	1
OG_13404	2	1	1	1	2	1	1	1	1	1	2	1
OG_13405	2	2	1	1	1	1	1	1	1	0	1	1
OG_13406	2	1	1	1	0	1	1	2	0	0	0	0
OG_13407	2	0	0	1	0	0	0	0	0	0	0	0
OG_13408	3	2	5	2	5	6	3	3	2	3	3	2
OG_13409	2	1	1	1	1	1	1	1	1	3	1	1
OG_13410	2	1	1	1	2	1	1	1	1	2	1	0
OG_13411	2	1	1	1	1	1	1	1	1	2	2	1
OG_13412	2	1	1	1	1	1	1	1	3	1	1	1
OG_13413	3	2	1	1	1	1	1	1	1	1	1	1
OG_13414	7	9	6	5	0	5	4	6	4	4	0	2
OG_13415	1	1	2	1	9	1	2	1	2	1	0	1
OG_13416	5	2	5	2	3	2	4	2	2	5	1	1
OG_13417	4	1	1	9	0	1	4	1	2	5	0	1
OG_13418	1	1	1	2	0	1	1	1	1	1	0	2
OG_13419	3	2	2	2	1	2	2	2	3	2	1	7
OG_13420	2	2	1	1	0	1	1	1	1	1	0	1
OG_13421	2	1	1	1	1	1	1	1	1	1	1	1
OG_13422	3	1	2	1	0	1	1	1	1	0	0	0
OG_13423	4	1	2	1	0	1	1	2	1	1	0	1
OG_13424	2	1	2	1	1	1	1	2	2	1	1	1
OG_13425	1	1	1	1	1	1	1	1	2	1	1	1
OG_13426	2	1	2	1	1	1	1	1	2	1	2	1
OG_13427	2	1	1	1	1	2	1	1	1	1	1	1
OG_13428	3	1	2	2	2	2	1	1	1	2	3	1
OG_13429	1	1	0	1	1	1	2	1	1	2	0	0
OG_13430	2	1	1	1	2	1	1	1	1	1	1	1
OG_13431	3	1	0	1	0	0	2	0	0	0	0	0
OG_13432	2	1	1	1	0	1	1	1	1	1	0	1
OG_13433	2	1	2	1	1	1	1	1	1	1	1	1
OG_13434	4	2	0	0	0	0	0	0	0	0	0	0
OG_13435	6	4	2	7	0	3	9	4	0	0	0	0
OG_13436	2	1	1	1	2	1	3	1	1	4	1	2
OG_13437	2	1	1	1	1	1	1	1	1	1	1	1
OG_13438	6	4	2	3	8	2	5	3	6	8	1	2
OG_13439	2	2	1	1	1	1	2	2	1	1	1	1
OG_13440	3	1	2	1	0	1	1	1	0	1	0	0
OG_13441	2	0	1	9	1	0	1	0	0	0	2	0
OG_13442	1	1	1	1	4	1	1	1	1	1	1	1
OG_13443	3	3	5	3	1	3	2	5	1	2	1	0
OG_13444	1	1	0	1	0	1	1	0	1	1	0	1
OG_13445	1	1	1	0	0	1	1	0	1	0	0	0
OG_13446	2	1	1	1	1	1	1	1	1	3	1	2
OG_13447	4	1	1	1	1	3	1	1	2	1	1	1
OG_13448	2	1	2	1	1	1	1	0	1	1	1	1
OG_13449	2	1	2	1	0	1	3	1	2	4	0	0
OG_13450	2	1	1	1	4	1	1	1	1	2	1	1
OG_13451	1	1	1	1	0	1	1	1	1	2	0	1
OG_13452	2	1	1	1	1	1	1	1	1	1	1	1
OG_13453	5	4	0	0	0	0	1	0	0	0	0	0
OG_13454	2	1	1	1	1	1	1	1	1	2	1	1
OG_13455	3	0	0	1	0	0	0	0	0	0	0	0
OG_13456	4	2	4	2	1	3	3	3	1	1	1	0
OG_13457	1	1	1	1	1	2	1	0	2	1	1	1
OG_13458	1	1	2	1	1	1	1	2	1	1	1	1
OG_13459	1	0	1	2	0	2	3	3	1	1	0	0
OG_13460	3	1	1	1	2	1	1	2	1	7	1	4
OG_13461	5	1	1	1	0	1	1	1	2	3	0	0
OG_13462	2	2	1	1	0	1	2	0	1	1	0	0
OG_13463	2	1	3	1	1	1	2	2	3	0	0	2
OG_13464	2	1	2	1	1	1	1	1	2	1	1	1
OG_13465	3	1	2	1	1	1	1	4	1	1	1	1
OG_13466	4	0	1	2	0	1	4	0	0	0	0	1
OG_13467	3	1	1	1	2	1	3	1	1	1	1	1
OG_13468	3	1	1	1	2	1	1	1	1	3	2	1
OG_13469	2	1	1	1	1	1	1	1	2	1	1	1
OG_13470	3	2	3	1	1	2	2	2	1	1	2	0
OG_13471	3	1	2	1	5	1	1	1	3	1	2	0
OG_13472	2	1	3	1	4	1	1	2	1	1	1	1
OG_13473	2	1	1	2	2	2	1	1	1	1	2	0
OG_13474	2	1	1	2	0	1	1	1	0	0	0	0
OG_13475	2	1	2	1	2	1	1	1	1	1	1	1
OG_13476	5	6	4	6	1	4	3	4	3	4	3	4
OG_13477	2	1	2	1	4	1	1	1	1	1	0	1
OG_13478	2	1	2	1	1	1	1	3	1	3	1	1
OG_13479	5	5	6	4	7	6	5	5	9	5	5	3
OG_13480	2	2	1	1	1	1	1	1	2	1	1	1
OG_13481	3	2	11	2	1	2	2	2	1	1	1	1
OG_13482	2	0	2	1	0	1	2	3	0	0	0	1
OG_13483	2	1	2	1	0	1	1	1	3	1	0	0
OG_13484	3	2	3	2	0	2	2	2	0	0	0	0
OG_13485	2	0	1	1	0	3	1	1	0	0	0	0
OG_13486	8	0	3	2	0	2	4	2	0	0	0	0
OG_13487	4	2	1	1	1	1	6	1	1	1	1	1
OG_13488	2	1	1	1	2	1	1	1	1	1	1	1
OG_13489	2	1	1	1	1	1	1	1	1	2	1	1
OG_13490	2	1	1	1	1	1	2	1	1	1	1	1
OG_13491	2	1	2	4	11	2	2	2	2	2	2	1
OG_13492	3	1	1	1	2	1	1	2	1	2	1	0
OG_13493	4	4	2	2	1	2	2	2	1	1	1	1
OG_13494	2	1	1	1	1	1	2	1	1	1	1	1
OG_13495	2	1	1	1	2	1	2	1	2	2	1	2
OG_13496	3	1	1	2	1	2	1	2	1	1	1	1
OG_13497	2	2	6	1	5	1	1	1	1	9	3	1
OG_13498	2	2	3	1	2	1	1	1	1	1	1	1
OG_13499	2	1	1	1	0	2	1	1	1	1	0	1
OG_13500	3	1	1	2	0	1	2	1	1	0	0	2
OG_13501	2	1	2	1	1	1	1	1	2	3	1	1
OG_13502	2	1	3	1	0	1	1	2	2	1	0	1
OG_13503	5	1	2	1	1	2	1	2	2	1	1	2
OG_13504	3	1	2	3	0	1	2	1	1	2	0	0
OG_13505	7	3	2	6	0	3	3	3	2	1	0	5
OG_13506	2	1	1	1	3	1	2	1	1	4	1	1
OG_13507	2	1	2	1	1	1	1	2	2	1	1	1
OG_13508	2	1	2	1	2	1	1	1	2	3	1	1
OG_13509	3	1	1	1	2	1	1	1	1	1	2	1
OG_13510	1	1	1	1	2	1	1	1	1	1	4	1
OG_13511	1	1	2	1	0	1	1	2	0	7	0	1
OG_13512	1	1	1	1	1	2	2	1	1	1	1	0
OG_13513	3	1	2	1	3	1	6	2	1	1	2	1
OG_13514	1	0	1	0	0	0	0	0	0	0	0	0
OG_13515	2	1	2	1	1	1	2	2	4	2	1	1
OG_13516	2	1	1	1	1	2	1	1	2	2	1	1
OG_13517	2	1	1	1	0	1	1	1	1	1	0	0
OG_13518	2	1	1	1	1	1	1	1	1	2	1	1
OG_13519	0	0	0	0	1	0	0	0	0	0	2	0
OG_13520	3	2	3	2	2	2	2	2	1	1	0	1
OG_13521	2	1	2	1	0	2	5	2	0	6	0	1
OG_13522	3	4	4	1	1	3	3	2	0	0	0	0
OG_13523	3	1	1	1	0	1	1	1	1	4	2	1
OG_13524	2	2	3	1	1	1	1	1	1	1	1	1
OG_13525	2	1	1	1	2	1	1	1	1	1	1	1
OG_13526	2	1	3	1	1	1	1	3	1	1	1	2
OG_13527	1	1	2	3	4	1	1	1	1	1	0	0
OG_13528	2	1	1	1	2	1	1	0	1	1	0	0
OG_13529	2	1	2	1	0	1	2	1	1	1	0	0
OG_13530	3	1	3	1	1	3	2	2	0	2	1	1
OG_13531	2	1	1	1	1	1	1	1	1	1	1	1
OG_13532	1	1	1	1	1	1	1	1	1	1	1	3
OG_13533	1	1	4	1	0	1	2	3	1	1	0	2
OG_13534	1	1	1	1	0	1	2	1	2	1	0	0
OG_13535	1	1	2	1	4	1	1	1	1	1	1	2
OG_13536	1	1	3	1	0	1	1	2	1	4	0	0
OG_13537	8	3	8	6	6	7	7	8	4	5	2	0
OG_13538	2	1	4	1	0	1	1	5	2	2	0	2
OG_13539	4	0	0	0	0	1	1	1	0	0	0	0
OG_13540	1	1	1	1	1	1	2	1	1	2	2	1
OG_13541	7	3	3	5	1	3	4	3	3	13	3	1
OG_13542	0	2	2	1	0	0	0	0	2	0	0	0
OG_13543	2	1	1	1	0	1	1	1	2	1	0	0
OG_13544	11	1	4	4	1	7	4	4	1	1	0	0
OG_13545	3	2	1	1	2	1	1	1	1	1	1	1
OG_13546	2	1	2	1	0	1	1	4	2	1	0	0
OG_13547	4	2	5	3	4	3	4	2	5	12	2	2
OG_13548	2	1	1	1	1	1	3	1	3	2	1	1
OG_13549	15	0	7	3	0	6	5	3	0	0	0	1
OG_13550	1	1	2	1	0	1	1	2	1	2	0	0
OG_13551	4	1	4	2	0	3	4	2	2	0	0	0
OG_13552	2	2	1	3	1	1	1	1	1	1	1	1
OG_13553	0	0	0	0	2	0	0	0	0	0	1	0
OG_13554	2	1	1	1	2	1	2	1	1	1	4	1
OG_13555	2	1	1	1	1	1	1	2	2	3	1	1
OG_13556	2	1	3	0	0	2	2	2	0	0	0	0
OG_13557	27	12	14	6	5	9	11	6	4	3	0	0
OG_13558	1	0	0	0	0	0	1	0	0	0	0	0
OG_13559	4	3	11	3	0	3	4	4	3	2	0	1
OG_13560	2	1	1	1	1	1	1	1	1	1	2	1
OG_13561	0	1	1	1	1	1	1	0	1	1	3	0
OG_13562	1	1	2	1	2	1	1	2	4	4	2	2
OG_13563	2	1	1	1	0	1	1	1	1	1	0	0
OG_13564	2	1	2	1	2	1	1	2	2	1	1	3
OG_13565	2	1	1	1	0	1	1	1	2	1	0	0
OG_13566	2	1	1	1	0	1	1	1	1	1	0	0
OG_13567	2	1	1	1	1	1	1	2	2	1	1	1
OG_13568	4	5	2	3	0	9	1	1	4	6	0	17
OG_13569	2	1	2	1	1	1	1	1	0	4	1	4
OG_13570	2	1	3	1	1	1	1	1	1	1	1	1
OG_13571	2	1	1	1	2	1	1	1	1	1	2	0
OG_13572	2	1	1	1	1	1	1	1	1	1	1	0
OG_13573	4	0	0	2	0	1	2	0	0	0	0	0
OG_13574	12	0	2	2	0	4	8	4	0	0	0	0
OG_13575	0	0	0	0	1	0	0	0	0	0	1	0
OG_13576	2	0	0	1	0	1	1	2	0	0	0	0
OG_13577	1	1	1	1	2	1	1	1	1	1	2	1
OG_13578	2	1	1	1	1	2	1	1	1	2	2	1
OG_13579	1	1	4	1	0	1	1	1	1	0	2	0
OG_13580	3	1	1	2	2	1	1	1	1	1	0	2
OG_13581	2	2	1	1	2	1	1	2	1	5	1	0
OG_13582	2	1	1	1	1	2	1	2	1	1	1	1
OG_13583	2	1	2	1	0	1	1	2	2	1	0	1
OG_13584	3	1	2	2	1	1	1	1	1	2	1	1
OG_13585	1	1	1	1	1	1	2	1	1	1	2	2
OG_13586	1	1	1	1	1	1	2	2	1	1	1	1
OG_13587	1	1	5	2	0	1	1	1	1	0	0	0
OG_13588	2	1	1	2	1	1	2	1	1	1	1	1
OG_13589	2	1	2	0	0	1	1	2	2	2	0	0
OG_13590	1	1	1	1	0	1	1	1	0	1	0	0
OG_13591	1	1	1	1	1	1	1	1	1	3	1	1
OG_13592	1	2	0	0	0	2	1	0	0	0	0	0
OG_13593	1	1	1	2	0	2	1	0	0	0	0	0
OG_13594	2	1	1	1	1	1	1	1	1	1	1	1
OG_13595	5	1	3	1	0	1	1	1	0	0	0	0
OG_13596	2	2	1	1	1	1	1	1	1	2	1	1
OG_13597	1	1	1	1	0	1	1	1	1	1	0	1
OG_13598	2	1	1	1	1	1	1	1	1	1	1	1
OG_13599	3	3	2	1	0	1	1	1	3	1	0	0
OG_13600	10	6	12	9	0	9	8	14	2	3	0	2
OG_13601	2	1	1	1	1	1	1	1	1	1	2	1
OG_13602	2	1	2	1	1	1	1	1	1	2	2	1
OG_13603	1	1	1	1	4	1	1	1	1	1	0	1
OG_13604	2	2	1	1	1	3	1	1	1	5	1	1
OG_13605	3	2	4	2	2	2	4	3	4	4	1	2
OG_13606	1	1	2	1	1	1	1	1	1	1	1	2
OG_13607	2	2	2	2	0	1	1	3	2	0	0	0
OG_13608	3	1	1	2	2	1	1	1	2	3	1	1
OG_13609	3	1	1	1	1	1	1	1	1	2	2	1
OG_13610	2	1	2	1	2	1	1	2	1	4	1	1
OG_13611	2	1	2	2	4	1	1	2	2	4	1	1
OG_13612	1	0	3	0	0	1	1	1	0	0	0	0
OG_13613	1	1	1	1	4	1	1	1	0	0	1	0
OG_13614	3	1	1	2	0	1	1	1	2	8	0	2
OG_13615	5	1	2	2	3	2	4	3	2	2	1	1
OG_13616	6	0	5	2	0	2	2	2	0	4	0	0
OG_13617	4	2	0	1	0	6	2	1	1	0	1	0
OG_13618	1	1	1	1	0	1	1	1	1	0	0	0
OG_13619	2	6	2	2	1	2	9	3	2	6	3	1
OG_13620	2	1	2	2	0	1	1	3	1	3	0	1
OG_13621	1	2	1	1	2	1	1	1	2	2	1	1
OG_13622	0	1	2	1	0	1	1	1	1	1	0	0
OG_13623	1	1	2	1	1	1	2	1	1	1	1	1
OG_13624	1	1	1	1	1	1	1	0	1	1	2	1
OG_13625	1	1	1	1	2	1	1	1	1	2	1	1
OG_13626	2	3	2	2	1	2	2	2	2	1	1	1
OG_13627	2	1	1	2	0	1	1	1	2	1	0	0
OG_13628	0	0	0	0	2	0	0	0	0	0	2	0
OG_13629	1	1	1	0	0	1	1	1	1	1	0	0
OG_13630	1	0	0	0	0	1	1	0	0	0	0	0
OG_13631	1	2	1	1	0	1	1	5	1	4	0	1
OG_13632	1	1	1	1	3	1	1	1	1	3	1	1
OG_13633	4	2	3	5	1	2	8	3	1	5	1	2
OG_13634	1	1	1	1	2	1	1	1	1	1	1	1
OG_13635	1	1	1	7	4	1	1	1	2	1	1	1
OG_13636	1	1	1	1	0	1	1	1	2	1	0	0
OG_13637	1	1	1	1	0	1	1	1	0	0	0	0
OG_13638	1	1	1	1	1	1	3	1	1	3	1	0
OG_13639	1	0	3	1	0	1	1	1	1	0	0	0
OG_13640	1	1	3	1	1	1	0	3	1	1	1	0
OG_13641	1	1	1	1	2	1	1	1	1	6	0	1
OG_13642	3	2	1	2	0	1	3	1	0	0	0	0
OG_13643	4	0	0	7	4	1	1	1	0	0	0	4
OG_13644	1	2	2	5	0	1	1	2	0	0	0	0
OG_13645	2	0	0	1	0	1	1	0	0	1	0	0
OG_13646	1	1	1	1	1	1	2	1	1	1	1	1
OG_13647	1	1	1	1	0	1	1	1	1	1	0	1
OG_13648	1	1	1	1	0	1	1	1	0	1	0	1
OG_13649	0	0	0	0	2	0	0	0	0	0	1	0
OG_13650	1	0	0	0	0	0	1	0	0	6	1	0
OG_13651	1	1	1	1	4	1	1	1	2	5	1	3
OG_13652	1	1	1	2	2	1	2	1	1	1	1	1
OG_13653	2	0	5	6	0	1	1	0	0	0	0	0
OG_13654	1	1	1	1	3	1	1	1	1	2	2	1
OG_13655	1	1	1	1	2	2	1	1	1	1	1	1
OG_13656	1	1	1	1	0	2	1	1	1	0	0	1
OG_13657	1	1	1	1	1	1	1	1	1	1	1	1
OG_13658	1	3	7	2	1	2	2	1	2	2	1	0
OG_13659	2	2	3	2	0	2	2	2	2	2	0	1
OG_13660	1	1	1	1	0	2	1	1	0	0	0	0
OG_13661	2	2	6	2	2	2	2	2	1	1	2	1
OG_13662	1	1	1	1	1	1	1	1	1	1	1	2
OG_13663	1	1	1	1	0	1	1	2	2	1	0	0
OG_13664	2	2	10	2	9	2	2	7	3	2	2	1
OG_13665	1	1	1	1	1	1	1	1	1	1	1	1
OG_13666	1	1	3	1	1	1	1	5	1	1	1	1
OG_13667	1	2	1	1	2	1	1	1	1	1	3	1
OG_13668	2	1	1	1	2	1	1	2	1	1	1	2
OG_13669	1	1	2	1	2	5	2	2	1	0	3	1
OG_13670	1	1	1	1	1	1	1	1	2	2	2	1
OG_13671	1	1	1	1	0	1	1	8	2	2	0	1
OG_13672	1	1	0	1	0	1	1	0	1	1	0	0
OG_13673	1	1	4	1	1	1	1	1	1	1	1	1
OG_13674	1	1	1	1	1	1	1	1	1	0	1	2
OG_13675	1	1	1	1	1	1	1	1	1	1	1	1
OG_13676	6	0	1	0	0	1	2	0	0	0	0	0
OG_13677	1	0	1	1	1	1	1	1	1	4	1	1
OG_13678	1	1	2	1	1	1	1	3	1	1	6	0
OG_13679	1	1	13	1	1	1	2	4	2	6	8	2
OG_13680	1	1	1	1	2	1	1	1	2	3	0	0
OG_13681	1	2	2	2	1	1	1	1	1	1	1	0
OG_13682	1	2	1	1	0	0	1	1	0	0	0	0
OG_13683	1	0	0	2	0	1	0	0	0	0	0	0
OG_13684	5	4	4	7	2	4	5	4	3	4	3	4
OG_13685	1	1	1	1	3	1	2	2	4	1	1	1
OG_13686	3	1	1	1	2	1	1	1	1	1	2	1
OG_13687	1	2	1	1	0	1	2	1	1	1	0	0
OG_13688	1	1	1	2	2	1	1	1	1	1	2	1
OG_13689	1	1	1	1	1	1	1	1	1	1	2	2
OG_13690	1	1	1	1	0	1	2	1	1	1	0	0
OG_13691	1	1	2	2	1	1	1	1	2	2	3	2
OG_13692	1	1	1	1	1	1	1	1	1	2	1	1
OG_13693	1	1	1	1	1	1	1	1	1	1	1	0
OG_13694	1	1	1	1	1	1	1	1	1	4	2	1
OG_13695	1	0	0	1	0	1	0	0	0	0	0	0
OG_13696	1	1	1	1	1	1	1	1	1	1	1	1
OG_13697	1	1	1	1	0	1	1	1	1	1	0	0
OG_13698	1	1	1	1	0	1	1	1	1	1	0	1
OG_13699	0	0	0	0	1	0	0	0	0	0	1	0
OG_13700	1	1	1	1	0	1	2	1	2	1	0	3
OG_13701	2	1	2	1	3	2	1	1	1	3	1	0
OG_13702	1	1	1	1	0	1	1	1	1	1	0	0
OG_13703	2	2	5	2	4	3	2	3	1	5	4	0
OG_13704	1	1	0	0	0	0	0	0	0	0	0	0
OG_13705	1	1	1	1	0	1	1	1	1	1	0	1
OG_13706	1	1	1	1	0	1	1	1	1	1	0	0
OG_13707	1	1	2	1	0	1	1	1	1	1	0	1
OG_13708	1	1	3	1	2	1	1	1	1	3	1	0
OG_13709	1	1	1	5	1	1	1	1	2	1	2	2
OG_13710	8	3	3	0	0	5	3	4	0	0	0	2
OG_13711	0	0	0	0	3	0	0	0	0	0	2	0
OG_13712	1	1	0	1	0	1	1	0	0	1	0	0
OG_13713	1	1	1	1	0	1	1	1	0	0	0	0
OG_13714	1	1	1	1	2	1	1	1	1	3	1	1
OG_13715	1	0	2	3	0	4	2	2	1	0	0	2
OG_13716	1	1	1	1	1	1	2	1	1	2	2	0
OG_13717	1	1	1	1	2	1	1	1	1	4	1	1
OG_13718	1	1	0	1	0	1	0	0	0	1	0	0
OG_13719	1	0	0	0	0	0	0	0	0	1	0	0
OG_13720	1	1	3	1	0	2	1	1	0	0	0	0
OG_13721	1	0	1	1	2	1	1	2	0	3	1	1
OG_13722	1	1	4	1	1	1	1	4	2	1	0	1
OG_13723	1	1	0	1	3	1	1	0	1	1	0	0
OG_13724	1	1	2	1	0	2	1	2	1	2	0	1
OG_13725	1	1	2	2	2	0	1	1	3	9	1	1
OG_13726	1	1	1	1	0	1	1	1	1	1	0	1
OG_13727	1	1	1	1	2	1	1	1	1	1	1	1
OG_13728	1	1	1	1	2	1	1	1	1	2	2	3
OG_13729	1	0	0	1	0	1	1	0	0	0	0	0
OG_13730	2	2	3	3	0	4	5	3	4	1	4	3
OG_13731	1	1	1	1	1	1	1	1	1	1	0	1
OG_13732	1	1	2	2	2	1	1	2	1	1	6	1
OG_13733	1	1	1	1	2	1	2	1	3	6	3	1
OG_13734	1	1	2	1	5	1	1	1	3	1	1	1
OG_13735	1	1	1	1	1	1	1	3	1	3	1	1
OG_13736	1	0	2	1	7	1	1	1	0	1	5	0
OG_13737	1	1	1	1	0	1	1	2	1	1	0	2
OG_13738	1	1	1	1	0	1	1	1	1	2	0	0
OG_13739	1	1	1	1	1	1	1	1	1	2	3	1
OG_13740	1	2	1	1	9	1	2	3	2	1	0	0
OG_13741	3	3	8	2	2	3	3	5	4	2	2	1
OG_13742	1	1	1	2	0	1	1	1	1	1	0	1
OG_13743	1	1	3	1	1	1	1	1	1	1	0	1
OG_13744	1	1	1	1	0	2	1	1	1	3	0	0
OG_13745	0	0	0	0	1	0	0	0	0	0	1	0
OG_13746	1	1	4	1	0	1	1	6	1	0	0	0
OG_13747	3	0	3	1	0	2	2	4	1	1	0	0
OG_13748	0	0	0	0	1	0	0	0	0	0	1	0
OG_13749	1	1	1	1	0	1	0	1	1	2	0	1
OG_13750	2	1	1	1	3	3	1	2	2	1	1	1
OG_13751	2	2	2	2	1	3	2	2	1	1	1	1
OG_13752	1	1	0	1	0	1	1	1	0	1	0	0
OG_13753	1	0	1	1	4	1	1	1	1	2	0	1
OG_13754	1	1	1	1	0	1	1	1	2	2	0	1
OG_13755	1	1	1	1	0	1	1	1	0	0	0	0
OG_13756	1	0	0	0	0	0	3	0	0	0	0	0
OG_13757	1	1	1	1	1	1	1	1	1	1	1	1
OG_13758	1	1	1	1	0	1	1	1	2	1	0	0
OG_13759	1	1	1	1	1	1	1	1	3	1	0	1
OG_13760	1	1	1	1	2	1	1	1	2	5	1	2
OG_13761	1	1	1	1	1	1	1	1	1	1	1	0
OG_13762	1	1	1	1	7	4	1	1	1	3	3	0
OG_13763	1	1	1	1	1	1	1	1	1	1	0	1
OG_13764	0	0	0	0	3	0	0	0	0	0	1	0
OG_13765	1	1	1	1	1	1	1	1	1	1	1	1
OG_13766	1	1	2	1	0	1	1	1	0	0	0	0
OG_13767	1	1	1	1	1	1	1	1	1	1	1	1
OG_13768	1	1	1	1	0	1	1	2	1	1	0	0
OG_13769	1	1	4	1	2	1	1	4	1	1	1	1
OG_13770	1	1	1	1	1	1	1	1	1	1	1	1
OG_13771	1	1	1	1	2	1	1	2	1	2	1	0
OG_13772	1	0	0	0	0	1	0	0	0	0	0	0
OG_13773	1	1	1	1	1	1	1	1	1	3	0	0
OG_13774	1	1	2	1	1	1	1	1	1	1	1	1
OG_13775	1	1	1	1	1	1	1	1	1	1	1	1
OG_13776	1	2	1	1	0	1	1	1	0	0	0	0
OG_13777	1	1	1	1	3	1	1	1	1	1	1	1
OG_13778	2	4	1	2	3	1	2	1	4	3	2	1
OG_13779	1	1	0	1	0	6	1	0	0	1	0	0
OG_13780	1	1	1	1	1	4	2	1	1	1	1	1
OG_13781	1	1	1	1	1	1	1	1	2	1	2	1
OG_13782	1	3	1	1	1	1	1	1	1	5	1	0
OG_13783	1	1	1	1	1	1	1	1	1	6	1	0
OG_13784	1	2	1	1	1	1	2	2	1	2	1	2
OG_13785	1	1	2	1	1	1	1	1	0	1	3	0
OG_13786	7	3	5	6	0	7	11	8	4	0	0	0
OG_13787	1	1	2	1	0	1	1	2	1	1	0	1
OG_13788	2	1	5	1	3	7	1	3	1	3	1	1
OG_13789	1	2	1	1	0	1	1	1	2	2	0	1
OG_13790	4	1	3	1	0	3	5	2	1	1	0	1
OG_13791	1	1	2	1	1	1	4	2	1	4	1	1
OG_13792	0	1	1	1	1	1	2	1	3	1	1	4
OG_13793	1	1	1	1	1	1	2	1	2	4	1	1
OG_13794	1	1	2	2	1	1	1	1	1	5	1	1
OG_13795	3	2	6	2	4	2	4	2	4	0	0	2
OG_13796	1	1	3	1	0	1	1	1	2	4	0	1
OG_13797	1	1	1	1	5	1	1	1	1	1	1	1
OG_13798	1	1	0	0	0	0	0	0	0	0	0	0
OG_13799	1	1	1	1	3	1	1	2	1	2	2	1
OG_13800	1	1	1	1	1	1	0	1	2	1	1	1
OG_13801	1	1	2	1	1	1	1	1	1	7	1	1
OG_13802	5	0	0	1	0	2	0	0	0	0	0	0
OG_13803	1	1	1	1	1	1	1	1	1	1	2	1
OG_13804	1	1	1	1	3	1	1	1	1	5	1	1
OG_13805	1	1	2	1	2	1	2	2	2	5	2	1
OG_13806	1	1	1	1	1	1	1	1	1	1	1	0
OG_13807	1	1	1	1	1	1	1	1	1	3	1	0
OG_13808	1	1	1	1	4	1	1	1	0	0	12	1
OG_13809	1	1	1	1	1	1	1	1	1	1	1	3
OG_13810	1	1	1	1	1	1	1	1	2	1	1	1
OG_13811	1	1	1	1	1	1	1	1	1	2	1	1
OG_13812	1	1	2	1	1	1	2	1	1	1	1	2
OG_13813	1	1	1	1	2	1	1	1	1	0	1	1
OG_13814	1	1	0	1	0	0	0	0	0	0	0	0
OG_13815	2	1	4	1	0	2	3	3	6	6	0	0
OG_13816	1	1	1	1	0	1	5	1	1	2	0	1
OG_13817	1	1	1	1	1	1	1	1	1	1	2	1
OG_13818	2	2	1	2	3	2	1	1	1	1	2	1
OG_13819	1	0	0	0	0	1	2	0	0	0	0	0
OG_13820	1	1	1	1	1	1	1	1	1	0	2	1
OG_13821	3	1	4	1	1	1	1	1	1	2	1	1
OG_13822	1	0	0	0	0	0	1	0	0	0	0	1
OG_13823	1	1	1	1	0	1	1	1	0	1	0	0
OG_13824	1	1	0	1	0	1	0	1	1	0	0	0
OG_13825	1	2	1	1	1	1	1	2	1	2	1	3
OG_13826	2	1	1	1	2	1	1	1	1	1	2	1
OG_13827	1	1	1	1	0	1	1	1	0	0	0	0
OG_13828	1	3	1	1	1	1	1	2	1	4	1	1
OG_13829	2	1	2	1	4	1	1	1	1	1	1	2
OG_13830	1	1	2	3	0	1	1	2	5	1	0	1
OG_13831	2	2	2	2	0	2	2	2	2	2	0	1
OG_13832	1	1	3	1	3	1	1	2	1	1	1	1
OG_13833	1	1	2	1	1	1	1	1	1	1	1	2
OG_13834	1	2	1	1	0	1	1	1	1	3	0	0
OG_13835	6	2	1	4	0	1	1	1	0	0	0	0
OG_13836	1	0	0	0	0	0	1	0	0	0	0	0
OG_13837	1	1	1	0	0	1	1	1	1	1	0	0
OG_13838	1	1	1	1	0	1	1	1	1	1	0	0
OG_13839	4	4	15	5	1	4	4	17	5	12	1	1
OG_13840	1	1	5	1	0	1	1	7	2	2	0	0
OG_13841	1	1	1	1	0	1	1	1	1	2	0	0
OG_13842	1	1	1	1	0	1	2	1	1	1	0	0
OG_13843	1	2	3	1	0	1	1	1	1	3	0	0
OG_13844	1	1	1	1	3	2	3	2	1	1	0	1
OG_13845	1	1	1	1	1	1	1	1	1	1	0	1
OG_13846	1	1	1	1	1	1	1	1	1	2	1	2
OG_13847	1	1	1	1	0	1	1	1	1	3	0	1
OG_13848	2	1	1	1	0	1	1	1	0	0	0	0
OG_13849	1	1	1	1	1	1	1	1	2	4	1	1
OG_13850	1	2	1	1	2	1	1	1	2	1	2	1
OG_13851	1	1	1	1	1	1	1	1	1	1	1	1
OG_13852	1	1	1	1	1	1	1	1	1	1	1	1
OG_13853	1	1	1	1	1	1	1	2	3	1	3	1
OG_13854	1	1	1	1	2	1	1	1	0	0	2	0
OG_13855	1	1	2	3	0	1	2	1	1	0	0	0
OG_13856	5	0	1	3	0	0	0	0	2	0	0	0
OG_13857	2	2	1	2	2	3	2	3	1	1	1	2
OG_13858	1	1	1	1	2	1	1	1	1	2	1	1
OG_13859	1	1	3	1	0	1	2	3	3	1	0	1
OG_13860	1	2	1	2	1	1	2	1	1	5	1	2
OG_13861	1	1	1	1	1	2	2	1	2	1	1	1
OG_13862	1	0	0	1	0	0	0	0	0	0	0	0
OG_13863	1	1	2	1	2	1	1	1	2	3	1	2
OG_13864	1	1	1	1	2	1	2	1	1	2	3	3
OG_13865	1	0	1	1	0	1	1	1	2	3	0	0
OG_13866	1	1	1	1	2	1	1	1	1	1	1	0
OG_13867	1	1	2	1	2	1	2	1	1	1	0	1
OG_13868	1	1	1	1	1	1	1	1	1	1	0	0
OG_13869	1	1	1	1	0	1	1	1	1	1	0	1
OG_13870	1	1	2	1	1	1	1	2	1	1	1	0
OG_13871	1	1	1	1	1	1	1	1	1	1	1	1
OG_13872	2	1	1	1	0	1	1	1	1	1	0	0
OG_13873	1	1	1	1	2	1	1	1	1	3	1	1
OG_13874	1	1	3	2	1	2	1	1	3	2	1	2
OG_13875	2	1	4	1	0	2	3	3	1	3	0	0
OG_13876	1	1	1	1	0	1	1	1	1	4	0	0
OG_13877	1	1	1	2	0	1	1	1	1	1	0	1
OG_13878	1	1	1	1	0	2	1	2	0	0	0	0
OG_13879	1	2	1	1	1	1	1	1	1	2	1	1
OG_13880	1	1	1	1	3	1	1	1	1	2	2	1
OG_13881	3	2	3	2	1	3	3	3	2	1	0	1
OG_13882	1	1	1	1	1	1	1	1	2	1	1	3
OG_13883	1	1	1	2	1	1	1	1	1	1	1	1
OG_13884	1	1	2	1	0	1	1	1	0	1	0	0
OG_13885	1	1	2	1	1	7	3	0	1	1	1	4
OG_13886	1	1	1	1	1	1	1	1	1	1	0	0
OG_13887	2	1	4	1	4	1	1	1	1	1	1	1
OG_13888	1	1	1	1	1	1	2	1	1	1	1	1
OG_13889	1	1	4	1	1	1	1	2	1	1	1	2
OG_13890	3	4	3	4	1	3	3	4	3	3	1	1
OG_13891	1	1	2	1	0	1	1	1	1	2	0	0
OG_13892	1	3	2	1	1	1	1	1	1	1	1	1
OG_13893	1	1	0	1	2	1	2	1	1	1	1	0
OG_13894	1	1	0	1	0	1	1	0	0	0	0	0
OG_13895	1	1	1	1	0	1	1	1	0	0	0	0
OG_13896	1	1	1	1	1	1	1	1	1	3	1	1
OG_13897	2	1	1	1	0	1	1	1	1	1	0	0
OG_13898	1	1	2	2	0	0	4	0	0	0	0	1
OG_13899	1	1	1	1	2	1	1	1	2	1	2	1
OG_13900	1	1	1	1	0	1	1	1	1	1	0	0
OG_13901	1	1	1	3	1	1	1	1	1	1	2	2
OG_13902	1	1	3	1	5	1	2	2	2	2	3	2
OG_13903	2	2	1	1	0	1	1	1	1	1	0	0
OG_13904	1	1	1	2	1	1	1	1	2	1	2	1
OG_13905	2	3	1	1	0	1	4	2	1	2	0	0
OG_13906	1	1	1	1	2	1	1	1	1	1	1	1
OG_13907	1	2	2	1	2	1	1	4	2	2	2	1
OG_13908	1	6	1	1	2	1	3	1	3	1	1	1
OG_13909	3	0	0	1	0	1	0	0	0	0	0	0
OG_13910	2	1	0	0	0	0	0	0	1	0	0	0
OG_13911	1	1	1	1	1	1	2	1	1	1	1	1
OG_13912	1	1	1	1	1	1	1	1	3	1	2	1
OG_13913	1	4	1	1	1	1	2	1	2	1	1	1
OG_13914	1	1	2	1	1	1	4	1	1	4	2	1
OG_13915	1	1	1	1	2	1	1	1	1	2	1	1
OG_13916	1	1	1	1	1	1	1	2	1	4	4	1
OG_13917	4	0	0	0	0	0	1	0	0	0	0	0
OG_13918	2	0	1	1	0	5	2	3	3	3	0	0
OG_13919	3	1	1	1	0	2	2	2	2	1	0	0
OG_13920	2	1	2	1	2	1	1	1	2	1	1	1
OG_13921	1	1	1	1	1	1	1	1	2	1	1	1
OG_13922	2	0	1	1	0	1	1	1	0	0	0	0
OG_13923	1	1	1	1	1	1	1	1	1	3	1	1
OG_13924	1	1	1	1	0	1	1	1	1	1	0	1
OG_13925	1	1	1	1	0	1	1	1	0	1	0	0
OG_13926	1	1	1	1	1	1	1	1	2	1	2	1
OG_13927	1	1	1	1	1	1	1	1	1	1	1	1
OG_13928	1	1	1	1	1	1	1	1	2	1	1	1
OG_13929	2	0	0	4	0	1	3	1	0	0	0	0
OG_13930	1	1	1	1	0	1	1	2	0	0	0	0
OG_13931	1	0	1	2	0	2	3	0	0	0	0	0
OG_13932	1	1	1	1	0	1	1	1	2	1	0	1
OG_13933	1	1	1	1	1	1	4	1	1	1	0	1
OG_13934	1	1	3	1	0	1	1	4	1	1	0	1
OG_13935	1	2	1	1	3	1	1	1	1	1	1	1
OG_13936	1	1	2	1	0	1	1	1	1	1	1	1
OG_13937	1	4	1	1	0	1	1	1	0	0	0	0
OG_13938	1	0	0	0	0	2	1	0	0	0	0	0
OG_13939	1	1	0	0	0	1	2	0	0	0	0	0
OG_13940	1	1	1	1	0	1	1	1	1	1	0	0
OG_13941	3	0	0	1	0	1	1	1	0	0	0	0
OG_13942	2	0	0	0	0	1	2	1	0	0	0	0
OG_13943	1	1	0	1	0	0	0	0	1	2	0	0
OG_13944	1	1	1	1	1	1	1	1	1	0	1	1
OG_13945	1	1	1	1	0	1	1	1	0	0	0	0
OG_13946	1	0	1	2	0	1	1	1	0	0	0	0
OG_13947	1	2	3	1	0	1	1	1	1	1	0	0
OG_13948	0	0	0	0	3	0	0	0	1	0	3	2
OG_13949	1	1	2	1	0	1	1	1	2	2	0	0
OG_13950	1	1	1	1	2	1	2	1	1	1	1	1
OG_13951	3	1	2	2	0	2	2	4	1	0	0	0
OG_13952	2	1	3	1	2	1	1	2	1	3	1	2
OG_13953	1	1	1	1	1	1	1	1	1	1	1	1
OG_13954	1	7	0	1	0	0	0	0	0	0	0	0
OG_13955	3	1	1	1	2	1	1	1	2	1	2	1
OG_13956	1	1	8	1	0	1	1	3	1	1	0	1
OG_13957	1	1	1	1	0	1	1	1	1	2	0	1
OG_13958	1	1	1	1	1	1	1	1	3	4	1	1
OG_13959	1	1	1	1	0	1	0	1	1	1	0	3
OG_13960	1	1	1	1	4	1	1	1	2	1	1	0
OG_13961	1	1	4	1	1	2	1	6	4	1	1	1
OG_13962	0	0	0	0	1	0	0	0	0	0	1	0
OG_13963	1	3	1	1	3	1	0	1	2	3	3	1
OG_13964	1	1	2	1	4	1	2	3	2	4	2	2
OG_13965	1	1	1	1	1	2	2	1	0	1	1	1
OG_13966	1	1	2	1	7	1	1	2	2	4	2	2
OG_13967	1	1	1	1	1	1	2	1	1	2	1	1
OG_13968	1	0	0	0	0	0	2	0	0	0	0	0
OG_13969	1	0	0	1	0	0	1	0	0	0	0	0
OG_13970	1	1	1	1	20	1	1	2	1	1	3	1
OG_13971	1	1	1	1	2	1	1	1	2	1	1	1
OG_13972	1	1	8	1	5	1	1	1	1	5	2	1
OG_13973	1	2	2	4	0	4	0	3	0	0	0	0
OG_13974	0	0	1	0	0	13	0	0	0	0	0	0
OG_13975	1	1	1	1	1	2	1	1	3	1	1	1
OG_13976	1	1	1	1	4	1	1	1	1	5	1	1
OG_13977	1	1	1	1	0	1	1	1	0	0	0	0
OG_13978	1	1	1	1	2	1	1	1	1	1	2	1
OG_13979	1	1	2	1	4	1	1	1	1	3	1	0
OG_13980	1	1	2	1	4	1	1	2	2	1	1	1
OG_13981	1	1	1	1	1	1	1	1	0	1	2	1
OG_13982	1	0	0	0	0	1	1	1	1	1	0	0
OG_13983	1	0	0	0	0	1	1	1	1	1	0	0
OG_13984	1	1	2	1	1	1	3	1	1	1	1	2
OG_13985	1	1	1	1	0	1	1	1	1	1	0	0
OG_13986	1	1	1	1	1	1	0	1	1	2	1	0
OG_13987	1	2	1	1	0	1	1	1	1	1	0	0
OG_13988	2	2	3	2	3	2	6	2	1	1	1	1
OG_13989	0	0	0	0	1	0	0	0	0	0	1	1
OG_13990	1	1	1	1	2	3	1	0	1	3	1	1
OG_13991	1	1	0	2	0	1	0	1	0	1	0	0
OG_13992	1	1	2	1	2	1	1	1	1	1	1	0
OG_13993	1	1	1	5	2	1	2	1	2	1	1	1
OG_13994	2	2	2	2	2	2	2	2	1	1	1	0
OG_13995	1	2	3	1	3	1	1	1	1	1	1	2
OG_13996	3	1	1	1	1	1	1	1	1	2	2	1
OG_13997	1	2	1	1	0	1	2	1	0	0	1	1
OG_13998	0	1	0	1	0	0	0	0	0	0	0	0
OG_13999	1	1	2	2	2	1	1	3	2	1	0	1
OG_14000	1	1	3	1	2	1	1	1	1	1	1	1
OG_14001	1	1	1	1	1	1	2	2	1	5	2	2
OG_14002	1	1	1	1	1	1	1	1	1	1	1	1
OG_14003	1	1	1	1	2	1	1	1	1	2	1	1
OG_14004	1	1	1	1	1	1	1	1	2	2	5	1
OG_14005	1	1	1	1	0	3	1	3	0	1	0	0
OG_14006	5	5	1	1	0	4	0	1	1	0	0	0
OG_14007	2	1	1	1	2	1	1	1	0	1	0	1
OG_14008	1	1	3	1	1	1	1	3	2	1	1	1
OG_14009	1	1	1	1	1	1	1	1	1	1	1	0
OG_14010	1	2	2	1	2	2	1	2	1	2	0	2
OG_14011	1	2	1	2	0	1	1	1	1	1	0	0
OG_14012	1	1	1	1	1	1	1	2	1	3	1	1
OG_14013	1	1	1	1	1	1	1	1	0	1	1	1
OG_14014	1	1	2	1	0	1	1	4	1	2	0	0
OG_14015	1	1	2	1	1	1	1	1	1	3	1	1
OG_14016	1	1	1	1	1	1	1	1	1	1	2	1
OG_14017	1	1	1	1	0	1	1	1	2	1	0	1
OG_14018	1	1	1	1	0	1	1	1	0	0	0	0
OG_14019	1	1	1	1	1	1	1	0	1	1	0	0
OG_14020	3	1	1	1	3	2	7	3	2	1	5	0
OG_14021	0	4	2	1	0	0	1	1	1	0	0	0
OG_14022	1	1	0	1	0	2	1	0	0	0	0	0
OG_14023	1	1	1	1	3	1	1	1	1	1	1	1
OG_14024	1	1	1	1	3	1	1	2	2	1	1	1
OG_14025	1	1	1	2	0	1	1	1	2	0	0	0
OG_14026	1	1	1	1	1	1	1	1	1	1	1	1
OG_14027	1	1	2	1	0	1	1	1	0	0	0	0
OG_14028	4	3	3	3	0	3	12	3	2	2	0	1
OG_14029	1	1	1	1	1	1	1	2	2	1	2	2
OG_14030	4	1	4	2	2	2	3	2	2	0	1	0
OG_14031	1	2	1	1	1	1	1	1	1	1	1	1
OG_14032	3	1	2	3	13	3	2	5	1	1	0	8
OG_14033	2	0	1	1	0	1	2	1	0	0	0	0
OG_14034	0	1	0	1	0	0	2	0	0	0	0	0
OG_14035	1	0	0	1	0	1	0	0	0	3	0	0
OG_14036	2	2	3	2	1	2	2	2	1	2	1	1
OG_14037	1	1	1	1	0	1	1	1	1	2	0	0
OG_14038	3	2	3	2	2	2	2	3	2	2	0	1
OG_14039	1	1	1	1	1	1	1	1	1	1	4	0
OG_14040	1	0	2	1	1	1	2	3	1	1	2	3
OG_14041	1	1	2	1	1	1	1	1	1	4	2	1
OG_14042	1	0	0	0	0	0	1	0	0	0	0	0
OG_14043	1	1	1	1	0	1	1	1	1	1	0	1
OG_14044	1	1	1	1	1	1	1	1	1	1	0	1
OG_14045	1	1	0	0	0	0	2	0	0	0	0	0
OG_14046	1	1	2	1	0	1	1	0	0	1	0	0
OG_14047	1	1	1	2	0	1	1	1	0	0	0	0
OG_14048	1	1	1	1	1	1	2	3	1	1	2	1
OG_14049	3	0	0	2	0	2	1	0	0	0	0	0
OG_14050	1	1	1	1	1	1	1	1	1	3	1	1
OG_14051	1	1	1	1	2	1	1	2	1	1	1	1
OG_14052	1	1	1	1	1	2	1	1	1	1	2	1
OG_14053	1	1	1	1	1	1	2	1	1	1	1	1
OG_14054	1	1	1	1	0	1	3	1	0	0	0	0
OG_14055	1	1	1	1	2	1	1	1	0	1	1	1
OG_14056	1	1	1	1	1	1	1	1	1	2	1	1
OG_14057	1	1	1	1	2	1	1	1	2	5	1	1
OG_14058	1	1	1	1	1	1	1	1	1	4	1	1
OG_14059	1	1	3	1	1	1	1	1	2	3	1	1
OG_14060	1	1	1	1	3	1	1	1	1	1	1	1
OG_14061	2	3	2	3	1	3	2	4	2	1	1	0
OG_14062	1	1	3	1	0	1	2	2	1	5	0	1
OG_14063	0	0	0	0	0	1	0	0	0	0	0	3
OG_14064	1	1	2	1	0	1	1	1	0	0	0	0
OG_14065	5	3	0	2	0	2	5	0	0	0	0	0
OG_14066	1	1	1	1	2	1	1	1	1	1	1	1
OG_14067	1	1	2	1	0	1	1	1	1	2	0	1
OG_14068	1	1	0	1	0	1	1	1	0	0	0	0
OG_14069	2	1	2	5	5	2	2	2	3	2	4	1
OG_14070	1	1	1	1	1	1	1	1	1	1	1	0
OG_14071	1	1	1	1	1	1	1	1	3	5	1	1
OG_14072	1	2	0	1	0	1	1	0	1	0	0	0
OG_14073	1	1	1	1	1	1	1	1	2	1	2	1
OG_14074	1	1	1	1	0	3	2	1	0	2	0	1
OG_14075	1	1	1	1	0	0	3	0	0	0	0	0
OG_14076	1	0	1	1	0	1	1	1	0	1	0	0
OG_14077	1	1	1	1	1	1	1	1	1	1	1	1
OG_14078	1	0	1	0	0	1	1	1	0	0	0	0
OG_14079	11	1	7	3	0	8	7	3	4	4	0	0
OG_14080	3	2	4	2	5	3	2	2	2	3	4	1
OG_14081	1	1	1	1	1	1	1	1	1	2	1	1
OG_14082	1	0	0	1	0	1	4	0	0	0	0	0
OG_14083	2	2	1	2	0	2	5	2	1	1	0	1
OG_14084	1	1	1	1	1	1	1	1	0	0	1	0
OG_14085	1	1	3	2	2	1	1	1	1	1	1	1
OG_14086	1	1	1	1	1	2	0	1	1	1	1	1
OG_14087	1	1	0	0	0	2	2	1	0	0	0	0
OG_14088	1	1	1	1	0	1	1	1	1	1	0	1
OG_14089	1	1	2	2	3	1	1	2	1	1	1	0
OG_14090	1	1	1	1	0	1	1	1	1	2	0	0
OG_14091	1	2	1	1	0	1	1	1	1	1	0	0
OG_14092	1	1	1	1	1	1	1	1	1	1	2	1
OG_14093	6	0	0	0	0	0	1	0	0	0	0	0
OG_14094	1	1	1	1	1	1	1	1	1	2	1	1
OG_14095	1	1	2	2	0	2	1	1	0	0	0	0
OG_14096	1	0	3	1	0	2	1	3	0	1	0	0
OG_14097	0	0	0	0	0	0	1	0	1	1	1	0
OG_14098	1	2	1	1	1	1	0	1	1	0	2	1
OG_14099	1	0	0	1	0	1	1	1	2	0	0	0
OG_14100	4	0	2	0	0	5	0	6	0	0	0	0
OG_14101	1	1	1	1	1	1	1	1	0	1	1	1
OG_14102	1	1	1	1	2	1	1	1	1	1	2	1
OG_14103	1	1	2	1	1	1	1	2	1	1	1	3
OG_14104	1	0	1	1	0	1	1	1	0	0	0	0
OG_14105	1	1	2	1	2	1	1	2	1	1	2	1
OG_14106	2	1	1	1	2	1	1	2	1	1	1	1
OG_14107	1	1	2	1	1	1	1	2	1	2	0	1
OG_14108	1	1	6	1	0	1	1	1	1	1	0	0
OG_14109	1	1	1	1	0	1	1	1	1	1	1	1
OG_14110	1	2	2	1	0	1	1	1	1	3	0	0
OG_14111	1	1	1	1	1	1	1	1	1	5	1	1
OG_14112	1	1	2	1	1	1	1	1	1	1	1	1
OG_14113	1	1	1	1	1	1	1	1	2	1	2	1
OG_14114	1	1	1	1	1	1	1	1	1	1	1	1
OG_14115	1	1	1	1	0	1	1	1	0	0	0	0
OG_14116	3	2	4	3	2	1	1	2	3	3	0	1
OG_14117	2	2	2	2	3	2	3	2	3	2	2	1
OG_14118	2	3	1	1	2	2	1	1	0	0	1	2
OG_14119	3	3	9	2	0	3	3	5	2	0	0	2
OG_14120	5	1	3	4	0	4	2	4	0	0	0	1
OG_14121	4	2	3	5	0	3	4	6	1	0	0	0
OG_14122	1	1	2	1	1	1	2	1	1	5	2	1
OG_14123	1	1	1	1	0	1	1	1	1	4	0	0
OG_14124	1	1	4	1	2	1	1	2	2	1	4	1
OG_14125	1	0	2	0	0	0	1	0	0	0	0	0
OG_14126	1	0	0	1	0	1	1	1	0	0	0	0
OG_14127	2	1	1	1	1	1	1	1	1	2	1	3
OG_14128	1	1	1	1	0	1	2	1	2	1	0	0
OG_14129	6	9	3	13	0	6	9	1	1	0	0	0
OG_14130	1	1	2	1	1	1	1	1	1	1	1	1
OG_14131	1	1	2	1	2	1	1	2	1	2	0	1
OG_14132	1	2	4	1	1	1	1	3	1	1	1	1
OG_14133	1	1	0	2	0	0	1	0	1	0	0	0
OG_14134	1	2	1	1	1	1	1	0	1	1	2	1
OG_14135	1	2	1	1	0	1	1	1	1	3	0	0
OG_14136	1	2	1	3	0	1	1	0	1	0	0	0
OG_14137	1	1	1	1	0	1	1	3	2	2	1	0
OG_14138	3	1	1	1	2	1	2	1	1	1	2	1
OG_14139	1	0	1	1	0	1	2	1	0	0	0	0
OG_14140	1	1	1	1	1	1	1	1	1	3	1	1
OG_14141	1	1	4	1	1	1	1	5	1	1	1	1
OG_14142	1	1	1	1	1	1	1	2	1	1	1	1
OG_14143	1	1	1	1	1	1	1	1	1	1	1	7
OG_14144	1	1	1	1	1	1	1	2	6	1	2	1
OG_14145	1	0	1	0	0	1	1	1	2	0	0	0
OG_14146	1	1	1	1	0	1	1	1	1	1	0	0
OG_14147	1	1	2	1	2	1	1	2	2	1	2	3
OG_14148	1	0	2	0	0	1	2	1	0	0	0	0
OG_14149	1	1	3	3	0	1	2	2	0	0	0	0
OG_14150	1	2	0	0	0	0	0	0	1	0	0	0
OG_14151	1	2	0	0	0	0	0	0	0	0	0	0
OG_14152	1	2	1	0	0	0	0	0	0	0	0	0
OG_14153	1	1	1	1	1	1	1	1	2	1	1	1
OG_14154	1	1	1	1	1	1	1	1	2	2	1	1
OG_14155	1	2	0	1	0	0	1	0	1	1	0	0
OG_14156	1	1	1	1	1	1	1	1	1	2	1	1
OG_14157	0	0	0	0	1	0	0	0	0	0	1	0
OG_14158	1	2	1	1	1	1	1	1	1	1	0	1
OG_14159	1	1	1	2	2	1	2	3	0	1	3	0
OG_14160	1	1	3	1	1	1	1	2	1	1	1	1
OG_14161	1	1	3	1	1	1	1	1	1	3	1	1
OG_14162	1	1	1	1	1	1	1	1	1	2	1	1
OG_14163	1	0	0	0	0	1	1	1	0	0	0	0
OG_14164	2	2	3	4	1	3	5	3	2	2	0	1
OG_14165	1	2	2	1	1	1	1	2	1	2	1	1
OG_14166	1	3	3	4	1	1	4	1	2	1	0	0
OG_14167	1	3	3	2	2	1	2	1	3	1	0	0
OG_14168	1	1	1	2	1	1	1	1	1	13	1	1
OG_14169	1	2	1	1	0	1	1	1	0	0	0	1
OG_14170	1	1	2	1	1	1	1	1	1	2	1	1
OG_14171	1	1	1	1	1	1	1	2	1	2	1	1
OG_14172	1	0	0	0	0	0	0	0	0	0	1	0
OG_14173	3	0	0	5	0	4	2	3	1	5	0	0
OG_14174	1	1	1	1	0	3	2	2	1	7	0	2
OG_14175	1	1	1	1	0	1	1	1	0	1	0	1
OG_14176	4	5	0	1	0	0	0	0	0	0	0	0
OG_14177	0	4	0	1	0	1	0	0	1	0	0	0
OG_14178	0	1	0	1	0	0	0	0	0	0	0	0
OG_14179	1	1	1	1	1	1	1	1	1	2	1	2
OG_14180	1	2	1	1	1	1	1	1	2	1	1	1
OG_14181	1	1	1	1	2	1	1	2	1	2	0	1
OG_14182	1	0	4	1	1	1	1	4	2	4	2	0
OG_14183	1	0	1	1	0	1	1	1	1	1	0	2
OG_14184	1	1	2	1	1	1	1	1	1	1	1	1
OG_14185	1	0	2	1	0	3	1	4	0	0	0	0
OG_14186	2	1	3	2	0	2	4	3	1	0	0	0
OG_14187	1	1	1	1	0	1	1	1	2	1	0	0
OG_14188	1	1	1	1	0	1	2	1	2	1	0	0
OG_14189	1	1	3	1	0	1	1	2	1	2	0	0
OG_14190	1	1	1	1	1	1	1	2	1	3	0	1
OG_14191	1	1	1	1	1	1	1	1	1	0	0	1
OG_14192	2	1	1	1	2	1	1	1	1	1	1	1
OG_14193	1	1	1	1	4	1	1	1	1	1	1	1
OG_14194	1	2	1	1	1	1	1	1	2	1	3	1
OG_14195	1	1	1	1	1	2	1	1	1	1	1	1
OG_14196	1	1	1	1	1	1	1	1	2	1	1	1
OG_14197	1	1	1	1	1	1	2	1	1	1	1	1
OG_14198	1	2	1	1	0	1	1	0	4	5	6	1
OG_14199	1	1	1	1	2	1	1	1	1	1	2	1
OG_14200	3	3	2	5	3	4	2	6	1	1	1	2
OG_14201	1	1	1	1	2	1	2	1	1	3	1	1
OG_14202	5	1	0	2	2	2	1	0	0	0	0	5
OG_14203	1	1	1	1	1	1	1	1	1	0	1	1
OG_14204	1	1	2	1	0	0	2	1	0	0	0	0
OG_14205	2	1	2	1	1	1	1	1	2	2	1	2
OG_14206	1	1	1	1	0	1	1	1	0	0	0	0
OG_14207	1	1	1	1	1	11	1	1	1	1	1	0
OG_14208	1	1	1	1	2	1	1	1	1	1	1	1
OG_14209	0	0	1	0	0	0	0	0	1	1	0	0
OG_14210	1	1	1	1	0	1	3	1	1	1	0	1
OG_14211	1	1	8	1	1	1	1	1	1	1	0	0
OG_14212	1	1	1	2	1	1	2	1	1	1	1	1
OG_14213	1	1	1	2	3	1	1	1	2	1	0	1
OG_14214	1	2	1	1	0	1	1	1	1	0	0	1
OG_14215	3	2	1	2	4	2	2	3	6	6	3	1
OG_14216	1	1	8	1	0	1	1	0	1	1	0	0
OG_14217	1	1	1	1	1	1	1	0	3	2	1	1
OG_14218	1	1	1	1	1	2	1	1	2	5	2	1
OG_14219	4	1	1	1	2	1	1	1	1	0	1	1
OG_14220	1	1	1	1	1	1	1	1	1	1	1	1
OG_14221	1	1	1	1	0	1	1	1	1	1	0	0
OG_14222	1	1	1	1	1	1	1	2	1	2	2	1
OG_14223	1	3	3	1	1	1	1	1	1	1	1	1
OG_14224	1	1	1	1	3	1	1	2	2	3	1	1
OG_14225	1	1	2	1	0	1	1	1	2	1	0	0
OG_14226	1	1	1	1	3	1	1	1	1	2	2	1
OG_14227	3	1	1	1	1	2	1	3	2	3	2	1
OG_14228	0	1	6	1	0	1	1	2	4	1	0	0
OG_14229	0	0	0	0	1	0	0	0	0	0	2	0
OG_14230	1	2	1	3	0	1	3	1	0	0	0	0
OG_14231	1	2	6	13	0	14	12	3	0	0	0	0
OG_14232	1	0	0	0	0	0	1	0	0	1	0	0
OG_14233	1	1	1	1	1	1	1	1	1	2	0	1
OG_14234	1	0	1	1	1	1	1	1	1	1	1	0
OG_14235	1	0	2	1	0	1	2	1	0	0	0	0
OG_14236	1	0	1	1	0	1	1	1	0	0	0	0
OG_14237	1	1	2	1	0	1	2	1	2	1	0	3
OG_14238	2	1	1	1	0	1	1	1	1	1	0	0
OG_14239	1	1	1	2	1	1	1	1	1	1	2	2
OG_14240	1	1	1	1	4	1	1	2	1	1	1	0
OG_14241	4	4	4	4	0	1	2	1	1	0	0	1
OG_14242	1	1	3	1	0	1	1	1	1	1	0	1
OG_14243	1	1	1	1	0	1	2	1	0	0	0	0
OG_14244	1	1	1	1	1	1	1	1	1	1	0	1
OG_14245	3	4	2	2	1	2	2	2	3	4	1	1
OG_14246	0	0	0	0	4	0	0	0	0	0	1	0
OG_14247	1	3	1	1	2	1	1	1	1	1	2	1
OG_14248	1	1	1	1	1	1	1	1	1	1	1	5
OG_14249	3	1	1	2	0	1	3	1	0	0	0	0
OG_14250	3	3	2	5	0	3	3	1	1	1	0	0
OG_14251	1	1	1	1	1	1	1	1	1	1	1	1
OG_14252	1	1	1	1	1	1	1	1	2	1	1	1
OG_14253	1	1	2	2	3	1	1	1	1	1	1	1
OG_14254	1	1	1	1	2	1	1	1	1	3	1	1
OG_14255	1	1	2	1	2	1	1	1	1	1	1	1
OG_14256	1	1	1	1	0	1	1	1	1	5	0	1
OG_14257	1	2	1	1	1	1	1	1	2	1	1	1
OG_14258	1	1	1	1	0	1	1	1	2	3	0	0
OG_14259	2	1	1	1	2	1	4	1	0	0	0	0
OG_14260	1	1	1	3	0	1	1	1	0	2	0	0
OG_14261	1	2	2	2	1	2	2	0	1	2	1	1
OG_14262	1	1	1	1	1	1	1	1	1	1	1	1
OG_14263	2	1	2	2	0	1	1	1	2	2	0	0
OG_14264	1	2	1	2	1	1	1	1	1	6	1	1
OG_14265	2	2	3	3	0	1	5	1	0	1	0	0
OG_14266	1	1	1	1	1	1	1	1	0	1	0	1
OG_14267	1	1	1	1	2	1	1	1	1	1	1	1
OG_14268	1	1	1	1	1	1	1	1	1	1	1	0
OG_14269	4	0	0	2	0	0	1	0	0	0	0	0
OG_14270	2	1	1	2	2	2	1	1	2	2	2	1
OG_14271	1	2	1	1	1	1	1	1	1	1	1	1
OG_14272	2	2	4	2	3	2	2	5	2	1	3	2
OG_14273	4	0	0	3	1	0	0	0	3	4	0	1
OG_14274	1	1	0	1	0	0	1	0	1	0	0	0
OG_14275	1	1	1	1	0	1	1	4	2	1	0	0
OG_14276	0	0	0	0	1	0	0	0	0	0	2	0
OG_14277	1	3	1	2	0	2	1	0	0	0	0	1
OG_14278	1	1	1	1	0	1	2	1	0	2	0	0
OG_14279	1	1	1	1	0	1	1	1	1	4	0	3
OG_14280	1	1	1	1	1	1	1	1	1	1	1	1
OG_14281	1	1	2	1	2	1	1	2	6	1	3	0
OG_14282	5	2	6	3	0	5	7	5	4	1	0	11
OG_14283	1	1	1	1	1	1	1	1	1	1	1	1
OG_14284	1	1	2	1	0	1	1	2	1	3	0	0
OG_14285	1	1	1	1	1	1	1	1	1	1	1	2
OG_14286	1	0	0	0	0	0	1	0	0	0	0	0
OG_14287	1	2	1	1	1	1	1	1	2	1	1	0
OG_14288	1	1	1	1	0	1	1	1	1	0	0	0
OG_14289	1	1	1	1	1	1	1	1	1	2	1	1
OG_14290	1	1	0	1	0	1	1	0	1	0	1	1
OG_14291	1	1	1	1	1	1	1	1	1	1	0	0
OG_14292	1	1	1	1	1	1	1	1	2	0	1	1
OG_14293	1	1	2	2	1	3	1	1	0	1	0	0
OG_14294	1	2	8	1	0	1	1	5	1	3	0	0
OG_14295	1	0	0	0	0	0	0	1	0	0	0	0
OG_14296	2	2	1	2	0	1	2	1	1	1	0	0
OG_14297	2	2	1	1	0	1	2	2	0	0	0	0
OG_14298	1	2	2	1	1	1	1	0	1	1	1	1
OG_14299	1	1	1	1	1	1	1	1	3	1	1	1
OG_14300	1	2	1	1	0	1	2	1	1	3	0	1
OG_14301	2	2	1	4	0	1	1	1	2	2	0	1
OG_14302	1	1	1	1	2	1	1	1	1	4	1	7
OG_14303	2	1	1	1	1	2	1	1	1	1	1	1
OG_14304	1	1	1	1	7	1	1	1	1	1	0	1
OG_14305	1	1	1	1	1	1	1	1	1	1	1	1
OG_14306	1	1	1	1	1	1	1	1	1	1	0	0
OG_14307	1	1	1	1	2	2	1	3	2	3	1	0
OG_14308	1	1	3	1	0	1	1	3	0	1	0	3
OG_14309	1	1	2	1	2	1	2	0	1	1	2	1
OG_14310	1	1	1	1	0	1	1	1	1	1	0	0
OG_14311	1	3	2	1	0	1	1	1	1	1	0	0
OG_14312	1	1	2	1	0	1	1	1	1	1	0	1
OG_14313	1	0	1	1	0	1	1	2	0	0	0	0
OG_14314	1	1	1	1	0	1	1	1	1	1	0	1
OG_14315	3	1	2	1	4	1	1	1	2	1	0	4
OG_14316	1	1	1	1	1	1	1	1	2	8	0	1
OG_14317	1	1	2	1	5	1	1	2	3	2	0	1
OG_14318	1	1	1	1	1	1	1	1	1	3	1	2
OG_14319	1	1	1	1	1	1	1	1	1	1	1	1
OG_14320	1	1	1	1	0	1	1	1	0	1	0	0
OG_14321	1	1	1	1	2	1	1	1	1	3	2	1
OG_14322	1	1	1	1	1	1	1	2	4	3	2	1
OG_14323	1	1	1	1	1	1	1	1	0	1	0	1
OG_14324	2	1	1	1	1	1	2	2	1	3	1	2
OG_14325	1	1	1	1	1	1	2	1	1	1	1	3
OG_14326	1	1	1	1	1	1	1	1	1	7	1	1
OG_14327	1	1	1	1	1	1	1	1	1	3	0	1
OG_14328	1	1	2	1	1	1	2	1	1	1	4	0
OG_14329	2	1	1	1	0	1	2	3	0	0	0	0
OG_14330	1	1	2	1	1	1	1	1	1	1	1	1
OG_14331	1	0	0	1	0	1	1	1	2	1	0	1
OG_14332	1	1	1	1	0	1	1	1	0	0	1	0
OG_14333	1	1	1	1	0	2	1	1	1	1	0	1
OG_14334	1	1	1	1	3	1	1	0	1	3	1	1
OG_14335	1	1	1	1	0	1	1	0	0	0	0	0
OG_14336	1	1	4	1	0	1	1	1	0	0	0	0
OG_14337	1	1	1	1	1	1	1	1	2	2	1	1
OG_14338	1	1	1	1	1	1	1	1	0	2	1	1
OG_14339	1	1	1	1	0	2	1	1	1	2	0	0
OG_14340	2	1	1	1	2	1	1	1	1	1	1	2
OG_14341	6	3	2	12	4	2	4	2	3	4	1	2
OG_14342	1	1	1	1	1	1	1	1	1	1	1	1
OG_14343	1	1	2	1	3	1	1	1	1	2	4	1
OG_14344	1	1	1	1	4	1	1	1	1	1	0	0
OG_14345	1	1	1	1	0	1	1	1	0	1	0	1
OG_14346	1	1	1	0	1	1	1	1	1	2	1	1
OG_14347	1	1	1	1	1	1	2	1	1	2	2	1
OG_14348	1	1	1	1	2	1	4	1	2	5	1	2
OG_14349	2	0	0	1	0	1	0	0	0	0	0	0
OG_14350	2	3	0	3	1	1	2	1	1	4	0	2
OG_14351	1	0	1	1	0	1	0	1	0	0	0	0
OG_14352	1	1	0	1	1	1	1	1	1	1	1	1
OG_14353	1	1	1	1	1	1	1	1	3	1	1	1
OG_14354	1	1	1	1	1	1	1	1	1	3	1	1
OG_14355	1	1	1	1	2	1	1	1	1	1	1	1
OG_14356	2	1	1	1	1	1	1	1	1	1	1	1
OG_14357	1	2	1	1	1	1	1	1	0	2	1	1
OG_14358	3	1	3	1	6	2	4	1	3	3	1	1
OG_14359	1	0	1	0	0	1	1	2	0	0	0	0
OG_14360	1	1	2	1	1	1	1	1	2	3	2	1
OG_14361	2	2	1	1	0	1	1	1	0	1	1	1
OG_14362	1	2	2	1	1	1	1	2	1	1	2	1
OG_14363	1	1	0	1	0	1	1	0	1	1	0	2
OG_14364	1	2	1	1	1	3	1	1	0	0	1	1
OG_14365	1	0	0	1	0	0	1	0	0	0	0	0
OG_14366	1	1	1	1	0	1	1	2	0	0	0	0
OG_14367	1	1	1	1	2	1	1	1	1	1	1	0
OG_14368	1	0	1	0	0	1	1	3	0	0	0	0
OG_14369	1	1	1	1	0	1	1	1	1	1	0	0
OG_14370	1	1	3	1	1	1	1	1	1	1	1	1
OG_14371	1	1	2	1	0	1	1	1	1	2	0	0
OG_14372	1	1	2	1	2	1	1	2	1	2	2	1
OG_14373	1	0	0	1	0	0	0	0	0	10	0	0
OG_14374	1	1	1	1	1	1	1	1	1	3	1	1
OG_14375	1	1	2	1	2	1	1	0	2	1	0	1
OG_14376	1	1	1	1	2	1	1	1	2	2	1	2
OG_14377	1	0	0	2	0	1	1	0	0	0	0	0
OG_14378	1	1	1	1	3	1	1	1	1	1	2	1
OG_14379	1	1	1	2	3	1	3	2	1	1	2	0
OG_14380	1	1	2	1	0	1	2	2	1	1	0	1
OG_14381	1	1	1	1	0	1	1	2	1	2	0	1
OG_14382	1	3	1	1	0	1	1	1	1	1	0	1
OG_14383	2	1	2	1	0	1	2	1	1	1	0	10
OG_14384	1	1	1	1	0	1	1	1	0	1	0	0
OG_14385	1	1	2	1	1	1	1	1	1	4	1	1
OG_14386	1	1	0	1	0	1	1	0	0	0	2	0
OG_14387	1	0	0	0	1	1	1	0	0	0	0	1
OG_14388	1	2	1	1	1	1	1	1	1	3	1	3
OG_14389	3	5	3	2	0	2	2	2	1	1	0	4
OG_14390	1	1	2	1	1	1	1	1	1	1	4	1
OG_14391	2	1	2	1	1	1	2	1	1	1	1	1
OG_14392	1	1	1	1	1	1	1	1	0	2	0	1
OG_14393	4	7	0	2	0	2	2	1	2	0	0	0
OG_14394	1	1	1	1	1	1	1	1	1	2	2	1
OG_14395	1	1	1	1	2	1	1	1	2	3	1	1
OG_14396	2	1	0	0	0	2	1	0	0	0	0	0
OG_14397	1	2	1	1	1	1	1	2	2	3	1	1
OG_14398	1	2	3	1	0	1	2	2	1	0	0	1
OG_14399	1	1	1	1	0	1	1	1	1	1	0	0
OG_14400	1	1	1	1	1	1	1	1	1	1	1	1
OG_14401	1	1	2	1	1	1	1	1	1	2	1	1
OG_14402	1	1	2	1	1	1	1	2	1	5	1	1
OG_14403	3	2	1	2	1	2	2	2	1	1	0	1
OG_14404	1	1	0	1	0	1	1	0	1	0	0	0
OG_14405	1	1	1	1	1	1	1	1	3	2	1	1
OG_14406	0	0	2	0	0	1	0	1	0	0	0	0
OG_14407	6	1	3	1	0	2	11	2	0	0	0	0
OG_14408	1	1	1	1	0	1	1	1	0	0	0	0
OG_14409	1	1	1	1	4	1	1	1	1	1	2	1
OG_14410	1	1	1	1	1	1	1	1	1	1	1	1
OG_14411	2	1	1	0	0	1	1	1	4	2	0	3
OG_14412	1	1	2	1	0	1	1	1	0	0	0	0
OG_14413	1	1	1	1	1	1	1	1	1	1	1	1
OG_14414	1	0	0	1	0	0	3	0	0	0	0	0
OG_14415	2	0	2	9	0	3	2	6	2	0	0	2
OG_14416	3	2	0	1	0	0	1	0	0	0	0	0
OG_14417	1	1	1	1	0	1	1	1	1	1	0	1
OG_14418	1	1	1	1	2	1	1	1	1	1	1	1
OG_14419	0	1	2	1	0	1	1	2	1	2	0	8
OG_14420	6	5	7	6	6	5	8	6	3	6	9	6
OG_14421	1	3	1	1	1	1	1	1	1	24	1	1
OG_14422	3	4	7	2	1	3	2	3	2	6	0	0
OG_14423	1	0	1	1	5	1	1	1	0	0	1	0
OG_14424	1	1	1	1	0	1	1	1	2	2	0	0
OG_14425	1	1	1	1	0	1	1	1	1	1	0	0
OG_14426	1	1	2	4	1	1	1	1	1	5	1	1
OG_14427	1	1	4	1	1	2	1	5	1	1	1	1
OG_14428	1	2	1	1	0	1	1	1	1	2	0	1
OG_14429	1	1	3	1	1	1	1	1	2	1	0	0
OG_14430	1	1	2	1	0	1	1	1	2	2	0	0
OG_14431	1	1	1	1	0	1	1	1	2	1	0	1
OG_14432	1	1	2	1	0	1	1	1	0	0	0	0
OG_14433	1	0	2	0	0	0	1	1	0	0	0	0
OG_14434	1	1	1	1	1	1	2	1	1	3	1	1
OG_14435	1	1	1	1	0	1	1	1	1	1	0	1
OG_14436	1	1	0	1	0	1	1	0	2	0	0	0
OG_14437	1	1	1	1	0	1	1	1	0	2	0	0
OG_14438	1	1	6	1	0	1	1	1	1	2	0	0
OG_14439	1	1	1	1	1	1	1	1	1	1	1	1
OG_14440	1	0	1	1	1	1	1	1	1	1	2	1
OG_14441	1	1	1	1	2	1	2	1	1	1	1	0
OG_14442	1	1	1	1	0	1	1	1	11	6	0	0
OG_14443	2	1	1	1	0	1	1	1	1	1	0	0
OG_14444	1	1	1	1	3	1	1	1	1	2	2	1
OG_14445	4	4	2	3	3	4	7	4	2	2	6	2
OG_14446	1	1	3	1	0	1	2	2	1	1	0	0
OG_14447	1	3	1	2	1	3	2	1	1	1	1	1
OG_14448	2	1	1	1	0	1	2	1	0	1	0	0
OG_14449	2	2	2	2	1	2	2	2	3	4	1	2
OG_14450	0	0	0	1	3	0	1	0	2	2	1	0
OG_14451	1	1	1	1	1	1	1	1	1	2	1	2
OG_14452	1	0	0	1	0	1	0	0	0	0	0	0
OG_14453	1	3	2	1	1	1	1	1	1	2	1	1
OG_14454	1	1	2	1	1	1	1	1	1	3	2	1
OG_14455	1	1	1	1	1	1	1	1	2	2	1	1
OG_14456	1	1	1	1	1	1	3	1	1	1	1	1
OG_14457	1	1	1	1	1	1	1	1	1	3	41	1
OG_14458	2	1	1	2	0	3	3	2	0	0	0	0
OG_14459	1	1	0	1	0	1	1	0	1	1	0	0
OG_14460	1	0	0	1	0	1	1	0	0	0	0	0
OG_14461	2	1	0	2	0	1	3	0	0	0	0	0
OG_14462	1	1	0	0	0	1	1	0	0	0	0	0
OG_14463	1	1	2	1	0	1	1	1	0	1	0	0
OG_14464	1	0	0	1	0	0	1	0	0	1	0	0
OG_14465	1	1	0	1	0	1	1	0	0	0	0	0
OG_14466	1	1	1	1	1	1	1	3	2	1	1	1
OG_14467	1	5	0	2	0	3	0	1	0	0	0	0
OG_14468	1	1	1	1	1	1	1	1	1	1	1	0
OG_14469	1	1	2	1	1	1	1	2	1	4	1	1
OG_14470	1	1	4	1	0	1	1	1	1	1	0	1
OG_14471	1	1	4	1	0	1	1	1	1	1	0	0
OG_14472	1	1	1	1	2	1	1	2	1	1	2	1
OG_14473	1	1	4	1	0	1	1	1	2	3	0	4
OG_14474	1	1	1	2	0	1	1	3	1	1	0	0
OG_14475	1	1	1	1	1	1	1	1	1	3	1	1
OG_14476	1	1	2	1	2	1	1	1	1	2	1	1
OG_14477	1	1	3	1	2	1	3	1	2	12	1	2
OG_14478	1	1	1	1	1	1	1	1	1	0	1	1
OG_14479	1	2	1	1	0	1	2	1	0	0	0	0
OG_14480	1	1	1	1	1	1	1	1	1	3	1	2
OG_14481	2	1	1	2	3	1	1	1	1	1	1	1
OG_14482	1	3	1	1	2	2	3	2	1	1	1	0
OG_14483	1	3	1	1	4	1	1	2	1	2	0	1
OG_14484	1	1	0	1	0	1	1	1	0	0	0	0
OG_14485	1	1	2	1	1	1	2	1	2	2	4	1
OG_14486	1	1	1	1	1	1	1	1	1	7	1	1
OG_14487	1	1	1	1	2	1	1	1	1	1	1	1
OG_14488	1	1	2	1	0	1	1	1	1	1	0	0
OG_14489	1	1	3	2	3	1	1	4	2	9	3	0
OG_14490	1	0	0	1	0	1	0	1	0	0	0	0
OG_14491	1	1	2	1	0	1	1	1	1	1	0	0
OG_14492	2	1	1	1	1	1	1	1	1	1	1	1
OG_14493	1	1	1	1	1	1	1	1	1	3	1	1
OG_14494	1	1	1	1	0	1	1	1	1	0	0	0
OG_14495	2	1	1	1	1	1	1	1	1	1	1	1
OG_14496	1	1	2	1	1	1	1	1	1	1	2	1
OG_14497	4	1	0	2	0	1	2	0	0	0	0	0
OG_14498	1	0	1	0	1	1	1	1	1	0	2	0
OG_14499	1	1	2	1	0	1	1	1	1	1	0	1
OG_14500	1	1	1	1	0	1	1	1	1	1	0	0
OG_14501	1	1	1	1	2	1	1	1	3	2	1	0
OG_14502	1	1	0	2	0	1	1	0	0	1	0	0
OG_14503	1	1	3	1	1	1	2	2	1	1	2	1
OG_14504	1	1	2	1	0	1	1	3	1	1	0	0
OG_14505	1	1	4	1	5	1	1	1	1	1	1	1
OG_14506	2	1	1	1	1	1	1	1	1	1	2	1
OG_14507	1	1	2	1	0	1	1	2	2	1	0	0
OG_14508	1	1	1	1	0	1	1	1	2	0	0	0
OG_14509	1	1	2	1	0	1	1	1	1	2	0	1
OG_14510	0	0	0	0	1	0	0	0	0	0	1	0
OG_14511	1	0	1	1	1	1	1	1	0	0	2	0
OG_14512	2	1	1	1	2	1	2	1	2	3	0	0
OG_14513	2	1	2	1	3	1	2	1	2	4	1	6
OG_14514	1	1	1	2	0	1	1	1	1	1	0	0
OG_14515	0	0	0	0	1	0	0	0	0	0	1	0
OG_14516	1	2	1	1	1	1	1	1	1	5	0	1
OG_14517	1	1	1	1	1	1	1	2	1	2	1	0
OG_14518	1	0	0	0	0	0	0	0	0	0	1	0
OG_14519	0	0	0	0	0	1	0	0	0	1	0	1
OG_14520	1	1	2	1	0	1	1	1	2	1	1	1
OG_14521	1	1	1	1	1	1	1	1	1	1	1	1
OG_14522	1	1	0	1	0	1	0	0	0	0	0	0
OG_14523	1	1	1	2	1	1	1	1	2	1	0	3
OG_14524	1	1	1	1	1	2	1	1	1	1	1	1
OG_14525	1	1	1	1	2	1	1	2	2	0	3	1
OG_14526	1	1	1	1	4	1	1	1	1	1	2	1
OG_14527	2	2	2	2	1	2	3	2	3	3	0	1
OG_14528	1	1	3	3	1	1	2	3	1	1	1	1
OG_14529	1	1	1	1	0	1	1	1	2	2	0	1
OG_14530	1	1	1	1	3	1	1	1	1	1	5	3
OG_14531	4	1	1	2	2	1	2	2	1	0	1	1
OG_14532	1	1	1	1	0	1	1	1	2	1	0	0
OG_14533	1	1	1	1	0	1	1	1	1	1	0	1
OG_14534	1	1	1	1	1	1	1	1	1	1	4	2
OG_14535	1	1	1	1	1	1	1	1	1	2	1	1
OG_14536	1	1	1	1	1	1	1	1	1	1	0	2
OG_14537	1	1	1	1	5	1	3	2	3	1	1	1
OG_14538	1	2	1	1	1	1	1	1	1	1	2	2
OG_14539	4	2	1	5	5	1	5	1	7	1	0	2
OG_14540	1	1	1	1	1	2	1	1	1	3	1	1
OG_14541	1	1	1	1	1	1	1	1	1	1	0	0
OG_14542	1	1	1	1	1	1	2	1	1	1	2	1
OG_14543	1	4	2	1	1	1	1	2	2	3	0	0
OG_14544	1	0	3	1	0	1	2	0	0	0	0	0
OG_14545	1	1	1	1	0	1	1	1	0	0	0	0
OG_14546	1	0	1	1	0	1	0	1	0	0	0	0
OG_14547	1	1	1	1	0	1	1	1	1	1	0	2
OG_14548	1	2	2	1	1	1	1	1	1	1	1	2
OG_14549	3	2	2	2	1	2	2	2	4	0	0	0
OG_14550	0	0	0	0	3	0	0	0	0	0	1	1
OG_14551	1	1	1	1	1	1	1	1	2	2	2	1
OG_14552	1	1	3	2	2	1	1	3	1	4	1	1
OG_14553	1	4	1	11	0	1	1	1	0	0	0	0
OG_14554	1	1	1	1	0	1	1	1	1	1	0	0
OG_14555	2	0	2	2	0	2	0	2	0	0	0	0
OG_14556	6	1	0	6	0	1	7	0	0	0	0	0
OG_14557	1	0	0	1	0	1	0	0	0	1	0	0
OG_14558	1	1	2	1	2	1	1	2	2	1	1	0
OG_14559	1	1	1	1	4	1	1	1	1	1	1	1
OG_14560	1	1	3	1	1	1	1	2	1	3	2	1
OG_14561	1	1	1	1	0	1	2	2	1	1	0	1
OG_14562	1	1	1	1	0	1	1	1	1	1	0	0
OG_14563	1	1	1	1	4	1	1	3	3	4	3	1
OG_14564	0	1	0	0	0	1	0	1	0	0	0	0
OG_14565	1	0	0	0	0	1	0	0	0	0	0	0
OG_14566	1	2	1	1	1	1	5	1	1	4	1	1
OG_14567	2	1	1	1	1	2	2	1	1	1	4	1
OG_14568	1	1	1	1	1	1	1	1	2	1	3	1
OG_14569	2	1	2	1	1	2	2	2	1	1	1	1
OG_14570	1	1	2	1	0	1	1	1	2	0	0	0
OG_14571	1	1	1	1	1	1	1	1	2	1	1	1
OG_14572	1	0	0	1	0	0	1	0	0	0	0	0
OG_14573	1	1	1	1	2	1	1	1	1	2	1	1
OG_14574	1	1	1	1	1	1	1	1	1	1	0	0
OG_14575	1	1	2	1	0	1	2	2	2	2	6	0
OG_14576	0	0	0	0	1	0	0	0	0	0	1	0
OG_14577	1	0	1	0	5	0	1	1	2	1	1	1
OG_14578	1	1	7	1	0	1	2	4	2	4	0	1
OG_14579	1	1	1	1	1	1	1	1	1	1	1	1
OG_14580	0	0	0	0	1	0	0	0	0	0	2	0
OG_14581	1	2	1	1	1	1	1	1	1	8	1	1
OG_14582	1	0	1	0	0	1	1	0	0	0	0	0
OG_14583	1	1	1	1	1	1	1	1	2	1	2	1
OG_14584	1	1	1	1	2	1	1	1	2	5	2	1
OG_14585	1	2	1	1	0	1	1	1	0	0	0	0
OG_14586	1	1	1	1	8	1	2	9	1	14	1	2
OG_14587	1	1	1	1	1	1	1	1	2	1	1	1
OG_14588	1	1	1	1	2	1	1	1	1	1	1	1
OG_14589	1	1	1	1	4	1	1	2	2	1	0	1
OG_14590	3	1	1	1	2	1	1	1	1	1	1	1
OG_14591	1	1	4	1	0	1	1	1	0	0	0	0
OG_14592	1	1	1	1	1	1	1	1	1	1	2	1
OG_14593	1	1	1	1	1	1	1	1	1	1	1	2
OG_14594	3	2	8	3	0	3	3	5	2	1	0	0
OG_14595	1	1	1	1	0	1	1	1	1	1	0	0
OG_14596	1	1	1	1	0	1	1	1	1	1	0	0
OG_14597	1	1	1	1	2	1	2	1	1	1	0	0
OG_14598	1	0	0	1	0	1	1	0	0	0	0	0
OG_14599	1	1	2	1	2	1	1	2	2	3	0	1
OG_14600	1	0	0	1	0	1	0	0	0	3	1	0
OG_14601	1	1	1	1	10	1	1	1	1	1	1	1
OG_14602	1	1	1	1	0	1	1	1	1	2	0	0
OG_14603	1	2	1	1	1	1	1	2	2	1	1	1
OG_14604	1	1	1	1	0	1	1	1	1	4	0	2
OG_14605	1	1	1	1	0	1	1	1	1	2	0	1
OG_14606	1	1	1	1	0	1	1	2	0	0	0	0
OG_14607	2	3	1	3	0	1	3	2	1	1	0	9
OG_14608	0	0	0	0	1	0	0	0	0	0	1	0
OG_14609	2	0	1	2	0	1	0	1	0	0	0	0
OG_14610	1	1	0	1	1	1	1	1	0	2	1	1
OG_14611	1	1	0	1	2	1	1	1	0	2	1	1
OG_14612	1	1	1	1	1	1	1	1	1	2	1	1
OG_14613	1	2	3	1	0	1	2	1	0	0	0	0
OG_14614	1	1	1	1	1	1	1	1	1	3	1	1
OG_14615	3	2	3	3	1	3	3	4	2	2	1	2
OG_14616	1	1	1	1	1	1	1	1	0	1	1	1
OG_14617	2	3	1	1	1	1	1	1	1	1	1	1
OG_14618	5	4	5	5	1	3	4	5	2	1	1	6
OG_14619	1	1	1	1	1	1	1	1	1	1	2	1
OG_14620	1	1	1	1	2	1	1	1	2	1	1	1
OG_14621	1	2	1	1	1	1	1	1	2	1	2	1
OG_14622	1	1	1	1	0	1	1	2	2	1	0	0
OG_14623	3	1	1	4	8	2	4	5	5	10	0	0
OG_14624	1	2	1	2	0	1	1	1	0	2	0	1
OG_14625	1	1	1	1	1	1	1	1	1	1	1	2
OG_14626	1	1	1	1	2	1	1	1	3	1	1	1
OG_14627	1	1	1	1	1	1	3	1	2	4	1	2
OG_14628	1	2	1	1	3	1	1	3	1	2	1	1
OG_14629	1	1	1	1	0	1	1	1	2	2	1	1
OG_14630	1	2	1	1	2	1	2	1	1	1	3	1
OG_14631	1	2	1	1	1	1	1	1	1	2	1	1
OG_14632	1	5	4	1	0	1	1	1	1	1	0	0
OG_14633	1	2	1	2	1	1	1	2	1	1	1	1
OG_14634	1	1	1	1	1	1	2	1	1	3	1	1
OG_14635	1	1	1	1	2	1	1	1	1	2	0	1
OG_14636	1	1	3	1	0	1	1	1	2	3	0	0
OG_14637	1	1	1	1	1	1	1	1	2	3	1	1
OG_14638	1	1	1	1	1	2	3	1	1	1	1	1
OG_14639	1	1	2	1	1	1	1	1	1	2	1	1
OG_14640	1	2	1	1	2	1	1	1	1	2	3	1
OG_14641	2	1	1	1	1	1	2	1	1	1	1	0
OG_14642	4	5	4	4	7	4	4	5	1	2	7	2
OG_14643	1	1	1	1	5	1	1	1	1	2	3	0
OG_14644	0	0	0	0	1	0	0	0	0	0	2	0
OG_14645	4	1	0	1	0	2	1	0	1	0	0	0
OG_14646	2	1	1	1	2	2	1	1	1	1	1	1
OG_14647	1	1	1	1	1	1	1	1	1	1	1	1
OG_14648	1	1	1	1	1	1	1	1	1	1	0	0
OG_14649	3	0	2	2	0	1	2	2	1	1	0	0
OG_14650	1	1	1	1	0	1	3	1	2	1	0	0
OG_14651	1	1	1	1	1	1	0	1	1	2	1	1
OG_14652	1	1	2	1	1	1	1	1	2	2	2	1
OG_14653	1	1	1	1	1	1	1	2	1	5	1	1
OG_14654	0	0	0	0	0	0	0	0	1	1	0	0
OG_14655	1	1	2	1	0	3	1	1	1	1	0	1
OG_14656	1	1	6	1	5	1	1	3	2	3	2	2
OG_14657	3	0	0	0	0	1	0	0	0	0	0	0
OG_14658	1	2	1	3	6	1	1	2	0	0	0	1
OG_14659	1	1	2	1	1	14	1	1	1	1	1	1
OG_14660	2	0	1	1	0	1	1	1	1	1	0	0
OG_14661	4	1	1	1	0	2	3	1	4	5	0	3
OG_14662	1	1	0	1	0	1	1	0	1	1	0	0
OG_14663	1	3	1	1	1	1	1	1	1	1	1	0
OG_14664	1	1	1	1	1	1	1	1	2	4	1	0
OG_14665	3	2	1	2	1	1	1	1	1	1	1	1
OG_14666	1	1	2	1	1	1	1	1	1	1	1	2
OG_14667	1	1	1	1	1	1	1	1	1	4	1	4
OG_14668	1	0	0	0	0	3	0	0	0	0	0	0
OG_14669	1	1	1	1	1	1	1	1	1	1	1	1
OG_14670	1	1	2	2	2	1	1	2	2	2	1	1
OG_14671	1	1	1	1	1	1	1	1	1	0	1	1
OG_14672	1	1	3	1	1	2	2	2	1	2	2	1
OG_14673	1	1	1	1	1	2	1	1	0	1	1	1
OG_14674	1	3	1	1	2	1	1	1	1	2	0	1
OG_14675	1	4	2	1	2	1	2	3	2	1	2	2
OG_14676	1	1	1	1	4	1	1	1	1	1	2	1
OG_14677	9	7	0	10	0	6	9	3	2	0	0	16
OG_14678	1	1	2	1	1	1	1	1	2	3	1	0
OG_14679	1	2	1	2	1	1	2	1	1	1	2	1
OG_14680	1	0	0	0	1	0	2	0	2	1	1	1
OG_14681	1	2	1	1	2	1	1	2	3	1	1	1
OG_14682	2	1	0	1	1	1	2	0	1	1	1	4
OG_14683	2	1	1	1	0	1	1	1	1	0	1	0
OG_14684	1	2	2	1	2	1	1	2	1	2	1	1
OG_14685	1	0	0	0	0	1	0	0	0	0	0	0
OG_14686	1	1	1	1	0	1	2	1	1	1	0	0
OG_14687	1	1	1	1	2	1	1	2	2	1	1	1
OG_14688	1	1	0	3	2	0	1	0	0	2	1	1
OG_14689	1	1	2	2	0	1	1	1	0	0	0	0
OG_14690	1	1	2	1	1	1	1	1	1	1	1	0
OG_14691	2	2	1	1	3	1	1	1	1	1	2	1
OG_14692	1	1	1	1	1	1	1	1	1	2	1	1
OG_14693	1	1	0	1	1	2	0	0	0	2	0	0
OG_14694	0	5	0	0	0	0	6	0	0	0	0	0
OG_14695	1	1	1	1	3	1	1	1	2	1	1	1
OG_14696	1	1	1	1	0	1	1	2	1	1	1	0
OG_14697	1	2	1	1	1	1	1	2	3	2	1	0
OG_14698	1	2	2	1	1	1	1	1	2	1	1	0
OG_14699	1	1	1	1	1	1	1	1	2	6	1	1
OG_14700	1	1	1	1	1	1	1	1	1	1	1	1
OG_14701	1	1	1	1	2	1	1	2	1	1	1	0
OG_14702	2	1	1	2	1	2	2	2	0	1	1	2
OG_14703	1	3	1	1	1	1	1	1	1	2	1	1
OG_14704	5	1	3	2	0	4	1	2	0	1	0	0
OG_14705	1	2	1	2	1	1	1	1	7	4	2	1
OG_14706	4	2	1	1	0	1	2	1	1	1	0	0
OG_14707	1	0	1	0	0	0	1	1	0	0	0	0
OG_14708	1	4	2	1	1	1	0	1	1	2	1	1
OG_14709	1	2	1	1	1	1	2	1	2	1	1	1
OG_14710	1	1	1	2	2	1	1	1	1	4	1	1
OG_14711	1	1	1	1	1	1	1	1	1	1	1	2
OG_14712	1	1	2	1	0	1	1	3	1	4	0	0
OG_14713	1	0	0	0	0	0	1	0	0	0	0	0
OG_14714	1	1	0	1	0	1	1	0	1	1	1	1
OG_14715	5	2	8	3	2	5	5	10	4	3	3	3
OG_14716	2	2	2	7	1	1	1	1	1	1	3	1
OG_14717	1	1	1	1	2	1	1	1	1	1	1	1
OG_14718	1	0	0	0	0	0	1	0	0	0	0	0
OG_14719	1	1	1	1	1	1	1	1	1	1	1	1
OG_14720	1	1	3	1	1	1	0	1	2	5	1	1
OG_14721	1	1	1	1	0	1	1	1	1	1	0	0
OG_14722	1	1	1	1	1	1	1	4	1	2	1	1
OG_14723	1	1	6	1	2	1	1	1	0	0	2	1
OG_14724	1	1	1	1	0	1	1	1	1	0	0	1
OG_14725	1	1	1	1	0	1	1	0	1	1	0	0
OG_14726	3	0	0	1	0	0	0	0	0	0	0	0
OG_14727	7	0	0	2	0	2	0	0	0	0	0	0
OG_14728	1	1	1	1	2	1	1	1	0	2	3	2
OG_14729	1	1	1	1	0	1	0	2	0	0	0	0
OG_14730	1	1	1	1	2	1	1	1	1	2	1	1
OG_14731	2	0	0	0	0	0	1	0	0	0	0	0
OG_14732	1	0	0	0	0	1	1	0	0	0	0	0
OG_14733	1	2	2	1	2	1	1	1	1	3	1	0
OG_14734	1	0	0	0	0	0	1	0	0	0	0	0
OG_14735	1	1	1	1	1	1	1	1	1	1	1	1
OG_14736	1	1	1	1	1	1	1	2	1	1	1	1
OG_14737	1	1	1	1	2	1	1	2	1	1	1	1
OG_14738	1	1	1	1	1	1	1	1	1	1	1	1
OG_14739	1	5	0	3	0	1	1	1	0	0	0	0
OG_14740	2	2	0	1	0	1	1	0	0	0	0	0
OG_14741	2	0	0	0	0	0	1	0	0	0	0	0
OG_14742	1	0	0	1	0	1	1	0	0	0	0	0
OG_14743	1	2	5	2	0	2	1	1	0	0	0	0
OG_14744	2	2	2	2	2	2	2	2	2	2	1	1
OG_14745	1	1	1	1	0	1	1	2	0	0	0	2
OG_14746	2	1	1	1	0	1	2	0	0	0	0	0
OG_14747	1	0	1	0	0	0	0	0	0	0	1	0
OG_14748	1	1	2	1	2	1	1	3	1	1	2	1
OG_14749	1	1	1	2	0	1	1	2	1	1	0	0
OG_14750	1	1	1	1	0	1	1	1	1	1	0	0
OG_14751	1	1	1	1	0	1	1	1	1	1	0	0
OG_14752	1	1	1	1	6	1	1	2	1	4	2	0
OG_14753	1	1	1	1	2	1	1	1	1	1	1	1
OG_14754	2	1	1	2	0	1	2	1	0	0	0	0
OG_14755	1	1	1	1	1	1	1	2	2	4	1	1
OG_14756	1	1	1	1	1	1	1	1	1	2	1	1
OG_14757	1	0	0	0	0	1	0	0	0	0	0	0
OG_14758	1	1	1	1	1	1	1	1	1	1	1	1
OG_14759	1	1	1	1	7	1	1	1	2	4	6	3
OG_14760	1	1	1	1	0	1	1	1	0	1	0	0
OG_14761	1	1	1	1	2	1	1	1	1	1	1	1
OG_14762	1	1	4	1	0	1	1	1	1	1	0	0
OG_14763	2	2	2	2	0	2	2	2	2	2	0	0
OG_14764	1	1	5	1	2	1	1	2	1	3	2	0
OG_14765	1	1	1	2	0	2	1	1	1	0	0	0
OG_14766	1	1	1	1	0	1	1	1	0	0	0	0
OG_14767	1	1	1	1	1	1	1	1	1	1	1	1
OG_14768	3	1	0	3	2	3	8	4	1	1	2	1
OG_14769	1	1	2	1	2	1	1	2	1	4	2	2
OG_14770	1	1	1	1	1	1	1	1	2	1	1	1
OG_14771	1	0	0	1	0	1	0	0	0	0	0	0
OG_14772	1	1	2	1	1	1	1	2	2	1	2	2
OG_14773	2	1	3	3	2	3	2	3	1	3	1	1
OG_14774	1	0	0	2	0	0	1	0	0	0	0	0
OG_14775	1	1	1	1	0	1	1	1	1	1	0	0
OG_14776	1	1	1	1	1	1	1	1	0	2	1	0
OG_14777	1	1	3	1	0	1	1	2	1	1	0	0
OG_14778	1	1	1	1	1	1	1	1	1	1	1	1
OG_14779	1	1	1	1	2	1	1	1	1	1	1	1
OG_14780	1	1	1	1	1	1	1	1	1	4	1	1
OG_14781	1	1	1	1	1	11	1	1	1	3	1	1
OG_14782	1	1	1	1	1	1	1	1	1	1	0	1
OG_14783	1	1	3	1	1	1	1	1	1	3	1	1
OG_14784	1	0	1	1	0	1	1	1	0	0	0	0
OG_14785	1	2	5	1	0	3	2	1	0	0	0	0
OG_14786	1	1	1	1	1	1	1	1	1	4	0	1
OG_14787	1	1	1	1	1	1	1	1	1	1	1	2
OG_14788	2	1	1	1	1	1	2	1	1	1	2	1
OG_14789	1	3	1	1	3	2	1	2	1	4	3	2
OG_14790	1	2	1	1	0	2	1	1	0	1	0	1
OG_14791	0	0	0	0	1	0	0	0	0	0	1	0
OG_14792	1	0	1	1	4	2	1	1	1	2	1	1
OG_14793	1	0	3	0	0	1	2	1	0	0	0	0
OG_14794	2	2	3	3	1	3	2	2	3	5	1	4
OG_14795	1	1	1	1	2	1	1	1	1	1	0	1
OG_14796	4	1	1	3	0	1	2	0	1	0	0	1
OG_14797	2	2	2	3	1	3	2	1	1	1	2	0
OG_14798	1	1	1	0	0	1	1	2	3	5	0	0
OG_14799	1	1	1	1	0	1	1	1	0	0	0	0
OG_14800	1	1	2	3	0	1	1	1	0	0	0	0
OG_14801	1	0	1	1	0	1	0	1	0	0	0	0
OG_14802	1	1	0	0	0	0	0	0	0	0	0	0
OG_14803	2	1	2	1	0	1	1	1	4	1	0	1
OG_14804	1	0	2	1	0	1	1	1	0	2	0	0
OG_14805	1	1	1	2	5	1	1	2	3	2	2	1
OG_14806	1	1	3	1	0	1	1	1	1	1	0	0
OG_14807	1	1	1	1	3	1	1	6	1	3	3	0
OG_14808	1	2	2	1	1	1	1	1	1	2	1	2
OG_14809	1	1	1	1	0	1	0	1	0	1	0	1
OG_14810	1	1	1	1	1	1	1	1	2	1	1	1
OG_14811	2	2	2	2	1	2	2	4	2	3	1	1
OG_14812	2	1	1	8	0	1	1	1	1	1	0	2
OG_14813	1	1	1	1	2	1	1	1	1	3	0	1
OG_14814	1	1	1	1	8	1	2	1	1	1	1	1
OG_14815	1	2	1	1	3	1	1	1	1	1	1	1
OG_14816	1	1	1	1	0	1	1	1	1	1	0	1
OG_14817	1	1	1	1	1	1	1	1	1	2	1	2
OG_14818	1	1	6	1	0	1	1	3	2	6	0	1
OG_14819	1	1	1	1	3	1	1	1	1	2	1	1
OG_14820	3	2	0	2	0	2	2	2	1	2	0	2
OG_14821	1	1	2	1	0	1	1	2	1	1	0	0
OG_14822	1	2	1	5	0	1	1	1	1	1	0	2
OG_14823	4	0	3	3	0	1	2	2	0	1	0	0
OG_14824	1	1	2	2	0	1	1	1	1	0	0	0
OG_14825	1	1	1	1	1	1	1	1	1	1	1	1
OG_14826	1	3	0	1	0	0	1	0	2	0	0	10
OG_14827	1	1	1	1	1	1	2	2	1	4	1	1
OG_14828	1	1	2	1	1	1	1	1	1	1	0	1
OG_14829	1	1	1	1	1	1	0	3	2	6	5	1
OG_14830	1	1	2	1	2	1	2	2	1	1	3	2
OG_14831	1	1	1	4	0	1	1	1	1	2	0	0
OG_14832	1	2	0	2	1	1	1	1	2	0	1	0
OG_14833	1	3	2	1	0	1	1	1	0	0	0	0
OG_14834	1	1	1	1	0	1	1	1	1	1	0	0
OG_14835	1	2	0	1	0	2	1	0	0	0	0	0
OG_14836	1	1	1	1	3	1	1	1	2	1	0	0
OG_14837	1	1	1	1	3	1	1	1	1	1	1	3
OG_14838	1	1	1	1	0	1	1	1	1	3	0	0
OG_14839	1	1	1	1	1	1	1	1	1	2	0	0
OG_14840	1	1	2	1	1	1	2	2	2	1	2	2
OG_14841	1	1	2	1	1	1	1	2	1	1	4	1
OG_14842	3	1	0	4	0	0	2	0	0	0	1	0
OG_14843	1	1	1	0	1	1	1	1	1	1	1	1
OG_14844	1	2	1	1	1	1	1	1	2	2	2	1
OG_14845	1	1	3	1	2	1	4	3	1	6	1	1
OG_14846	0	0	2	0	0	3	0	2	0	0	0	0
OG_14847	1	1	0	1	0	2	1	0	1	1	1	0
OG_14848	2	1	2	1	0	1	1	4	1	1	0	1
OG_14849	1	1	1	1	1	1	1	1	1	1	3	1
OG_14850	1	1	2	1	1	1	1	1	1	1	1	1
OG_14851	1	1	1	1	1	1	1	1	2	1	1	1
OG_14852	1	2	1	2	1	1	3	3	1	3	3	1
OG_14853	1	1	9	1	0	1	1	6	1	1	0	1
OG_14854	1	1	1	1	1	1	1	1	1	1	1	1
OG_14855	1	1	1	1	2	1	1	1	1	1	1	1
OG_14856	2	1	0	0	0	0	0	0	0	0	0	0
OG_14857	1	4	0	2	0	1	1	0	1	7	0	0
OG_14858	1	2	0	1	0	2	1	1	1	0	0	1
OG_14859	2	0	0	0	0	1	1	0	0	0	0	0
OG_14860	1	1	0	1	0	0	0	0	0	0	0	0
OG_14861	1	0	0	1	0	1	1	0	0	0	0	0
OG_14862	1	1	2	2	0	1	2	1	1	1	0	0
OG_14863	1	1	1	1	0	1	1	1	0	0	0	0
OG_14864	1	1	2	1	1	1	1	2	1	0	1	2
OG_14865	1	1	2	1	1	1	1	1	1	2	1	1
OG_14866	1	1	3	1	1	1	1	4	2	3	1	1
OG_14867	1	1	1	1	1	2	1	1	1	1	1	0
OG_14868	2	2	1	2	1	1	1	1	2	3	2	1
OG_14869	1	1	1	1	0	1	1	1	2	1	0	0
OG_14870	1	1	1	1	1	1	1	1	2	1	1	1
OG_14871	3	1	1	1	1	1	7	1	1	2	1	1
OG_14872	1	0	1	1	0	1	1	1	0	0	0	0
OG_14873	1	2	1	1	3	1	1	1	1	0	0	1
OG_14874	1	1	1	1	1	1	1	1	1	2	2	1
OG_14875	1	1	0	1	0	1	1	1	1	2	0	0
OG_14876	1	1	4	1	0	1	1	4	1	1	0	1
OG_14877	1	1	4	1	2	1	2	2	2	1	1	2
OG_14878	1	1	0	1	1	2	1	0	0	1	1	0
OG_14879	1	2	1	1	0	1	1	1	1	1	0	0
OG_14880	1	1	2	1	0	1	2	1	1	0	0	0
OG_14881	1	3	2	3	2	1	1	1	1	2	1	1
OG_14882	3	0	0	1	0	1	1	1	1	0	0	0
OG_14883	1	1	1	1	0	1	1	1	3	4	0	1
OG_14884	1	1	2	1	0	1	1	1	0	2	0	0
OG_14885	2	1	5	2	0	3	7	3	1	2	0	0
OG_14886	4	0	0	0	0	0	3	0	0	0	0	0
OG_14887	1	1	1	1	1	1	1	1	1	3	1	1
OG_14888	6	2	4	3	0	2	2	3	1	4	0	0
OG_14889	1	0	2	2	0	1	1	1	0	0	0	0
OG_14890	1	1	1	1	0	1	1	1	0	0	0	0
OG_14891	2	0	2	1	3	1	2	2	1	3	0	0
OG_14892	11	4	0	4	0	0	0	0	6	0	1	0
OG_14893	1	2	1	1	2	1	1	3	1	1	1	1
OG_14894	1	1	1	1	1	1	1	1	1	1	1	1
OG_14895	1	1	1	1	1	1	1	1	3	1	1	1
OG_14896	1	1	1	1	1	1	1	1	0	1	1	0
OG_14897	2	1	1	1	2	1	1	1	1	1	1	1
OG_14898	1	1	1	1	1	1	1	2	1	1	1	1
OG_14899	1	1	1	1	1	1	1	1	1	1	3	2
OG_14900	1	1	1	1	0	0	0	1	1	0	0	0
OG_14901	1	1	3	1	0	0	1	1	0	2	0	0
OG_14902	1	0	1	1	1	1	1	1	0	1	1	1
OG_14903	1	1	1	1	1	1	1	1	1	1	1	1
OG_14904	1	1	1	1	1	1	1	1	1	4	1	1
OG_14905	1	3	1	1	0	1	2	1	1	1	0	1
OG_14906	0	0	0	0	3	0	0	0	0	0	2	0
OG_14907	1	1	0	1	0	1	1	0	1	1	0	0
OG_14908	3	1	1	2	1	1	1	1	1	1	2	2
OG_14909	1	1	1	1	2	1	1	1	1	1	1	1
OG_14910	3	1	2	1	1	1	1	2	2	6	1	1
OG_14911	1	1	1	1	1	1	1	1	4	1	1	2
OG_14912	1	1	1	1	1	1	1	2	4	1	2	1
OG_14913	1	1	1	1	1	1	1	1	1	1	1	1
OG_14914	1	1	1	1	1	1	1	1	1	4	1	1
OG_14915	1	0	1	1	0	1	1	1	1	2	0	0
OG_14916	1	1	2	2	1	1	2	1	2	3	1	0
OG_14917	1	1	1	1	0	1	1	1	1	0	0	0
OG_14918	1	1	1	1	1	1	1	1	1	2	1	1
OG_14919	2	0	0	0	0	0	0	0	1	0	0	0
OG_14920	1	1	1	1	0	1	1	1	1	1	0	0
OG_14921	1	1	1	2	0	1	3	2	1	1	0	2
OG_14922	1	1	2	1	0	1	1	4	1	3	0	0
OG_14923	1	1	1	1	1	1	1	1	2	1	2	1
OG_14924	1	0	1	1	1	1	1	1	2	1	1	1
OG_14925	2	1	1	1	2	1	1	2	1	4	0	0
OG_14926	1	1	1	1	0	1	0	1	1	2	0	0
OG_14927	1	1	1	1	0	2	1	1	1	1	0	1
OG_14928	1	2	1	1	1	1	2	1	1	1	1	1
OG_14929	1	1	1	1	1	1	1	1	1	1	2	1
OG_14930	1	1	1	1	2	1	1	1	2	1	1	0
OG_14931	1	1	1	1	0	1	1	1	1	1	0	1
OG_14932	1	1	1	1	5	1	1	1	1	3	1	1
OG_14933	1	1	1	1	2	1	0	1	1	1	1	0
OG_14934	1	2	3	6	1	2	1	1	2	1	1	2
OG_14935	1	1	1	1	1	1	1	2	1	2	1	1
OG_14936	2	1	1	2	6	4	2	2	1	1	2	1
OG_14937	1	1	1	1	1	1	2	2	1	1	1	1
OG_14938	1	1	2	2	0	1	1	1	0	0	0	0
OG_14939	3	0	2	0	2	2	1	1	0	1	0	1
OG_14940	1	1	0	1	7	1	1	1	2	1	0	1
OG_14941	1	1	1	1	1	1	1	1	2	1	0	1
OG_14942	1	1	1	1	1	1	1	1	1	3	2	1
OG_14943	1	1	1	1	0	1	1	1	1	2	0	1
OG_14944	1	1	1	1	1	1	1	1	1	1	1	1
OG_14945	1	1	1	1	1	1	1	1	2	2	1	1
OG_14946	1	1	1	1	1	1	1	1	1	3	1	1
OG_14947	1	1	1	1	3	1	1	1	1	3	2	1
OG_14948	1	1	1	1	4	1	1	1	1	1	1	1
OG_14949	1	1	1	1	1	1	1	1	1	1	1	1
OG_14950	1	1	1	1	1	1	1	1	1	1	2	0
OG_14951	1	2	2	1	1	4	1	1	1	1	1	1
OG_14952	1	1	1	2	1	1	1	1	1	2	2	0
OG_14953	1	1	1	1	0	1	1	1	1	1	0	1
OG_14954	1	0	1	1	1	1	1	4	1	4	0	0
OG_14955	1	1	1	1	1	1	1	1	1	1	1	1
OG_14956	1	2	1	1	1	1	0	1	0	1	1	1
OG_14957	1	1	2	1	1	1	1	2	1	2	2	1
OG_14958	2	0	1	1	0	1	1	2	1	3	0	0
OG_14959	1	1	2	1	1	1	1	1	1	1	1	1
OG_14960	1	1	0	1	1	1	1	1	1	1	1	1
OG_14961	1	1	1	1	1	1	1	1	1	1	1	1
OG_14962	1	1	4	1	3	1	1	2	1	1	1	0
OG_14963	1	2	3	1	0	1	1	1	2	4	0	1
OG_14964	0	0	0	0	1	0	0	0	0	0	2	0
OG_14965	1	1	2	1	0	1	1	2	1	1	0	1
OG_14966	1	1	1	1	2	1	1	1	0	1	1	0
OG_14967	1	2	2	1	2	1	1	4	1	1	0	0
OG_14968	1	1	1	1	2	1	1	2	1	2	1	1
OG_14969	1	1	1	1	1	1	1	1	1	1	1	0
OG_14970	1	1	1	1	1	1	1	1	1	5	2	1
OG_14971	1	1	0	0	0	0	0	0	0	0	0	0
OG_14972	1	1	3	1	0	1	2	3	1	2	0	3
OG_14973	1	1	2	1	1	1	1	1	0	1	1	1
OG_14974	1	1	1	1	1	1	1	1	1	11	1	1
OG_14975	1	1	1	1	0	1	6	2	1	1	0	0
OG_14976	1	1	0	1	0	0	0	0	0	2	1	1
OG_14977	1	1	1	1	0	1	0	1	2	1	0	0
OG_14978	1	1	1	2	2	2	1	1	1	1	2	1
OG_14979	1	1	1	1	0	1	2	2	1	1	0	1
OG_14980	0	0	0	0	1	0	0	0	0	0	1	0
OG_14981	1	0	0	2	0	1	3	0	0	0	0	0
OG_14982	1	1	1	1	2	1	1	1	1	1	1	2
OG_14983	1	1	1	1	4	1	0	1	1	3	1	2
OG_14984	1	1	1	1	0	1	1	3	0	0	0	0
OG_14985	1	1	1	1	1	1	2	1	1	1	1	1
OG_14986	1	1	3	1	2	2	1	2	2	1	1	2
OG_14987	2	2	3	2	5	2	2	3	1	3	2	3
OG_14988	1	0	2	1	1	2	1	1	1	2	2	1
OG_14989	1	1	1	1	0	1	1	2	1	4	0	1
OG_14990	1	1	2	1	0	1	1	3	2	1	1	1
OG_14991	2	4	2	3	1	2	3	3	2	4	1	0
OG_14992	1	1	1	1	2	1	1	1	1	1	2	1
OG_14993	1	1	1	1	1	1	1	2	1	2	1	1
OG_14994	1	3	2	1	1	1	2	1	1	3	3	1
OG_14995	1	1	1	1	2	1	2	1	0	0	0	0
OG_14996	1	0	1	1	1	1	1	1	0	1	0	0
OG_14997	1	1	0	1	0	1	0	0	0	0	0	0
OG_14998	1	1	1	1	0	1	2	1	1	1	0	0
OG_14999	1	1	2	1	0	1	1	1	3	6	0	0
OG_15000	1	2	1	1	3	2	1	1	1	1	2	2
OG_15001	1	1	1	1	0	1	1	1	1	1	0	1
OG_15002	1	2	2	1	2	1	1	1	1	1	1	1
OG_15003	1	1	1	1	1	1	1	1	1	1	1	1
OG_15004	1	1	1	1	1	1	1	1	2	1	1	1
OG_15005	2	1	1	1	2	1	1	1	1	1	1	1
OG_15006	1	2	1	1	0	1	1	2	1	2	0	0
OG_15007	1	1	1	1	1	1	1	1	2	1	1	1
OG_15008	1	1	1	1	1	1	0	1	1	3	1	1
OG_15009	1	2	1	2	0	1	1	1	1	1	0	1
OG_15010	1	19	1	1	4	1	1	1	1	2	0	1
OG_15011	1	1	1	1	2	1	1	3	1	1	1	1
OG_15012	2	2	3	6	0	3	2	3	2	1	0	4
OG_15013	1	1	2	1	1	1	1	1	1	3	1	1
OG_15014	1	1	1	1	0	2	1	1	1	1	0	0
OG_15015	2	2	4	2	1	4	2	4	3	8	4	2
OG_15016	1	1	1	1	1	1	1	1	2	5	1	1
OG_15017	1	1	1	1	1	1	2	3	2	5	1	1
OG_15018	1	1	1	1	2	1	1	1	1	3	0	1
OG_15019	1	1	1	1	1	1	1	1	1	1	1	1
OG_15020	1	1	1	1	1	2	1	1	2	3	1	1
OG_15021	1	1	1	1	3	1	1	1	1	1	1	1
OG_15022	1	1	3	1	3	1	1	1	1	3	1	0
OG_15023	2	0	2	1	0	1	1	1	0	0	0	0
OG_15024	1	1	2	1	1	1	1	1	1	1	1	1
OG_15025	1	1	1	1	0	1	1	1	0	0	0	0
OG_15026	2	1	1	1	0	2	2	2	0	0	0	0
OG_15027	1	1	2	1	3	1	1	1	2	3	2	1
OG_15028	1	1	1	1	2	1	1	1	1	1	2	1
OG_15029	1	1	1	1	1	1	3	1	1	1	0	1
OG_15030	1	1	1	1	0	1	1	1	1	1	0	0
OG_15031	1	2	1	1	2	1	1	1	1	1	1	1
OG_15032	1	3	3	1	5	1	1	1	3	1	1	3
OG_15033	1	1	1	1	0	1	1	1	1	1	0	0
OG_15034	1	1	1	1	3	1	1	1	1	1	1	1
OG_15035	1	1	1	1	2	1	1	1	1	1	1	2
OG_15036	1	1	2	1	0	1	1	1	0	0	0	0
OG_15037	1	1	1	1	1	1	4	1	1	1	1	1
OG_15038	1	1	1	1	2	1	1	1	1	3	1	1
OG_15039	1	0	1	1	0	1	1	0	1	1	0	0
OG_15040	1	1	0	1	1	1	1	1	0	0	1	1
OG_15041	2	0	0	2	0	0	4	0	1	4	0	0
OG_15042	2	0	0	0	0	1	0	0	0	0	0	0
OG_15043	1	1	1	1	1	1	1	1	2	7	2	1
OG_15044	1	1	1	1	4	1	1	1	1	1	1	1
OG_15045	1	1	1	1	1	2	1	1	1	1	1	1
OG_15046	1	1	1	1	0	1	1	1	2	1	0	2
OG_15047	1	0	0	1	1	1	1	0	1	1	5	0
OG_15048	1	1	0	1	0	6	1	0	0	0	0	0
OG_15049	1	2	2	1	1	2	1	1	1	1	1	1
OG_15050	1	2	1	2	0	1	0	1	1	0	0	0
OG_15051	1	1	1	1	0	1	1	2	0	0	0	0
OG_15052	1	1	1	1	1	1	1	1	1	1	2	1
OG_15053	2	1	5	2	0	2	1	4	0	0	0	0
OG_15054	2	1	1	1	1	1	1	1	1	5	1	1
OG_15055	1	1	1	1	1	1	1	1	1	2	1	2
OG_15056	1	1	1	1	2	1	1	3	1	2	1	1
OG_15057	1	1	1	1	0	1	2	2	0	0	0	0
OG_15058	0	0	0	0	3	0	0	0	1	4	2	1
OG_15059	0	0	0	0	0	0	0	0	1	2	0	0
OG_15060	2	0	0	1	0	1	2	1	0	0	0	0
OG_15061	2	2	1	2	2	2	4	2	2	2	0	1
OG_15062	2	2	6	2	1	2	2	11	1	2	3	1
OG_15063	1	0	0	0	0	4	4	0	0	0	0	0
OG_15064	1	1	1	1	1	1	1	1	1	3	1	1
OG_15065	1	0	1	1	0	1	1	2	0	0	0	0
OG_15066	1	1	1	1	0	1	1	1	3	1	0	1
OG_15067	1	1	1	1	1	1	1	1	1	2	1	0
OG_15068	2	0	1	1	0	1	1	1	1	2	0	1
OG_15069	2	0	0	1	0	1	1	1	1	1	0	0
OG_15070	1	1	2	1	3	1	1	1	1	2	1	4
OG_15071	1	1	2	1	0	1	1	1	0	0	0	0
OG_15072	1	2	2	1	3	11	1	3	4	3	2	1
OG_15073	2	2	2	2	0	2	3	3	3	2	0	1
OG_15074	1	1	1	1	1	1	1	1	1	2	1	1
OG_15075	1	1	3	1	0	1	9	1	1	2	0	0
OG_15076	2	1	1	1	2	1	1	2	1	1	2	1
OG_15077	1	1	1	1	1	1	1	1	2	1	1	1
OG_15078	1	1	1	1	1	1	1	1	1	2	0	1
OG_15079	1	1	4	1	0	1	1	2	0	1	0	0
OG_15080	1	1	1	1	1	1	1	1	1	1	1	1
OG_15081	2	2	2	2	1	2	2	2	1	2	0	0
OG_15082	1	1	2	1	0	1	3	3	2	2	0	1
OG_15083	1	1	2	1	2	1	1	2	1	2	1	1
OG_15084	2	0	0	0	0	1	1	1	0	0	0	0
OG_15085	1	0	0	0	0	0	1	0	0	0	0	0
OG_15086	2	1	2	1	8	1	1	2	1	1	1	1
OG_15087	1	1	1	2	0	1	1	1	0	0	0	0
OG_15088	1	1	1	1	1	1	1	1	1	1	1	1
OG_15089	1	1	1	1	1	1	1	1	2	1	1	1
OG_15090	1	1	1	1	1	1	1	1	1	0	1	1
OG_15091	1	1	1	1	0	1	1	1	1	1	0	0
OG_15092	0	1	1	1	0	1	1	1	1	1	0	0
OG_15093	1	1	1	1	0	1	1	1	1	1	0	1
OG_15094	0	0	0	0	1	0	0	0	0	0	1	0
OG_15095	0	0	0	0	1	0	0	0	0	0	0	1
OG_15096	1	2	4	1	3	2	2	3	3	5	1	1
OG_15097	1	1	3	2	0	1	1	1	0	0	0	0
OG_15098	0	1	0	1	0	0	0	0	0	0	0	0
OG_15099	1	1	1	1	1	1	1	1	1	1	2	1
OG_15100	0	5	4	8	0	5	7	5	1	1	0	1
OG_15101	0	0	0	0	0	1	1	1	0	0	0	0
OG_15102	1	1	1	1	1	1	1	1	1	1	1	2
OG_15103	2	1	1	2	0	1	1	1	1	0	0	0
OG_15104	1	2	1	1	1	1	1	1	1	3	0	1
OG_15105	1	1	0	1	0	1	1	3	1	1	0	0
OG_15106	1	1	0	0	0	0	0	0	0	0	0	0
OG_15107	1	1	1	1	1	1	1	1	2	1	0	0
OG_15108	1	1	1	1	0	1	1	1	2	3	0	1
OG_15109	1	1	1	1	0	1	1	2	1	1	0	0
OG_15110	1	1	2	1	2	1	1	1	1	1	1	1
OG_15111	1	1	2	2	1	1	1	1	1	1	2	1
OG_15112	1	1	1	1	2	1	1	1	4	3	2	1
OG_15113	1	1	2	1	1	1	1	4	1	3	1	1
OG_15114	1	1	3	1	0	1	1	1	1	3	0	0
OG_15115	1	1	2	1	3	1	1	1	1	2	3	2
OG_15116	1	1	3	1	2	1	1	1	4	1	0	1
OG_15117	1	2	1	1	1	1	1	1	1	1	2	1
OG_15118	1	2	1	1	2	1	2	1	1	3	6	2
OG_15119	1	1	1	1	1	1	1	1	1	1	1	1
OG_15120	1	1	1	1	0	1	1	1	1	1	0	1
OG_15121	1	1	2	2	1	3	1	1	3	4	1	1
OG_15122	2	1	3	1	4	1	1	1	1	1	0	1
OG_15123	0	0	0	0	2	0	0	0	0	0	1	0
OG_15124	1	1	1	1	1	1	1	1	1	0	1	1
OG_15125	1	1	1	1	3	1	2	1	1	1	1	1
OG_15126	1	1	1	1	0	7	1	0	1	1	0	0
OG_15127	1	2	1	1	1	1	4	1	1	1	1	1
OG_15128	1	1	2	2	4	2	2	2	2	2	1	2
OG_15129	1	1	1	1	0	1	1	1	1	1	1	2
OG_15130	1	1	1	1	1	2	2	2	1	2	1	1
OG_15131	1	1	1	1	1	1	2	1	1	6	1	1
OG_15132	1	1	1	1	1	1	1	1	1	1	1	1
OG_15133	1	0	1	1	0	1	1	1	1	4	0	1
OG_15134	1	1	0	1	0	0	0	0	1	1	0	0
OG_15135	1	1	1	5	1	1	2	1	1	1	1	1
OG_15136	1	0	1	0	0	1	0	0	0	0	0	0
OG_15137	4	1	7	4	2	3	3	3	5	4	3	2
OG_15138	1	1	1	1	0	1	1	1	1	1	0	0
OG_15139	1	1	1	1	0	1	1	1	1	1	0	0
OG_15140	1	1	1	1	1	1	1	1	2	3	1	4
OG_15141	1	1	1	2	1	1	1	1	1	1	1	1
OG_15142	1	1	1	1	1	1	1	1	1	1	2	1
OG_15143	1	1	1	1	5	1	2	1	1	2	3	1
OG_15144	1	1	1	1	2	2	2	1	1	2	1	1
OG_15145	1	0	1	1	0	1	1	1	1	4	0	0
OG_15146	1	1	0	1	0	0	1	0	2	1	0	0
OG_15147	1	1	1	1	1	1	1	1	1	1	1	1
OG_15148	1	2	2	1	1	1	1	1	0	0	7	0
OG_15149	1	1	1	1	1	1	1	1	1	1	1	0
OG_15150	1	1	1	1	0	1	1	1	0	0	0	0
OG_15151	1	1	1	1	2	1	1	2	2	1	1	1
OG_15152	1	1	1	1	1	1	1	2	2	2	2	1
OG_15153	1	2	1	1	1	1	1	1	2	8	1	1
OG_15154	1	1	1	1	1	1	1	1	0	1	1	1
OG_15155	1	2	1	1	1	1	1	1	1	5	1	1
OG_15156	1	1	0	1	0	1	1	1	0	0	0	0
OG_15157	1	1	1	1	1	1	1	1	1	1	2	2
OG_15158	2	2	6	4	0	2	3	3	2	1	0	0
OG_15159	1	1	1	1	1	1	1	1	1	1	1	1
OG_15160	1	1	3	1	2	2	1	1	1	10	1	1
OG_15161	1	1	1	1	1	1	3	1	1	1	1	1
OG_15162	1	1	1	1	1	1	1	1	1	0	1	3
OG_15163	1	1	4	1	0	1	3	1	1	3	0	1
OG_15164	2	1	1	1	0	1	1	1	0	0	0	0
OG_15165	1	1	1	1	1	1	1	1	1	1	1	1
OG_15166	1	0	0	0	0	0	0	0	1	0	1	0
OG_15167	1	1	1	3	2	2	2	1	2	3	3	1
OG_15168	1	1	1	1	0	1	0	0	0	0	0	0
OG_15169	2	1	0	1	0	0	1	0	0	1	0	0
OG_15170	0	0	0	0	1	0	0	0	0	0	1	0
OG_15171	1	1	3	1	2	1	1	1	3	3	3	1
OG_15172	1	1	3	1	1	5	2	1	6	2	1	1
OG_15173	1	1	2	1	1	2	1	2	1	1	1	1
OG_15174	1	0	1	1	2	1	1	1	1	0	2	0
OG_15175	1	0	1	1	0	1	1	1	0	1	0	0
OG_15176	1	1	0	1	0	1	1	0	0	0	0	0
OG_15177	1	1	1	1	2	1	1	1	1	1	0	1
OG_15178	1	1	1	1	1	1	1	1	2	2	1	1
OG_15179	0	1	1	1	1	1	1	1	0	0	1	0
OG_15180	1	1	1	1	1	1	1	1	1	1	1	1
OG_15181	2	2	1	2	2	2	2	1	2	1	1	1
OG_15182	1	2	1	1	0	2	2	1	0	0	0	0
OG_15183	1	1	2	1	2	1	2	1	1	4	1	1
OG_15184	1	1	5	1	0	1	2	1	2	4	0	6
OG_15185	1	1	1	1	0	1	1	1	1	6	1	1
OG_15186	3	4	4	2	3	2	2	4	1	2	0	0
OG_15187	0	0	0	0	0	0	0	0	0	0	1	1
OG_15188	1	1	2	1	0	1	2	3	1	1	0	1
OG_15189	1	1	3	1	0	1	1	1	1	1	0	1
OG_15190	1	1	1	1	1	1	1	1	1	1	1	1
OG_15191	1	1	1	1	0	1	1	1	1	1	0	0
OG_15192	1	1	1	1	1	1	1	1	1	1	1	1
OG_15193	2	0	0	0	0	0	1	0	0	0	0	0
OG_15194	1	1	1	1	1	1	1	1	1	3	1	1
OG_15195	1	2	1	1	0	1	1	1	1	1	0	0
OG_15196	1	1	1	0	0	1	1	1	1	0	0	0
OG_15197	1	1	1	1	1	1	1	0	4	1	1	1
OG_15198	3	0	0	0	0	0	1	0	0	0	0	0
OG_15199	1	1	3	1	2	1	1	2	1	2	2	2
OG_15200	2	3	1	1	0	1	1	1	2	4	0	1
OG_15201	3	1	1	1	1	1	1	1	1	1	1	1
OG_15202	1	1	1	1	3	1	1	1	1	1	2	1
OG_15203	1	1	1	1	0	1	1	2	1	1	0	0
OG_15204	1	1	2	1	1	1	2	1	1	1	1	4
OG_15205	2	1	1	1	1	1	1	1	1	2	1	1
OG_15206	3	3	0	8	0	4	4	0	0	0	0	0
OG_15207	2	1	0	1	0	1	1	0	0	0	0	0
OG_15208	1	1	1	1	1	1	1	2	1	1	1	1
OG_15209	1	1	2	1	0	1	2	1	1	2	0	1
OG_15210	1	1	2	1	1	1	1	2	2	2	2	1
OG_15211	1	1	1	1	1	1	1	1	1	1	1	0
OG_15212	1	0	0	0	0	0	1	0	0	0	0	0
OG_15213	1	2	2	1	2	1	1	1	3	1	1	4
OG_15214	1	2	1	1	1	1	1	1	2	1	1	1
OG_15215	1	1	1	1	0	1	1	1	1	1	0	2
OG_15216	1	1	1	1	3	1	1	1	1	1	0	2
OG_15217	1	1	1	1	1	1	1	1	1	1	1	1
OG_15218	3	1	2	1	0	0	2	0	1	0	0	0
OG_15219	1	3	2	2	0	1	2	2	1	1	0	1
OG_15220	1	0	1	0	0	1	1	2	0	0	0	0
OG_15221	1	0	1	0	0	1	1	1	1	0	0	2
OG_15222	1	1	1	1	1	1	1	1	1	1	2	1
OG_15223	1	1	2	1	0	1	1	1	1	0	0	0
OG_15224	1	2	1	1	1	1	1	1	1	1	1	2
OG_15225	1	1	1	1	2	1	1	1	1	1	1	3
OG_15226	2	1	1	1	0	1	1	1	0	0	0	0
OG_15227	1	0	4	0	0	2	0	1	0	0	0	0
OG_15228	1	1	1	2	1	1	1	1	1	1	1	1
OG_15229	1	1	1	3	1	1	1	1	1	1	1	1
OG_15230	1	1	1	1	1	1	1	3	1	4	0	0
OG_15231	0	0	0	0	10	0	0	0	0	0	4	0
OG_15232	1	1	1	1	5	1	1	1	1	1	0	0
OG_15233	1	1	1	1	1	1	1	1	1	1	1	1
OG_15234	1	1	1	1	1	2	1	1	1	1	1	1
OG_15235	2	2	0	5	0	0	1	0	1	0	0	0
OG_15236	1	0	2	0	1	1	1	1	1	1	0	1
OG_15237	1	1	2	1	0	1	1	1	3	1	0	1
OG_15238	2	0	1	3	0	2	3	2	0	0	0	0
OG_15239	2	2	3	3	3	2	2	2	2	0	2	1
OG_15240	1	1	1	1	0	1	2	3	2	2	0	1
OG_15241	1	1	1	1	1	1	1	1	1	2	0	1
OG_15242	2	2	1	2	0	1	3	1	1	1	0	0
OG_15243	1	1	1	1	1	1	1	1	1	2	0	0
OG_15244	1	1	2	1	2	1	2	2	1	3	1	0
OG_15245	1	1	1	1	1	1	1	1	1	1	2	1
OG_15246	1	1	2	1	1	1	1	1	1	5	1	1
OG_15247	1	0	0	0	0	0	0	0	0	1	0	0
OG_15248	1	1	3	1	1	2	1	2	1	4	1	2
OG_15249	1	2	4	3	0	1	1	2	3	1	0	0
OG_15250	1	1	1	1	1	1	1	1	1	0	1	4
OG_15251	2	1	1	1	0	2	2	1	0	1	0	0
OG_15252	2	1	1	1	2	1	0	1	0	1	0	0
OG_15253	3	1	1	1	1	1	1	1	2	1	1	2
OG_15254	1	1	1	1	1	1	1	1	0	1	0	1
OG_15255	1	1	1	1	2	1	1	1	1	1	1	1
OG_15256	1	1	2	1	2	1	1	1	1	1	1	1
OG_15257	1	1	4	1	3	1	2	1	1	1	1	2
OG_15258	3	2	1	1	1	1	1	1	1	1	1	3
OG_15259	2	0	1	1	1	1	1	1	0	1	2	2
OG_15260	1	2	1	1	2	1	1	1	1	1	0	1
OG_15261	1	1	6	2	1	1	2	1	3	5	1	1
OG_15262	2	2	2	2	1	2	2	1	1	1	1	2
OG_15263	1	1	1	1	2	1	2	2	1	1	4	3
OG_15264	1	1	1	1	1	1	1	2	1	1	4	2
OG_15265	1	1	1	1	1	1	1	1	1	3	2	1
OG_15266	1	1	4	1	1	1	1	1	1	1	1	0
OG_15267	1	0	0	1	0	0	0	0	0	1	0	0
OG_15268	1	1	2	1	1	1	1	1	1	2	1	1
OG_15269	1	1	1	1	0	1	2	1	1	4	0	1
OG_15270	2	2	2	2	1	2	2	2	2	2	2	1
OG_15271	1	1	1	1	7	1	1	1	1	9	1	1
OG_15272	1	1	1	1	1	1	1	1	1	1	3	0
OG_15273	1	1	1	1	2	1	1	1	1	1	1	1
OG_15274	1	1	1	1	1	1	1	1	1	4	1	1
OG_15275	1	1	2	8	0	1	1	1	1	1	0	0
OG_15276	1	2	1	1	1	1	1	1	1	2	1	1
OG_15277	1	1	2	1	1	1	1	1	1	1	1	2
OG_15278	7	0	2	10	0	8	5	9	0	0	0	0
OG_15279	1	1	0	0	0	0	1	0	0	0	0	0
OG_15280	2	1	1	1	2	1	1	1	1	1	1	1
OG_15281	1	2	2	1	2	1	1	2	1	1	0	1
OG_15282	1	1	1	2	1	2	1	1	1	2	1	1
OG_15283	1	1	1	1	1	1	1	1	2	1	1	0
OG_15284	1	1	2	1	0	1	1	1	2	1	0	1
OG_15285	1	1	1	1	0	1	1	1	0	1	0	0
OG_15286	1	1	1	1	1	1	1	1	1	1	1	1
OG_15287	1	1	1	1	1	1	1	1	1	1	1	4
OG_15288	1	1	1	1	0	1	0	1	1	1	0	1
OG_15289	1	1	1	1	0	1	1	1	1	3	0	1
OG_15290	0	0	0	0	1	0	0	0	0	0	1	0
OG_15291	1	1	1	1	0	1	1	1	1	1	0	0
OG_15292	1	1	1	1	3	1	1	1	2	1	1	1
OG_15293	1	2	1	1	2	1	1	1	1	2	0	1
OG_15294	1	1	2	2	2	1	1	2	1	2	2	1
OG_15295	1	1	0	0	0	0	0	0	0	1	0	0
OG_15296	2	1	1	1	1	1	1	1	0	1	1	1
OG_15297	2	5	3	2	3	3	2	2	2	2	2	3
OG_15298	1	1	1	1	1	1	1	1	1	4	1	1
OG_15299	1	1	0	1	0	1	1	2	1	1	0	0
OG_15300	1	1	2	1	0	1	2	2	1	7	0	1
OG_15301	1	1	1	1	1	1	1	1	2	1	2	1
OG_15302	1	0	1	2	1	1	1	1	1	1	1	0
OG_15303	1	1	1	1	0	1	1	1	1	1	0	2
OG_15304	1	1	1	1	1	1	1	1	1	1	1	1
OG_15305	2	3	3	2	0	2	3	4	1	1	0	1
OG_15306	1	1	1	1	0	1	1	1	1	1	0	1
OG_15307	1	1	1	1	1	1	1	1	1	1	2	1
OG_15308	1	1	1	1	1	1	1	1	1	1	1	1
OG_15309	1	1	0	1	1	1	1	1	1	1	0	0
OG_15310	1	3	3	1	2	1	1	1	1	1	1	1
OG_15311	1	1	2	1	0	1	1	1	1	1	0	0
OG_15312	1	1	1	1	1	1	1	2	2	1	1	1
OG_15313	1	1	1	1	1	1	1	1	0	1	1	2
OG_15314	1	0	2	2	0	2	1	1	0	0	0	0
OG_15315	1	1	1	1	0	1	1	1	0	1	0	0
OG_15316	1	1	3	1	0	1	1	1	1	2	0	0
OG_15317	1	1	1	1	1	1	1	1	1	1	1	1
OG_15318	1	1	2	1	1	1	1	1	1	7	1	3
OG_15319	1	0	2	3	0	1	1	1	1	1	0	1
OG_15320	1	1	1	1	0	1	2	1	1	1	0	0
OG_15321	1	1	3	3	1	1	2	3	2	1	1	1
OG_15322	1	3	1	1	3	1	2	4	2	2	4	1
OG_15323	1	1	1	1	0	2	1	1	2	4	0	1
OG_15324	1	1	1	1	3	1	1	1	0	0	1	0
OG_15325	1	2	1	1	1	1	1	1	2	1	1	1
OG_15326	1	1	1	1	0	1	1	1	2	1	0	1
OG_15327	1	1	1	1	1	1	1	1	1	1	1	1
OG_15328	1	1	1	1	2	1	2	1	1	2	1	0
OG_15329	1	1	1	1	1	1	1	1	1	0	1	0
OG_15330	1	1	1	2	2	1	1	1	1	3	1	1
OG_15331	1	1	1	2	0	1	1	3	1	1	0	0
OG_15332	1	1	1	1	1	1	1	1	1	1	1	1
OG_15333	1	1	1	1	2	1	1	1	2	4	1	2
OG_15334	1	2	1	1	1	1	1	1	1	1	1	1
OG_15335	1	1	3	1	3	1	1	2	1	1	1	1
OG_15336	2	2	3	1	0	2	2	3	2	1	0	0
OG_15337	1	0	0	0	0	2	1	1	1	1	0	0
OG_15338	1	1	2	1	1	1	1	1	3	5	1	1
OG_15339	1	1	1	1	1	1	1	1	1	1	1	1
OG_15340	1	3	1	1	2	1	1	1	1	1	1	1
OG_15341	1	1	1	1	8	1	1	1	1	1	2	1
OG_15342	1	0	0	1	0	0	0	0	0	0	0	0
OG_15343	1	3	6	1	1	1	1	1	1	1	1	1
OG_15344	1	3	1	1	0	1	1	1	2	4	0	0
OG_15345	1	1	1	1	1	1	2	1	1	1	1	1
OG_15346	1	0	1	1	0	1	1	1	1	0	0	0
OG_15347	1	1	1	1	0	1	1	1	2	1	0	0
OG_15348	1	3	1	1	0	1	1	1	1	0	0	0
OG_15349	1	1	0	1	0	1	1	1	0	1	0	0
OG_15350	1	1	1	0	0	1	1	1	1	2	0	0
OG_15351	1	2	1	1	1	2	2	1	1	1	5	1
OG_15352	1	1	2	1	1	1	1	1	1	1	1	1
OG_15353	1	2	0	2	0	2	2	0	1	1	0	0
OG_15354	1	1	2	2	1	3	1	1	1	2	0	0
OG_15355	1	1	1	3	1	2	2	1	1	1	1	1
OG_15356	1	1	1	0	2	1	1	2	1	2	1	0
OG_15357	1	1	1	1	0	1	1	1	1	1	0	0
OG_15358	2	0	0	1	0	0	0	0	0	0	2	0
OG_15359	1	0	0	0	0	0	2	0	0	0	0	0
OG_15360	1	1	3	1	1	1	1	1	1	1	3	0
OG_15361	1	1	1	1	9	2	2	2	0	2	0	0
OG_15362	1	1	2	1	1	1	1	1	1	1	2	1
OG_15363	1	0	0	0	0	1	2	0	0	0	0	0
OG_15364	1	2	1	1	0	1	1	1	1	1	0	0
OG_15365	2	1	3	2	0	3	2	2	1	3	0	0
OG_15366	1	4	3	3	3	1	1	1	1	3	2	2
OG_15367	1	1	2	1	1	1	1	1	1	1	1	0
OG_15368	1	1	1	1	0	1	1	1	1	1	0	0
OG_15369	1	1	5	1	0	2	1	3	0	0	0	0
OG_15370	1	1	2	1	3	1	1	1	2	2	1	1
OG_15371	1	1	1	1	1	1	3	1	1	1	2	1
OG_15372	1	1	0	1	0	1	2	0	0	0	0	0
OG_15373	2	0	0	0	0	0	1	0	0	0	0	0
OG_15374	1	2	1	1	0	1	1	1	1	1	0	0
OG_15375	2	0	0	2	0	3	0	0	0	0	0	0
OG_15376	1	1	1	1	1	1	1	2	2	0	1	1
OG_15377	1	1	1	1	0	1	1	1	1	1	0	1
OG_15378	1	1	0	0	0	0	1	0	0	0	0	0
OG_15379	1	1	1	2	1	1	1	1	2	1	1	1
OG_15380	1	1	1	1	1	1	1	1	1	1	2	2
OG_15381	1	1	2	1	1	1	1	1	1	1	1	2
OG_15382	2	1	0	3	0	0	0	0	0	0	0	0
OG_15383	4	2	0	1	0	2	2	0	0	0	0	0
OG_15384	2	0	0	0	0	1	0	1	0	0	0	0
OG_15385	1	1	3	1	0	1	1	1	1	1	0	0
OG_15386	1	1	1	1	0	1	1	1	1	1	0	0
OG_15387	1	1	2	1	4	1	1	1	3	5	1	1
OG_15388	1	2	3	3	1	4	3	3	2	4	3	0
OG_15389	1	2	4	1	1	1	1	1	1	2	1	3
OG_15390	1	0	0	4	0	0	1	0	0	0	0	0
OG_15391	1	1	1	1	2	1	1	1	1	2	1	1
OG_15392	1	1	1	1	0	2	1	1	1	1	0	0
OG_15393	1	1	1	1	0	2	1	1	1	0	0	0
OG_15394	2	1	2	1	2	2	2	2	2	0	2	0
OG_15395	1	0	1	0	0	1	1	1	0	0	0	0
OG_15396	1	1	1	1	2	3	1	1	2	1	1	1
OG_15397	4	0	0	0	0	0	1	0	0	0	0	0
OG_15398	2	0	3	3	0	1	1	1	1	0	0	0
OG_15399	2	0	0	1	0	1	0	0	0	0	0	0
OG_15400	1	1	1	1	0	1	1	1	1	2	0	0
OG_15401	1	1	1	1	3	1	1	1	1	1	0	2
OG_15402	2	2	2	0	0	2	1	2	0	0	0	1
OG_15403	1	0	1	1	0	1	1	1	0	0	0	0
OG_15404	1	1	1	1	2	1	0	1	0	1	0	0
OG_15405	1	1	1	2	1	1	1	1	1	2	1	1
OG_15406	2	0	0	0	0	0	1	0	0	0	0	0
OG_15407	1	1	1	2	1	1	1	3	1	1	1	1
OG_15408	1	1	2	1	2	1	2	2	2	5	1	0
OG_15409	0	1	0	1	0	1	1	1	0	0	0	0
OG_15410	1	1	1	1	1	2	1	1	2	2	1	1
OG_15411	1	1	0	3	0	1	1	1	1	0	0	0
OG_15412	1	0	7	0	0	4	1	8	0	0	0	0
OG_15413	1	0	2	0	0	1	1	1	0	0	0	0
OG_15414	7	0	0	0	0	1	6	1	0	0	0	0
OG_15415	1	0	2	0	0	1	0	0	0	0	0	0
OG_15416	1	1	1	1	1	1	1	1	1	1	1	1
OG_15417	1	1	1	1	2	1	1	1	3	2	0	2
OG_15418	1	4	1	1	2	1	1	1	1	1	1	1
OG_15419	1	10	1	1	0	1	1	1	1	1	0	0
OG_15420	3	1	2	1	0	1	1	1	0	1	0	0
OG_15421	1	1	1	1	0	1	1	1	1	1	0	0
OG_15422	1	2	1	1	1	1	1	1	3	1	3	1
OG_15423	1	1	1	1	0	1	1	1	1	1	0	1
OG_15424	1	1	3	1	3	1	1	2	1	7	1	1
OG_15425	1	0	1	1	0	2	1	0	0	0	0	0
OG_15426	1	1	1	1	1	1	2	1	1	1	0	0
OG_15427	4	6	9	4	2	8	3	4	6	7	2	3
OG_15428	1	1	0	1	0	1	1	0	0	1	0	0
OG_15429	1	1	0	1	0	1	1	0	0	0	0	0
OG_15430	1	1	0	1	0	1	1	0	0	0	0	0
OG_15431	1	0	0	1	0	0	0	0	0	0	0	0
OG_15432	1	1	1	2	1	1	2	1	1	1	1	1
OG_15433	1	1	1	1	0	1	1	1	0	1	0	0
OG_15434	1	1	2	1	3	1	1	1	1	8	1	2
OG_15435	1	1	1	1	1	1	1	1	1	3	7	1
OG_15436	1	1	5	1	0	4	1	4	4	3	0	1
OG_15437	2	0	0	0	0	1	1	0	0	0	0	0
OG_15438	2	0	0	4	0	0	1	0	0	0	0	0
OG_15439	3	0	0	0	0	1	1	0	0	0	0	0
OG_15440	1	1	1	1	0	1	1	1	1	3	0	0
OG_15441	1	1	3	1	12	2	1	1	1	2	3	1
OG_15442	1	1	2	1	0	1	1	2	1	1	0	1
OG_15443	0	0	0	0	2	0	0	0	0	0	1	8
OG_15444	3	3	3	2	0	3	4	3	0	0	0	0
OG_15445	1	0	0	1	0	1	2	0	0	0	0	0
OG_15446	1	2	1	1	0	1	2	1	1	1	0	0
OG_15447	1	1	0	1	0	1	1	0	0	0	0	0
OG_15448	1	1	0	1	0	1	1	0	0	1	0	0
OG_15449	1	1	0	1	0	1	1	0	0	0	0	0
OG_15450	1	1	0	1	0	1	1	0	1	3	0	1
OG_15451	1	4	1	0	0	2	1	1	0	0	0	0
OG_15452	3	1	3	4	0	4	3	2	2	1	0	0
OG_15453	1	1	1	1	3	1	1	3	1	1	1	1
OG_15454	2	0	2	0	0	1	0	0	0	0	0	0
OG_15455	1	2	1	1	1	1	1	2	2	1	1	1
OG_15456	1	0	0	0	0	0	0	0	1	0	0	0
OG_15457	1	1	1	2	2	1	1	1	1	4	1	1
OG_15458	1	1	1	1	3	1	1	1	0	2	1	1
OG_15459	1	0	0	0	0	0	1	0	0	0	0	0
OG_15460	1	1	2	1	0	2	1	1	0	0	0	0
OG_15461	0	1	2	3	0	2	1	2	0	0	0	2
OG_15462	1	1	1	1	1	1	2	1	1	1	1	1
OG_15463	1	1	1	1	0	1	1	1	1	1	0	0
OG_15464	2	1	3	3	2	2	3	2	1	0	1	1
OG_15465	4	2	0	1	0	2	1	1	1	0	0	3
OG_15466	1	2	0	1	0	1	2	1	1	0	0	1
OG_15467	1	1	1	1	0	1	1	1	1	1	0	0
OG_15468	1	0	1	1	0	1	1	1	0	0	0	0
OG_15469	1	2	1	1	2	1	1	1	1	1	1	1
OG_15470	1	2	1	1	1	1	1	1	1	2	0	1
OG_15471	1	0	1	1	0	1	1	1	1	1	0	0
OG_15472	0	0	0	0	3	0	0	0	0	0	1	0
OG_15473	3	0	0	2	0	3	0	1	0	0	0	0
OG_15474	1	1	1	1	3	1	1	1	2	1	1	1
OG_15475	1	1	4	1	1	2	1	1	1	1	1	0
OG_15476	1	1	1	1	3	1	1	2	3	4	4	1
OG_15477	1	1	1	1	0	1	1	1	2	1	0	0
OG_15478	2	2	1	2	0	2	2	0	1	3	0	0
OG_15479	0	0	0	0	2	0	0	0	0	0	2	0
OG_15480	1	1	1	1	1	1	1	2	1	1	1	1
OG_15481	1	1	1	3	1	1	1	1	2	1	2	1
OG_15482	1	1	1	1	2	1	2	1	1	1	0	1
OG_15483	1	1	1	1	1	1	1	0	1	0	1	1
OG_15484	1	1	2	1	1	1	1	2	2	2	2	1
OG_15485	1	1	2	1	0	1	1	1	0	1	0	0
OG_15486	2	1	0	1	0	2	2	1	0	0	0	0
OG_15487	1	0	0	3	0	1	1	0	0	0	0	0
OG_15488	1	1	1	1	1	2	2	2	2	1	2	2
OG_15489	1	1	1	1	2	1	1	1	1	1	1	1
OG_15490	1	1	1	1	4	1	1	2	2	1	1	1
OG_15491	1	1	1	1	1	1	1	1	1	1	2	1
OG_15492	1	1	3	1	4	1	1	1	2	1	3	0
OG_15493	1	3	2	3	0	1	1	2	2	1	0	0
OG_15494	1	1	1	1	0	1	1	1	1	1	0	0
OG_15495	1	1	1	1	1	1	1	1	1	1	1	1
OG_15496	1	1	0	1	0	1	1	0	0	0	0	0
OG_15497	1	0	0	1	0	0	0	0	0	0	0	0
OG_15498	3	0	0	0	0	0	1	0	0	0	0	0
OG_15499	1	1	1	1	1	1	1	1	0	1	1	0
OG_15500	1	1	1	1	1	1	1	1	1	1	1	8
OG_15501	1	2	1	1	2	1	1	1	1	1	1	1
OG_15502	1	1	1	1	0	1	1	1	1	1	0	1
OG_15503	4	2	1	2	0	2	1	0	0	0	0	0
OG_15504	3	0	2	3	0	1	3	2	0	0	0	0
OG_15505	1	1	0	1	0	0	0	0	0	2	0	0
OG_15506	2	1	2	1	3	1	1	1	1	1	2	1
OG_15507	1	1	2	1	4	1	1	2	1	1	0	2
OG_15508	1	1	1	1	1	1	1	1	1	2	1	1
OG_15509	1	1	2	1	2	1	1	1	1	1	0	1
OG_15510	1	1	1	2	1	1	2	1	2	1	0	1
OG_15511	1	1	1	1	1	1	1	1	1	1	2	1
OG_15512	1	1	1	1	1	1	1	1	1	1	1	1
OG_15513	1	1	2	1	1	1	1	1	4	1	0	1
OG_15514	1	1	1	1	0	1	1	1	1	1	0	2
OG_15515	1	1	1	1	0	3	1	2	1	1	0	1
OG_15516	1	1	1	1	2	1	1	1	2	1	1	2
OG_15517	1	1	3	1	0	1	1	1	0	3	0	0
OG_15518	1	1	1	1	0	1	1	1	0	0	0	0
OG_15519	0	2	3	1	0	4	1	2	0	0	0	0
OG_15520	1	1	1	2	0	1	4	1	0	0	0	0
OG_15521	1	1	1	2	1	1	1	2	1	1	1	1
OG_15522	1	1	1	2	1	1	1	1	1	3	1	1
OG_15523	5	1	7	2	0	4	3	2	0	0	0	0
OG_15524	2	2	1	12	0	1	1	3	0	3	1	7
OG_15525	1	1	1	1	0	1	1	1	1	1	0	0
OG_15526	1	1	2	1	1	1	1	1	1	3	1	1
OG_15527	1	1	1	1	1	1	1	1	1	1	1	0
OG_15528	2	1	1	2	1	1	1	1	2	3	1	1
OG_15529	1	1	1	1	0	1	1	1	1	1	0	0
OG_15530	1	1	1	1	2	1	3	1	1	1	4	1
OG_15531	1	1	3	1	9	1	3	3	2	1	1	1
OG_15532	1	1	1	1	4	1	1	1	1	2	1	1
OG_15533	1	1	1	1	1	2	1	1	1	1	2	0
OG_15534	1	1	1	3	0	1	1	1	0	1	0	0
OG_15535	1	1	1	1	1	0	1	1	1	1	2	2
OG_15536	1	1	2	11	4	1	1	1	1	4	0	1
OG_15537	1	0	1	1	0	1	0	1	1	1	0	0
OG_15538	1	1	0	1	0	2	1	1	0	0	0	0
OG_15539	1	2	0	1	0	1	1	0	0	0	0	0
OG_15540	1	2	1	1	0	1	1	1	0	0	0	0
OG_15541	1	1	1	1	1	1	1	1	1	1	1	1
OG_15542	1	2	1	4	0	3	7	2	2	0	0	0
OG_15543	1	1	1	1	1	1	1	1	1	1	1	2
OG_15544	1	2	1	1	0	1	1	2	1	2	0	0
OG_15545	1	3	1	1	1	1	1	1	1	1	1	1
OG_15546	1	1	1	1	1	1	1	1	1	1	2	1
OG_15547	1	2	1	1	1	1	1	1	5	1	1	2
OG_15548	1	1	1	1	0	1	1	1	1	1	0	0
OG_15549	0	0	0	0	1	0	0	0	0	0	1	1
OG_15550	1	5	2	1	0	1	1	2	1	2	0	0
OG_15551	1	1	1	1	0	1	1	1	1	2	0	1
OG_15552	1	3	3	1	0	1	1	5	1	0	0	1
OG_15553	1	0	1	1	0	1	1	1	0	1	0	0
OG_15554	1	1	1	1	1	1	0	1	0	1	1	0
OG_15555	1	1	1	1	1	1	2	1	1	1	1	1
OG_15556	1	2	1	1	2	1	1	1	1	1	1	1
OG_15557	2	1	5	1	0	2	3	2	0	0	0	0
OG_15558	2	1	0	2	0	4	4	1	1	2	0	0
OG_15559	1	1	1	1	0	1	1	1	1	4	0	1
OG_15560	1	0	2	0	0	1	1	1	0	0	0	0
OG_15561	1	0	0	2	0	0	0	0	0	0	0	0
OG_15562	1	0	2	1	0	1	1	4	0	0	0	0
OG_15563	1	1	0	1	0	0	1	0	0	0	0	0
OG_15564	1	0	1	0	0	0	0	0	0	0	0	0
OG_15565	1	1	2	1	0	1	2	4	0	0	0	0
OG_15566	1	1	1	1	1	1	0	1	0	1	1	1
OG_15567	1	0	0	1	0	0	0	0	0	0	0	0
OG_15568	0	2	3	1	20	1	1	1	3	6	5	2
OG_15569	1	0	0	0	0	0	2	0	0	0	0	0
OG_15570	1	2	1	1	1	1	1	1	1	1	1	1
OG_15571	1	1	2	2	3	1	1	2	2	1	1	2
OG_15572	1	1	1	1	1	1	1	1	1	1	1	1
OG_15573	1	1	7	1	1	1	1	4	1	1	1	1
OG_15574	1	1	2	1	0	1	1	2	1	1	0	0
OG_15575	1	1	2	2	0	1	1	2	1	3	0	0
OG_15576	1	1	1	1	1	2	0	1	1	1	2	0
OG_15577	1	1	1	1	2	1	1	1	1	1	2	1
OG_15578	1	1	1	1	1	1	2	1	1	0	1	1
OG_15579	1	2	1	3	1	2	3	0	1	2	2	2
OG_15580	1	1	1	2	2	1	1	2	2	2	2	1
OG_15581	1	1	1	1	1	1	1	2	2	1	3	1
OG_15582	1	1	1	1	2	1	1	1	1	2	1	1
OG_15583	1	1	1	1	1	1	1	2	2	1	1	1
OG_15584	1	1	1	1	1	1	1	1	1	1	0	2
OG_15585	1	1	1	1	5	1	1	1	1	1	2	1
OG_15586	1	2	1	1	2	1	1	1	0	4	0	1
OG_15587	1	1	3	1	2	1	2	1	1	9	2	1
OG_15588	1	2	1	1	0	1	1	0	1	1	0	0
OG_15589	1	1	1	1	1	1	1	1	2	1	1	1
OG_15590	1	0	2	0	0	0	0	0	0	0	0	0
OG_15591	1	1	1	1	0	1	1	1	3	2	0	1
OG_15592	1	1	1	2	1	1	1	1	1	1	0	1
OG_15593	1	0	0	1	0	2	1	0	0	0	0	0
OG_15594	1	1	1	1	3	1	1	1	2	1	1	1
OG_15595	1	1	1	1	1	1	1	1	3	2	1	1
OG_15596	1	1	5	1	1	1	1	1	2	1	1	1
OG_15597	1	1	1	1	1	1	2	1	1	1	2	2
OG_15598	1	1	1	2	3	1	1	4	2	1	0	1
OG_15599	3	0	1	5	1	6	2	3	1	1	0	0
OG_15600	1	1	0	3	0	3	1	0	0	0	0	0
OG_15601	2	1	1	1	0	2	1	2	0	0	0	0
OG_15602	1	1	2	1	1	1	1	2	1	2	1	2
OG_15603	1	1	1	1	0	1	4	1	1	2	0	1
OG_15604	2	1	2	1	1	3	2	3	1	4	12	1
OG_15605	1	1	1	1	1	1	1	1	1	1	4	3
OG_15606	1	0	1	0	0	1	0	1	0	0	0	0
OG_15607	1	1	1	1	2	1	1	1	1	1	1	1
OG_15608	1	1	1	1	0	1	1	1	1	1	3	1
OG_15609	1	1	0	1	0	1	1	0	0	1	0	0
OG_15610	5	6	5	3	2	5	6	8	3	13	1	3
OG_15611	1	1	1	1	1	1	1	1	1	1	1	1
OG_15612	1	1	2	1	2	1	1	2	2	4	1	1
OG_15613	1	1	1	1	0	1	2	1	1	1	0	0
OG_15614	1	1	1	1	1	1	1	1	1	3	1	1
OG_15615	1	1	4	1	0	1	2	1	0	0	0	0
OG_15616	3	1	0	2	0	2	1	0	0	0	0	0
OG_15617	2	4	3	4	1	3	2	1	2	1	1	3
OG_15618	1	1	1	1	1	1	1	1	1	1	2	1
OG_15619	1	3	1	1	1	1	1	1	1	1	1	1
OG_15620	2	1	2	1	8	3	4	1	1	1	1	1
OG_15621	2	0	0	0	0	0	3	0	0	0	0	0
OG_15622	1	1	5	1	0	1	1	2	2	1	0	1
OG_15623	1	1	2	1	1	1	2	1	1	1	1	0
OG_15624	1	1	1	1	0	1	1	1	0	2	0	1
OG_15625	1	1	1	1	1	1	1	1	1	1	0	1
OG_15626	1	1	1	1	3	1	1	1	1	1	0	5
OG_15627	2	2	1	3	0	2	1	2	2	4	0	0
OG_15628	1	1	1	1	1	1	3	1	2	4	1	1
OG_15629	1	1	1	1	0	1	1	1	0	1	0	1
OG_15630	1	1	2	1	2	1	1	3	1	1	1	1
OG_15631	0	0	0	0	0	0	0	0	2	3	0	0
OG_15632	1	1	1	2	1	1	3	1	1	1	2	1
OG_15633	1	1	1	1	0	1	1	1	0	1	0	0
OG_15634	1	1	3	1	1	1	1	1	2	1	1	1
OG_15635	2	1	1	3	0	1	1	1	0	2	0	1
OG_15636	1	1	1	1	3	1	1	1	1	1	1	0
OG_15637	1	1	1	1	2	1	1	1	0	1	0	0
OG_15638	1	1	1	1	2	1	0	2	2	2	1	0
OG_15639	1	1	6	1	1	1	1	2	1	1	2	1
OG_15640	1	1	1	1	0	1	2	1	1	2	0	1
OG_15641	1	1	6	1	1	1	1	5	5	14	1	1
OG_15642	0	0	0	0	1	0	0	0	0	0	1	0
OG_15643	1	2	0	0	0	0	0	0	0	0	0	0
OG_15644	2	1	1	1	0	1	1	1	2	2	0	0
OG_15645	1	3	2	1	4	2	1	1	1	5	1	3
OG_15646	2	0	0	0	0	0	1	0	0	0	0	0
OG_15647	1	0	1	1	0	1	1	1	0	0	0	0
OG_15648	1	1	1	1	1	1	1	1	1	1	1	1
OG_15649	1	1	3	1	1	1	1	1	2	6	2	3
OG_15650	1	1	1	1	0	1	1	1	1	1	0	0
OG_15651	1	1	3	2	1	1	1	1	1	3	1	1
OG_15652	1	1	1	2	1	1	1	1	1	2	1	1
OG_15653	2	0	1	0	0	0	0	0	0	0	0	0
OG_15654	1	1	1	1	1	1	1	1	0	1	1	1
OG_15655	1	1	2	5	1	2	6	1	1	1	2	0
OG_15656	1	1	1	2	1	1	1	1	1	2	1	1
OG_15657	1	1	1	1	0	1	1	1	1	1	0	5
OG_15658	2	1	2	1	2	1	1	1	0	1	0	0
OG_15659	1	1	0	1	1	1	1	1	1	5	1	1
OG_15660	1	1	2	1	1	1	1	1	1	3	1	1
OG_15661	2	2	1	1	3	1	1	2	1	1	1	1
OG_15662	1	1	1	1	0	1	1	1	1	1	0	0
OG_15663	1	1	1	1	1	1	1	1	1	0	1	2
OG_15664	0	7	0	7	2	0	5	0	0	1	2	3
OG_15665	1	1	1	1	0	2	0	0	0	1	2	1
OG_15666	1	1	1	1	6	1	1	1	2	1	0	0
OG_15667	1	1	1	1	0	1	3	1	1	1	0	0
OG_15668	1	1	1	1	4	1	1	2	0	1	1	1
OG_15669	1	0	2	1	0	1	1	1	1	1	0	1
OG_15670	1	2	0	1	0	1	1	1	2	1	0	1
OG_15671	1	1	1	1	1	1	1	1	1	3	1	1
OG_15672	1	0	1	1	2	1	3	3	1	1	1	0
OG_15673	1	1	1	1	2	1	1	1	1	1	1	1
OG_15674	1	1	1	1	1	1	1	2	1	3	0	3
OG_15675	1	2	1	1	1	1	1	1	1	1	1	1
OG_15676	1	0	0	0	0	0	0	0	1	0	0	0
OG_15677	1	1	1	1	0	1	1	1	1	4	0	0
OG_15678	1	1	0	1	0	3	1	0	0	0	0	0
OG_15679	1	1	1	1	1	1	1	1	1	1	1	1
OG_15680	1	0	1	1	0	1	1	1	0	0	0	0
OG_15681	1	2	1	1	1	1	1	1	1	1	1	1
OG_15682	1	1	1	1	1	1	1	1	1	2	0	1
OG_15683	1	1	1	1	1	1	1	2	1	2	1	1
OG_15684	0	2	0	0	0	0	0	0	0	0	1	0
OG_15685	2	1	1	2	5	1	1	1	1	1	3	1
OG_15686	2	0	0	1	0	0	1	0	0	0	0	0
OG_15687	1	0	0	0	0	0	0	1	0	0	0	0
OG_15688	1	1	1	1	3	1	1	2	2	2	2	1
OG_15689	1	1	1	1	1	1	1	1	2	1	1	0
OG_15690	1	1	1	1	0	2	1	1	2	1	0	0
OG_15691	1	1	1	0	2	1	1	1	2	2	3	1
OG_15692	1	1	1	7	2	1	1	1	1	2	0	0
OG_15693	1	1	2	1	1	1	1	1	1	4	1	1
OG_15694	1	1	1	1	1	1	1	1	1	1	0	1
OG_15695	1	1	1	1	0	1	1	1	2	5	0	1
OG_15696	1	1	1	1	2	1	1	2	1	1	1	0
OG_15697	1	1	1	1	2	1	1	1	1	1	1	1
OG_15698	1	1	1	1	0	1	1	2	1	2	0	1
OG_15699	2	0	2	2	0	1	1	1	1	3	0	0
OG_15700	1	1	1	1	0	1	1	1	1	1	0	0
OG_15701	2	1	1	2	2	1	1	1	1	1	1	0
OG_15702	1	1	1	1	1	1	1	1	1	4	2	1
OG_15703	0	1	1	5	1	1	0	1	0	0	0	0
OG_15704	1	2	1	1	0	1	1	1	0	3	1	0
OG_15705	2	3	3	2	5	3	2	2	0	2	2	1
OG_15706	1	3	1	3	2	2	1	1	1	1	1	2
OG_15707	1	1	1	2	0	1	1	1	1	0	0	0
OG_15708	1	1	3	1	0	1	2	4	1	3	0	0
OG_15709	1	1	1	2	0	1	2	1	2	0	0	1
OG_15710	2	2	2	2	1	2	2	2	2	3	1	1
OG_15711	1	1	3	1	1	1	1	4	2	3	1	1
OG_15712	0	1	1	1	1	3	1	1	1	1	1	1
OG_15713	1	1	1	1	2	3	1	1	1	3	1	0
OG_15714	2	3	1	1	1	1	1	1	1	2	1	1
OG_15715	1	1	1	1	1	1	1	1	1	1	1	1
OG_15716	1	1	1	1	7	1	1	1	1	1	4	2
OG_15717	1	1	1	1	1	1	1	2	1	0	1	1
OG_15718	1	1	1	1	1	1	1	1	1	1	1	1
OG_15719	1	1	1	1	1	1	1	1	1	1	1	1
OG_15720	1	1	0	0	0	0	1	0	2	0	0	0
OG_15721	1	1	0	1	0	1	1	0	0	1	0	1
OG_15722	1	1	2	1	0	1	1	1	2	1	0	0
OG_15723	1	1	1	1	1	1	1	1	1	1	1	1
OG_15724	4	1	1	1	0	2	2	1	2	0	0	0
OG_15725	1	0	0	0	0	0	1	0	0	0	0	0
OG_15726	1	2	2	2	0	1	2	1	1	1	0	0
OG_15727	1	1	1	0	0	0	0	1	0	2	0	0
OG_15728	1	1	3	1	1	1	2	1	1	1	3	1
OG_15729	1	1	1	1	0	1	1	1	0	0	0	0
OG_15730	2	1	3	2	0	2	1	2	1	1	0	0
OG_15731	1	0	1	1	0	2	1	2	0	0	0	0
OG_15732	1	1	1	1	2	1	1	1	1	1	1	1
OG_15733	1	0	0	0	0	0	1	0	0	0	0	0
OG_15734	3	6	2	3	0	2	4	3	0	0	0	0
OG_15735	0	1	1	0	0	1	0	3	0	0	0	0
OG_15736	1	1	1	1	1	0	1	1	1	1	1	1
OG_15737	1	2	1	1	1	1	1	1	2	4	2	1
OG_15738	1	1	1	1	1	1	1	1	1	1	1	1
OG_15739	1	1	1	1	0	1	1	1	0	3	0	0
OG_15740	1	1	1	1	1	2	1	1	1	3	0	1
OG_15741	2	0	1	0	0	0	0	0	1	0	0	4
OG_15742	2	1	1	1	1	1	1	1	2	1	0	1
OG_15743	2	2	5	2	0	1	3	4	0	2	0	0
OG_15744	1	2	1	1	0	1	2	2	0	1	0	1
OG_15745	1	3	1	1	2	1	1	1	0	1	1	1
OG_15746	1	3	1	1	1	1	1	1	1	1	1	1
OG_15747	1	1	3	1	2	1	1	4	1	1	2	1
OG_15748	1	1	2	1	1	1	1	1	1	1	1	1
OG_15749	2	1	1	1	1	1	2	1	2	1	2	1
OG_15750	1	3	0	4	2	2	0	2	0	1	1	1
OG_15751	1	1	2	1	1	4	1	0	1	1	1	1
OG_15752	1	0	1	1	0	1	1	0	1	6	0	0
OG_15753	1	0	0	0	0	0	1	0	0	1	0	0
OG_15754	1	0	0	0	0	0	1	0	0	0	0	0
OG_15755	2	1	1	1	1	1	1	1	1	1	1	2
OG_15756	1	1	2	1	2	1	4	1	1	1	1	1
OG_15757	1	1	1	1	1	1	1	1	2	1	1	1
OG_15758	1	1	1	1	1	1	1	1	1	0	3	1
OG_15759	2	2	1	2	1	3	0	1	1	2	2	1
OG_15760	1	1	1	1	1	1	1	1	1	1	1	1
OG_15761	1	2	1	1	0	2	2	1	4	1	0	0
OG_15762	1	1	1	1	1	1	0	1	2	2	2	1
OG_15763	1	1	1	1	1	1	1	1	1	1	1	0
OG_15764	1	1	1	1	0	1	1	1	0	1	0	1
OG_15765	1	1	1	1	1	1	1	3	1	1	1	1
OG_15766	1	1	1	1	1	1	1	1	1	1	3	0
OG_15767	0	0	0	0	1	0	0	0	0	3	2	0
OG_15768	1	1	1	1	0	1	2	1	1	3	0	0
OG_15769	1	1	1	1	1	1	1	1	1	1	1	1
OG_15770	2	0	0	0	0	1	0	0	0	0	0	0
OG_15771	1	1	1	2	4	1	1	1	1	1	1	1
OG_15772	3	2	2	1	2	1	2	2	1	2	1	1
OG_15773	1	1	1	1	1	1	1	1	0	1	1	1
OG_15774	1	0	0	1	0	1	1	0	0	0	0	0
OG_15775	4	0	0	0	0	1	3	0	0	0	0	0
OG_15776	1	1	1	1	1	1	1	1	2	1	0	0
OG_15777	1	1	1	1	1	1	3	1	1	3	1	1
OG_15778	1	1	1	1	1	2	2	1	1	2	3	1
OG_15779	1	3	0	1	0	6	1	2	0	0	0	0
OG_15780	1	1	1	1	1	1	1	1	1	2	0	1
OG_15781	1	1	1	1	2	1	1	1	0	2	1	1
OG_15782	1	1	0	0	0	0	2	0	0	5	0	0
OG_15783	0	1	1	1	0	1	1	1	2	1	0	0
OG_15784	1	1	3	1	0	1	1	1	1	1	0	1
OG_15785	1	1	1	1	1	1	1	1	2	2	0	2
OG_15786	1	0	0	2	0	1	1	0	1	0	0	0
OG_15787	1	1	1	1	0	1	1	1	1	1	0	0
OG_15788	1	1	1	1	1	1	1	1	1	1	2	1
OG_15789	1	1	1	1	2	1	1	1	4	1	1	1
OG_15790	1	1	1	1	0	1	1	1	1	2	0	1
OG_15791	1	1	1	1	1	1	1	2	2	2	1	1
OG_15792	2	1	1	1	1	1	1	1	1	1	1	0
OG_15793	1	0	0	1	0	0	1	0	0	0	0	0
OG_15794	1	0	0	0	0	0	0	0	0	1	0	1
OG_15795	1	0	1	2	1	1	1	1	2	1	1	1
OG_15796	1	2	2	1	1	1	1	1	1	3	1	1
OG_15797	1	1	1	1	1	1	1	1	1	1	2	1
OG_15798	1	1	1	1	0	1	1	1	0	0	0	0
OG_15799	1	0	0	1	0	0	0	0	0	3	0	3
OG_15800	1	1	1	1	1	1	1	1	1	1	1	1
OG_15801	1	1	1	1	0	1	1	1	1	1	0	0
OG_15802	0	0	0	0	0	0	0	0	1	1	0	0
OG_15803	1	1	1	1	1	1	1	1	2	1	1	1
OG_15804	1	1	2	1	0	1	1	1	0	0	0	1
OG_15805	1	1	1	1	1	1	1	1	1	2	1	1
OG_15806	3	0	1	2	0	1	3	1	0	0	0	0
OG_15807	0	1	0	1	0	0	0	0	0	0	0	0
OG_15808	1	0	1	1	0	1	1	1	0	0	0	0
OG_15809	2	6	3	3	1	1	3	2	1	1	1	1
OG_15810	1	1	1	1	0	1	2	1	2	3	0	0
OG_15811	1	2	1	1	1	1	1	1	1	1	1	1
OG_15812	1	2	3	1	0	1	1	3	0	6	0	0
OG_15813	1	1	1	1	7	1	1	1	1	1	1	1
OG_15814	1	1	1	1	1	1	1	1	2	1	1	1
OG_15815	1	1	2	1	1	1	2	1	1	1	2	1
OG_15816	1	1	1	1	2	1	2	0	1	2	3	1
OG_15817	1	1	1	1	1	1	1	1	2	4	2	1
OG_15818	1	3	2	1	1	1	1	1	1	1	1	1
OG_15819	0	0	0	0	13	0	0	0	0	1	3	0
OG_15820	1	1	0	1	0	1	1	1	1	1	0	0
OG_15821	1	1	2	1	1	1	1	1	1	1	1	1
OG_15822	1	1	1	2	0	0	1	1	0	0	0	0
OG_15823	1	1	1	1	1	1	1	1	1	2	1	1
OG_15824	1	1	1	1	2	1	1	1	2	3	1	1
OG_15825	1	1	1	1	1	1	1	1	1	4	1	1
OG_15826	1	1	2	1	1	1	1	1	2	4	3	0
OG_15827	1	0	1	0	0	1	1	0	1	0	0	0
OG_15828	1	1	1	1	3	1	1	3	0	3	1	1
OG_15829	2	1	1	1	1	1	1	1	1	1	1	1
OG_15830	1	1	1	1	3	1	1	1	2	2	1	1
OG_15831	1	1	1	1	1	1	1	1	1	2	1	1
OG_15832	3	1	2	3	0	2	0	0	0	0	0	0
OG_15833	1	1	1	1	1	1	1	1	1	1	1	1
OG_15834	1	1	2	1	0	1	1	2	1	2	0	0
OG_15835	0	5	8	7	2	7	6	6	4	5	0	3
OG_15836	1	1	1	1	1	1	1	1	1	1	1	0
OG_15837	1	1	1	1	1	1	1	1	2	3	1	2
OG_15838	1	1	1	2	1	1	1	1	1	1	1	1
OG_15839	1	0	0	0	0	1	1	0	0	0	0	0
OG_15840	2	1	1	2	0	1	1	1	0	0	0	0
OG_15841	1	1	1	3	0	1	2	2	0	2	0	0
OG_15842	1	1	3	1	2	2	3	3	1	2	1	1
OG_15843	1	1	2	1	1	1	1	2	1	2	1	1
OG_15844	1	1	1	1	0	1	3	1	0	1	0	0
OG_15845	1	1	1	1	3	1	1	1	1	2	1	1
OG_15846	1	1	1	1	2	1	1	2	1	1	1	3
OG_15847	1	2	0	1	1	1	1	1	1	1	0	1
OG_15848	1	5	4	1	1	1	1	2	1	4	2	1
OG_15849	1	1	1	1	0	1	1	1	1	1	0	0
OG_15850	1	1	1	1	0	0	1	1	0	0	0	0
OG_15851	1	1	2	1	3	1	1	1	3	1	3	1
OG_15852	1	0	0	0	0	0	2	0	0	0	0	0
OG_15853	1	1	1	1	2	1	3	1	1	3	1	1
OG_15854	1	1	1	1	0	1	1	1	0	0	0	0
OG_15855	1	1	1	1	0	1	1	1	0	0	0	0
OG_15856	1	1	1	1	2	1	1	2	1	1	2	1
OG_15857	1	2	1	2	0	1	2	1	0	1	0	0
OG_15858	1	1	0	0	0	0	0	0	0	6	0	0
OG_15859	1	1	5	1	0	1	1	3	1	1	0	0
OG_15860	1	1	1	1	1	1	1	2	1	1	2	1
OG_15861	1	1	2	1	0	1	1	2	2	5	0	0
OG_15862	1	1	2	0	1	1	1	2	1	1	1	1
OG_15863	1	1	3	1	0	1	1	5	2	0	0	1
OG_15864	1	0	0	3	0	1	1	0	0	0	0	1
OG_15865	1	1	1	1	0	1	1	1	0	0	0	0
OG_15866	1	1	1	1	3	4	3	1	1	1	0	1
OG_15867	1	1	1	1	2	1	1	1	2	1	1	1
OG_15868	1	1	1	1	1	1	1	1	1	1	0	1
OG_15869	1	0	1	1	2	1	1	1	1	1	2	0
OG_15870	1	1	2	1	1	1	2	1	2	1	2	1
OG_15871	1	0	1	0	0	1	2	2	0	0	0	0
OG_15872	1	1	2	1	1	1	1	1	1	1	1	1
OG_15873	1	1	2	1	0	1	1	2	1	3	0	1
OG_15874	1	2	1	1	2	1	1	1	1	4	1	2
OG_15875	1	1	1	1	3	1	1	1	2	3	2	1
OG_15876	0	0	1	0	0	0	0	0	1	0	0	0
OG_15877	1	1	1	1	1	1	1	1	1	1	2	1
OG_15878	1	1	1	1	1	1	1	1	1	1	1	2
OG_15879	1	1	1	1	1	1	1	2	1	3	0	1
OG_15880	1	1	1	1	2	1	1	1	1	2	0	1
OG_15881	2	1	2	1	1	2	2	2	1	1	1	1
OG_15882	1	1	1	1	1	1	0	1	1	1	2	1
OG_15883	1	1	2	1	1	1	1	1	1	2	1	1
OG_15884	1	0	1	1	0	1	1	1	0	0	0	0
OG_15885	1	1	2	1	1	1	1	1	1	7	1	3
OG_15886	0	0	0	0	0	0	0	0	2	6	0	0
OG_15887	1	1	5	1	0	1	1	2	1	3	0	0
OG_15888	0	0	0	0	0	0	0	0	1	4	0	0
OG_15889	3	2	4	1	0	2	5	1	2	1	0	0
OG_15890	1	1	1	1	1	1	1	1	1	1	1	0
OG_15891	1	1	0	2	0	2	3	0	1	0	0	0
OG_15892	1	1	1	4	1	1	1	1	2	1	1	1
OG_15893	3	2	1	1	1	1	1	1	2	1	1	2
OG_15894	1	1	1	1	0	1	1	1	1	1	0	1
OG_15895	1	1	3	1	0	1	4	3	6	0	0	1
OG_15896	1	1	1	1	1	1	1	1	1	1	1	1
OG_15897	1	10	1	1	0	1	1	1	1	2	0	0
OG_15898	1	1	2	1	0	1	1	1	1	0	0	0
OG_15899	1	2	1	1	1	1	1	1	1	1	1	1
OG_15900	1	1	1	1	1	1	1	1	1	1	0	1
OG_15901	1	1	2	1	1	2	1	2	1	0	0	1
OG_15902	1	1	1	1	1	1	1	1	1	3	1	1
OG_15903	1	1	1	1	4	1	1	1	1	1	1	1
OG_15904	2	1	0	2	0	1	2	0	1	0	0	0
OG_15905	1	2	2	1	1	2	1	2	4	2	1	2
OG_15906	1	1	2	1	1	1	1	1	1	2	1	1
OG_15907	3	6	3	2	0	3	3	3	4	4	0	1
OG_15908	1	1	1	1	1	1	1	2	1	2	2	1
OG_15909	1	1	1	1	0	1	1	1	1	1	0	1
OG_15910	0	0	0	0	1	0	0	0	0	0	1	0
OG_15911	1	1	1	1	1	1	1	1	1	1	1	1
OG_15912	1	0	0	1	0	0	1	0	0	0	0	0
OG_15913	1	1	3	2	1	1	1	1	3	1	2	1
OG_15914	1	1	1	1	2	1	1	1	1	1	1	1
OG_15915	1	1	1	1	1	1	1	1	1	2	1	1
OG_15916	1	1	1	1	1	1	1	1	1	1	1	1
OG_15917	1	1	1	1	5	1	1	1	1	2	1	1
OG_15918	1	1	1	1	0	1	2	1	1	1	0	0
OG_15919	1	1	1	1	0	1	1	1	1	1	1	1
OG_15920	1	2	1	1	0	1	1	1	1	1	0	0
OG_15921	1	2	2	1	1	1	1	1	2	3	1	1
OG_15922	1	1	2	1	2	1	1	1	1	1	1	1
OG_15923	1	3	1	1	0	1	1	1	1	1	0	0
OG_15924	1	1	1	1	2	1	1	1	1	2	1	1
OG_15925	1	1	1	1	1	1	1	1	1	1	2	2
OG_15926	2	1	2	1	0	3	2	3	0	1	0	0
OG_15927	1	1	1	1	0	1	1	1	1	2	0	1
OG_15928	2	0	0	0	0	0	2	0	2	1	0	0
OG_15929	0	4	2	5	2	2	5	2	6	4	7	1
OG_15930	2	1	1	3	0	1	1	1	1	6	0	1
OG_15931	1	0	1	0	1	1	1	2	1	1	0	1
OG_15932	1	1	2	5	2	6	3	2	0	0	3	0
OG_15933	2	8	3	1	0	2	3	3	2	0	0	0
OG_15934	1	2	2	1	1	1	1	2	2	1	1	1
OG_15935	1	1	1	1	0	1	3	1	2	0	0	0
OG_15936	1	2	1	1	1	1	1	1	1	1	1	1
OG_15937	2	1	1	1	11	2	0	1	1	0	1	0
OG_15938	1	1	1	1	4	1	1	1	1	0	2	1
OG_15939	1	1	1	1	1	1	1	1	1	2	0	1
OG_15940	2	1	0	0	0	1	1	1	0	0	0	0
OG_15941	1	1	1	1	1	1	1	1	1	1	1	6
OG_15942	1	1	1	1	1	1	1	1	2	1	1	1
OG_15943	2	1	1	3	1	2	2	2	1	10	1	1
OG_15944	1	1	1	2	0	1	1	1	2	1	0	1
OG_15945	1	1	1	1	2	1	1	1	1	1	2	0
OG_15946	1	1	1	1	0	1	1	1	1	2	0	0
OG_15947	1	1	1	1	1	1	1	1	1	5	1	1
OG_15948	1	2	1	5	3	3	1	1	2	2	3	5
OG_15949	1	1	1	1	3	1	1	1	1	1	1	2
OG_15950	2	1	2	2	0	2	2	1	1	1	0	0
OG_15951	1	1	1	1	1	1	1	1	1	3	2	1
OG_15952	1	1	1	1	1	1	1	1	1	1	2	1
OG_15953	1	1	1	1	4	1	1	1	1	4	0	1
OG_15954	1	1	1	1	0	2	2	1	0	0	0	0
OG_15955	0	1	0	0	0	0	0	0	1	1	0	0
OG_15956	2	1	0	2	0	3	2	0	0	0	0	0
OG_15957	1	0	0	0	0	1	0	0	0	0	0	0
OG_15958	1	1	1	1	2	1	1	1	2	4	1	2
OG_15959	2	1	1	1	0	1	1	2	0	0	0	0
OG_15960	1	1	1	1	1	1	1	1	0	2	1	1
OG_15961	1	1	1	1	1	1	1	1	1	1	1	2
OG_15962	1	1	1	1	0	1	1	1	0	0	0	0
OG_15963	1	1	3	1	2	1	2	3	1	1	0	1
OG_15964	2	2	3	3	3	2	3	2	2	4	2	0
OG_15965	1	0	0	0	0	0	1	1	0	0	0	0
OG_15966	1	1	1	1	1	1	1	1	1	1	1	1
OG_15967	2	2	2	2	3	2	3	2	2	2	1	1
OG_15968	1	1	1	1	0	1	1	1	0	1	0	0
OG_15969	2	3	2	2	1	2	3	2	1	1	2	1
OG_15970	1	1	2	1	0	1	1	1	1	0	0	1
OG_15971	1	1	1	1	1	1	1	1	2	1	1	1
OG_15972	2	0	0	0	0	0	0	0	0	1	0	0
OG_15973	1	1	1	1	1	1	2	2	1	1	1	1
OG_15974	1	1	1	1	0	1	2	1	1	4	0	1
OG_15975	2	2	0	2	1	1	0	1	1	0	0	1
OG_15976	1	0	1	1	1	1	1	1	1	2	0	0
OG_15977	1	3	1	1	1	1	1	1	1	2	0	0
OG_15978	1	0	1	1	0	1	1	1	0	0	0	0
OG_15979	1	1	2	1	0	1	1	1	1	1	0	0
OG_15980	1	0	0	1	0	1	2	0	0	0	0	0
OG_15981	1	1	1	1	0	1	1	1	1	1	0	0
OG_15982	1	0	0	1	2	1	1	0	1	1	0	1
OG_15983	1	1	1	1	1	1	1	1	1	2	1	1
OG_15984	1	2	1	1	1	1	1	1	1	1	1	1
OG_15985	1	1	2	1	1	1	2	1	1	3	1	0
OG_15986	2	2	1	1	0	1	1	1	1	1	0	0
OG_15987	2	1	1	1	0	1	1	2	1	4	0	1
OG_15988	0	0	0	0	3	0	0	0	0	0	1	0
OG_15989	1	1	1	1	1	3	1	2	3	2	1	1
OG_15990	1	1	1	1	0	0	1	1	1	0	0	0
OG_15991	1	1	1	1	1	1	1	1	2	1	1	0
OG_15992	1	1	1	2	1	1	1	2	1	2	1	1
OG_15993	1	1	1	1	1	1	2	1	1	1	0	1
OG_15994	1	1	2	1	1	1	1	1	2	2	0	1
OG_15995	2	1	6	1	0	2	4	2	0	2	0	2
OG_15996	1	2	2	1	3	1	1	1	1	4	1	1
OG_15997	1	1	1	1	1	1	1	1	1	1	0	0
OG_15998	1	2	1	1	0	1	1	1	2	3	0	1
OG_15999	1	1	1	1	1	1	1	1	1	1	1	2
OG_16000	1	1	1	1	1	1	1	1	1	3	1	0
OG_16001	1	1	3	1	1	1	1	4	3	1	1	1
OG_16002	1	1	1	1	4	1	1	1	1	1	2	1
OG_16003	1	1	1	1	1	1	1	1	2	1	1	5
OG_16004	1	1	1	1	1	1	1	1	1	1	1	1
OG_16005	1	1	0	1	1	1	1	0	0	1	1	0
OG_16006	1	1	1	1	1	1	1	1	1	3	1	1
OG_16007	0	1	2	1	0	2	1	1	1	1	0	0
OG_16008	0	1	1	1	0	3	1	2	2	1	0	0
OG_16009	1	1	1	1	2	1	1	1	1	1	3	1
OG_16010	1	1	1	1	1	1	1	1	1	4	1	2
OG_16011	1	1	1	1	0	1	1	1	1	0	0	0
OG_16012	1	1	1	1	1	1	1	1	1	1	3	1
OG_16013	1	1	1	1	1	1	1	1	2	2	1	1
OG_16014	1	2	1	1	0	1	1	1	1	1	0	0
OG_16015	1	1	1	1	0	1	2	1	0	1	0	0
OG_16016	1	0	0	0	0	0	0	0	1	0	0	0
OG_16017	1	0	2	1	7	1	1	1	2	4	0	0
OG_16018	1	0	4	1	0	1	1	2	0	0	0	0
OG_16019	2	1	5	1	6	1	1	1	1	1	2	1
OG_16020	2	2	5	12	4	2	2	2	1	1	2	1
OG_16021	1	1	1	1	0	1	1	1	1	1	0	0
OG_16022	1	1	1	1	0	1	1	1	1	1	0	1
OG_16023	1	1	3	1	5	1	1	4	3	7	1	1
OG_16024	1	1	2	1	0	1	0	4	0	1	0	1
OG_16025	1	1	1	1	1	1	1	4	2	2	1	1
OG_16026	1	2	1	1	1	1	1	1	2	1	4	1
OG_16027	1	2	6	1	1	1	1	2	1	1	0	1
OG_16028	1	4	1	1	1	1	1	1	0	1	1	2
OG_16029	1	3	1	1	2	1	1	1	1	3	0	2
OG_16030	1	1	1	1	7	1	1	1	1	2	1	1
OG_16031	1	0	0	0	0	2	2	0	0	0	0	0
OG_16032	1	1	1	1	0	1	2	3	1	1	1	1
OG_16033	0	0	0	0	1	0	0	0	0	0	1	0
OG_16034	1	0	0	1	0	0	0	0	0	0	0	0
OG_16035	1	1	1	2	2	1	1	1	1	4	1	1
OG_16036	1	1	1	1	2	1	1	1	1	1	1	1
OG_16037	1	1	3	1	1	1	1	5	1	3	1	1
OG_16038	1	1	1	1	0	1	1	1	1	0	2	1
OG_16039	1	6	0	1	0	1	1	1	0	0	0	0
OG_16040	2	1	1	1	2	1	1	3	1	2	1	1
OG_16041	1	2	1	1	0	1	1	1	1	1	0	1
OG_16042	1	0	1	1	1	1	1	1	2	0	1	2
OG_16043	1	1	1	1	2	1	1	1	1	1	1	1
OG_16044	1	1	1	1	1	1	2	1	1	1	1	3
OG_16045	1	1	1	1	1	1	2	1	1	1	1	1
OG_16046	2	1	2	1	1	1	1	1	1	1	0	0
OG_16047	2	3	3	2	2	1	2	1	2	3	0	0
OG_16048	1	1	1	1	0	1	1	1	1	5	1	0
OG_16049	0	1	0	1	0	0	0	0	0	0	0	0
OG_16050	1	1	1	1	1	1	1	1	1	1	1	1
OG_16051	1	1	1	1	1	1	1	1	1	3	1	1
OG_16052	1	1	1	1	1	1	1	1	1	1	0	1
OG_16053	1	1	1	1	1	1	1	1	2	1	1	1
OG_16054	1	1	1	1	2	1	1	1	2	3	1	0
OG_16055	1	1	2	1	0	2	2	1	1	1	0	0
OG_16056	2	1	2	1	2	1	1	2	2	1	2	1
OG_16057	0	0	0	0	5	0	0	0	0	0	0	1
OG_16058	2	2	2	2	1	2	2	2	2	11	2	1
OG_16059	1	1	1	1	1	1	1	1	0	1	2	1
OG_16060	1	1	1	1	1	1	1	1	1	3	1	1
OG_16061	1	1	1	2	0	2	1	1	1	1	0	0
OG_16062	1	1	1	1	0	1	2	1	0	0	0	0
OG_16063	1	1	2	1	1	1	1	1	1	2	1	1
OG_16064	1	0	0	1	0	1	1	0	0	0	0	0
OG_16065	1	1	1	2	0	1	1	1	1	1	0	0
OG_16066	1	1	2	1	0	1	1	1	0	0	0	0
OG_16067	1	1	2	1	0	1	1	1	1	1	0	0
OG_16068	1	1	1	1	0	1	1	1	0	0	0	0
OG_16069	1	1	2	1	5	1	1	1	1	1	1	0
OG_16070	1	0	2	0	0	2	1	1	0	0	0	0
OG_16071	1	1	1	1	1	1	1	1	1	1	1	1
OG_16072	1	0	1	2	0	1	0	0	0	0	0	0
OG_16073	1	0	1	1	0	2	1	1	0	0	0	0
OG_16074	2	2	4	2	5	2	0	5	2	2	1	2
OG_16075	1	1	2	1	1	1	2	1	1	3	1	1
OG_16076	1	1	1	4	1	1	1	1	1	1	1	1
OG_16077	1	1	1	1	1	1	1	1	1	1	1	1
OG_16078	1	1	1	1	0	1	1	1	2	1	0	0
OG_16079	1	1	2	1	0	1	2	1	5	1	0	0
OG_16080	1	0	1	1	0	1	1	1	0	0	0	0
OG_16081	1	1	1	1	1	1	1	1	3	2	1	1
OG_16082	1	1	1	1	1	1	1	1	1	1	1	1
OG_16083	1	1	1	1	1	1	1	1	1	3	1	1
OG_16084	0	0	0	0	3	0	0	0	0	0	2	0
OG_16085	1	1	1	1	1	1	1	1	1	0	1	1
OG_16086	1	0	1	0	0	0	1	1	0	1	0	0
OG_16087	1	1	2	1	2	1	1	1	1	1	2	1
OG_16088	1	1	1	1	1	1	1	1	1	1	0	1
OG_16089	1	1	1	1	1	1	1	1	1	1	1	1
OG_16090	1	1	5	1	5	1	1	3	2	5	2	1
OG_16091	2	2	2	1	0	3	2	2	1	0	0	0
OG_16092	0	2	0	3	0	0	1	0	1	0	0	0
OG_16093	1	1	1	1	1	1	1	1	1	2	1	1
OG_16094	1	1	1	1	1	1	1	1	4	1	1	1
OG_16095	1	1	3	1	1	1	2	1	1	1	1	0
OG_16096	1	1	1	1	1	1	1	1	1	1	1	1
OG_16097	1	1	1	1	0	1	1	1	0	1	0	1
OG_16098	1	1	1	1	3	1	1	1	1	1	1	0
OG_16099	2	0	0	0	0	1	0	0	0	0	0	0
OG_16100	1	1	1	1	2	1	1	1	1	1	1	1
OG_16101	1	1	2	1	0	1	1	2	1	2	0	1
OG_16102	1	1	1	1	1	1	1	1	1	1	1	1
OG_16103	1	1	1	1	1	1	1	1	1	1	1	2
OG_16104	1	1	1	1	1	1	1	1	1	1	1	1
OG_16105	1	1	0	1	0	0	0	0	0	0	0	0
OG_16106	1	1	0	1	0	1	1	1	1	0	0	0
OG_16107	1	1	0	1	0	1	1	0	0	0	0	0
OG_16108	1	1	2	1	1	1	1	1	1	3	2	1
OG_16109	1	1	1	1	2	1	2	2	1	3	0	1
OG_16110	1	1	2	1	1	1	1	1	1	3	1	0
OG_16111	1	1	3	1	1	1	1	2	3	4	1	3
OG_16112	1	1	1	1	1	1	1	1	1	1	1	1
OG_16113	1	1	1	1	6	1	1	1	2	0	1	3
OG_16114	1	1	1	1	1	1	1	1	2	10	1	1
OG_16115	0	0	0	0	3	0	0	0	0	0	5	2
OG_16116	1	1	2	1	0	1	1	1	1	0	0	1
OG_16117	1	1	0	1	0	0	1	0	0	0	0	0
OG_16118	2	1	2	1	0	1	1	1	1	1	0	0
OG_16119	1	1	2	2	2	1	1	1	1	1	0	2
OG_16120	1	1	1	1	1	1	1	1	1	1	1	1
OG_16121	1	1	1	1	3	1	1	1	1	1	1	1
OG_16122	2	1	3	1	0	1	1	0	2	2	0	0
OG_16123	1	1	1	1	1	1	1	1	1	1	1	1
OG_16124	1	0	0	2	0	1	1	1	0	0	0	0
OG_16125	1	1	1	4	0	1	2	1	1	1	0	0
OG_16126	1	1	1	1	0	1	1	1	1	1	0	1
OG_16127	1	1	1	1	0	0	1	1	0	1	0	0
OG_16128	1	1	2	1	1	1	1	1	1	1	1	1
OG_16129	1	1	0	0	0	0	0	0	0	0	0	0
OG_16130	1	1	1	1	0	1	2	1	2	1	0	1
OG_16131	1	2	0	5	0	0	2	0	0	0	0	0
OG_16132	1	1	1	2	0	1	1	1	2	1	0	1
OG_16133	1	1	1	1	2	1	1	1	2	1	2	1
OG_16134	1	1	1	0	0	1	2	2	0	0	0	0
OG_16135	1	1	1	1	4	1	1	1	3	3	2	1
OG_16136	1	1	1	1	8	1	2	2	2	4	1	2
OG_16137	1	2	1	1	0	1	1	1	1	1	0	0
OG_16138	2	1	0	1	0	1	1	0	1	2	0	0
OG_16139	1	2	1	3	0	1	1	1	0	0	0	0
OG_16140	0	0	0	0	0	1	0	1	0	0	0	0
OG_16141	1	1	1	1	2	1	1	1	1	1	1	1
OG_16142	1	1	1	2	0	3	2	1	4	4	3	1
OG_16143	4	3	1	5	0	4	2	2	1	0	0	0
OG_16144	0	0	1	0	0	3	0	1	0	0	0	0
OG_16145	1	1	1	1	3	1	2	1	2	2	2	4
OG_16146	1	1	1	1	2	1	1	1	1	1	1	1
OG_16147	1	1	1	1	6	1	1	1	1	1	0	1
OG_16148	3	0	0	2	0	1	3	1	0	0	0	0
OG_16149	1	1	2	1	0	1	1	1	1	3	0	0
OG_16150	1	0	0	0	0	0	1	0	0	0	0	0
OG_16151	1	0	0	0	0	1	1	0	0	0	0	0
OG_16152	1	1	2	1	1	1	1	1	1	1	1	1
OG_16153	1	1	0	1	0	1	1	0	1	1	0	0
OG_16154	1	1	1	1	1	1	1	1	1	1	1	1
OG_16155	1	1	1	1	1	1	1	1	1	1	1	1
OG_16156	1	1	1	1	2	1	1	1	1	3	1	1
OG_16157	1	1	1	1	1	1	1	1	1	2	1	1
OG_16158	1	1	0	0	0	1	0	0	0	0	0	0
OG_16159	4	1	0	0	0	2	0	0	0	0	0	0
OG_16160	2	1	1	2	1	1	1	1	1	2	2	1
OG_16161	1	1	1	1	1	1	0	1	1	2	1	1
OG_16162	1	1	1	2	0	1	1	1	1	4	0	2
OG_16163	2	0	0	1	0	0	1	0	0	0	0	0
OG_16164	1	2	0	2	0	1	1	1	0	0	0	0
OG_16165	1	2	4	3	0	1	1	1	0	0	0	0
OG_16166	1	0	2	1	4	1	1	1	1	0	0	0
OG_16167	1	1	3	1	1	1	1	1	2	6	3	2
OG_16168	1	1	2	1	1	1	2	1	2	1	1	1
OG_16169	1	1	1	1	0	1	1	1	0	2	0	0
OG_16170	3	0	0	5	0	2	1	0	0	0	0	0
OG_16171	1	1	1	1	0	1	1	0	0	0	0	0
OG_16172	2	1	1	1	0	0	0	0	1	0	0	0
OG_16173	2	1	1	1	1	1	1	1	1	1	1	1
OG_16174	1	1	1	0	1	1	2	1	1	1	1	1
OG_16175	1	0	0	0	0	0	1	0	0	0	0	0
OG_16176	1	0	1	1	1	1	1	1	1	1	0	0
OG_16177	1	1	1	1	1	1	1	1	1	1	2	3
OG_16178	1	1	2	1	2	1	1	1	0	3	0	0
OG_16179	1	1	1	1	2	1	1	1	1	1	2	0
OG_16180	1	1	1	8	0	1	1	3	0	0	0	0
OG_16181	1	1	1	1	1	1	1	1	1	1	0	0
OG_16182	1	1	0	0	0	0	0	0	0	0	0	0
OG_16183	1	0	2	1	0	1	1	1	0	3	0	0
OG_16184	1	2	2	1	1	1	1	1	4	2	2	1
OG_16185	1	1	1	1	1	1	1	1	1	1	1	1
OG_16186	1	1	1	1	1	1	1	1	1	2	1	1
OG_16187	1	1	1	1	0	1	1	1	1	1	0	0
OG_16188	1	1	1	1	1	2	1	2	1	1	1	1
OG_16189	2	1	1	1	0	1	1	2	0	1	0	0
OG_16190	1	1	3	3	0	1	1	1	3	1	0	0
OG_16191	1	1	3	4	0	1	4	1	0	0	0	0
OG_16192	1	1	1	1	1	1	1	1	1	14	1	1
OG_16193	1	1	3	1	0	1	1	6	1	1	0	0
OG_16194	1	1	1	1	1	1	1	1	1	1	1	1
OG_16195	1	1	1	1	0	1	1	2	0	1	0	0
OG_16196	1	1	1	1	3	1	1	1	1	1	1	1
OG_16197	1	1	1	1	2	1	1	1	1	0	1	2
OG_16198	1	1	1	2	1	1	1	1	1	1	1	1
OG_16199	1	1	2	1	0	1	1	1	1	3	0	1
OG_16200	1	1	1	1	1	1	1	1	2	3	1	0
OG_16201	1	1	2	1	0	1	1	2	1	3	0	1
OG_16202	1	1	2	1	1	1	1	1	1	2	1	1
OG_16203	1	2	1	1	1	1	1	1	1	1	2	1
OG_16204	1	1	1	1	0	1	1	1	1	1	0	1
OG_16205	1	0	0	0	0	0	1	0	0	0	0	0
OG_16206	0	0	0	0	1	0	0	0	0	0	2	2
OG_16207	1	1	1	1	1	1	1	1	2	1	1	1
OG_16208	2	1	3	2	1	2	4	2	2	4	1	0
OG_16209	1	1	1	1	3	1	1	1	1	1	1	1
OG_16210	1	2	2	1	1	2	1	2	3	1	2	2
OG_16211	1	1	1	1	0	1	1	1	2	1	0	1
OG_16212	1	1	1	1	0	1	1	1	0	0	0	0
OG_16213	2	0	0	0	0	1	2	1	0	0	0	0
OG_16214	1	1	1	1	3	1	1	1	1	3	3	1
OG_16215	1	1	1	1	0	1	1	2	1	0	0	0
OG_16216	1	1	1	1	2	2	1	1	2	6	1	1
OG_16217	1	1	1	1	1	1	1	2	1	1	2	1
OG_16218	2	1	1	0	0	3	0	1	0	0	0	0
OG_16219	1	1	1	1	0	1	2	1	1	3	0	0
OG_16220	1	1	1	1	1	1	1	1	1	1	1	0
OG_16221	1	1	1	1	1	1	1	1	1	1	1	1
OG_16222	1	1	1	1	2	1	1	1	1	1	1	1
OG_16223	1	0	0	0	0	0	1	0	0	0	0	0
OG_16224	1	0	1	1	0	1	1	1	1	1	0	0
OG_16225	1	0	1	2	0	1	1	1	1	0	0	1
OG_16226	1	1	0	1	0	1	1	0	1	1	0	0
OG_16227	5	0	0	3	0	1	5	1	0	0	0	0
OG_16228	1	0	0	0	0	0	2	0	0	0	0	0
OG_16229	1	1	1	1	0	1	2	1	1	1	0	1
OG_16230	1	1	0	1	3	1	1	1	1	1	1	1
OG_16231	2	1	1	1	1	1	1	1	2	1	1	1
OG_16232	1	1	2	1	2	1	1	1	1	4	2	0
OG_16233	1	1	1	1	3	1	1	1	1	1	1	1
OG_16234	2	2	1	7	3	1	2	1	1	2	1	1
OG_16235	1	1	4	1	1	1	1	5	1	3	2	2
OG_16236	1	1	1	1	0	1	1	1	1	1	0	0
OG_16237	1	1	1	1	3	1	1	1	1	1	1	1
OG_16238	1	1	1	2	0	1	1	3	2	1	0	1
OG_16239	1	1	1	1	0	1	1	1	1	1	0	1
OG_16240	1	1	1	1	1	1	1	1	0	1	1	1
OG_16241	1	1	2	1	2	1	2	1	3	3	2	6
OG_16242	1	1	0	0	0	1	0	0	0	2	0	0
OG_16243	1	1	3	1	0	1	1	1	1	1	0	1
OG_16244	2	1	3	2	1	1	1	1	1	1	1	0
OG_16245	1	2	2	1	1	1	1	5	3	1	1	2
OG_16246	1	0	0	0	0	0	1	0	0	0	0	0
OG_16247	2	1	0	0	0	0	0	0	0	0	0	0
OG_16248	1	0	0	0	0	0	2	0	0	0	0	0
OG_16249	1	1	2	1	0	1	0	2	0	1	0	0
OG_16250	1	1	1	1	1	1	2	1	1	1	1	1
OG_16251	3	1	0	1	0	0	1	0	0	0	0	0
OG_16252	0	0	0	0	0	1	0	1	0	0	0	0
OG_16253	1	1	1	1	0	1	0	1	0	1	0	0
OG_16254	1	1	2	1	1	1	1	1	0	2	1	1
OG_16255	1	1	1	1	2	1	1	1	1	2	1	1
OG_16256	1	1	1	1	1	1	1	1	1	1	0	1
OG_16257	1	1	1	1	0	1	0	1	0	0	0	0
OG_16258	1	1	1	1	4	1	1	1	1	1	0	0
OG_16259	2	1	1	1	0	1	1	1	1	2	0	1
OG_16260	1	1	1	1	1	1	2	1	2	2	1	1
OG_16261	1	2	1	1	4	1	1	1	7	4	1	1
OG_16262	1	1	1	1	1	1	1	1	2	3	1	1
OG_16263	1	1	4	1	0	1	2	2	1	2	0	0
OG_16264	1	1	1	1	0	1	1	6	0	0	0	0
OG_16265	1	1	1	1	0	1	1	1	1	1	0	0
OG_16266	0	0	0	0	1	0	0	0	0	0	1	0
OG_16267	1	1	3	1	1	1	1	1	1	3	0	0
OG_16268	1	1	1	2	1	2	2	1	1	1	1	1
OG_16269	1	1	1	1	1	1	1	1	1	3	0	1
OG_16270	2	0	0	1	0	0	2	0	0	0	0	0
OG_16271	1	2	1	1	2	1	1	1	1	1	1	1
OG_16272	2	2	3	2	2	2	4	4	2	5	0	0
OG_16273	1	1	1	2	1	1	1	1	2	1	1	1
OG_16274	1	1	2	1	1	1	2	2	1	1	1	1
OG_16275	1	1	2	1	0	1	1	1	1	1	0	0
OG_16276	1	1	1	1	2	1	1	1	1	1	0	0
OG_16277	2	1	1	1	0	1	4	1	1	1	0	1
OG_16278	1	1	1	1	2	1	1	1	0	1	1	2
OG_16279	1	1	2	1	1	1	1	1	1	2	1	1
OG_16280	1	2	1	1	1	1	1	1	0	1	0	1
OG_16281	2	0	0	1	0	0	0	0	0	0	0	0
OG_16282	1	2	1	1	0	1	1	1	1	1	0	0
OG_16283	2	2	3	1	0	1	1	4	0	0	0	0
OG_16284	1	1	1	1	0	1	1	1	1	1	0	1
OG_16285	1	1	1	1	0	1	2	3	1	2	0	1
OG_16286	1	1	2	1	0	1	1	1	1	2	0	1
OG_16287	0	0	0	0	0	0	0	0	1	1	0	1
OG_16288	1	1	2	1	0	1	1	1	1	1	0	1
OG_16289	1	1	1	1	0	1	1	1	0	1	0	0
OG_16290	2	6	3	2	3	1	2	1	1	6	2	1
OG_16291	1	1	1	1	1	1	1	1	1	3	1	1
OG_16292	1	1	1	1	1	1	1	2	1	3	1	1
OG_16293	2	1	2	3	0	1	2	1	0	0	0	1
OG_16294	2	0	0	0	0	0	1	0	0	0	0	0
OG_16295	1	2	1	1	0	1	1	1	1	1	0	0
OG_16296	3	0	1	0	0	1	2	1	0	0	0	0
OG_16297	1	1	1	4	0	2	0	1	2	6	0	0
OG_16298	1	1	1	1	0	1	1	2	0	0	0	0
OG_16299	0	0	0	0	1	0	0	0	0	0	1	0
OG_16300	2	1	2	1	1	2	2	2	2	1	1	1
OG_16301	1	1	1	1	0	1	1	1	2	3	0	1
OG_16302	1	1	2	1	1	1	1	1	1	3	1	1
OG_16303	2	1	4	1	0	3	2	4	0	2	0	0
OG_16304	1	1	1	1	0	1	1	1	1	4	0	1
OG_16305	1	1	1	3	2	1	1	1	1	1	2	1
OG_16306	1	1	1	1	1	1	1	1	1	1	2	1
OG_16307	1	1	1	1	1	1	2	1	1	2	2	2
OG_16308	1	0	2	1	0	1	1	1	1	1	0	0
OG_16309	3	0	0	0	0	0	2	0	0	0	0	0
OG_16310	1	1	1	1	0	1	1	1	0	1	0	0
OG_16311	1	1	1	1	2	1	2	1	2	1	1	1
OG_16312	1	1	1	1	2	1	1	1	2	1	1	1
OG_16313	1	1	0	1	0	1	1	0	0	1	2	0
OG_16314	1	0	1	0	0	1	1	1	0	0	0	0
OG_16315	1	0	0	1	0	0	1	0	0	0	0	0
OG_16316	1	1	2	1	0	1	1	4	0	0	0	0
OG_16317	2	1	2	1	2	1	1	1	1	1	2	1
OG_16318	1	2	1	1	2	1	1	2	1	1	1	1
OG_16319	1	1	2	1	1	1	2	1	1	1	1	2
OG_16320	1	1	2	1	9	1	1	1	1	1	2	0
OG_16321	1	6	3	2	2	5	2	0	1	0	0	2
OG_16322	1	1	1	1	0	1	1	1	1	1	0	0
OG_16323	2	2	3	0	0	1	1	1	0	0	0	0
OG_16324	1	1	1	1	3	1	1	1	1	4	1	1
OG_16325	1	1	1	1	2	1	1	1	1	1	1	1
OG_16326	2	2	2	3	0	1	1	0	1	0	0	0
OG_16327	1	1	1	1	0	1	1	1	0	0	0	0
OG_16328	1	1	1	1	0	1	0	1	0	0	0	0
OG_16329	1	5	2	2	0	1	1	1	1	1	0	1
OG_16330	1	1	1	2	1	1	1	1	2	1	1	1
OG_16331	1	1	1	1	1	1	1	1	2	1	1	1
OG_16332	1	1	1	1	1	1	1	1	1	1	2	1
OG_16333	1	1	2	1	2	1	1	1	1	1	1	1
OG_16334	1	2	1	1	1	2	2	1	1	3	2	1
OG_16335	1	1	1	2	1	1	1	1	2	1	1	1
OG_16336	1	1	2	1	0	1	1	1	1	2	0	1
OG_16337	1	1	1	1	1	1	1	1	2	3	1	1
OG_16338	1	1	1	1	1	1	1	1	1	2	1	1
OG_16339	2	3	4	3	7	2	3	6	7	7	3	2
OG_16340	1	2	1	1	1	1	2	1	1	2	1	1
OG_16341	1	1	3	1	1	1	1	1	1	1	1	0
OG_16342	1	1	1	1	1	1	1	1	1	2	2	1
OG_16343	1	0	0	0	0	0	0	0	0	1	0	0
OG_16344	1	1	1	1	1	1	1	1	1	1	1	0
OG_16345	1	1	2	1	0	1	1	0	1	1	0	0
OG_16346	1	0	2	1	2	1	1	1	1	1	1	0
OG_16347	4	5	0	3	0	2	1	1	2	1	0	1
OG_16348	1	1	1	1	0	1	1	0	1	1	0	1
OG_16349	1	1	1	1	4	1	1	1	1	2	2	1
OG_16350	1	1	1	1	1	1	2	1	1	2	1	1
OG_16351	1	1	1	1	1	1	1	1	1	0	1	1
OG_16352	1	0	0	0	0	0	0	0	1	0	0	0
OG_16353	1	1	1	1	2	1	1	1	0	1	1	1
OG_16354	1	1	1	1	2	1	1	1	1	1	1	1
OG_16355	1	1	1	1	1	1	1	1	1	1	1	2
OG_16356	1	2	1	1	0	1	1	1	0	1	0	0
OG_16357	1	0	0	0	0	0	0	0	0	0	0	1
OG_16358	1	1	1	1	1	1	1	1	1	2	1	2
OG_16359	1	1	1	1	2	1	1	1	1	1	1	1
OG_16360	1	1	1	1	0	1	1	1	1	2	0	0
OG_16361	1	3	1	1	0	1	1	1	1	1	0	0
OG_16362	0	0	0	0	1	0	0	0	0	0	1	1
OG_16363	1	1	1	1	1	1	1	1	2	1	1	1
OG_16364	1	1	0	0	0	1	0	0	0	1	0	0
OG_16365	1	1	1	1	0	1	1	1	0	0	0	0
OG_16366	1	1	1	1	0	4	1	1	1	1	0	0
OG_16367	1	1	1	1	0	1	1	1	0	0	0	0
OG_16368	1	1	1	1	0	1	3	1	1	1	0	0
OG_16369	1	2	1	2	1	1	1	1	2	2	1	1
OG_16370	1	2	0	0	0	0	0	0	0	0	0	0
OG_16371	0	1	2	1	1	1	1	1	1	3	1	1
OG_16372	1	1	1	1	1	1	1	1	0	1	1	1
OG_16373	1	1	1	1	2	1	1	1	2	4	1	2
OG_16374	1	1	1	1	0	2	1	1	1	2	0	0
OG_16375	1	1	1	1	8	1	1	1	1	1	1	1
OG_16376	1	1	1	1	2	1	1	1	1	2	1	1
OG_16377	1	1	1	1	1	1	1	2	1	2	2	1
OG_16378	2	1	1	1	4	1	1	1	1	1	2	1
OG_16379	1	2	0	0	0	1	2	0	1	0	0	0
OG_16380	4	0	1	1	0	1	1	0	0	0	0	0
OG_16381	1	1	1	1	1	4	2	2	1	1	0	2
OG_16382	1	1	1	1	0	1	1	1	0	0	0	0
OG_16383	1	0	1	1	0	1	1	1	0	0	0	0
OG_16384	1	1	1	1	0	1	1	1	0	0	0	0
OG_16385	1	1	1	1	0	1	1	0	1	0	0	1
OG_16386	1	1	0	1	0	1	1	0	1	2	0	0
OG_16387	1	1	1	2	2	1	2	2	1	1	0	1
OG_16388	1	1	1	1	0	1	2	1	1	1	0	0
OG_16389	1	1	2	1	0	1	1	1	0	0	0	0
OG_16390	1	1	1	1	1	1	1	1	1	1	1	4
OG_16391	1	1	1	1	1	1	1	1	2	2	0	1
OG_16392	1	2	2	1	1	1	1	2	2	1	0	1
OG_16393	1	1	1	1	1	1	1	1	1	1	1	1
OG_16394	1	1	2	1	0	1	1	2	3	1	1	1
OG_16395	1	6	1	1	1	1	2	1	1	1	1	1
OG_16396	1	1	2	1	0	1	1	1	1	2	0	0
OG_16397	1	1	1	1	1	1	1	1	1	1	1	1
OG_16398	1	1	7	1	1	1	3	4	1	1	1	1
OG_16399	1	1	1	2	2	1	1	1	2	3	1	1
OG_16400	1	1	0	2	0	1	1	0	0	0	0	0
OG_16401	1	1	1	2	0	1	2	1	1	1	0	1
OG_16402	1	1	1	1	0	1	1	1	1	1	0	0
OG_16403	1	1	1	1	0	1	1	1	1	3	0	0
OG_16404	1	1	1	1	1	1	1	1	2	1	1	2
OG_16405	1	1	1	1	1	1	1	1	1	1	1	2
OG_16406	1	2	1	1	4	1	2	1	1	1	2	1
OG_16407	2	1	3	1	0	3	1	1	1	1	0	0
OG_16408	1	0	1	1	0	1	0	1	0	0	0	0
OG_16409	1	0	1	1	1	1	1	1	1	1	2	1
OG_16410	1	1	1	1	1	1	1	1	1	1	1	3
OG_16411	1	0	0	1	0	1	0	1	0	0	0	1
OG_16412	2	1	1	1	2	1	1	1	2	2	1	1
OG_16413	1	1	1	1	2	1	1	1	1	1	1	1
OG_16414	1	1	3	1	2	1	1	1	3	1	1	1
OG_16415	1	1	1	1	1	1	1	1	1	1	1	1
OG_16416	2	0	1	1	0	2	1	0	0	0	0	0
OG_16417	1	1	1	1	9	1	1	2	2	3	1	1
OG_16418	1	1	1	1	0	2	2	1	1	2	1	2
OG_16419	1	1	1	1	2	1	1	1	1	1	1	1
OG_16420	1	2	2	1	1	1	1	2	1	2	1	2
OG_16421	1	1	1	1	1	1	1	1	1	1	1	1
OG_16422	3	3	1	0	0	7	1	5	0	0	0	0
OG_16423	1	1	1	1	1	1	1	1	1	7	2	1
OG_16424	1	1	2	1	0	1	1	1	1	4	0	0
OG_16425	1	1	3	1	2	1	1	6	0	1	0	0
OG_16426	1	2	0	0	0	0	0	0	0	0	0	0
OG_16427	1	1	2	1	3	1	1	1	1	1	1	1
OG_16428	1	1	1	1	0	1	2	0	1	1	0	1
OG_16429	1	2	1	1	0	1	1	1	0	0	0	0
OG_16430	2	2	2	1	0	2	2	2	1	6	0	1
OG_16431	5	1	1	3	0	4	1	1	0	0	0	0
OG_16432	1	1	1	1	0	1	1	1	2	1	0	0
OG_16433	1	1	1	1	1	1	1	1	1	1	1	4
OG_16434	3	3	10	3	3	3	4	9	3	6	5	4
OG_16435	1	1	2	1	4	1	1	1	0	2	1	1
OG_16436	1	1	1	1	1	1	1	1	1	6	0	2
OG_16437	1	1	1	1	1	1	3	1	0	1	0	1
OG_16438	2	1	1	1	2	1	1	1	1	1	0	1
OG_16439	1	1	1	1	0	1	1	1	2	0	0	0
OG_16440	1	3	1	1	0	1	1	1	2	3	0	0
OG_16441	1	1	1	1	4	1	1	1	1	1	2	1
OG_16442	1	1	1	1	3	1	1	1	1	1	0	1
OG_16443	1	1	1	1	0	1	1	1	2	2	0	0
OG_16444	1	1	3	1	1	4	1	2	1	2	2	2
OG_16445	1	1	2	2	1	1	1	1	1	4	1	1
OG_16446	1	1	1	1	1	1	1	1	1	1	1	1
OG_16447	1	1	1	1	0	1	1	1	1	0	0	0
OG_16448	1	1	1	1	0	1	2	1	1	0	0	0
OG_16449	1	1	0	2	0	0	0	0	0	0	0	0
OG_16450	1	1	1	1	0	1	2	0	1	2	0	1
OG_16451	3	0	0	3	0	1	9	0	0	0	0	0
OG_16452	2	2	1	8	0	1	1	1	1	1	0	0
OG_16453	1	1	1	1	0	1	1	3	1	1	0	0
OG_16454	1	1	1	1	0	1	3	1	0	1	0	0
OG_16455	1	0	0	1	0	1	1	0	0	0	0	0
OG_16456	1	1	1	1	1	1	1	1	1	3	1	1
OG_16457	1	1	3	1	1	1	1	3	2	1	1	1
OG_16458	1	1	1	1	0	1	1	2	1	1	0	0
OG_16459	1	1	1	1	0	1	1	1	1	1	0	1
OG_16460	1	1	1	1	1	1	1	1	1	1	1	1
OG_16461	7	3	0	1	0	2	2	0	0	0	0	0
OG_16462	2	6	1	1	0	2	1	1	0	0	0	0
OG_16463	1	1	3	1	1	1	1	0	1	1	1	1
OG_16464	1	1	1	1	1	1	1	1	1	1	1	1
OG_16465	1	1	1	1	1	1	1	1	1	1	1	1
OG_16466	1	1	2	1	2	1	2	1	3	4	0	1
OG_16467	1	0	1	1	0	1	1	1	1	1	0	0
OG_16468	1	0	0	1	0	0	0	0	0	0	0	0
OG_16469	1	1	2	1	1	1	1	1	2	4	4	1
OG_16470	1	1	2	1	0	1	1	1	1	5	0	0
OG_16471	1	1	1	1	1	1	1	1	1	3	1	1
OG_16472	1	1	0	1	1	1	1	1	1	0	1	1
OG_16473	1	0	0	0	0	0	1	0	0	0	0	0
OG_16474	1	0	0	1	0	0	0	0	0	0	0	0
OG_16475	1	1	1	1	1	1	1	5	1	5	2	1
OG_16476	1	1	1	1	1	1	1	1	2	2	2	1
OG_16477	1	1	1	2	1	1	2	1	0	1	2	1
OG_16478	1	1	1	1	1	1	2	1	0	2	1	1
OG_16479	5	2	2	1	0	1	2	1	0	0	0	0
OG_16480	2	0	0	0	0	0	1	0	0	0	0	0
OG_16481	1	0	0	0	0	0	2	0	0	0	0	0
OG_16482	1	2	0	0	0	0	0	0	0	0	0	0
OG_16483	1	1	1	1	1	1	1	1	1	1	1	1
OG_16484	2	0	0	0	0	2	0	0	0	0	0	0
OG_16485	1	1	1	1	3	1	1	1	5	5	4	1
OG_16486	1	1	1	1	2	1	3	4	1	1	1	1
OG_16487	1	1	0	5	0	1	0	0	0	0	0	0
OG_16488	1	1	0	0	0	0	0	0	0	0	0	0
OG_16489	1	1	1	1	0	1	1	1	0	1	0	0
OG_16490	1	1	1	1	1	1	2	2	1	1	1	1
OG_16491	1	1	1	1	1	1	1	1	1	1	1	1
OG_16492	1	0	0	1	0	0	0	0	0	0	0	0
OG_16493	1	1	4	1	7	1	1	2	1	2	1	12
OG_16494	1	1	1	1	1	1	1	1	2	2	1	0
OG_16495	1	1	2	2	1	1	1	1	1	1	1	0
OG_16496	1	1	1	1	1	1	1	1	1	2	0	1
OG_16497	1	1	1	1	0	1	1	1	1	4	0	0
OG_16498	1	1	1	1	3	1	1	1	1	2	2	1
OG_16499	1	0	1	1	0	2	1	1	0	0	0	0
OG_16500	1	3	1	8	5	1	2	1	1	1	0	0
OG_16501	3	1	0	1	0	0	4	0	0	0	0	0
OG_16502	2	0	2	1	0	1	1	1	0	0	0	0
OG_16503	1	1	1	2	1	1	1	2	0	1	1	1
OG_16504	1	1	1	1	1	1	1	1	2	1	2	1
OG_16505	1	3	1	1	1	0	1	1	3	3	1	1
OG_16506	2	2	3	2	1	2	2	3	1	2	1	1
OG_16507	2	1	1	4	0	1	2	1	1	2	0	1
OG_16508	0	0	0	0	0	0	0	0	5	4	0	0
OG_16509	1	0	0	0	0	0	1	0	0	0	0	0
OG_16510	1	1	1	1	0	1	1	1	0	0	0	0
OG_16511	1	1	1	1	2	1	1	1	2	1	1	1
OG_16512	1	1	1	1	1	1	1	1	2	2	1	1
OG_16513	1	0	0	0	0	0	2	0	0	0	0	0
OG_16514	2	19	0	1	0	0	0	0	0	0	0	0
OG_16515	2	2	3	2	1	1	2	3	3	7	0	1
OG_16516	1	2	4	2	2	2	2	2	1	2	0	1
OG_16517	1	1	1	1	2	1	1	1	1	1	2	1
OG_16518	2	1	1	1	0	1	2	1	1	1	0	0
OG_16519	1	1	1	2	0	1	2	1	0	0	0	0
OG_16520	1	1	2	3	5	1	1	1	2	1	3	2
OG_16521	1	1	2	1	2	1	1	1	3	2	0	0
OG_16522	1	1	0	1	0	1	1	0	1	2	0	0
OG_16523	1	1	1	1	1	1	1	1	2	3	1	1
OG_16524	1	0	1	1	0	1	2	1	1	1	0	0
OG_16525	2	0	2	0	0	1	2	1	0	0	0	0
OG_16526	3	1	3	1	0	1	3	1	0	0	0	0
OG_16527	1	2	2	1	1	1	1	1	2	2	1	1
OG_16528	1	4	1	1	0	1	1	1	1	1	0	1
OG_16529	1	1	1	1	1	1	1	2	1	1	1	1
OG_16530	1	0	1	0	0	1	1	1	1	2	0	0
OG_16531	1	1	1	1	1	1	1	1	1	3	0	0
OG_16532	1	1	2	1	3	2	1	1	1	1	1	1
OG_16533	1	1	1	1	0	1	1	1	3	1	0	0
OG_16534	1	1	1	1	1	1	1	1	2	1	0	1
OG_16535	1	1	1	1	1	1	1	1	1	8	2	1
OG_16536	1	1	2	1	1	1	1	1	1	1	1	1
OG_16537	1	0	0	0	0	0	1	0	0	0	0	0
OG_16538	4	2	1	8	0	1	2	1	0	0	0	2
OG_16539	1	1	2	1	1	1	1	1	1	1	1	1
OG_16540	1	1	1	1	0	1	2	1	0	0	0	0
OG_16541	1	4	0	1	0	0	2	0	0	0	0	0
OG_16542	1	1	2	1	1	1	1	1	1	1	1	1
OG_16543	1	2	1	1	1	1	1	1	1	0	1	0
OG_16544	1	1	1	1	0	1	1	2	1	3	0	0
OG_16545	1	1	1	1	1	1	1	1	1	5	1	1
OG_16546	1	1	1	1	4	1	1	1	6	2	8	1
OG_16547	1	1	1	1	0	1	1	1	1	2	0	1
OG_16548	1	1	1	1	1	1	1	2	1	1	0	1
OG_16549	0	0	0	3	0	0	0	0	0	1	0	1
OG_16550	1	1	0	3	0	0	1	0	0	0	0	3
OG_16551	1	1	0	1	0	0	1	0	0	0	0	4
OG_16552	1	3	1	1	2	1	1	1	1	2	1	1
OG_16553	1	1	1	1	1	1	2	0	1	2	1	1
OG_16554	2	1	1	1	1	1	1	1	1	3	1	1
OG_16555	3	1	0	1	0	0	0	0	0	0	0	0
OG_16556	1	1	1	1	2	1	1	1	1	2	1	1
OG_16557	1	1	1	1	1	1	1	2	2	5	1	1
OG_16558	1	1	1	1	1	1	1	1	0	2	1	1
OG_16559	1	2	0	0	0	1	0	0	0	0	0	0
OG_16560	1	1	1	1	1	1	1	1	1	2	1	1
OG_16561	2	0	1	0	2	0	1	0	0	2	0	0
OG_16562	1	1	1	1	1	1	1	1	1	1	1	1
OG_16563	1	1	1	1	1	1	1	1	1	1	1	1
OG_16564	1	1	1	1	1	1	1	1	1	1	1	1
OG_16565	1	0	0	2	0	0	0	0	0	0	0	0
OG_16566	1	1	6	1	2	1	1	3	1	1	4	1
OG_16567	1	1	2	6	0	1	2	1	3	1	0	1
OG_16568	1	0	0	0	0	2	0	0	0	0	0	0
OG_16569	1	1	1	1	0	1	1	1	0	1	0	0
OG_16570	1	1	2	1	1	1	2	3	1	1	1	1
OG_16571	1	1	2	1	2	1	3	1	1	1	0	1
OG_16572	1	0	1	0	0	1	2	1	1	2	0	0
OG_16573	1	1	1	1	1	1	1	1	1	1	0	1
OG_16574	3	1	7	2	0	1	2	1	2	2	0	1
OG_16575	2	0	0	0	0	1	1	1	0	0	0	0
OG_16576	1	1	0	0	0	0	0	0	0	0	0	0
OG_16577	1	1	1	2	1	1	1	1	2	1	1	1
OG_16578	1	1	0	0	0	0	0	0	0	0	0	0
OG_16579	2	2	2	2	3	2	2	3	1	2	2	3
OG_16580	1	1	1	1	0	1	1	1	1	1	0	1
OG_16581	1	1	1	1	1	1	1	1	1	3	2	3
OG_16582	1	1	3	1	1	1	1	3	1	2	2	2
OG_16583	1	1	5	1	0	1	1	3	1	3	0	0
OG_16584	1	1	1	1	1	1	1	1	2	1	2	1
OG_16585	1	1	2	1	0	1	3	2	1	0	0	1
OG_16586	1	6	0	0	0	0	0	0	0	0	0	0
OG_16587	1	1	1	1	1	1	1	1	2	3	0	1
OG_16588	1	1	1	3	0	1	6	1	6	2	0	1
OG_16589	1	1	1	1	0	1	2	1	1	1	0	1
OG_16590	2	1	1	1	1	1	1	1	2	4	1	2
OG_16591	1	1	1	1	2	1	1	1	1	2	2	1
OG_16592	1	1	1	1	1	1	1	1	1	1	1	1
OG_16593	1	1	1	1	0	1	1	1	0	0	0	0
OG_16594	0	0	0	1	0	0	1	0	0	0	0	0
OG_16595	1	1	1	1	0	1	1	1	1	0	0	0
OG_16596	1	1	1	1	0	1	1	1	0	0	0	0
OG_16597	1	0	0	0	0	0	1	0	0	0	0	0
OG_16598	1	0	0	0	0	0	1	0	0	0	0	0
OG_16599	1	1	2	1	2	1	2	1	2	5	4	1
OG_16600	1	1	0	0	0	1	1	0	0	1	1	0
OG_16601	1	2	1	1	1	1	1	1	1	1	1	0
OG_16602	1	1	1	1	0	1	1	1	1	0	0	0
OG_16603	1	1	7	1	0	1	1	3	1	4	0	1
OG_16604	1	2	1	1	1	1	1	1	2	1	1	1
OG_16605	1	1	5	1	1	1	1	4	1	1	1	1
OG_16606	1	2	1	1	2	1	1	4	1	4	1	2
OG_16607	1	1	5	1	0	1	1	2	1	2	0	0
OG_16608	1	2	2	1	1	1	1	1	1	1	1	1
OG_16609	1	1	1	1	1	1	1	1	1	2	1	1
OG_16610	1	1	1	2	1	1	3	1	0	0	0	0
OG_16611	2	1	1	2	0	1	2	1	0	0	0	1
OG_16612	0	0	0	0	2	0	0	0	0	0	2	0
OG_16613	1	1	2	1	1	1	1	1	1	1	1	1
OG_16614	1	0	1	0	0	3	3	2	0	0	0	0
OG_16615	1	1	1	2	1	1	1	1	1	4	1	2
OG_16616	1	1	1	1	0	1	1	1	1	1	0	0
OG_16617	1	0	0	0	0	1	0	1	0	0	0	0
OG_16618	1	1	1	1	0	2	1	1	2	3	0	0
OG_16619	2	0	0	0	1	1	2	2	0	1	0	0
OG_16620	4	0	1	5	0	0	11	0	7	0	0	0
OG_16621	1	0	0	1	0	0	0	0	0	0	0	0
OG_16622	1	1	2	1	0	1	1	1	1	1	1	1
OG_16623	1	1	2	1	2	1	1	2	2	1	2	1
OG_16624	1	2	1	1	3	1	1	1	1	1	0	1
OG_16625	1	1	0	0	0	2	1	0	0	0	0	0
OG_16626	1	1	1	1	0	1	1	1	1	1	0	3
OG_16627	1	1	1	0	0	0	0	1	0	0	0	0
OG_16628	1	1	2	1	1	1	1	1	4	1	1	1
OG_16629	1	1	1	1	1	1	1	1	1	1	1	1
OG_16630	1	2	1	2	1	1	1	1	1	2	2	1
OG_16631	1	2	1	2	0	1	1	1	1	0	0	1
OG_16632	1	1	10	2	5	1	1	13	7	1	3	1
OG_16633	1	1	1	1	1	1	1	1	2	1	0	1
OG_16634	1	2	3	1	0	1	1	6	1	0	0	0
OG_16635	1	1	1	1	2	1	1	2	1	2	1	1
OG_16636	1	1	1	1	1	1	1	1	1	1	1	1
OG_16637	1	1	1	1	1	2	1	1	1	1	2	1
OG_16638	1	1	5	1	0	1	1	1	1	3	0	0
OG_16639	1	1	1	1	1	1	1	1	0	1	1	1
OG_16640	1	1	1	1	8	1	2	1	1	1	1	9
OG_16641	1	1	2	1	2	1	1	1	2	2	1	1
OG_16642	1	0	0	1	0	1	1	0	0	0	0	0
OG_16643	1	1	3	1	2	3	1	1	1	2	1	1
OG_16644	1	3	0	1	0	0	0	0	0	1	0	0
OG_16645	1	1	4	1	0	1	1	1	1	1	0	0
OG_16646	1	1	2	1	0	1	1	1	1	4	1	0
OG_16647	1	1	1	1	5	1	1	1	1	4	3	2
OG_16648	2	1	0	1	0	1	1	0	0	0	0	0
OG_16649	2	0	0	0	0	0	1	0	0	0	0	0
OG_16650	1	1	1	1	0	1	1	1	0	1	0	0
OG_16651	1	1	1	1	2	1	1	1	0	1	0	1
OG_16652	2	1	1	2	1	1	1	1	1	3	1	1
OG_16653	1	1	1	1	1	1	1	1	3	1	4	1
OG_16654	1	1	2	1	0	1	2	1	1	2	0	1
OG_16655	1	1	1	1	1	1	1	1	1	4	1	1
OG_16656	1	0	1	0	0	0	0	0	1	0	0	0
OG_16657	1	1	0	0	0	0	0	0	0	0	0	0
OG_16658	1	1	2	1	1	1	1	2	1	1	1	1
OG_16659	1	1	1	1	1	1	1	1	1	1	0	1
OG_16660	1	1	2	1	2	1	1	1	1	1	2	1
OG_16661	1	1	0	1	0	1	0	2	0	0	0	0
OG_16662	1	1	3	1	1	1	1	1	1	2	1	1
OG_16663	1	1	1	1	0	1	1	2	3	1	0	0
OG_16664	1	1	1	1	0	1	2	1	1	1	0	1
OG_16665	1	1	1	1	1	1	1	1	1	2	0	1
OG_16666	1	1	4	1	1	1	1	4	0	1	0	1
OG_16667	1	2	1	2	0	1	1	1	1	1	0	0
OG_16668	1	1	1	1	2	1	1	1	1	0	2	1
OG_16669	2	1	1	1	0	1	1	1	1	3	0	0
OG_16670	1	1	2	1	0	1	1	1	0	0	0	0
OG_16671	1	1	2	1	0	1	3	1	0	0	0	0
OG_16672	1	2	1	1	0	1	1	1	1	1	0	0
OG_16673	1	1	0	1	0	0	2	0	0	1	0	0
OG_16674	0	0	0	0	0	0	0	0	1	1	0	0
OG_16675	1	3	1	1	0	1	1	1	1	0	0	1
OG_16676	0	0	5	0	0	5	1	1	0	0	0	0
OG_16677	2	1	0	2	0	0	1	0	0	0	0	0
OG_16678	1	1	2	1	1	3	1	1	0	1	1	1
OG_16679	1	2	1	1	1	4	1	2	2	1	1	1
OG_16680	2	2	2	2	1	2	3	1	1	5	0	1
OG_16681	1	1	1	1	1	1	1	1	1	1	0	1
OG_16682	1	3	1	1	3	1	2	1	1	2	1	6
OG_16683	1	1	1	1	1	1	2	1	1	2	1	4
OG_16684	1	1	1	1	1	1	1	2	0	4	1	1
OG_16685	1	1	1	1	2	1	1	2	1	1	1	2
OG_16686	1	1	1	1	1	1	1	1	2	1	1	1
OG_16687	2	1	1	1	0	1	1	1	1	1	0	1
OG_16688	0	0	0	0	1	0	0	0	0	0	1	1
OG_16689	1	1	1	1	1	1	1	1	1	1	1	1
OG_16690	1	2	0	0	0	0	0	0	0	0	0	0
OG_16691	1	2	1	1	0	1	1	2	2	1	1	1
OG_16692	1	1	1	1	1	1	2	1	1	1	1	1
OG_16693	1	1	5	3	1	1	1	4	2	1	1	1
OG_16694	1	1	0	1	1	1	1	1	2	4	0	3
OG_16695	1	1	0	1	2	1	1	2	2	1	0	1
OG_16696	1	1	1	1	1	2	1	1	2	4	1	1
OG_16697	1	1	1	1	3	1	1	1	1	1	0	2
OG_16698	1	1	1	1	1	1	1	1	1	4	4	1
OG_16699	1	1	1	1	1	0	1	1	1	1	1	0
OG_16700	1	0	0	1	0	0	0	0	0	0	0	0
OG_16701	0	0	0	0	6	0	0	0	0	0	2	0
OG_16702	0	0	0	0	1	0	0	0	0	0	2	0
OG_16703	0	1	4	1	1	1	1	4	3	2	2	2
OG_16704	0	0	0	0	0	0	0	0	2	0	2	0
OG_16705	0	0	0	0	0	0	0	0	1	2	0	0
OG_16706	0	0	0	0	4	0	0	0	0	0	5	0
OG_16707	0	0	0	0	0	0	0	0	5	11	0	1
OG_16708	0	0	0	0	1	0	0	0	0	0	1	0
OG_16709	0	0	0	0	1	0	0	0	0	0	2	0
OG_16710	0	0	0	0	1	0	0	0	0	0	2	2
OG_16711	0	1	1	1	3	1	1	1	1	1	2	1
OG_16712	0	0	0	0	2	0	0	0	0	0	3	0
OG_16713	0	0	0	0	0	0	0	0	1	0	2	0
OG_16714	0	0	0	0	12	0	0	0	0	0	3	0
OG_16715	0	1	3	1	1	1	3	2	1	1	2	1
OG_16716	0	0	0	0	1	0	0	0	0	0	2	0
OG_16717	0	1	1	1	2	1	1	1	2	7	5	1
OG_16718	0	0	0	0	1	0	0	0	0	0	2	0
OG_16719	0	0	0	0	1	0	0	0	0	0	2	0
OG_16720	0	0	0	0	1	0	0	0	0	0	3	0
OG_16721	0	1	1	1	0	1	1	1	0	5	0	0
OG_16722	0	0	0	0	2	0	0	0	0	0	3	0
OG_16723	0	0	0	0	4	0	0	0	0	0	3	0
OG_16724	0	0	0	0	2	0	0	0	0	0	3	0
OG_16725	0	0	0	0	12	0	0	0	0	0	2	0
OG_16726	0	0	0	0	1	0	0	0	0	0	2	0
OG_16727	0	1	1	1	0	2	1	3	1	1	0	0
OG_16728	0	0	0	0	5	0	0	0	0	0	4	0
OG_16729	0	0	0	0	1	0	0	0	0	0	2	0
OG_16730	0	0	0	0	1	0	0	0	0	0	2	0
OG_16731	0	0	0	0	1	0	0	0	0	0	2	0
OG_16732	0	0	0	0	2	0	0	0	0	0	2	0
OG_16733	0	0	0	0	2	0	0	0	0	0	2	0
OG_16734	0	0	0	0	0	0	1	0	0	1	0	0
OG_16735	0	0	0	0	2	0	0	0	0	0	4	0
OG_16736	0	1	3	1	2	1	1	7	2	1	3	0
OG_16737	0	0	0	0	1	0	0	0	0	0	2	0
OG_16738	0	0	0	0	2	0	0	0	0	0	2	0
OG_16739	0	0	0	0	2	0	0	0	0	0	2	0
OG_16740	0	0	0	0	1	0	0	0	0	0	1	0
OG_16741	0	0	0	0	3	0	0	0	0	0	1	0
OG_16742	0	0	0	0	2	0	0	0	0	0	2	0
OG_16743	0	0	0	0	1	0	0	0	0	0	1	0
OG_16744	0	0	0	0	1	0	0	0	0	0	1	0
OG_16745	0	0	0	0	1	0	0	0	0	0	1	0
OG_16746	0	0	0	0	5	0	0	0	0	0	1	0
OG_16747	0	0	0	0	2	0	0	0	0	0	1	0
OG_16748	0	0	0	0	0	0	0	0	0	0	3	3
OG_16749	0	0	0	0	1	0	0	0	0	0	3	0
OG_16750	0	1	1	1	2	1	1	1	1	1	1	1
OG_16751	0	0	0	0	1	0	0	0	0	0	1	0
OG_16752	0	0	0	1	1	0	1	0	0	0	1	0
OG_16753	0	0	0	0	1	0	0	0	0	0	1	0
OG_16754	0	0	0	0	1	0	0	0	0	0	1	0
OG_16755	0	1	1	1	2	1	1	1	2	1	1	1
OG_16756	0	0	0	0	1	0	0	0	0	0	2	0
OG_16757	0	1	0	2	2	1	1	1	0	3	1	1
OG_16758	0	0	0	0	1	0	0	0	0	0	1	0
OG_16759	0	0	0	0	0	0	1	0	0	0	1	0
OG_16760	0	0	0	0	0	0	0	0	1	1	0	0
OG_16761	0	0	0	0	1	0	0	0	0	0	1	0
OG_16762	0	0	0	0	1	0	0	0	0	0	2	0
OG_16763	0	0	0	0	1	0	0	0	0	0	1	0
OG_16764	0	0	0	0	1	0	0	0	0	1	1	0
OG_16765	0	0	0	0	6	0	0	0	0	0	1	0
OG_16766	0	2	1	1	1	1	1	2	1	1	1	1
OG_16767	0	1	0	0	0	0	0	0	0	0	1	0
OG_16768	0	0	0	0	0	1	1	0	0	0	1	0
OG_16769	0	1	0	2	0	0	0	0	0	0	1	0
OG_16770	0	0	0	0	4	0	0	0	0	0	1	0
OG_16771	0	0	0	0	5	0	0	0	0	0	1	0
OG_16772	0	1	0	0	0	0	0	0	0	0	1	0
OG_16773	0	1	1	1	1	1	1	1	2	1	1	1
OG_16774	0	0	0	0	1	0	0	0	0	0	1	0
OG_16775	0	0	0	0	7	0	0	0	0	0	1	0
OG_16776	0	0	0	0	3	0	0	0	0	0	1	0
OG_16777	0	0	0	0	1	0	0	0	0	0	1	0
OG_16778	0	0	0	0	1	0	0	0	0	0	1	0
OG_16779	0	0	0	0	0	0	0	0	0	0	1	1
OG_16780	0	0	0	0	4	0	0	0	0	0	3	0
OG_16781	0	1	1	1	5	1	1	1	1	1	1	1
OG_16782	0	0	0	0	1	0	0	0	0	0	2	0
OG_16783	0	0	0	0	0	0	0	0	1	0	1	0
OG_16784	0	0	0	0	1	0	0	0	0	0	1	0
OG_16785	0	1	1	1	1	1	1	1	1	1	1	1
OG_16786	0	0	0	0	1	0	0	0	0	0	1	0
OG_16787	0	0	0	0	2	0	0	0	0	0	2	0
OG_16788	0	1	1	1	1	1	1	1	1	1	1	1
OG_16789	0	0	0	0	4	0	0	0	0	0	1	0
OG_16790	0	0	0	0	1	0	0	0	0	0	1	0
OG_16791	0	0	0	0	2	0	0	0	0	0	1	0
OG_16792	0	0	0	0	4	0	0	0	0	0	1	0
OG_16793	0	0	0	0	4	0	0	0	0	0	2	0
OG_16794	0	0	0	0	1	0	0	0	0	0	2	0
OG_16795	0	0	0	0	1	0	0	0	0	0	1	0
OG_16796	0	0	0	0	1	0	0	0	0	0	1	0
OG_16797	0	0	0	0	1	0	0	0	0	0	1	0
OG_16798	0	0	0	0	1	0	0	0	0	0	1	0
OG_16799	0	0	0	0	2	0	0	0	0	0	1	0
OG_16800	0	0	0	0	1	0	0	0	0	1	1	0
OG_16801	0	0	0	0	1	0	0	0	0	0	1	0
OG_16802	0	0	0	0	1	0	0	0	0	0	1	0
OG_16803	0	1	0	1	0	1	1	2	1	1	0	0
OG_16804	0	0	0	0	2	0	0	0	0	0	1	0
OG_16805	0	0	0	0	1	0	0	0	0	0	1	0
OG_16806	0	1	0	1	0	0	0	0	0	0	0	0
OG_16807	0	0	0	0	1	0	0	0	0	0	2	0
OG_16808	0	0	0	0	1	0	0	0	0	0	1	0
OG_16809	0	0	0	0	2	0	0	0	0	0	1	0
OG_16810	0	0	0	0	2	0	0	0	0	0	1	1
OG_16811	0	0	0	0	1	0	0	0	0	0	1	0
OG_16812	0	0	0	0	1	0	0	0	0	0	1	0
OG_16813	0	2	1	1	4	1	1	1	1	1	2	2
OG_16814	0	0	0	0	1	0	0	0	0	0	1	0
OG_16815	0	0	0	0	2	0	0	0	0	0	2	0
OG_16816	0	0	0	0	1	0	0	0	0	0	2	0
OG_16817	0	0	0	0	2	0	0	0	0	0	1	0
OG_16818	0	0	0	0	0	0	0	1	0	0	1	0
OG_16819	0	0	0	0	1	0	0	0	0	0	1	0
OG_16820	0	0	0	0	1	0	0	0	0	0	1	0
OG_16821	0	0	0	0	2	0	0	0	0	0	1	1
OG_16822	0	3	1	1	1	1	1	1	2	2	1	1
OG_16823	0	0	0	0	2	0	0	0	0	0	1	0
OG_16824	0	0	0	0	0	0	3	0	0	1	1	0
OG_16825	0	0	0	0	1	0	0	0	0	0	1	0
OG_16826	0	0	0	0	1	0	0	0	0	0	1	0
OG_16827	0	0	0	0	1	0	0	0	0	0	1	0
OG_16828	0	1	3	1	2	1	1	1	1	1	1	1
OG_16829	0	1	1	1	1	1	1	1	1	3	1	0
OG_16830	0	0	0	0	1	0	0	0	0	0	1	0
OG_16831	0	0	0	0	0	0	0	0	2	1	0	0
OG_16832	0	0	0	0	1	0	0	0	0	0	1	0
OG_16833	0	0	0	0	1	0	0	0	0	0	1	0
OG_16834	0	0	0	0	0	0	0	0	0	0	1	2
OG_16835	0	0	0	0	1	0	0	0	0	0	1	1
OG_16836	0	1	0	1	0	1	1	0	0	2	1	0
OG_16837	0	0	0	0	2	0	0	0	0	0	4	0
OG_16838	0	0	0	0	2	0	0	0	0	0	1	0
OG_16839	0	0	0	0	1	0	0	0	0	0	1	0
OG_16840	0	0	0	0	1	0	0	0	0	0	1	0
OG_16841	0	0	0	0	1	0	0	0	0	0	3	0
OG_16842	0	0	0	0	1	0	0	0	0	0	1	0
OG_16843	0	0	0	0	1	0	0	0	1	1	0	1
OG_16844	0	0	0	0	1	0	0	0	0	0	1	0
OG_16845	0	0	0	0	1	0	0	0	0	0	1	0
OG_16846	0	1	1	1	1	1	1	1	1	1	1	1
OG_16847	0	0	0	0	0	0	0	0	1	1	0	0
OG_16848	0	0	0	0	1	0	0	0	0	0	1	0
OG_16849	0	0	0	0	1	0	0	0	2	4	0	0
OG_16850	0	0	0	0	0	0	0	0	1	0	1	0
OG_16851	0	0	0	0	1	0	0	0	0	0	1	0
OG_16852	0	0	0	0	1	0	0	0	0	0	1	0
OG_16853	0	0	0	0	0	0	0	0	1	1	1	0
OG_16854	0	0	0	0	3	0	0	0	0	0	1	0
OG_16855	0	0	0	0	8	0	0	0	0	0	1	0
OG_16856	0	0	0	0	1	0	0	0	0	0	1	0
OG_16857	0	0	0	0	2	0	0	0	0	0	1	0
OG_16858	0	0	0	0	1	0	0	0	0	0	1	0
OG_16859	0	1	1	3	1	1	1	3	1	5	2	1
OG_16860	0	0	0	0	3	0	0	0	0	0	1	1
OG_16861	0	0	0	0	1	0	0	0	0	0	1	0
OG_16862	0	0	0	0	1	0	0	0	0	0	2	0
OG_16863	0	0	0	0	1	0	0	0	0	0	1	0
OG_16864	0	0	0	0	1	0	0	0	0	0	2	0
OG_16865	0	0	0	0	1	0	0	0	0	0	1	0
OG_16866	0	0	0	0	4	0	0	0	0	0	1	1
OG_16867	0	0	0	0	1	0	0	0	0	0	1	1
OG_16868	0	0	0	0	0	0	1	0	0	0	1	0
OG_16869	0	0	0	0	1	0	0	0	0	0	1	0
OG_16870	0	0	0	0	1	0	0	0	0	0	1	0
OG_16871	0	0	0	0	1	0	0	0	0	0	1	0
OG_16872	0	0	0	0	1	0	0	0	0	0	1	0
OG_16873	0	0	0	0	1	0	0	0	0	0	1	0
OG_16874	0	0	0	0	1	0	0	0	0	0	1	0
OG_16875	0	0	0	0	0	0	0	0	1	0	2	0
OG_16876	0	0	0	0	1	0	0	0	0	0	1	0
OG_16877	0	0	0	0	2	0	0	0	0	0	1	0
OG_16878	0	0	0	0	2	0	0	0	0	0	1	0
OG_16879	0	0	0	0	2	0	0	0	0	0	1	0
OG_16880	0	0	0	0	3	0	0	0	0	0	3	0
OG_16881	0	0	0	0	1	0	0	0	0	0	1	0
OG_16882	0	0	0	0	8	0	0	0	0	0	1	0
OG_16883	0	0	0	0	2	0	0	0	0	0	2	0
OG_16884	0	1	1	1	2	1	1	1	2	1	1	1
OG_16885	0	0	0	0	2	0	0	0	0	0	1	0
OG_16886	0	1	2	1	1	1	2	1	1	1	1	2
OG_16887	0	0	0	0	6	0	0	0	0	0	1	1
OG_16888	0	0	0	0	1	0	0	0	0	0	1	0
OG_16889	0	0	0	0	3	0	0	0	0	0	1	0
OG_16890	0	0	0	0	6	0	0	0	0	0	1	0
OG_16891	0	0	0	0	2	0	0	0	0	0	1	0
OG_16892	0	1	1	1	1	3	1	1	1	0	1	1
OG_16893	0	0	0	0	2	0	0	0	0	0	1	0
OG_16894	0	1	1	1	2	1	1	2	1	2	1	2
OG_16895	0	0	1	1	1	1	0	1	0	1	1	1
OG_16896	0	0	0	0	3	0	0	0	0	0	1	0
OG_16897	0	0	0	0	0	0	0	0	1	3	0	0
OG_16898	0	1	1	1	3	1	1	1	1	1	1	1
OG_16899	0	0	0	0	1	0	0	0	0	2	1	0
OG_16900	0	0	0	0	0	0	0	0	0	0	1	1
OG_16901	0	0	1	2	0	1	1	1	0	0	0	0
OG_16902	0	1	1	1	0	0	1	1	0	0	0	0
OG_16903	0	0	0	0	0	1	0	1	2	1	0	0
OG_16904	0	1	6	1	1	1	1	1	1	1	1	1
OG_16905	0	1	2	2	2	1	1	1	1	1	2	1
OG_16906	0	0	0	0	3	0	0	0	0	0	1	0
OG_16907	0	0	0	0	1	0	0	0	0	0	1	1
OG_16908	0	0	0	0	1	0	0	0	0	0	1	0
OG_16909	0	1	1	1	0	1	1	1	1	1	1	0
OG_16910	0	0	0	0	1	0	0	0	0	0	1	0
OG_16911	0	1	1	1	1	1	1	1	1	5	1	1
OG_16912	0	2	0	1	1	0	0	0	0	0	0	0
OG_16913	0	3	0	0	0	0	0	0	1	0	1	0
OG_16914	0	0	0	0	0	0	0	0	1	0	1	0
OG_16915	0	0	0	1	2	0	0	0	0	0	1	0
OG_16916	0	0	0	0	1	0	0	0	0	0	1	0
OG_16917	0	0	0	0	0	0	0	0	1	0	0	1
OG_16918	0	0	0	0	1	0	0	0	0	0	1	0
OG_16919	0	0	0	0	6	0	0	0	0	0	1	0
OG_16920	0	0	0	0	4	0	0	0	1	1	1	0
OG_16921	0	0	0	0	1	0	0	0	0	0	1	0
OG_16922	0	0	0	0	1	0	0	0	0	0	1	0
OG_16923	0	1	1	1	0	1	1	1	0	1	0	0
OG_16924	0	0	0	0	1	0	0	0	0	0	1	0
OG_16925	0	0	0	0	1	0	0	0	0	0	1	0
OG_16926	0	0	0	0	3	0	0	0	0	0	1	0
OG_16927	0	0	0	0	1	0	0	0	0	0	1	0
OG_16928	0	1	1	2	1	1	1	1	0	1	1	1
OG_16929	0	0	0	0	1	0	0	0	0	0	1	0
OG_16930	0	0	0	0	0	0	0	0	0	0	1	1
OG_16931	0	0	0	0	1	0	0	0	0	0	1	0
OG_16932	0	2	1	1	0	1	1	3	1	3	0	0
OG_16933	0	0	0	0	4	0	0	0	0	0	1	0
OG_16934	0	0	0	0	1	0	0	0	0	0	1	0
OG_16935	0	1	1	1	1	1	1	1	1	1	1	1
OG_16936	0	1	1	1	1	1	1	1	1	2	1	1
OG_16937	0	3	3	2	5	3	4	3	3	1	2	0
OG_16938	0	1	1	1	0	1	1	1	1	4	1	1
OG_16939	0	0	0	0	1	0	0	0	0	0	1	0
OG_16940	0	1	0	0	0	0	0	0	0	0	2	0
OG_16941	0	1	1	1	1	1	2	1	1	2	1	1
OG_16942	0	1	1	1	1	1	1	3	1	1	1	0
OG_16943	0	2	0	0	0	0	0	0	0	0	1	0
OG_16944	0	0	0	0	1	0	0	0	0	0	3	9
OG_16945	0	0	0	0	3	0	0	0	0	0	2	0
OG_16946	0	0	0	0	2	0	0	0	0	0	2	1
OG_16947	0	0	0	0	5	0	0	0	0	0	12	0
OG_16948	0	0	0	0	11	0	0	0	0	0	10	0
OG_16949	0	0	0	0	6	0	0	0	0	0	2	0
OG_16950	0	0	0	0	2	0	0	0	0	0	2	0
OG_16951	0	0	0	0	1	0	0	0	0	0	3	0
OG_16952	0	0	0	0	1	0	0	0	0	0	4	0
OG_16953	0	0	0	0	2	0	0	0	0	0	4	0
OG_16954	0	0	0	0	3	0	0	0	0	0	1	0
OG_16955	0	0	0	0	8	0	0	0	0	0	1	0
OG_16956	0	0	0	0	2	0	0	0	0	0	1	0
OG_16957	0	0	0	0	2	0	0	0	0	0	1	0
OG_16958	0	0	0	0	1	0	0	0	0	0	2	0
OG_16959	0	0	0	0	1	0	0	0	0	0	1	0
OG_16960	0	0	0	0	3	0	0	0	0	0	1	0
OG_16961	0	0	0	0	1	0	0	0	0	0	1	0
OG_16962	0	0	0	0	2	0	0	0	0	0	1	0
OG_16963	0	0	0	0	1	0	0	0	0	0	2	1
OG_16964	0	0	0	0	3	0	0	0	0	0	1	0
OG_16965	0	0	0	0	1	0	0	0	0	0	2	0
OG_16966	0	0	0	0	2	0	0	0	0	0	1	0
OG_16967	0	0	0	0	1	0	0	0	0	0	1	0
OG_16968	0	0	0	0	1	0	0	0	0	0	1	0
OG_16969	0	0	0	0	1	0	0	0	0	0	1	0
OG_16970	0	0	0	0	2	0	0	0	0	0	1	0
OG_16971	0	0	0	0	3	0	0	0	0	0	1	0
OG_16972	0	0	0	0	8	0	0	0	0	0	1	0
OG_16973	0	0	1	0	3	1	0	1	0	0	1	0
OG_16974	0	0	0	0	6	0	0	0	0	0	2	0
OG_16975	0	0	0	0	2	0	0	0	0	0	1	0
OG_16976	0	0	0	0	3	0	0	0	0	0	2	0
OG_16977	0	0	0	0	0	0	0	0	1	0	2	0
OG_16978	0	0	0	0	1	0	0	0	0	0	2	0
OG_16979	0	0	0	0	1	0	0	0	0	0	1	0
OG_16980	0	0	0	0	2	0	0	0	0	0	1	0
OG_16981	0	0	0	0	2	0	0	0	0	0	2	0
OG_16982	0	0	0	0	1	0	0	0	0	0	1	0
OG_16983	0	0	0	0	3	0	0	0	0	0	1	0
OG_16984	0	0	0	0	1	0	0	0	0	0	1	0
OG_16985	0	0	0	0	1	0	0	0	0	0	1	0
OG_16986	0	0	0	0	2	0	0	0	0	0	1	0
OG_16987	0	0	1	0	0	0	0	0	0	0	1	0
OG_16988	0	0	1	0	0	0	0	0	0	0	2	0
OG_16989	0	0	0	0	4	0	0	0	0	0	1	0
OG_16990	0	0	0	0	2	0	0	0	0	0	1	0
OG_16991	0	0	0	0	3	0	0	0	0	0	1	0
OG_16992	0	0	0	0	2	0	0	0	0	0	1	0
OG_16993	0	0	0	0	1	0	0	0	0	0	3	0
OG_16994	0	0	0	0	1	0	0	0	0	0	1	0
OG_16995	0	0	0	0	1	0	0	0	0	0	1	0
OG_16996	0	0	0	0	2	0	0	0	0	0	1	0
OG_16997	0	0	0	0	1	0	0	0	1	0	2	0
OG_16998	0	0	0	0	3	0	0	0	0	0	1	1
OG_16999	0	0	0	0	2	0	0	0	0	0	2	0
OG_17000	0	0	0	0	1	0	0	0	0	0	1	0
OG_17001	0	0	0	0	1	0	0	0	0	0	1	0
OG_17002	0	0	0	0	3	0	0	0	0	0	1	0
OG_17003	0	0	0	0	2	0	0	0	0	0	2	0
OG_17004	0	0	0	0	1	0	0	0	0	0	1	0
OG_17005	0	0	0	0	4	0	0	0	0	0	1	0
OG_17006	0	0	0	0	4	0	0	0	0	0	1	0
OG_17007	0	0	0	0	2	0	0	0	0	0	2	0
OG_17008	0	0	0	0	2	0	0	0	0	0	1	0
OG_17009	0	0	0	0	3	0	0	0	0	0	1	0
OG_17010	0	0	0	0	1	0	0	0	0	0	1	0
OG_17011	0	0	0	0	1	0	0	0	0	0	1	0
OG_17012	0	0	0	0	1	0	0	0	0	0	2	0
OG_17013	0	0	0	0	3	0	0	0	0	0	0	4
OG_17014	0	1	0	0	0	0	0	0	0	0	0	2
OG_17015	0	1	1	2	1	1	1	2	1	3	0	2
OG_17016	0	1	3	1	0	1	1	1	2	1	0	3
OG_17017	0	1	1	1	0	1	1	1	0	0	0	0
OG_17018	1	0	3	0	0	1	0	0	0	0	0	1
OG_17019	0	1	0	0	0	0	0	0	1	0	0	0
OG_17020	0	1	0	0	1	0	0	0	0	0	0	1
OG_17021	0	1	1	1	0	1	1	2	1	1	0	0
OG_17022	0	0	0	0	0	0	0	0	2	1	0	2
OG_17023	0	0	1	0	0	0	0	0	0	0	0	1
OG_17024	0	0	0	0	0	0	0	0	1	0	0	1
OG_17025	0	0	0	0	1	0	0	0	0	0	0	1
OG_17026	0	0	0	0	0	0	0	0	1	1	0	0
OG_17027	0	0	0	0	0	1	0	0	0	0	0	1
OG_17028	0	2	0	0	1	0	0	0	0	0	0	1
OG_17029	0	0	0	1	0	0	1	0	0	0	0	1
OG_17030	0	0	0	0	0	0	0	0	0	0	1	1
OG_17031	0	0	0	0	2	0	0	0	2	0	0	1
OG_17032	0	0	0	0	0	0	0	0	0	1	0	1
OG_17033	0	0	0	0	0	0	0	0	0	1	0	1
OG_17034	0	0	0	0	0	0	1	0	1	1	0	0
OG_17035	0	0	0	0	0	0	0	0	1	0	0	1
OG_17036	0	1	0	0	2	0	0	0	1	0	0	1
OG_17037	0	0	0	0	0	2	0	1	0	0	0	1
OG_17038	0	0	0	0	0	0	1	0	1	0	0	1
OG_17039	0	0	0	0	1	0	0	0	0	0	0	1
OG_17040	0	0	0	0	0	0	0	0	1	1	0	1
OG_17041	0	0	0	0	0	1	0	0	0	0	0	2
OG_17042	0	0	0	0	0	0	0	0	0	1	0	1
OG_17043	0	0	0	0	0	0	0	0	1	1	0	0
OG_17044	0	1	0	0	0	0	1	1	0	5	0	1
OG_17045	0	0	1	0	0	0	0	0	0	0	0	1
OG_17046	0	0	0	0	0	0	0	0	1	4	0	1
OG_17047	0	1	0	0	1	0	0	0	0	0	0	5
OG_17048	0	1	2	1	0	1	1	1	2	2	0	2
OG_17049	0	1	0	1	0	0	1	0	0	0	0	5
OG_17050	0	1	0	0	0	0	0	0	0	0	0	1
OG_17051	0	1	0	0	0	0	1	0	0	0	0	2
OG_17052	0	1	1	1	2	1	1	1	1	1	0	1
OG_17053	0	1	1	0	0	1	1	1	1	2	0	2
OG_17054	0	1	3	1	0	1	2	2	1	2	0	1
OG_17055	0	0	0	0	0	0	0	0	1	0	0	1
OG_17056	0	2	0	0	0	0	2	0	2	0	0	1
OG_17057	0	1	1	11	0	2	2	2	2	0	0	8
OG_17058	0	1	0	0	0	0	0	0	0	0	0	1
OG_17059	0	0	0	0	2	0	0	0	3	0	0	11
OG_17060	0	0	0	0	2	0	0	0	0	0	0	1
OG_17061	0	0	0	0	0	0	0	0	1	1	0	2
OG_17062	0	0	0	1	0	0	0	0	0	0	0	2
OG_17063	0	0	0	0	0	0	0	0	1	0	0	1
OG_17064	0	0	0	0	0	0	0	0	0	1	0	1
OG_17065	0	0	0	0	2	0	0	0	0	0	0	2
OG_17066	0	0	0	0	4	0	0	0	1	2	0	1
OG_17067	0	0	0	0	6	0	0	0	0	0	0	2
OG_17068	0	0	0	0	0	0	0	0	1	0	0	1
OG_17069	0	0	0	0	0	0	2	0	0	0	0	1
OG_17070	0	0	0	0	0	0	0	0	1	1	0	0
OG_17071	0	3	0	0	0	0	1	0	0	0	0	0
OG_17072	0	0	0	0	0	0	0	0	1	1	0	0
OG_17073	0	4	0	2	0	0	0	0	0	0	0	0
OG_17074	0	5	0	1	0	0	0	0	0	0	0	0
OG_17075	0	2	4	3	0	2	1	1	1	0	0	0
OG_17076	0	2	0	0	0	0	0	0	0	2	0	0
OG_17077	0	1	1	1	0	1	0	1	0	0	0	0
OG_17078	0	1	4	1	0	1	1	1	0	2	0	0
OG_17079	0	1	0	1	0	0	0	0	0	0	0	0
OG_17080	0	1	0	0	0	1	0	0	0	0	0	0
OG_17081	0	1	0	2	0	0	0	0	0	0	0	0
OG_17082	0	1	0	1	0	0	0	0	0	0	0	0
OG_17083	0	1	0	1	0	0	0	0	0	0	0	0
OG_17084	0	1	0	0	0	0	2	0	0	0	0	0
OG_17085	0	1	0	0	0	0	1	0	0	0	0	0
OG_17086	0	0	0	0	0	0	0	0	1	2	0	0
OG_17087	0	1	0	3	0	0	0	0	0	0	0	0
OG_17088	0	2	0	0	0	0	1	0	0	0	0	0
OG_17089	0	1	1	1	0	1	1	1	1	1	0	0
OG_17090	0	1	0	1	0	0	0	0	0	0	0	0
OG_17091	0	1	0	2	0	0	0	0	0	0	0	0
OG_17092	0	2	0	1	0	0	0	0	0	0	0	0
OG_17093	0	1	0	1	0	0	0	0	0	0	0	0
OG_17094	0	1	1	1	0	1	1	1	0	0	0	0
OG_17095	0	1	0	0	0	0	1	0	0	0	0	0
OG_17096	0	3	0	0	0	0	0	0	1	0	0	0
OG_17097	0	1	0	1	0	1	2	1	0	0	0	0
OG_17098	0	1	0	1	0	0	0	0	0	0	0	0
OG_17099	0	2	0	1	0	0	0	0	0	0	0	0
OG_17100	0	0	0	0	1	0	1	0	0	0	0	0
OG_17101	0	1	2	0	0	0	0	0	0	0	0	0
OG_17102	0	1	0	2	0	1	0	0	0	0	0	0
OG_17103	0	0	0	0	0	0	1	0	1	0	0	0
OG_17104	0	0	0	0	0	0	0	0	1	1	0	0
OG_17105	0	0	0	0	0	0	0	0	1	3	0	0
OG_17106	0	1	0	0	0	0	1	0	0	0	0	0
OG_17107	1	1	0	0	0	0	0	0	0	0	0	0
OG_17108	0	1	0	0	0	0	0	0	1	0	0	0
OG_17109	0	1	0	0	0	0	1	0	0	0	0	0
OG_17110	0	0	0	0	0	0	0	0	1	1	0	0
OG_17111	0	1	0	0	0	1	0	0	0	0	0	0
OG_17112	0	1	0	0	0	0	6	0	5	0	0	0
OG_17113	0	1	0	1	0	1	1	0	0	1	0	0
OG_17114	0	1	0	1	0	0	0	0	1	0	0	0
OG_17115	0	0	0	1	0	0	0	1	0	0	0	0
OG_17116	0	1	0	0	0	0	0	0	1	0	0	0
OG_17117	0	1	0	1	0	0	0	0	0	0	0	0
OG_17118	0	2	0	1	0	0	0	0	0	0	0	0
OG_17119	0	1	1	0	0	1	1	0	0	0	0	0
OG_17120	0	2	0	1	0	0	0	0	0	0	0	0
OG_17121	0	1	0	0	0	0	0	0	1	0	0	0
OG_17122	0	0	0	0	0	1	1	0	0	0	0	0
OG_17123	0	1	0	3	0	0	0	0	0	0	0	0
OG_17124	0	1	0	0	1	0	0	1	0	1	0	0
OG_17125	0	1	0	1	0	0	0	0	0	0	0	0
OG_17126	0	1	0	1	0	0	0	0	0	0	0	0
OG_17127	0	1	0	0	0	1	0	0	0	0	0	0
OG_17128	0	1	1	1	0	1	1	3	2	5	0	0
OG_17129	0	1	0	1	0	0	0	0	0	0	0	0
OG_17130	0	1	1	1	0	1	1	1	1	1	0	0
OG_17131	0	1	0	1	0	0	0	0	0	0	0	0
OG_17132	0	0	0	0	0	0	0	0	1	1	0	0
OG_17133	0	1	4	2	0	2	2	0	0	1	0	0
OG_17134	0	1	1	1	0	2	1	4	1	4	0	0
OG_17135	0	1	0	1	0	0	0	0	0	0	0	0
OG_17136	0	1	0	1	0	0	0	0	0	0	0	0
OG_17137	0	5	0	1	0	0	0	0	0	0	0	0
OG_17138	0	9	0	1	0	0	0	0	0	0	0	0
OG_17139	0	5	0	1	0	0	0	0	0	0	0	0
OG_17140	0	4	0	5	0	0	0	0	0	0	0	0
OG_17141	0	3	1	0	0	1	1	0	0	0	0	0
OG_17142	0	3	0	1	0	0	0	0	0	0	0	0
OG_17143	0	4	0	1	0	0	0	0	0	0	0	0
OG_17144	0	4	0	6	0	0	0	0	0	0	0	0
OG_17145	0	2	0	0	0	0	1	0	0	0	0	0
OG_17146	0	4	0	3	0	0	0	0	0	0	0	0
OG_17147	0	1	0	0	0	0	0	0	0	7	0	0
OG_17148	0	2	0	3	0	0	0	0	0	0	0	0
OG_17149	1	4	0	1	0	2	1	1	0	0	0	0
OG_17150	0	3	0	0	0	0	0	0	1	0	0	0
OG_17151	0	3	0	2	0	0	0	0	0	0	0	0
OG_17152	0	2	0	1	0	0	0	0	0	0	0	0
OG_17153	0	2	0	4	0	0	0	0	0	0	0	0
OG_17154	0	1	0	1	0	0	0	0	0	0	0	0
OG_17155	0	1	0	1	0	0	0	0	0	0	0	0
OG_17156	0	9	0	1	0	0	0	0	0	0	0	0
OG_17157	0	1	0	3	0	0	0	0	0	0	0	0
OG_17158	0	1	0	2	0	0	0	0	0	0	0	0
OG_17159	0	5	0	1	0	0	0	0	0	0	0	0
OG_17160	0	1	0	2	0	0	0	0	0	0	0	0
OG_17161	0	1	1	1	0	1	2	1	0	0	0	0
OG_17162	0	1	1	1	0	1	2	3	0	0	0	0
OG_17163	0	1	0	0	0	0	1	0	0	0	0	0
OG_17164	0	1	0	1	0	0	1	0	0	0	0	0
OG_17165	0	1	0	1	0	0	0	0	0	0	0	0
OG_17166	0	5	0	1	0	0	0	0	0	0	0	0
OG_17167	0	1	0	1	0	0	0	0	0	0	0	0
OG_17168	0	1	0	0	0	0	1	0	0	0	0	0
OG_17169	0	2	0	1	0	0	0	0	0	0	0	0
OG_17170	0	1	0	1	0	0	0	0	0	0	0	0
OG_17171	0	1	0	0	0	0	0	0	1	3	0	0
OG_17172	0	1	2	0	0	2	3	0	0	0	0	0
OG_17173	0	2	2	1	0	1	1	2	1	0	0	0
OG_17174	0	3	0	5	0	0	0	0	0	0	0	0
OG_17175	0	1	0	1	0	0	1	0	0	0	0	0
OG_17176	0	2	0	1	0	0	0	0	0	0	0	0
OG_17177	0	3	0	0	0	0	0	0	0	3	0	0
OG_17178	0	4	0	0	0	0	1	0	0	0	0	0
OG_17179	0	2	0	1	0	0	0	0	0	0	0	0
OG_17180	0	1	0	1	0	0	0	0	0	0	0	0
OG_17181	0	1	0	2	0	0	0	0	0	0	0	0
OG_17182	0	2	0	1	0	0	0	0	0	0	0	0
OG_17183	0	1	0	1	0	0	0	0	0	0	0	0
OG_17184	0	1	1	0	0	1	1	1	0	1	0	0
OG_17185	0	1	2	1	2	1	1	1	1	1	0	0
OG_17186	0	5	0	1	0	0	0	0	0	0	0	0
OG_17187	0	1	0	6	0	0	0	0	0	0	0	0
OG_17188	0	1	2	3	0	2	2	2	0	0	0	0
OG_17189	0	5	0	0	0	0	2	0	0	0	0	0
OG_17190	0	1	0	0	0	0	1	0	0	0	0	0
OG_17191	0	1	0	0	0	2	0	0	0	0	0	0
OG_17192	0	2	0	1	0	2	0	0	0	0	0	0
OG_17193	0	1	0	1	0	0	0	0	0	0	0	0
OG_17194	0	4	0	2	0	0	1	0	0	0	0	0
OG_17195	0	1	0	1	0	0	0	0	0	0	0	0
OG_17196	0	1	0	0	0	1	0	0	0	0	0	0
OG_17197	0	1	1	1	0	3	0	3	0	0	0	0
OG_17198	0	2	0	3	0	0	0	0	0	0	0	0
OG_17199	0	4	0	1	0	0	0	0	0	0	0	0
OG_17200	0	2	0	4	0	0	0	0	0	0	0	0
OG_17201	0	1	0	1	0	0	0	0	0	2	0	0
OG_17202	0	1	1	1	0	1	1	1	2	1	0	0
OG_17203	0	1	0	1	0	0	0	0	0	0	0	0
OG_17204	0	1	0	1	0	0	1	0	0	0	0	0
OG_17205	0	1	0	1	0	0	0	0	0	0	0	0
OG_17206	0	1	0	0	0	0	0	0	0	2	0	0
OG_17207	0	1	0	1	0	0	0	0	1	1	0	0
OG_17208	0	0	2	0	0	0	1	0	0	0	0	0
OG_17209	0	0	1	0	0	0	0	1	0	0	0	0
OG_17210	0	0	1	0	0	0	0	0	1	0	0	0
OG_17211	0	0	1	0	0	0	0	0	1	0	0	0
OG_17212	0	0	1	0	0	0	0	0	1	0	0	0
OG_17213	0	0	0	0	2	0	0	0	0	0	2	0
OG_17214	0	0	1	0	0	0	0	1	0	0	0	0
OG_17215	0	0	0	0	0	0	0	0	1	1	0	0
OG_17216	0	0	0	0	0	0	0	0	2	2	0	0
OG_17217	0	0	1	0	0	0	0	1	0	0	0	0
OG_17218	0	0	1	0	0	0	0	0	0	1	0	0
OG_17219	0	0	2	0	0	0	0	1	0	0	0	0
OG_17220	0	0	1	1	0	1	0	0	0	0	0	0
OG_17221	0	0	1	0	0	0	0	1	0	0	0	0
OG_17222	0	0	1	0	0	0	1	0	1	0	0	0
OG_17223	0	0	2	0	0	1	0	0	0	0	0	0
OG_17224	0	0	1	0	0	1	0	1	0	0	0	0
OG_17225	0	0	1	1	0	1	4	1	0	0	0	0
OG_17226	0	0	0	1	0	0	1	0	1	0	0	0
OG_17227	0	0	1	1	0	1	1	2	1	1	0	0
OG_17228	0	0	1	0	0	0	0	1	0	0	0	0
OG_17229	0	0	1	0	0	1	0	1	0	0	0	0
OG_17230	0	0	0	0	0	1	0	1	0	0	0	0
OG_17231	0	0	1	0	0	1	0	1	0	0	0	0
OG_17232	0	0	1	0	0	1	0	1	1	0	0	0
OG_17233	0	0	0	0	0	1	0	2	0	0	0	0
OG_17234	0	0	1	0	0	0	0	1	0	0	0	0
OG_17235	1	0	2	0	0	4	1	2	0	0	0	0
OG_17236	0	0	1	0	0	2	0	1	0	0	0	0
OG_17237	0	0	0	0	3	0	0	0	0	0	1	0
OG_17238	0	0	1	0	0	1	0	1	0	0	0	0
OG_17239	0	0	1	0	0	0	0	1	0	0	0	0
OG_17240	0	0	1	1	0	0	0	0	0	0	0	0
OG_17241	0	0	0	0	2	0	0	0	0	0	1	0
OG_17242	0	0	0	2	0	2	0	0	0	0	0	0
OG_17243	0	0	1	0	0	0	0	0	1	2	0	0
OG_17244	0	0	1	0	0	1	0	0	0	0	0	0
OG_17245	0	0	1	0	0	0	0	1	0	0	0	0
OG_17246	0	0	1	0	0	1	0	1	0	0	0	0
OG_17247	0	0	6	0	0	1	0	0	0	0	0	0
OG_17248	0	0	10	0	0	2	0	1	0	0	0	0
OG_17249	0	0	5	0	0	1	0	0	0	0	0	0
OG_17250	0	0	2	0	0	1	0	0	0	0	0	0
OG_17251	0	0	6	0	0	1	0	5	0	0	0	0
OG_17252	0	0	1	0	0	1	0	0	0	0	0	0
OG_17253	0	0	3	0	0	3	0	1	0	0	0	0
OG_17254	0	0	3	0	0	1	0	1	0	0	0	0
OG_17255	0	0	3	0	0	2	0	1	0	0	0	0
OG_17256	0	0	5	0	0	1	0	2	0	0	0	0
OG_17257	0	0	2	0	0	3	0	1	0	0	0	0
OG_17258	0	0	4	0	0	1	0	0	0	0	0	0
OG_17259	0	0	1	0	0	5	0	0	0	0	0	0
OG_17260	0	0	2	1	0	1	1	1	3	1	0	0
OG_17261	0	0	1	0	0	0	0	0	1	0	0	0
OG_17262	0	0	1	0	0	2	0	1	0	0	0	0
OG_17263	0	0	1	0	0	2	0	1	0	0	0	0
OG_17264	0	0	4	0	0	2	0	3	0	0	0	0
OG_17265	0	0	2	0	0	1	0	1	0	0	0	0
OG_17266	0	0	1	0	0	2	0	0	0	0	0	0
OG_17267	0	0	3	0	0	0	0	1	0	0	0	0
OG_17268	0	0	1	0	0	1	0	0	0	0	0	0
OG_17269	0	0	1	0	0	1	0	1	0	0	0	0
OG_17270	0	0	1	0	0	2	0	0	0	0	0	0
OG_17271	0	0	1	0	0	2	0	1	0	0	0	0
OG_17272	0	0	2	0	0	1	0	1	0	0	0	0
OG_17273	0	0	1	0	0	2	0	0	0	0	0	0
OG_17274	0	0	0	1	0	0	1	0	0	0	0	0
OG_17275	0	0	0	1	0	1	0	0	0	0	0	0
OG_17276	0	0	0	2	0	0	1	0	0	0	0	0
OG_17277	0	0	0	1	0	0	1	0	0	0	0	0
OG_17278	0	0	0	1	0	0	0	0	1	0	0	0
OG_17279	0	0	0	0	0	0	0	0	0	0	2	1
OG_17280	0	0	0	1	0	0	1	0	0	0	0	0
OG_17281	0	0	0	0	0	0	0	0	1	1	0	0
OG_17282	0	0	0	1	0	0	0	0	3	0	0	0
OG_17283	0	0	0	1	0	0	1	0	0	0	0	0
OG_17284	0	0	0	0	0	0	0	0	2	9	0	0
OG_17285	0	0	0	1	0	0	1	0	0	0	0	0
OG_17286	0	0	0	1	0	0	1	0	0	0	0	0
OG_17287	0	0	0	1	0	2	0	0	0	0	0	0
OG_17288	0	1	0	0	0	0	0	0	2	0	0	0
OG_17289	0	0	0	2	0	0	1	0	0	0	0	0
OG_17290	0	0	0	1	0	0	2	0	0	0	0	0
OG_17291	0	0	0	2	0	0	0	0	2	0	0	0
OG_17292	0	0	0	2	0	0	0	0	3	0	0	0
OG_17293	0	0	0	3	0	0	0	0	1	0	0	0
OG_17294	0	0	0	1	0	0	0	0	1	0	0	0
OG_17295	0	0	0	2	0	0	1	0	0	0	0	0
OG_17296	0	0	0	2	0	1	1	0	0	0	0	0
OG_17297	0	0	0	1	0	0	0	0	0	2	0	0
OG_17298	0	0	0	1	0	0	0	0	0	4	0	0
OG_17299	0	0	0	4	0	0	1	0	0	0	0	0
OG_17300	0	0	0	1	0	0	0	0	0	2	0	0
OG_17301	0	0	0	1	0	0	0	0	0	1	0	0
OG_17302	0	0	0	1	0	2	1	0	0	0	0	0
OG_17303	0	0	0	0	0	0	0	0	2	1	0	0
OG_17304	0	0	0	0	3	0	0	0	0	0	2	0
OG_17305	0	0	0	0	0	0	0	0	2	1	0	0
OG_17306	0	0	0	0	1	0	0	0	0	0	1	0
OG_17307	0	0	0	0	2	0	1	0	0	0	0	0
OG_17308	0	0	0	0	4	0	0	0	1	17	0	0
OG_17309	0	0	0	0	0	1	0	1	0	0	0	0
OG_17310	0	0	0	0	0	0	1	0	0	1	0	0
OG_17311	1	0	0	0	0	2	0	0	0	0	0	0
OG_17312	0	0	0	0	0	1	1	0	0	0	0	0
OG_17313	0	0	0	0	0	1	0	1	0	0	0	0
OG_17314	0	0	0	0	0	1	0	1	0	0	0	0
OG_17315	0	0	0	0	0	0	0	0	0	0	1	1
OG_17316	0	0	0	0	0	2	0	1	0	0	0	0
OG_17317	0	0	0	0	0	1	0	2	0	0	0	0
OG_17318	0	0	0	0	0	1	0	1	0	0	0	0
OG_17319	0	0	0	0	0	1	0	1	0	0	0	0
OG_17320	0	0	0	0	0	1	0	1	2	1	0	0
OG_17321	0	0	0	0	0	1	0	1	0	0	0	0
OG_17322	0	0	0	0	0	1	0	2	0	0	0	0
OG_17323	0	0	0	0	0	2	0	1	0	0	0	0
OG_17324	0	0	0	0	0	1	0	1	0	0	0	0
OG_17325	0	0	0	0	0	1	0	1	0	0	0	0
OG_17326	0	0	0	0	0	1	0	1	0	0	0	0
OG_17327	0	0	0	0	0	1	0	2	0	0	0	0
OG_17328	0	0	0	0	0	2	0	1	0	0	0	0
OG_17329	0	0	0	0	0	1	1	0	0	2	0	0
OG_17330	0	0	0	0	0	1	2	0	0	0	0	0
OG_17331	0	0	0	0	0	1	0	3	0	0	0	0
OG_17332	0	0	0	0	0	0	1	1	0	0	0	0
OG_17333	0	0	0	0	0	0	0	0	1	1	0	0
OG_17334	0	0	0	0	0	0	1	0	1	0	0	0
OG_17335	0	0	0	0	0	0	1	0	0	1	0	0
OG_17336	0	0	0	0	0	0	0	0	1	1	0	0
OG_17337	0	0	0	0	0	0	0	0	2	1	0	0
OG_17338	0	0	0	0	0	0	3	0	1	0	0	0
OG_17339	0	0	0	0	0	0	1	0	1	0	0	0
OG_17340	0	0	0	0	0	0	0	0	1	1	0	0
OG_17341	0	0	0	0	0	0	0	0	1	1	0	0
OG_17342	0	0	0	0	0	0	1	0	0	1	0	0
OG_17343	0	0	0	0	0	0	1	0	0	1	0	0
OG_17344	0	0	0	0	0	0	0	1	0	1	0	0
OG_17345	0	0	0	0	0	0	0	1	1	0	0	0
OG_17346	0	0	0	0	0	0	0	0	1	2	0	0
OG_17347	0	0	0	0	0	0	0	0	1	2	0	0
OG_17348	0	0	0	0	0	0	0	0	0	1	0	1
OG_17349	0	0	0	0	0	0	0	0	1	1	0	0
OG_17350	0	0	0	0	0	0	0	0	1	1	0	0
OG_17351	0	0	0	0	0	0	0	0	1	1	0	0
OG_17352	0	0	0	0	0	0	0	0	1	1	0	0
OG_17353	0	0	0	0	0	0	0	0	1	1	0	0
OG_17354	0	0	0	0	0	0	0	0	1	2	0	1
OG_17355	0	0	0	0	0	0	0	0	1	2	0	0
OG_17356	0	0	0	0	0	0	0	0	2	1	0	0
OG_17357	0	0	0	0	0	0	0	0	1	1	0	0
OG_17358	0	0	0	0	0	0	0	0	2	3	0	0
OG_17359	0	0	0	0	0	0	0	0	1	1	0	0
OG_17360	0	0	0	0	0	0	0	0	2	1	0	0
OG_17361	0	0	0	0	0	0	0	0	1	1	0	0
OG_17362	0	0	0	0	0	0	0	0	1	1	0	0
OG_17363	0	0	0	0	0	0	0	0	1	2	0	0
OG_17364	0	0	0	0	0	0	0	0	1	1	0	0
OG_17365	0	0	0	0	0	0	0	0	1	1	0	0
OG_17366	0	0	0	0	0	0	0	0	1	1	0	0
OG_17367	0	0	0	0	0	0	0	0	1	1	0	0
OG_17368	0	0	0	0	0	0	0	0	1	1	0	0
OG_17369	0	0	0	0	0	0	0	0	1	1	0	0
OG_17370	0	0	0	0	0	0	0	0	1	1	0	0
OG_17371	0	0	0	0	0	0	0	0	1	1	0	0
OG_17372	0	0	0	0	0	0	0	0	1	3	0	0
OG_17373	0	0	0	0	0	0	0	0	1	1	0	0
OG_17374	0	0	0	0	0	0	0	0	1	1	0	0
OG_17375	0	0	0	0	0	0	0	0	1	1	0	0
OG_17376	0	0	0	0	0	0	0	0	1	5	0	0
OG_17377	0	0	0	0	0	0	0	0	1	1	0	0
OG_17378	0	0	0	0	0	0	0	0	1	1	0	0
OG_17379	0	0	0	0	0	0	0	0	3	2	0	0
OG_17380	0	0	0	0	0	0	0	0	2	2	0	0
OG_17381	0	0	0	0	0	0	0	0	1	1	0	0
OG_17382	0	0	0	0	0	0	0	0	2	1	0	0
OG_17383	0	0	0	0	0	0	0	0	2	2	0	0
OG_17384	0	0	0	0	0	0	0	0	2	2	0	0
OG_17385	0	0	0	0	0	0	0	0	2	1	0	0
OG_17386	0	0	0	0	0	0	0	0	1	1	0	0
OG_17387	0	0	0	0	0	0	0	0	1	1	0	0
OG_17388	0	0	0	0	0	0	0	0	1	1	0	0
OG_17389	0	0	0	0	0	0	0	0	2	5	0	0
OG_17390	0	0	0	0	0	0	0	0	2	1	0	0
OG_17391	0	0	0	0	0	0	0	0	1	1	0	0
OG_17392	0	0	0	0	0	0	0	0	1	3	0	0
OG_17393	0	0	0	0	0	0	0	0	1	2	0	0
