#OG_name	nb_species	nb_reduced_prot	nb_all_prot	clustering_coefficient
OG_1	12	12	13	1.0
OG_2	11	11	13	1.0
OG_3	11	13	14	1.0
OG_4	12	12	19	1.0
OG_5	10	11	12	1.0
OG_6	12	21	35	0.7238
OG_7	12	12	16	1.0
OG_8	12	12	14	1.0
OG_9	12	12	14	1.0
OG_10	12	12	18	1.0
OG_11	12	13	16	1.0
OG_12	11	228	364	0.1511
OG_13	12	18	19	0.9477
OG_14	11	20	24	0.9211
OG_15	10	10	11	1.0
OG_16	10	23	25	0.7589
OG_17	9	9	9	1.0
OG_18	10	17	20	0.7941
OG_19	12	14	16	0.989
OG_20	12	16	20	1.0
OG_21	12	13	17	1.0
OG_22	10	14	22	1.0
OG_23	12	14	16	1.0
OG_24	10	42	49	0.4495
OG_25	10	24	30	0.8043
OG_26	10	13	13	1.0
OG_27	11	12	15	1.0
OG_28	12	14	17	1.0
OG_29	6	6	6	1.0
OG_30	11	11	11	1.0
OG_31	7	9	9	1.0
OG_32	7	7	7	1.0
OG_33	11	14	15	1.0
OG_34	9	11	15	1.0
OG_35	9	12	16	1.0
OG_36	7	17	22	0.9706
OG_37	12	14	24	1.0
OG_38	12	12	14	1.0
OG_39	12	15	18	1.0
OG_40	11	11	21	1.0
OG_41	6	102	105	0.4178
OG_42	12	23	32	1.0
OG_43	10	13	13	1.0
OG_44	8	25	27	0.7333
OG_45	12	19	24	0.9064
OG_46	10	10	12	1.0
OG_47	11	230	261	0.1224
OG_48	12	26	28	1.0
OG_49	9	19	23	0.8889
OG_50	9	9	11	1.0
OG_51	12	24	30	1.0
OG_52	9	13	15	0.6795
OG_53	11	11	16	1.0
OG_54	12	12	16	1.0
OG_55	12	341	355	0.1499
OG_56	12	77	85	0.623
OG_57	9	9	13	1.0
OG_58	10	10	16	1.0
OG_59	12	13	15	1.0
OG_60	12	18	22	1.0
OG_61	11	13	13	1.0
OG_62	10	11	17	1.0
OG_63	11	11	12	1.0
OG_64	12	12	51	1.0
OG_65	2	5	6	1.0
OG_66	12	13	13	1.0
OG_67	11	12	15	1.0
OG_68	11	11	11	1.0
OG_69	12	12	12	1.0
OG_70	6	7	7	1.0
OG_71	11	52	56	0.6946
OG_72	12	895	954	0.0483
OG_73	12	14	15	1.0
OG_74	11	39	57	0.9244
OG_75	3	4	4	1.0
OG_76	12	12	13	1.0
OG_77	9	14	20	1.0
OG_78	10	89	101	0.5787
OG_79	12	13	15	1.0
OG_80	11	11	16	1.0
OG_81	12	15	23	0.781
OG_82	10	14	16	1.0
OG_83	12	13	20	1.0
OG_84	12	231	300	0.2609
OG_85	12	14	19	1.0
OG_86	8	9	11	1.0
OG_87	11	11	11	1.0
OG_88	10	11	17	1.0
OG_89	12	13	13	1.0
OG_90	11	11	16	1.0
OG_91	12	12	14	1.0
OG_92	12	16	16	1.0
OG_93	12	12	16	1.0
OG_94	12	16	21	1.0
OG_95	11	81	90	0.4333
OG_96	11	12	14	1.0
OG_97	9	11	11	1.0
OG_98	12	12	14	1.0
OG_99	5	9	9	1.0
OG_100	12	12	13	1.0
OG_101	2	4	4	1.0
OG_102	8	9	10	1.0
OG_103	4	12	12	0.697
OG_104	5	24	32	0.5036
OG_105	10	35	35	0.9899
OG_106	11	12	13	1.0
OG_107	12	14	18	1.0
OG_108	11	11	11	1.0
OG_109	12	61	73	0.871
OG_110	8	8	9	1.0
OG_111	12	12	13	1.0
OG_112	2	9	14	0.8889
OG_113	12	150	171	0.3532
OG_114	9	9	12	1.0
OG_115	12	22	25	0.5498
OG_116	7	13	22	1.0
OG_117	12	13	17	1.0
OG_118	3	7	7	0.8095
OG_119	7	21	23	0.9048
OG_120	8	8	9	1.0
OG_121	11	11	14	1.0
OG_122	9	11	12	1.0
OG_123	8	12	13	0.8333
OG_124	12	381	412	0.1377
OG_125	10	16	16	0.625
OG_126	11	19	20	1.0
OG_127	9	12	19	1.0
OG_128	8	9	10	1.0
OG_129	2	10	11	0.6889
OG_130	6	15	15	0.981
OG_131	5	18	19	0.6405
OG_132	9	76	96	0.393
OG_133	12	13	14	1.0
OG_134	12	19	20	0.7368
OG_135	11	13	14	1.0
OG_136	12	13	21	1.0
OG_137	3	4	4	1.0
OG_138	9	20	26	0.9105
OG_139	9	13	13	1.0
OG_140	12	21	41	0.7619
OG_141	7	13	16	0.5256
OG_142	12	15	16	1.0
OG_143	12	12	13	1.0
OG_144	11	17	17	1.0
OG_145	7	11	11	0.7273
OG_146	12	13	14	1.0
OG_147	8	8	13	1.0
OG_148	12	13	16	1.0
OG_149	12	13	16	1.0
OG_150	9	13	16	1.0
OG_151	10	12	17	1.0
OG_152	12	13	14	1.0
OG_153	12	306	380	0.2211
OG_154	2	13	14	0.6923
OG_155	6	18	21	0.5033
OG_156	11	25	29	0.9933
OG_157	12	15	20	1.0
OG_158	11	12	13	1.0
OG_159	10	13	15	1.0
OG_160	11	11	13	1.0
OG_161	12	12	13	1.0
OG_162	10	10	12	1.0
OG_163	7	19	20	0.6784
OG_164	12	13	13	1.0
OG_165	10	10	12	1.0
OG_166	6	7	7	1.0
OG_167	12	15	16	1.0
OG_168	12	12	12	1.0
OG_169	9	9	9	1.0
OG_170	10	11	11	0.8909
OG_171	10	31	31	0.9613
OG_172	4	10	10	1.0
OG_173	12	222	229	0.1793
OG_174	12	21	38	1.0
OG_175	12	14	18	1.0
OG_176	12	46	49	1.0
OG_177	11	11	11	1.0
OG_178	7	8	13	1.0
OG_179	12	12	15	1.0
OG_180	12	14	16	1.0
OG_181	10	11	14	1.0
OG_182	12	238	279	0.356
OG_183	9	15	23	1.0
OG_184	9	9	9	1.0
OG_185	12	16	17	0.875
OG_186	10	34	39	1.0
OG_187	10	10	15	1.0
OG_188	12	13	14	1.0
OG_189	10	10	12	1.0
OG_190	11	11	12	1.0
OG_191	12	12	12	1.0
OG_192	11	526	703	0.071
OG_193	12	13	14	1.0
OG_194	12	12	12	1.0
OG_195	8	8	11	1.0
OG_196	11	12	13	1.0
OG_197	6	6	6	0.6667
OG_198	9	12	16	1.0
OG_199	9	30	36	0.6897
OG_200	12	12	12	1.0
OG_201	11	29	30	0.8645
OG_202	11	40	48	1.0
OG_203	11	68	100	0.6234
OG_204	8	11	23	0.9273
OG_205	8	59	62	0.6546
OG_206	8	79	103	0.6368
OG_207	2	5	5	1.0
OG_208	12	1200	1612	0.0222
OG_209	10	147	159	0.3441
OG_210	2	7	7	0.9048
OG_211	4	22	37	0.658
OG_212	12	12	20	1.0
OG_213	8	143	170	0.1327
OG_214	12	12	15	1.0
OG_215	7	8	9	1.0
OG_216	10	11	11	1.0
OG_217	12	607	677	0.0805
OG_218	11	49	51	0.8937
OG_219	12	15	17	1.0
OG_220	7	8	10	1.0
OG_221	6	18	20	0.915
OG_222	12	29	31	0.6453
OG_223	7	7	7	1.0
OG_224	12	12	13	1.0
OG_225	6	6	7	1.0
OG_226	10	15	24	0.7143
OG_227	12	15	31	1.0
OG_228	8	11	11	1.0
OG_229	12	17	18	1.0
OG_230	12	12	24	1.0
OG_231	12	15	25	1.0
OG_232	5	5	5	1.0
OG_233	12	258	294	0.2316
OG_234	11	109	132	0.4733
OG_235	9	13	15	1.0
OG_236	3	5	10	1.0
OG_237	7	7	7	1.0
OG_238	12	13	20	1.0
OG_239	12	19	23	1.0
OG_240	11	11	11	1.0
OG_241	8	14	15	0.8681
OG_242	9	81	105	0.8812
OG_243	12	14	16	1.0
OG_244	11	19	32	0.9357
OG_245	12	13	15	1.0
OG_246	4	4	4	1.0
OG_247	12	13	16	1.0
OG_248	10	11	11	1.0
OG_249	9	10	12	1.0
OG_250	7	25	26	0.5167
OG_251	12	16	16	0.7667
OG_252	11	12	14	0.8788
OG_253	9	9	10	1.0
OG_254	11	215	248	0.1573
OG_255	12	235	288	0.1978
OG_256	12	32	37	0.875
OG_257	2	6	6	1.0
OG_258	12	14	15	0.7582
OG_259	11	11	11	1.0
OG_260	12	12	15	1.0
OG_261	12	180	206	0.3738
OG_262	9	10	10	1.0
OG_263	6	9	9	1.0
OG_264	6	31	42	0.6344
OG_265	6	17	20	0.7574
OG_266	6	7	7	1.0
OG_267	11	11	12	0.9818
OG_268	10	271	335	0.1575
OG_269	9	189	202	0.2124
OG_270	11	13	13	0.9615
OG_271	11	1271	1824	0.0279
OG_272	7	11	11	1.0
OG_273	12	13	19	1.0
OG_274	10	10	10	1.0
OG_275	8	20	21	1.0
OG_276	5	5	5	1.0
OG_277	7	17	17	1.0
OG_278	12	12	40	1.0
OG_279	9	9	9	1.0
OG_280	5	29	30	0.931
OG_281	11	20	23	0.8211
OG_282	10	28	33	0.9206
OG_283	11	11	12	1.0
OG_284	2	4	4	1.0
OG_285	12	105	127	0.3295
OG_286	12	14	15	1.0
OG_287	10	10	13	1.0
OG_288	12	14	14	1.0
OG_289	7	52	69	0.2813
OG_290	8	64	101	0.4588
OG_291	12	15	16	0.9143
OG_292	12	12	13	1.0
OG_293	10	10	13	1.0
OG_294	12	15	20	1.0
OG_295	12	780	969	0.0343
OG_296	12	109	125	0.4298
OG_297	11	30	33	1.0
OG_298	8	8	8	1.0
OG_299	10	45	50	0.5222
OG_300	11	12	12	1.0
OG_301	9	19	19	1.0
OG_302	11	13	22	0.859
OG_303	6	6	6	1.0
OG_304	11	11	12	1.0
OG_305	3	4	4	1.0
OG_306	11	380	420	0.0966
OG_307	10	10	10	1.0
OG_308	8	9	9	1.0
OG_309	8	14	16	1.0
OG_310	9	16	21	1.0
OG_311	6	6	6	1.0
OG_312	6	6	6	1.0
OG_313	12	87	98	0.6862
OG_314	12	14	15	1.0
OG_315	11	16	16	1.0
OG_316	6	6	6	1.0
OG_317	11	17	23	1.0
OG_318	9	10	14	1.0
OG_319	9	12	12	1.0
OG_320	12	12	16	1.0
OG_321	12	70	82	0.477
OG_322	8	8	12	1.0
OG_323	3	8	9	0.7143
OG_324	12	12	16	1.0
OG_325	12	12	15	1.0
OG_326	12	19	23	1.0
OG_327	12	13	19	1.0
OG_328	12	263	288	0.3013
OG_329	12	64	79	0.8527
OG_330	6	7	7	0.8571
OG_331	11	77	97	0.379
OG_332	12	13	16	1.0
OG_333	11	11	19	1.0
OG_334	7	16	16	0.9167
OG_335	11	13	15	1.0
OG_336	12	13	17	0.8462
OG_337	12	13	14	1.0
OG_338	12	15	23	1.0
OG_339	12	27	33	1.0
OG_340	9	9	10	1.0
OG_341	12	15	18	0.981
OG_342	11	13	13	0.8718
OG_343	12	121	136	0.5175
OG_344	12	12	12	1.0
OG_345	12	12	14	1.0
OG_346	12	12	14	1.0
OG_347	12	17	23	0.5515
OG_348	12	21	32	1.0
OG_349	12	12	14	1.0
OG_350	12	14	15	0.7582
OG_351	12	13	14	1.0
OG_352	12	13	24	1.0
OG_353	12	12	21	1.0
OG_354	9	10	10	1.0
OG_355	12	21	39	1.0
OG_356	7	8	8	1.0
OG_357	10	10	13	1.0
OG_358	8	8	9	1.0
OG_359	11	13	13	1.0
OG_360	12	91	96	0.4139
OG_361	11	12	18	1.0
OG_362	6	14	26	0.5275
OG_363	12	12	18	1.0
OG_364	12	15	15	0.7714
OG_365	12	13	15	1.0
OG_366	10	10	11	1.0
OG_367	12	16	16	0.7833
OG_368	12	13	17	1.0
OG_369	9	9	23	1.0
OG_370	4	20	29	0.7789
OG_371	11	11	14	1.0
OG_372	12	13	14	1.0
OG_373	12	15	24	1.0
OG_374	12	16	17	1.0
OG_375	11	12	14	1.0
OG_376	11	11	20	1.0
OG_377	12	16	31	0.7833
OG_378	10	11	11	1.0
OG_379	7	43	74	0.7442
OG_380	6	6	6	1.0
OG_381	12	13	15	0.859
OG_382	11	11	13	1.0
OG_383	10	12	14	1.0
OG_384	10	11	11	1.0
OG_385	11	64	68	0.5972
OG_386	12	13	17	1.0
OG_387	10	10	10	1.0
OG_388	9	9	9	1.0
OG_389	12	18	25	1.0
OG_390	12	13	16	1.0
OG_391	9	12	13	0.8636
OG_392	11	12	14	1.0
OG_393	12	210	237	0.3407
OG_394	12	14	15	1.0
OG_395	10	10	10	1.0
OG_396	12	12	15	1.0
OG_397	11	12	22	0.8485
OG_398	8	11	14	1.0
OG_399	12	15	17	1.0
OG_400	12	12	37	1.0
OG_401	9	10	21	1.0
OG_402	5	6	6	1.0
OG_403	7	37	38	0.6036
OG_404	6	24	28	0.9203
OG_405	5	57	80	0.4073
OG_406	12	219	261	0.3027
OG_407	12	14	17	0.8791
OG_408	12	12	14	1.0
OG_409	2	5	5	1.0
OG_410	9	17	19	0.7426
OG_411	12	12	12	1.0
OG_412	10	20	23	1.0
OG_413	12	13	15	1.0
OG_414	12	15	20	1.0
OG_415	3	10	11	0.8667
OG_416	8	8	9	1.0
OG_417	9	11	13	0.7091
OG_418	6	22	26	0.7446
OG_419	12	14	19	1.0
OG_420	7	18	26	0.9346
OG_421	11	32	38	1.0
OG_422	12	16	20	1.0
OG_423	10	119	124	0.5419
OG_424	5	10	13	1.0
OG_425	4	10	12	0.8667
OG_426	12	17	18	1.0
OG_427	12	368	493	0.1644
OG_428	12	341	430	0.1315
OG_429	12	12	12	1.0
OG_430	10	39	44	0.8057
OG_431	6	6	6	1.0
OG_432	3	6	6	1.0
OG_433	12	13	13	1.0
OG_434	12	13	16	1.0
OG_435	10	11	13	1.0
OG_436	5	5	5	1.0
OG_437	12	17	21	0.7353
OG_438	8	8	8	1.0
OG_439	9	250	326	0.1993
OG_440	12	13	16	1.0
OG_441	12	13	13	1.0
OG_442	8	8	9	1.0
OG_443	11	14	17	1.0
OG_444	12	219	253	0.3096
OG_445	9	22	26	1.0
OG_446	10	20	27	0.9211
OG_447	11	14	16	1.0
OG_448	12	13	17	1.0
OG_449	12	12	16	1.0
OG_450	9	9	10	1.0
OG_451	12	12	12	1.0
OG_452	12	168	194	0.4839
OG_453	11	47	50	0.8511
OG_454	12	12	13	1.0
OG_455	12	14	17	1.0
OG_456	9	11	11	0.8364
OG_457	12	13	14	1.0
OG_458	7	13	15	1.0
OG_459	5	21	21	0.9095
OG_460	2	9	9	0.9167
OG_461	11	12	16	1.0
OG_462	9	26	39	0.9231
OG_463	11	13	17	1.0
OG_464	12	26	28	0.8923
OG_465	7	13	29	1.0
OG_466	9	10	13	1.0
OG_467	10	10	12	0.8667
OG_468	11	27	29	0.7635
OG_469	12	12	18	1.0
OG_470	12	230	250	0.2264
OG_471	11	23	30	1.0
OG_472	12	14	16	1.0
OG_473	12	17	24	1.0
OG_474	12	31	48	1.0
OG_475	12	13	13	1.0
OG_476	12	22	26	1.0
OG_477	11	15	33	1.0
OG_478	12	13	15	1.0
OG_479	12	12	12	1.0
OG_480	11	12	13	1.0
OG_481	12	46	58	0.8821
OG_482	12	13	14	1.0
OG_483	11	11	17	1.0
OG_484	11	12	12	1.0
OG_485	11	39	42	0.9501
OG_486	11	12	15	0.8485
OG_487	12	45	69	0.6131
OG_488	10	10	10	1.0
OG_489	12	12	17	1.0
OG_490	6	6	6	1.0
OG_491	6	8	10	1.0
OG_492	9	10	10	0.8222
OG_493	7	7	7	1.0
OG_494	7	7	7	1.0
OG_495	10	10	14	1.0
OG_496	11	11	11	1.0
OG_497	9	14	14	1.0
OG_498	6	12	14	1.0
OG_499	12	92	94	0.5105
OG_500	11	148	171	0.1915
OG_501	12	16	17	1.0
OG_502	5	61	74	0.5257
OG_503	10	10	15	1.0
OG_504	4	4	4	1.0
OG_505	7	8	9	1.0
OG_506	10	16	23	0.95
OG_507	12	95	113	0.7772
OG_508	11	12	12	1.0
OG_509	12	12	14	1.0
OG_510	11	11	15	1.0
OG_511	12	14	16	1.0
OG_512	12	12	13	1.0
OG_513	12	44	46	0.3953
OG_514	4	13	14	0.9744
OG_515	12	15	16	1.0
OG_516	10	14	14	1.0
OG_517	12	13	15	1.0
OG_518	12	12	13	1.0
OG_519	12	13	18	1.0
OG_520	12	12	22	1.0
OG_521	12	437	606	0.122
OG_522	10	10	14	1.0
OG_523	12	13	19	1.0
OG_524	12	14	20	1.0
OG_525	11	20	22	1.0
OG_526	11	12	22	1.0
OG_527	7	17	19	1.0
OG_528	5	5	5	1.0
OG_529	12	12	13	1.0
OG_530	10	10	14	1.0
OG_531	12	88	101	0.7834
OG_532	12	13	15	0.7436
OG_533	12	89	191	0.631
OG_534	12	13	16	1.0
OG_535	9	9	9	1.0
OG_536	12	12	13	1.0
OG_537	12	14	14	1.0
OG_538	11	14	18	1.0
OG_539	10	11	11	1.0
OG_540	6	7	8	1.0
OG_541	7	7	7	1.0
OG_542	8	8	8	1.0
OG_543	12	12	12	1.0
OG_544	12	14	18	0.7582
OG_545	9	10	13	1.0
OG_546	11	12	16	1.0
OG_547	7	14	14	1.0
OG_548	12	46	63	0.9217
OG_549	7	8	8	1.0
OG_550	10	16	26	0.8917
OG_551	12	12	14	1.0
OG_552	6	9	12	1.0
OG_553	12	67	79	0.815
OG_554	12	14	17	1.0
OG_555	12	12	12	1.0
OG_556	9	9	9	1.0
OG_557	9	10	12	0.8222
OG_558	11	65	71	0.8567
OG_559	7	14	14	0.8901
OG_560	12	13	15	0.8846
OG_561	9	9	9	1.0
OG_562	12	15	19	0.9048
OG_563	10	10	12	1.0
OG_564	9	9	13	1.0
OG_565	7	17	17	1.0
OG_566	4	6	6	1.0
OG_567	12	22	27	0.9697
OG_568	12	19	20	1.0
OG_569	12	14	15	1.0
OG_570	12	14	15	1.0
OG_571	12	13	15	1.0
OG_572	6	11	12	0.9818
OG_573	11	11	21	1.0
OG_574	12	12	14	1.0
OG_575	12	12	14	1.0
OG_576	8	9	10	1.0
OG_577	11	11	25	1.0
OG_578	10	110	127	0.541
OG_579	9	48	54	0.781
OG_580	12	249	364	0.299
OG_581	9	13	16	1.0
OG_582	9	30	31	0.8483
OG_583	6	7	9	1.0
OG_584	9	9	15	1.0
OG_585	11	11	12	1.0
OG_586	7	7	7	0.619
OG_587	11	30	44	0.823
OG_588	9	9	10	1.0
OG_589	11	32	34	1.0
OG_590	12	12	12	1.0
OG_591	11	16	29	0.625
OG_592	12	13	14	1.0
OG_593	10	10	10	1.0
OG_594	12	12	14	1.0
OG_595	11	12	18	1.0
OG_596	10	42	62	0.9559
OG_597	12	14	16	1.0
OG_598	9	10	11	1.0
OG_599	10	12	13	1.0
OG_600	9	10	10	1.0
OG_601	11	11	16	1.0
OG_602	12	20	21	1.0
OG_603	12	20	36	1.0
OG_604	11	13	17	1.0
OG_605	7	63	66	0.5899
OG_606	4	15	34	0.8571
OG_607	9	9	9	1.0
OG_608	9	17	19	1.0
OG_609	12	12	20	1.0
OG_610	11	12	16	1.0
OG_611	11	14	28	0.8681
OG_612	8	8	8	1.0
OG_613	9	9	9	1.0
OG_614	9	9	14	1.0
OG_615	11	12	14	1.0
OG_616	11	15	21	1.0
OG_617	8	9	12	1.0
OG_618	9	9	10	1.0
OG_619	11	11	12	1.0
OG_620	12	14	15	1.0
OG_621	11	11	12	1.0
OG_622	11	11	13	1.0
OG_623	5	5	5	1.0
OG_624	6	47	50	0.6364
OG_625	3	5	5	1.0
OG_626	12	51	62	0.9082
OG_627	7	7	11	1.0
OG_628	3	3	3	1.0
OG_629	12	12	13	1.0
OG_630	11	13	15	1.0
OG_631	9	12	20	0.6515
OG_632	12	15	17	1.0
OG_633	12	19	27	0.8129
OG_634	10	14	28	1.0
OG_635	2	7	7	1.0
OG_636	9	25	29	0.8933
OG_637	12	12	13	1.0
OG_638	12	12	25	1.0
OG_639	12	13	17	1.0
OG_640	12	14	18	1.0
OG_641	12	24	32	1.0
OG_642	8	8	8	1.0
OG_643	11	12	21	1.0
OG_644	12	16	17	1.0
OG_645	11	11	14	1.0
OG_646	12	12	15	1.0
OG_647	12	18	25	1.0
OG_648	12	15	20	1.0
OG_649	8	64	76	0.381
OG_650	10	10	10	1.0
OG_651	12	13	13	1.0
OG_652	12	14	18	1.0
OG_653	11	32	33	0.9214
OG_654	6	7	8	1.0
OG_655	8	25	25	1.0
OG_656	9	11	12	1.0
OG_657	7	9	9	1.0
OG_658	12	23	36	1.0
OG_659	8	10	11	1.0
OG_660	12	18	34	0.8039
OG_661	12	695	1043	0.04
OG_662	2	3	3	1.0
OG_663	12	13	15	1.0
OG_664	12	12	12	1.0
OG_665	12	13	15	0.8718
OG_666	11	11	12	1.0
OG_667	12	12	17	1.0
OG_668	12	19	21	1.0
OG_669	11	13	17	1.0
OG_670	11	11	18	1.0
OG_671	12	13	15	1.0
OG_672	9	9	9	1.0
OG_673	10	10	12	1.0
OG_674	11	11	11	1.0
OG_675	12	12	21	1.0
OG_676	12	13	14	1.0
OG_677	12	13	17	1.0
OG_678	10	108	112	0.5178
OG_679	12	12	12	1.0
OG_680	12	64	71	0.5898
OG_681	11	24	29	0.8768
OG_682	9	9	10	1.0
OG_683	12	13	14	1.0
OG_684	12	16	22	1.0
OG_685	11	11	17	1.0
OG_686	12	17	17	1.0
OG_687	12	578	670	0.0976
OG_688	9	16	22	1.0
OG_689	12	16	18	0.8
OG_690	8	8	10	1.0
OG_691	8	8	8	1.0
OG_692	12	17	21	0.8162
OG_693	5	28	28	0.9418
OG_694	12	14	17	1.0
OG_695	6	6	7	1.0
OG_696	12	13	14	1.0
OG_697	7	7	7	1.0
OG_698	9	10	11	0.9556
OG_699	12	26	28	1.0
OG_700	8	8	9	1.0
OG_701	10	19	28	1.0
OG_702	11	12	17	1.0
OG_703	12	14	18	0.7582
OG_704	10	11	12	1.0
OG_705	11	16	17	1.0
OG_706	12	20	21	0.9053
OG_707	12	14	14	1.0
OG_708	12	58	78	0.9994
OG_709	12	14	15	0.8681
OG_710	7	18	25	0.7059
OG_711	11	11	11	1.0
OG_712	11	12	13	1.0
OG_713	12	12	14	1.0
OG_714	12	12	12	1.0
OG_715	12	16	23	0.9167
OG_716	12	13	14	1.0
OG_717	9	32	44	0.9637
OG_718	12	15	23	1.0
OG_719	12	12	15	1.0
OG_720	8	34	36	0.9055
OG_721	9	10	14	1.0
OG_722	8	10	10	1.0
OG_723	3	6	6	1.0
OG_724	9	9	9	1.0
OG_725	12	12	15	1.0
OG_726	12	14	16	1.0
OG_727	12	14	20	1.0
OG_728	7	7	12	1.0
OG_729	12	18	21	0.6863
OG_730	6	6	6	1.0
OG_731	10	10	10	1.0
OG_732	10	36	45	0.8143
OG_733	11	11	18	1.0
OG_734	7	34	46	0.508
OG_735	9	12	12	1.0
OG_736	12	12	13	1.0
OG_737	11	11	12	1.0
OG_738	11	13	15	1.0
OG_739	6	17	22	0.8162
OG_740	12	24	26	1.0
OG_741	7	11	11	1.0
OG_742	12	19	34	0.924
OG_743	11	11	11	1.0
OG_744	12	14	17	1.0
OG_745	10	11	13	1.0
OG_746	12	13	13	1.0
OG_747	11	12	13	1.0
OG_748	12	12	16	1.0
OG_749	12	155	198	0.3863
OG_750	12	12	17	1.0
OG_751	11	11	15	1.0
OG_752	12	16	16	1.0
OG_753	10	10	10	1.0
OG_754	11	11	16	1.0
OG_755	9	9	10	1.0
OG_756	12	12	14	1.0
OG_757	7	7	7	1.0
OG_758	12	14	15	1.0
OG_759	8	13	15	0.9231
OG_760	7	36	42	0.5143
OG_761	12	12	14	1.0
OG_762	12	13	15	1.0
OG_763	12	13	13	1.0
OG_764	12	20	23	1.0
OG_765	9	92	113	0.7475
OG_766	10	17	17	0.5882
OG_767	11	138	163	0.4081
OG_768	12	13	13	1.0
OG_769	12	38	77	0.9758
OG_770	12	12	12	1.0
OG_771	10	15	17	0.6857
OG_772	10	12	14	1.0
OG_773	10	10	10	1.0
OG_774	12	13	14	0.7436
OG_775	7	8	9	1.0
OG_776	12	15	18	1.0
OG_777	6	7	8	1.0
OG_778	11	12	12	1.0
OG_779	11	11	11	1.0
OG_780	12	15	23	1.0
OG_781	10	11	12	1.0
OG_782	12	12	14	1.0
OG_783	11	12	15	1.0
OG_784	12	13	18	1.0
OG_785	11	40	42	0.9987
OG_786	12	63	73	0.4716
OG_787	9	38	43	0.5733
OG_788	7	8	8	1.0
OG_789	12	14	16	1.0
OG_790	6	9	10	1.0
OG_791	12	12	12	1.0
OG_792	7	7	7	1.0
OG_793	10	10	12	1.0
OG_794	12	12	12	1.0
OG_795	10	14	17	1.0
OG_796	12	12	12	1.0
OG_797	12	13	20	1.0
OG_798	8	8	10	1.0
OG_799	12	29	32	0.601
OG_800	12	20	25	1.0
OG_801	8	9	12	1.0
OG_802	12	13	15	1.0
OG_803	11	11	17	1.0
OG_804	11	14	14	1.0
OG_805	11	19	22	1.0
OG_806	11	12	12	1.0
OG_807	5	5	5	1.0
OG_808	12	17	30	0.8162
OG_809	10	10	11	1.0
OG_810	8	8	23	1.0
OG_811	12	13	21	0.8718
OG_812	12	15	21	1.0
OG_813	11	14	18	1.0
OG_814	12	13	16	1.0
OG_815	12	12	13	1.0
OG_816	10	10	12	1.0
OG_817	10	12	17	1.0
OG_818	11	11	16	1.0
OG_819	12	12	12	1.0
OG_820	12	14	18	0.7582
OG_821	11	11	12	1.0
OG_822	11	21	33	0.5952
OG_823	11	169	193	0.4973
OG_824	11	11	19	1.0
OG_825	8	8	9	1.0
OG_826	10	10	10	1.0
OG_827	12	13	14	1.0
OG_828	8	8	8	1.0
OG_829	5	5	5	1.0
OG_830	8	9	10	0.9167
OG_831	12	13	13	1.0
OG_832	12	12	20	1.0
OG_833	7	7	7	1.0
OG_834	12	13	19	1.0
OG_835	12	13	13	1.0
OG_836	11	11	13	1.0
OG_837	7	30	36	0.646
OG_838	11	11	18	0.8364
OG_839	11	11	13	1.0
OG_840	12	12	13	1.0
OG_841	12	12	19	1.0
OG_842	8	22	23	1.0
OG_843	7	8	9	1.0
OG_844	6	8	13	1.0
OG_845	7	11	11	1.0
OG_846	10	293	345	0.1196
OG_847	8	30	34	0.5977
OG_848	10	10	12	1.0
OG_849	4	7	7	1.0
OG_850	4	7	8	1.0
OG_851	11	12	14	1.0
OG_852	12	14	23	0.7582
OG_853	12	13	15	1.0
OG_854	10	14	24	1.0
OG_855	11	16	20	0.8833
OG_856	9	9	14	1.0
OG_857	11	11	21	1.0
OG_858	12	15	16	1.0
OG_859	9	9	12	1.0
OG_860	11	12	15	1.0
OG_861	11	19	21	1.0
OG_862	9	14	17	0.8242
OG_863	12	12	12	1.0
OG_864	12	12	20	1.0
OG_865	10	11	15	1.0
OG_866	10	10	10	1.0
OG_867	8	8	8	1.0
OG_868	12	12	17	1.0
OG_869	10	10	12	1.0
OG_870	11	11	14	1.0
OG_871	12	48	61	0.9991
OG_872	10	12	13	1.0
OG_873	12	16	17	1.0
OG_874	11	11	14	1.0
OG_875	10	10	16	1.0
OG_876	12	25	31	0.5967
OG_877	5	9	10	1.0
OG_878	9	20	29	1.0
OG_879	5	7	9	1.0
OG_880	12	19	23	0.9532
OG_881	5	11	11	1.0
OG_882	9	9	12	1.0
OG_883	12	16	18	1.0
OG_884	12	13	17	1.0
OG_885	11	14	14	1.0
OG_886	12	34	38	0.943
OG_887	12	12	15	1.0
OG_888	9	9	18	1.0
OG_889	12	13	14	1.0
OG_890	10	11	13	1.0
OG_891	12	13	15	1.0
OG_892	9	19	23	1.0
OG_893	8	8	8	1.0
OG_894	12	15	22	0.8952
OG_895	9	10	11	1.0
OG_896	12	12	13	1.0
OG_897	10	13	18	1.0
OG_898	10	19	24	1.0
OG_899	12	472	550	0.144
OG_900	12	12	12	1.0
OG_901	12	15	19	1.0
OG_902	11	11	13	1.0
OG_903	9	10	29	1.0
OG_904	8	65	70	0.2971
OG_905	12	12	12	1.0
OG_906	12	13	13	1.0
OG_907	11	12	13	1.0
OG_908	12	12	13	1.0
OG_909	10	10	15	1.0
OG_910	8	9	9	1.0
OG_911	12	179	271	0.1616
OG_912	8	9	11	0.8333
OG_913	12	13	15	1.0
OG_914	11	14	17	1.0
OG_915	11	11	12	1.0
OG_916	9	11	12	0.8364
OG_917	12	13	15	0.8718
OG_918	9	11	13	1.0
OG_919	10	41	48	0.9866
OG_920	11	12	15	1.0
OG_921	11	93	102	0.612
OG_922	12	12	12	1.0
OG_923	12	80	103	0.4494
OG_924	5	11	11	1.0
OG_925	9	9	9	1.0
OG_926	12	13	16	1.0
OG_927	7	7	9	1.0
OG_928	12	12	21	1.0
OG_929	10	10	15	1.0
OG_930	8	9	13	1.0
OG_931	8	8	9	1.0
OG_932	12	37	43	1.0
OG_933	12	15	17	1.0
OG_934	12	26	33	1.0
OG_935	12	12	21	1.0
OG_936	9	9	11	1.0
OG_937	12	12	15	1.0
OG_938	9	10	12	1.0
OG_939	7	7	7	1.0
OG_940	9	9	10	1.0
OG_941	10	190	219	0.3182
OG_942	12	14	16	1.0
OG_943	12	12	12	1.0
OG_944	6	24	54	0.6558
OG_945	12	474	543	0.1314
OG_946	12	29	42	0.9507
OG_947	11	11	17	1.0
OG_948	11	78	91	0.3613
OG_949	10	10	12	1.0
OG_950	10	32	43	1.0
OG_951	10	12	14	0.7273
OG_952	12	18	18	0.902
OG_953	7	17	17	1.0
OG_954	12	12	13	1.0
OG_955	7	7	7	1.0
OG_956	11	11	12	1.0
OG_957	8	9	9	1.0
OG_958	10	10	10	1.0
OG_959	12	14	17	1.0
OG_960	8	12	12	1.0
OG_961	12	12	12	1.0
OG_962	11	14	15	0.6813
OG_963	11	11	12	1.0
OG_964	9	11	17	1.0
OG_965	12	12	12	1.0
OG_966	8	10	12	1.0
OG_967	6	7	7	1.0
OG_968	11	11	15	1.0
OG_969	4	12	16	1.0
OG_970	9	9	9	1.0
OG_971	10	239	256	0.1598
OG_972	8	8	8	1.0
OG_973	10	10	17	1.0
OG_974	12	17	19	1.0
OG_975	12	14	17	0.7582
OG_976	12	18	18	1.0
OG_977	9	17	17	1.0
OG_978	12	21	23	1.0
OG_979	12	35	46	0.3664
OG_980	9	85	128	0.3588
OG_981	11	28	37	0.9947
OG_982	7	7	7	1.0
OG_983	12	12	16	1.0
OG_984	10	10	11	1.0
OG_985	6	9	9	0.7222
OG_986	10	45	49	0.9545
OG_987	11	300	423	0.1112
OG_988	12	23	35	0.7747
OG_989	4	4	4	1.0
OG_990	12	122	160	0.6026
OG_991	12	16	24	1.0
OG_992	11	12	16	1.0
OG_993	12	14	17	1.0
OG_994	11	14	14	1.0
OG_995	10	12	13	1.0
OG_996	12	12	14	1.0
OG_997	12	15	21	1.0
OG_998	12	12	15	1.0
OG_999	11	12	14	1.0
OG_1000	11	28	33	1.0
OG_1001	11	12	12	1.0
OG_1002	11	11	12	1.0
OG_1003	9	9	13	1.0
OG_1004	10	10	12	1.0
OG_1005	8	8	10	1.0
OG_1006	12	16	28	1.0
OG_1007	10	13	13	1.0
OG_1008	12	13	14	1.0
OG_1009	10	10	10	1.0
OG_1010	11	14	15	1.0
OG_1011	12	312	347	0.2295
OG_1012	6	17	17	0.7647
OG_1013	10	10	13	1.0
OG_1014	12	15	20	1.0
OG_1015	12	12	13	1.0
OG_1016	12	12	12	1.0
OG_1017	9	9	10	1.0
OG_1018	9	10	11	1.0
OG_1019	4	4	4	1.0
OG_1020	7	8	8	1.0
OG_1021	12	12	12	1.0
OG_1022	12	17	18	1.0
OG_1023	10	13	18	1.0
OG_1024	7	7	7	1.0
OG_1025	7	7	9	1.0
OG_1026	12	15	17	0.8857
OG_1027	9	29	34	0.9803
OG_1028	10	39	44	0.9447
OG_1029	11	14	20	1.0
OG_1030	9	13	14	1.0
OG_1031	12	16	17	1.0
OG_1032	12	12	12	1.0
OG_1033	11	11	11	1.0
OG_1034	11	12	12	1.0
OG_1035	7	7	7	1.0
OG_1036	11	12	16	1.0
OG_1037	2	11	12	0.7091
OG_1038	12	14	16	1.0
OG_1039	8	9	10	1.0
OG_1040	11	12	12	1.0
OG_1041	12	14	16	1.0
OG_1042	8	8	8	1.0
OG_1043	4	8	13	0.7857
OG_1044	12	13	20	1.0
OG_1045	12	14	16	1.0
OG_1046	7	7	7	0.9048
OG_1047	11	15	16	1.0
OG_1048	10	33	53	0.8731
OG_1049	12	12	14	1.0
OG_1050	9	54	62	0.7771
OG_1051	12	29	44	0.6379
OG_1052	11	21	26	1.0
OG_1053	11	180	222	0.1207
OG_1054	12	15	22	1.0
OG_1055	7	7	7	1.0
OG_1056	12	13	23	1.0
OG_1057	12	20	27	1.0
OG_1058	8	8	10	1.0
OG_1059	11	12	15	1.0
OG_1060	12	13	18	1.0
OG_1061	12	12	12	1.0
OG_1062	10	17	26	0.8971
OG_1063	11	12	13	1.0
OG_1064	8	8	10	1.0
OG_1065	11	11	12	1.0
OG_1066	12	12	19	1.0
OG_1067	12	13	13	1.0
OG_1068	12	14	16	0.8681
OG_1069	11	12	16	1.0
OG_1070	12	15	21	1.0
OG_1071	12	70	89	0.8108
OG_1072	8	31	50	0.8323
OG_1073	11	13	19	1.0
OG_1074	12	12	13	1.0
OG_1075	12	12	12	1.0
OG_1076	10	12	12	1.0
OG_1077	8	108	118	0.1873
OG_1078	8	10	11	1.0
OG_1079	12	17	19	0.7868
OG_1080	8	8	11	1.0
OG_1081	7	14	16	1.0
OG_1082	10	11	12	0.9818
OG_1083	7	7	10	1.0
OG_1084	9	9	9	1.0
OG_1085	12	14	16	1.0
OG_1086	5	14	14	0.6703
OG_1087	10	10	14	1.0
OG_1088	12	13	19	1.0
OG_1089	9	16	16	1.0
OG_1090	10	11	21	1.0
OG_1091	11	11	11	1.0
OG_1092	10	67	70	0.4853
OG_1093	3	4	4	1.0
OG_1094	12	13	15	1.0
OG_1095	12	16	17	1.0
OG_1096	11	528	858	0.074
OG_1097	12	17	19	1.0
OG_1098	12	38	45	1.0
OG_1099	9	89	101	0.4729
OG_1100	9	9	12	1.0
OG_1101	4	5	5	1.0
OG_1102	5	11	11	1.0
OG_1103	5	5	5	1.0
OG_1104	12	12	14	1.0
OG_1105	7	7	7	1.0
OG_1106	12	14	14	0.7033
OG_1107	5	7	8	1.0
OG_1108	12	12	13	1.0
OG_1109	11	14	27	0.7473
OG_1110	10	26	26	0.9692
OG_1111	11	16	19	1.0
OG_1112	11	376	509	0.0814
OG_1113	12	18	19	0.9739
OG_1114	12	12	18	1.0
OG_1115	12	13	17	1.0
OG_1116	12	12	16	1.0
OG_1117	11	13	17	1.0
OG_1118	12	12	15	1.0
OG_1119	12	12	15	1.0
OG_1120	12	14	15	1.0
OG_1121	10	10	10	1.0
OG_1122	12	12	13	1.0
OG_1123	8	32	36	0.5827
OG_1124	12	13	16	1.0
OG_1125	12	17	31	1.0
OG_1126	12	12	17	1.0
OG_1127	12	12	12	1.0
OG_1128	10	11	12	1.0
OG_1129	5	5	5	1.0
OG_1130	12	44	48	0.6015
OG_1131	10	388	676	0.0733
OG_1132	12	14	15	1.0
OG_1133	11	17	23	0.8971
OG_1134	5	7	7	1.0
OG_1135	6	6	11	1.0
OG_1136	10	11	11	1.0
OG_1137	11	11	30	1.0
OG_1138	11	11	11	1.0
OG_1139	12	14	20	1.0
OG_1140	12	12	16	1.0
OG_1141	12	16	21	1.0
OG_1142	12	12	15	1.0
OG_1143	11	14	16	1.0
OG_1144	11	11	13	1.0
OG_1145	12	13	16	1.0
OG_1146	12	13	17	1.0
OG_1147	6	6	6	1.0
OG_1148	12	12	14	1.0
OG_1149	9	20	23	1.0
OG_1150	12	12	14	1.0
OG_1151	2	3	3	1.0
OG_1152	12	15	16	1.0
OG_1153	12	13	17	1.0
OG_1154	10	12	17	1.0
OG_1155	12	12	13	1.0
OG_1156	11	12	12	1.0
OG_1157	12	15	17	1.0
OG_1158	10	10	12	1.0
OG_1159	11	11	16	1.0
OG_1160	12	12	16	1.0
OG_1161	9	9	13	1.0
OG_1162	12	12	14	1.0
OG_1163	10	10	11	1.0
OG_1164	10	10	11	1.0
OG_1165	12	13	16	1.0
OG_1166	11	14	18	1.0
OG_1167	12	16	18	0.5917
OG_1168	9	10	13	1.0
OG_1169	2	3	3	1.0
OG_1170	12	14	15	1.0
OG_1171	11	12	21	1.0
OG_1172	12	27	29	0.5014
OG_1173	10	63	89	0.6226
OG_1174	6	10	10	1.0
OG_1175	12	13	22	1.0
OG_1176	4	4	4	1.0
OG_1177	11	32	37	0.9234
OG_1178	12	12	15	1.0
OG_1179	8	8	11	1.0
OG_1180	11	12	13	1.0
OG_1181	11	11	13	1.0
OG_1182	12	15	18	1.0
OG_1183	10	11	18	0.9091
OG_1184	6	7	7	1.0
OG_1185	5	14	17	1.0
OG_1186	12	441	644	0.0699
OG_1187	11	18	19	1.0
OG_1188	7	8	9	1.0
OG_1189	12	17	23	0.9632
OG_1190	11	11	13	1.0
OG_1191	12	12	13	1.0
OG_1192	12	48	49	0.7163
OG_1193	12	152	189	0.2998
OG_1194	11	223	244	0.2466
OG_1195	8	48	57	0.7615
OG_1196	10	11	13	1.0
OG_1197	12	67	73	0.9516
OG_1198	12	12	16	1.0
OG_1199	12	18	20	0.8758
OG_1200	12	14	20	1.0
OG_1201	8	8	8	1.0
OG_1202	12	12	13	1.0
OG_1203	10	16	19	0.625
OG_1204	12	12	13	1.0
OG_1205	12	12	15	1.0
OG_1206	6	10	10	1.0
OG_1207	11	11	11	1.0
OG_1208	12	12	14	1.0
OG_1209	5	5	16	1.0
OG_1210	12	135	166	0.3511
OG_1211	12	13	13	1.0
OG_1212	12	16	20	1.0
OG_1213	11	13	15	1.0
OG_1214	10	10	11	1.0
OG_1215	12	12	29	1.0
OG_1216	4	15	17	0.9714
OG_1217	12	13	16	1.0
OG_1218	11	11	14	1.0
OG_1219	12	12	23	1.0
OG_1220	12	16	17	1.0
OG_1221	12	14	40	1.0
OG_1222	11	11	15	1.0
OG_1223	7	7	10	1.0
OG_1224	10	10	12	1.0
OG_1225	12	127	147	0.4012
OG_1226	7	8	8	1.0
OG_1227	12	159	207	0.2466
OG_1228	9	12	13	1.0
OG_1229	12	12	15	1.0
OG_1230	12	13	13	1.0
OG_1231	12	30	41	1.0
OG_1232	12	15	19	0.6
OG_1233	9	19	21	0.7602
OG_1234	7	7	7	1.0
OG_1235	11	12	14	1.0
OG_1236	12	12	14	1.0
OG_1237	9	17	22	1.0
OG_1238	9	9	10	1.0
OG_1239	12	12	14	1.0
OG_1240	8	8	11	1.0
OG_1241	7	26	31	0.9723
OG_1242	11	11	11	1.0
OG_1243	11	12	12	1.0
OG_1244	9	93	135	0.2485
OG_1245	9	9	21	1.0
OG_1246	9	9	13	1.0
OG_1247	7	107	112	0.2162
OG_1248	12	17	21	1.0
OG_1249	12	13	14	1.0
OG_1250	9	9	10	1.0
OG_1251	9	34	41	0.9216
OG_1252	11	15	19	1.0
OG_1253	12	12	14	1.0
OG_1254	10	10	16	1.0
OG_1255	5	32	32	0.6169
OG_1256	6	9	10	1.0
OG_1257	12	23	62	0.7628
OG_1258	7	7	7	1.0
OG_1259	9	81	90	0.6043
OG_1260	11	35	45	0.9462
OG_1261	7	40	41	0.3346
OG_1262	11	11	19	1.0
OG_1263	11	353	534	0.0714
OG_1264	12	13	15	1.0
OG_1265	10	10	15	1.0
OG_1266	11	72	151	0.3951
OG_1267	12	14	19	1.0
OG_1268	7	8	13	1.0
OG_1269	10	12	12	0.9848
OG_1270	12	22	29	0.961
OG_1271	10	129	149	0.1493
OG_1272	12	12	15	1.0
OG_1273	12	13	15	1.0
OG_1274	12	15	16	0.9429
OG_1275	8	19	22	0.7953
OG_1276	6	6	7	1.0
OG_1277	3	28	48	0.328
OG_1278	10	10	10	1.0
OG_1279	12	15	15	1.0
OG_1280	12	12	13	1.0
OG_1281	7	17	19	0.9632
OG_1282	7	17	22	0.8088
OG_1283	4	11	11	0.8909
OG_1284	9	18	19	0.817
OG_1285	8	52	52	0.8763
OG_1286	8	9	10	1.0
OG_1287	12	12	12	1.0
OG_1288	7	11	11	1.0
OG_1289	10	44	48	0.7072
OG_1290	6	13	13	1.0
OG_1291	11	25	31	0.8667
OG_1292	7	52	60	0.6772
OG_1293	10	18	20	0.8301
OG_1294	12	12	16	1.0
OG_1295	8	9	9	0.9444
OG_1296	12	12	14	1.0
OG_1297	11	14	15	1.0
OG_1298	12	13	18	1.0
OG_1299	9	63	75	0.7522
OG_1300	11	17	37	0.6471
OG_1301	8	130	139	0.228
OG_1302	11	19	19	1.0
OG_1303	5	51	54	0.72
OG_1304	4	10	10	1.0
OG_1305	8	40	43	0.6667
OG_1306	3	8	13	1.0
OG_1307	9	93	102	0.6664
OG_1308	7	8	8	1.0
OG_1309	7	27	29	0.7521
OG_1310	12	17	22	1.0
OG_1311	12	15	21	1.0
OG_1312	12	12	13	1.0
OG_1313	12	13	15	1.0
OG_1314	11	105	158	0.2634
OG_1315	11	11	12	1.0
OG_1316	10	11	13	1.0
OG_1317	3	7	7	1.0
OG_1318	12	12	14	1.0
OG_1319	12	14	20	1.0
OG_1320	10	85	95	0.3832
OG_1321	12	12	16	1.0
OG_1322	9	57	106	0.4712
OG_1323	7	7	9	1.0
OG_1324	10	11	14	1.0
OG_1325	11	12	18	1.0
OG_1326	8	8	9	1.0
OG_1327	7	13	13	1.0
OG_1328	8	15	17	0.6286
OG_1329	10	10	13	1.0
OG_1330	12	13	14	1.0
OG_1331	10	10	10	1.0
OG_1332	12	12	14	1.0
OG_1333	12	12	16	1.0
OG_1334	10	11	17	1.0
OG_1335	12	15	17	1.0
OG_1336	9	9	11	1.0
OG_1337	9	10	10	1.0
OG_1338	12	18	18	0.8366
OG_1339	9	14	14	1.0
OG_1340	8	41	49	0.3512
OG_1341	12	12	13	1.0
OG_1342	10	11	13	1.0
OG_1343	12	19	26	1.0
OG_1344	9	9	9	1.0
OG_1345	12	20	28	0.8211
OG_1346	9	9	9	1.0
OG_1347	11	12	16	1.0
OG_1348	10	10	10	1.0
OG_1349	10	10	10	1.0
OG_1350	11	48	57	0.6729
OG_1351	12	13	19	1.0
OG_1352	12	14	23	0.978
OG_1353	9	11	12	1.0
OG_1354	9	9	10	1.0
OG_1355	12	24	35	1.0
OG_1356	9	9	15	1.0
OG_1357	4	4	5	1.0
OG_1358	9	29	29	0.9458
OG_1359	12	13	15	1.0
OG_1360	10	11	15	1.0
OG_1361	12	263	313	0.3051
OG_1362	12	196	254	0.4897
OG_1363	11	11	15	1.0
OG_1364	9	14	15	0.8022
OG_1365	9	9	9	1.0
OG_1366	9	9	15	1.0
OG_1367	10	10	19	1.0
OG_1368	12	12	12	1.0
OG_1369	8	31	35	0.6731
OG_1370	7	22	22	0.7229
OG_1371	7	8	8	1.0
OG_1372	6	6	6	0.8
OG_1373	7	14	16	0.6703
OG_1374	12	12	13	1.0
OG_1375	11	11	12	1.0
OG_1376	12	13	14	1.0
OG_1377	12	14	17	0.7582
OG_1378	6	14	14	0.7802
OG_1379	4	16	17	0.6167
OG_1380	12	12	13	1.0
OG_1381	2	6	6	0.8
OG_1382	12	14	14	1.0
OG_1383	12	13	14	1.0
OG_1384	11	11	19	1.0
OG_1385	11	100	117	0.2657
OG_1386	10	12	12	0.7273
OG_1387	3	17	17	0.7132
OG_1388	12	16	19	1.0
OG_1389	11	11	11	1.0
OG_1390	5	5	5	1.0
OG_1391	11	16	19	1.0
OG_1392	11	17	20	1.0
OG_1393	11	13	13	1.0
OG_1394	12	14	18	1.0
OG_1395	8	9	12	1.0
OG_1396	12	12	12	1.0
OG_1397	12	12	13	1.0
OG_1398	8	13	13	0.6667
OG_1399	9	9	9	1.0
OG_1400	10	10	12	1.0
OG_1401	12	18	20	1.0
OG_1402	12	12	13	1.0
OG_1403	10	10	12	1.0
OG_1404	8	27	28	1.0
OG_1405	12	14	15	0.9341
OG_1406	10	10	11	1.0
OG_1407	12	14	20	1.0
OG_1408	9	9	10	1.0
OG_1409	12	17	18	1.0
OG_1410	12	12	15	1.0
OG_1411	11	166	181	0.1952
OG_1412	9	9	9	1.0
OG_1413	7	12	14	1.0
OG_1414	11	11	13	1.0
OG_1415	12	12	13	1.0
OG_1416	9	11	14	1.0
OG_1417	11	12	12	1.0
OG_1418	7	8	8	1.0
OG_1419	10	11	16	1.0
OG_1420	7	14	15	0.8791
OG_1421	12	24	26	1.0
OG_1422	10	11	14	1.0
OG_1423	9	30	47	1.0
OG_1424	2	5	10	1.0
OG_1425	12	12	15	1.0
OG_1426	10	64	74	0.6116
OG_1427	7	9	11	1.0
OG_1428	9	10	11	1.0
OG_1429	10	97	125	0.1933
OG_1430	7	59	59	0.5219
OG_1431	12	12	16	1.0
OG_1432	12	15	15	0.7048
OG_1433	7	8	9	1.0
OG_1434	12	12	12	1.0
OG_1435	12	12	14	1.0
OG_1436	8	10	16	1.0
OG_1437	12	26	30	1.0
OG_1438	12	14	18	0.7363
OG_1439	12	13	14	1.0
OG_1440	12	13	14	1.0
OG_1441	11	11	12	1.0
OG_1442	12	19	44	0.731
OG_1443	12	12	12	1.0
OG_1444	11	12	14	1.0
OG_1445	11	28	41	1.0
OG_1446	12	12	21	1.0
OG_1447	9	9	10	1.0
OG_1448	8	8	12	1.0
OG_1449	11	11	11	1.0
OG_1450	12	13	17	1.0
OG_1451	7	7	12	1.0
OG_1452	9	9	9	1.0
OG_1453	11	11	13	1.0
OG_1454	10	14	15	1.0
OG_1455	12	12	16	1.0
OG_1456	12	15	19	0.8762
OG_1457	11	11	12	1.0
OG_1458	11	11	14	1.0
OG_1459	5	25	25	0.49
OG_1460	12	14	23	1.0
OG_1461	2	7	7	1.0
OG_1462	8	8	12	1.0
OG_1463	7	9	9	1.0
OG_1464	9	14	15	0.5714
OG_1465	8	13	14	1.0
OG_1466	10	10	22	1.0
OG_1467	4	6	6	0.9333
OG_1468	12	15	18	1.0
OG_1469	8	14	15	1.0
OG_1470	12	13	19	1.0
OG_1471	12	14	15	1.0
OG_1472	9	9	10	1.0
OG_1473	9	14	22	1.0
OG_1474	2	7	8	1.0
OG_1475	10	40	44	0.6718
OG_1476	10	10	13	1.0
OG_1477	9	10	11	1.0
OG_1478	12	12	19	1.0
OG_1479	12	12	12	1.0
OG_1480	8	160	170	0.0936
OG_1481	7	7	8	1.0
OG_1482	12	19	21	1.0
OG_1483	12	12	14	1.0
OG_1484	12	53	75	0.7765
OG_1485	7	7	7	1.0
OG_1486	12	15	20	0.9143
OG_1487	12	14	17	1.0
OG_1488	7	60	65	0.4169
OG_1489	12	13	14	1.0
OG_1490	9	69	85	0.3926
OG_1491	12	134	160	0.4525
OG_1492	12	13	19	1.0
OG_1493	11	13	15	0.7436
OG_1494	9	70	88	0.7623
OG_1495	2	4	4	1.0
OG_1496	9	9	15	1.0
OG_1497	12	16	17	1.0
OG_1498	2	4	4	1.0
OG_1499	11	11	12	1.0
OG_1500	7	12	12	1.0
OG_1501	4	25	27	0.4
OG_1502	11	12	12	1.0
OG_1503	8	8	11	1.0
OG_1504	9	9	10	1.0
OG_1505	12	12	13	1.0
OG_1506	5	5	5	1.0
OG_1507	12	13	14	1.0
OG_1508	12	14	16	1.0
OG_1509	7	7	7	1.0
OG_1510	9	38	46	0.6003
OG_1511	10	10	10	1.0
OG_1512	11	11	12	1.0
OG_1513	10	11	35	1.0
OG_1514	12	15	19	1.0
OG_1515	12	12	13	1.0
OG_1516	11	12	13	1.0
OG_1517	12	12	15	1.0
OG_1518	11	13	13	1.0
OG_1519	12	15	25	1.0
OG_1520	10	66	77	0.6578
OG_1521	11	13	23	0.641
OG_1522	12	12	12	1.0
OG_1523	12	12	13	1.0
OG_1524	11	11	15	1.0
OG_1525	9	11	14	1.0
OG_1526	11	11	12	1.0
OG_1527	8	9	10	1.0
OG_1528	11	11	13	1.0
OG_1529	12	647	1004	0.0461
OG_1530	12	15	15	1.0
OG_1531	12	16	17	1.0
OG_1532	11	11	11	1.0
OG_1533	10	111	168	0.3058
OG_1534	11	12	16	1.0
OG_1535	5	5	5	1.0
OG_1536	11	22	24	1.0
OG_1537	9	26	40	0.9785
OG_1538	12	375	422	0.1315
OG_1539	4	6	6	1.0
OG_1540	12	15	17	0.8857
OG_1541	12	12	15	1.0
OG_1542	11	11	12	1.0
OG_1543	12	41	47	0.7927
OG_1544	9	9	11	1.0
OG_1545	10	10	11	1.0
OG_1546	12	203	238	0.3207
OG_1547	12	14	14	1.0
OG_1548	10	11	12	1.0
OG_1549	7	8	9	1.0
OG_1550	10	11	12	1.0
OG_1551	7	9	12	1.0
OG_1552	12	184	228	0.4089
OG_1553	12	12	12	1.0
OG_1554	11	16	17	1.0
OG_1555	12	199	327	0.2433
OG_1556	2	5	5	1.0
OG_1557	10	12	16	0.9091
OG_1558	8	48	54	0.4176
OG_1559	9	44	51	0.7167
OG_1560	12	12	13	1.0
OG_1561	12	15	16	1.0
OG_1562	12	15	16	0.6762
OG_1563	12	745	854	0.0789
OG_1564	9	9	13	1.0
OG_1565	12	17	27	1.0
OG_1566	10	10	11	1.0
OG_1567	7	28	33	0.6455
OG_1568	5	11	11	1.0
OG_1569	8	18	20	1.0
OG_1570	10	11	11	1.0
OG_1571	12	12	12	1.0
OG_1572	11	11	12	1.0
OG_1573	12	12	15	1.0
OG_1574	12	17	20	1.0
OG_1575	12	13	14	1.0
OG_1576	9	10	11	0.8222
OG_1577	12	12	14	1.0
OG_1578	12	15	18	1.0
OG_1579	10	11	11	1.0
OG_1580	12	16	18	0.8417
OG_1581	7	7	7	1.0
OG_1582	10	10	11	1.0
OG_1583	10	48	63	0.8094
OG_1584	12	56	61	0.7013
OG_1585	12	37	42	0.8033
OG_1586	12	13	14	1.0
OG_1587	12	12	24	1.0
OG_1588	12	13	20	1.0
OG_1589	8	41	46	0.672
OG_1590	12	20	26	1.0
OG_1591	11	11	15	1.0
OG_1592	12	13	19	1.0
OG_1593	10	10	11	1.0
OG_1594	10	10	10	1.0
OG_1595	11	27	30	0.8632
OG_1596	12	170	180	0.3745
OG_1597	12	15	19	1.0
OG_1598	12	19	21	1.0
OG_1599	11	12	15	1.0
OG_1600	12	13	18	1.0
OG_1601	11	11	11	1.0
OG_1602	10	10	14	1.0
OG_1603	6	18	18	0.902
OG_1604	12	12	13	1.0
OG_1605	12	12	26	1.0
OG_1606	9	9	12	1.0
OG_1607	6	25	32	0.73
OG_1608	12	22	27	0.5152
OG_1609	12	13	17	1.0
OG_1610	12	13	14	1.0
OG_1611	12	14	20	1.0
OG_1612	9	24	25	0.8949
OG_1613	9	9	10	1.0
OG_1614	9	9	12	1.0
OG_1615	11	147	174	0.4623
OG_1616	12	12	12	1.0
OG_1617	9	20	29	1.0
OG_1618	10	67	73	0.3976
OG_1619	8	8	11	1.0
OG_1620	4	4	4	1.0
OG_1621	11	16	20	1.0
OG_1622	7	7	9	1.0
OG_1623	8	44	73	0.7347
OG_1624	9	9	11	1.0
OG_1625	9	9	10	1.0
OG_1626	12	12	14	1.0
OG_1627	12	15	24	0.7714
OG_1628	6	9	10	1.0
OG_1629	12	14	20	1.0
OG_1630	12	12	15	1.0
OG_1631	9	9	9	1.0
OG_1632	11	12	13	1.0
OG_1633	12	74	93	0.3725
OG_1634	10	35	40	0.6336
OG_1635	12	12	13	1.0
OG_1636	5	7	9	1.0
OG_1637	12	13	14	1.0
OG_1638	12	12	13	1.0
OG_1639	8	8	8	0.8929
OG_1640	12	44	48	1.0
OG_1641	7	83	105	0.2554
OG_1642	12	12	13	1.0
OG_1643	6	6	6	1.0
OG_1644	11	11	12	1.0
OG_1645	8	8	10	1.0
OG_1646	6	8	12	1.0
OG_1647	12	14	17	1.0
OG_1648	7	8	8	1.0
OG_1649	12	229	302	0.2638
OG_1650	11	22	25	0.7489
OG_1651	12	12	12	1.0
OG_1652	11	11	11	1.0
OG_1653	12	13	14	1.0
OG_1654	12	15	16	0.7143
OG_1655	12	12	13	1.0
OG_1656	11	15	17	1.0
OG_1657	12	18	19	0.634
OG_1658	12	14	18	1.0
OG_1659	4	9	9	1.0
OG_1660	10	10	11	1.0
OG_1661	11	195	276	0.117
OG_1662	12	13	17	1.0
OG_1663	9	67	80	0.5355
OG_1664	10	10	14	1.0
OG_1665	12	12	12	1.0
OG_1666	10	11	14	0.8364
OG_1667	12	16	21	1.0
OG_1668	10	10	11	1.0
OG_1669	8	8	9	1.0
OG_1670	9	10	12	1.0
OG_1671	9	9	9	1.0
OG_1672	12	13	25	1.0
OG_1673	2	5	5	1.0
OG_1674	9	34	42	0.943
OG_1675	12	16	39	1.0
OG_1676	11	155	185	0.2057
OG_1677	11	12	16	1.0
OG_1678	12	12	17	1.0
OG_1679	10	11	14	0.9818
OG_1680	11	15	17	0.7714
OG_1681	3	14	36	0.7253
OG_1682	11	185	264	0.2715
OG_1683	12	22	22	1.0
OG_1684	10	10	12	1.0
OG_1685	11	14	18	1.0
OG_1686	9	9	12	1.0
OG_1687	8	37	38	0.6231
OG_1688	12	66	96	0.6956
OG_1689	12	12	12	1.0
OG_1690	4	11	12	0.9636
OG_1691	12	13	15	1.0
OG_1692	9	10	14	1.0
OG_1693	12	16	19	1.0
OG_1694	2	4	4	1.0
OG_1695	9	9	12	1.0
OG_1696	12	13	16	1.0
OG_1697	11	11	13	1.0
OG_1698	6	13	13	0.8846
OG_1699	9	10	10	1.0
OG_1700	7	9	16	1.0
OG_1701	12	13	18	1.0
OG_1702	11	16	18	1.0
OG_1703	12	12	13	1.0
OG_1704	12	12	13	1.0
OG_1705	9	10	11	0.6889
OG_1706	10	10	16	1.0
OG_1707	7	8	8	0.7857
OG_1708	10	11	12	1.0
OG_1709	12	20	21	0.7895
OG_1710	12	15	15	1.0
OG_1711	12	14	14	1.0
OG_1712	12	12	12	1.0
OG_1713	10	65	87	0.5933
OG_1714	10	101	118	0.3642
OG_1715	5	19	19	0.5322
OG_1716	12	15	18	1.0
OG_1717	5	12	12	0.6364
OG_1718	3	13	14	0.8462
OG_1719	12	13	15	1.0
OG_1720	7	18	26	0.7778
OG_1721	9	9	9	1.0
OG_1722	9	14	17	0.7582
OG_1723	12	43	55	0.9546
OG_1724	11	163	208	0.3042
OG_1725	11	13	19	1.0
OG_1726	10	10	10	1.0
OG_1727	3	4	5	1.0
OG_1728	5	17	30	0.9338
OG_1729	11	12	15	1.0
OG_1730	11	69	77	0.6505
OG_1731	10	12	15	1.0
OG_1732	10	11	11	1.0
OG_1733	4	7	7	0.619
OG_1734	12	12	13	1.0
OG_1735	11	11	12	1.0
OG_1736	7	10	13	0.9111
OG_1737	9	9	10	1.0
OG_1738	12	65	74	0.6659
OG_1739	9	60	64	0.674
OG_1740	5	20	20	0.8632
OG_1741	8	133	157	0.1928
OG_1742	6	10	10	0.9778
OG_1743	9	273	307	0.2565
OG_1744	6	36	40	0.5444
OG_1745	4	17	18	0.8309
OG_1746	9	33	45	0.9924
OG_1747	6	6	9	1.0
OG_1748	11	76	89	0.6488
OG_1749	12	30	33	0.9977
OG_1750	12	21	22	0.9048
OG_1751	12	13	15	1.0
OG_1752	12	67	81	0.616
OG_1753	12	14	15	1.0
OG_1754	12	15	19	1.0
OG_1755	11	12	12	1.0
OG_1756	12	20	24	0.8158
OG_1757	12	15	16	1.0
OG_1758	12	12	14	1.0
OG_1759	12	18	19	1.0
OG_1760	11	19	21	1.0
OG_1761	9	19	26	1.0
OG_1762	7	9	9	1.0
OG_1763	12	111	125	0.7672
OG_1764	11	11	11	1.0
OG_1765	9	10	13	1.0
OG_1766	4	4	4	1.0
OG_1767	10	16	19	0.6333
OG_1768	8	8	12	1.0
OG_1769	11	15	22	0.6095
OG_1770	12	198	249	0.3904
OG_1771	12	14	17	1.0
OG_1772	7	9	10	0.9444
OG_1773	4	4	4	1.0
OG_1774	12	21	39	1.0
OG_1775	9	9	12	1.0
OG_1776	11	14	18	1.0
OG_1777	12	13	14	1.0
OG_1778	11	289	371	0.1271
OG_1779	12	14	15	1.0
OG_1780	11	14	23	0.8681
OG_1781	12	36	40	0.254
OG_1782	12	12	19	1.0
OG_1783	10	12	13	1.0
OG_1784	10	11	12	1.0
OG_1785	5	20	59	0.7842
OG_1786	12	15	20	1.0
OG_1787	12	12	12	1.0
OG_1788	12	105	146	0.6553
OG_1789	10	21	32	0.9524
OG_1790	12	12	13	1.0
OG_1791	12	15	15	1.0
OG_1792	11	11	13	1.0
OG_1793	11	11	11	1.0
OG_1794	9	89	102	0.4829
OG_1795	12	12	18	1.0
OG_1796	12	13	13	1.0
OG_1797	9	12	13	1.0
OG_1798	12	12	14	1.0
OG_1799	8	15	17	0.9143
OG_1800	7	45	66	0.6879
OG_1801	9	60	62	0.5842
OG_1802	3	6	6	1.0
OG_1803	11	11	11	1.0
OG_1804	6	37	55	0.3589
OG_1805	7	35	41	0.7681
OG_1806	12	12	20	1.0
OG_1807	9	35	44	0.3008
OG_1808	12	12	17	0.803
OG_1809	10	22	30	1.0
OG_1810	11	14	18	1.0
OG_1811	12	15	22	1.0
OG_1812	7	8	8	0.75
OG_1813	10	16	18	1.0
OG_1814	12	12	14	1.0
OG_1815	3	3	3	1.0
OG_1816	12	12	13	1.0
OG_1817	12	27	28	0.9658
OG_1818	11	11	15	1.0
OG_1819	11	12	16	1.0
OG_1820	11	14	18	1.0
OG_1821	8	9	9	1.0
OG_1822	11	11	12	1.0
OG_1823	11	11	12	1.0
OG_1824	11	12	19	1.0
OG_1825	10	10	14	1.0
OG_1826	6	20	27	0.6632
OG_1827	9	11	13	1.0
OG_1828	6	6	6	1.0
OG_1829	11	11	11	1.0
OG_1830	12	12	15	1.0
OG_1831	12	114	132	0.3822
OG_1832	11	13	14	1.0
OG_1833	11	130	150	0.3965
OG_1834	11	12	13	1.0
OG_1835	9	9	11	1.0
OG_1836	11	64	74	0.7312
OG_1837	12	14	15	1.0
OG_1838	12	14	16	1.0
OG_1839	9	10	10	1.0
OG_1840	12	13	13	1.0
OG_1841	12	13	13	1.0
OG_1842	5	5	5	1.0
OG_1843	10	11	17	1.0
OG_1844	11	11	12	1.0
OG_1845	10	10	10	1.0
OG_1846	11	21	32	1.0
OG_1847	12	18	20	1.0
OG_1848	12	12	27	1.0
OG_1849	6	21	21	0.7
OG_1850	6	16	17	0.5333
OG_1851	12	249	291	0.23
OG_1852	12	462	507	0.2372
OG_1853	12	13	15	1.0
OG_1854	11	11	12	1.0
OG_1855	11	14	16	0.8901
OG_1856	11	12	13	1.0
OG_1857	8	8	8	1.0
OG_1858	8	8	13	1.0
OG_1859	9	9	9	1.0
OG_1860	12	12	14	1.0
OG_1861	12	12	13	1.0
OG_1862	9	9	10	1.0
OG_1863	10	12	18	1.0
OG_1864	12	314	428	0.1553
OG_1865	12	12	18	1.0
OG_1866	11	11	12	1.0
OG_1867	4	10	12	0.9556
OG_1868	12	15	33	1.0
OG_1869	9	9	11	1.0
OG_1870	12	12	13	1.0
OG_1871	2	4	4	1.0
OG_1872	7	13	13	1.0
OG_1873	11	13	14	0.7436
OG_1874	7	7	9	1.0
OG_1875	10	10	11	1.0
OG_1876	12	16	16	1.0
OG_1877	11	11	12	1.0
OG_1878	11	12	16	1.0
OG_1879	9	11	12	1.0
OG_1880	12	21	27	0.5429
OG_1881	7	16	22	0.7667
OG_1882	6	9	9	1.0
OG_1883	12	12	15	1.0
OG_1884	12	13	16	1.0
OG_1885	12	12	13	1.0
OG_1886	10	19	19	1.0
OG_1887	10	11	11	1.0
OG_1888	8	16	16	0.5917
OG_1889	11	14	20	1.0
OG_1890	10	11	14	1.0
OG_1891	12	14	20	1.0
OG_1892	12	20	24	1.0
OG_1893	11	11	12	1.0
OG_1894	12	13	17	1.0
OG_1895	12	12	12	1.0
OG_1896	12	12	12	1.0
OG_1897	12	14	15	1.0
OG_1898	7	7	8	1.0
OG_1899	6	6	6	1.0
OG_1900	10	114	120	0.399
OG_1901	7	7	8	0.9048
OG_1902	7	7	13	1.0
OG_1903	12	14	17	1.0
OG_1904	10	10	10	1.0
OG_1905	4	6	6	0.8
OG_1906	12	12	14	1.0
OG_1907	12	604	833	0.0455
OG_1908	9	9	9	1.0
OG_1909	12	13	13	1.0
OG_1910	9	11	13	1.0
OG_1911	12	522	597	0.1546
OG_1912	6	6	6	1.0
OG_1913	7	7	7	1.0
OG_1914	12	13	17	1.0
OG_1915	12	19	19	1.0
OG_1916	12	19	20	1.0
OG_1917	8	11	13	0.6182
OG_1918	12	12	19	1.0
OG_1919	9	10	11	0.9778
OG_1920	12	13	17	1.0
OG_1921	12	12	17	1.0
OG_1922	7	31	33	0.7871
OG_1923	11	11	14	1.0
OG_1924	10	10	12	1.0
OG_1925	12	14	21	1.0
OG_1926	7	7	7	1.0
OG_1927	12	16	23	0.7917
OG_1928	6	6	6	1.0
OG_1929	8	8	8	1.0
OG_1930	10	10	12	1.0
OG_1931	12	12	12	1.0
OG_1932	12	17	17	1.0
OG_1933	11	11	11	1.0
OG_1934	12	18	22	1.0
OG_1935	11	36	43	0.8127
OG_1936	12	13	18	1.0
OG_1937	7	67	69	0.3709
OG_1938	12	12	35	1.0
OG_1939	12	26	26	1.0
OG_1940	12	12	16	1.0
OG_1941	11	11	13	1.0
OG_1942	11	11	15	1.0
OG_1943	3	4	4	1.0
OG_1944	10	45	64	0.9838
OG_1945	12	15	17	1.0
OG_1946	12	20	32	1.0
OG_1947	9	52	62	0.5143
OG_1948	12	38	48	0.9132
OG_1949	7	7	7	1.0
OG_1950	12	16	17	1.0
OG_1951	11	13	13	1.0
OG_1952	8	8	8	1.0
OG_1953	12	12	15	1.0
OG_1954	6	13	13	1.0
OG_1955	12	14	18	1.0
OG_1956	7	8	8	1.0
OG_1957	3	14	15	0.6374
OG_1958	12	12	13	1.0
OG_1959	7	7	7	1.0
OG_1960	11	11	12	1.0
OG_1961	11	24	44	0.9312
OG_1962	12	14	22	1.0
OG_1963	11	11	13	1.0
OG_1964	12	12	13	1.0
OG_1965	6	17	21	0.8088
OG_1966	8	32	34	0.5323
OG_1967	11	12	17	1.0
OG_1968	10	49	57	0.642
OG_1969	8	8	8	1.0
OG_1970	3	11	12	0.6364
OG_1971	12	13	17	1.0
OG_1972	4	9	9	1.0
OG_1973	5	13	16	1.0
OG_1974	12	13	16	1.0
OG_1975	10	14	15	1.0
OG_1976	5	18	19	0.7712
OG_1977	9	10	11	1.0
OG_1978	12	13	15	1.0
OG_1979	11	11	13	1.0
OG_1980	7	7	8	1.0
OG_1981	10	10	10	1.0
OG_1982	6	6	13	1.0
OG_1983	9	16	19	0.7833
OG_1984	11	11	26	1.0
OG_1985	12	13	16	1.0
OG_1986	11	12	12	0.8788
OG_1987	7	10	10	1.0
OG_1988	12	14	15	1.0
OG_1989	9	42	60	0.7131
OG_1990	11	11	12	1.0
OG_1991	8	8	12	1.0
OG_1992	12	12	13	1.0
OG_1993	8	10	10	1.0
OG_1994	12	14	15	1.0
OG_1995	11	12	14	1.0
OG_1996	4	12	12	0.5606
OG_1997	11	22	27	0.9524
OG_1998	12	12	18	1.0
OG_1999	12	15	23	0.8762
OG_2000	9	14	14	0.7802
OG_2001	7	8	9	1.0
OG_2002	12	12	13	1.0
OG_2003	3	8	13	0.8571
OG_2004	12	12	13	1.0
OG_2005	12	19	21	0.7368
OG_2006	8	8	8	1.0
OG_2007	12	13	13	0.859
OG_2008	10	11	16	1.0
OG_2009	7	8	8	1.0
OG_2010	11	11	15	1.0
OG_2011	12	15	22	0.7714
OG_2012	11	12	12	1.0
OG_2013	10	10	25	1.0
OG_2014	12	13	15	1.0
OG_2015	12	12	13	1.0
OG_2016	12	12	15	1.0
OG_2017	11	24	30	0.8913
OG_2018	7	70	71	0.4153
OG_2019	12	12	15	1.0
OG_2020	12	16	17	0.6917
OG_2021	6	10	16	1.0
OG_2022	7	7	10	1.0
OG_2023	6	21	24	0.519
OG_2024	12	12	18	1.0
OG_2025	10	14	15	1.0
OG_2026	7	37	45	0.7778
OG_2027	8	39	39	0.6478
OG_2028	10	10	12	1.0
OG_2029	12	12	13	1.0
OG_2030	8	8	9	1.0
OG_2031	12	12	13	1.0
OG_2032	12	12	40	1.0
OG_2033	11	79	142	0.335
OG_2034	7	7	8	1.0
OG_2035	11	11	12	1.0
OG_2036	12	26	32	1.0
OG_2037	8	20	22	0.7895
OG_2038	8	15	16	0.7905
OG_2039	12	12	17	1.0
OG_2040	3	3	4	1.0
OG_2041	12	19	28	1.0
OG_2042	2	4	5	1.0
OG_2043	12	13	20	1.0
OG_2044	12	17	18	1.0
OG_2045	9	9	10	1.0
OG_2046	12	13	17	1.0
OG_2047	12	138	169	0.4393
OG_2048	12	12	15	1.0
OG_2049	10	13	13	1.0
OG_2050	12	16	18	1.0
OG_2051	12	68	73	0.6084
OG_2052	11	11	12	1.0
OG_2053	11	16	16	1.0
OG_2054	11	14	19	0.9121
OG_2055	12	15	19	1.0
OG_2056	9	13	13	0.9615
OG_2057	10	12	12	1.0
OG_2058	4	24	31	0.5326
OG_2059	7	14	15	1.0
OG_2060	6	13	13	1.0
OG_2061	2	8	8	0.8571
OG_2062	12	87	103	0.3055
OG_2063	10	100	121	0.3838
OG_2064	10	10	11	1.0
OG_2065	12	12	14	1.0
OG_2066	7	7	7	1.0
OG_2067	9	9	14	1.0
OG_2068	11	21	24	1.0
OG_2069	12	13	16	1.0
OG_2070	12	19	32	1.0
OG_2071	9	9	9	1.0
OG_2072	12	12	18	1.0
OG_2073	12	13	20	1.0
OG_2074	7	15	17	0.7714
OG_2075	12	13	16	1.0
OG_2076	12	16	17	1.0
OG_2077	9	10	10	1.0
OG_2078	8	24	24	0.5942
OG_2079	11	14	15	1.0
OG_2080	12	13	15	1.0
OG_2081	12	14	15	1.0
OG_2082	9	10	11	1.0
OG_2083	11	11	13	1.0
OG_2084	12	13	14	1.0
OG_2085	12	12	13	1.0
OG_2086	11	86	114	0.2591
OG_2087	12	13	14	1.0
OG_2088	7	64	107	0.2034
OG_2089	11	11	12	1.0
OG_2090	12	14	15	1.0
OG_2091	9	9	9	1.0
OG_2092	12	12	12	1.0
OG_2093	12	12	13	1.0
OG_2094	12	13	18	1.0
OG_2095	12	12	12	1.0
OG_2096	4	7	7	1.0
OG_2097	9	9	12	1.0
OG_2098	11	20	28	1.0
OG_2099	12	12	15	1.0
OG_2100	5	12	12	0.9545
OG_2101	7	56	73	0.4877
OG_2102	9	11	14	1.0
OG_2103	10	18	20	0.7516
OG_2104	12	14	14	1.0
OG_2105	12	14	17	1.0
OG_2106	12	64	73	0.5823
OG_2107	12	12	21	1.0
OG_2108	9	93	104	0.3263
OG_2109	11	11	14	1.0
OG_2110	12	12	14	1.0
OG_2111	4	9	9	1.0
OG_2112	12	195	212	0.4355
OG_2113	11	11	13	1.0
OG_2114	10	10	12	1.0
OG_2115	9	10	13	1.0
OG_2116	4	4	4	1.0
OG_2117	6	6	6	1.0
OG_2118	9	9	13	1.0
OG_2119	8	8	10	1.0
OG_2120	4	4	4	1.0
OG_2121	12	12	12	1.0
OG_2122	11	11	11	0.9455
OG_2123	11	12	23	1.0
OG_2124	8	10	11	1.0
OG_2125	7	8	8	1.0
OG_2126	12	17	19	1.0
OG_2127	12	18	19	1.0
OG_2128	9	72	84	0.3322
OG_2129	11	11	13	1.0
OG_2130	12	15	17	0.8952
OG_2131	12	17	18	0.7059
OG_2132	12	13	19	1.0
OG_2133	12	16	17	1.0
OG_2134	12	372	400	0.1432
OG_2135	12	13	17	1.0
OG_2136	8	10	10	0.6444
OG_2137	6	6	6	1.0
OG_2138	12	16	19	0.8917
OG_2139	7	7	12	1.0
OG_2140	12	215	286	0.0823
OG_2141	12	19	21	1.0
OG_2142	10	10	15	1.0
OG_2143	12	12	17	1.0
OG_2144	12	12	12	1.0
OG_2145	11	11	11	1.0
OG_2146	11	12	13	0.8485
OG_2147	4	5	5	1.0
OG_2148	12	12	12	1.0
OG_2149	11	33	49	1.0
OG_2150	7	7	7	1.0
OG_2151	12	14	16	0.8791
OG_2152	8	8	10	1.0
OG_2153	12	13	15	1.0
OG_2154	12	12	13	1.0
OG_2155	12	14	14	1.0
OG_2156	4	15	17	0.7333
OG_2157	11	11	12	1.0
OG_2158	12	13	17	1.0
OG_2159	12	12	14	1.0
OG_2160	11	14	15	1.0
OG_2161	8	10	10	1.0
OG_2162	8	11	11	1.0
OG_2163	8	18	18	0.7386
OG_2164	6	51	65	0.3929
OG_2165	10	10	11	1.0
OG_2166	10	12	13	1.0
OG_2167	12	14	19	1.0
OG_2168	12	12	17	1.0
OG_2169	9	9	9	1.0
OG_2170	11	11	15	1.0
OG_2171	12	13	30	1.0
OG_2172	2	13	14	0.6154
OG_2173	12	84	109	0.3832
OG_2174	12	13	16	1.0
OG_2175	12	13	13	1.0
OG_2176	10	10	11	1.0
OG_2177	9	9	11	1.0
OG_2178	4	10	11	0.5778
OG_2179	8	14	15	1.0
OG_2180	12	194	231	0.1053
OG_2181	5	6	6	1.0
OG_2182	8	9	10	1.0
OG_2183	10	10	11	1.0
OG_2184	12	13	14	1.0
OG_2185	12	14	23	1.0
OG_2186	12	17	26	1.0
OG_2187	11	11	13	1.0
OG_2188	12	13	13	1.0
OG_2189	12	17	23	1.0
OG_2190	12	27	32	0.9316
OG_2191	6	6	6	1.0
OG_2192	9	9	14	1.0
OG_2193	4	9	9	1.0
OG_2194	10	10	17	1.0
OG_2195	8	8	8	1.0
OG_2196	6	8	10	1.0
OG_2197	8	8	11	1.0
OG_2198	10	10	11	1.0
OG_2199	12	12	19	1.0
OG_2200	10	12	29	1.0
OG_2201	10	11	13	1.0
OG_2202	10	12	12	0.5909
OG_2203	4	14	14	1.0
OG_2204	10	10	12	1.0
OG_2205	8	21	26	1.0
OG_2206	12	13	15	1.0
OG_2207	9	9	11	1.0
OG_2208	12	17	21	1.0
OG_2209	11	12	15	1.0
OG_2210	12	13	20	1.0
OG_2211	9	9	9	1.0
OG_2212	10	10	13	1.0
OG_2213	12	14	14	1.0
OG_2214	12	13	14	1.0
OG_2215	12	19	23	1.0
OG_2216	12	12	15	1.0
OG_2217	12	15	19	1.0
OG_2218	11	12	13	1.0
OG_2219	8	31	32	0.9484
OG_2220	12	24	30	1.0
OG_2221	12	13	15	0.9872
OG_2222	12	22	29	1.0
OG_2223	12	13	16	1.0
OG_2224	12	17	19	0.8382
OG_2225	11	12	12	0.8636
OG_2226	10	11	11	1.0
OG_2227	10	11	12	1.0
OG_2228	12	14	23	0.8022
OG_2229	12	17	17	1.0
OG_2230	6	11	11	1.0
OG_2231	10	11	14	1.0
OG_2232	10	10	10	1.0
OG_2233	12	12	13	1.0
OG_2234	12	12	12	1.0
OG_2235	9	9	10	1.0
OG_2236	11	16	16	1.0
OG_2237	7	11	12	0.9091
OG_2238	11	15	19	1.0
OG_2239	11	84	98	0.541
OG_2240	11	16	17	1.0
OG_2241	9	11	14	1.0
OG_2242	12	13	14	1.0
OG_2243	12	31	34	1.0
OG_2244	7	9	10	1.0
OG_2245	11	29	34	0.6281
OG_2246	12	13	21	1.0
OG_2247	6	8	8	1.0
OG_2248	8	8	10	1.0
OG_2249	11	11	11	1.0
OG_2250	9	9	12	1.0
OG_2251	12	13	20	1.0
OG_2252	12	15	37	1.0
OG_2253	12	12	14	1.0
OG_2254	8	9	11	1.0
OG_2255	12	12	14	1.0
OG_2256	6	14	18	0.8901
OG_2257	12	21	24	1.0
OG_2258	10	11	11	1.0
OG_2259	10	10	12	1.0
OG_2260	12	13	13	1.0
OG_2261	8	21	22	1.0
OG_2262	4	14	15	0.8022
OG_2263	8	15	15	0.8381
OG_2264	12	12	26	1.0
OG_2265	12	22	28	1.0
OG_2266	9	10	10	0.8667
OG_2267	4	7	12	1.0
OG_2268	9	37	38	0.7147
OG_2269	7	11	13	1.0
OG_2270	12	13	28	1.0
OG_2271	12	12	14	1.0
OG_2272	12	13	18	1.0
OG_2273	9	10	10	1.0
OG_2274	11	11	14	1.0
OG_2275	12	15	17	1.0
OG_2276	12	13	13	1.0
OG_2277	9	9	9	1.0
OG_2278	12	15	17	1.0
OG_2279	12	12	22	1.0
OG_2280	11	11	13	1.0
OG_2281	12	15	16	1.0
OG_2282	12	13	15	1.0
OG_2283	8	9	14	1.0
OG_2284	12	18	19	0.9739
OG_2285	11	14	14	1.0
OG_2286	12	12	15	1.0
OG_2287	12	14	17	1.0
OG_2288	11	14	15	1.0
OG_2289	6	39	40	0.6424
OG_2290	12	14	19	1.0
OG_2291	9	9	10	1.0
OG_2292	10	112	129	0.1758
OG_2293	6	15	18	1.0
OG_2294	12	21	27	1.0
OG_2295	11	33	35	0.8542
OG_2296	12	18	21	0.9281
OG_2297	11	11	13	1.0
OG_2298	12	17	20	1.0
OG_2299	12	13	13	1.0
OG_2300	12	12	19	1.0
OG_2301	12	12	14	1.0
OG_2302	10	10	12	1.0
OG_2303	12	12	15	1.0
OG_2304	12	18	25	1.0
OG_2305	12	12	19	1.0
OG_2306	9	29	30	1.0
OG_2307	9	20	25	1.0
OG_2308	7	7	7	1.0
OG_2309	12	13	20	1.0
OG_2310	9	10	12	0.8
OG_2311	11	11	12	1.0
OG_2312	12	13	20	1.0
OG_2313	10	11	13	1.0
OG_2314	12	13	13	1.0
OG_2315	5	6	7	1.0
OG_2316	9	16	16	0.625
OG_2317	12	16	19	1.0
OG_2318	12	20	24	1.0
OG_2319	11	13	17	1.0
OG_2320	7	8	9	1.0
OG_2321	12	15	15	1.0
OG_2322	11	13	20	1.0
OG_2323	12	169	241	0.2935
OG_2324	12	15	24	1.0
OG_2325	12	12	12	1.0
OG_2326	10	11	15	1.0
OG_2327	10	10	16	0.8222
OG_2328	12	13	18	1.0
OG_2329	7	7	7	1.0
OG_2330	9	9	13	1.0
OG_2331	7	9	11	1.0
OG_2332	8	8	9	1.0
OG_2333	10	12	17	1.0
OG_2334	7	9	9	1.0
OG_2335	11	13	13	1.0
OG_2336	12	21	26	1.0
OG_2337	12	128	157	0.6357
OG_2338	12	15	20	0.7905
OG_2339	12	18	21	1.0
OG_2340	12	12	13	1.0
OG_2341	12	12	12	1.0
OG_2342	10	10	12	1.0
OG_2343	12	37	61	0.6141
OG_2344	12	14	15	0.6593
OG_2345	11	11	12	1.0
OG_2346	10	11	22	1.0
OG_2347	12	14	18	1.0
OG_2348	9	9	9	1.0
OG_2349	12	12	13	1.0
OG_2350	8	8	8	1.0
OG_2351	11	13	13	0.8846
OG_2352	12	17	20	1.0
OG_2353	11	11	14	1.0
OG_2354	12	12	12	1.0
OG_2355	12	15	18	1.0
OG_2356	12	15	18	1.0
OG_2357	9	9	9	1.0
OG_2358	10	11	16	1.0
OG_2359	2	3	6	1.0
OG_2360	11	14	17	0.978
OG_2361	12	15	19	1.0
OG_2362	9	9	10	1.0
OG_2363	7	7	7	1.0
OG_2364	12	16	24	1.0
OG_2365	12	12	12	1.0
OG_2366	12	12	17	1.0
OG_2367	9	9	9	1.0
OG_2368	11	17	17	1.0
OG_2369	9	10	12	1.0
OG_2370	12	14	18	1.0
OG_2371	12	14	18	1.0
OG_2372	10	15	21	1.0
OG_2373	2	6	6	1.0
OG_2374	12	13	16	1.0
OG_2375	12	12	18	1.0
OG_2376	12	12	12	1.0
OG_2377	12	28	40	1.0
OG_2378	11	12	14	1.0
OG_2379	12	13	14	1.0
OG_2380	12	59	74	0.7534
OG_2381	12	18	20	0.549
OG_2382	11	11	14	1.0
OG_2383	2	6	8	0.8667
OG_2384	10	45	47	0.9939
OG_2385	8	8	9	1.0
OG_2386	12	199	250	0.429
OG_2387	8	9	10	1.0
OG_2388	10	10	10	1.0
OG_2389	12	14	15	1.0
OG_2390	12	12	14	1.0
OG_2391	12	12	25	1.0
OG_2392	12	17	21	1.0
OG_2393	12	23	27	0.5652
OG_2394	10	15	19	0.8762
OG_2395	9	9	9	1.0
OG_2396	5	11	12	0.4909
OG_2397	12	12	15	1.0
OG_2398	11	12	17	1.0
OG_2399	8	8	9	1.0
OG_2400	11	11	11	1.0
OG_2401	12	18	23	0.8039
OG_2402	10	12	13	1.0
OG_2403	5	6	6	1.0
OG_2404	7	7	8	1.0
OG_2405	7	7	8	1.0
OG_2406	12	13	15	1.0
OG_2407	12	18	18	1.0
OG_2408	11	12	12	1.0
OG_2409	8	8	12	1.0
OG_2410	10	12	18	1.0
OG_2411	4	4	4	1.0
OG_2412	7	25	31	0.8967
OG_2413	11	11	11	1.0
OG_2414	7	7	8	1.0
OG_2415	12	12	13	1.0
OG_2416	12	15	18	0.8857
OG_2417	11	12	16	1.0
OG_2418	9	9	9	1.0
OG_2419	9	11	13	1.0
OG_2420	12	13	26	1.0
OG_2421	12	13	16	1.0
OG_2422	8	10	14	1.0
OG_2423	6	23	42	0.8775
OG_2424	9	16	17	0.7167
OG_2425	11	13	18	0.859
OG_2426	4	5	5	1.0
OG_2427	12	25	29	0.8667
OG_2428	11	15	21	1.0
OG_2429	11	11	14	1.0
OG_2430	12	68	98	0.356
OG_2431	9	11	11	1.0
OG_2432	12	13	14	1.0
OG_2433	9	28	34	0.8651
OG_2434	4	6	8	1.0
OG_2435	12	25	35	0.71
OG_2436	5	9	9	0.8611
OG_2437	8	9	9	1.0
OG_2438	12	19	20	1.0
OG_2439	12	12	16	1.0
OG_2440	7	10	11	1.0
OG_2441	10	11	16	1.0
OG_2442	12	14	38	1.0
OG_2443	11	12	15	1.0
OG_2444	9	53	64	0.4695
OG_2445	12	14	17	1.0
OG_2446	12	12	12	1.0
OG_2447	6	6	6	1.0
OG_2448	12	22	31	0.6407
OG_2449	12	12	12	1.0
OG_2450	9	10	13	1.0
OG_2451	7	7	8	1.0
OG_2452	12	12	14	1.0
OG_2453	12	13	16	1.0
OG_2454	12	14	19	1.0
OG_2455	12	12	14	1.0
OG_2456	11	11	12	1.0
OG_2457	7	7	8	1.0
OG_2458	10	10	13	1.0
OG_2459	9	10	11	1.0
OG_2460	12	12	15	1.0
OG_2461	11	13	16	1.0
OG_2462	10	93	131	0.4963
OG_2463	4	5	5	1.0
OG_2464	7	7	10	1.0
OG_2465	11	11	15	1.0
OG_2466	12	13	14	1.0
OG_2467	10	11	11	1.0
OG_2468	11	12	13	1.0
OG_2469	12	14	14	1.0
OG_2470	12	14	14	1.0
OG_2471	9	19	22	1.0
OG_2472	8	8	13	1.0
OG_2473	11	15	21	1.0
OG_2474	12	12	14	1.0
OG_2475	12	13	19	1.0
OG_2476	9	9	10	1.0
OG_2477	8	119	157	0.1679
OG_2478	11	28	28	1.0
OG_2479	4	8	8	1.0
OG_2480	8	16	24	1.0
OG_2481	12	25	29	1.0
OG_2482	12	14	17	0.8791
OG_2483	9	11	11	1.0
OG_2484	11	12	12	1.0
OG_2485	10	10	13	1.0
OG_2486	12	13	14	1.0
OG_2487	10	11	11	1.0
OG_2488	6	7	7	1.0
OG_2489	10	12	14	1.0
OG_2490	11	12	14	1.0
OG_2491	12	16	17	1.0
OG_2492	10	42	45	0.8792
OG_2493	12	14	22	1.0
OG_2494	12	13	19	1.0
OG_2495	12	12	12	1.0
OG_2496	12	15	20	1.0
OG_2497	12	12	13	1.0
OG_2498	10	10	13	1.0
OG_2499	12	15	16	1.0
OG_2500	12	12	12	1.0
OG_2501	9	16	27	1.0
OG_2502	12	13	14	1.0
OG_2503	12	253	297	0.1966
OG_2504	12	13	14	1.0
OG_2505	12	17	20	1.0
OG_2506	2	4	4	1.0
OG_2507	10	23	29	1.0
OG_2508	12	12	25	1.0
OG_2509	11	13	13	0.7436
OG_2510	10	23	30	0.8024
OG_2511	9	55	69	0.4034
OG_2512	8	108	128	0.2625
OG_2513	11	18	21	0.8039
OG_2514	11	12	12	1.0
OG_2515	12	21	24	0.8381
OG_2516	12	13	22	1.0
OG_2517	8	26	27	0.4554
OG_2518	11	11	13	1.0
OG_2519	10	19	35	0.6491
OG_2520	11	11	12	1.0
OG_2521	12	13	16	1.0
OG_2522	11	11	15	1.0
OG_2523	12	78	89	0.7016
OG_2524	11	20	24	1.0
OG_2525	10	11	16	1.0
OG_2526	12	15	21	1.0
OG_2527	11	11	14	1.0
OG_2528	12	13	15	1.0
OG_2529	12	13	21	1.0
OG_2530	10	10	11	1.0
OG_2531	12	12	49	1.0
OG_2532	10	10	14	1.0
OG_2533	6	6	6	1.0
OG_2534	11	12	21	1.0
OG_2535	11	12	15	1.0
OG_2536	11	11	26	1.0
OG_2537	12	13	16	1.0
OG_2538	10	11	12	1.0
OG_2539	9	13	14	1.0
OG_2540	11	11	12	1.0
OG_2541	12	12	13	1.0
OG_2542	11	11	11	1.0
OG_2543	10	10	10	1.0
OG_2544	12	12	21	1.0
OG_2545	7	20	20	1.0
OG_2546	11	11	11	1.0
OG_2547	12	14	17	0.7582
OG_2548	12	15	19	1.0
OG_2549	7	40	81	0.6013
OG_2550	11	11	11	1.0
OG_2551	9	27	27	0.9943
OG_2552	9	24	29	0.9239
OG_2553	10	10	11	1.0
OG_2554	10	16	17	1.0
OG_2555	10	13	25	0.7564
OG_2556	12	14	15	1.0
OG_2557	12	14	14	1.0
OG_2558	9	9	12	1.0
OG_2559	7	25	25	0.56
OG_2560	11	14	17	1.0
OG_2561	8	85	126	0.3294
OG_2562	12	12	12	1.0
OG_2563	10	10	13	1.0
OG_2564	8	30	38	0.9678
OG_2565	12	12	12	1.0
OG_2566	11	11	12	1.0
OG_2567	12	14	19	1.0
OG_2568	12	15	16	1.0
OG_2569	10	10	10	1.0
OG_2570	11	11	13	1.0
OG_2571	10	10	11	1.0
OG_2572	12	14	19	0.8681
OG_2573	12	14	21	1.0
OG_2574	12	13	15	1.0
OG_2575	6	9	10	0.7778
OG_2576	6	8	13	1.0
OG_2577	7	8	8	1.0
OG_2578	12	12	15	1.0
OG_2579	10	15	17	0.8857
OG_2580	12	16	16	1.0
OG_2581	5	15	15	0.9048
OG_2582	12	12	16	1.0
OG_2583	8	8	9	1.0
OG_2584	11	11	16	1.0
OG_2585	11	12	13	1.0
OG_2586	9	10	10	1.0
OG_2587	12	253	316	0.2903
OG_2588	12	13	18	1.0
OG_2589	11	12	16	1.0
OG_2590	12	18	26	1.0
OG_2591	9	9	13	1.0
OG_2592	10	10	11	1.0
OG_2593	7	18	21	0.6078
OG_2594	7	9	11	1.0
OG_2595	6	6	6	1.0
OG_2596	12	15	16	1.0
OG_2597	12	14	18	1.0
OG_2598	9	114	145	0.6291
OG_2599	12	15	16	1.0
OG_2600	11	14	15	0.7582
OG_2601	12	12	19	1.0
OG_2602	7	7	7	1.0
OG_2603	8	8	9	1.0
OG_2604	11	99	148	0.2923
OG_2605	11	14	17	1.0
OG_2606	12	13	14	1.0
OG_2607	12	13	20	1.0
OG_2608	8	9	9	1.0
OG_2609	11	12	16	1.0
OG_2610	8	8	8	1.0
OG_2611	11	11	12	1.0
OG_2612	12	12	15	1.0
OG_2613	12	12	17	1.0
OG_2614	12	12	13	1.0
OG_2615	9	9	10	1.0
OG_2616	12	12	15	1.0
OG_2617	7	14	15	0.8791
OG_2618	4	20	24	0.3842
OG_2619	12	13	23	1.0
OG_2620	9	9	11	1.0
OG_2621	11	16	19	1.0
OG_2622	9	11	19	1.0
OG_2623	12	14	20	1.0
OG_2624	9	9	37	1.0
OG_2625	11	15	31	1.0
OG_2626	11	13	16	1.0
OG_2627	7	8	9	1.0
OG_2628	9	11	14	1.0
OG_2629	12	13	13	1.0
OG_2630	7	9	10	1.0
OG_2631	12	12	19	1.0
OG_2632	12	108	128	0.645
OG_2633	11	11	13	1.0
OG_2634	10	10	10	1.0
OG_2635	10	32	33	0.9758
OG_2636	7	8	8	1.0
OG_2637	12	67	73	0.8001
OG_2638	4	4	4	1.0
OG_2639	12	15	21	1.0
OG_2640	8	8	8	1.0
OG_2641	6	6	11	1.0
OG_2642	12	17	22	1.0
OG_2643	3	8	8	1.0
OG_2644	10	10	11	1.0
OG_2645	9	12	15	0.7121
OG_2646	9	9	11	1.0
OG_2647	10	10	11	1.0
OG_2648	12	15	19	1.0
OG_2649	12	13	16	1.0
OG_2650	12	12	13	1.0
OG_2651	12	12	14	1.0
OG_2652	12	151	195	0.2865
OG_2653	6	18	22	1.0
OG_2654	12	18	27	0.9542
OG_2655	7	12	13	1.0
OG_2656	10	10	11	1.0
OG_2657	11	18	18	1.0
OG_2658	12	12	14	1.0
OG_2659	12	13	13	1.0
OG_2660	8	8	12	1.0
OG_2661	9	10	11	1.0
OG_2662	4	5	6	1.0
OG_2663	11	11	14	1.0
OG_2664	12	431	525	0.1346
OG_2665	8	18	18	1.0
OG_2666	12	12	13	1.0
OG_2667	12	12	18	1.0
OG_2668	12	445	498	0.1547
OG_2669	10	11	13	1.0
OG_2670	5	5	5	1.0
OG_2671	12	13	15	1.0
OG_2672	6	6	6	1.0
OG_2673	12	12	12	1.0
OG_2674	11	55	69	0.5104
OG_2675	12	12	12	1.0
OG_2676	9	9	10	1.0
OG_2677	12	12	15	1.0
OG_2678	10	12	14	1.0
OG_2679	9	9	13	1.0
OG_2680	6	6	7	1.0
OG_2681	9	9	13	1.0
OG_2682	6	6	6	1.0
OG_2683	12	21	24	0.7476
OG_2684	12	13	13	1.0
OG_2685	2	5	7	1.0
OG_2686	12	13	18	1.0
OG_2687	12	12	13	1.0
OG_2688	4	11	17	0.7455
OG_2689	12	148	184	0.3041
OG_2690	9	9	13	1.0
OG_2691	10	12	12	1.0
OG_2692	12	12	12	1.0
OG_2693	12	13	14	1.0
OG_2694	12	14	20	1.0
OG_2695	10	10	10	1.0
OG_2696	12	16	19	1.0
OG_2697	12	12	13	1.0
OG_2698	12	12	14	1.0
OG_2699	12	12	16	1.0
OG_2700	12	13	13	1.0
OG_2701	8	8	8	1.0
OG_2702	11	13	14	1.0
OG_2703	2	11	22	0.7455
OG_2704	12	14	18	0.8791
OG_2705	12	14	18	1.0
OG_2706	10	10	17	1.0
OG_2707	12	13	16	1.0
OG_2708	12	12	19	1.0
OG_2709	10	12	13	1.0
OG_2710	11	12	14	1.0
OG_2711	10	24	32	1.0
OG_2712	12	14	14	1.0
OG_2713	5	8	10	1.0
OG_2714	11	13	16	1.0
OG_2715	7	7	7	1.0
OG_2716	12	12	13	1.0
OG_2717	11	11	13	1.0
OG_2718	11	50	58	0.7257
OG_2719	12	12	16	1.0
OG_2720	12	18	20	0.8954
OG_2721	12	14	16	0.7143
OG_2722	12	12	17	1.0
OG_2723	10	10	14	1.0
OG_2724	12	12	13	1.0
OG_2725	9	9	10	1.0
OG_2726	12	13	14	1.0
OG_2727	9	12	12	1.0
OG_2728	7	7	7	1.0
OG_2729	7	9	9	1.0
OG_2730	9	10	10	1.0
OG_2731	5	5	6	1.0
OG_2732	10	12	14	1.0
OG_2733	6	6	6	1.0
OG_2734	11	11	14	1.0
OG_2735	12	12	13	1.0
OG_2736	12	12	12	1.0
OG_2737	11	19	22	1.0
OG_2738	8	182	260	0.1287
OG_2739	6	26	31	0.9846
OG_2740	12	12	14	1.0
OG_2741	9	9	9	1.0
OG_2742	6	13	13	0.9231
OG_2743	11	12	15	1.0
OG_2744	12	12	14	1.0
OG_2745	11	27	41	1.0
OG_2746	12	12	15	1.0
OG_2747	12	16	17	0.7
OG_2748	5	7	7	0.5714
OG_2749	12	13	14	1.0
OG_2750	12	12	12	1.0
OG_2751	5	5	5	1.0
OG_2752	11	11	17	1.0
OG_2753	11	53	57	0.8193
OG_2754	5	7	9	1.0
OG_2755	10	10	18	1.0
OG_2756	6	46	58	0.4512
OG_2757	10	29	32	0.5049
OG_2758	6	6	7	1.0
OG_2759	5	5	5	1.0
OG_2760	12	16	22	1.0
OG_2761	12	17	27	1.0
OG_2762	9	56	60	0.4318
OG_2763	4	5	6	1.0
OG_2764	12	14	14	0.8901
OG_2765	7	8	8	1.0
OG_2766	11	26	29	1.0
OG_2767	12	13	14	1.0
OG_2768	10	10	10	1.0
OG_2769	12	14	17	1.0
OG_2770	9	9	9	1.0
OG_2771	2	11	12	0.7091
OG_2772	12	12	16	1.0
OG_2773	10	23	26	0.9526
OG_2774	12	27	32	1.0
OG_2775	4	18	18	0.3791
OG_2776	12	19	23	0.848
OG_2777	11	52	60	0.7021
OG_2778	12	12	12	1.0
OG_2779	12	12	17	1.0
OG_2780	12	16	19	1.0
OG_2781	12	22	30	1.0
OG_2782	8	27	46	0.6068
OG_2783	10	10	12	1.0
OG_2784	11	12	12	1.0
OG_2785	12	29	37	1.0
OG_2786	9	9	10	0.8056
OG_2787	11	11	15	1.0
OG_2788	12	12	17	1.0
OG_2789	12	13	19	1.0
OG_2790	11	11	15	1.0
OG_2791	11	11	12	1.0
OG_2792	12	13	16	1.0
OG_2793	12	12	12	1.0
OG_2794	12	12	14	1.0
OG_2795	12	299	421	0.226
OG_2796	12	13	13	0.9487
OG_2797	12	26	33	0.9446
OG_2798	10	11	14	0.8545
OG_2799	12	12	12	1.0
OG_2800	9	9	10	1.0
OG_2801	11	11	12	1.0
OG_2802	12	13	15	1.0
OG_2803	12	17	21	1.0
OG_2804	12	31	51	1.0
OG_2805	10	13	16	1.0
OG_2806	12	50	74	1.0
OG_2807	9	16	17	1.0
OG_2808	12	13	15	1.0
OG_2809	7	19	19	0.9708
OG_2810	12	16	20	1.0
OG_2811	9	11	11	1.0
OG_2812	9	17	19	0.8382
OG_2813	12	13	14	1.0
OG_2814	10	10	13	1.0
OG_2815	9	17	18	1.0
OG_2816	12	12	14	1.0
OG_2817	9	9	9	1.0
OG_2818	10	10	10	1.0
OG_2819	12	12	17	1.0
OG_2820	9	9	9	1.0
OG_2821	7	7	7	1.0
OG_2822	9	9	9	1.0
OG_2823	11	52	69	0.9864
OG_2824	11	11	14	1.0
OG_2825	11	13	36	1.0
OG_2826	12	16	35	1.0
OG_2827	12	14	18	1.0
OG_2828	10	10	11	1.0
OG_2829	12	14	16	1.0
OG_2830	11	15	15	1.0
OG_2831	12	18	29	1.0
OG_2832	12	29	31	1.0
OG_2833	12	16	20	1.0
OG_2834	12	13	15	1.0
OG_2835	7	7	9	1.0
OG_2836	12	14	22	1.0
OG_2837	11	11	17	1.0
OG_2838	12	13	22	1.0
OG_2839	11	11	16	1.0
OG_2840	7	7	9	1.0
OG_2841	4	15	29	0.6476
OG_2842	12	15	19	0.581
OG_2843	12	12	12	1.0
OG_2844	7	37	44	0.8784
OG_2845	10	10	10	1.0
OG_2846	9	10	10	1.0
OG_2847	12	13	18	1.0
OG_2848	7	7	8	1.0
OG_2849	5	5	5	1.0
OG_2850	12	23	30	1.0
OG_2851	12	12	26	1.0
OG_2852	9	9	9	1.0
OG_2853	7	7	8	1.0
OG_2854	12	33	36	0.9811
OG_2855	10	21	23	1.0
OG_2856	12	12	16	1.0
OG_2857	11	18	19	0.732
OG_2858	11	11	15	1.0
OG_2859	9	43	49	0.8394
OG_2860	11	273	390	0.1483
OG_2861	9	9	11	1.0
OG_2862	12	12	13	1.0
OG_2863	12	14	24	1.0
OG_2864	11	11	12	1.0
OG_2865	12	15	19	1.0
OG_2866	6	11	12	1.0
OG_2867	10	13	14	0.8718
OG_2868	12	13	15	1.0
OG_2869	12	13	15	1.0
OG_2870	7	7	10	1.0
OG_2871	12	13	22	0.9744
OG_2872	12	24	27	1.0
OG_2873	10	10	12	1.0
OG_2874	10	10	22	1.0
OG_2875	12	15	20	1.0
OG_2876	11	11	15	1.0
OG_2877	12	12	12	1.0
OG_2878	11	14	20	1.0
OG_2879	12	12	20	1.0
OG_2880	6	14	27	1.0
OG_2881	10	10	11	1.0
OG_2882	6	7	7	1.0
OG_2883	11	11	12	1.0
OG_2884	8	9	9	1.0
OG_2885	12	12	12	1.0
OG_2886	12	12	16	1.0
OG_2887	11	58	77	0.3569
OG_2888	8	8	12	1.0
OG_2889	12	14	16	1.0
OG_2890	4	5	5	0.8
OG_2891	9	102	125	0.6236
OG_2892	11	20	21	1.0
OG_2893	12	13	28	1.0
OG_2894	8	20	22	0.7105
OG_2895	3	17	19	0.7059
OG_2896	7	15	15	0.981
OG_2897	12	129	148	0.5624
OG_2898	9	9	9	1.0
OG_2899	8	8	8	1.0
OG_2900	12	156	173	0.4606
OG_2901	12	46	55	0.7981
OG_2902	2	16	16	0.575
OG_2903	12	15	21	1.0
OG_2904	7	19	23	0.8363
OG_2905	6	15	15	1.0
OG_2906	7	49	74	0.2976
OG_2907	7	13	13	0.5897
OG_2908	12	83	99	0.8484
OG_2909	9	48	52	0.7872
OG_2910	10	10	13	1.0
OG_2911	12	13	15	1.0
OG_2912	5	5	5	1.0
OG_2913	12	14	19	1.0
OG_2914	7	7	7	1.0
OG_2915	12	25	33	1.0
OG_2916	12	12	13	1.0
OG_2917	10	17	18	1.0
OG_2918	12	14	16	0.9121
OG_2919	12	15	27	1.0
OG_2920	10	11	11	1.0
OG_2921	6	6	6	1.0
OG_2922	10	10	10	1.0
OG_2923	12	27	31	1.0
OG_2924	10	10	10	1.0
OG_2925	10	10	11	1.0
OG_2926	12	12	14	1.0
OG_2927	9	9	9	1.0
OG_2928	11	12	14	1.0
OG_2929	6	6	6	1.0
OG_2930	12	13	13	1.0
OG_2931	12	13	15	1.0
OG_2932	4	5	5	1.0
OG_2933	9	10	10	1.0
OG_2934	12	12	13	1.0
OG_2935	10	15	17	1.0
OG_2936	12	13	16	1.0
OG_2937	5	5	5	1.0
OG_2938	11	16	18	0.975
OG_2939	11	11	18	1.0
OG_2940	7	7	11	1.0
OG_2941	12	12	15	1.0
OG_2942	12	16	18	0.9917
OG_2943	10	10	10	1.0
OG_2944	12	14	42	1.0
OG_2945	5	5	5	1.0
OG_2946	10	11	13	1.0
OG_2947	8	8	9	1.0
OG_2948	11	11	12	1.0
OG_2949	8	8	8	1.0
OG_2950	9	9	14	0.9444
OG_2951	10	11	11	1.0
OG_2952	12	18	30	0.8497
OG_2953	8	27	27	0.8661
OG_2954	10	15	19	1.0
OG_2955	12	14	15	1.0
OG_2956	12	17	22	1.0
OG_2957	12	13	15	1.0
OG_2958	7	7	10	1.0
OG_2959	6	6	6	1.0
OG_2960	10	10	11	1.0
OG_2961	12	12	17	1.0
OG_2962	12	12	13	1.0
OG_2963	12	13	21	1.0
OG_2964	7	7	8	1.0
OG_2965	12	12	12	1.0
OG_2966	8	9	10	0.9167
OG_2967	12	12	15	1.0
OG_2968	12	13	19	1.0
OG_2969	6	57	72	0.2939
OG_2970	9	12	15	1.0
OG_2971	9	9	13	1.0
OG_2972	10	11	12	1.0
OG_2973	10	10	10	1.0
OG_2974	12	13	16	1.0
OG_2975	12	14	25	1.0
OG_2976	11	12	14	1.0
OG_2977	12	327	370	0.24
OG_2978	11	16	25	0.875
OG_2979	8	53	68	0.4637
OG_2980	10	59	63	0.8925
OG_2981	9	15	19	1.0
OG_2982	11	11	12	1.0
OG_2983	12	12	24	1.0
OG_2984	11	11	11	1.0
OG_2985	11	13	13	0.7436
OG_2986	12	131	206	0.5742
OG_2987	12	14	18	1.0
OG_2988	5	8	8	1.0
OG_2989	12	21	24	0.9095
OG_2990	12	15	17	1.0
OG_2991	12	14	18	1.0
OG_2992	12	15	28	1.0
OG_2993	11	17	20	1.0
OG_2994	11	59	68	0.9001
OG_2995	12	14	17	1.0
OG_2996	10	12	12	0.803
OG_2997	12	12	14	1.0
OG_2998	9	13	16	1.0
OG_2999	9	9	11	1.0
OG_3000	12	16	20	0.875
OG_3001	10	11	11	1.0
OG_3002	7	11	11	1.0
OG_3003	5	5	5	1.0
OG_3004	8	8	9	1.0
OG_3005	11	11	15	1.0
OG_3006	4	5	5	1.0
OG_3007	12	12	22	1.0
OG_3008	12	12	17	1.0
OG_3009	12	12	18	1.0
OG_3010	12	55	67	0.2451
OG_3011	2	4	5	1.0
OG_3012	7	7	15	1.0
OG_3013	2	4	4	1.0
OG_3014	5	18	23	0.5621
OG_3015	10	10	10	1.0
OG_3016	9	12	12	1.0
OG_3017	7	7	7	1.0
OG_3018	5	5	5	0.8
OG_3019	6	15	19	0.819
OG_3020	8	9	9	1.0
OG_3021	12	14	17	1.0
OG_3022	12	15	20	1.0
OG_3023	11	11	12	1.0
OG_3024	12	12	17	1.0
OG_3025	6	25	32	0.4667
OG_3026	11	11	12	1.0
OG_3027	12	14	17	1.0
OG_3028	11	11	16	1.0
OG_3029	10	10	10	1.0
OG_3030	9	9	9	1.0
OG_3031	8	8	9	1.0
OG_3032	11	52	59	0.5324
OG_3033	8	10	10	1.0
OG_3034	11	12	13	1.0
OG_3035	10	10	10	1.0
OG_3036	6	6	7	1.0
OG_3037	9	9	9	1.0
OG_3038	10	10	13	1.0
OG_3039	11	11	12	1.0
OG_3040	11	11	11	1.0
OG_3041	8	9	10	1.0
OG_3042	12	88	107	0.6191
OG_3043	11	11	12	1.0
OG_3044	7	7	7	1.0
OG_3045	11	11	11	1.0
OG_3046	12	15	20	1.0
OG_3047	6	6	6	1.0
OG_3048	12	21	25	1.0
OG_3049	7	8	8	1.0
OG_3050	12	12	19	1.0
OG_3051	5	5	8	1.0
OG_3052	12	12	13	1.0
OG_3053	10	10	10	1.0
OG_3054	10	180	245	0.2882
OG_3055	12	14	15	1.0
OG_3056	12	16	32	0.65
OG_3057	12	13	14	1.0
OG_3058	9	9	9	1.0
OG_3059	10	13	14	1.0
OG_3060	9	9	10	1.0
OG_3061	8	8	14	1.0
OG_3062	12	12	12	1.0
OG_3063	6	10	10	1.0
OG_3064	12	20	21	1.0
OG_3065	3	6	6	1.0
OG_3066	4	6	6	1.0
OG_3067	11	11	11	1.0
OG_3068	12	14	17	1.0
OG_3069	7	9	9	1.0
OG_3070	6	6	8	1.0
OG_3071	12	13	13	1.0
OG_3072	10	10	15	1.0
OG_3073	12	15	19	1.0
OG_3074	7	28	33	0.873
OG_3075	10	10	15	1.0
OG_3076	6	7	7	1.0
OG_3077	12	12	13	1.0
OG_3078	8	8	17	1.0
OG_3079	11	15	22	1.0
OG_3080	6	6	6	1.0
OG_3081	10	12	13	1.0
OG_3082	11	11	14	1.0
OG_3083	12	15	36	1.0
OG_3084	12	12	13	1.0
OG_3085	10	73	80	0.8995
OG_3086	8	8	9	1.0
OG_3087	6	6	6	1.0
OG_3088	12	51	55	0.6086
OG_3089	11	17	23	0.4926
OG_3090	10	10	12	1.0
OG_3091	9	9	9	1.0
OG_3092	9	24	29	0.5217
OG_3093	12	12	12	1.0
OG_3094	10	10	10	1.0
OG_3095	12	19	26	0.5965
OG_3096	12	12	15	1.0
OG_3097	12	12	12	1.0
OG_3098	12	351	547	0.0588
OG_3099	10	10	11	1.0
OG_3100	7	8	9	1.0
OG_3101	11	11	11	1.0
OG_3102	11	64	72	0.623
OG_3103	12	14	15	1.0
OG_3104	9	9	9	1.0
OG_3105	7	7	8	1.0
OG_3106	8	13	18	1.0
OG_3107	6	6	7	1.0
OG_3108	5	6	7	1.0
OG_3109	9	13	17	1.0
OG_3110	12	12	12	1.0
OG_3111	6	6	6	1.0
OG_3112	12	20	21	1.0
OG_3113	12	19	29	1.0
OG_3114	11	11	14	1.0
OG_3115	11	14	16	1.0
OG_3116	8	8	9	1.0
OG_3117	12	21	26	1.0
OG_3118	9	9	9	1.0
OG_3119	12	435	681	0.0629
OG_3120	8	10	10	1.0
OG_3121	12	12	14	1.0
OG_3122	12	12	15	1.0
OG_3123	5	11	14	0.8909
OG_3124	12	14	14	1.0
OG_3125	7	8	15	0.9643
OG_3126	6	6	6	1.0
OG_3127	9	9	16	1.0
OG_3128	11	13	16	1.0
OG_3129	12	27	29	0.8632
OG_3130	9	9	12	1.0
OG_3131	12	16	28	0.7833
OG_3132	12	14	15	0.8901
OG_3133	12	162	224	0.3505
OG_3134	10	13	16	0.9487
OG_3135	12	13	18	1.0
OG_3136	11	17	21	0.5956
OG_3137	9	9	9	1.0
OG_3138	12	13	14	1.0
OG_3139	12	42	49	1.0
OG_3140	11	14	17	0.7912
OG_3141	10	11	20	0.9273
OG_3142	12	12	15	1.0
OG_3143	12	12	12	1.0
OG_3144	12	16	17	1.0
OG_3145	12	17	21	1.0
OG_3146	12	12	14	1.0
OG_3147	7	7	7	1.0
OG_3148	6	6	7	1.0
OG_3149	10	10	11	1.0
OG_3150	12	12	17	1.0
OG_3151	3	8	12	0.6786
OG_3152	7	11	11	1.0
OG_3153	6	17	24	0.875
OG_3154	10	44	50	0.87
OG_3155	2	15	16	0.8857
OG_3156	12	14	17	0.8132
OG_3157	12	12	12	1.0
OG_3158	11	29	29	0.9433
OG_3159	7	7	9	1.0
OG_3160	7	8	8	1.0
OG_3161	6	12	14	0.9242
OG_3162	7	8	9	1.0
OG_3163	12	13	13	1.0
OG_3164	5	12	12	0.8636
OG_3165	12	12	18	1.0
OG_3166	10	17	24	1.0
OG_3167	7	26	29	0.7169
OG_3168	11	11	13	1.0
OG_3169	11	11	14	1.0
OG_3170	9	12	52	1.0
OG_3171	11	12	13	1.0
OG_3172	12	138	161	0.471
OG_3173	12	13	14	1.0
OG_3174	9	10	10	1.0
OG_3175	11	11	17	1.0
OG_3176	7	17	27	0.6838
OG_3177	11	13	17	1.0
OG_3178	11	13	17	0.7564
OG_3179	12	12	14	1.0
OG_3180	12	26	28	0.8708
OG_3181	11	11	13	1.0
OG_3182	12	15	35	0.8762
OG_3183	7	7	7	1.0
OG_3184	12	15	18	1.0
OG_3185	9	10	11	1.0
OG_3186	12	15	21	1.0
OG_3187	8	8	8	1.0
OG_3188	10	43	48	0.7652
OG_3189	11	17	25	1.0
OG_3190	9	41	42	0.8
OG_3191	9	65	83	0.6971
OG_3192	6	6	7	1.0
OG_3193	11	17	20	1.0
OG_3194	9	12	12	1.0
OG_3195	12	18	23	1.0
OG_3196	12	12	15	1.0
OG_3197	9	10	12	1.0
OG_3198	9	11	11	0.7455
OG_3199	11	11	11	1.0
OG_3200	4	16	17	0.7083
OG_3201	10	11	12	1.0
OG_3202	11	11	32	1.0
OG_3203	12	12	17	1.0
OG_3204	12	30	49	0.5172
OG_3205	6	6	6	1.0
OG_3206	9	10	14	1.0
OG_3207	12	12	15	1.0
OG_3208	12	15	17	1.0
OG_3209	7	7	8	1.0
OG_3210	11	11	13	1.0
OG_3211	10	10	14	1.0
OG_3212	12	14	17	1.0
OG_3213	10	10	10	1.0
OG_3214	3	5	6	1.0
OG_3215	12	14	20	0.9451
OG_3216	9	12	12	1.0
OG_3217	12	14	16	1.0
OG_3218	12	13	14	1.0
OG_3219	11	12	15	1.0
OG_3220	12	12	12	1.0
OG_3221	12	12	12	0.7273
OG_3222	12	12	12	1.0
OG_3223	12	15	18	1.0
OG_3224	12	12	16	1.0
OG_3225	8	28	29	0.9312
OG_3226	6	22	22	0.7489
OG_3227	11	11	11	1.0
OG_3228	9	10	11	1.0
OG_3229	11	14	17	1.0
OG_3230	12	12	15	1.0
OG_3231	12	13	18	1.0
OG_3232	12	17	18	1.0
OG_3233	11	11	11	1.0
OG_3234	9	9	10	1.0
OG_3235	12	12	12	1.0
OG_3236	12	15	19	1.0
OG_3237	12	13	15	1.0
OG_3238	8	9	10	1.0
OG_3239	11	11	11	1.0
OG_3240	9	25	25	1.0
OG_3241	4	5	5	1.0
OG_3242	12	13	14	1.0
OG_3243	12	12	13	1.0
OG_3244	12	14	16	1.0
OG_3245	8	48	67	0.7677
OG_3246	12	17	18	0.5662
OG_3247	12	24	27	0.9058
OG_3248	8	8	28	1.0
OG_3249	6	30	47	0.5356
OG_3250	12	244	274	0.2777
OG_3251	12	15	17	1.0
OG_3252	12	12	22	1.0
OG_3253	10	10	13	0.8667
OG_3254	11	11	12	1.0
OG_3255	12	16	16	1.0
OG_3256	12	12	13	1.0
OG_3257	12	17	26	1.0
OG_3258	9	17	28	1.0
OG_3259	12	17	22	1.0
OG_3260	5	5	5	1.0
OG_3261	5	5	5	1.0
OG_3262	5	6	7	1.0
OG_3263	9	32	40	1.0
OG_3264	12	13	17	1.0
OG_3265	8	90	137	0.182
OG_3266	5	16	16	0.925
OG_3267	9	9	10	1.0
OG_3268	12	126	182	0.5388
OG_3269	12	18	18	1.0
OG_3270	3	6	7	1.0
OG_3271	12	24	31	0.5652
OG_3272	12	15	17	1.0
OG_3273	9	9	11	1.0
OG_3274	12	12	29	1.0
OG_3275	9	9	9	1.0
OG_3276	12	13	13	1.0
OG_3277	5	5	9	1.0
OG_3278	8	14	25	1.0
OG_3279	10	11	12	1.0
OG_3280	11	11	11	1.0
OG_3281	11	12	13	1.0
OG_3282	12	12	14	1.0
OG_3283	10	12	28	1.0
OG_3284	9	9	9	1.0
OG_3285	10	10	19	1.0
OG_3286	10	39	49	0.8016
OG_3287	7	61	71	0.2984
OG_3288	12	14	16	0.7582
OG_3289	12	14	17	1.0
OG_3290	11	12	14	1.0
OG_3291	6	7	7	1.0
OG_3292	11	13	16	1.0
OG_3293	10	11	12	1.0
OG_3294	9	9	10	1.0
OG_3295	10	10	11	1.0
OG_3296	11	11	19	1.0
OG_3297	12	13	15	1.0
OG_3298	12	14	17	1.0
OG_3299	12	121	149	0.555
OG_3300	11	12	12	1.0
OG_3301	9	9	9	1.0
OG_3302	5	5	5	1.0
OG_3303	11	11	12	1.0
OG_3304	12	19	22	1.0
OG_3305	12	14	19	1.0
OG_3306	8	64	74	0.3839
OG_3307	2	6	6	1.0
OG_3308	12	12	13	1.0
OG_3309	12	17	21	0.7941
OG_3310	11	11	13	1.0
OG_3311	10	10	12	1.0
OG_3312	11	11	11	1.0
OG_3313	10	28	29	0.8862
OG_3314	5	70	88	0.2936
OG_3315	12	16	18	1.0
OG_3316	11	13	14	1.0
OG_3317	11	14	29	1.0
OG_3318	9	9	10	1.0
OG_3319	12	14	19	1.0
OG_3320	5	10	10	0.6667
OG_3321	7	46	53	0.4473
OG_3322	9	10	17	1.0
OG_3323	9	13	16	0.8718
OG_3324	12	13	16	1.0
OG_3325	10	10	12	1.0
OG_3326	12	13	17	1.0
OG_3327	8	9	9	1.0
OG_3328	7	7	8	1.0
OG_3329	12	12	12	1.0
OG_3330	6	58	60	0.3587
OG_3331	12	14	15	0.7582
OG_3332	12	14	21	1.0
OG_3333	7	15	21	0.8
OG_3334	7	62	88	0.3162
OG_3335	10	12	14	1.0
OG_3336	12	14	15	1.0
OG_3337	12	12	18	1.0
OG_3338	8	9	12	1.0
OG_3339	8	8	14	1.0
OG_3340	10	12	24	1.0
OG_3341	12	13	13	1.0
OG_3342	9	9	17	1.0
OG_3343	11	16	21	0.7083
OG_3344	11	13	13	0.8718
OG_3345	9	9	9	1.0
OG_3346	11	11	17	1.0
OG_3347	10	10	14	1.0
OG_3348	12	14	15	1.0
OG_3349	12	13	18	1.0
OG_3350	12	16	16	1.0
OG_3351	7	21	21	0.9667
OG_3352	11	14	26	0.8571
OG_3353	11	12	13	1.0
OG_3354	11	13	17	0.859
OG_3355	9	9	9	1.0
OG_3356	10	10	10	1.0
OG_3357	11	11	18	1.0
OG_3358	12	13	15	1.0
OG_3359	12	14	22	1.0
OG_3360	12	166	274	0.3244
OG_3361	11	11	14	1.0
OG_3362	12	12	14	1.0
OG_3363	12	12	16	1.0
OG_3364	8	8	9	1.0
OG_3365	12	13	31	1.0
OG_3366	12	13	14	1.0
OG_3367	12	20	25	0.8947
OG_3368	5	9	9	0.6944
OG_3369	12	124	132	0.53
OG_3370	12	12	12	1.0
OG_3371	12	12	13	1.0
OG_3372	11	11	14	1.0
OG_3373	9	10	10	1.0
OG_3374	4	16	29	0.5667
OG_3375	7	7	7	1.0
OG_3376	12	13	18	1.0
OG_3377	8	11	11	1.0
OG_3378	11	11	19	1.0
OG_3379	12	12	14	1.0
OG_3380	10	10	10	1.0
OG_3381	12	15	15	1.0
OG_3382	8	9	9	1.0
OG_3383	12	135	159	0.5003
OG_3384	9	9	20	1.0
OG_3385	4	5	8	1.0
OG_3386	11	14	19	1.0
OG_3387	12	12	15	1.0
OG_3388	10	10	11	1.0
OG_3389	12	15	18	0.6857
OG_3390	7	7	8	1.0
OG_3391	10	11	12	1.0
OG_3392	12	12	15	1.0
OG_3393	12	15	20	1.0
OG_3394	9	10	10	1.0
OG_3395	12	13	13	1.0
OG_3396	9	20	24	0.9
OG_3397	11	11	12	1.0
OG_3398	12	13	14	1.0
OG_3399	9	9	12	1.0
OG_3400	12	12	16	1.0
OG_3401	12	12	15	1.0
OG_3402	8	10	10	1.0
OG_3403	10	10	14	1.0
OG_3404	12	14	17	1.0
OG_3405	7	13	19	1.0
OG_3406	12	13	18	1.0
OG_3407	9	9	9	1.0
OG_3408	12	13	15	1.0
OG_3409	7	19	19	0.7368
OG_3410	9	10	13	0.8444
OG_3411	5	114	161	0.1705
OG_3412	11	16	16	1.0
OG_3413	10	32	48	0.994
OG_3414	11	12	20	1.0
OG_3415	10	10	12	1.0
OG_3416	6	6	6	1.0
OG_3417	10	10	13	1.0
OG_3418	6	7	7	0.6667
OG_3419	10	35	77	0.8252
OG_3420	9	9	11	1.0
OG_3421	12	16	18	1.0
OG_3422	12	12	14	0.9697
OG_3423	11	11	17	1.0
OG_3424	12	14	14	1.0
OG_3425	12	16	17	1.0
OG_3426	12	19	23	1.0
OG_3427	12	15	17	1.0
OG_3428	7	13	16	0.4231
OG_3429	10	11	14	1.0
OG_3430	10	10	10	1.0
OG_3431	4	18	21	0.4575
OG_3432	10	11	17	1.0
OG_3433	9	9	11	1.0
OG_3434	11	14	25	1.0
OG_3435	12	13	13	1.0
OG_3436	12	12	14	1.0
OG_3437	12	17	19	1.0
OG_3438	10	10	11	1.0
OG_3439	8	8	12	1.0
OG_3440	12	12	12	1.0
OG_3441	12	14	14	1.0
OG_3442	9	9	12	1.0
OG_3443	9	10	12	0.8444
OG_3444	11	12	17	0.8485
OG_3445	12	12	12	1.0
OG_3446	10	10	10	1.0
OG_3447	12	17	34	0.8015
OG_3448	12	13	15	1.0
OG_3449	12	23	28	1.0
OG_3450	2	3	3	1.0
OG_3451	12	12	13	1.0
OG_3452	9	10	15	1.0
OG_3453	10	10	11	1.0
OG_3454	11	311	408	0.0849
OG_3455	12	226	353	0.1213
OG_3456	3	7	7	0.6667
OG_3457	5	23	24	0.7708
OG_3458	12	34	34	0.943
OG_3459	11	11	12	1.0
OG_3460	8	10	10	1.0
OG_3461	12	15	28	1.0
OG_3462	10	146	156	0.2639
OG_3463	12	13	21	1.0
OG_3464	12	12	12	1.0
OG_3465	11	11	16	1.0
OG_3466	11	18	22	1.0
OG_3467	11	12	16	1.0
OG_3468	7	32	40	0.8145
OG_3469	12	14	16	1.0
OG_3470	10	12	19	1.0
OG_3471	8	8	8	1.0
OG_3472	11	11	11	1.0
OG_3473	12	25	30	1.0
OG_3474	12	17	19	1.0
OG_3475	12	13	15	1.0
OG_3476	3	7	7	1.0
OG_3477	12	14	17	1.0
OG_3478	11	11	15	1.0
OG_3479	12	13	17	1.0
OG_3480	10	20	20	1.0
OG_3481	9	9	9	1.0
OG_3482	7	99	114	0.1763
OG_3483	12	13	15	1.0
OG_3484	7	8	10	1.0
OG_3485	12	15	15	0.7714
OG_3486	9	9	11	1.0
OG_3487	7	19	19	0.9123
OG_3488	4	7	7	1.0
OG_3489	7	32	35	0.5222
OG_3490	12	68	92	0.8876
OG_3491	9	55	66	0.5468
OG_3492	9	9	9	1.0
OG_3493	9	9	9	1.0
OG_3494	9	9	9	1.0
OG_3495	12	12	15	1.0
OG_3496	2	4	6	1.0
OG_3497	9	30	39	0.7839
OG_3498	10	10	12	1.0
OG_3499	11	40	44	0.8051
OG_3500	9	9	9	1.0
OG_3501	12	15	19	0.6857
OG_3502	3	4	4	1.0
OG_3503	10	295	424	0.1304
OG_3504	2	6	6	1.0
OG_3505	8	36	36	0.5413
OG_3506	11	11	13	1.0
OG_3507	11	204	241	0.1111
OG_3508	12	12	15	1.0
OG_3509	6	33	34	0.2898
OG_3510	9	9	18	1.0
OG_3511	8	8	8	1.0
OG_3512	12	13	14	1.0
OG_3513	11	13	13	1.0
OG_3514	12	13	15	1.0
OG_3515	4	21	24	0.6667
OG_3516	12	16	22	1.0
OG_3517	9	9	12	1.0
OG_3518	6	75	102	0.4966
OG_3519	12	12	16	1.0
OG_3520	12	16	18	1.0
OG_3521	10	10	11	1.0
OG_3522	10	12	13	0.7273
OG_3523	9	9	17	1.0
OG_3524	12	14	16	1.0
OG_3525	10	11	12	1.0
OG_3526	10	12	12	0.7273
OG_3527	11	12	12	1.0
OG_3528	12	15	19	1.0
OG_3529	9	117	134	0.1917
OG_3530	10	10	11	1.0
OG_3531	5	13	13	1.0
OG_3532	3	8	15	0.75
OG_3533	4	12	13	0.8939
OG_3534	7	18	18	0.5098
OG_3535	10	12	20	1.0
OG_3536	10	11	13	1.0
OG_3537	9	10	11	1.0
OG_3538	10	26	29	0.6738
OG_3539	9	9	10	1.0
OG_3540	11	11	23	1.0
OG_3541	9	9	10	0.8333
OG_3542	11	11	11	1.0
OG_3543	7	25	28	0.6
OG_3544	4	9	16	1.0
OG_3545	12	16	23	1.0
OG_3546	9	15	15	0.5429
OG_3547	12	135	184	0.236
OG_3548	10	91	110	0.7314
OG_3549	10	314	397	0.0851
OG_3550	6	6	10	1.0
OG_3551	11	170	229	0.1852
OG_3552	12	13	13	1.0
OG_3553	12	12	13	1.0
OG_3554	12	12	12	1.0
OG_3555	11	11	11	1.0
OG_3556	12	13	17	1.0
OG_3557	7	7	7	1.0
OG_3558	6	6	13	1.0
OG_3559	12	14	14	1.0
OG_3560	12	13	16	1.0
OG_3561	10	10	11	1.0
OG_3562	5	35	77	0.4286
OG_3563	12	206	278	0.1821
OG_3564	12	19	19	1.0
OG_3565	11	11	12	1.0
OG_3566	11	11	12	1.0
OG_3567	11	18	21	1.0
OG_3568	7	106	134	0.1527
OG_3569	2	10	12	0.6
OG_3570	8	9	10	1.0
OG_3571	11	11	11	1.0
OG_3572	10	10	11	1.0
OG_3573	12	23	26	1.0
OG_3574	11	12	13	1.0
OG_3575	7	10	10	1.0
OG_3576	4	17	19	0.6471
OG_3577	10	34	45	0.7932
OG_3578	12	13	22	1.0
OG_3579	4	17	27	0.4926
OG_3580	12	20	26	0.8211
OG_3581	8	27	30	0.3846
OG_3582	12	16	24	1.0
OG_3583	11	11	16	1.0
OG_3584	9	9	10	1.0
OG_3585	7	7	8	1.0
OG_3586	12	12	13	1.0
OG_3587	12	16	16	0.7833
OG_3588	10	10	13	1.0
OG_3589	9	11	11	1.0
OG_3590	10	13	14	0.8718
OG_3591	3	8	9	0.9286
OG_3592	5	14	14	0.8022
OG_3593	3	6	6	0.8667
OG_3594	12	133	177	0.3795
OG_3595	6	21	21	0.6857
OG_3596	11	12	12	1.0
OG_3597	12	13	14	1.0
OG_3598	10	12	13	1.0
OG_3599	8	8	8	1.0
OG_3600	3	8	10	1.0
OG_3601	4	12	12	0.7727
OG_3602	12	21	33	0.8429
OG_3603	4	7	9	1.0
OG_3604	8	177	228	0.1355
OG_3605	5	15	15	0.5524
OG_3606	10	37	41	0.7117
OG_3607	11	220	305	0.1337
OG_3608	12	12	15	1.0
OG_3609	12	16	21	0.7833
OG_3610	9	87	114	0.2315
OG_3611	7	8	9	1.0
OG_3612	12	16	20	0.9
OG_3613	11	11	13	1.0
OG_3614	11	11	11	1.0
OG_3615	12	221	307	0.155
OG_3616	4	15	21	0.5714
OG_3617	12	12	16	1.0
OG_3618	6	6	6	1.0
OG_3619	11	11	13	1.0
OG_3620	6	26	30	0.6708
OG_3621	11	13	19	1.0
OG_3622	4	16	20	0.6667
OG_3623	10	70	97	0.4841
OG_3624	12	23	26	0.7866
OG_3625	12	161	179	0.5756
OG_3626	9	19	22	0.9064
OG_3627	12	20	22	1.0
OG_3628	11	18	20	1.0
OG_3629	11	11	11	1.0
OG_3630	7	7	8	1.0
OG_3631	12	12	13	1.0
OG_3632	3	4	4	1.0
OG_3633	9	75	108	0.2443
OG_3634	12	13	14	1.0
OG_3635	11	12	13	1.0
OG_3636	10	10	11	1.0
OG_3637	12	56	77	0.3227
OG_3638	9	9	13	1.0
OG_3639	11	15	16	0.9524
OG_3640	12	12	15	1.0
OG_3641	8	60	81	0.4989
OG_3642	6	33	46	0.4678
OG_3643	11	27	32	0.6182
OG_3644	12	13	14	1.0
OG_3645	5	45	55	0.4495
OG_3646	11	12	12	1.0
OG_3647	11	11	14	1.0
OG_3648	11	14	17	1.0
OG_3649	3	10	10	0.5556
OG_3650	10	79	110	0.4356
OG_3651	5	5	5	1.0
OG_3652	9	34	55	0.4742
OG_3653	11	14	14	1.0
OG_3654	12	12	13	1.0
OG_3655	7	14	17	1.0
OG_3656	6	7	7	1.0
OG_3657	11	12	12	1.0
OG_3658	6	54	63	0.4962
OG_3659	5	28	37	0.3915
OG_3660	11	370	482	0.0723
OG_3661	6	22	33	0.8745
OG_3662	5	16	20	0.875
OG_3663	12	14	17	1.0
OG_3664	6	8	8	1.0
OG_3665	12	13	16	1.0
OG_3666	7	82	87	0.3908
OG_3667	7	18	19	0.9869
OG_3668	12	12	14	1.0
OG_3669	8	8	8	1.0
OG_3670	5	5	6	1.0
OG_3671	9	42	53	0.6806
OG_3672	8	8	8	1.0
OG_3673	7	7	8	1.0
OG_3674	12	12	13	1.0
OG_3675	10	10	11	1.0
OG_3676	11	11	12	1.0
OG_3677	10	11	12	1.0
OG_3678	12	12	23	1.0
OG_3679	12	13	13	1.0
OG_3680	6	18	19	0.6405
OG_3681	4	11	11	0.4909
OG_3682	12	12	14	1.0
OG_3683	11	13	14	1.0
OG_3684	6	6	6	1.0
OG_3685	9	9	9	1.0
OG_3686	3	7	7	1.0
OG_3687	6	25	27	0.56
OG_3688	12	12	16	1.0
OG_3689	2	16	16	0.5833
OG_3690	10	10	12	1.0
OG_3691	7	14	14	0.8901
OG_3692	3	10	14	0.7333
OG_3693	12	13	19	1.0
OG_3694	12	16	16	1.0
OG_3695	9	10	25	1.0
OG_3696	3	8	8	0.8214
OG_3697	10	51	58	0.3733
OG_3698	7	112	141	0.2255
OG_3699	4	10	17	0.4667
OG_3700	9	22	22	0.9307
OG_3701	8	13	18	1.0
OG_3702	11	12	13	1.0
OG_3703	9	9	9	1.0
OG_3704	12	13	14	1.0
OG_3705	8	8	8	1.0
OG_3706	12	13	13	1.0
OG_3707	12	13	23	1.0
OG_3708	12	12	12	1.0
OG_3709	12	12	12	1.0
OG_3710	11	28	29	0.5794
OG_3711	4	9	10	1.0
OG_3712	7	7	7	1.0
OG_3713	9	9	9	1.0
OG_3714	12	16	16	1.0
OG_3715	12	12	12	1.0
OG_3716	12	20	23	1.0
OG_3717	6	56	63	0.2331
OG_3718	7	43	88	0.4474
OG_3719	7	18	19	0.4183
OG_3720	12	14	15	1.0
OG_3721	6	47	66	0.3404
OG_3722	12	23	27	0.7747
OG_3723	10	10	11	1.0
OG_3724	12	18	21	0.6797
OG_3725	12	22	25	1.0
OG_3726	8	15	17	0.6667
OG_3727	8	22	24	0.8874
OG_3728	12	14	15	1.0
OG_3729	12	13	18	1.0
OG_3730	10	12	15	1.0
OG_3731	4	18	21	0.4052
OG_3732	3	7	7	1.0
OG_3733	12	13	24	1.0
OG_3734	7	13	20	0.641
OG_3735	5	11	12	0.5636
OG_3736	12	12	15	1.0
OG_3737	12	12	12	1.0
OG_3738	6	41	48	0.3756
OG_3739	10	10	10	1.0
OG_3740	3	4	4	1.0
OG_3741	5	17	18	0.7574
OG_3742	11	114	172	0.3448
OG_3743	11	11	12	1.0
OG_3744	12	13	13	1.0
OG_3745	7	8	8	1.0
OG_3746	9	9	15	1.0
OG_3747	12	12	13	1.0
OG_3748	12	28	28	0.8439
OG_3749	12	15	17	0.6857
OG_3750	7	7	7	1.0
OG_3751	11	12	12	1.0
OG_3752	8	15	16	0.9429
OG_3753	4	5	5	1.0
OG_3754	12	12	13	1.0
OG_3755	12	12	13	1.0
OG_3756	7	32	43	0.506
OG_3757	12	15	19	1.0
OG_3758	9	10	10	1.0
OG_3759	12	12	13	1.0
OG_3760	4	19	23	0.7485
OG_3761	7	19	19	0.5789
OG_3762	5	6	6	1.0
OG_3763	7	7	7	1.0
OG_3764	9	32	37	0.7177
OG_3765	12	16	21	1.0
OG_3766	12	12	26	1.0
OG_3767	11	11	11	1.0
OG_3768	12	14	16	1.0
OG_3769	11	11	24	1.0
OG_3770	12	14	24	1.0
OG_3771	9	11	15	0.8364
OG_3772	9	73	119	0.2896
OG_3773	4	8	8	0.9643
OG_3774	11	12	13	1.0
OG_3775	5	18	18	0.5294
OG_3776	10	11	11	1.0
OG_3777	11	14	24	1.0
OG_3778	12	326	462	0.0975
OG_3779	6	46	49	0.2618
OG_3780	9	185	273	0.0958
OG_3781	11	62	70	0.9778
OG_3782	12	14	14	1.0
OG_3783	12	12	30	1.0
OG_3784	9	10	11	1.0
OG_3785	9	10	11	1.0
OG_3786	3	5	5	1.0
OG_3787	9	41	54	0.8939
OG_3788	12	12	41	1.0
OG_3789	12	12	18	1.0
OG_3790	12	15	24	0.7714
OG_3791	12	14	14	1.0
OG_3792	8	9	9	1.0
OG_3793	11	118	144	0.3985
OG_3794	12	12	12	1.0
OG_3795	2	10	12	0.8667
OG_3796	12	16	16	1.0
OG_3797	11	164	239	0.2164
OG_3798	11	13	13	1.0
OG_3799	11	19	20	0.8304
OG_3800	11	17	22	1.0
OG_3801	8	13	13	1.0
OG_3802	8	27	32	0.9202
OG_3803	7	28	39	0.3545
OG_3804	12	13	14	1.0
OG_3805	12	13	13	1.0
OG_3806	9	13	13	1.0
OG_3807	12	16	21	1.0
OG_3808	12	12	12	1.0
OG_3809	11	11	11	1.0
OG_3810	12	13	13	1.0
OG_3811	12	15	15	1.0
OG_3812	11	13	13	1.0
OG_3813	12	13	13	1.0
OG_3814	12	12	16	1.0
OG_3815	9	9	10	1.0
OG_3816	11	138	153	0.2248
OG_3817	12	14	15	0.7582
OG_3818	11	13	13	1.0
OG_3819	12	13	13	1.0
OG_3820	4	9	10	1.0
OG_3821	9	19	19	0.5556
OG_3822	8	17	22	0.7941
OG_3823	2	7	7	1.0
OG_3824	2	5	5	1.0
OG_3825	12	13	15	1.0
OG_3826	11	134	287	0.2503
OG_3827	7	37	49	0.458
OG_3828	11	12	12	1.0
OG_3829	11	14	17	1.0
OG_3830	7	7	7	1.0
OG_3831	9	66	77	0.359
OG_3832	3	8	9	0.7857
OG_3833	9	52	72	0.5875
OG_3834	3	10	11	1.0
OG_3835	12	12	12	1.0
OG_3836	11	11	12	0.7091
OG_3837	8	8	10	1.0
OG_3838	4	4	5	1.0
OG_3839	12	12	14	1.0
OG_3840	4	12	12	0.6667
OG_3841	11	11	11	0.8364
OG_3842	8	8	11	1.0
OG_3843	6	10	11	1.0
OG_3844	2	7	7	0.8095
OG_3845	10	31	39	0.9978
OG_3846	12	94	134	0.2793
OG_3847	10	102	141	0.2062
OG_3848	2	4	4	1.0
OG_3849	12	19	20	1.0
OG_3850	7	8	12	0.7857
OG_3851	7	8	8	1.0
OG_3852	6	12	13	0.8939
OG_3853	4	4	4	1.0
OG_3854	8	45	62	0.3081
OG_3855	8	44	54	0.686
OG_3856	12	17	19	0.7941
OG_3857	9	9	10	1.0
OG_3858	5	41	52	0.4122
OG_3859	11	32	35	0.9254
OG_3860	9	9	11	1.0
OG_3861	7	7	8	1.0
OG_3862	11	11	15	1.0
OG_3863	12	12	15	1.0
OG_3864	11	12	14	1.0
OG_3865	11	11	12	1.0
OG_3866	4	6	8	1.0
OG_3867	7	7	8	1.0
OG_3868	12	12	20	1.0
OG_3869	2	4	5	1.0
OG_3870	7	8	12	1.0
OG_3871	4	4	4	1.0
OG_3872	5	5	7	1.0
OG_3873	12	15	17	0.8857
OG_3874	12	13	16	1.0
OG_3875	12	22	24	1.0
OG_3876	3	5	5	1.0
OG_3877	11	22	28	0.684
OG_3878	12	16	22	1.0
OG_3879	12	12	13	1.0
OG_3880	3	12	13	0.5303
OG_3881	3	17	18	0.6985
OG_3882	12	17	20	0.7941
OG_3883	4	8	9	0.8571
OG_3884	12	12	12	1.0
OG_3885	2	6	6	1.0
OG_3886	11	11	11	1.0
OG_3887	12	12	46	1.0
OG_3888	8	8	8	1.0
OG_3889	10	10	14	1.0
OG_3890	11	13	14	1.0
OG_3891	9	9	10	1.0
OG_3892	5	8	8	0.9286
OG_3893	7	7	8	1.0
OG_3894	8	8	8	1.0
OG_3895	12	17	19	0.7941
OG_3896	12	12	18	1.0
OG_3897	9	9	9	1.0
OG_3898	12	13	17	1.0
OG_3899	10	10	11	1.0
OG_3900	8	35	55	0.5966
OG_3901	9	66	115	0.4741
OG_3902	12	14	17	0.7582
OG_3903	12	13	13	1.0
OG_3904	12	133	222	0.1782
OG_3905	10	24	54	0.9384
OG_3906	12	12	18	0.8636
OG_3907	12	13	14	1.0
OG_3908	12	12	20	1.0
OG_3909	12	14	18	1.0
OG_3910	12	14	21	1.0
OG_3911	9	9	14	1.0
OG_3912	3	4	4	1.0
OG_3913	5	23	25	0.4427
OG_3914	12	14	15	1.0
OG_3915	12	13	16	1.0
OG_3916	11	11	11	1.0
OG_3917	11	13	13	0.8974
OG_3918	11	11	12	1.0
OG_3919	2	5	5	1.0
OG_3920	7	11	13	1.0
OG_3921	12	13	14	0.8718
OG_3922	5	17	17	0.4632
OG_3923	3	18	21	0.549
OG_3924	9	14	21	1.0
OG_3925	11	11	12	1.0
OG_3926	11	16	25	1.0
OG_3927	12	16	29	1.0
OG_3928	8	37	49	0.5646
OG_3929	7	9	10	1.0
OG_3930	7	48	51	0.4477
OG_3931	11	12	17	0.8636
OG_3932	6	32	32	0.5786
OG_3933	10	112	148	0.2009
OG_3934	2	4	7	1.0
OG_3935	8	43	50	0.6379
OG_3936	12	47	61	0.9796
OG_3937	6	38	45	0.3926
OG_3938	9	12	14	0.8636
OG_3939	2	8	9	0.8571
OG_3940	9	106	110	0.2746
OG_3941	12	12	15	1.0
OG_3942	9	36	55	0.6238
OG_3943	12	114	160	0.6623
OG_3944	10	99	139	0.1633
OG_3945	12	15	17	0.9619
OG_3946	9	16	20	0.6917
OG_3947	9	10	10	1.0
OG_3948	12	43	48	0.7829
OG_3949	8	74	79	0.361
OG_3950	11	54	78	0.2984
OG_3951	10	52	72	0.3967
OG_3952	3	22	51	0.6407
OG_3953	12	256	379	0.1097
OG_3954	11	60	87	0.2887
OG_3955	11	11	12	1.0
OG_3956	10	111	133	0.3337
OG_3957	10	119	145	0.2656
OG_3958	3	5	25	1.0
OG_3959	9	122	167	0.2855
OG_3960	8	71	87	0.2225
OG_3961	3	13	14	0.7179
OG_3962	10	93	119	0.3254
OG_3963	10	34	49	0.4973
OG_3964	12	17	19	0.7794
OG_3965	7	46	50	0.3198
OG_3966	8	14	15	0.6813
OG_3967	11	12	18	0.8485
OG_3968	11	94	111	0.3297
OG_3969	11	14	24	1.0
OG_3970	12	12	18	1.0
OG_3971	10	116	181	0.3055
OG_3972	3	23	29	0.5296
OG_3973	8	11	11	0.7636
OG_3974	10	10	10	1.0
OG_3975	7	82	100	0.3692
OG_3976	6	6	6	1.0
OG_3977	12	15	16	1.0
OG_3978	10	10	11	1.0
OG_3979	12	15	15	0.9429
OG_3980	10	150	230	0.141
OG_3981	2	8	8	0.8214
OG_3982	2	5	5	1.0
OG_3983	7	10	10	0.6222
OG_3984	12	261	308	0.2151
OG_3985	8	49	61	0.4626
OG_3986	12	21	22	0.5714
OG_3987	11	13	16	1.0
OG_3988	4	30	30	0.3172
OG_3989	5	32	52	0.4052
OG_3990	12	14	18	1.0
OG_3991	9	111	147	0.2046
OG_3992	12	26	28	0.6277
OG_3993	4	11	11	0.4727
OG_3994	7	12	13	0.9697
OG_3995	5	35	50	0.3697
OG_3996	10	11	13	0.7091
OG_3997	11	144	188	0.2737
OG_3998	12	188	256	0.2052
OG_3999	12	12	14	1.0
OG_4000	7	11	12	1.0
OG_4001	2	6	6	0.7333
OG_4002	4	22	23	0.6407
OG_4003	12	278	358	0.1292
OG_4004	6	13	16	0.8718
OG_4005	11	66	90	0.2937
OG_4006	12	12	37	1.0
OG_4007	12	215	298	0.08
OG_4008	12	137	247	0.3325
OG_4009	3	10	10	0.6667
OG_4010	11	11	14	1.0
OG_4011	10	11	11	1.0
OG_4012	8	44	56	0.4345
OG_4013	7	69	87	0.7792
OG_4014	10	10	13	1.0
OG_4015	12	16	22	1.0
OG_4016	3	21	25	0.8429
OG_4017	12	89	102	0.6348
OG_4018	12	23	30	0.6561
OG_4019	8	69	74	0.2097
OG_4020	8	93	119	0.1704
OG_4021	6	25	46	0.6233
OG_4022	10	228	283	0.0924
OG_4023	12	12	13	0.7879
OG_4024	10	12	14	0.9848
OG_4025	10	10	14	1.0
OG_4026	8	36	41	0.7683
OG_4027	5	7	9	0.9048
OG_4028	12	14	25	1.0
OG_4029	12	26	31	0.9108
OG_4030	3	9	9	0.7222
OG_4031	8	41	57	0.3122
OG_4032	8	9	9	1.0
OG_4033	6	23	23	0.5534
OG_4034	12	12	16	1.0
OG_4035	9	9	10	1.0
OG_4036	2	6	7	1.0
OG_4037	4	10	10	1.0
OG_4038	8	73	79	0.1598
OG_4039	12	21	24	0.9762
OG_4040	7	8	9	1.0
OG_4041	7	9	10	0.9722
OG_4042	5	7	7	0.8571
OG_4043	7	32	36	0.4476
OG_4044	6	10	15	1.0
OG_4045	4	10	10	0.6889
OG_4046	2	16	17	0.45
OG_4047	7	80	98	0.2237
OG_4048	10	59	87	0.4144
OG_4049	10	10	12	1.0
OG_4050	11	11	14	1.0
OG_4051	6	7	7	1.0
OG_4052	6	25	29	0.4433
OG_4053	11	15	19	1.0
OG_4054	12	45	52	0.8646
OG_4055	9	9	11	1.0
OG_4056	11	18	18	1.0
OG_4057	9	10	11	1.0
OG_4058	9	45	60	0.4475
OG_4059	6	6	8	1.0
OG_4060	12	31	39	0.7828
OG_4061	8	117	131	0.2623
OG_4062	9	45	54	0.4727
OG_4063	2	7	7	1.0
OG_4064	6	22	29	0.5152
OG_4065	11	12	22	1.0
OG_4066	8	53	68	0.4797
OG_4067	7	36	37	0.4302
OG_4068	8	82	112	0.1762
OG_4069	11	274	418	0.1361
OG_4070	3	6	8	1.0
OG_4071	12	21	22	0.9
OG_4072	12	946	1183	0.0228
OG_4073	12	152	193	0.4699
OG_4074	12	14	17	1.0
OG_4075	5	27	31	0.6695
OG_4076	6	6	6	1.0
OG_4077	11	11	16	1.0
OG_4078	9	89	143	0.2561
OG_4079	11	12	13	1.0
OG_4080	6	42	56	0.3519
OG_4081	9	59	72	0.6271
OG_4082	12	12	12	1.0
OG_4083	11	14	17	1.0
OG_4084	4	24	26	0.7138
OG_4085	3	11	12	0.7091
OG_4086	12	12	15	1.0
OG_4087	10	16	19	0.6
OG_4088	6	53	69	0.4325
OG_4089	8	81	119	0.3373
OG_4090	10	10	10	1.0
OG_4091	12	76	89	0.8011
OG_4092	8	9	11	1.0
OG_4093	7	41	46	0.5244
OG_4094	3	10	10	0.4667
OG_4095	12	14	16	1.0
OG_4096	3	23	28	0.5692
OG_4097	5	8	8	1.0
OG_4098	10	61	68	0.2175
OG_4099	10	12	21	0.9545
OG_4100	8	33	37	0.5095
OG_4101	4	11	12	0.7091
OG_4102	12	162	185	0.2915
OG_4103	9	47	94	0.3904
OG_4104	11	14	27	0.5604
OG_4105	11	13	14	0.9231
OG_4106	6	31	35	0.514
OG_4107	8	37	60	0.3979
OG_4108	2	5	5	1.0
OG_4109	5	30	32	0.4322
OG_4110	12	14	14	1.0
OG_4111	12	16	22	0.9917
OG_4112	8	117	131	0.1146
OG_4113	8	13	13	0.859
OG_4114	9	9	11	1.0
OG_4115	7	9	10	1.0
OG_4116	2	7	9	1.0
OG_4117	2	7	8	1.0
OG_4118	12	15	16	0.981
OG_4119	5	7	8	0.9048
OG_4120	6	13	14	0.8846
OG_4121	10	118	177	0.2574
OG_4122	3	33	33	0.411
OG_4123	3	17	30	0.5294
OG_4124	2	7	12	0.8095
OG_4125	5	35	38	0.6151
OG_4126	3	10	13	0.7333
OG_4127	12	446	651	0.0734
OG_4128	10	13	20	0.9359
OG_4129	9	14	15	1.0
OG_4130	4	27	60	0.547
OG_4131	11	24	26	0.9928
OG_4132	12	14	18	0.978
OG_4133	9	94	111	0.3272
OG_4134	8	8	8	0.8929
OG_4135	7	39	41	0.5344
OG_4136	12	361	457	0.1355
OG_4137	6	22	24	1.0
OG_4138	4	17	17	0.8162
OG_4139	3	10	10	0.9333
OG_4140	10	96	143	0.3261
OG_4141	9	192	230	0.1451
OG_4142	10	10	10	1.0
OG_4143	5	22	27	0.4762
OG_4144	9	9	12	1.0
OG_4145	5	26	31	0.5046
OG_4146	7	68	83	0.4144
OG_4147	4	11	15	1.0
OG_4148	12	13	22	1.0
OG_4149	12	15	17	1.0
OG_4150	6	31	35	0.4731
OG_4151	10	47	93	0.6725
OG_4152	3	11	11	0.7636
OG_4153	11	13	21	1.0
OG_4154	9	61	73	0.2798
OG_4155	12	155	179	0.3036
OG_4156	12	187	244	0.1909
OG_4157	6	16	19	0.7167
OG_4158	9	9	9	1.0
OG_4159	9	46	48	0.2763
OG_4160	9	9	9	1.0
OG_4161	10	14	16	0.7582
OG_4162	9	61	90	0.3978
OG_4163	12	24	27	0.6848
OG_4164	11	49	57	0.6199
OG_4165	12	16	38	0.875
OG_4166	10	11	11	0.9091
OG_4167	3	7	7	1.0
OG_4168	9	85	123	0.2585
OG_4169	10	11	15	1.0
OG_4170	12	178	254	0.21
OG_4171	9	9	11	1.0
OG_4172	10	10	12	1.0
OG_4173	8	13	13	0.7436
OG_4174	4	7	7	1.0
OG_4175	3	16	16	0.425
OG_4176	11	68	104	0.8117
OG_4177	2	5	5	1.0
OG_4178	9	9	9	1.0
OG_4179	4	16	17	0.9917
OG_4180	12	350	467	0.1097
OG_4181	8	8	13	1.0
OG_4182	12	12	16	1.0
OG_4183	2	7	8	0.6667
OG_4184	12	16	17	1.0
OG_4185	11	11	14	1.0
OG_4186	12	25	42	0.3833
OG_4187	12	13	13	1.0
OG_4188	9	16	22	0.4333
OG_4189	9	9	15	0.7222
OG_4190	11	11	12	1.0
OG_4191	10	12	13	1.0
OG_4192	9	107	124	0.1911
OG_4193	10	173	261	0.1413
OG_4194	2	4	4	1.0
OG_4195	11	16	20	0.8333
OG_4196	9	13	13	0.6923
OG_4197	9	85	104	0.328
OG_4198	11	183	210	0.104
OG_4199	9	24	39	0.5833
OG_4200	11	66	95	0.3814
OG_4201	11	84	122	0.3308
OG_4202	12	15	16	0.7619
OG_4203	3	6	6	1.0
OG_4204	6	30	57	0.5954
OG_4205	10	13	17	0.9872
OG_4206	11	167	234	0.1847
OG_4207	4	10	10	0.8667
OG_4208	12	12	30	0.9697
OG_4209	12	15	15	1.0
OG_4210	10	10	11	1.0
OG_4211	3	5	5	0.9
OG_4212	5	30	45	0.4667
OG_4213	9	111	144	0.246
OG_4214	2	5	5	0.9
OG_4215	3	6	6	1.0
OG_4216	5	47	56	0.2525
OG_4217	11	11	11	1.0
OG_4218	5	7	7	1.0
OG_4219	11	155	205	0.0994
OG_4220	7	9	13	1.0
OG_4221	9	89	105	0.2875
OG_4222	12	14	20	0.8791
OG_4223	12	12	14	1.0
OG_4224	3	14	18	0.6923
OG_4225	2	10	13	0.6889
OG_4226	11	14	14	1.0
OG_4227	6	34	37	0.4153
OG_4228	7	38	51	0.4708
OG_4229	7	7	7	1.0
OG_4230	4	8	10	1.0
OG_4231	11	11	12	1.0
OG_4232	11	12	16	1.0
OG_4233	4	48	65	0.2438
OG_4234	7	25	28	0.59
OG_4235	3	21	25	0.5714
OG_4236	2	5	5	0.8
OG_4237	9	9	13	1.0
OG_4238	12	12	13	1.0
OG_4239	5	5	5	1.0
OG_4240	8	38	45	0.67
OG_4241	10	11	16	1.0
OG_4242	2	12	24	0.697
OG_4243	8	12	12	0.9394
OG_4244	11	39	45	0.9946
OG_4245	3	13	13	0.6026
OG_4246	10	50	59	0.6637
OG_4247	9	22	23	1.0
OG_4248	8	8	8	1.0
OG_4249	2	5	5	1.0
OG_4250	12	14	16	0.956
OG_4251	12	15	20	0.9333
OG_4252	4	21	22	0.5048
OG_4253	12	14	20	1.0
OG_4254	9	9	19	1.0
OG_4255	3	7	7	1.0
OG_4256	5	19	23	0.5263
OG_4257	12	14	24	0.7692
OG_4258	9	10	13	1.0
OG_4259	7	29	35	0.4261
OG_4260	10	13	13	1.0
OG_4261	12	12	15	1.0
OG_4262	11	11	12	1.0
OG_4263	8	54	78	0.4983
OG_4264	6	7	7	1.0
OG_4265	7	33	44	0.4886
OG_4266	10	109	145	0.3067
OG_4267	12	15	23	1.0
OG_4268	4	5	5	1.0
OG_4269	7	10	10	1.0
OG_4270	9	9	13	1.0
OG_4271	5	15	17	0.5429
OG_4272	3	4	4	1.0
OG_4273	3	5	5	0.7
OG_4274	10	20	21	1.0
OG_4275	5	25	28	0.4133
OG_4276	6	13	13	0.8974
OG_4277	12	13	17	1.0
OG_4278	10	18	21	0.8039
OG_4279	11	11	28	1.0
OG_4280	4	8	8	0.7857
OG_4281	12	79	97	0.4271
OG_4282	12	12	15	1.0
OG_4283	12	88	111	0.7746
OG_4284	11	13	14	1.0
OG_4285	10	10	16	1.0
OG_4286	2	5	5	1.0
OG_4287	2	3	3	1.0
OG_4288	11	19	26	1.0
OG_4289	11	59	69	0.4138
OG_4290	7	24	26	1.0
OG_4291	12	23	45	0.6917
OG_4292	8	11	12	1.0
OG_4293	11	224	279	0.116
OG_4294	2	6	14	0.8
OG_4295	11	12	21	1.0
OG_4296	2	4	4	1.0
OG_4297	3	6	6	0.6
OG_4298	2	5	6	1.0
OG_4299	2	5	5	0.9
OG_4300	10	10	10	1.0
OG_4301	10	10	13	1.0
OG_4302	11	11	20	1.0
OG_4303	10	95	137	0.26
OG_4304	8	84	119	0.368
OG_4305	2	15	28	0.6
OG_4306	9	10	10	0.8667
OG_4307	6	21	22	0.519
OG_4308	7	51	72	0.3192
OG_4309	7	7	7	1.0
OG_4310	11	18	22	1.0
OG_4311	12	13	15	0.9872
OG_4312	2	7	9	0.9048
OG_4313	9	83	108	0.3753
OG_4314	7	7	7	1.0
OG_4315	9	64	72	0.8943
OG_4316	12	12	25	1.0
OG_4317	12	19	28	1.0
OG_4318	12	18	21	0.5686
OG_4319	2	12	12	0.4545
OG_4320	12	99	135	0.2799
OG_4321	3	9	9	0.8889
OG_4322	8	9	11	0.9722
OG_4323	11	11	13	1.0
OG_4324	8	31	31	0.8559
OG_4325	12	157	172	0.249
OG_4326	12	15	18	0.9524
OG_4327	9	9	10	1.0
OG_4328	10	11	14	1.0
OG_4329	2	5	5	1.0
OG_4330	10	232	285	0.0805
OG_4331	10	36	64	0.5619
OG_4332	11	219	277	0.171
OG_4333	5	16	19	0.6833
OG_4334	3	13	17	0.5513
OG_4335	12	12	15	1.0
OG_4336	2	8	8	0.6429
OG_4337	10	10	10	1.0
OG_4338	4	12	12	0.4848
OG_4339	9	38	44	0.4182
OG_4340	6	39	53	0.4035
OG_4341	2	7	11	0.9048
OG_4342	4	12	25	0.7424
OG_4343	12	18	25	0.9739
OG_4344	2	9	11	0.8889
OG_4345	11	11	12	1.0
OG_4346	12	38	49	0.5192
OG_4347	7	28	31	0.4339
OG_4348	12	12	20	1.0
OG_4349	5	20	23	0.5895
OG_4350	10	16	24	0.7833
OG_4351	2	15	15	0.4952
OG_4352	11	11	13	1.0
OG_4353	7	7	7	1.0
OG_4354	11	24	30	0.7029
OG_4355	7	7	7	1.0
OG_4356	9	10	19	1.0
OG_4357	8	32	36	0.4052
OG_4358	3	8	9	0.8929
OG_4359	12	38	43	0.3684
OG_4360	12	13	18	1.0
OG_4361	9	13	15	1.0
OG_4362	4	17	17	0.6176
OG_4363	12	13	20	1.0
OG_4364	8	34	35	0.5169
OG_4365	2	4	4	1.0
OG_4366	8	33	45	0.2898
OG_4367	4	18	21	0.5686
OG_4368	11	29	32	0.5714
OG_4369	3	38	42	0.3741
OG_4370	11	120	139	0.2066
OG_4371	7	16	17	0.6833
OG_4372	10	15	17	0.4952
OG_4373	12	13	14	1.0
OG_4374	9	23	37	0.6522
OG_4375	6	28	28	0.6111
OG_4376	10	12	12	0.7879
OG_4377	9	11	11	1.0
OG_4378	11	11	14	1.0
OG_4379	7	50	62	0.4278
OG_4380	11	32	41	0.7581
OG_4381	2	7	7	0.8095
OG_4382	12	13	15	1.0
OG_4383	11	11	12	1.0
OG_4384	12	16	26	0.95
OG_4385	5	5	5	1.0
OG_4386	7	38	45	0.9161
OG_4387	8	8	9	1.0
OG_4388	10	82	89	0.221
OG_4389	10	10	10	1.0
OG_4390	8	52	57	0.2956
OG_4391	11	28	40	0.8624
OG_4392	4	17	18	0.6912
OG_4393	5	20	24	0.8211
OG_4394	11	271	333	0.1642
OG_4395	7	28	32	0.6852
OG_4396	3	7	7	0.9048
OG_4397	11	11	13	1.0
OG_4398	12	15	19	0.9429
OG_4399	8	50	61	0.5127
OG_4400	12	21	23	0.9095
OG_4401	4	10	14	0.6222
OG_4402	12	15	18	0.8095
OG_4403	12	28	42	0.5132
OG_4404	4	11	11	1.0
OG_4405	10	11	14	0.9818
OG_4406	11	11	26	1.0
OG_4407	4	13	23	0.4744
OG_4408	8	59	99	0.4337
OG_4409	10	19	23	0.4444
OG_4410	11	11	14	1.0
OG_4411	11	27	30	0.9088
OG_4412	8	20	21	0.4737
OG_4413	9	80	112	0.1671
OG_4414	2	6	6	1.0
OG_4415	4	10	10	0.5111
OG_4416	2	4	7	1.0
OG_4417	2	7	7	0.9048
OG_4418	11	20	25	0.9053
OG_4419	6	13	13	0.9359
OG_4420	10	68	74	0.6677
OG_4421	11	12	12	1.0
OG_4422	12	12	16	0.6667
OG_4423	4	32	33	0.5685
OG_4424	12	67	75	0.9371
OG_4425	6	16	16	0.7917
OG_4426	7	9	9	1.0
OG_4427	4	16	16	0.525
OG_4428	4	26	48	0.4338
OG_4429	12	12	12	1.0
OG_4430	12	194	312	0.1885
OG_4431	3	4	4	1.0
OG_4432	11	100	122	0.6537
OG_4433	8	81	86	0.3355
OG_4434	12	14	14	1.0
OG_4435	8	138	156	0.1869
OG_4436	11	11	12	1.0
OG_4437	3	16	21	0.975
OG_4438	5	17	22	0.8162
OG_4439	6	12	12	0.8485
OG_4440	2	4	4	1.0
OG_4441	12	35	46	0.6706
OG_4442	10	10	11	0.8667
OG_4443	3	8	15	1.0
OG_4444	12	100	126	0.3477
OG_4445	11	12	12	1.0
OG_4446	5	5	5	1.0
OG_4447	2	5	5	0.8
OG_4448	7	7	7	1.0
OG_4449	10	121	144	0.164
OG_4450	6	6	7	1.0
OG_4451	6	24	39	0.3913
OG_4452	12	17	22	0.9118
OG_4453	10	80	105	0.5044
OG_4454	6	6	6	1.0
OG_4455	12	13	15	1.0
OG_4456	9	37	47	0.985
OG_4457	7	9	9	0.9167
OG_4458	9	52	59	0.5332
OG_4459	11	12	14	1.0
OG_4460	9	11	15	0.9818
OG_4461	5	43	55	0.2658
OG_4462	3	30	34	0.3724
OG_4463	10	11	11	1.0
OG_4464	4	12	13	0.7424
OG_4465	12	14	15	0.9231
OG_4466	6	24	31	0.3442
OG_4467	12	20	29	0.8053
OG_4468	10	79	127	0.5586
OG_4469	9	86	97	0.214
OG_4470	4	12	15	0.6667
OG_4471	10	26	34	0.7908
OG_4472	6	7	8	1.0
OG_4473	7	41	60	0.4085
OG_4474	12	12	12	1.0
OG_4475	12	15	18	1.0
OG_4476	3	8	8	0.5357
OG_4477	12	21	26	0.7
OG_4478	4	25	26	0.4167
OG_4479	11	11	11	1.0
OG_4480	11	11	12	1.0
OG_4481	12	12	35	1.0
OG_4482	12	23	34	0.8142
OG_4483	9	73	73	0.4779
OG_4484	3	16	17	0.5917
OG_4485	11	15	22	0.9714
OG_4486	10	23	25	0.6561
OG_4487	7	8	8	1.0
OG_4488	11	11	11	1.0
OG_4489	8	44	66	0.426
OG_4490	10	153	196	0.1801
OG_4491	3	6	8	0.8667
OG_4492	12	47	51	0.3765
OG_4493	5	37	43	0.5556
OG_4494	3	7	7	1.0
OG_4495	2	4	4	1.0
OG_4496	12	14	20	0.8681
OG_4497	9	59	67	0.3127
OG_4498	3	10	10	0.8444
OG_4499	6	6	7	1.0
OG_4500	2	11	13	0.7273
OG_4501	9	30	30	0.5885
OG_4502	6	6	6	1.0
OG_4503	10	27	33	0.8405
OG_4504	9	17	19	0.8456
OG_4505	12	13	13	1.0
OG_4506	2	8	8	0.8571
OG_4507	7	12	12	1.0
OG_4508	2	10	15	0.6222
OG_4509	7	39	58	0.3873
OG_4510	3	3	3	1.0
OG_4511	5	23	24	0.4941
OG_4512	2	6	7	0.6667
OG_4513	11	12	13	1.0
OG_4514	10	12	15	0.8182
OG_4515	12	14	16	1.0
OG_4516	11	70	109	0.4505
OG_4517	3	11	11	0.8909
OG_4518	11	28	42	0.7778
OG_4519	11	17	32	0.9706
OG_4520	12	12	12	1.0
OG_4521	9	72	84	0.3889
OG_4522	10	76	125	0.2582
OG_4523	2	13	13	0.5128
OG_4524	6	73	86	0.3253
OG_4525	4	9	9	0.6944
OG_4526	4	6	6	1.0
OG_4527	2	4	4	1.0
OG_4528	11	11	35	0.8545
OG_4529	9	86	95	0.2014
OG_4530	11	11	19	1.0
OG_4531	8	36	42	0.6841
OG_4532	4	18	18	0.5621
OG_4533	9	124	168	0.2046
OG_4534	8	62	74	0.4939
OG_4535	3	7	7	0.9048
OG_4536	12	12	14	1.0
OG_4537	11	11	16	1.0
OG_4538	6	36	39	0.4746
OG_4539	11	132	165	0.1537
OG_4540	12	15	16	1.0
OG_4541	7	26	40	0.9785
OG_4542	8	13	15	0.5641
OG_4543	11	11	13	1.0
OG_4544	3	13	13	0.8205
OG_4545	7	32	47	0.6411
OG_4546	10	19	28	0.9942
OG_4547	9	81	108	0.1639
OG_4548	3	12	19	0.3788
OG_4549	8	71	99	0.2974
OG_4550	12	14	19	1.0
OG_4551	12	132	204	0.1881
OG_4552	6	33	33	0.4943
OG_4553	12	15	24	1.0
OG_4554	8	9	10	1.0
OG_4555	12	13	15	1.0
OG_4556	7	34	36	0.3333
OG_4557	4	8	8	1.0
OG_4558	5	13	14	0.8718
OG_4559	5	29	32	0.5099
OG_4560	2	6	6	1.0
OG_4561	2	5	10	1.0
OG_4562	7	7	8	1.0
OG_4563	3	19	21	0.614
OG_4564	12	274	404	0.1046
OG_4565	2	14	22	0.4176
OG_4566	12	12	12	1.0
OG_4567	12	13	14	1.0
OG_4568	2	11	11	0.7455
OG_4569	11	135	173	0.2599
OG_4570	12	13	16	1.0
OG_4571	3	8	8	0.8929
OG_4572	8	56	85	0.2506
OG_4573	2	3	3	1.0
OG_4574	8	9	13	1.0
OG_4575	10	85	98	0.2328
OG_4576	8	11	14	0.8909
OG_4577	12	14	20	1.0
OG_4578	7	15	20	0.419
OG_4579	11	12	14	1.0
OG_4580	4	20	23	0.6053
OG_4581	2	8	8	1.0
OG_4582	2	36	38	0.3492
OG_4583	11	94	174	0.2679
OG_4584	4	13	13	0.5
OG_4585	7	12	15	0.5758
OG_4586	9	9	11	1.0
OG_4587	7	33	34	0.4659
OG_4588	3	8	9	0.6071
OG_4589	5	15	23	0.7143
OG_4590	2	8	8	0.7143
OG_4591	12	123	154	0.5486
OG_4592	6	43	77	0.3787
OG_4593	12	13	14	0.8718
OG_4594	7	11	13	1.0
OG_4595	10	13	13	1.0
OG_4596	7	50	72	0.3494
OG_4597	8	8	9	1.0
OG_4598	2	7	8	1.0
OG_4599	10	10	12	1.0
OG_4600	7	7	8	1.0
OG_4601	4	8	8	0.8214
OG_4602	9	9	9	1.0
OG_4603	8	8	8	1.0
OG_4604	9	10	10	1.0
OG_4605	4	10	10	0.6222
OG_4606	7	7	9	1.0
OG_4607	12	209	265	0.1483
OG_4608	2	5	5	1.0
OG_4609	12	15	23	0.9143
OG_4610	7	7	7	1.0
OG_4611	8	9	9	1.0
OG_4612	9	25	37	0.6333
OG_4613	2	5	6	0.7
OG_4614	4	16	16	0.65
OG_4615	10	10	13	1.0
OG_4616	3	10	14	0.7111
OG_4617	12	12	15	1.0
OG_4618	8	9	11	0.8889
OG_4619	12	12	14	0.9697
OG_4620	10	18	20	0.8758
OG_4621	12	12	13	0.8939
OG_4622	12	15	24	0.7714
OG_4623	12	14	16	1.0
OG_4624	9	41	47	0.8122
OG_4625	8	8	28	1.0
OG_4626	9	77	99	0.2895
OG_4627	11	11	13	1.0
OG_4628	10	11	12	1.0
OG_4629	12	13	19	1.0
OG_4630	11	11	12	1.0
OG_4631	12	31	37	0.9333
OG_4632	7	7	7	1.0
OG_4633	8	30	31	0.9126
OG_4634	11	14	21	1.0
OG_4635	2	7	8	1.0
OG_4636	11	16	16	0.9333
OG_4637	4	22	34	0.5931
OG_4638	7	47	54	0.309
OG_4639	12	86	116	0.3721
OG_4640	5	5	6	1.0
OG_4641	10	11	12	1.0
OG_4642	12	39	73	0.4575
OG_4643	11	12	12	1.0
OG_4644	7	16	33	0.7417
OG_4645	4	6	6	1.0
OG_4646	12	13	14	1.0
OG_4647	12	17	17	1.0
OG_4648	5	15	16	0.7524
OG_4649	8	9	9	0.9444
OG_4650	10	10	39	1.0
OG_4651	10	39	85	0.7922
OG_4652	5	18	22	0.7712
OG_4653	4	14	15	0.8571
OG_4654	3	8	8	0.6786
OG_4655	12	14	15	0.956
OG_4656	3	11	11	0.7273
OG_4657	12	13	16	0.9231
OG_4658	4	9	10	1.0
OG_4659	11	92	94	0.6271
OG_4660	10	16	21	0.7
OG_4661	9	9	10	1.0
OG_4662	4	10	10	0.7111
OG_4663	10	12	13	1.0
OG_4664	10	74	79	0.5491
OG_4665	12	14	14	1.0
OG_4666	11	13	16	0.9231
OG_4667	7	40	44	0.3359
OG_4668	11	26	32	0.9692
OG_4669	10	11	14	1.0
OG_4670	9	70	75	0.6998
OG_4671	10	104	175	0.2414
OG_4672	10	11	13	1.0
OG_4673	8	44	55	0.3816
OG_4674	11	14	17	1.0
OG_4675	5	53	65	0.3882
OG_4676	7	8	9	0.6786
OG_4677	4	4	4	1.0
OG_4678	11	35	43	0.5798
OG_4679	2	9	16	0.9167
OG_4680	2	4	4	1.0
OG_4681	6	39	83	0.4399
OG_4682	12	12	15	1.0
OG_4683	11	34	40	0.8039
OG_4684	6	6	12	1.0
OG_4685	11	129	165	0.3609
OG_4686	8	9	10	0.9444
OG_4687	2	7	7	1.0
OG_4688	12	121	133	0.5326
OG_4689	9	78	84	0.4352
OG_4690	6	6	6	1.0
OG_4691	11	12	13	1.0
OG_4692	5	5	10	1.0
OG_4693	2	5	6	1.0
OG_4694	10	71	83	0.3239
OG_4695	12	16	21	1.0
OG_4696	2	19	23	0.4269
OG_4697	9	19	24	0.9649
OG_4698	10	98	111	0.6674
OG_4699	9	27	30	0.8974
OG_4700	10	12	13	1.0
OG_4701	8	10	10	1.0
OG_4702	11	39	51	0.4912
OG_4703	11	12	15	1.0
OG_4704	11	12	13	1.0
OG_4705	6	35	40	0.5664
OG_4706	12	81	97	0.7
OG_4707	12	28	44	0.7249
OG_4708	5	5	7	1.0
OG_4709	2	6	6	0.9333
OG_4710	10	133	177	0.1183
OG_4711	12	19	21	0.8596
OG_4712	2	11	12	0.6
OG_4713	4	10	11	0.6
OG_4714	7	28	37	0.537
OG_4715	10	11	16	1.0
OG_4716	5	29	41	0.3177
OG_4717	5	11	11	1.0
OG_4718	5	12	16	0.9697
OG_4719	10	13	13	1.0
OG_4720	12	12	12	1.0
OG_4721	3	7	7	0.8571
OG_4722	10	12	17	0.9697
OG_4723	3	9	32	0.9444
OG_4724	9	46	53	0.5024
OG_4725	3	11	11	0.5273
OG_4726	8	10	12	1.0
OG_4727	9	10	12	0.9556
OG_4728	5	29	52	0.3621
OG_4729	3	6	7	1.0
OG_4730	11	13	19	1.0
OG_4731	6	45	50	0.6
OG_4732	8	14	20	0.956
OG_4733	7	7	12	1.0
OG_4734	3	11	11	0.9273
OG_4735	6	23	36	0.8221
OG_4736	12	13	13	1.0
OG_4737	12	19	22	0.9532
OG_4738	12	16	20	0.9167
OG_4739	5	5	5	1.0
OG_4740	9	10	12	1.0
OG_4741	8	52	78	0.4178
OG_4742	11	11	13	0.8545
OG_4743	11	25	35	0.8267
OG_4744	2	15	15	0.4571
OG_4745	11	14	20	1.0
OG_4746	6	6	6	1.0
OG_4747	11	14	14	0.9341
OG_4748	6	26	28	0.4954
OG_4749	12	12	14	1.0
OG_4750	5	22	28	0.381
OG_4751	11	11	16	1.0
OG_4752	11	63	72	0.385
OG_4753	5	5	5	1.0
OG_4754	8	8	8	1.0
OG_4755	7	16	17	0.9833
OG_4756	3	5	5	1.0
OG_4757	6	18	19	0.9935
OG_4758	4	15	15	0.6
OG_4759	3	12	13	0.6061
OG_4760	11	157	223	0.197
OG_4761	7	23	36	0.7352
OG_4762	3	8	8	0.7143
OG_4763	9	9	9	1.0
OG_4764	5	16	20	0.7083
OG_4765	3	11	12	0.7818
OG_4766	12	15	20	1.0
OG_4767	3	7	7	1.0
OG_4768	6	34	35	0.5971
OG_4769	6	6	6	1.0
OG_4770	9	48	68	0.8546
OG_4771	11	12	14	1.0
OG_4772	5	9	9	0.5556
OG_4773	11	15	16	0.7524
OG_4774	7	20	21	0.9
OG_4775	10	62	66	0.8392
OG_4776	8	8	8	1.0
OG_4777	9	50	56	0.5339
OG_4778	2	7	7	0.8571
OG_4779	10	11	13	1.0
OG_4780	4	11	12	0.9273
OG_4781	12	18	19	1.0
OG_4782	4	28	32	0.7619
OG_4783	12	132	156	0.5162
OG_4784	11	13	17	1.0
OG_4785	10	10	14	1.0
OG_4786	12	14	15	0.8681
OG_4787	6	6	6	1.0
OG_4788	8	17	18	0.9412
OG_4789	3	4	4	1.0
OG_4790	4	31	92	0.4022
OG_4791	7	12	14	1.0
OG_4792	7	12	13	0.5
OG_4793	10	18	19	0.9935
OG_4794	12	68	83	0.8406
OG_4795	2	3	3	1.0
OG_4796	5	16	18	0.9667
OG_4797	9	9	9	1.0
OG_4798	11	13	18	1.0
OG_4799	7	12	13	1.0
OG_4800	11	14	16	1.0
OG_4801	9	90	125	0.2459
OG_4802	7	22	25	0.9307
OG_4803	4	6	6	1.0
OG_4804	9	12	16	1.0
OG_4805	5	31	34	0.4086
OG_4806	12	12	12	1.0
OG_4807	12	22	24	0.8268
OG_4808	4	20	23	0.6053
OG_4809	5	29	31	0.2586
OG_4810	11	16	17	0.6333
OG_4811	10	10	11	1.0
OG_4812	12	43	70	0.3721
OG_4813	6	6	6	1.0
OG_4814	12	20	30	0.7211
OG_4815	10	11	14	0.8909
OG_4816	9	39	83	0.3036
OG_4817	7	7	9	1.0
OG_4818	12	13	16	1.0
OG_4819	12	79	97	0.6394
OG_4820	3	10	10	1.0
OG_4821	12	12	22	1.0
OG_4822	11	11	14	1.0
OG_4823	8	11	20	0.9455
OG_4824	7	7	7	1.0
OG_4825	5	12	13	0.8636
OG_4826	4	4	6	1.0
OG_4827	2	5	5	0.8
OG_4828	10	63	72	0.8054
OG_4829	10	14	16	0.989
OG_4830	2	4	4	1.0
OG_4831	2	10	10	0.4667
OG_4832	12	14	35	0.9011
OG_4833	11	12	21	0.8788
OG_4834	6	38	48	0.2703
OG_4835	8	40	46	0.3385
OG_4836	5	15	15	0.5714
OG_4837	11	11	12	1.0
OG_4838	12	48	55	0.6853
OG_4839	12	95	126	0.6226
OG_4840	9	10	13	1.0
OG_4841	3	10	10	0.8
OG_4842	12	16	17	1.0
OG_4843	4	8	13	0.7857
OG_4844	9	36	46	0.4222
OG_4845	12	12	21	1.0
OG_4846	3	12	13	0.5758
OG_4847	9	54	62	0.3194
OG_4848	2	4	10	1.0
OG_4849	12	12	17	1.0
OG_4850	11	17	33	0.8088
OG_4851	10	11	20	0.9091
OG_4852	10	37	45	0.8844
OG_4853	12	15	18	1.0
OG_4854	11	12	16	0.8182
OG_4855	5	11	11	0.6727
OG_4856	2	3	3	1.0
OG_4857	10	13	14	1.0
OG_4858	6	10	10	1.0
OG_4859	10	54	67	0.7589
OG_4860	12	19	22	0.7485
OG_4861	6	10	14	1.0
OG_4862	10	57	59	0.2262
OG_4863	11	11	11	1.0
OG_4864	11	28	45	0.5556
OG_4865	4	15	16	0.9524
OG_4866	5	9	10	0.8889
OG_4867	12	20	21	0.8684
OG_4868	11	13	19	1.0
OG_4869	12	49	62	0.6998
OG_4870	7	7	7	1.0
OG_4871	2	6	6	0.8
OG_4872	11	14	17	1.0
OG_4873	12	14	23	1.0
OG_4874	11	11	14	1.0
OG_4875	10	16	17	0.9833
OG_4876	3	10	11	0.8667
OG_4877	12	13	28	0.8846
OG_4878	12	28	46	0.8122
OG_4879	2	6	6	0.8
OG_4880	3	12	14	0.3939
OG_4881	7	24	38	0.5471
OG_4882	6	6	8	0.8667
OG_4883	5	12	18	0.8939
OG_4884	7	7	7	1.0
OG_4885	6	6	6	1.0
OG_4886	12	12	12	1.0
OG_4887	8	9	10	0.8056
OG_4888	10	10	19	1.0
OG_4889	12	12	12	1.0
OG_4890	11	35	38	0.5025
OG_4891	10	10	12	1.0
OG_4892	11	11	13	1.0
OG_4893	10	11	12	1.0
OG_4894	11	12	12	1.0
OG_4895	10	67	71	0.3428
OG_4896	10	33	36	0.8788
OG_4897	3	9	9	0.9444
OG_4898	8	45	68	0.5485
OG_4899	12	12	14	1.0
OG_4900	11	12	37	1.0
OG_4901	7	37	39	0.5195
OG_4902	11	12	15	1.0
OG_4903	12	77	116	0.4385
OG_4904	7	7	7	1.0
OG_4905	6	31	38	0.3892
OG_4906	4	43	49	0.3267
OG_4907	5	23	24	0.5573
OG_4908	8	12	13	0.8182
OG_4909	12	13	18	0.8718
OG_4910	11	15	16	0.8857
OG_4911	12	16	18	1.0
OG_4912	4	21	22	0.6762
OG_4913	5	13	13	0.7692
OG_4914	5	35	45	0.4992
OG_4915	4	12	13	0.3485
OG_4916	10	133	207	0.1267
OG_4917	8	10	15	1.0
OG_4918	8	40	50	0.3974
OG_4919	7	46	69	0.6928
OG_4920	9	26	27	0.9754
OG_4921	12	13	16	1.0
OG_4922	3	12	13	0.7879
OG_4923	9	9	10	1.0
OG_4924	4	10	15	0.7556
OG_4925	12	14	19	0.989
OG_4926	10	12	16	1.0
OG_4927	7	8	9	1.0
OG_4928	12	12	16	1.0
OG_4929	9	17	20	0.7059
OG_4930	11	51	64	0.8235
OG_4931	6	63	65	0.3026
OG_4932	3	5	5	1.0
OG_4933	10	112	121	0.4694
OG_4934	9	66	90	0.324
OG_4935	9	9	9	1.0
OG_4936	8	11	14	0.9091
OG_4937	12	12	12	1.0
OG_4938	11	12	12	1.0
OG_4939	12	16	19	0.7
OG_4940	12	12	17	1.0
OG_4941	11	13	14	0.7949
OG_4942	12	16	17	0.9083
OG_4943	9	9	13	1.0
OG_4944	10	10	10	1.0
OG_4945	12	14	25	0.978
OG_4946	9	9	9	1.0
OG_4947	12	12	15	1.0
OG_4948	11	11	12	1.0
OG_4949	10	10	10	1.0
OG_4950	12	17	18	0.9191
OG_4951	2	7	7	1.0
OG_4952	12	13	15	1.0
OG_4953	5	5	5	1.0
OG_4954	8	9	12	1.0
OG_4955	8	8	9	1.0
OG_4956	4	35	48	0.3714
OG_4957	9	11	11	0.8364
OG_4958	9	9	10	1.0
OG_4959	7	34	37	0.5205
OG_4960	11	12	12	1.0
OG_4961	10	82	90	0.5902
OG_4962	11	11	11	1.0
OG_4963	11	11	14	1.0
OG_4964	7	31	32	0.5269
OG_4965	5	33	44	0.4659
OG_4966	11	12	14	1.0
OG_4967	8	10	11	0.7778
OG_4968	3	14	15	0.6484
OG_4969	11	14	15	1.0
OG_4970	11	11	12	1.0
OG_4971	11	11	13	1.0
OG_4972	9	33	35	0.7519
OG_4973	3	5	10	1.0
OG_4974	5	7	7	0.9048
OG_4975	7	31	40	0.4925
OG_4976	4	5	8	1.0
OG_4977	5	10	10	1.0
OG_4978	6	7	7	1.0
OG_4979	11	13	15	1.0
OG_4980	11	72	84	0.2195
OG_4981	12	18	22	0.9804
OG_4982	11	12	13	1.0
OG_4983	8	9	9	1.0
OG_4984	2	12	12	0.9394
OG_4985	10	10	13	1.0
OG_4986	12	12	18	1.0
OG_4987	11	15	33	1.0
OG_4988	11	11	11	1.0
OG_4989	3	10	10	0.7778
OG_4990	10	10	13	1.0
OG_4991	12	18	26	0.9477
OG_4992	12	13	17	1.0
OG_4993	6	6	7	1.0
OG_4994	4	17	20	0.5735
OG_4995	11	13	15	0.7436
OG_4996	10	10	10	1.0
OG_4997	7	7	13	1.0
OG_4998	12	13	24	1.0
OG_4999	4	29	37	0.7044
OG_5000	6	29	29	0.3842
OG_5001	12	15	17	1.0
OG_5002	10	18	19	0.5817
OG_5003	3	13	13	0.7949
OG_5004	7	15	16	1.0
OG_5005	9	10	14	1.0
OG_5006	9	9	9	1.0
OG_5007	4	14	39	0.4725
OG_5008	6	10	14	0.9778
OG_5009	2	7	7	0.9524
OG_5010	2	8	9	0.9643
OG_5011	12	13	13	1.0
OG_5012	7	7	8	1.0
OG_5013	8	8	11	1.0
OG_5014	12	17	20	0.7574
OG_5015	8	8	12	1.0
OG_5016	6	62	94	0.294
OG_5017	6	15	24	0.9333
OG_5018	12	15	17	0.9714
OG_5019	7	7	7	1.0
OG_5020	8	9	17	1.0
OG_5021	12	16	18	1.0
OG_5022	4	13	15	0.8718
OG_5023	9	17	23	1.0
OG_5024	11	23	24	0.5771
OG_5025	9	10	11	1.0
OG_5026	6	19	34	0.7193
OG_5027	8	41	54	0.6268
OG_5028	11	15	22	1.0
OG_5029	12	13	17	1.0
OG_5030	12	12	14	1.0
OG_5031	8	8	11	1.0
OG_5032	7	10	11	1.0
OG_5033	8	9	9	1.0
OG_5034	8	35	35	0.4067
OG_5035	3	7	7	0.7619
OG_5036	7	20	36	0.7368
OG_5037	7	11	13	0.5636
OG_5038	11	11	15	1.0
OG_5039	12	14	15	1.0
OG_5040	11	11	12	1.0
OG_5041	9	10	10	1.0
OG_5042	2	6	6	1.0
OG_5043	8	8	8	1.0
OG_5044	8	8	13	1.0
OG_5045	12	14	18	1.0
OG_5046	10	17	18	1.0
OG_5047	11	11	13	1.0
OG_5048	11	11	11	1.0
OG_5049	7	7	7	1.0
OG_5050	10	10	10	1.0
OG_5051	12	15	18	1.0
OG_5052	2	9	10	0.6111
OG_5053	12	27	40	1.0
OG_5054	12	13	14	1.0
OG_5055	12	21	30	0.681
OG_5056	12	16	21	0.9667
OG_5057	12	17	19	0.8897
OG_5058	6	25	27	0.3167
OG_5059	9	9	9	1.0
OG_5060	10	11	11	1.0
OG_5061	7	55	60	0.4532
OG_5062	7	58	87	0.6515
OG_5063	9	49	78	0.534
OG_5064	2	6	6	0.8
OG_5065	12	32	40	0.4677
OG_5066	6	36	76	0.2841
OG_5067	11	14	22	0.9341
OG_5068	12	12	16	1.0
OG_5069	3	12	13	0.5606
OG_5070	6	10	12	1.0
OG_5071	7	53	83	0.3164
OG_5072	12	242	447	0.1296
OG_5073	11	12	14	1.0
OG_5074	8	8	8	0.8214
OG_5075	9	9	11	1.0
OG_5076	7	7	9	1.0
OG_5077	12	46	55	0.9845
OG_5078	6	11	11	0.5636
OG_5079	2	5	5	1.0
OG_5080	7	71	72	0.272
OG_5081	8	51	57	0.3796
OG_5082	12	12	13	1.0
OG_5083	12	14	15	1.0
OG_5084	3	8	13	0.7857
OG_5085	3	11	11	0.6909
OG_5086	11	400	449	0.1582
OG_5087	8	9	20	0.8056
OG_5088	4	11	13	0.4
OG_5089	5	24	27	0.5942
OG_5090	11	94	125	0.5941
OG_5091	10	12	17	0.803
OG_5092	10	10	16	1.0
OG_5093	12	18	21	0.7908
OG_5094	11	18	23	1.0
OG_5095	8	10	10	1.0
OG_5096	10	213	233	0.2203
OG_5097	9	9	10	1.0
OG_5098	10	56	70	0.5416
OG_5099	10	14	16	0.9011
OG_5100	11	77	85	0.7802
OG_5101	4	9	10	1.0
OG_5102	8	92	120	0.3454
OG_5103	11	35	39	0.9731
OG_5104	11	15	16	0.8667
OG_5105	12	39	43	0.9919
OG_5106	5	7	7	1.0
OG_5107	12	292	366	0.2184
OG_5108	5	64	71	0.5402
OG_5109	11	12	25	0.9545
OG_5110	3	6	6	1.0
OG_5111	8	16	20	0.975
OG_5112	7	7	8	1.0
OG_5113	12	14	19	0.9451
OG_5114	4	5	5	1.0
OG_5115	9	9	16	1.0
OG_5116	12	15	20	0.8857
OG_5117	9	9	10	1.0
OG_5118	10	30	33	0.9333
OG_5119	5	10	12	0.8667
OG_5120	6	6	7	1.0
OG_5121	12	103	124	0.6008
OG_5122	11	11	15	1.0
OG_5123	12	19	26	0.5673
OG_5124	9	9	10	1.0
OG_5125	7	7	8	1.0
OG_5126	12	102	140	0.7298
OG_5127	11	15	16	0.7238
OG_5128	10	117	138	0.5203
OG_5129	2	4	5	1.0
OG_5130	7	7	8	1.0
OG_5131	11	11	12	1.0
OG_5132	6	6	7	1.0
OG_5133	8	9	9	0.8333
OG_5134	8	8	8	1.0
OG_5135	12	12	14	1.0
OG_5136	6	6	6	1.0
OG_5137	9	25	31	0.49
OG_5138	11	21	30	0.8286
OG_5139	11	17	18	0.8529
OG_5140	12	48	62	0.8617
OG_5141	10	11	14	1.0
OG_5142	9	9	9	1.0
OG_5143	9	9	9	1.0
OG_5144	12	92	117	0.7819
OG_5145	5	5	6	1.0
OG_5146	3	3	5	1.0
OG_5147	9	9	12	1.0
OG_5148	8	8	13	0.6429
OG_5149	7	25	33	0.7167
OG_5150	12	22	25	0.9913
OG_5151	5	5	5	1.0
OG_5152	5	12	13	1.0
OG_5153	11	29	34	0.9729
OG_5154	8	10	10	0.7111
OG_5155	9	10	13	0.8
OG_5156	11	11	12	1.0
OG_5157	9	39	41	0.5074
OG_5158	8	8	21	1.0
OG_5159	10	23	26	0.9723
OG_5160	12	13	22	0.8205
OG_5161	9	9	10	0.7778
OG_5162	8	20	21	0.7579
OG_5163	6	7	7	1.0
OG_5164	9	9	11	1.0
OG_5165	5	5	5	1.0
OG_5166	9	9	10	1.0
OG_5167	9	9	9	1.0
OG_5168	12	13	19	0.9487
OG_5169	4	4	4	1.0
OG_5170	5	8	8	0.7857
OG_5171	12	78	137	0.7326
OG_5172	12	71	80	0.7445
OG_5173	12	13	16	1.0
OG_5174	10	10	11	1.0
OG_5175	10	10	13	1.0
OG_5176	8	59	69	0.4956
OG_5177	7	31	47	0.9978
OG_5178	6	6	6	1.0
OG_5179	12	133	224	0.3713
OG_5180	7	7	8	1.0
OG_5181	2	5	6	1.0
OG_5182	5	6	11	1.0
OG_5183	11	12	14	1.0
OG_5184	6	6	6	1.0
OG_5185	12	17	18	0.6765
OG_5186	7	28	29	0.6667
OG_5187	10	66	87	0.772
OG_5188	6	6	6	1.0
OG_5189	6	7	7	1.0
OG_5190	6	7	8	1.0
OG_5191	6	6	8	1.0
OG_5192	7	12	18	1.0
OG_5193	8	11	12	1.0
OG_5194	7	7	8	1.0
OG_5195	8	39	40	0.8677
OG_5196	11	15	16	1.0
OG_5197	8	47	51	0.7576
OG_5198	11	71	91	0.5698
OG_5199	10	54	62	0.6443
OG_5200	5	8	8	0.9286
OG_5201	10	11	15	1.0
OG_5202	11	13	19	0.9487
OG_5203	6	22	22	0.8485
OG_5204	6	7	8	1.0
OG_5205	7	14	16	1.0
OG_5206	12	19	22	0.5965
OG_5207	6	6	6	1.0
OG_5208	10	11	14	0.7455
OG_5209	12	21	21	0.6381
OG_5210	11	24	26	0.6848
OG_5211	10	168	203	0.2667
OG_5212	12	12	13	1.0
OG_5213	11	13	16	0.9359
OG_5214	9	9	9	1.0
OG_5215	6	7	7	1.0
OG_5216	12	26	41	0.6892
OG_5217	4	13	13	0.6282
OG_5218	8	24	27	0.5254
OG_5219	6	11	11	0.8909
OG_5220	7	10	11	0.8889
OG_5221	12	13	14	1.0
OG_5222	11	11	12	1.0
OG_5223	12	12	15	1.0
OG_5224	9	11	13	0.8545
OG_5225	7	10	10	0.8
OG_5226	10	12	14	0.8636
OG_5227	7	8	8	1.0
OG_5228	11	12	17	1.0
OG_5229	10	26	35	0.8215
OG_5230	10	12	12	1.0
OG_5231	7	7	7	1.0
OG_5232	10	10	11	1.0
OG_5233	6	6	6	1.0
OG_5234	11	80	102	0.344
OG_5235	8	8	9	1.0
OG_5236	11	58	67	0.4543
OG_5237	12	12	15	1.0
OG_5238	11	12	12	1.0
OG_5239	10	10	10	1.0
OG_5240	9	9	9	1.0
OG_5241	7	19	22	0.7661
OG_5242	3	4	4	1.0
OG_5243	11	14	16	0.7802
OG_5244	12	14	15	1.0
OG_5245	12	16	20	1.0
OG_5246	11	30	34	0.4897
OG_5247	5	5	5	1.0
OG_5248	10	10	11	1.0
OG_5249	12	16	16	0.85
OG_5250	9	11	11	0.8727
OG_5251	3	10	14	0.7556
OG_5252	9	9	11	1.0
OG_5253	8	8	8	1.0
OG_5254	7	7	15	0.8571
OG_5255	9	37	40	0.6517
OG_5256	4	5	6	1.0
OG_5257	12	12	12	1.0
OG_5258	10	10	11	0.8222
OG_5259	8	8	8	0.75
OG_5260	11	11	15	1.0
OG_5261	9	11	11	0.6545
OG_5262	5	5	6	1.0
OG_5263	12	14	16	0.956
OG_5264	9	38	43	0.9331
OG_5265	7	19	25	0.5906
OG_5266	7	15	15	0.7714
OG_5267	12	13	17	1.0
OG_5268	11	14	16	1.0
OG_5269	5	5	6	1.0
OG_5270	4	4	7	1.0
OG_5271	9	12	15	1.0
OG_5272	6	6	8	1.0
OG_5273	8	11	13	0.8182
OG_5274	12	13	17	1.0
OG_5275	5	6	6	1.0
OG_5276	11	11	16	0.9636
OG_5277	10	13	22	0.9103
OG_5278	3	5	6	1.0
OG_5279	9	10	12	0.6889
OG_5280	12	13	15	1.0
OG_5281	6	9	10	0.8056
OG_5282	7	12	13	0.6061
OG_5283	7	20	22	0.7105
OG_5284	9	10	11	1.0
OG_5285	9	11	11	0.7455
OG_5286	9	9	9	1.0
OG_5287	9	10	10	0.8222
OG_5288	10	10	10	1.0
OG_5289	8	31	35	0.5269
OG_5290	8	21	21	0.9381
OG_5291	8	50	51	0.7608
OG_5292	12	197	227	0.353
OG_5293	11	25	27	0.8467
OG_5294	7	8	10	1.0
OG_5295	5	7	8	1.0
OG_5296	11	13	13	1.0
OG_5297	8	8	9	1.0
OG_5298	9	9	9	1.0
OG_5299	9	11	14	1.0
OG_5300	5	5	5	1.0
OG_5301	10	18	18	1.0
OG_5302	10	58	72	0.6177
OG_5303	12	17	22	0.9706
OG_5304	9	15	19	0.8667
OG_5305	6	13	13	0.9359
OG_5306	12	16	21	0.8833
OG_5307	5	5	7	0.8
OG_5308	6	10	10	0.3556
OG_5309	7	33	56	0.5606
OG_5310	12	24	30	0.75
OG_5311	7	8	9	1.0
OG_5312	6	8	8	1.0
OG_5313	10	26	66	0.8492
OG_5314	6	7	7	1.0
OG_5315	7	12	13	1.0
OG_5316	9	9	10	0.8056
OG_5317	5	12	13	0.6364
OG_5318	4	8	9	0.8929
OG_5319	6	6	6	1.0
OG_5320	11	12	12	1.0
OG_5321	11	12	13	0.9697
OG_5322	12	12	12	0.9848
OG_5323	4	4	4	1.0
OG_5324	8	52	68	0.6916
OG_5325	9	9	9	1.0
OG_5326	11	14	29	1.0
OG_5327	7	8	8	1.0
OG_5328	12	23	31	1.0
OG_5329	10	10	11	0.9111
OG_5330	10	10	11	1.0
OG_5331	11	12	13	0.9848
OG_5332	8	9	16	1.0
OG_5333	12	27	32	0.7749
OG_5334	11	12	17	1.0
OG_5335	7	23	32	1.0
OG_5336	4	4	4	1.0
OG_5337	10	10	13	1.0
OG_5338	6	6	6	1.0
OG_5339	8	20	22	0.7579
OG_5340	11	19	22	0.7544
OG_5341	11	125	156	0.4865
OG_5342	8	8	11	1.0
OG_5343	3	3	3	1.0
OG_5344	12	16	21	0.825
OG_5345	11	129	178	0.6129
OG_5346	9	24	56	0.5761
OG_5347	8	9	10	0.9722
OG_5348	12	100	117	0.4273
OG_5349	7	7	10	1.0
OG_5350	12	13	14	0.9359
OG_5351	12	15	20	0.8381
OG_5352	10	10	10	0.8667
OG_5353	4	4	4	1.0
OG_5354	10	10	11	1.0
OG_5355	12	14	23	0.9341
OG_5356	8	9	9	0.9722
OG_5357	11	17	19	1.0
OG_5358	7	9	9	1.0
OG_5359	11	29	32	0.5591
OG_5360	9	90	94	0.419
OG_5361	9	9	10	1.0
OG_5362	11	12	13	0.9394
OG_5363	7	34	41	0.6809
OG_5364	6	6	7	0.8
OG_5365	10	34	42	0.5989
OG_5366	11	75	84	0.5604
OG_5367	12	68	91	0.6563
OG_5368	12	95	117	0.4302
OG_5369	11	11	11	1.0
OG_5370	12	15	22	1.0
OG_5371	3	7	7	1.0
OG_5372	8	13	14	1.0
OG_5373	6	6	6	1.0
OG_5374	12	14	16	0.978
OG_5375	12	173	254	0.1827
OG_5376	6	18	23	0.9804
OG_5377	11	14	24	0.9451
OG_5378	6	15	15	0.581
OG_5379	4	10	12	0.9111
OG_5380	11	109	130	0.2144
OG_5381	9	60	75	0.6407
OG_5382	6	7	7	0.9524
OG_5383	9	13	13	0.6923
OG_5384	8	16	25	1.0
OG_5385	6	15	21	0.9048
OG_5386	12	114	139	0.7005
OG_5387	4	6	6	1.0
OG_5388	9	28	32	0.9841
OG_5389	6	6	6	1.0
OG_5390	12	13	20	0.9487
OG_5391	5	6	7	1.0
OG_5392	11	12	14	1.0
OG_5393	8	9	11	0.8333
OG_5394	11	89	95	0.4709
OG_5395	9	15	18	0.7238
OG_5396	10	34	41	0.6328
OG_5397	9	9	9	1.0
OG_5398	7	12	14	1.0
OG_5399	10	10	20	1.0
OG_5400	4	13	14	0.7692
OG_5401	5	9	9	0.6389
OG_5402	8	12	13	0.9242
OG_5403	12	279	369	0.2628
OG_5404	8	8	9	1.0
OG_5405	7	7	10	1.0
OG_5406	6	6	6	1.0
OG_5407	8	26	29	0.9169
OG_5408	11	13	13	0.8205
OG_5409	5	7	7	1.0
OG_5410	3	8	9	0.9643
OG_5411	4	20	23	0.8737
OG_5412	3	3	6	1.0
OG_5413	12	53	70	0.5123
OG_5414	7	7	8	1.0
OG_5415	7	34	52	0.795
OG_5416	12	13	17	1.0
OG_5417	7	10	11	0.6889
OG_5418	8	9	11	1.0
OG_5419	8	41	47	0.9463
OG_5420	6	6	6	1.0
OG_5421	12	150	192	0.3987
OG_5422	3	7	7	0.619
OG_5423	3	8	8	0.7143
OG_5424	5	5	6	1.0
OG_5425	5	17	17	0.8162
OG_5426	8	68	80	0.2568
OG_5427	11	162	199	0.3034
OG_5428	3	14	15	0.6813
OG_5429	9	111	124	0.3055
OG_5430	10	11	12	0.8545
OG_5431	5	16	23	0.8917
OG_5432	3	14	17	0.9231
OG_5433	12	15	18	0.6095
OG_5434	12	159	186	0.435
OG_5435	2	2	2	1.0
OG_5436	7	46	61	0.7662
OG_5437	12	32	35	0.5867
OG_5438	3	12	12	1.0
OG_5439	8	30	30	0.4713
OG_5440	5	8	9	0.9286
OG_5441	4	4	4	1.0
OG_5442	4	4	7	1.0
OG_5443	6	20	24	0.4947
OG_5444	4	4	5	1.0
OG_5445	3	11	11	0.5818
OG_5446	7	7	7	1.0
OG_5447	6	11	11	0.9818
OG_5448	11	11	11	1.0
OG_5449	5	9	12	1.0
OG_5450	5	8	9	1.0
OG_5451	10	33	36	0.7973
OG_5452	5	10	13	1.0
OG_5453	3	7	8	1.0
OG_5454	10	80	110	0.2949
OG_5455	10	102	113	0.2541
OG_5456	11	27	33	0.8291
OG_5457	2	4	4	0.8333
OG_5458	10	10	13	0.7333
OG_5459	9	16	24	0.85
OG_5460	7	27	41	0.6268
OG_5461	7	10	10	0.9556
OG_5462	12	240	331	0.251
OG_5463	7	10	10	0.8667
OG_5464	10	11	13	0.9455
OG_5465	12	90	120	0.5628
OG_5466	4	5	5	1.0
OG_5467	7	9	9	0.9444
OG_5468	8	9	12	1.0
OG_5469	6	6	6	1.0
OG_5470	9	24	25	0.9964
OG_5471	10	64	79	0.5744
OG_5472	12	15	17	0.6286
OG_5473	12	27	35	0.8405
OG_5474	2	11	11	0.7273
OG_5475	12	19	24	1.0
OG_5476	10	12	13	1.0
OG_5477	9	10	13	0.9778
OG_5478	2	9	9	0.9167
OG_5479	6	30	40	0.4276
OG_5480	6	6	6	1.0
OG_5481	4	5	5	1.0
OG_5482	7	10	10	1.0
OG_5483	3	5	5	1.0
OG_5484	12	73	84	0.3417
OG_5485	9	9	9	1.0
OG_5486	8	92	118	0.2864
OG_5487	5	16	17	0.8833
OG_5488	10	62	83	0.8456
OG_5489	7	9	9	1.0
OG_5490	12	20	25	0.5421
OG_5491	12	106	114	0.3456
OG_5492	6	28	29	0.3968
OG_5493	11	56	69	0.6532
OG_5494	7	18	18	0.4248
OG_5495	8	10	12	1.0
OG_5496	8	23	44	0.5613
OG_5497	11	56	67	0.5117
OG_5498	2	10	10	0.7111
OG_5499	11	23	29	0.7273
OG_5500	8	58	59	0.4979
OG_5501	8	9	12	0.75
OG_5502	7	7	12	0.9524
OG_5503	9	27	38	0.6923
OG_5504	4	4	4	1.0
OG_5505	7	43	46	0.8483
OG_5506	8	9	10	1.0
OG_5507	2	5	5	0.7
OG_5508	11	64	80	0.8199
OG_5509	2	4	4	1.0
OG_5510	9	20	23	0.8053
OG_5511	10	33	33	0.7386
OG_5512	4	18	20	0.8039
OG_5513	5	5	6	1.0
OG_5514	3	20	22	0.4368
OG_5515	11	20	24	0.8632
OG_5516	3	13	15	0.8077
OG_5517	12	12	14	1.0
OG_5518	5	28	33	0.5238
OG_5519	10	11	19	0.9636
OG_5520	9	19	25	0.9883
OG_5521	8	11	23	0.7818
OG_5522	12	197	206	0.2576
OG_5523	3	8	9	0.5357
OG_5524	2	3	3	1.0
OG_5525	11	21	24	0.7
OG_5526	6	27	32	0.6182
OG_5527	5	5	6	1.0
OG_5528	2	4	4	1.0
OG_5529	12	123	174	0.5667
OG_5530	4	17	20	0.8971
OG_5531	12	24	56	0.6739
OG_5532	3	10	10	0.9778
OG_5533	10	10	10	1.0
OG_5534	7	13	13	0.9744
OG_5535	12	16	19	0.9833
OG_5536	6	85	95	0.305
OG_5537	8	8	9	1.0
OG_5538	10	13	13	0.9103
OG_5539	11	35	39	0.8403
OG_5540	12	26	27	0.8462
OG_5541	9	9	11	1.0
OG_5542	12	15	16	0.9905
OG_5543	3	17	19	0.8088
OG_5544	12	188	210	0.3601
OG_5545	11	59	66	0.4319
OG_5546	9	44	45	0.6596
OG_5547	6	8	8	0.8571
OG_5548	9	27	29	0.9145
OG_5549	7	23	23	0.7826
OG_5550	8	23	31	0.9526
OG_5551	12	43	52	0.6401
OG_5552	3	19	19	0.4327
OG_5553	9	70	74	0.6427
OG_5554	4	18	22	0.3333
OG_5555	4	4	6	0.8333
OG_5556	4	14	15	0.8791
OG_5557	10	61	71	0.6284
OG_5558	12	22	23	0.5368
OG_5559	6	10	13	0.9778
OG_5560	3	9	9	1.0
OG_5561	2	10	14	0.8222
OG_5562	5	37	46	0.3273
OG_5563	8	12	14	0.9697
OG_5564	12	151	201	0.476
OG_5565	7	21	22	0.5714
OG_5566	11	91	117	0.5709
OG_5567	9	9	10	0.8333
OG_5568	11	11	16	1.0
OG_5569	6	6	7	1.0
OG_5570	8	43	43	0.4994
OG_5571	10	11	16	0.6727
OG_5572	10	11	12	1.0
OG_5573	6	9	11	1.0
OG_5574	6	6	6	1.0
OG_5575	9	91	116	0.6608
OG_5576	5	39	52	0.6559
OG_5577	10	10	10	0.9778
OG_5578	9	15	15	0.619
OG_5579	10	11	18	0.9818
OG_5580	10	14	16	0.8132
OG_5581	12	150	179	0.3358
OG_5582	3	15	16	0.5714
OG_5583	11	293	375	0.2057
OG_5584	5	19	20	0.7544
OG_5585	11	15	20	0.8381
OG_5586	6	10	10	0.7778
OG_5587	2	3	3	1.0
OG_5588	8	27	32	0.9516
OG_5589	4	44	44	0.3996
OG_5590	11	158	192	0.5211
OG_5591	10	26	28	0.9969
OG_5592	4	48	71	0.3954
OG_5593	5	16	16	0.9917
OG_5594	12	207	238	0.1438
OG_5595	9	72	96	0.7359
OG_5596	11	14	16	0.6374
OG_5597	8	8	9	1.0
OG_5598	5	28	28	0.5714
OG_5599	9	46	55	0.5971
OG_5600	7	35	41	0.5731
OG_5601	8	33	41	0.5928
OG_5602	6	26	26	0.6215
OG_5603	5	8	8	0.8214
OG_5604	4	22	23	0.5325
OG_5605	10	13	16	0.8846
OG_5606	5	6	6	1.0
OG_5607	9	10	10	0.9556
OG_5608	2	9	16	0.8889
OG_5609	9	117	186	0.342
OG_5610	12	16	17	0.6917
OG_5611	10	118	154	0.2402
OG_5612	12	127	166	0.1626
OG_5613	9	66	75	0.1753
OG_5614	4	9	9	0.6389
OG_5615	9	76	84	0.3354
OG_5616	12	65	96	0.9644
OG_5617	10	23	47	0.9842
OG_5618	8	9	9	1.0
OG_5619	5	18	21	0.7516
OG_5620	7	11	11	0.9636
OG_5621	12	13	14	0.9744
OG_5622	10	82	99	0.2957
OG_5623	5	25	25	0.5033
OG_5624	7	16	19	0.6417
OG_5625	12	16	16	0.8667
OG_5626	8	10	11	0.8889
OG_5627	10	12	17	0.7879
OG_5628	12	65	103	0.7668
OG_5629	2	5	5	1.0
OG_5630	6	32	45	0.4274
OG_5631	8	16	19	0.6667
OG_5632	11	92	109	0.7396
OG_5633	10	14	16	0.5714
OG_5634	11	11	13	1.0
OG_5635	4	13	13	0.9487
OG_5636	9	68	87	0.6892
OG_5637	4	16	19	0.7
OG_5638	2	11	12	0.5818
OG_5639	2	4	6	1.0
OG_5640	12	12	19	0.9091
OG_5641	11	18	23	0.9346
OG_5642	4	25	26	0.3467
OG_5643	11	11	13	0.9818
OG_5644	9	9	10	1.0
OG_5645	12	18	21	1.0
OG_5646	11	50	70	0.5233
OG_5647	9	63	64	0.745
OG_5648	4	20	21	0.6158
OG_5649	3	9	9	0.9167
OG_5650	12	62	73	0.707
OG_5651	3	3	6	1.0
OG_5652	4	21	21	0.4524
OG_5653	10	139	161	0.2341
OG_5654	8	23	25	0.4743
OG_5655	3	10	10	0.6889
OG_5656	10	12	24	0.9848
OG_5657	6	34	37	0.7647
OG_5658	11	61	69	0.8027
OG_5659	8	38	39	0.8236
OG_5660	8	25	35	0.8467
OG_5661	11	113	136	0.3067
OG_5662	8	12	12	0.7273
OG_5663	6	25	26	0.6667
OG_5664	6	6	8	1.0
OG_5665	9	9	9	1.0
OG_5666	11	22	24	0.8052
OG_5667	11	37	43	0.6291
OG_5668	6	31	36	0.7828
OG_5669	11	11	23	1.0
OG_5670	4	10	14	0.6444
OG_5671	7	13	21	1.0
OG_5672	6	13	18	0.7051
OG_5673	6	7	10	0.9048
OG_5674	5	43	64	0.3444
OG_5675	10	10	10	1.0
OG_5676	4	16	19	0.6417
OG_5677	9	9	9	0.8611
OG_5678	12	17	22	0.6912
OG_5679	9	12	14	0.7727
OG_5680	11	115	125	0.3825
OG_5681	6	17	20	0.7426
OG_5682	8	44	55	0.4979
OG_5683	3	3	3	1.0
OG_5684	11	18	19	0.732
OG_5685	8	9	13	0.9167
OG_5686	10	11	13	0.9636
OG_5687	7	33	39	0.6875
OG_5688	7	17	29	0.9559
OG_5689	3	4	4	1.0
OG_5690	8	38	50	0.3983
OG_5691	4	13	13	0.7051
OG_5692	6	15	15	1.0
OG_5693	6	8	9	1.0
OG_5694	3	6	6	1.0
OG_5695	6	34	40	0.4777
OG_5696	12	22	37	0.7662
OG_5697	6	10	11	0.8444
OG_5698	4	16	18	0.8083
OG_5699	12	53	59	0.6255
OG_5700	4	18	26	0.7647
OG_5701	12	16	17	0.625
OG_5702	9	25	31	0.7933
OG_5703	8	9	13	1.0
OG_5704	12	12	17	1.0
OG_5705	6	19	27	0.9181
OG_5706	2	4	5	1.0
OG_5707	9	20	29	0.8263
OG_5708	8	110	117	0.158
OG_5709	6	14	16	0.7253
OG_5710	12	19	24	0.7485
OG_5711	12	142	163	0.5921
OG_5712	5	5	5	1.0
OG_5713	5	8	8	0.8571
OG_5714	7	10	11	0.8444
OG_5715	5	5	5	1.0
OG_5716	8	21	23	0.8476
OG_5717	9	50	64	0.6082
OG_5718	12	14	16	0.7363
OG_5719	9	10	11	1.0
OG_5720	11	74	86	0.5831
OG_5721	9	13	24	0.7179
OG_5722	2	5	5	1.0
OG_5723	10	52	58	0.7225
OG_5724	6	8	8	1.0
OG_5725	11	11	11	1.0
OG_5726	6	9	9	1.0
OG_5727	8	12	13	0.9394
OG_5728	7	19	21	0.9942
OG_5729	7	38	52	0.33
OG_5730	8	8	13	1.0
OG_5731	7	13	13	1.0
OG_5732	3	9	9	1.0
OG_5733	4	4	4	1.0
OG_5734	12	158	173	0.203
OG_5735	8	35	52	0.6034
OG_5736	9	70	93	0.5992
OG_5737	10	59	72	0.7528
OG_5738	3	6	6	0.6
OG_5739	9	30	36	0.6437
OG_5740	12	15	23	0.8286
OG_5741	12	13	17	0.9744
OG_5742	4	8	8	0.9643
OG_5743	5	38	41	0.3144
OG_5744	10	51	60	0.6431
OG_5745	9	22	24	0.7749
OG_5746	3	8	8	1.0
OG_5747	4	5	5	0.7
OG_5748	8	39	49	0.7328
OG_5749	11	13	13	0.8974
OG_5750	9	89	101	0.4132
OG_5751	12	138	156	0.5948
OG_5752	6	6	6	1.0
OG_5753	5	29	35	0.7118
OG_5754	5	21	21	0.6429
OG_5755	10	80	104	0.6316
OG_5756	5	7	7	1.0
OG_5757	7	7	7	1.0
OG_5758	9	21	26	0.981
OG_5759	11	142	167	0.5784
OG_5760	6	45	61	0.4051
OG_5761	5	11	14	0.7273
OG_5762	9	10	11	0.8444
OG_5763	4	7	12	0.9048
OG_5764	12	95	124	0.6905
OG_5765	11	23	30	1.0
OG_5766	12	66	75	0.421
OG_5767	12	111	143	0.4262
OG_5768	6	6	7	0.7333
OG_5769	11	11	12	0.6909
OG_5770	4	5	5	1.0
OG_5771	5	19	21	0.7485
OG_5772	2	7	7	0.619
OG_5773	8	9	9	1.0
OG_5774	8	42	56	0.9384
OG_5775	8	27	28	0.9801
OG_5776	12	18	29	0.8105
OG_5777	12	18	22	0.9935
OG_5778	8	30	39	0.5747
OG_5779	2	14	14	0.4505
OG_5780	8	8	9	1.0
OG_5781	8	15	15	0.6762
OG_5782	7	9	9	0.6111
OG_5783	8	20	20	0.8842
OG_5784	8	8	9	1.0
OG_5785	9	22	24	0.7186
OG_5786	12	14	16	1.0
OG_5787	7	8	8	1.0
OG_5788	7	10	10	0.8444
OG_5789	7	72	102	0.4836
OG_5790	8	8	8	1.0
OG_5791	8	12	12	1.0
OG_5792	4	8	8	0.6786
OG_5793	10	41	44	0.8671
OG_5794	6	29	36	0.7882
OG_5795	7	52	69	0.5649
OG_5796	9	15	25	1.0
OG_5797	9	27	27	0.9345
OG_5798	11	12	24	0.9848
OG_5799	3	6	6	0.7333
OG_5800	12	16	37	0.8
OG_5801	6	12	17	1.0
OG_5802	7	8	8	1.0
OG_5803	12	16	17	0.7083
OG_5804	4	11	11	0.7636
OG_5805	10	45	55	0.8677
OG_5806	12	173	214	0.2264
OG_5807	2	4	4	1.0
OG_5808	6	7	7	1.0
OG_5809	5	18	21	0.9412
OG_5810	7	7	8	0.8095
OG_5811	9	16	17	0.8917
OG_5812	8	8	8	1.0
OG_5813	11	91	99	0.5502
OG_5814	11	79	99	0.6816
OG_5815	7	44	47	0.5085
OG_5816	8	11	12	1.0
OG_5817	12	16	17	0.925
OG_5818	12	35	63	0.7395
OG_5819	6	6	6	1.0
OG_5820	2	8	8	0.9643
OG_5821	11	35	46	0.8034
OG_5822	12	19	20	0.9591
OG_5823	3	4	4	0.8333
OG_5824	7	21	23	0.5619
OG_5825	2	18	21	0.7451
OG_5826	11	89	130	0.2495
OG_5827	9	9	10	1.0
OG_5828	4	7	8	0.7619
OG_5829	4	7	7	0.9048
OG_5830	8	8	8	1.0
OG_5831	12	17	19	0.9412
OG_5832	9	95	110	0.2101
OG_5833	6	8	8	0.9643
OG_5834	8	26	39	0.9262
OG_5835	5	5	9	1.0
OG_5836	8	10	10	1.0
OG_5837	12	229	281	0.4115
OG_5838	12	88	120	0.3743
OG_5839	11	20	23	0.9368
OG_5840	12	38	43	0.8947
OG_5841	2	5	5	1.0
OG_5842	12	136	165	0.7241
OG_5843	12	101	121	0.5079
OG_5844	3	7	7	0.6667
OG_5845	8	8	32	1.0
OG_5846	9	9	9	1.0
OG_5847	3	3	3	1.0
OG_5848	10	12	19	0.9848
OG_5849	5	16	18	0.8417
OG_5850	8	10	10	1.0
OG_5851	9	40	49	0.8564
OG_5852	2	6	6	1.0
OG_5853	8	8	9	1.0
OG_5854	7	34	35	0.8431
OG_5855	12	12	12	1.0
OG_5856	2	4	4	1.0
OG_5857	4	6	6	0.6
OG_5858	11	64	82	0.6543
OG_5859	9	32	40	0.8508
OG_5860	11	21	24	0.9238
OG_5861	7	11	13	1.0
OG_5862	8	8	9	1.0
OG_5863	12	16	31	0.9083
OG_5864	11	26	32	0.7046
OG_5865	12	43	55	0.5183
OG_5866	7	9	9	0.7778
OG_5867	8	37	43	0.6486
OG_5868	8	11	12	0.8545
OG_5869	11	11	13	1.0
OG_5870	4	10	10	0.7111
OG_5871	7	25	28	0.71
OG_5872	10	11	11	0.9636
OG_5873	4	29	33	0.4212
OG_5874	9	10	18	0.9556
OG_5875	4	15	15	0.5048
OG_5876	12	14	17	0.967
OG_5877	3	8	16	1.0
OG_5878	9	27	41	0.4986
OG_5879	12	17	23	0.9044
OG_5880	7	9	14	0.8333
OG_5881	6	8	8	1.0
OG_5882	5	9	10	0.5556
OG_5883	8	25	36	0.74
OG_5884	10	36	40	0.7
OG_5885	12	20	23	0.8947
OG_5886	8	8	9	1.0
OG_5887	10	10	12	1.0
OG_5888	11	15	21	0.9429
OG_5889	9	51	51	0.7914
OG_5890	7	32	55	0.3125
OG_5891	11	58	80	0.9528
OG_5892	9	22	24	0.8745
OG_5893	11	26	31	0.5569
OG_5894	10	11	12	0.9818
OG_5895	5	12	13	0.9848
OG_5896	6	24	30	0.3949
OG_5897	7	11	12	0.8727
OG_5898	11	12	12	1.0
OG_5899	7	20	22	0.9263
OG_5900	7	7	7	1.0
OG_5901	5	18	24	0.6471
OG_5902	12	14	14	1.0
OG_5903	12	30	47	0.7724
OG_5904	2	6	9	1.0
OG_5905	4	9	11	1.0
OG_5906	10	17	20	0.5441
OG_5907	12	20	37	0.7526
OG_5908	12	73	78	0.7108
OG_5909	11	11	14	0.8727
OG_5910	11	32	48	0.5887
OG_5911	10	57	76	0.4173
OG_5912	9	79	143	0.2308
OG_5913	12	47	59	0.692
OG_5914	11	11	12	1.0
OG_5915	12	13	13	1.0
OG_5916	12	64	78	0.3904
OG_5917	12	42	49	0.9454
OG_5918	7	8	8	0.9286
OG_5919	4	4	4	1.0
OG_5920	3	12	12	0.9242
OG_5921	2	25	31	0.5367
OG_5922	5	28	33	0.4471
OG_5923	11	11	16	0.8727
OG_5924	5	6	6	1.0
OG_5925	2	3	4	1.0
OG_5926	5	20	24	0.4632
OG_5927	6	49	85	0.591
OG_5928	12	13	18	0.9487
OG_5929	12	12	12	1.0
OG_5930	12	115	123	0.331
OG_5931	11	28	32	0.8704
OG_5932	12	15	17	0.981
OG_5933	2	6	8	1.0
OG_5934	7	32	61	0.2964
OG_5935	11	13	13	0.9744
OG_5936	12	12	12	1.0
OG_5937	11	42	43	0.619
OG_5938	12	49	57	0.7534
OG_5939	11	11	14	1.0
OG_5940	12	12	20	1.0
OG_5941	11	13	13	1.0
OG_5942	6	12	12	0.6061
OG_5943	2	3	4	1.0
OG_5944	5	17	23	0.8088
OG_5945	12	16	19	0.9583
OG_5946	12	50	68	0.2816
OG_5947	9	34	44	0.6809
OG_5948	4	4	9	1.0
OG_5949	2	11	13	1.0
OG_5950	11	11	11	1.0
OG_5951	12	29	36	0.9778
OG_5952	4	9	9	0.9444
OG_5953	2	3	5	1.0
OG_5954	2	9	18	1.0
OG_5955	2	18	24	0.8693
OG_5956	12	13	14	1.0
OG_5957	10	11	11	0.9636
OG_5958	2	10	15	0.8222
OG_5959	12	14	18	0.6923
OG_5960	11	42	58	0.9187
OG_5961	2	3	4	1.0
OG_5962	11	19	22	0.9064
OG_5963	12	20	22	0.9895
OG_5964	2	9	9	0.7778
OG_5965	11	17	24	0.8529
OG_5966	8	8	8	0.8571
OG_5967	11	15	15	0.9238
OG_5968	12	12	24	1.0
OG_5969	10	11	17	0.9091
OG_5970	2	5	5	1.0
OG_5971	12	12	12	1.0
OG_5972	11	71	227	0.2254
OG_5973	12	14	15	0.9121
OG_5974	12	144	171	0.1666
OG_5975	11	11	11	1.0
OG_5976	2	15	20	0.6381
OG_5977	11	34	42	0.754
OG_5978	4	17	25	0.6912
OG_5979	12	21	32	0.5714
OG_5980	10	19	23	0.6082
OG_5981	12	14	17	1.0
OG_5982	4	6	8	1.0
OG_5983	11	12	21	0.9848
OG_5984	9	9	16	1.0
OG_5985	2	26	43	0.2862
OG_5986	2	4	4	0.3333
OG_5987	3	8	10	0.7857
OG_5988	12	14	15	0.9231
OG_5989	12	14	19	0.8352
OG_5990	5	8	9	1.0
OG_5991	2	4	5	1.0
OG_5992	12	24	29	0.9058
OG_5993	11	21	23	0.8048
OG_5994	12	20	25	0.6263
OG_5995	10	18	29	0.7124
OG_5996	9	49	58	0.5255
OG_5997	12	14	18	0.8132
OG_5998	9	28	35	0.8069
OG_5999	2	6	7	1.0
OG_6000	11	16	22	0.7833
OG_6001	2	8	9	0.5
OG_6002	11	45	54	0.697
OG_6003	10	11	11	1.0
OG_6004	12	13	16	1.0
OG_6005	12	31	33	0.8774
OG_6006	2	9	9	0.7778
OG_6007	11	17	18	0.8456
OG_6008	5	12	16	1.0
OG_6009	11	13	13	0.7821
OG_6010	11	13	23	1.0
OG_6011	8	19	21	0.7251
OG_6012	10	11	15	1.0
OG_6013	12	43	47	0.4662
OG_6014	2	3	5	1.0
OG_6015	12	14	15	1.0
OG_6016	9	12	12	0.8939
OG_6017	10	86	124	0.6695
OG_6018	4	5	11	1.0
OG_6019	2	9	12	1.0
OG_6020	12	13	15	1.0
OG_6021	10	13	14	0.9744
OG_6022	11	16	18	0.6917
OG_6023	12	39	45	0.7611
OG_6024	12	12	12	1.0
OG_6025	12	13	38	0.9103
OG_6026	12	18	23	0.9477
OG_6027	12	21	21	0.881
OG_6028	2	4	6	1.0
OG_6029	2	8	12	1.0
OG_6030	5	6	7	1.0
OG_6031	2	14	19	0.7473
OG_6032	2	8	10	0.8214
OG_6033	12	13	16	0.9487
OG_6034	7	7	7	1.0
OG_6035	11	175	241	0.2213
OG_6036	12	21	28	0.6048
OG_6037	12	13	14	0.9231
OG_6038	11	11	11	0.9818
OG_6039	12	14	20	1.0
OG_6040	12	18	25	0.9216
OG_6041	10	13	14	1.0
OG_6042	3	11	15	0.8
OG_6043	11	12	12	1.0
OG_6044	12	20	21	0.6474
OG_6045	2	6	8	0.9333
OG_6046	11	58	87	0.8717
OG_6047	12	14	14	0.7802
OG_6048	12	23	23	0.9842
OG_6049	5	9	10	1.0
OG_6050	12	19	23	0.8246
OG_6051	2	7	7	0.7143
OG_6052	3	6	10	0.6667
OG_6053	7	7	7	1.0
OG_6054	11	55	61	0.5448
OG_6055	12	13	14	1.0
OG_6056	10	12	14	0.9394
OG_6057	11	72	75	0.3529
OG_6058	12	15	18	0.7429
OG_6059	11	11	11	1.0
OG_6060	7	8	9	1.0
OG_6061	12	16	20	0.7333
OG_6062	10	98	145	0.3682
OG_6063	8	9	12	0.8333
OG_6064	10	10	10	1.0
OG_6065	11	14	14	0.9341
OG_6066	4	17	21	0.6397
OG_6067	11	11	12	1.0
OG_6068	12	75	87	0.7117
OG_6069	11	12	12	0.9091
OG_6070	11	46	51	0.7266
OG_6071	11	11	17	0.9636
OG_6072	6	16	27	0.5
OG_6073	12	12	14	1.0
OG_6074	10	10	11	0.9778
OG_6075	12	13	23	1.0
OG_6076	11	32	36	0.9274
OG_6077	3	7	8	0.7619
OG_6078	12	25	37	0.8367
OG_6079	2	6	6	1.0
OG_6080	7	17	18	0.4779
OG_6081	6	10	11	1.0
OG_6082	9	95	129	0.346
OG_6083	12	46	51	0.5266
OG_6084	12	23	38	0.9802
OG_6085	8	16	18	0.8917
OG_6086	7	21	21	0.8143
OG_6087	3	18	23	0.4314
OG_6088	7	35	46	0.642
OG_6089	12	28	42	0.8862
OG_6090	11	15	17	0.9429
OG_6091	2	5	5	1.0
OG_6092	12	14	20	1.0
OG_6093	3	22	24	0.6494
OG_6094	9	39	56	0.8462
OG_6095	11	86	109	0.3896
OG_6096	2	8	8	1.0
OG_6097	4	8	8	0.9286
OG_6098	7	23	27	0.8142
OG_6099	7	7	7	0.619
OG_6100	3	14	20	0.7912
OG_6101	9	12	18	0.8182
OG_6102	7	7	7	1.0
OG_6103	7	7	9	1.0
OG_6104	9	21	21	1.0
OG_6105	11	46	52	0.6106
OG_6106	11	23	25	0.9249
OG_6107	8	77	89	0.3442
OG_6108	2	11	11	0.7818
OG_6109	11	17	18	1.0
OG_6110	4	6	6	1.0
OG_6111	11	27	36	0.7236
OG_6112	6	29	31	0.67
OG_6113	7	7	7	1.0
OG_6114	7	24	29	0.8659
OG_6115	10	63	70	0.5786
OG_6116	2	3	3	1.0
OG_6117	5	13	14	0.859
OG_6118	12	65	83	0.7678
OG_6119	7	32	35	0.9234
OG_6120	3	13	14	0.8077
OG_6121	3	8	9	1.0
OG_6122	2	3	3	1.0
OG_6123	7	53	60	0.7097
OG_6124	11	51	67	0.2871
OG_6125	6	17	18	0.7647
OG_6126	9	12	13	0.5303
OG_6127	12	20	21	0.9895
OG_6128	10	15	16	0.6667
OG_6129	10	39	53	0.8893
OG_6130	8	27	29	0.4957
OG_6131	3	8	9	1.0
OG_6132	9	24	38	0.8152
OG_6133	12	25	36	0.9133
OG_6134	6	12	19	0.7424
OG_6135	11	37	54	0.5495
OG_6136	5	14	14	0.956
OG_6137	6	9	9	0.5556
OG_6138	4	12	12	0.6818
OG_6139	6	10	13	0.8667
OG_6140	7	71	89	0.3191
OG_6141	6	12	13	0.7424
OG_6142	6	9	9	0.8611
OG_6143	11	52	69	0.4894
OG_6144	2	5	5	1.0
OG_6145	7	16	18	0.8917
OG_6146	8	8	9	0.9286
OG_6147	12	17	21	0.875
OG_6148	3	10	10	0.8444
OG_6149	12	13	18	0.8205
OG_6150	10	64	75	0.5446
OG_6151	10	15	20	0.8857
OG_6152	10	109	120	0.6111
OG_6153	10	16	16	0.65
OG_6154	5	5	5	1.0
OG_6155	11	161	168	0.2981
OG_6156	8	37	52	0.515
OG_6157	8	8	8	1.0
OG_6158	5	25	31	0.4233
OG_6159	9	11	11	0.7091
OG_6160	8	9	11	0.9167
OG_6161	6	31	32	0.6323
OG_6162	8	64	75	0.7237
OG_6163	11	101	113	0.5402
OG_6164	11	15	18	0.8667
OG_6165	10	11	11	1.0
OG_6166	11	95	121	0.4981
OG_6167	12	20	21	0.9684
OG_6168	8	24	33	0.6594
OG_6169	7	17	17	0.9632
OG_6170	8	34	47	0.7736
OG_6171	9	20	22	0.5
OG_6172	10	16	23	0.85
OG_6173	8	17	21	0.7132
OG_6174	6	22	24	0.7489
OG_6175	2	6	8	1.0
OG_6176	9	10	12	0.9778
OG_6177	5	5	5	1.0
OG_6178	12	122	171	0.6834
OG_6179	9	17	18	1.0
OG_6180	11	14	17	0.989
OG_6181	12	21	28	0.981
OG_6182	8	8	10	0.75
OG_6183	3	7	7	1.0
OG_6184	10	13	30	0.8333
OG_6185	8	32	36	0.879
OG_6186	12	82	93	0.6917
OG_6187	2	6	6	0.9333
OG_6188	10	107	125	0.4345
OG_6189	11	11	13	1.0
OG_6190	7	23	24	0.7036
OG_6191	2	4	4	1.0
OG_6192	5	5	5	1.0
OG_6193	9	29	42	1.0
OG_6194	11	87	92	0.5608
OG_6195	10	11	22	0.8182
OG_6196	3	5	5	1.0
OG_6197	7	15	16	0.9619
OG_6198	11	22	30	0.6537
OG_6199	5	7	7	1.0
OG_6200	3	7	7	0.9524
OG_6201	8	17	18	0.7132
OG_6202	9	23	39	0.8972
OG_6203	8	58	62	0.7018
OG_6204	8	8	9	1.0
OG_6205	9	59	74	0.8901
OG_6206	11	14	14	0.956
OG_6207	5	14	15	0.5495
OG_6208	10	20	26	0.6368
OG_6209	6	12	15	1.0
OG_6210	2	9	10	0.7778
OG_6211	8	8	8	1.0
OG_6212	12	28	29	0.7011
OG_6213	6	6	7	1.0
OG_6214	12	17	25	0.9853
OG_6215	11	12	13	1.0
OG_6216	9	10	11	1.0
OG_6217	7	12	12	1.0
OG_6218	9	27	34	0.9373
OG_6219	3	7	13	1.0
OG_6220	6	21	27	0.9905
OG_6221	9	22	23	0.9913
OG_6222	3	6	6	1.0
OG_6223	7	7	7	1.0
OG_6224	4	12	12	0.8485
OG_6225	6	32	43	0.7177
OG_6226	5	5	5	1.0
OG_6227	6	8	8	0.9643
OG_6228	4	10	17	0.9778
OG_6229	10	10	13	0.9556
OG_6230	2	6	9	0.9333
OG_6231	9	51	61	0.3357
OG_6232	3	6	7	0.8
OG_6233	11	86	106	0.4005
OG_6234	10	58	76	0.4652
OG_6235	4	7	7	0.8095
OG_6236	6	21	22	0.9143
OG_6237	11	37	51	0.5976
OG_6238	8	8	14	1.0
OG_6239	10	45	57	0.8384
OG_6240	4	5	5	1.0
OG_6241	11	60	68	0.2175
OG_6242	11	14	20	1.0
OG_6243	9	63	67	0.4373
OG_6244	5	6	6	1.0
OG_6245	9	11	13	1.0
OG_6246	10	10	11	0.9111
OG_6247	8	20	25	0.5368
OG_6248	4	7	9	0.9048
OG_6249	8	13	14	0.6667
OG_6250	8	10	12	1.0
OG_6251	2	8	8	0.8571
OG_6252	9	56	74	0.8916
OG_6253	3	6	6	1.0
OG_6254	3	3	3	1.0
OG_6255	4	16	30	0.5333
OG_6256	12	17	22	0.9926
OG_6257	12	12	13	0.9394
OG_6258	5	7	7	1.0
OG_6259	6	128	150	0.2673
OG_6260	6	13	13	0.7051
OG_6261	11	13	14	0.6538
OG_6262	8	44	57	0.3087
OG_6263	4	11	11	1.0
OG_6264	8	8	8	0.7857
OG_6265	4	7	9	0.8571
OG_6266	6	10	11	1.0
OG_6267	7	14	16	0.8681
OG_6268	9	31	36	0.8538
OG_6269	10	11	12	0.6909
OG_6270	5	19	19	0.5029
OG_6271	6	19	25	0.6316
OG_6272	12	92	98	0.9161
OG_6273	12	12	14	0.7879
OG_6274	10	15	21	1.0
OG_6275	11	14	16	0.978
OG_6276	11	12	22	1.0
OG_6277	12	31	41	0.9957
OG_6278	11	14	16	1.0
OG_6279	9	9	9	1.0
OG_6280	12	40	52	0.8654
OG_6281	10	51	52	0.4431
OG_6282	6	6	6	1.0
OG_6283	8	114	130	0.275
OG_6284	9	15	16	0.981
OG_6285	9	10	21	1.0
OG_6286	5	11	14	0.9091
OG_6287	7	9	10	0.9444
OG_6288	8	8	9	1.0
OG_6289	10	54	74	0.7673
OG_6290	8	24	28	0.8623
OG_6291	5	17	23	0.8971
OG_6292	9	61	62	0.5962
OG_6293	8	12	15	0.8485
OG_6294	10	11	11	1.0
OG_6295	5	19	23	0.5263
OG_6296	4	4	5	1.0
OG_6297	12	25	30	0.9333
OG_6298	12	278	322	0.256
OG_6299	3	4	4	1.0
OG_6300	4	14	17	0.5385
OG_6301	3	13	23	0.5513
OG_6302	6	22	23	0.974
OG_6303	8	16	16	1.0
OG_6304	9	80	85	0.5734
OG_6305	12	13	22	0.9359
OG_6306	5	16	16	0.9167
OG_6307	7	9	13	1.0
OG_6308	12	18	19	0.7908
OG_6309	7	26	26	0.9877
OG_6310	6	27	28	0.7778
OG_6311	6	12	12	0.6061
OG_6312	11	29	30	0.6946
OG_6313	11	159	260	0.1771
OG_6314	12	60	65	0.3712
OG_6315	11	11	12	0.9273
OG_6316	6	14	19	1.0
OG_6317	8	31	34	0.8925
OG_6318	6	9	9	1.0
OG_6319	4	9	9	1.0
OG_6320	10	34	39	0.877
OG_6321	12	25	37	0.66
OG_6322	9	33	44	0.9205
OG_6323	4	13	20	0.5513
OG_6324	3	6	8	0.8667
OG_6325	2	7	8	0.6667
OG_6326	3	11	12	0.7818
OG_6327	2	4	4	1.0
OG_6328	4	40	41	0.7064
OG_6329	9	73	83	0.6495
OG_6330	9	22	43	0.7446
OG_6331	11	25	50	0.77
OG_6332	12	15	20	0.9905
OG_6333	6	15	16	0.5619
OG_6334	5	8	8	0.6786
OG_6335	6	6	6	1.0
OG_6336	12	14	23	0.9231
OG_6337	12	17	42	0.8015
OG_6338	9	21	27	0.5048
OG_6339	11	11	16	1.0
OG_6340	3	3	7	1.0
OG_6341	3	6	6	0.8
OG_6342	5	34	40	0.508
OG_6343	10	12	12	0.9697
OG_6344	11	13	18	1.0
OG_6345	6	25	31	0.4667
OG_6346	11	12	13	0.6364
OG_6347	12	51	76	0.982
OG_6348	6	24	32	0.9964
OG_6349	11	11	11	1.0
OG_6350	9	24	30	0.9964
OG_6351	9	15	19	0.7048
OG_6352	11	18	20	0.9216
OG_6353	12	12	15	0.8636
OG_6354	6	9	9	1.0
OG_6355	10	12	12	0.697
OG_6356	11	13	17	1.0
OG_6357	7	11	11	1.0
OG_6358	12	22	23	0.6883
OG_6359	7	29	35	0.6355
OG_6360	8	8	8	1.0
OG_6361	5	16	16	0.7667
OG_6362	4	15	17	0.6476
OG_6363	11	11	18	1.0
OG_6364	4	11	12	0.4364
OG_6365	5	30	42	0.3862
OG_6366	8	57	81	0.3095
OG_6367	12	13	17	0.9872
OG_6368	12	116	145	0.4111
OG_6369	6	21	22	0.5476
OG_6370	7	11	16	1.0
OG_6371	7	27	38	0.6239
OG_6372	12	13	19	0.7308
OG_6373	4	4	4	1.0
OG_6374	8	29	37	0.3818
OG_6375	8	39	48	0.9042
OG_6376	8	11	11	0.7818
OG_6377	10	20	22	0.9684
OG_6378	5	19	22	0.9708
OG_6379	2	6	7	0.5333
OG_6380	9	9	9	1.0
OG_6381	10	46	89	0.6531
OG_6382	10	28	28	0.8466
OG_6383	12	15	17	1.0
OG_6384	8	51	57	0.5827
OG_6385	12	21	34	0.6381
OG_6386	8	19	19	0.4795
OG_6387	11	14	17	1.0
OG_6388	5	7	8	0.9524
OG_6389	2	5	5	1.0
OG_6390	5	5	5	1.0
OG_6391	10	58	65	0.3067
OG_6392	8	12	19	0.7273
OG_6393	5	9	13	1.0
OG_6394	7	11	11	0.8364
OG_6395	6	13	13	1.0
OG_6396	12	32	50	0.9214
OG_6397	9	10	11	1.0
OG_6398	8	24	28	0.9928
OG_6399	10	42	50	0.6492
OG_6400	8	8	8	1.0
OG_6401	12	125	202	0.5994
OG_6402	11	20	24	0.9368
OG_6403	12	30	45	0.5977
OG_6404	11	11	12	1.0
OG_6405	12	62	70	0.6272
OG_6406	6	30	48	0.5954
OG_6407	9	22	30	0.5974
OG_6408	10	11	12	1.0
OG_6409	7	7	7	1.0
OG_6410	11	14	21	0.5495
OG_6411	9	11	11	0.9091
OG_6412	11	25	31	0.81
OG_6413	6	10	10	1.0
OG_6414	8	20	27	0.9895
OG_6415	10	12	12	0.9394
OG_6416	6	8	8	0.9643
OG_6417	4	28	35	0.6005
OG_6418	8	28	31	0.9735
OG_6419	10	52	76	0.6463
OG_6420	4	7	7	1.0
OG_6421	8	14	14	1.0
OG_6422	12	16	19	0.9833
OG_6423	12	13	21	0.9615
OG_6424	7	7	8	1.0
OG_6425	9	14	23	0.8132
OG_6426	5	15	17	0.9714
OG_6427	10	27	42	0.7379
OG_6428	7	19	19	0.807
OG_6429	5	6	6	0.9333
OG_6430	5	6	6	1.0
OG_6431	10	13	13	0.859
OG_6432	2	5	5	1.0
OG_6433	9	26	31	0.7908
OG_6434	7	7	7	1.0
OG_6435	11	13	18	0.9872
OG_6436	7	10	10	0.8222
OG_6437	11	16	21	0.85
OG_6438	4	8	8	0.8929
OG_6439	12	27	64	0.5983
OG_6440	2	4	7	1.0
OG_6441	3	4	8	1.0
OG_6442	11	37	68	0.6471
OG_6443	7	18	22	0.7255
OG_6444	12	157	180	0.5094
OG_6445	12	98	153	0.8626
OG_6446	7	7	8	1.0
OG_6447	9	9	15	1.0
OG_6448	12	34	41	0.9251
OG_6449	2	4	4	1.0
OG_6450	12	16	18	0.925
OG_6451	12	17	23	0.9926
OG_6452	6	9	10	1.0
OG_6453	11	17	21	0.5735
OG_6454	7	20	20	1.0
OG_6455	8	16	19	0.6167
OG_6456	8	16	17	1.0
OG_6457	4	4	9	1.0
OG_6458	8	8	8	0.9286
OG_6459	10	10	15	1.0
OG_6460	9	9	9	1.0
OG_6461	12	18	21	0.9673
OG_6462	9	10	11	0.9333
OG_6463	11	11	16	1.0
OG_6464	10	22	26	0.8571
OG_6465	12	12	14	0.9242
OG_6466	5	7	7	1.0
OG_6467	12	14	15	0.9341
OG_6468	8	66	73	0.5925
OG_6469	11	22	24	0.8355
OG_6470	7	8	13	0.5357
OG_6471	8	8	12	1.0
OG_6472	10	12	17	0.7273
OG_6473	9	9	11	1.0
OG_6474	8	18	21	0.5686
OG_6475	7	25	32	0.5467
OG_6476	12	12	12	1.0
OG_6477	8	8	10	1.0
OG_6478	8	13	14	0.9872
OG_6479	8	15	25	0.8
OG_6480	4	4	4	1.0
OG_6481	8	10	14	0.6889
OG_6482	11	107	121	0.3839
OG_6483	7	7	9	0.8571
OG_6484	9	11	12	1.0
OG_6485	11	18	18	0.9216
OG_6486	9	18	19	0.9085
OG_6487	9	10	11	0.8444
OG_6488	9	9	9	1.0
OG_6489	6	7	8	1.0
OG_6490	6	9	9	0.6944
OG_6491	11	16	18	0.9833
OG_6492	11	28	38	0.9974
OG_6493	5	9	9	1.0
OG_6494	7	8	10	0.8929
OG_6495	8	8	15	1.0
OG_6496	8	69	72	0.4757
OG_6497	12	98	118	0.8416
OG_6498	12	27	34	0.4274
OG_6499	10	44	49	0.7706
OG_6500	10	12	12	0.6667
OG_6501	9	23	30	0.8933
OG_6502	4	20	21	0.5947
OG_6503	11	15	19	0.981
OG_6504	12	15	15	0.9905
OG_6505	12	13	16	0.9615
OG_6506	10	16	26	0.675
OG_6507	9	14	15	0.7253
OG_6508	8	56	65	0.276
OG_6509	10	11	12	1.0
OG_6510	11	16	23	0.525
OG_6511	2	14	16	0.8462
OG_6512	12	12	13	1.0
OG_6513	11	11	13	1.0
OG_6514	11	16	28	0.8667
OG_6515	10	14	16	0.6593
OG_6516	12	26	35	0.7815
OG_6517	12	33	35	0.5057
OG_6518	8	16	17	0.7583
OG_6519	12	14	17	0.989
OG_6520	12	14	18	1.0
OG_6521	12	105	138	0.4317
OG_6522	12	16	25	0.8083
OG_6523	5	8	8	1.0
OG_6524	10	10	10	1.0
OG_6525	2	24	25	0.4239
OG_6526	8	19	19	0.9415
OG_6527	7	11	11	1.0
OG_6528	11	14	14	0.978
OG_6529	12	15	16	0.981
OG_6530	8	21	34	0.7333
OG_6531	9	14	16	1.0
OG_6532	12	17	29	0.8603
OG_6533	11	29	30	0.6724
OG_6534	12	16	18	1.0
OG_6535	8	10	13	0.9778
OG_6536	10	14	15	0.8901
OG_6537	8	12	13	0.9394
OG_6538	9	17	19	0.9926
OG_6539	7	19	21	0.8772
OG_6540	12	20	25	0.8211
OG_6541	3	21	26	0.5286
OG_6542	12	13	17	0.8974
OG_6543	12	24	25	0.692
OG_6544	12	50	58	0.6694
OG_6545	10	10	10	0.9778
OG_6546	2	11	12	0.4364
OG_6547	12	17	20	0.9779
OG_6548	12	14	22	1.0
OG_6549	12	14	20	0.956
OG_6550	7	10	10	0.7556
OG_6551	12	86	110	0.6254
OG_6552	12	29	37	0.9286
OG_6553	12	18	21	0.9935
OG_6554	11	18	29	0.6078
OG_6555	7	40	48	0.7205
OG_6556	11	13	16	0.8205
OG_6557	8	10	11	0.8667
OG_6558	12	20	22	0.6737
OG_6559	2	5	5	1.0
OG_6560	10	46	49	0.6792
OG_6561	2	8	8	0.4643
OG_6562	12	13	16	1.0
OG_6563	10	12	14	0.9848
OG_6564	10	20	23	0.5474
OG_6565	11	12	14	0.9091
OG_6566	2	8	10	1.0
OG_6567	10	13	14	0.9872
OG_6568	10	12	15	0.8182
OG_6569	9	9	13	1.0
OG_6570	4	36	48	0.354
OG_6571	11	11	13	0.9636
OG_6572	12	38	59	0.7098
OG_6573	11	17	19	0.9926
OG_6574	2	6	6	1.0
OG_6575	10	12	15	0.6667
OG_6576	8	31	33	0.7398
OG_6577	11	11	14	1.0
OG_6578	5	13	13	0.7949
OG_6579	8	9	9	0.9722
OG_6580	10	10	15	1.0
OG_6581	4	6	6	1.0
OG_6582	12	20	22	0.9895
OG_6583	8	10	10	0.9111
OG_6584	5	10	12	0.6444
OG_6585	10	21	25	0.7048
OG_6586	10	10	11	0.8444
OG_6587	7	12	12	0.5455
OG_6588	3	5	5	1.0
OG_6589	4	14	15	0.6484
OG_6590	8	17	22	0.8676
OG_6591	12	14	21	0.6703
OG_6592	12	14	15	0.8462
OG_6593	9	14	17	0.989
OG_6594	3	11	12	0.7818
OG_6595	7	9	25	1.0
OG_6596	3	5	5	1.0
OG_6597	12	20	25	0.9263
OG_6598	8	16	18	0.7333
OG_6599	9	17	19	0.9853
OG_6600	8	19	19	0.9474
OG_6601	9	18	22	0.9739
OG_6602	8	9	14	0.8889
OG_6603	2	4	4	1.0
OG_6604	10	10	13	1.0
OG_6605	9	10	12	0.9778
OG_6606	4	18	18	0.8235
OG_6607	3	35	39	0.4252
OG_6608	8	19	22	0.8129
OG_6609	12	22	30	0.8658
OG_6610	9	9	10	1.0
OG_6611	2	4	4	1.0
OG_6612	12	16	18	0.9583
OG_6613	12	14	16	0.8462
OG_6614	10	13	15	0.9744
OG_6615	5	20	20	0.5737
OG_6616	10	10	12	0.9778
OG_6617	10	12	13	0.8485
OG_6618	9	24	24	0.8659
OG_6619	11	66	87	0.3012
OG_6620	12	20	23	0.9684
OG_6621	9	10	10	1.0
OG_6622	12	16	20	0.9917
OG_6623	8	8	8	1.0
OG_6624	11	11	11	0.9636
OG_6625	12	15	15	0.7238
OG_6626	12	14	18	0.8462
OG_6627	11	17	19	0.8162
OG_6628	10	76	88	0.2951
OG_6629	2	9	12	1.0
OG_6630	12	17	18	0.8897
OG_6631	10	15	17	1.0
OG_6632	10	13	18	0.8846
OG_6633	10	19	27	0.9415
OG_6634	10	10	12	1.0
OG_6635	6	17	19	0.8235
OG_6636	9	12	14	0.9697
OG_6637	10	29	37	0.9778
OG_6638	12	17	17	0.9853
OG_6639	12	14	15	0.989
OG_6640	12	20	22	0.8632
OG_6641	12	16	16	1.0
OG_6642	11	15	19	0.9524
OG_6643	12	15	19	0.8667
OG_6644	9	25	32	0.6167
OG_6645	8	9	9	1.0
OG_6646	3	6	7	1.0
OG_6647	12	17	18	0.6838
OG_6648	9	9	20	1.0
OG_6649	8	41	44	0.528
OG_6650	6	6	7	1.0
OG_6651	8	17	19	0.5662
OG_6652	10	16	20	1.0
OG_6653	6	13	13	0.5256
OG_6654	9	11	14	0.9273
OG_6655	9	9	9	1.0
OG_6656	10	24	32	0.692
OG_6657	12	27	34	0.7436
OG_6658	9	20	20	0.9158
OG_6659	6	10	10	0.9778
OG_6660	11	12	12	0.9697
OG_6661	11	21	32	0.8524
OG_6662	6	19	20	0.6433
OG_6663	12	39	48	0.6086
OG_6664	12	18	19	1.0
OG_6665	12	59	64	0.5985
OG_6666	12	22	26	0.8658
OG_6667	5	20	22	0.3632
OG_6668	11	49	53	0.7806
OG_6669	10	10	11	0.9778
OG_6670	12	31	34	0.6452
OG_6671	12	16	20	0.6667
OG_6672	10	11	12	0.9273
OG_6673	8	8	10	1.0
OG_6674	12	15	17	0.7619
OG_6675	10	18	23	0.5229
OG_6676	11	14	24	1.0
OG_6677	8	11	12	1.0
OG_6678	3	8	11	0.7857
OG_6679	12	25	38	0.8433
OG_6680	11	19	27	0.9298
OG_6681	9	10	14	1.0
OG_6682	9	11	16	0.9636
OG_6683	3	17	18	0.8603
OG_6684	11	54	57	0.6625
OG_6685	10	12	22	0.8485
OG_6686	9	26	26	0.4954
OG_6687	10	10	16	1.0
OG_6688	11	27	34	0.849
OG_6689	12	19	27	0.8129
OG_6690	8	8	11	1.0
OG_6691	9	9	10	1.0
OG_6692	11	16	23	0.9833
OG_6693	7	23	30	0.6166
OG_6694	4	8	10	0.9286
OG_6695	5	5	5	1.0
OG_6696	9	12	12	0.9697
OG_6697	8	24	26	0.4529
OG_6698	9	11	15	0.9818
OG_6699	8	9	9	1.0
OG_6700	8	8	8	1.0
OG_6701	10	10	12	1.0
OG_6702	9	9	13	1.0
OG_6703	12	13	17	0.7436
OG_6704	10	11	16	1.0
OG_6705	11	15	38	1.0
OG_6706	12	21	28	0.9333
OG_6707	9	56	64	0.6968
OG_6708	10	11	11	1.0
OG_6709	11	36	45	0.6032
OG_6710	8	15	21	0.9143
OG_6711	5	7	13	0.8095
OG_6712	8	9	9	1.0
OG_6713	4	16	19	0.85
OG_6714	12	18	25	0.9935
OG_6715	9	17	23	0.6324
OG_6716	8	9	10	1.0
OG_6717	11	15	22	0.7619
OG_6718	2	5	5	1.0
OG_6719	10	12	15	1.0
OG_6720	11	102	127	0.2844
OG_6721	9	10	10	0.8222
OG_6722	10	66	87	0.5021
OG_6723	12	22	32	0.7186
OG_6724	4	14	15	0.7033
OG_6725	7	7	8	1.0
OG_6726	10	10	11	1.0
OG_6727	2	6	6	0.6
OG_6728	8	8	8	0.9643
OG_6729	2	5	5	0.8
OG_6730	10	10	11	0.7778
OG_6731	7	10	12	0.4222
OG_6732	12	13	14	1.0
OG_6733	9	55	81	0.6559
OG_6734	9	9	9	1.0
OG_6735	12	40	45	0.809
OG_6736	2	3	3	1.0
OG_6737	10	46	78	0.2744
OG_6738	2	7	11	1.0
OG_6739	10	11	11	0.9818
OG_6740	11	17	18	1.0
OG_6741	10	12	13	0.9848
OG_6742	11	28	38	0.8571
OG_6743	11	12	12	0.9091
OG_6744	9	10	11	0.9556
OG_6745	5	11	22	1.0
OG_6746	7	7	11	1.0
OG_6747	10	11	12	1.0
OG_6748	12	21	26	0.8143
OG_6749	2	4	4	1.0
OG_6750	12	164	171	0.3997
OG_6751	8	9	10	1.0
OG_6752	4	5	5	0.9
OG_6753	10	17	20	0.9853
OG_6754	9	49	58	0.5561
OG_6755	2	5	6	1.0
OG_6756	12	33	34	0.5947
OG_6757	10	30	52	0.6414
OG_6758	12	20	22	0.5684
OG_6759	12	16	21	0.8667
OG_6760	8	9	9	0.9444
OG_6761	9	9	13	1.0
OG_6762	10	16	19	0.6333
OG_6763	12	16	17	1.0
OG_6764	9	12	13	0.7576
OG_6765	8	11	13	1.0
OG_6766	7	7	8	1.0
OG_6767	12	21	31	0.9524
OG_6768	2	10	18	0.6444
OG_6769	10	11	12	1.0
OG_6770	10	13	23	0.9872
OG_6771	12	19	27	0.6608
OG_6772	9	170	193	0.2357
OG_6773	12	29	31	0.9335
OG_6774	5	26	29	0.3692
OG_6775	2	12	23	0.4394
OG_6776	7	20	26	0.7316
OG_6777	2	3	3	1.0
OG_6778	2	6	6	1.0
OG_6779	9	67	83	0.2705
OG_6780	6	40	55	0.4205
OG_6781	12	15	28	1.0
OG_6782	7	8	9	0.8571
OG_6783	2	35	37	0.2538
OG_6784	12	14	14	0.956
OG_6785	2	39	44	0.2834
OG_6786	10	24	34	0.5399
OG_6787	2	10	11	0.8222
OG_6788	3	34	44	0.4385
OG_6789	2	31	39	0.2495
OG_6790	7	63	93	0.3297
OG_6791	12	13	17	0.9872
OG_6792	4	57	65	0.2769
OG_6793	12	17	18	0.8676
OG_6794	2	16	25	0.6667
OG_6795	12	35	47	0.4655
OG_6796	12	16	31	0.7833
OG_6797	2	5	5	1.0
OG_6798	7	20	20	0.5158
OG_6799	2	11	12	0.6727
OG_6800	11	34	48	0.6239
OG_6801	2	4	5	1.0
OG_6802	11	28	34	0.6164
OG_6803	12	17	19	0.9044
OG_6804	12	13	15	1.0
OG_6805	2	12	12	0.5909
OG_6806	2	5	5	0.8
OG_6807	12	13	13	0.9872
OG_6808	9	20	22	0.9263
OG_6809	11	15	24	1.0
OG_6810	12	27	42	0.5328
OG_6811	10	13	13	0.8718
OG_6812	10	16	21	0.7833
OG_6813	12	12	14	1.0
OG_6814	2	16	17	0.5833
OG_6815	3	13	14	0.5385
OG_6816	12	21	27	0.9667
OG_6817	2	34	38	0.3512
OG_6818	2	8	8	0.8929
OG_6819	2	14	16	0.5824
OG_6820	12	67	89	0.2153
OG_6821	12	17	17	0.9118
OG_6822	12	26	32	0.9169
OG_6823	11	24	26	0.9964
OG_6824	2	8	9	0.6429
OG_6825	11	27	38	0.4872
OG_6826	2	13	13	0.4103
OG_6827	10	22	23	0.5411
OG_6828	2	10	10	0.4889
OG_6829	2	6	6	0.6
OG_6830	3	13	13	0.7692
OG_6831	2	12	12	0.5909
OG_6832	12	41	54	0.4122
OG_6833	10	127	150	0.1306
OG_6834	12	17	17	0.75
OG_6835	12	13	21	0.8333
OG_6836	2	14	16	0.7033
OG_6837	2	7	7	0.8095
OG_6838	2	9	11	0.9722
OG_6839	9	11	13	0.7091
OG_6840	2	11	16	0.7091
OG_6841	2	8	8	0.9286
OG_6842	12	25	38	0.82
OG_6843	2	12	19	0.6818
OG_6844	11	25	31	0.79
OG_6845	2	12	14	0.5152
OG_6846	10	13	17	0.8077
OG_6847	11	19	21	0.9649
OG_6848	12	15	31	0.8571
OG_6849	11	12	14	0.9848
OG_6850	9	58	77	0.6207
OG_6851	11	12	14	0.9848
OG_6852	11	20	21	0.9684
OG_6853	7	37	38	0.6021
OG_6854	12	26	65	0.8492
OG_6855	4	4	4	1.0
OG_6856	9	10	10	1.0
OG_6857	8	82	100	0.165
OG_6858	12	19	32	0.6374
OG_6859	2	23	23	0.3992
OG_6860	11	11	12	0.9636
OG_6861	12	26	51	0.4338
OG_6862	11	14	20	0.967
OG_6863	9	22	24	0.9221
OG_6864	3	27	33	0.4103
OG_6865	2	21	23	0.3429
OG_6866	6	24	38	0.6993
OG_6867	11	21	21	0.9762
OG_6868	12	13	13	0.9872
OG_6869	12	25	29	0.62
OG_6870	3	11	11	0.8727
OG_6871	2	16	21	0.3417
OG_6872	9	10	10	1.0
OG_6873	7	49	67	0.4065
OG_6874	11	23	31	0.7075
OG_6875	2	14	16	0.7033
OG_6876	2	8	8	0.5714
OG_6877	2	21	26	0.4667
OG_6878	12	68	86	0.867
OG_6879	2	4	6	1.0
OG_6880	12	14	15	0.956
OG_6881	2	8	8	0.9643
OG_6882	12	13	16	0.9744
OG_6883	12	13	14	0.9872
OG_6884	10	30	34	0.4805
OG_6885	11	62	72	0.2311
OG_6886	3	26	36	0.6031
OG_6887	12	15	17	0.9905
OG_6888	12	33	47	0.6818
OG_6889	2	17	25	0.4118
OG_6890	8	9	9	1.0
OG_6891	2	25	29	0.4167
OG_6892	11	13	13	0.9872
OG_6893	2	9	18	0.8056
OG_6894	2	7	11	0.8095
OG_6895	2	9	10	0.6389
OG_6896	12	26	41	0.6277
OG_6897	10	102	131	0.2658
OG_6898	2	21	23	0.3238
OG_6899	12	20	20	0.9526
OG_6900	10	23	37	0.9012
OG_6901	2	11	16	0.9636
OG_6902	11	14	17	0.7802
OG_6903	2	15	16	0.6286
OG_6904	12	36	41	0.7476
OG_6905	12	12	21	1.0
OG_6906	12	15	18	0.9905
OG_6907	2	10	11	0.5778
OG_6908	12	17	21	0.6544
OG_6909	12	25	29	0.6767
OG_6910	10	10	10	1.0
OG_6911	12	13	14	0.8718
OG_6912	2	4	4	1.0
OG_6913	12	28	44	0.9577
OG_6914	12	15	20	0.981
OG_6915	11	14	20	0.8132
OG_6916	11	11	14	1.0
OG_6917	12	19	21	0.7661
OG_6918	12	13	14	0.9872
OG_6919	11	11	18	1.0
OG_6920	2	10	10	0.7111
OG_6921	2	8	10	0.8214
OG_6922	12	14	18	0.967
OG_6923	12	38	45	0.8578
OG_6924	12	38	38	0.4097
OG_6925	12	102	118	0.4622
OG_6926	12	13	14	0.6538
OG_6927	12	51	129	0.2643
OG_6928	3	37	43	0.2372
OG_6929	6	6	6	1.0
OG_6930	11	26	38	0.6431
OG_6931	8	34	35	0.4046
OG_6932	6	92	113	0.2339
OG_6933	9	10	10	1.0
OG_6934	12	12	12	0.8939
OG_6935	5	31	37	0.7333
OG_6936	5	9	9	0.9167
OG_6937	3	17	24	0.5221
OG_6938	6	30	35	0.4874
OG_6939	11	18	20	0.9608
OG_6940	11	15	17	0.9238
OG_6941	12	15	18	0.9333
OG_6942	12	19	43	0.7485
OG_6943	11	12	15	0.9545
OG_6944	9	9	14	1.0
OG_6945	12	15	16	0.6381
OG_6946	12	13	17	0.9872
OG_6947	12	21	26	0.7857
OG_6948	10	28	33	0.455
OG_6949	11	15	23	1.0
OG_6950	11	26	33	0.76
OG_6951	12	36	53	0.5159
OG_6952	7	55	66	0.4444
OG_6953	7	19	20	0.8947
OG_6954	8	34	49	0.4528
OG_6955	7	29	29	0.4113
OG_6956	11	29	37	0.4926
OG_6957	2	11	11	0.5091
OG_6958	11	36	42	0.5333
OG_6959	3	24	26	0.3986
OG_6960	12	51	57	0.1639
OG_6961	12	40	70	0.2962
OG_6962	12	19	39	0.7427
OG_6963	5	5	5	1.0
OG_6964	11	11	12	1.0
OG_6965	12	18	20	0.719
OG_6966	10	18	21	0.8105
OG_6967	2	6	7	0.7333
OG_6968	4	23	38	0.6126
OG_6969	8	77	101	0.2003
OG_6970	10	18	20	0.7974
OG_6971	12	45	54	0.3566
OG_6972	12	34	72	0.5668
OG_6973	2	7	9	1.0
OG_6974	12	20	23	0.9684
OG_6975	2	23	26	0.5138
OG_6976	12	54	55	0.536
OG_6977	12	33	66	0.6174
OG_6978	10	27	31	0.8604
OG_6979	12	22	27	0.8615
OG_6980	12	13	27	0.9744
OG_6981	9	10	10	1.0
OG_6982	10	10	10	0.8444
OG_6983	10	10	13	1.0
OG_6984	10	12	14	0.9091
OG_6985	8	8	8	0.8929
OG_6986	11	12	12	1.0
OG_6987	2	6	10	1.0
OG_6988	12	32	35	0.4274
OG_6989	11	14	18	0.7253
OG_6990	3	15	17	0.6571
OG_6991	4	14	14	0.6044
OG_6992	11	12	20	0.7121
OG_6993	11	11	13	1.0
OG_6994	11	13	17	0.8462
OG_6995	12	41	65	0.3988
OG_6996	4	7	11	0.6667
OG_6997	10	20	22	0.9895
OG_6998	11	56	71	0.8578
OG_6999	9	10	10	0.9556
OG_7000	10	13	16	1.0
OG_7001	10	11	12	1.0
OG_7002	8	10	11	0.9111
OG_7003	11	14	19	0.978
OG_7004	4	30	52	0.4276
OG_7005	12	28	31	0.5741
OG_7006	12	19	21	0.8947
OG_7007	10	36	53	0.8444
OG_7008	8	56	56	0.3416
OG_7009	9	13	14	0.9872
OG_7010	2	6	6	1.0
OG_7011	12	14	16	1.0
OG_7012	12	37	39	0.7327
OG_7013	11	42	81	0.2811
OG_7014	12	26	36	0.7446
OG_7015	8	9	10	0.75
OG_7016	2	9	9	0.7778
OG_7017	12	45	69	0.2798
OG_7018	2	6	8	0.7333
OG_7019	12	26	44	0.7785
OG_7020	12	12	13	0.9848
OG_7021	10	16	23	0.9167
OG_7022	12	20	24	0.9053
OG_7023	12	12	12	1.0
OG_7024	4	25	27	0.5233
OG_7025	12	21	23	0.6476
OG_7026	11	20	38	0.7947
OG_7027	12	13	14	0.9872
OG_7028	11	14	19	0.6264
OG_7029	12	17	17	0.9412
OG_7030	2	4	4	1.0
OG_7031	9	13	19	0.9231
OG_7032	9	15	16	0.9333
OG_7033	12	19	23	0.9942
OG_7034	8	25	30	0.9867
OG_7035	12	21	35	0.9333
OG_7036	9	100	136	0.2634
OG_7037	10	30	41	0.8046
OG_7038	5	18	22	0.7516
OG_7039	12	116	127	0.5739
OG_7040	10	62	67	0.6341
OG_7041	10	111	130	0.3273
OG_7042	6	35	45	0.3176
OG_7043	4	7	7	1.0
OG_7044	12	24	27	0.8043
OG_7045	12	15	16	0.9619
OG_7046	10	31	42	0.5247
OG_7047	12	35	36	0.5798
OG_7048	8	56	74	0.3825
OG_7049	12	47	50	0.5439
OG_7050	2	5	5	1.0
OG_7051	10	66	88	0.5883
OG_7052	12	21	32	0.5667
OG_7053	3	9	9	0.9722
OG_7054	9	100	110	0.4905
OG_7055	11	12	14	1.0
OG_7056	7	26	28	0.6523
OG_7057	3	15	15	0.4952
OG_7058	8	10	14	0.8667
OG_7059	7	21	27	0.5238
OG_7060	12	39	47	0.8907
OG_7061	12	39	57	0.9096
OG_7062	10	39	52	0.8583
OG_7063	12	59	72	0.9077
OG_7064	9	46	53	0.8599
OG_7065	10	59	74	0.6061
OG_7066	12	112	132	0.5867
OG_7067	8	35	43	0.7445
OG_7068	12	98	110	0.5878
OG_7069	8	30	32	0.9724
OG_7070	9	39	55	0.7004
OG_7071	8	43	51	0.7608
OG_7072	11	65	89	0.5168
OG_7073	9	24	28	1.0
OG_7074	9	29	32	0.9852
OG_7075	9	50	64	0.8016
OG_7076	10	36	41	0.7778
OG_7077	11	71	85	0.4958
OG_7078	9	41	49	0.8256
OG_7079	8	26	38	0.8585
OG_7080	9	44	53	0.629
OG_7081	12	20	32	1.0
OG_7082	6	16	16	1.0
OG_7083	12	22	24	0.9177
OG_7084	12	20	27	0.9947
OG_7085	12	23	31	0.9565
OG_7086	12	30	35	0.7885
OG_7087	10	38	40	0.6956
OG_7088	11	20	31	0.9263
OG_7089	12	19	30	0.9942
OG_7090	10	33	35	0.8068
OG_7091	8	19	19	0.9942
OG_7092	7	61	75	0.3552
OG_7093	11	74	87	0.6383
OG_7094	11	46	49	0.8995
OG_7095	12	31	36	0.8602
OG_7096	12	50	62	0.7469
OG_7097	8	49	63	0.5995
OG_7098	12	60	62	0.8401
OG_7099	12	55	78	0.9212
OG_7100	8	24	27	0.779
OG_7101	12	45	60	0.797
OG_7102	11	63	114	0.4931
OG_7103	11	69	78	0.6535
OG_7104	8	40	40	0.7782
OG_7105	7	18	19	0.9935
OG_7106	5	10	10	1.0
OG_7107	8	22	24	0.8571
OG_7108	11	25	30	0.5967
OG_7109	12	18	23	0.8954
OG_7110	12	16	17	0.875
OG_7111	11	16	25	0.9917
OG_7112	8	17	17	0.9926
OG_7113	6	13	17	1.0
OG_7114	10	16	20	0.9
OG_7115	12	17	17	0.9926
OG_7116	6	21	23	0.7524
OG_7117	9	18	24	0.8889
OG_7118	12	19	29	0.9532
OG_7119	7	27	27	0.8433
OG_7120	8	25	25	0.85
OG_7121	4	11	15	1.0
OG_7122	9	16	16	0.875
OG_7123	10	34	40	0.5276
OG_7124	7	38	42	0.5277
OG_7125	7	23	25	0.8577
OG_7126	10	41	51	0.5732
OG_7127	10	14	15	1.0
OG_7128	12	17	22	0.8971
OG_7129	10	17	17	0.8162
OG_7130	11	21	28	0.7524
OG_7131	12	17	17	0.9485
OG_7132	12	19	22	0.8129
OG_7133	6	24	64	0.9601
OG_7134	11	92	110	0.8125
OG_7135	10	60	68	0.6565
OG_7136	12	33	41	0.7803
OG_7137	12	67	108	0.5278
OG_7138	12	29	35	0.8916
OG_7139	10	39	61	0.6829
OG_7140	12	77	88	0.7676
OG_7141	10	53	58	0.6401
OG_7142	12	26	27	0.9754
OG_7143	9	14	22	1.0
OG_7144	12	16	30	0.7833
OG_7145	6	22	23	0.8052
OG_7146	8	30	36	0.8736
OG_7147	4	16	16	0.8167
OG_7148	7	13	14	1.0
OG_7149	4	17	18	0.875
OG_7150	12	29	39	0.564
OG_7151	12	17	23	0.9706
OG_7152	11	14	14	0.8571
OG_7153	7	39	59	0.6599
OG_7154	8	21	25	0.9429
OG_7155	5	22	32	0.9481
OG_7156	12	50	55	0.8563
OG_7157	7	35	40	0.6067
OG_7158	3	15	25	0.7143
OG_7159	12	14	17	0.989
OG_7160	12	13	15	1.0
OG_7161	12	14	20	0.989
OG_7162	11	13	17	1.0
OG_7163	11	27	37	0.6125
OG_7164	11	12	15	1.0
OG_7165	10	13	14	1.0
OG_7166	10	12	14	1.0
OG_7167	11	13	17	1.0
OG_7168	7	26	32	0.8369
OG_7169	8	24	34	0.663
OG_7170	11	15	23	0.9238
OG_7171	12	12	12	1.0
OG_7172	12	13	16	1.0
OG_7173	12	23	27	0.7668
OG_7174	9	13	13	0.9872
OG_7175	12	13	18	1.0
OG_7176	12	15	17	0.8381
OG_7177	6	38	42	0.5789
OG_7178	11	16	22	1.0
OG_7179	9	18	30	1.0
OG_7180	12	69	77	0.679
OG_7181	6	34	38	0.6417
OG_7182	7	25	31	0.9867
OG_7183	8	26	27	0.9569
OG_7184	6	20	22	0.9947
OG_7185	8	42	67	0.8374
OG_7186	9	40	47	0.7526
OG_7187	12	39	49	0.7126
OG_7188	8	16	17	1.0
OG_7189	11	79	88	0.3502
OG_7190	9	19	24	0.9532
OG_7191	11	23	34	0.7273
OG_7192	8	27	27	0.7692
OG_7193	12	12	14	0.9242
OG_7194	10	12	19	1.0
OG_7195	10	11	11	1.0
OG_7196	7	7	7	1.0
OG_7197	12	13	16	0.9359
OG_7198	8	10	11	1.0
OG_7199	12	12	12	1.0
OG_7200	11	11	14	1.0
OG_7201	11	11	14	1.0
OG_7202	10	11	14	1.0
OG_7203	12	14	23	0.8571
OG_7204	7	14	23	0.5934
OG_7205	3	6	8	1.0
OG_7206	11	11	19	1.0
OG_7207	11	28	31	0.4206
OG_7208	7	12	12	1.0
OG_7209	12	13	14	0.9872
OG_7210	10	11	12	1.0
OG_7211	12	13	14	0.9872
OG_7212	10	19	29	1.0
OG_7213	8	44	64	0.5666
OG_7214	8	20	21	1.0
OG_7215	10	22	23	1.0
OG_7216	9	32	48	0.9133
OG_7217	12	32	38	0.8286
OG_7218	9	161	181	0.2795
OG_7219	9	46	64	0.7382
OG_7220	11	11	15	1.0
OG_7221	10	12	12	0.9848
OG_7222	6	8	11	1.0
OG_7223	10	10	13	1.0
OG_7224	10	11	12	1.0
OG_7225	10	17	32	0.8529
OG_7226	11	12	12	0.8485
OG_7227	11	11	16	1.0
OG_7228	11	15	17	0.7333
OG_7229	11	11	13	1.0
OG_7230	9	16	21	0.7
OG_7231	11	11	12	1.0
OG_7232	9	10	11	0.7556
OG_7233	10	10	10	1.0
OG_7234	12	12	22	0.9848
OG_7235	11	20	30	0.6158
OG_7236	11	13	17	0.9359
OG_7237	11	65	77	0.4313
OG_7238	6	12	12	0.7727
OG_7239	9	15	16	0.819
OG_7240	4	15	16	0.8286
OG_7241	7	53	56	0.4964
OG_7242	7	16	26	0.775
OG_7243	12	14	15	0.7802
OG_7244	5	13	13	0.8462
OG_7245	9	21	31	0.981
OG_7246	11	13	14	1.0
OG_7247	6	14	15	1.0
OG_7248	11	23	31	0.9605
OG_7249	8	12	13	1.0
OG_7250	9	69	87	0.3465
OG_7251	11	21	22	0.8619
OG_7252	9	22	24	0.645
OG_7253	9	47	63	0.5069
OG_7254	7	17	19	0.8971
OG_7255	11	12	15	1.0
OG_7256	9	29	34	0.6429
OG_7257	7	21	24	0.981
OG_7258	10	24	28	0.7971
OG_7259	8	14	14	0.956
OG_7260	12	70	79	0.5458
OG_7261	10	108	111	0.5438
OG_7262	8	33	49	0.9072
OG_7263	9	22	24	0.9264
OG_7264	12	15	20	0.7619
OG_7265	12	13	15	1.0
OG_7266	12	14	22	1.0
OG_7267	11	12	12	0.7576
OG_7268	11	15	21	0.8571
OG_7269	12	17	19	0.6397
OG_7270	10	15	15	0.8857
OG_7271	10	12	17	1.0
OG_7272	5	14	14	1.0
OG_7273	11	13	17	1.0
OG_7274	11	18	21	0.6993
OG_7275	11	25	25	0.71
OG_7276	9	47	55	0.494
OG_7277	12	19	21	0.4854
OG_7278	10	10	12	1.0
OG_7279	5	11	14	0.8545
OG_7280	10	11	14	0.9818
OG_7281	8	8	17	1.0
OG_7282	3	8	8	1.0
OG_7283	10	11	13	0.8545
OG_7284	10	11	13	0.9818
OG_7285	10	10	11	1.0
OG_7286	10	10	12	1.0
OG_7287	7	10	11	0.8444
OG_7288	6	6	8	1.0
OG_7289	11	12	26	0.8333
OG_7290	6	8	10	1.0
OG_7291	7	11	13	0.9818
OG_7292	7	20	21	0.7
OG_7293	11	11	12	0.8727
OG_7294	10	12	12	0.9545
OG_7295	11	12	12	0.8333
OG_7296	7	40	58	0.4987
OG_7297	3	12	13	0.697
OG_7298	11	12	12	0.8788
OG_7299	8	8	8	1.0
OG_7300	12	13	14	0.9487
OG_7301	9	9	9	1.0
OG_7302	12	19	30	0.5789
OG_7303	10	12	15	0.7121
OG_7304	12	12	14	0.8485
OG_7305	5	13	13	0.9103
OG_7306	11	67	89	0.3252
OG_7307	2	7	7	1.0
OG_7308	9	10	10	1.0
OG_7309	10	11	14	0.9818
OG_7310	12	14	16	0.7033
OG_7311	9	10	13	1.0
OG_7312	9	24	25	0.6051
OG_7313	10	19	20	0.8713
OG_7314	12	32	34	0.4657
OG_7315	9	16	16	0.9583
OG_7316	9	32	47	0.625
OG_7317	9	35	43	0.758
OG_7318	7	54	55	0.6911
OG_7319	9	53	66	0.783
OG_7320	8	8	8	1.0
OG_7321	7	11	12	1.0
OG_7322	11	13	14	1.0
OG_7323	9	10	11	1.0
OG_7324	7	22	23	0.7013
OG_7325	12	17	18	0.7353
OG_7326	9	12	13	0.803
OG_7327	11	13	14	1.0
OG_7328	12	19	21	0.6491
OG_7329	9	14	17	0.9451
OG_7330	3	7	7	1.0
OG_7331	4	12	12	0.8939
OG_7332	7	10	10	0.8667
OG_7333	9	9	9	1.0
OG_7334	9	9	9	1.0
OG_7335	10	12	16	0.7879
OG_7336	7	7	7	1.0
OG_7337	7	9	10	1.0
OG_7338	9	9	10	1.0
OG_7339	11	57	66	0.3935
OG_7340	9	10	11	0.6889
OG_7341	3	8	9	1.0
OG_7342	4	6	6	1.0
OG_7343	10	11	11	0.7455
OG_7344	8	9	13	1.0
OG_7345	8	8	16	1.0
OG_7346	7	9	9	1.0
OG_7347	5	9	9	1.0
OG_7348	7	9	9	0.8056
OG_7349	4	13	16	0.6795
OG_7350	5	36	42	0.3413
OG_7351	9	10	10	0.9778
OG_7352	4	8	8	0.9643
OG_7353	7	7	7	1.0
OG_7354	9	9	10	1.0
OG_7355	10	11	13	0.8364
OG_7356	10	11	14	0.8182
OG_7357	11	11	13	0.8182
OG_7358	8	8	9	1.0
OG_7359	12	15	16	0.5714
OG_7360	8	9	9	1.0
OG_7361	6	6	6	1.0
OG_7362	8	9	9	1.0
OG_7363	4	9	11	0.8333
OG_7364	7	13	15	0.641
OG_7365	9	10	11	0.9333
OG_7366	11	11	11	0.9455
OG_7367	5	13	34	0.7821
OG_7368	12	12	12	0.8182
OG_7369	3	9	9	1.0
OG_7370	3	10	10	0.9778
OG_7371	9	10	11	0.9778
OG_7372	10	16	16	0.5833
OG_7373	8	8	8	1.0
OG_7374	6	17	18	0.6324
OG_7375	8	81	90	0.6444
OG_7376	8	21	21	0.9714
OG_7377	10	88	98	0.5259
OG_7378	12	69	79	0.5899
OG_7379	12	18	23	1.0
OG_7380	12	23	27	0.8221
OG_7381	12	12	13	1.0
OG_7382	11	11	13	1.0
OG_7383	10	12	15	0.9848
OG_7384	7	10	10	0.8667
OG_7385	4	21	37	0.6952
OG_7386	11	15	21	0.8095
OG_7387	10	11	12	0.9818
OG_7388	5	12	14	0.9848
OG_7389	5	11	11	1.0
OG_7390	10	10	15	0.9778
OG_7391	12	14	16	0.7692
OG_7392	11	24	28	0.8732
OG_7393	10	68	75	0.4899
OG_7394	8	23	25	0.9091
OG_7395	7	10	11	1.0
OG_7396	12	15	20	0.9524
OG_7397	9	15	15	1.0
OG_7398	10	49	53	0.6675
OG_7399	11	72	83	0.4131
OG_7400	8	9	9	0.9722
OG_7401	7	7	7	1.0
OG_7402	9	9	12	0.9722
OG_7403	7	7	8	1.0
OG_7404	8	8	8	1.0
OG_7405	12	210	274	0.2825
OG_7406	6	38	40	0.8307
OG_7407	10	11	13	0.6909
OG_7408	4	6	13	1.0
OG_7409	2	9	10	0.6667
OG_7410	4	15	17	0.4762
OG_7411	3	5	5	1.0
OG_7412	7	7	8	1.0
OG_7413	7	10	10	0.5778
OG_7414	5	14	14	0.7143
OG_7415	5	42	65	0.3229
OG_7416	5	5	8	1.0
OG_7417	4	15	19	0.619
OG_7418	6	6	10	1.0
OG_7419	7	8	11	1.0
OG_7420	9	17	18	0.5221
OG_7421	4	15	20	0.6762
OG_7422	9	24	29	0.9275
OG_7423	8	20	23	0.4316
OG_7424	11	11	24	0.9818
OG_7425	9	9	9	1.0
OG_7426	9	12	12	0.9697
OG_7427	6	22	30	0.7143
OG_7428	9	9	11	1.0
OG_7429	9	9	12	1.0
OG_7430	11	11	11	1.0
OG_7431	10	37	51	0.467
OG_7432	12	13	16	0.9487
OG_7433	6	13	19	0.7564
OG_7434	6	14	25	0.7802
OG_7435	2	11	11	0.8727
OG_7436	12	16	16	0.9667
OG_7437	11	23	98	0.8379
OG_7438	5	19	25	0.7193
OG_7439	10	20	22	0.6211
OG_7440	10	25	42	0.5267
OG_7441	11	11	11	1.0
OG_7442	10	12	19	1.0
OG_7443	9	16	21	0.825
OG_7444	8	10	12	0.8667
OG_7445	5	32	36	0.5927
OG_7446	10	22	29	0.7403
OG_7447	9	59	88	0.4436
OG_7448	7	24	36	0.6522
OG_7449	8	23	23	0.7747
OG_7450	11	12	21	1.0
OG_7451	12	17	21	0.9632
OG_7452	10	21	21	1.0
OG_7453	9	10	12	1.0
OG_7454	7	31	44	0.8194
OG_7455	12	18	19	0.8105
OG_7456	11	20	21	0.7895
OG_7457	7	14	15	1.0
OG_7458	11	13	13	1.0
OG_7459	12	14	16	0.956
OG_7460	9	15	18	1.0
OG_7461	9	24	36	0.663
OG_7462	8	22	25	0.7359
OG_7463	7	23	27	0.7194
OG_7464	4	17	23	0.5882
OG_7465	9	9	12	1.0
OG_7466	9	9	12	1.0
OG_7467	7	7	7	1.0
OG_7468	9	11	12	0.9455
OG_7469	9	9	9	1.0
OG_7470	9	9	10	1.0
OG_7471	5	13	15	0.6538
OG_7472	4	15	19	0.8476
OG_7473	3	10	11	0.8
OG_7474	10	24	24	0.5942
OG_7475	5	14	14	0.8791
OG_7476	11	13	18	0.9231
OG_7477	11	11	15	1.0
OG_7478	5	21	21	0.5524
OG_7479	3	12	13	0.8939
OG_7480	6	11	13	1.0
OG_7481	5	12	13	0.9848
OG_7482	11	24	26	0.6775
OG_7483	12	31	36	0.7376
OG_7484	4	27	34	0.7464
OG_7485	10	48	154	0.7695
OG_7486	9	45	64	0.8768
OG_7487	5	21	29	0.9524
OG_7488	7	7	8	1.0
OG_7489	6	6	6	1.0
OG_7490	5	5	5	1.0
OG_7491	6	6	6	1.0
OG_7492	5	5	6	1.0
OG_7493	7	7	9	1.0
OG_7494	6	14	19	0.3187
OG_7495	2	7	9	0.7619
OG_7496	3	7	7	0.9524
OG_7497	6	6	10	1.0
OG_7498	7	36	56	0.3635
OG_7499	4	7	9	1.0
OG_7500	5	5	5	1.0
OG_7501	3	6	6	1.0
OG_7502	5	17	17	0.5074
OG_7503	3	15	16	0.6762
OG_7504	4	9	9	0.6667
OG_7505	5	9	10	0.9444
OG_7506	2	14	23	0.5385
OG_7507	2	4	4	1.0
OG_7508	5	5	5	1.0
OG_7509	6	11	11	0.6364
OG_7510	11	12	14	1.0
OG_7511	11	12	20	0.697
OG_7512	11	18	20	0.8497
OG_7513	4	18	22	0.6013
OG_7514	7	19	25	0.8596
OG_7515	8	34	62	0.5455
OG_7516	9	70	96	0.3072
OG_7517	9	37	40	0.7297
OG_7518	7	29	29	0.5887
OG_7519	7	37	45	0.4775
OG_7520	10	91	105	0.5512
OG_7521	9	44	87	0.5962
OG_7522	11	14	18	0.9341
OG_7523	6	26	34	0.5908
OG_7524	7	9	9	1.0
OG_7525	5	15	15	0.9333
OG_7526	3	23	24	0.7194
OG_7527	8	23	25	0.7708
OG_7528	9	35	57	0.7361
OG_7529	7	15	16	0.9524
OG_7530	9	66	106	0.5221
OG_7531	10	36	43	0.8254
OG_7532	10	11	28	0.9636
OG_7533	10	13	19	0.6667
OG_7534	9	9	10	1.0
OG_7535	7	7	9	1.0
OG_7536	7	27	34	0.4131
OG_7537	2	7	10	1.0
OG_7538	12	14	17	0.7912
OG_7539	2	6	9	0.6
OG_7540	7	10	11	0.9556
OG_7541	8	15	25	0.8286
OG_7542	6	9	10	0.9444
OG_7543	10	22	24	0.632
OG_7544	9	9	10	1.0
OG_7545	11	13	15	0.7692
OG_7546	8	8	13	1.0
OG_7547	2	9	9	1.0
OG_7548	7	28	29	0.7169
OG_7549	2	10	10	1.0
OG_7550	8	14	14	0.956
OG_7551	7	9	9	0.9722
OG_7552	9	9	9	1.0
OG_7553	9	10	11	0.8889
OG_7554	6	6	6	1.0
OG_7555	8	9	9	0.9722
OG_7556	7	14	14	0.6593
OG_7557	6	6	6	1.0
OG_7558	9	9	16	0.9722
OG_7559	12	13	22	0.7949
OG_7560	9	9	9	0.9444
OG_7561	2	9	9	0.5278
OG_7562	4	18	18	0.4444
OG_7563	7	7	7	1.0
OG_7564	6	26	54	0.4769
OG_7565	2	10	13	0.6667
OG_7566	6	9	9	0.9722
OG_7567	8	8	9	1.0
OG_7568	12	34	40	0.4742
OG_7569	9	11	13	0.7091
OG_7570	8	8	10	1.0
OG_7571	9	9	10	0.9722
OG_7572	3	8	10	0.9643
OG_7573	2	6	7	0.6
OG_7574	9	9	9	1.0
OG_7575	11	27	30	0.8034
OG_7576	8	19	32	0.8012
OG_7577	9	13	16	1.0
OG_7578	6	25	25	1.0
OG_7579	3	10	10	1.0
OG_7580	9	25	25	0.6967
OG_7581	5	10	10	1.0
OG_7582	7	9	15	1.0
OG_7583	6	6	6	1.0
OG_7584	12	14	25	0.8352
OG_7585	12	40	52	0.2333
OG_7586	9	12	15	0.7273
OG_7587	6	31	35	0.3419
OG_7588	11	13	15	0.859
OG_7589	12	55	76	0.3616
OG_7590	10	16	21	0.8667
OG_7591	4	20	33	0.5526
OG_7592	10	18	24	0.6405
OG_7593	5	10	13	1.0
OG_7594	7	12	16	0.8485
OG_7595	9	37	47	0.533
OG_7596	6	18	19	0.7516
OG_7597	4	10	10	1.0
OG_7598	10	11	12	1.0
OG_7599	12	22	23	0.6364
OG_7600	12	25	42	0.6133
OG_7601	10	31	34	0.514
OG_7602	8	8	8	1.0
OG_7603	6	9	9	0.7222
OG_7604	7	7	7	1.0
OG_7605	7	17	29	0.5956
OG_7606	7	11	12	0.6545
OG_7607	6	37	38	0.452
OG_7608	2	13	18	0.5513
OG_7609	10	10	13	0.9333
OG_7610	9	9	12	0.9722
OG_7611	2	8	8	0.7143
OG_7612	2	5	5	1.0
OG_7613	8	25	27	0.4633
OG_7614	9	9	10	1.0
OG_7615	8	37	69	0.4354
OG_7616	10	10	11	0.9778
OG_7617	2	8	8	0.5714
OG_7618	5	14	14	0.4835
OG_7619	7	7	7	0.9524
OG_7620	2	5	5	1.0
OG_7621	8	8	11	0.7857
OG_7622	2	5	5	1.0
OG_7623	4	11	12	0.7455
OG_7624	3	9	9	0.6111
OG_7625	5	7	7	0.9524
OG_7626	12	34	48	0.2157
OG_7627	8	11	14	0.6
OG_7628	6	6	6	1.0
OG_7629	3	7	13	0.9524
OG_7630	6	12	14	0.8485
OG_7631	3	7	7	0.619
OG_7632	4	12	15	0.8939
OG_7633	2	8	8	0.8214
OG_7634	9	12	14	0.8485
OG_7635	3	11	12	0.6364
OG_7636	3	3	3	1.0
OG_7637	12	89	96	0.225
OG_7638	8	14	15	0.7473
OG_7639	6	6	9	1.0
OG_7640	11	14	15	0.7692
OG_7641	9	10	10	1.0
OG_7642	2	9	11	0.5278
OG_7643	2	6	6	0.8667
OG_7644	2	14	14	0.4945
OG_7645	4	16	16	0.5667
OG_7646	2	7	7	0.7619
OG_7647	2	8	10	0.8571
OG_7648	8	15	27	0.7048
OG_7649	2	7	7	0.619
OG_7650	10	10	10	0.7778
OG_7651	8	8	8	1.0
OG_7652	7	8	8	0.6429
OG_7653	3	5	5	1.0
OG_7654	6	6	10	1.0
OG_7655	5	6	6	1.0
OG_7656	10	11	15	0.7818
OG_7657	5	12	15	0.7121
OG_7658	4	14	14	0.5604
OG_7659	3	6	9	1.0
OG_7660	6	6	6	1.0
OG_7661	4	7	11	1.0
OG_7662	3	7	8	0.7619
OG_7663	10	14	16	0.6813
OG_7664	9	34	35	0.8324
OG_7665	11	11	12	1.0
OG_7666	8	9	9	1.0
OG_7667	9	9	15	1.0
OG_7668	9	11	16	1.0
OG_7669	4	6	6	1.0
OG_7670	4	19	19	0.5146
OG_7671	8	17	18	0.7206
OG_7672	2	10	12	0.5556
OG_7673	8	58	69	0.5723
OG_7674	4	26	34	0.6031
OG_7675	8	17	18	0.875
OG_7676	10	10	12	1.0
OG_7677	9	9	10	1.0
OG_7678	9	9	9	1.0
OG_7679	8	8	8	1.0
OG_7680	3	10	22	1.0
OG_7681	11	28	31	0.7884
OG_7682	12	22	27	0.8095
OG_7683	6	17	19	1.0
OG_7684	5	24	40	0.6304
OG_7685	6	29	40	0.5739
OG_7686	8	10	11	0.9778
OG_7687	7	12	13	0.9697
OG_7688	11	12	14	0.9697
OG_7689	5	9	10	1.0
OG_7690	2	17	31	0.8382
OG_7691	9	12	16	0.9848
OG_7692	9	13	15	0.9872
OG_7693	12	14	14	1.0
OG_7694	8	23	32	0.8261
OG_7695	11	67	67	0.607
OG_7696	5	18	18	0.9346
OG_7697	8	10	10	1.0
OG_7698	8	19	23	0.807
OG_7699	9	10	15	0.6889
OG_7700	6	7	7	1.0
OG_7701	8	12	12	0.7576
OG_7702	2	6	6	1.0
OG_7703	10	10	14	0.6889
OG_7704	8	8	8	1.0
OG_7705	7	8	9	1.0
OG_7706	7	7	9	1.0
OG_7707	9	9	11	0.9444
OG_7708	7	7	7	1.0
OG_7709	5	8	9	0.8214
OG_7710	6	9	10	1.0
OG_7711	8	16	21	0.975
OG_7712	6	8	9	0.7857
OG_7713	4	11	11	0.6
OG_7714	7	9	9	1.0
OG_7715	10	20	24	0.5053
OG_7716	5	10	18	0.8889
OG_7717	5	9	10	0.9722
OG_7718	12	15	18	0.7333
OG_7719	3	5	5	0.9
OG_7720	12	15	20	0.9238
OG_7721	10	26	27	0.5938
OG_7722	11	95	105	0.5572
OG_7723	9	9	11	1.0
OG_7724	5	5	5	1.0
OG_7725	8	13	13	0.5897
OG_7726	8	9	12	1.0
OG_7727	5	8	10	1.0
OG_7728	3	7	7	0.9048
OG_7729	4	10	12	0.9333
OG_7730	3	7	7	1.0
OG_7731	10	17	20	0.7868
OG_7732	6	6	6	1.0
OG_7733	7	14	16	0.4396
OG_7734	7	20	20	0.8
OG_7735	10	11	12	1.0
OG_7736	4	10	10	1.0
OG_7737	9	12	12	0.7576
OG_7738	10	16	17	0.4917
OG_7739	3	11	11	1.0
OG_7740	11	30	38	0.7494
OG_7741	3	7	7	1.0
OG_7742	9	9	13	1.0
OG_7743	7	14	14	0.8901
OG_7744	2	5	5	1.0
OG_7745	3	13	15	0.641
OG_7746	10	15	27	0.6762
OG_7747	3	5	5	1.0
OG_7748	7	13	13	0.7949
OG_7749	2	7	7	0.7619
OG_7750	2	4	4	1.0
OG_7751	4	9	9	0.7222
OG_7752	6	8	9	0.9286
OG_7753	2	3	3	1.0
OG_7754	4	12	12	0.4545
OG_7755	3	12	19	0.6061
OG_7756	10	18	27	0.6928
OG_7757	2	5	6	1.0
OG_7758	6	7	9	1.0
OG_7759	7	10	13	0.7333
OG_7760	2	8	8	0.6429
OG_7761	5	8	9	0.8929
OG_7762	4	5	5	1.0
OG_7763	5	5	5	1.0
OG_7764	2	9	11	0.7778
OG_7765	3	7	7	1.0
OG_7766	7	7	7	1.0
OG_7767	7	24	26	0.7536
OG_7768	6	13	16	0.6282
OG_7769	8	8	9	1.0
OG_7770	9	12	13	0.5758
OG_7771	8	17	18	0.9926
OG_7772	9	15	15	0.9619
OG_7773	11	12	13	0.7273
OG_7774	4	10	11	1.0
OG_7775	10	14	15	0.8901
OG_7776	11	17	19	0.6691
OG_7777	11	13	17	0.7436
OG_7778	4	5	6	0.9
OG_7779	4	14	18	0.8681
OG_7780	8	8	8	0.8571
OG_7781	2	5	5	1.0
OG_7782	4	13	13	0.5128
OG_7783	4	8	9	0.6071
OG_7784	4	4	4	1.0
OG_7785	3	4	4	1.0
OG_7786	5	9	10	0.6944
OG_7787	12	21	23	0.581
OG_7788	2	7	7	0.7143
OG_7789	2	9	10	0.5833
OG_7790	6	6	6	0.9333
OG_7791	4	4	4	1.0
OG_7792	7	74	79	0.3195
OG_7793	5	11	15	0.8545
OG_7794	12	78	89	0.291
OG_7795	6	9	14	0.75
OG_7796	11	34	52	0.3636
OG_7797	12	36	87	0.4413
OG_7798	2	28	30	0.336
OG_7799	9	45	50	0.5778
OG_7800	9	13	30	0.8333
OG_7801	10	11	18	0.9818
OG_7802	9	10	11	0.8444
OG_7803	10	13	15	0.9103
OG_7804	8	11	15	0.8545
OG_7805	6	9	9	1.0
OG_7806	6	15	15	0.5429
OG_7807	11	12	17	1.0
OG_7808	3	7	8	1.0
OG_7809	6	16	17	0.9583
OG_7810	7	8	9	1.0
OG_7811	5	5	6	1.0
OG_7812	5	8	8	0.7143
OG_7813	6	8	9	0.6429
OG_7814	2	5	5	1.0
OG_7815	6	29	30	0.3744
OG_7816	7	7	7	1.0
OG_7817	7	11	17	0.8182
OG_7818	4	16	20	0.6917
OG_7819	9	15	16	0.8095
OG_7820	3	11	16	0.9091
OG_7821	9	17	17	0.6029
OG_7822	7	8	10	1.0
OG_7823	4	16	25	0.5083
OG_7824	11	29	41	0.5468
OG_7825	6	6	6	1.0
OG_7826	9	9	11	1.0
OG_7827	7	7	13	1.0
OG_7828	2	9	9	0.5
OG_7829	7	19	24	0.8012
OG_7830	5	13	14	0.5128
OG_7831	10	11	11	0.7636
OG_7832	8	13	17	0.8205
OG_7833	5	9	9	0.8333
OG_7834	4	10	17	0.9333
OG_7835	6	12	14	0.7424
OG_7836	5	5	9	1.0
OG_7837	8	8	8	1.0
OG_7838	3	11	12	0.5818
OG_7839	10	13	15	0.9231
OG_7840	6	32	41	0.5544
OG_7841	5	14	15	0.8242
OG_7842	12	14	16	0.8791
OG_7843	7	8	10	1.0
OG_7844	5	19	20	0.7193
OG_7845	7	11	11	0.9818
OG_7846	9	9	25	1.0
OG_7847	3	6	7	1.0
OG_7848	8	11	11	1.0
OG_7849	3	12	13	0.8788
OG_7850	9	10	11	0.9333
OG_7851	10	20	21	0.7632
OG_7852	12	44	58	0.5539
OG_7853	10	20	27	0.7737
OG_7854	11	14	19	0.8901
OG_7855	7	7	7	1.0
OG_7856	3	8	11	0.9286
OG_7857	9	21	28	0.6524
OG_7858	6	41	49	0.7159
OG_7859	12	17	22	0.6397
OG_7860	4	18	20	0.6863
OG_7861	3	5	5	0.8
OG_7862	5	25	30	0.57
OG_7863	2	8	8	1.0
OG_7864	5	9	12	0.9444
OG_7865	8	8	14	1.0
OG_7866	11	42	50	0.5366
OG_7867	8	8	8	1.0
OG_7868	6	7	8	0.8571
OG_7869	5	7	7	0.9048
OG_7870	3	8	8	0.75
OG_7871	7	21	24	0.6905
OG_7872	4	10	10	0.4889
OG_7873	9	12	16	0.5606
OG_7874	2	6	6	0.6667
OG_7875	3	7	7	1.0
OG_7876	4	10	11	0.5333
OG_7877	4	7	7	0.8095
OG_7878	2	9	12	0.7222
OG_7879	5	6	6	1.0
OG_7880	6	17	18	0.6691
OG_7881	5	9	9	0.4722
OG_7882	4	4	5	1.0
OG_7883	7	12	12	1.0
OG_7884	6	12	12	0.7121
OG_7885	10	56	60	0.4364
OG_7886	7	18	18	0.9869
OG_7887	9	9	10	1.0
OG_7888	7	9	12	1.0
OG_7889	9	15	19	0.7143
OG_7890	6	8	8	0.8571
OG_7891	6	6	6	1.0
OG_7892	10	50	68	0.3878
OG_7893	5	9	9	0.9722
OG_7894	3	6	8	0.8667
OG_7895	10	10	10	0.9778
OG_7896	7	7	8	1.0
OG_7897	8	9	12	0.8889
OG_7898	9	10	12	1.0
OG_7899	2	4	6	1.0
OG_7900	7	11	15	0.5636
OG_7901	2	5	5	1.0
OG_7902	5	7	7	1.0
OG_7903	3	6	6	0.6
OG_7904	7	11	11	0.6364
OG_7905	8	8	9	0.8214
OG_7906	4	4	4	1.0
OG_7907	4	4	4	1.0
OG_7908	5	6	6	1.0
OG_7909	8	14	19	0.8791
OG_7910	2	6	6	0.6
OG_7911	3	10	10	0.8667
OG_7912	2	5	6	1.0
OG_7913	4	6	6	0.8
OG_7914	4	11	11	0.6727
OG_7915	7	7	15	1.0
OG_7916	8	12	13	0.8182
OG_7917	11	11	11	1.0
OG_7918	9	14	16	0.6703
OG_7919	8	8	31	1.0
OG_7920	11	15	15	0.9238
OG_7921	6	12	12	0.6818
OG_7922	12	12	21	1.0
OG_7923	10	13	20	0.8718
OG_7924	8	16	16	0.9417
OG_7925	8	8	10	0.9643
OG_7926	8	10	12	1.0
OG_7927	8	27	29	0.6638
OG_7928	9	10	11	1.0
OG_7929	7	9	9	1.0
OG_7930	9	15	17	0.781
OG_7931	3	5	5	0.8
OG_7932	2	3	3	1.0
OG_7933	3	3	3	1.0
OG_7934	4	10	10	0.6222
OG_7935	3	10	10	0.9111
OG_7936	3	3	3	1.0
OG_7937	3	3	4	1.0
OG_7938	2	5	5	0.8
OG_7939	2	5	5	0.9
OG_7940	3	8	8	0.5
OG_7941	2	3	3	1.0
OG_7942	3	4	4	1.0
OG_7943	2	5	6	0.8
OG_7944	3	4	4	1.0
OG_7945	2	3	3	1.0
OG_7946	2	5	5	0.9
OG_7947	3	4	5	1.0
OG_7948	9	9	11	0.8333
OG_7949	4	4	4	1.0
OG_7950	4	4	7	1.0
OG_7951	2	5	5	0.9
OG_7952	9	9	12	0.8056
OG_7953	3	3	3	1.0
OG_7954	3	5	5	0.7
OG_7955	2	13	17	0.5513
OG_7956	2	9	10	0.3889
OG_7957	2	4	8	1.0
OG_7958	3	4	8	1.0
OG_7959	4	5	5	0.8
OG_7960	5	7	7	0.5714
OG_7961	2	5	12	0.7
OG_7962	9	20	34	0.5053
OG_7963	2	9	14	0.5833
OG_7964	3	6	6	0.6667
OG_7965	3	3	3	1.0
OG_7966	2	5	7	0.9
OG_7967	4	5	6	0.9
OG_7968	2	4	4	0.8333
OG_7969	4	13	13	0.9103
OG_7970	10	39	41	0.8907
OG_7971	7	13	15	0.859
OG_7972	9	40	62	0.6128
OG_7973	6	13	14	0.5
OG_7974	10	10	11	0.9778
OG_7975	4	7	7	1.0
OG_7976	4	19	20	0.4971
OG_7977	3	6	6	1.0
OG_7978	4	7	11	1.0
OG_7979	9	12	16	0.9242
OG_7980	7	17	17	0.6838
OG_7981	6	9	9	0.9444
OG_7982	9	14	21	0.8022
OG_7983	7	28	32	0.4524
OG_7984	9	9	11	1.0
OG_7985	6	18	26	0.4902
OG_7986	4	10	10	0.6222
OG_7987	7	12	19	1.0
OG_7988	8	8	10	1.0
OG_7989	2	7	7	0.8571
OG_7990	2	3	3	1.0
OG_7991	5	15	15	0.4095
OG_7992	2	10	12	0.8667
OG_7993	2	4	6	1.0
OG_7994	7	7	8	1.0
OG_7995	9	10	12	1.0
OG_7996	4	12	13	0.8939
OG_7997	5	13	14	1.0
OG_7998	3	4	4	0.8333
OG_7999	7	12	14	0.7121
OG_8000	2	3	3	1.0
OG_8001	2	4	5	1.0
OG_8002	5	5	6	1.0
OG_8003	3	6	7	0.5333
OG_8004	5	14	16	1.0
OG_8005	2	3	3	1.0
OG_8006	2	4	4	1.0
OG_8007	3	4	4	1.0
OG_8008	6	18	30	0.7386
OG_8009	3	3	3	1.0
OG_8010	3	7	9	1.0
OG_8011	2	3	3	1.0
OG_8012	5	6	10	0.7333
OG_8013	5	7	8	0.6667
OG_8014	3	9	10	0.6111
OG_8015	3	6	6	1.0
OG_8016	3	4	5	1.0
OG_8017	2	7	10	0.8095
OG_8018	7	7	7	1.0
OG_8019	2	5	5	1.0
OG_8020	8	12	20	1.0
OG_8021	5	13	13	0.7692
OG_8022	9	10	10	1.0
OG_8023	9	9	9	1.0
OG_8024	11	14	16	0.8791
OG_8025	8	9	9	1.0
OG_8026	8	8	11	1.0
OG_8027	9	9	9	0.8889
OG_8028	5	10	10	0.9556
OG_8029	2	6	6	0.8667
OG_8030	6	16	17	0.7583
OG_8031	10	14	18	0.5824
OG_8032	5	16	16	0.8417
OG_8033	10	10	11	0.8222
OG_8034	2	7	7	1.0
OG_8035	9	10	10	0.9333
OG_8036	10	14	14	0.5495
OG_8037	3	7	7	1.0
OG_8038	3	8	10	0.9286
OG_8039	3	7	7	0.619
OG_8040	6	6	6	1.0
OG_8041	10	11	11	0.7091
OG_8042	5	6	6	1.0
OG_8043	6	7	9	0.8571
OG_8044	2	4	4	1.0
OG_8045	2	9	9	0.5278
OG_8046	8	8	12	1.0
OG_8047	12	20	28	0.8053
OG_8048	8	10	12	0.9556
OG_8049	9	11	12	0.7636
OG_8050	9	12	14	0.8333
OG_8051	5	5	5	1.0
OG_8052	8	13	18	0.5769
OG_8053	9	13	13	0.6026
OG_8054	5	9	10	0.6944
OG_8055	3	3	3	1.0
OG_8056	4	6	8	0.6
OG_8057	2	4	4	1.0
OG_8058	8	12	18	0.7273
OG_8059	6	6	6	1.0
OG_8060	2	3	4	1.0
OG_8061	2	4	4	0.8333
OG_8062	9	23	31	0.7036
OG_8063	6	10	11	0.6444
OG_8064	2	6	6	1.0
OG_8065	2	3	3	1.0
OG_8066	4	4	4	1.0
OG_8067	6	15	23	0.3905
OG_8068	11	29	44	0.6133
OG_8069	2	22	24	0.329
OG_8070	2	13	14	0.3846
OG_8071	6	11	11	0.6727
OG_8072	4	4	4	1.0
OG_8073	5	5	7	1.0
OG_8074	2	4	4	1.0
OG_8075	2	4	4	1.0
OG_8076	2	4	10	0.8333
OG_8077	4	6	6	0.8667
OG_8078	3	3	4	1.0
OG_8079	3	3	3	1.0
OG_8080	2	4	4	1.0
OG_8081	3	5	5	1.0
OG_8082	2	4	8	0.6667
OG_8083	7	11	14	0.7818
OG_8084	2	12	12	0.5606
OG_8085	5	7	7	1.0
OG_8086	9	12	14	0.4848
OG_8087	4	9	20	0.8889
OG_8088	9	15	20	0.619
OG_8089	4	4	4	1.0
OG_8090	2	4	4	0.6667
OG_8091	3	3	3	1.0
OG_8092	3	10	14	0.5333
OG_8093	4	4	5	1.0
OG_8094	2	3	3	1.0
OG_8095	2	3	3	1.0
OG_8096	2	4	4	0.8333
OG_8097	2	3	3	1.0
OG_8098	3	3	3	1.0
OG_8099	3	4	4	0.6667
OG_8100	2	3	3	1.0
OG_8101	4	4	4	1.0
OG_8102	2	3	3	1.0
OG_8103	2	4	4	0.8333
OG_8104	2	4	4	0.8333
OG_8105	2	3	3	1.0
OG_8106	6	7	8	0.619
OG_8107	2	4	4	0.8333
OG_8108	2	2	2	1.0
OG_8109	3	7	7	0.5714
OG_8110	2	3	4	1.0
OG_8111	4	4	4	1.0
OG_8112	2	8	13	0.3571
OG_8113	3	3	3	1.0
OG_8114	2	3	4	1.0
OG_8115	2	4	4	1.0
OG_8116	2	5	6	0.5
OG_8117	5	5	5	0.8
OG_8118	2	6	6	0.6667
OG_8119	6	8	8	0.5714
OG_8120	2	4	4	0.6667
OG_8121	2	6	7	0.6
OG_8122	3	3	3	1.0
OG_8123	2	4	4	1.0
OG_8124	2	4	5	1.0
OG_8125	2	4	4	1.0
OG_8126	2	5	5	0.9
OG_8127	4	8	8	0.6786
OG_8128	3	4	4	1.0
OG_8129	4	4	4	1.0
OG_8130	3	4	5	1.0
OG_8131	4	4	4	1.0
OG_8132	2	4	5	0.6667
OG_8133	3	3	3	1.0
OG_8134	2	4	4	1.0
OG_8135	2	2	2	1.0
OG_8136	5	6	6	0.7333
OG_8137	4	5	5	1.0
OG_8138	7	9	9	1.0
OG_8139	2	3	3	1.0
OG_8140	8	11	11	0.6
OG_8141	3	4	4	1.0
OG_8142	3	4	4	0.8333
OG_8143	3	3	3	1.0
OG_8144	2	4	4	0.8333
OG_8145	4	4	4	1.0
OG_8146	4	4	4	1.0
OG_8147	2	2	2	1.0
OG_8148	2	3	3	1.0
OG_8149	3	3	3	1.0
OG_8150	3	4	5	1.0
OG_8151	3	4	4	0.6667
OG_8152	3	4	4	0.8333
OG_8153	2	3	3	1.0
OG_8154	3	6	6	0.5333
OG_8155	3	3	4	1.0
OG_8156	3	3	4	1.0
OG_8157	3	3	3	1.0
OG_8158	2	2	2	1.0
OG_8159	4	4	4	1.0
OG_8160	3	5	6	0.7
OG_8161	2	3	7	1.0
OG_8162	4	4	4	1.0
OG_8163	2	4	6	1.0
OG_8164	2	5	6	0.7
OG_8165	3	5	6	0.3
OG_8166	2	2	4	1.0
OG_8167	3	3	3	1.0
OG_8168	2	5	6	0.7
OG_8169	4	4	4	1.0
OG_8170	4	4	4	1.0
OG_8171	3	3	3	1.0
OG_8172	3	4	4	1.0
OG_8173	3	3	3	1.0
OG_8174	2	3	3	1.0
OG_8175	2	2	3	1.0
OG_8176	2	3	3	1.0
OG_8177	2	3	7	1.0
OG_8178	3	4	6	1.0
OG_8179	3	4	5	1.0
OG_8180	2	3	6	1.0
OG_8181	2	2	3	1.0
OG_8182	2	3	3	1.0
OG_8183	4	6	7	0.9333
OG_8184	2	5	6	1.0
OG_8185	3	5	5	0.6
OG_8186	2	4	4	1.0
OG_8187	2	4	4	1.0
OG_8188	2	3	3	1.0
OG_8189	2	3	3	1.0
OG_8190	3	3	3	1.0
OG_8191	4	9	11	0.3333
OG_8192	4	4	7	1.0
OG_8193	2	4	4	1.0
OG_8194	4	4	4	1.0
OG_8195	3	3	3	1.0
OG_8196	3	3	4	1.0
OG_8197	3	4	4	1.0
OG_8198	3	3	3	1.0
OG_8199	3	3	3	1.0
OG_8200	4	4	4	1.0
OG_8201	2	4	4	1.0
OG_8202	2	6	6	0.6667
OG_8203	2	4	4	0.8333
OG_8204	2	3	5	1.0
OG_8205	2	2	7	1.0
OG_8206	2	4	4	1.0
OG_8207	2	3	3	1.0
OG_8208	3	3	3	1.0
OG_8209	4	4	4	1.0
OG_8210	2	3	3	1.0
OG_8211	3	4	4	0.8333
OG_8212	3	3	3	1.0
OG_8213	3	3	3	1.0
OG_8214	2	2	2	1.0
OG_8215	2	3	3	1.0
OG_8216	2	3	3	0.6667
OG_8217	2	4	4	0.6667
OG_8218	3	3	3	1.0
OG_8219	2	3	3	1.0
OG_8220	2	5	8	0.5
OG_8221	2	3	3	1.0
OG_8222	3	5	6	0.6
OG_8223	3	3	3	1.0
OG_8224	2	3	3	1.0
OG_8225	2	2	6	1.0
OG_8226	4	5	9	0.6
OG_8227	2	3	3	1.0
OG_8228	3	3	3	1.0
OG_8229	2	2	2	1.0
OG_8230	2	3	3	1.0
OG_8231	2	2	2	1.0
OG_8232	2	3	4	1.0
OG_8233	2	3	3	1.0
OG_8234	3	4	6	0.6667
OG_8235	3	3	6	1.0
OG_8236	3	3	5	1.0
OG_8237	2	2	7	1.0
OG_8238	2	3	3	1.0
OG_8239	3	3	5	1.0
OG_8240	3	5	5	0.5
OG_8241	3	5	7	0.6
OG_8242	2	5	7	0.7
OG_8243	3	3	4	1.0
OG_8244	2	4	4	0.8333
OG_8245	4	4	6	1.0
OG_8246	2	3	3	1.0
OG_8247	3	6	6	0.5333
OG_8248	3	3	3	1.0
OG_8249	3	3	3	0.6667
OG_8250	2	3	3	1.0
OG_8251	3	5	7	0.5
OG_8252	3	3	3	1.0
OG_8253	2	3	8	0.6667
OG_8254	2	3	3	1.0
OG_8255	3	3	3	1.0
OG_8256	2	2	3	1.0
OG_8257	2	2	3	1.0
OG_8258	2	2	2	1.0
OG_8259	2	2	3	1.0
OG_8260	2	6	6	0.4667
OG_8261	2	3	3	1.0
OG_8262	2	3	5	1.0
OG_8263	3	3	3	1.0
OG_8264	2	3	3	1.0
OG_8265	2	3	3	1.0
OG_8266	3	3	3	0.6667
OG_8267	4	5	5	0.6
OG_8268	2	3	3	0.6667
OG_8269	2	3	3	1.0
OG_8270	2	2	3	1.0
OG_8271	2	3	3	1.0
OG_8272	2	2	2	1.0
OG_8273	2	3	3	1.0
OG_8274	2	2	2	1.0
OG_8275	2	3	3	0.6667
OG_8276	2	2	2	1.0
OG_8277	2	2	2	1.0
OG_8278	2	2	2	1.0
OG_8279	3	3	3	0.6667
OG_8280	2	2	2	1.0
OG_8281	2	3	3	1.0
OG_8282	2	3	3	1.0
OG_8283	2	3	3	1.0
OG_8284	2	2	2	1.0
OG_8285	2	3	3	1.0
OG_8286	2	3	3	0.6667
OG_8287	3	3	4	1.0
OG_8288	2	3	3	1.0
OG_8289	3	3	3	1.0
OG_8290	2	2	2	1.0
OG_8291	2	2	2	1.0
OG_8292	2	2	2	1.0
OG_8293	2	2	2	1.0
OG_8294	2	2	2	1.0
OG_8295	2	3	3	1.0
OG_8296	3	3	3	1.0
OG_8297	2	3	3	1.0
OG_8298	2	2	2	1.0
OG_8299	2	2	2	1.0
OG_8300	2	2	3	1.0
OG_8301	2	2	2	1.0
OG_8302	2	2	2	1.0
OG_8303	2	2	2	1.0
OG_8304	2	3	3	1.0
OG_8305	3	3	3	1.0
OG_8306	3	3	3	1.0
OG_8307	2	2	3	1.0
OG_8308	2	3	3	1.0
OG_8309	2	2	2	1.0
OG_8310	2	2	2	1.0
OG_8311	2	2	2	1.0
OG_8312	2	2	2	1.0
OG_8313	2	2	2	1.0
OG_8314	2	2	2	1.0
OG_8315	3	3	4	1.0
OG_8316	2	2	2	1.0
OG_8317	2	3	4	1.0
OG_8318	2	3	3	1.0
OG_8319	2	3	3	0.6667
OG_8320	2	3	3	1.0
OG_8321	2	2	2	1.0
OG_8322	3	3	3	1.0
OG_8323	2	3	3	1.0
OG_8324	2	2	2	1.0
OG_8325	2	3	3	1.0
OG_8326	2	3	3	1.0
OG_8327	2	3	3	1.0
OG_8328	2	3	3	1.0
OG_8329	2	2	2	1.0
OG_8330	2	3	3	0.6667
OG_8331	2	2	2	1.0
OG_8332	2	2	2	1.0
OG_8333	2	3	3	1.0
OG_8334	2	2	2	1.0
OG_8335	2	4	5	0.5
OG_8336	2	3	3	0.6667
OG_8337	2	2	2	1.0
OG_8338	2	3	3	1.0
OG_8339	2	2	2	1.0
OG_8340	2	2	2	1.0
OG_8341	2	3	3	1.0
OG_8342	2	2	2	1.0
OG_8343	2	3	3	0.6667
OG_8344	3	3	3	1.0
OG_8345	2	3	3	1.0
OG_8346	2	3	3	1.0
OG_8347	2	2	2	1.0
OG_8348	2	2	2	1.0
OG_8349	2	2	4	1.0
OG_8350	2	3	3	0.6667
OG_8351	2	2	2	1.0
OG_8352	2	3	3	1.0
OG_8353	2	4	4	0.8333
OG_8354	2	2	2	1.0
OG_8355	2	2	2	1.0
OG_8356	2	3	4	1.0
OG_8357	2	3	3	1.0
OG_8358	2	2	3	1.0
OG_8359	2	2	2	1.0
OG_8360	2	2	2	1.0
OG_8361	2	2	2	1.0
OG_8362	2	2	2	1.0
OG_8363	2	3	3	0.6667
OG_8364	2	3	4	0.6667
OG_8365	2	3	4	1.0
OG_8366	3	3	3	1.0
OG_8367	4	4	4	1.0
OG_8368	4	4	5	1.0
OG_8369	2	2	4	1.0
OG_8370	3	3	3	1.0
OG_8371	3	3	4	1.0
OG_8372	3	3	3	1.0
OG_8373	2	3	3	0.6667
OG_8374	2	3	3	1.0
OG_8375	3	3	7	1.0
OG_8376	3	3	3	1.0
OG_8377	2	3	3	1.0
OG_8378	3	3	3	1.0
OG_8379	2	2	2	1.0
OG_8380	3	3	3	1.0
OG_8381	2	2	2	1.0
OG_8382	2	3	5	0.6667
OG_8383	2	2	2	1.0
OG_8384	2	3	3	1.0
OG_8385	3	3	4	1.0
OG_8386	3	3	3	1.0
OG_8387	2	2	2	1.0
OG_8388	2	2	2	1.0
OG_8389	2	2	2	1.0
OG_8390	2	2	2	1.0
OG_8391	2	2	2	1.0
OG_8392	2	2	2	1.0
OG_8393	2	2	2	1.0
OG_8394	2	2	2	1.0
OG_8395	2	2	2	1.0
OG_8396	2	2	2	1.0
OG_8397	2	2	2	1.0
OG_8398	2	2	2	1.0
OG_8399	2	2	2	1.0
OG_8400	2	2	13	1.0
OG_8401	3	3	4	0.6667
OG_8402	2	2	2	1.0
OG_8403	2	2	2	1.0
OG_8404	2	3	3	1.0
OG_8405	3	3	3	0.6667
OG_8406	2	2	2	1.0
OG_8407	2	3	6	1.0
OG_8408	2	3	4	1.0
OG_8409	2	2	2	1.0
OG_8410	2	2	2	1.0
OG_8411	2	2	2	1.0
OG_8412	2	2	2	1.0
OG_8413	2	2	2	1.0
OG_8414	2	2	2	1.0
OG_8415	2	2	2	1.0
OG_8416	2	2	2	1.0
OG_8417	2	2	4	1.0
OG_8418	2	3	5	0.6667
OG_8419	2	2	4	1.0
OG_8420	2	2	12	1.0
OG_8421	2	3	4	1.0
OG_8422	2	2	3	1.0
OG_8423	3	3	5	0.6667
OG_8424	2	2	2	1.0
OG_8425	2	3	4	1.0
OG_8426	2	2	4	1.0
OG_8427	3	3	3	0.6667
OG_8428	2	2	2	1.0
OG_8429	2	2	5	1.0
OG_8430	2	2	2	1.0
OG_8431	2	2	2	1.0
OG_8432	2	2	3	1.0
OG_8433	2	2	4	1.0
OG_8434	2	2	3	1.0
OG_8435	2	3	10	1.0
OG_8436	2	2	2	1.0
OG_8437	2	2	3	1.0
OG_8438	2	2	4	1.0
OG_8439	2	2	4	1.0
OG_8440	2	2	2	1.0
OG_8441	2	2	3	1.0
OG_8442	3	3	3	0.6667
OG_8443	4	4	9	0.8333
OG_8444	2	2	2	1.0
OG_8445	2	2	3	1.0
OG_8446	2	3	5	1.0
OG_8447	2	2	3	1.0
OG_8448	2	3	3	1.0
OG_8449	2	3	3	1.0
OG_8450	3	3	8	1.0
OG_8451	2	2	2	1.0
OG_8452	2	2	3	1.0
OG_8453	2	2	2	1.0
OG_8454	2	2	3	1.0
OG_8455	2	2	6	1.0
OG_8456	2	2	2	1.0
OG_8457	2	2	3	1.0
OG_8458	2	3	3	0.6667
OG_8459	2	2	2	1.0
OG_8460	2	2	2	1.0
OG_8461	2	2	2	1.0
OG_8462	2	2	2	1.0
OG_8463	2	4	4	0.6667
OG_8464	2	2	2	1.0
OG_8465	2	2	2	1.0
OG_8466	3	3	3	1.0
OG_8467	2	2	2	1.0
OG_8468	2	2	2	1.0
OG_8469	2	3	4	1.0
OG_8470	2	3	3	0.6667
OG_8471	2	2	2	1.0
OG_8472	2	3	3	1.0
OG_8473	2	2	2	1.0
OG_8474	2	2	2	1.0
OG_8475	2	2	2	1.0
OG_8476	2	3	5	1.0
OG_8477	2	2	2	1.0
OG_8478	3	3	3	1.0
OG_8479	2	3	3	0.6667
OG_8480	2	3	4	1.0
OG_8481	2	2	4	1.0
OG_8482	2	3	3	1.0
OG_8483	2	2	2	1.0
OG_8484	2	2	2	1.0
OG_8485	3	3	3	1.0
OG_8486	2	3	3	1.0
OG_8487	2	2	3	1.0
OG_8488	2	3	3	1.0
OG_8489	2	2	2	1.0
OG_8490	3	3	3	1.0
OG_8491	2	2	2	1.0
OG_8492	2	2	2	1.0
OG_8493	2	2	2	1.0
OG_8494	2	2	2	1.0
OG_8495	2	2	2	1.0
OG_8496	2	3	3	1.0
OG_8497	2	2	2	1.0
OG_8498	2	2	2	1.0
OG_8499	2	2	2	1.0
OG_8500	2	2	4	1.0
OG_8501	2	2	3	1.0
OG_8502	2	2	2	1.0
OG_8503	2	2	2	1.0
OG_8504	2	2	2	1.0
OG_8505	2	2	2	1.0
OG_8506	2	2	3	1.0
OG_8507	2	3	3	1.0
OG_8508	2	2	2	1.0
OG_8509	11	11	12	1.0
OG_8510	11	11	15	1.0
OG_8511	12	13	15	1.0
OG_8512	12	12	13	1.0
OG_8513	7	13	16	0.9872
OG_8514	11	11	12	1.0
OG_8515	11	11	13	1.0
OG_8516	11	11	17	1.0
OG_8517	9	38	47	0.8094
OG_8518	12	12	17	1.0
OG_8519	12	12	18	1.0
OG_8520	11	11	12	1.0
OG_8521	10	10	12	1.0
OG_8522	12	12	17	1.0
OG_8523	10	10	11	1.0
OG_8524	11	11	13	1.0
OG_8525	12	12	14	1.0
OG_8526	11	11	12	1.0
OG_8527	11	11	17	1.0
OG_8528	9	9	11	1.0
OG_8529	10	11	13	0.8545
OG_8530	12	12	21	1.0
OG_8531	12	12	17	1.0
OG_8532	11	13	17	1.0
OG_8533	12	12	13	1.0
OG_8534	12	13	15	1.0
OG_8535	9	13	15	0.8846
OG_8536	11	13	15	1.0
OG_8537	11	11	28	1.0
OG_8538	12	12	19	1.0
OG_8539	11	11	11	1.0
OG_8540	12	12	17	1.0
OG_8541	9	9	11	1.0
OG_8542	12	12	15	1.0
OG_8543	10	10	11	1.0
OG_8544	12	13	17	1.0
OG_8545	12	13	17	1.0
OG_8546	12	12	13	1.0
OG_8547	12	12	14	1.0
OG_8548	11	12	15	1.0
OG_8549	12	12	16	1.0
OG_8550	12	12	13	1.0
OG_8551	12	12	17	1.0
OG_8552	11	11	27	1.0
OG_8553	11	11	13	1.0
OG_8554	12	13	20	1.0
OG_8555	12	13	16	1.0
OG_8556	11	11	11	1.0
OG_8557	12	13	20	1.0
OG_8558	12	12	17	1.0
OG_8559	12	12	14	1.0
OG_8560	12	12	13	1.0
OG_8561	12	12	18	1.0
OG_8562	10	10	11	1.0
OG_8563	10	10	13	1.0
OG_8564	11	11	12	1.0
OG_8565	12	13	21	1.0
OG_8566	11	11	13	1.0
OG_8567	12	12	14	1.0
OG_8568	12	12	20	1.0
OG_8569	12	12	13	1.0
OG_8570	12	12	20	1.0
OG_8571	12	14	16	1.0
OG_8572	12	12	14	1.0
OG_8573	12	12	16	1.0
OG_8574	11	13	21	0.9231
OG_8575	12	13	17	1.0
OG_8576	11	11	18	1.0
OG_8577	12	16	20	1.0
OG_8578	10	15	50	0.5714
OG_8579	9	9	9	1.0
OG_8580	10	10	11	1.0
OG_8581	11	11	11	1.0
OG_8582	12	12	14	1.0
OG_8583	12	13	19	1.0
OG_8584	10	10	10	1.0
OG_8585	12	12	13	1.0
OG_8586	10	10	10	1.0
OG_8587	10	10	10	1.0
OG_8588	12	12	12	1.0
OG_8589	11	13	16	1.0
OG_8590	11	13	14	1.0
OG_8591	11	11	13	1.0
OG_8592	11	11	11	1.0
OG_8593	10	10	12	1.0
OG_8594	11	11	11	1.0
OG_8595	12	12	12	1.0
OG_8596	12	12	13	1.0
OG_8597	12	12	12	1.0
OG_8598	12	12	15	1.0
OG_8599	12	12	14	1.0
OG_8600	12	12	12	1.0
OG_8601	12	12	12	1.0
OG_8602	11	12	14	0.9848
OG_8603	12	12	12	1.0
OG_8604	8	9	12	1.0
OG_8605	12	14	21	1.0
OG_8606	12	12	14	1.0
OG_8607	12	12	15	1.0
OG_8608	12	12	12	1.0
OG_8609	4	4	4	1.0
OG_8610	12	14	16	1.0
OG_8611	12	13	24	1.0
OG_8612	11	11	22	1.0
OG_8613	11	11	24	1.0
OG_8614	11	11	12	1.0
OG_8615	12	12	14	1.0
OG_8616	12	12	19	1.0
OG_8617	10	10	11	1.0
OG_8618	12	12	15	1.0
OG_8619	12	12	12	1.0
OG_8620	11	11	13	0.8545
OG_8621	12	12	13	1.0
OG_8622	12	12	12	1.0
OG_8623	10	10	13	1.0
OG_8624	12	12	13	1.0
OG_8625	11	11	13	1.0
OG_8626	12	12	12	1.0
OG_8627	10	10	16	1.0
OG_8628	12	12	12	1.0
OG_8629	12	13	13	1.0
OG_8630	11	11	11	1.0
OG_8631	11	11	11	1.0
OG_8632	11	11	13	1.0
OG_8633	10	10	11	1.0
OG_8634	11	11	11	1.0
OG_8635	6	6	6	1.0
OG_8636	12	12	13	1.0
OG_8637	12	12	12	1.0
OG_8638	12	12	15	1.0
OG_8639	12	12	13	1.0
OG_8640	12	12	15	1.0
OG_8641	12	13	14	1.0
OG_8642	12	12	19	1.0
OG_8643	11	13	16	1.0
OG_8644	9	12	13	1.0
OG_8645	11	13	13	1.0
OG_8646	12	12	13	1.0
OG_8647	10	10	12	1.0
OG_8648	12	17	19	1.0
OG_8649	11	11	11	1.0
OG_8650	12	12	17	1.0
OG_8651	12	13	16	1.0
OG_8652	10	10	11	1.0
OG_8653	11	11	13	1.0
OG_8654	9	9	9	1.0
OG_8655	12	14	18	0.989
OG_8656	12	12	14	1.0
OG_8657	12	12	23	1.0
OG_8658	11	11	11	1.0
OG_8659	12	12	16	1.0
OG_8660	7	7	7	1.0
OG_8661	12	12	13	1.0
OG_8662	12	12	14	1.0
OG_8663	12	12	12	1.0
OG_8664	12	12	18	1.0
OG_8665	11	11	13	1.0
OG_8666	10	10	11	1.0
OG_8667	12	12	15	1.0
OG_8668	11	11	12	0.8545
OG_8669	11	11	11	1.0
OG_8670	12	12	14	1.0
OG_8671	12	13	18	1.0
OG_8672	8	8	9	1.0
OG_8673	12	12	12	0.7273
OG_8674	4	4	4	1.0
OG_8675	12	13	17	1.0
OG_8676	12	12	13	1.0
OG_8677	11	11	12	1.0
OG_8678	12	12	12	1.0
OG_8679	12	12	12	1.0
OG_8680	12	12	12	1.0
OG_8681	11	11	15	1.0
OG_8682	12	12	21	1.0
OG_8683	12	12	15	1.0
OG_8684	11	11	13	1.0
OG_8685	12	12	13	1.0
OG_8686	11	11	11	1.0
OG_8687	9	11	11	1.0
OG_8688	12	12	13	1.0
OG_8689	11	11	11	1.0
OG_8690	11	11	12	1.0
OG_8691	12	12	15	1.0
OG_8692	11	11	16	1.0
OG_8693	11	11	12	1.0
OG_8694	8	8	8	1.0
OG_8695	10	10	10	1.0
OG_8696	12	12	14	1.0
OG_8697	12	12	13	1.0
OG_8698	12	16	21	1.0
OG_8699	11	11	12	1.0
OG_8700	10	11	12	1.0
OG_8701	12	12	20	1.0
OG_8702	12	12	12	1.0
OG_8703	12	12	14	1.0
OG_8704	9	9	9	1.0
OG_8705	5	5	5	1.0
OG_8706	12	17	18	0.8382
OG_8707	11	11	11	1.0
OG_8708	12	12	12	1.0
OG_8709	11	12	13	1.0
OG_8710	12	12	12	1.0
OG_8711	12	13	16	1.0
OG_8712	11	11	12	1.0
OG_8713	12	12	14	1.0
OG_8714	10	10	10	1.0
OG_8715	12	12	14	1.0
OG_8716	12	12	15	1.0
OG_8717	12	12	13	1.0
OG_8718	12	12	12	1.0
OG_8719	11	11	20	1.0
OG_8720	11	11	11	1.0
OG_8721	12	14	14	1.0
OG_8722	12	12	13	1.0
OG_8723	12	12	21	1.0
OG_8724	12	12	12	1.0
OG_8725	12	12	12	1.0
OG_8726	12	12	16	1.0
OG_8727	12	12	13	1.0
OG_8728	5	8	8	1.0
OG_8729	4	4	4	1.0
OG_8730	12	13	19	0.8718
OG_8731	7	8	8	1.0
OG_8732	12	12	12	1.0
OG_8733	10	13	13	1.0
OG_8734	10	10	13	1.0
OG_8735	12	12	18	1.0
OG_8736	10	10	10	1.0
OG_8737	12	13	15	1.0
OG_8738	11	11	11	1.0
OG_8739	12	12	17	1.0
OG_8740	12	12	12	1.0
OG_8741	12	12	14	1.0
OG_8742	12	12	20	1.0
OG_8743	12	12	12	1.0
OG_8744	12	12	12	1.0
OG_8745	11	12	14	0.8788
OG_8746	10	10	10	1.0
OG_8747	12	12	21	1.0
OG_8748	11	15	18	0.9714
OG_8749	11	11	11	1.0
OG_8750	9	10	10	1.0
OG_8751	10	10	11	1.0
OG_8752	8	8	9	1.0
OG_8753	12	12	13	1.0
OG_8754	12	14	17	1.0
OG_8755	12	12	12	1.0
OG_8756	10	10	12	1.0
OG_8757	12	12	13	1.0
OG_8758	12	13	14	1.0
OG_8759	12	12	12	1.0
OG_8760	12	13	14	1.0
OG_8761	12	12	13	1.0
OG_8762	12	12	14	1.0
OG_8763	12	15	15	1.0
OG_8764	11	11	11	1.0
OG_8765	12	12	13	1.0
OG_8766	12	13	14	1.0
OG_8767	12	12	12	1.0
OG_8768	12	13	13	1.0
OG_8769	12	13	13	1.0
OG_8770	11	11	13	1.0
OG_8771	12	12	13	1.0
OG_8772	5	5	5	1.0
OG_8773	11	11	12	1.0
OG_8774	12	12	14	1.0
OG_8775	12	12	12	1.0
OG_8776	10	10	16	1.0
OG_8777	9	9	9	1.0
OG_8778	12	12	15	1.0
OG_8779	12	12	13	1.0
OG_8780	11	12	13	1.0
OG_8781	9	9	9	1.0
OG_8782	12	12	13	1.0
OG_8783	9	9	10	1.0
OG_8784	12	13	16	1.0
OG_8785	10	10	10	1.0
OG_8786	12	13	18	1.0
OG_8787	11	11	11	1.0
OG_8788	12	12	12	1.0
OG_8789	12	12	13	1.0
OG_8790	11	11	11	1.0
OG_8791	11	11	12	1.0
OG_8792	12	12	12	0.8939
OG_8793	12	12	12	1.0
OG_8794	10	10	10	0.9111
OG_8795	10	10	10	1.0
OG_8796	11	11	12	1.0
OG_8797	12	12	12	1.0
OG_8798	12	12	14	1.0
OG_8799	11	11	11	1.0
OG_8800	12	12	18	1.0
OG_8801	12	12	16	1.0
OG_8802	10	10	10	1.0
OG_8803	12	12	13	1.0
OG_8804	12	12	12	1.0
OG_8805	10	10	10	1.0
OG_8806	8	8	9	1.0
OG_8807	11	54	60	0.775
OG_8808	12	12	15	1.0
OG_8809	12	12	14	1.0
OG_8810	11	11	18	1.0
OG_8811	12	12	14	1.0
OG_8812	12	13	14	1.0
OG_8813	10	10	10	1.0
OG_8814	11	17	18	0.8456
OG_8815	12	12	13	1.0
OG_8816	11	11	12	1.0
OG_8817	12	12	12	1.0
OG_8818	12	12	12	1.0
OG_8819	12	12	12	1.0
OG_8820	10	10	14	1.0
OG_8821	10	10	12	1.0
OG_8822	12	12	13	1.0
OG_8823	9	11	12	1.0
OG_8824	12	12	12	1.0
OG_8825	12	14	14	1.0
OG_8826	11	11	15	1.0
OG_8827	12	12	14	1.0
OG_8828	12	14	16	1.0
OG_8829	9	9	9	1.0
OG_8830	10	11	12	1.0
OG_8831	12	12	12	1.0
OG_8832	12	12	15	1.0
OG_8833	12	12	14	1.0
OG_8834	11	11	11	1.0
OG_8835	12	12	14	1.0
OG_8836	12	12	13	1.0
OG_8837	12	12	14	1.0
OG_8838	12	13	15	1.0
OG_8839	12	12	16	1.0
OG_8840	11	14	21	1.0
OG_8841	7	8	8	1.0
OG_8842	12	12	13	1.0
OG_8843	12	12	16	1.0
OG_8844	12	12	14	1.0
OG_8845	12	15	15	1.0
OG_8846	12	12	13	1.0
OG_8847	12	15	21	1.0
OG_8848	11	11	14	1.0
OG_8849	11	11	12	1.0
OG_8850	12	12	17	1.0
OG_8851	12	12	13	1.0
OG_8852	12	12	13	1.0
OG_8853	11	13	26	0.8333
OG_8854	2	2	2	1.0
OG_8855	12	13	14	1.0
OG_8856	12	12	15	1.0
OG_8857	12	12	13	1.0
OG_8858	12	17	18	0.9926
OG_8859	10	10	13	1.0
OG_8860	8	8	9	1.0
OG_8861	8	8	10	1.0
OG_8862	12	12	12	1.0
OG_8863	11	11	12	1.0
OG_8864	12	12	16	1.0
OG_8865	11	11	11	1.0
OG_8866	11	11	11	1.0
OG_8867	10	10	10	1.0
OG_8868	12	12	15	1.0
OG_8869	11	11	12	1.0
OG_8870	10	10	11	1.0
OG_8871	9	9	9	1.0
OG_8872	11	11	11	1.0
OG_8873	12	15	15	1.0
OG_8874	12	12	14	1.0
OG_8875	12	12	12	1.0
OG_8876	12	12	14	1.0
OG_8877	12	12	12	1.0
OG_8878	12	14	15	1.0
OG_8879	8	10	11	0.8222
OG_8880	11	15	19	1.0
OG_8881	12	15	20	1.0
OG_8882	5	8	8	1.0
OG_8883	10	10	10	1.0
OG_8884	12	12	14	1.0
OG_8885	9	10	16	1.0
OG_8886	12	12	14	1.0
OG_8887	11	11	13	1.0
OG_8888	12	17	20	1.0
OG_8889	12	12	15	1.0
OG_8890	12	13	18	1.0
OG_8891	12	13	18	1.0
OG_8892	11	16	21	1.0
OG_8893	11	12	16	0.8636
OG_8894	7	7	8	1.0
OG_8895	3	3	4	1.0
OG_8896	12	12	14	1.0
OG_8897	12	13	14	1.0
OG_8898	11	11	11	1.0
OG_8899	12	12	12	1.0
OG_8900	10	10	12	1.0
OG_8901	9	9	9	1.0
OG_8902	9	9	14	1.0
OG_8903	10	10	12	1.0
OG_8904	12	13	16	1.0
OG_8905	9	9	9	1.0
OG_8906	10	10	11	1.0
OG_8907	12	12	15	1.0
OG_8908	12	12	12	1.0
OG_8909	12	17	18	1.0
OG_8910	6	10	10	1.0
OG_8911	11	11	11	1.0
OG_8912	12	71	96	0.9388
OG_8913	12	12	16	1.0
OG_8914	12	12	13	1.0
OG_8915	12	12	12	1.0
OG_8916	12	12	13	1.0
OG_8917	12	12	14	1.0
OG_8918	12	12	12	1.0
OG_8919	12	12	13	1.0
OG_8920	9	9	9	1.0
OG_8921	12	12	13	1.0
OG_8922	12	12	14	1.0
OG_8923	12	13	18	1.0
OG_8924	12	12	12	1.0
OG_8925	11	11	13	1.0
OG_8926	12	19	26	0.9415
OG_8927	12	13	17	1.0
OG_8928	12	12	14	1.0
OG_8929	12	12	15	1.0
OG_8930	12	12	13	1.0
OG_8931	12	12	12	1.0
OG_8932	9	9	11	1.0
OG_8933	12	12	15	1.0
OG_8934	12	12	13	1.0
OG_8935	12	12	13	1.0
OG_8936	11	11	11	1.0
OG_8937	10	14	14	1.0
OG_8938	4	4	4	1.0
OG_8939	12	12	12	1.0
OG_8940	11	14	14	1.0
OG_8941	11	11	11	1.0
OG_8942	11	11	11	1.0
OG_8943	12	12	12	1.0
OG_8944	12	13	16	1.0
OG_8945	12	12	12	1.0
OG_8946	12	12	15	1.0
OG_8947	12	12	13	1.0
OG_8948	12	12	15	1.0
OG_8949	12	12	12	1.0
OG_8950	9	10	10	1.0
OG_8951	6	6	6	1.0
OG_8952	7	8	8	1.0
OG_8953	7	7	7	1.0
OG_8954	9	9	9	1.0
OG_8955	9	9	9	1.0
OG_8956	11	12	12	1.0
OG_8957	10	10	12	1.0
OG_8958	12	12	14	1.0
OG_8959	11	12	14	1.0
OG_8960	9	11	14	1.0
OG_8961	12	12	12	1.0
OG_8962	12	12	22	0.9697
OG_8963	12	12	12	1.0
OG_8964	12	12	12	1.0
OG_8965	11	11	11	1.0
OG_8966	12	12	12	1.0
OG_8967	10	10	10	1.0
OG_8968	12	13	15	1.0
OG_8969	12	12	12	1.0
OG_8970	12	12	12	1.0
OG_8971	12	13	15	1.0
OG_8972	12	12	16	1.0
OG_8973	12	12	12	1.0
OG_8974	11	11	11	1.0
OG_8975	12	12	13	0.8636
OG_8976	11	11	11	1.0
OG_8977	12	12	16	1.0
OG_8978	12	12	12	0.9394
OG_8979	9	9	9	1.0
OG_8980	11	19	26	0.8421
OG_8981	12	12	13	1.0
OG_8982	11	11	13	1.0
OG_8983	12	13	13	1.0
OG_8984	12	12	15	1.0
OG_8985	10	10	14	1.0
OG_8986	12	12	14	1.0
OG_8987	12	13	17	1.0
OG_8988	11	16	18	0.975
OG_8989	6	6	6	1.0
OG_8990	12	12	12	1.0
OG_8991	10	11	14	1.0
OG_8992	12	34	53	0.943
OG_8993	12	13	15	1.0
OG_8994	12	14	15	0.978
OG_8995	9	9	9	1.0
OG_8996	12	13	22	1.0
OG_8997	2	3	3	1.0
OG_8998	12	12	12	1.0
OG_8999	11	12	12	1.0
OG_9000	10	10	10	1.0
OG_9001	12	12	19	1.0
OG_9002	11	12	12	1.0
OG_9003	12	12	13	1.0
OG_9004	12	13	16	1.0
OG_9005	11	13	15	1.0
OG_9006	12	12	15	1.0
OG_9007	12	14	15	0.8681
OG_9008	12	18	23	0.6013
OG_9009	9	9	11	0.8333
OG_9010	12	12	14	1.0
OG_9011	12	12	14	1.0
OG_9012	10	10	10	1.0
OG_9013	12	12	16	1.0
OG_9014	6	7	8	1.0
OG_9015	12	12	12	1.0
OG_9016	10	11	11	1.0
OG_9017	11	11	11	1.0
OG_9018	12	12	21	1.0
OG_9019	12	13	14	1.0
OG_9020	12	12	16	1.0
OG_9021	10	20	24	1.0
OG_9022	12	12	15	1.0
OG_9023	12	12	14	1.0
OG_9024	12	12	12	1.0
OG_9025	11	11	11	1.0
OG_9026	11	11	11	1.0
OG_9027	12	12	13	1.0
OG_9028	11	11	12	1.0
OG_9029	12	12	14	0.8485
OG_9030	12	12	13	1.0
OG_9031	11	11	13	1.0
OG_9032	12	12	13	1.0
OG_9033	11	11	12	1.0
OG_9034	12	12	17	1.0
OG_9035	12	14	15	1.0
OG_9036	12	12	14	1.0
OG_9037	11	12	15	1.0
OG_9038	12	12	12	1.0
OG_9039	11	13	23	1.0
OG_9040	10	10	10	1.0
OG_9041	12	12	15	1.0
OG_9042	10	10	10	1.0
OG_9043	10	10	11	1.0
OG_9044	12	12	30	1.0
OG_9045	12	12	16	1.0
OG_9046	12	12	14	1.0
OG_9047	12	12	13	1.0
OG_9048	12	12	12	1.0
OG_9049	12	12	19	1.0
OG_9050	12	12	12	1.0
OG_9051	12	12	15	1.0
OG_9052	11	11	12	1.0
OG_9053	11	11	13	1.0
OG_9054	12	12	14	1.0
OG_9055	12	12	16	1.0
OG_9056	12	12	17	1.0
OG_9057	9	9	10	1.0
OG_9058	9	9	9	1.0
OG_9059	10	10	10	1.0
OG_9060	10	10	12	1.0
OG_9061	12	12	14	1.0
OG_9062	11	11	11	1.0
OG_9063	12	84	92	0.7065
OG_9064	11	11	14	1.0
OG_9065	12	12	12	1.0
OG_9066	12	12	13	1.0
OG_9067	4	20	22	0.8684
OG_9068	12	12	12	1.0
OG_9069	11	11	11	1.0
OG_9070	12	12	13	1.0
OG_9071	11	11	11	1.0
OG_9072	12	12	12	1.0
OG_9073	10	10	14	1.0
OG_9074	12	12	16	1.0
OG_9075	10	10	10	1.0
OG_9076	12	13	17	1.0
OG_9077	12	12	13	1.0
OG_9078	12	12	15	1.0
OG_9079	12	14	14	1.0
OG_9080	12	12	13	1.0
OG_9081	11	12	13	1.0
OG_9082	11	13	15	1.0
OG_9083	11	11	12	1.0
OG_9084	12	14	15	0.989
OG_9085	10	12	15	0.9091
OG_9086	11	12	13	0.9848
OG_9087	12	12	14	1.0
OG_9088	10	10	10	1.0
OG_9089	10	10	10	1.0
OG_9090	10	13	16	1.0
OG_9091	12	13	14	1.0
OG_9092	10	10	12	1.0
OG_9093	12	12	15	1.0
OG_9094	12	12	12	1.0
OG_9095	12	14	20	0.8352
OG_9096	12	12	13	1.0
OG_9097	11	11	11	1.0
OG_9098	6	6	6	1.0
OG_9099	11	12	14	1.0
OG_9100	12	12	13	1.0
OG_9101	11	11	11	1.0
OG_9102	11	11	14	1.0
OG_9103	2	2	3	1.0
OG_9104	12	15	20	1.0
OG_9105	9	9	10	1.0
OG_9106	11	11	11	1.0
OG_9107	10	10	12	1.0
OG_9108	12	18	26	1.0
OG_9109	12	12	14	1.0
OG_9110	8	8	11	1.0
OG_9111	12	12	12	1.0
OG_9112	12	12	13	1.0
OG_9113	12	17	28	0.7941
OG_9114	10	12	12	1.0
OG_9115	10	13	18	1.0
OG_9116	12	13	14	1.0
OG_9117	12	12	20	1.0
OG_9118	12	12	13	1.0
OG_9119	12	15	18	0.9619
OG_9120	12	12	13	1.0
OG_9121	10	10	12	1.0
OG_9122	12	12	12	1.0
OG_9123	12	12	12	1.0
OG_9124	12	12	13	1.0
OG_9125	12	12	13	1.0
OG_9126	11	11	13	1.0
OG_9127	12	13	17	1.0
OG_9128	12	12	16	1.0
OG_9129	11	11	13	1.0
OG_9130	12	14	16	1.0
OG_9131	11	11	12	1.0
OG_9132	12	13	13	1.0
OG_9133	12	12	16	1.0
OG_9134	5	5	5	1.0
OG_9135	12	12	13	1.0
OG_9136	12	12	13	1.0
OG_9137	11	11	12	1.0
OG_9138	12	12	14	1.0
OG_9139	12	12	15	1.0
OG_9140	12	12	14	1.0
OG_9141	11	11	13	1.0
OG_9142	12	12	12	1.0
OG_9143	12	13	15	1.0
OG_9144	11	11	12	1.0
OG_9145	11	11	14	1.0
OG_9146	11	11	13	1.0
OG_9147	12	19	27	0.6667
OG_9148	12	12	13	1.0
OG_9149	12	12	12	1.0
OG_9150	12	12	17	1.0
OG_9151	8	8	16	1.0
OG_9152	11	11	11	1.0
OG_9153	12	12	12	1.0
OG_9154	11	11	11	1.0
OG_9155	12	12	14	1.0
OG_9156	12	12	21	1.0
OG_9157	7	7	7	1.0
OG_9158	9	9	10	1.0
OG_9159	12	12	15	1.0
OG_9160	12	12	13	1.0
OG_9161	11	11	11	1.0
OG_9162	11	12	12	1.0
OG_9163	10	10	10	1.0
OG_9164	12	12	12	1.0
OG_9165	12	12	15	1.0
OG_9166	9	9	9	1.0
OG_9167	12	12	17	1.0
OG_9168	12	12	14	1.0
OG_9169	12	12	14	1.0
OG_9170	12	12	14	1.0
OG_9171	11	11	12	1.0
OG_9172	12	12	14	1.0
OG_9173	12	13	15	1.0
OG_9174	10	10	10	1.0
OG_9175	12	12	14	1.0
OG_9176	10	10	10	1.0
OG_9177	11	11	12	0.8727
OG_9178	6	7	8	0.8571
OG_9179	12	16	25	1.0
OG_9180	11	12	19	1.0
OG_9181	12	14	17	1.0
OG_9182	12	12	13	1.0
OG_9183	9	10	12	1.0
OG_9184	11	12	13	1.0
OG_9185	11	11	11	1.0
OG_9186	12	12	12	1.0
OG_9187	12	13	13	0.8974
OG_9188	12	12	15	1.0
OG_9189	12	13	14	0.8718
OG_9190	12	12	14	1.0
OG_9191	12	12	18	1.0
OG_9192	12	12	14	1.0
OG_9193	12	15	31	1.0
OG_9194	12	12	13	1.0
OG_9195	12	13	15	1.0
OG_9196	12	12	12	1.0
OG_9197	5	5	5	1.0
OG_9198	12	12	15	1.0
OG_9199	11	11	13	1.0
OG_9200	12	12	13	1.0
OG_9201	12	12	13	1.0
OG_9202	12	12	13	1.0
OG_9203	10	10	12	1.0
OG_9204	12	12	12	1.0
OG_9205	12	12	14	1.0
OG_9206	12	13	23	1.0
OG_9207	11	11	11	1.0
OG_9208	10	11	12	1.0
OG_9209	8	8	8	1.0
OG_9210	12	12	13	1.0
OG_9211	10	10	10	1.0
OG_9212	10	10	10	1.0
OG_9213	9	9	9	1.0
OG_9214	12	12	12	1.0
OG_9215	12	12	16	1.0
OG_9216	10	10	11	1.0
OG_9217	12	12	18	1.0
OG_9218	11	11	12	1.0
OG_9219	12	18	23	0.9935
OG_9220	11	11	13	1.0
OG_9221	10	10	10	1.0
OG_9222	12	13	14	1.0
OG_9223	11	11	12	1.0
OG_9224	12	12	14	1.0
OG_9225	11	11	11	1.0
OG_9226	12	12	14	1.0
OG_9227	11	11	11	1.0
OG_9228	12	12	13	1.0
OG_9229	11	11	11	0.9273
OG_9230	12	12	14	1.0
OG_9231	12	12	13	1.0
OG_9232	12	18	21	1.0
OG_9233	10	10	10	1.0
OG_9234	12	12	12	1.0
OG_9235	11	11	11	1.0
OG_9236	11	12	12	0.9545
OG_9237	12	12	14	1.0
OG_9238	9	9	9	0.8056
OG_9239	12	12	13	1.0
OG_9240	12	12	16	1.0
OG_9241	12	12	12	1.0
OG_9242	12	12	17	1.0
OG_9243	9	14	14	0.7253
OG_9244	11	14	14	0.5824
OG_9245	12	14	17	1.0
OG_9246	10	10	11	1.0
OG_9247	10	10	10	1.0
OG_9248	9	9	11	1.0
OG_9249	12	12	14	1.0
OG_9250	10	10	10	1.0
OG_9251	11	11	11	1.0
OG_9252	11	11	14	0.7091
OG_9253	12	12	13	1.0
OG_9254	10	10	11	1.0
OG_9255	11	11	13	1.0
OG_9256	12	13	17	0.8718
OG_9257	12	13	13	1.0
OG_9258	12	12	13	1.0
OG_9259	12	15	23	1.0
OG_9260	12	13	13	1.0
OG_9261	12	12	14	1.0
OG_9262	12	15	16	0.8762
OG_9263	12	13	15	1.0
OG_9264	12	12	13	1.0
OG_9265	10	10	10	1.0
OG_9266	10	10	22	1.0
OG_9267	12	12	13	1.0
OG_9268	12	12	12	1.0
OG_9269	10	10	14	1.0
OG_9270	10	11	13	1.0
OG_9271	12	13	16	1.0
OG_9272	12	12	15	1.0
OG_9273	11	11	11	1.0
OG_9274	12	12	13	1.0
OG_9275	12	12	14	1.0
OG_9276	9	9	15	1.0
OG_9277	3	3	3	1.0
OG_9278	10	10	10	1.0
OG_9279	12	12	13	1.0
OG_9280	10	10	10	1.0
OG_9281	12	12	14	1.0
OG_9282	8	8	8	1.0
OG_9283	12	17	21	1.0
OG_9284	11	14	15	1.0
OG_9285	11	12	14	0.8636
OG_9286	12	12	15	1.0
OG_9287	8	8	8	1.0
OG_9288	12	12	13	1.0
OG_9289	10	11	11	1.0
OG_9290	10	10	10	0.9778
OG_9291	11	14	16	1.0
OG_9292	11	11	11	1.0
OG_9293	8	8	9	1.0
OG_9294	11	12	12	1.0
OG_9295	2	2	2	1.0
OG_9296	12	12	14	1.0
OG_9297	12	12	15	1.0
OG_9298	12	12	22	1.0
OG_9299	12	12	14	1.0
OG_9300	12	12	15	1.0
OG_9301	11	11	12	1.0
OG_9302	12	12	13	1.0
OG_9303	12	12	12	1.0
OG_9304	2	11	11	0.8364
OG_9305	11	11	13	1.0
OG_9306	12	12	15	1.0
OG_9307	12	12	17	1.0
OG_9308	12	15	26	0.7143
OG_9309	10	10	11	1.0
OG_9310	10	10	12	1.0
OG_9311	12	14	15	1.0
OG_9312	12	12	17	1.0
OG_9313	12	12	13	1.0
OG_9314	12	12	12	1.0
OG_9315	12	12	17	1.0
OG_9316	10	10	10	1.0
OG_9317	12	12	12	1.0
OG_9318	12	12	12	1.0
OG_9319	12	13	24	1.0
OG_9320	12	12	15	1.0
OG_9321	11	11	13	1.0
OG_9322	12	12	14	1.0
OG_9323	12	12	17	1.0
OG_9324	12	12	14	1.0
OG_9325	12	12	15	1.0
OG_9326	11	11	11	1.0
OG_9327	10	22	29	0.6623
OG_9328	2	2	4	1.0
OG_9329	2	2	2	1.0
OG_9330	12	12	21	1.0
OG_9331	2	2	3	1.0
OG_9332	12	12	12	1.0
OG_9333	5	5	5	1.0
OG_9334	12	12	12	1.0
OG_9335	12	12	12	1.0
OG_9336	11	11	12	1.0
OG_9337	12	12	19	0.9848
OG_9338	12	13	17	1.0
OG_9339	12	12	12	1.0
OG_9340	11	11	11	1.0
OG_9341	12	13	13	1.0
OG_9342	12	12	12	1.0
OG_9343	12	12	14	1.0
OG_9344	7	12	19	0.7273
OG_9345	7	7	11	0.7619
OG_9346	7	7	10	1.0
OG_9347	8	10	14	0.7333
OG_9348	12	12	12	1.0
OG_9349	10	10	11	1.0
OG_9350	8	8	9	1.0
OG_9351	11	11	11	1.0
OG_9352	12	12	14	1.0
OG_9353	12	12	12	1.0
OG_9354	11	11	17	1.0
OG_9355	12	12	12	1.0
OG_9356	10	10	10	1.0
OG_9357	11	16	16	1.0
OG_9358	12	15	17	0.981
OG_9359	12	12	13	1.0
OG_9360	11	12	15	1.0
OG_9361	12	12	13	1.0
OG_9362	12	12	14	1.0
OG_9363	11	11	14	1.0
OG_9364	12	13	16	1.0
OG_9365	12	12	12	1.0
OG_9366	11	11	11	1.0
OG_9367	12	15	16	1.0
OG_9368	9	10	10	1.0
OG_9369	12	13	15	1.0
OG_9370	12	13	19	1.0
OG_9371	6	6	6	1.0
OG_9372	10	10	10	1.0
OG_9373	9	13	14	0.7308
OG_9374	12	12	12	1.0
OG_9375	12	12	17	1.0
OG_9376	12	12	13	1.0
OG_9377	11	11	14	1.0
OG_9378	10	10	12	1.0
OG_9379	12	12	12	1.0
OG_9380	12	12	14	1.0
OG_9381	12	12	13	1.0
OG_9382	12	12	16	1.0
OG_9383	12	12	12	1.0
OG_9384	11	11	12	1.0
OG_9385	12	12	22	1.0
OG_9386	12	12	14	1.0
OG_9387	10	11	11	1.0
OG_9388	12	14	22	1.0
OG_9389	12	12	12	1.0
OG_9390	12	12	12	1.0
OG_9391	12	12	17	1.0
OG_9392	12	12	14	1.0
OG_9393	11	11	12	1.0
OG_9394	12	12	14	1.0
OG_9395	12	12	12	1.0
OG_9396	12	12	13	1.0
OG_9397	12	13	13	1.0
OG_9398	12	12	13	1.0
OG_9399	12	13	16	1.0
OG_9400	11	12	15	1.0
OG_9401	12	22	31	1.0
OG_9402	12	15	17	1.0
OG_9403	12	12	12	1.0
OG_9404	11	11	12	1.0
OG_9405	11	11	13	1.0
OG_9406	12	12	16	1.0
OG_9407	11	11	12	1.0
OG_9408	12	12	12	1.0
OG_9409	12	12	13	1.0
OG_9410	12	12	12	1.0
OG_9411	12	12	12	1.0
OG_9412	9	23	24	1.0
OG_9413	12	12	14	1.0
OG_9414	12	12	13	1.0
OG_9415	12	12	13	1.0
OG_9416	11	25	27	0.7267
OG_9417	12	12	12	1.0
OG_9418	12	12	13	1.0
OG_9419	12	12	12	1.0
OG_9420	11	19	25	1.0
OG_9421	12	12	13	1.0
OG_9422	12	12	14	1.0
OG_9423	2	2	2	1.0
OG_9424	12	12	13	1.0
OG_9425	11	11	11	1.0
OG_9426	12	12	13	1.0
OG_9427	12	12	13	1.0
OG_9428	9	9	9	0.8333
OG_9429	12	12	16	1.0
OG_9430	12	14	19	0.7912
OG_9431	12	12	13	1.0
OG_9432	12	12	12	1.0
OG_9433	12	12	14	1.0
OG_9434	12	13	14	1.0
OG_9435	12	12	15	1.0
OG_9436	12	12	12	1.0
OG_9437	10	10	13	1.0
OG_9438	12	13	16	1.0
OG_9439	10	21	25	1.0
OG_9440	11	12	19	1.0
OG_9441	9	10	10	1.0
OG_9442	12	15	17	1.0
OG_9443	12	12	12	1.0
OG_9444	9	10	13	1.0
OG_9445	12	12	12	1.0
OG_9446	11	11	19	1.0
OG_9447	12	12	14	1.0
OG_9448	12	12	14	1.0
OG_9449	11	11	14	1.0
OG_9450	8	8	11	1.0
OG_9451	4	4	6	0.6667
OG_9452	12	14	18	1.0
OG_9453	12	12	16	1.0
OG_9454	7	7	7	1.0
OG_9455	12	12	16	1.0
OG_9456	12	12	15	1.0
OG_9457	9	9	12	1.0
OG_9458	12	12	12	1.0
OG_9459	12	12	13	1.0
OG_9460	12	12	12	1.0
OG_9461	12	12	12	1.0
OG_9462	12	14	15	1.0
OG_9463	12	13	17	1.0
OG_9464	10	11	15	1.0
OG_9465	11	11	13	1.0
OG_9466	12	12	13	1.0
OG_9467	12	12	13	1.0
OG_9468	12	12	13	1.0
OG_9469	9	9	11	1.0
OG_9470	4	4	4	1.0
OG_9471	11	11	16	1.0
OG_9472	12	12	15	1.0
OG_9473	12	12	13	1.0
OG_9474	12	12	13	1.0
OG_9475	12	12	16	1.0
OG_9476	12	14	16	1.0
OG_9477	11	11	14	1.0
OG_9478	11	11	11	1.0
OG_9479	6	6	7	1.0
OG_9480	12	12	17	1.0
OG_9481	10	10	10	1.0
OG_9482	11	11	13	1.0
OG_9483	10	10	14	1.0
OG_9484	10	10	20	1.0
OG_9485	11	15	23	1.0
OG_9486	9	10	13	1.0
OG_9487	10	10	11	1.0
OG_9488	12	22	25	1.0
OG_9489	12	13	13	1.0
OG_9490	5	6	6	1.0
OG_9491	7	7	10	1.0
OG_9492	11	12	13	1.0
OG_9493	12	13	19	0.9744
OG_9494	12	12	19	1.0
OG_9495	12	16	18	0.7333
OG_9496	12	12	12	1.0
OG_9497	11	12	12	1.0
OG_9498	12	13	18	1.0
OG_9499	12	12	15	1.0
OG_9500	10	10	19	1.0
OG_9501	12	13	13	1.0
OG_9502	12	12	13	1.0
OG_9503	12	12	15	1.0
OG_9504	12	12	15	1.0
OG_9505	12	12	14	1.0
OG_9506	11	11	15	1.0
OG_9507	2	2	2	1.0
OG_9508	12	12	12	1.0
OG_9509	12	12	13	1.0
OG_9510	12	13	21	1.0
OG_9511	12	12	12	1.0
OG_9512	12	12	12	1.0
OG_9513	12	12	13	1.0
OG_9514	12	12	12	1.0
OG_9515	12	12	13	1.0
OG_9516	12	23	24	1.0
OG_9517	12	12	13	1.0
OG_9518	9	9	13	0.9722
OG_9519	12	12	14	1.0
OG_9520	10	10	10	1.0
OG_9521	11	11	14	1.0
OG_9522	10	18	19	1.0
OG_9523	10	10	11	1.0
OG_9524	12	12	17	1.0
OG_9525	12	17	18	1.0
OG_9526	12	41	46	1.0
OG_9527	12	24	28	0.587
OG_9528	12	12	14	1.0
OG_9529	8	8	8	1.0
OG_9530	12	12	13	1.0
OG_9531	10	10	11	1.0
OG_9532	12	18	20	1.0
OG_9533	12	15	15	0.7714
OG_9534	11	11	20	1.0
OG_9535	12	13	20	0.9744
OG_9536	12	16	17	0.825
OG_9537	10	10	11	1.0
OG_9538	11	12	12	0.9394
OG_9539	10	10	10	1.0
OG_9540	11	11	13	1.0
OG_9541	10	17	20	1.0
OG_9542	11	19	25	1.0
OG_9543	11	11	12	1.0
OG_9544	12	14	16	1.0
OG_9545	12	12	12	1.0
OG_9546	12	12	12	1.0
OG_9547	12	13	13	0.9872
OG_9548	9	9	10	1.0
OG_9549	11	11	12	0.7091
OG_9550	12	12	12	1.0
OG_9551	12	12	12	1.0
OG_9552	11	11	12	1.0
OG_9553	12	12	12	1.0
OG_9554	11	12	14	1.0
OG_9555	12	12	12	1.0
OG_9556	12	13	20	1.0
OG_9557	12	12	16	1.0
OG_9558	12	12	16	1.0
OG_9559	12	12	12	1.0
OG_9560	10	10	10	1.0
OG_9561	9	9	9	1.0
OG_9562	12	12	12	1.0
OG_9563	11	11	12	1.0
OG_9564	9	12	13	1.0
OG_9565	12	17	23	1.0
OG_9566	12	29	35	0.5616
OG_9567	12	12	15	1.0
OG_9568	12	12	14	1.0
OG_9569	10	10	11	1.0
OG_9570	7	7	8	1.0
OG_9571	12	12	12	1.0
OG_9572	12	12	14	1.0
OG_9573	12	12	13	1.0
OG_9574	6	8	8	1.0
OG_9575	10	10	11	1.0
OG_9576	10	10	10	1.0
OG_9577	12	12	12	1.0
OG_9578	12	16	17	1.0
OG_9579	12	12	15	1.0
OG_9580	12	12	17	1.0
OG_9581	11	11	11	1.0
OG_9582	12	12	13	1.0
OG_9583	12	12	12	1.0
OG_9584	10	10	11	1.0
OG_9585	8	8	8	1.0
OG_9586	11	11	16	1.0
OG_9587	12	23	80	0.8221
OG_9588	11	11	12	1.0
OG_9589	10	12	14	1.0
OG_9590	11	17	33	0.8971
OG_9591	8	14	25	1.0
OG_9592	12	12	12	1.0
OG_9593	12	13	14	1.0
OG_9594	12	12	18	1.0
OG_9595	12	13	13	1.0
OG_9596	11	21	23	1.0
OG_9597	12	12	14	1.0
OG_9598	12	13	14	1.0
OG_9599	12	16	18	0.9917
OG_9600	9	11	11	1.0
OG_9601	12	13	15	1.0
OG_9602	10	10	11	1.0
OG_9603	9	9	9	0.8333
OG_9604	12	12	12	1.0
OG_9605	12	12	13	1.0
OG_9606	12	12	17	1.0
OG_9607	11	12	13	1.0
OG_9608	8	8	8	1.0
OG_9609	12	13	14	1.0
OG_9610	12	37	40	0.9069
OG_9611	10	10	11	1.0
OG_9612	8	8	8	0.8571
OG_9613	8	8	11	0.7857
OG_9614	10	10	14	1.0
OG_9615	11	11	11	1.0
OG_9616	11	18	18	1.0
OG_9617	12	12	23	1.0
OG_9618	2	2	2	1.0
OG_9619	10	10	10	1.0
OG_9620	12	13	14	1.0
OG_9621	11	11	11	1.0
OG_9622	12	12	13	1.0
OG_9623	12	12	18	1.0
OG_9624	12	13	14	1.0
OG_9625	12	13	14	1.0
OG_9626	12	12	13	1.0
OG_9627	12	12	18	1.0
OG_9628	11	11	13	1.0
OG_9629	12	12	13	1.0
OG_9630	12	12	17	1.0
OG_9631	12	13	17	1.0
OG_9632	9	9	9	1.0
OG_9633	11	11	11	1.0
OG_9634	12	13	13	1.0
OG_9635	11	11	11	1.0
OG_9636	9	9	9	0.7222
OG_9637	12	12	13	1.0
OG_9638	12	12	12	1.0
OG_9639	12	13	18	1.0
OG_9640	11	11	15	1.0
OG_9641	11	14	15	1.0
OG_9642	9	9	10	1.0
OG_9643	11	11	16	1.0
OG_9644	12	14	17	1.0
OG_9645	8	8	8	1.0
OG_9646	12	12	18	1.0
OG_9647	10	10	12	1.0
OG_9648	12	12	14	1.0
OG_9649	11	11	13	0.7091
OG_9650	2	2	3	1.0
OG_9651	11	11	11	1.0
OG_9652	9	18	22	1.0
OG_9653	4	4	4	1.0
OG_9654	10	10	14	1.0
OG_9655	9	10	12	1.0
OG_9656	12	12	15	1.0
OG_9657	7	16	18	0.75
OG_9658	4	4	4	1.0
OG_9659	8	23	26	0.7075
OG_9660	11	11	13	1.0
OG_9661	12	12	14	1.0
OG_9662	12	14	15	1.0
OG_9663	12	12	16	1.0
OG_9664	12	12	12	0.9242
OG_9665	9	9	13	1.0
OG_9666	12	15	21	1.0
OG_9667	12	12	14	1.0
OG_9668	11	11	11	1.0
OG_9669	12	13	13	1.0
OG_9670	12	12	16	1.0
OG_9671	12	12	17	1.0
OG_9672	12	13	14	1.0
OG_9673	11	14	15	1.0
OG_9674	11	11	13	1.0
OG_9675	9	9	10	1.0
OG_9676	12	12	13	1.0
OG_9677	12	13	13	1.0
OG_9678	12	12	13	1.0
OG_9679	2	5	7	1.0
OG_9680	12	18	27	1.0
OG_9681	12	12	13	1.0
OG_9682	12	18	23	0.9935
OG_9683	11	11	12	1.0
OG_9684	12	12	19	1.0
OG_9685	8	8	8	1.0
OG_9686	12	12	14	1.0
OG_9687	12	12	17	1.0
OG_9688	12	12	12	1.0
OG_9689	12	12	12	1.0
OG_9690	9	10	10	0.9778
OG_9691	11	11	11	1.0
OG_9692	9	9	9	1.0
OG_9693	11	14	14	0.6593
OG_9694	12	12	18	1.0
OG_9695	8	8	8	1.0
OG_9696	10	10	10	1.0
OG_9697	12	12	15	1.0
OG_9698	11	12	14	1.0
OG_9699	10	10	12	1.0
OG_9700	11	12	15	1.0
OG_9701	8	8	8	1.0
OG_9702	8	8	9	1.0
OG_9703	12	12	12	1.0
OG_9704	12	12	12	1.0
OG_9705	8	8	8	1.0
OG_9706	12	12	13	1.0
OG_9707	11	11	16	1.0
OG_9708	10	10	12	1.0
OG_9709	11	13	17	0.7436
OG_9710	12	12	12	1.0
OG_9711	2	2	2	1.0
OG_9712	12	12	13	1.0
OG_9713	12	12	12	1.0
OG_9714	11	11	12	1.0
OG_9715	12	12	15	1.0
OG_9716	12	12	14	1.0
OG_9717	12	16	21	0.6917
OG_9718	12	12	12	1.0
OG_9719	12	12	14	1.0
OG_9720	12	12	12	1.0
OG_9721	10	10	11	1.0
OG_9722	11	11	11	1.0
OG_9723	11	11	15	1.0
OG_9724	12	12	14	1.0
OG_9725	12	12	13	1.0
OG_9726	12	12	12	1.0
OG_9727	12	12	12	1.0
OG_9728	12	14	23	1.0
OG_9729	12	13	17	1.0
OG_9730	12	12	13	1.0
OG_9731	12	13	14	0.9872
OG_9732	11	11	12	1.0
OG_9733	11	11	11	1.0
OG_9734	6	6	6	1.0
OG_9735	12	12	12	1.0
OG_9736	12	14	19	1.0
OG_9737	11	12	12	1.0
OG_9738	12	12	13	1.0
OG_9739	12	12	15	1.0
OG_9740	12	12	15	1.0
OG_9741	12	12	12	1.0
OG_9742	12	12	13	1.0
OG_9743	12	12	16	1.0
OG_9744	2	2	2	1.0
OG_9745	12	12	13	1.0
OG_9746	10	10	13	1.0
OG_9747	11	12	13	1.0
OG_9748	11	11	12	1.0
OG_9749	12	12	13	1.0
OG_9750	12	12	12	1.0
OG_9751	12	25	28	0.5
OG_9752	4	4	4	1.0
OG_9753	12	12	15	1.0
OG_9754	12	12	18	1.0
OG_9755	11	11	11	1.0
OG_9756	10	10	12	1.0
OG_9757	12	12	12	1.0
OG_9758	10	11	12	1.0
OG_9759	2	2	4	1.0
OG_9760	11	12	13	1.0
OG_9761	12	13	19	1.0
OG_9762	11	11	18	1.0
OG_9763	11	11	11	1.0
OG_9764	10	10	10	1.0
OG_9765	7	7	9	1.0
OG_9766	11	11	11	1.0
OG_9767	9	9	10	1.0
OG_9768	11	13	14	1.0
OG_9769	11	11	13	1.0
OG_9770	12	12	18	1.0
OG_9771	9	9	9	1.0
OG_9772	11	12	13	1.0
OG_9773	10	10	10	1.0
OG_9774	11	11	12	1.0
OG_9775	12	12	15	1.0
OG_9776	10	10	10	1.0
OG_9777	12	12	16	1.0
OG_9778	12	12	13	1.0
OG_9779	12	14	16	0.9341
OG_9780	11	22	30	0.6623
OG_9781	10	10	10	1.0
OG_9782	12	16	21	0.8417
OG_9783	5	5	5	1.0
OG_9784	11	11	17	1.0
OG_9785	10	10	13	1.0
OG_9786	3	3	5	1.0
OG_9787	4	6	10	1.0
OG_9788	11	14	17	0.989
OG_9789	12	19	20	0.9123
OG_9790	11	11	11	1.0
OG_9791	10	11	11	1.0
OG_9792	10	12	13	1.0
OG_9793	8	8	8	1.0
OG_9794	8	8	9	1.0
OG_9795	12	16	18	0.8417
OG_9796	12	12	14	0.9848
OG_9797	12	15	33	1.0
OG_9798	8	8	9	1.0
OG_9799	2	2	4	1.0
OG_9800	11	15	17	1.0
OG_9801	11	11	12	1.0
OG_9802	10	10	11	1.0
OG_9803	10	10	11	1.0
OG_9804	12	12	14	0.9697
OG_9805	11	11	21	0.9818
OG_9806	7	7	7	1.0
OG_9807	9	9	9	1.0
OG_9808	10	10	11	1.0
OG_9809	11	11	13	1.0
OG_9810	12	16	22	0.9917
OG_9811	9	9	9	1.0
OG_9812	6	6	6	1.0
OG_9813	12	13	13	1.0
OG_9814	11	11	11	1.0
OG_9815	11	11	25	1.0
OG_9816	10	10	14	1.0
OG_9817	11	11	18	1.0
OG_9818	10	10	11	1.0
OG_9819	12	13	15	1.0
OG_9820	12	15	17	1.0
OG_9821	11	11	11	1.0
OG_9822	9	11	16	1.0
OG_9823	5	5	5	1.0
OG_9824	12	12	12	1.0
OG_9825	10	10	16	1.0
OG_9826	12	13	13	1.0
OG_9827	12	13	15	0.7949
OG_9828	2	2	2	1.0
OG_9829	7	7	8	1.0
OG_9830	4	4	5	1.0
OG_9831	12	12	12	1.0
OG_9832	11	11	12	1.0
OG_9833	5	5	9	1.0
OG_9834	6	6	7	1.0
OG_9835	6	6	6	1.0
OG_9836	9	9	14	0.8889
OG_9837	2	8	8	0.6429
OG_9838	11	14	22	0.6703
OG_9839	5	5	6	1.0
OG_9840	10	10	10	0.9556
OG_9841	7	9	12	1.0
OG_9842	6	7	10	1.0
OG_9843	3	6	7	0.7333
OG_9844	12	13	15	0.8718
OG_9845	12	13	22	0.9231
OG_9846	3	3	4	1.0
OG_9847	10	11	16	1.0
OG_9848	7	7	7	1.0
OG_9849	8	8	12	1.0
OG_9850	8	11	14	0.8727
OG_9851	8	8	10	1.0
OG_9852	12	15	16	0.9524
OG_9853	10	10	10	1.0
OG_9854	10	86	109	0.568
OG_9855	11	12	21	1.0
OG_9856	8	24	24	1.0
OG_9857	12	19	24	0.8246
OG_9858	2	2	6	1.0
OG_9859	3	3	4	1.0
OG_9860	12	15	20	1.0
OG_9861	12	63	73	0.6887
OG_9862	12	12	14	1.0
OG_9863	11	47	59	0.6198
OG_9864	8	8	9	1.0
OG_9865	12	13	15	0.9872
OG_9866	10	10	11	1.0
OG_9867	10	10	15	1.0
OG_9868	2	2	2	1.0
OG_9869	9	12	12	0.8485
OG_9870	2	5	5	0.7
OG_9871	9	9	10	1.0
OG_9872	3	3	3	1.0
OG_9873	11	12	12	1.0
OG_9874	12	15	15	1.0
OG_9875	12	20	23	0.7632
OG_9876	3	3	3	1.0
OG_9877	11	11	11	1.0
OG_9878	11	14	14	0.9451
OG_9879	3	3	3	1.0
OG_9880	2	2	4	1.0
OG_9881	6	6	9	1.0
OG_9882	9	10	11	0.8222
OG_9883	7	9	9	0.6389
OG_9884	2	2	2	1.0
OG_9885	12	17	25	0.9926
OG_9886	9	9	9	1.0
OG_9887	12	12	14	1.0
OG_9888	12	26	29	0.8092
OG_9889	10	16	18	0.9917
OG_9890	12	13	22	1.0
OG_9891	10	25	38	0.96
OG_9892	12	12	27	1.0
OG_9893	2	2	2	1.0
OG_9894	2	2	2	1.0
OG_9895	10	10	13	0.9778
OG_9896	11	11	11	0.8364
OG_9897	3	3	3	1.0
OG_9898	10	12	12	1.0
OG_9899	12	19	22	0.9825
OG_9900	12	12	16	1.0
OG_9901	12	13	15	1.0
OG_9902	10	10	10	0.9111
OG_9903	5	5	5	1.0
OG_9904	12	12	12	1.0
OG_9905	11	11	16	1.0
OG_9906	7	8	10	1.0
OG_9907	10	13	21	1.0
OG_9908	4	9	9	0.6667
OG_9909	2	2	2	1.0
OG_9910	10	10	10	1.0
OG_9911	2	2	2	1.0
OG_9912	2	2	2	1.0
OG_9913	12	17	17	0.8971
OG_9914	5	5	7	1.0
OG_9915	11	11	16	1.0
OG_9916	7	7	11	1.0
OG_9917	2	6	6	1.0
OG_9918	3	3	4	0.6667
OG_9919	10	10	11	1.0
OG_9920	12	13	13	1.0
OG_9921	12	12	12	1.0
OG_9922	9	9	9	1.0
OG_9923	11	14	14	1.0
OG_9924	7	7	9	1.0
OG_9925	11	14	16	1.0
OG_9926	3	3	3	1.0
OG_9927	2	3	3	0.6667
OG_9928	11	11	14	1.0
OG_9929	11	12	13	1.0
OG_9930	12	12	16	1.0
OG_9931	7	7	8	1.0
OG_9932	10	10	15	0.8444
OG_9933	7	7	8	1.0
OG_9934	8	8	9	1.0
OG_9935	7	7	8	1.0
OG_9936	2	4	5	1.0
OG_9937	9	9	9	1.0
OG_9938	10	10	11	1.0
OG_9939	12	15	15	1.0
OG_9940	7	7	8	1.0
OG_9941	12	58	65	0.8923
OG_9942	10	11	11	1.0
OG_9943	12	13	15	1.0
OG_9944	12	12	15	1.0
OG_9945	2	2	2	1.0
OG_9946	10	10	10	0.8444
OG_9947	11	18	21	0.8366
OG_9948	11	11	11	0.8364
OG_9949	10	10	13	1.0
OG_9950	12	12	13	1.0
OG_9951	11	12	13	0.9545
OG_9952	12	12	13	1.0
OG_9953	11	11	13	1.0
OG_9954	11	15	19	1.0
OG_9955	8	8	9	1.0
OG_9956	8	8	8	1.0
OG_9957	12	17	18	0.9853
OG_9958	3	3	3	1.0
OG_9959	5	8	17	0.7143
OG_9960	12	14	16	1.0
OG_9961	11	11	14	1.0
OG_9962	8	8	8	1.0
OG_9963	3	3	4	1.0
OG_9964	4	5	5	1.0
OG_9965	9	17	17	0.8456
OG_9966	6	6	7	1.0
OG_9967	8	8	8	1.0
OG_9968	7	7	8	1.0
OG_9969	9	9	10	1.0
OG_9970	9	9	11	1.0
OG_9971	12	17	19	0.7941
OG_9972	7	7	7	1.0
OG_9973	9	9	9	1.0
OG_9974	12	52	64	0.8311
OG_9975	2	8	10	0.7143
OG_9976	6	6	6	1.0
OG_9977	11	11	13	1.0
OG_9978	11	14	14	0.7582
OG_9979	8	8	14	1.0
OG_9980	12	14	18	0.8681
OG_9981	9	9	9	1.0
OG_9982	2	2	2	1.0
OG_9983	12	12	13	1.0
OG_9984	11	14	16	0.8901
OG_9985	7	8	8	0.9643
OG_9986	12	14	14	1.0
OG_9987	9	9	9	1.0
OG_9988	3	3	3	1.0
OG_9989	11	11	14	1.0
OG_9990	12	19	23	0.7427
OG_9991	12	12	13	1.0
OG_9992	12	15	21	0.7714
OG_9993	12	16	19	0.8667
OG_9994	12	13	15	1.0
OG_9995	12	17	20	1.0
OG_9996	12	12	16	1.0
OG_9997	11	13	13	1.0
OG_9998	12	12	17	1.0
OG_9999	12	13	15	1.0
OG_10000	12	13	17	1.0
OG_10001	12	12	12	1.0
OG_10002	12	12	13	1.0
OG_10003	11	12	19	1.0
OG_10004	12	12	15	1.0
OG_10005	11	11	12	1.0
OG_10006	11	11	25	1.0
OG_10007	10	11	15	1.0
OG_10008	12	12	18	1.0
OG_10009	12	12	14	1.0
OG_10010	10	10	15	1.0
OG_10011	12	12	18	1.0
OG_10012	12	12	15	1.0
OG_10013	11	12	15	1.0
OG_10014	12	14	18	1.0
OG_10015	3	5	5	1.0
OG_10016	5	5	5	1.0
OG_10017	11	14	26	0.956
OG_10018	11	12	12	0.9848
OG_10019	10	10	11	1.0
OG_10020	12	12	17	1.0
OG_10021	12	15	16	0.8762
OG_10022	11	11	12	1.0
OG_10023	9	9	11	1.0
OG_10024	8	8	8	1.0
OG_10025	11	22	25	0.5541
OG_10026	11	11	15	1.0
OG_10027	12	12	15	1.0
OG_10028	5	6	8	1.0
OG_10029	12	12	27	1.0
OG_10030	12	13	15	1.0
OG_10031	12	13	19	1.0
OG_10032	12	13	16	1.0
OG_10033	11	11	14	1.0
OG_10034	12	13	16	1.0
OG_10035	12	14	19	1.0
OG_10036	11	11	13	1.0
OG_10037	12	12	20	1.0
OG_10038	12	12	17	1.0
OG_10039	4	4	4	1.0
OG_10040	12	12	16	1.0
OG_10041	9	10	13	1.0
OG_10042	10	11	12	1.0
OG_10043	11	15	21	0.9429
OG_10044	10	10	11	1.0
OG_10045	11	12	22	1.0
OG_10046	12	12	23	1.0
OG_10047	12	12	15	1.0
OG_10048	11	11	14	1.0
OG_10049	12	12	13	1.0
OG_10050	12	13	20	0.9872
OG_10051	11	11	12	1.0
OG_10052	11	12	13	1.0
OG_10053	10	10	11	1.0
OG_10054	12	13	15	0.9359
OG_10055	12	13	17	1.0
OG_10056	12	13	19	1.0
OG_10057	12	17	23	1.0
OG_10058	12	12	17	1.0
OG_10059	11	11	13	1.0
OG_10060	12	12	17	1.0
OG_10061	12	14	15	0.978
OG_10062	11	11	14	1.0
OG_10063	9	9	10	1.0
OG_10064	10	10	16	1.0
OG_10065	10	11	14	1.0
OG_10066	11	13	17	1.0
OG_10067	10	10	11	1.0
OG_10068	2	2	6	1.0
OG_10069	11	12	14	1.0
OG_10070	12	13	15	1.0
OG_10071	11	11	18	1.0
OG_10072	11	11	15	1.0
OG_10073	12	14	14	1.0
OG_10074	12	12	16	1.0
OG_10075	8	12	12	1.0
OG_10076	5	5	5	1.0
OG_10077	3	3	5	1.0
OG_10078	11	11	14	1.0
OG_10079	2	2	3	1.0
OG_10080	11	12	13	1.0
OG_10081	11	12	19	1.0
OG_10082	12	12	14	1.0
OG_10083	12	12	17	1.0
OG_10084	10	11	16	1.0
OG_10085	12	14	20	1.0
OG_10086	12	12	13	0.8788
OG_10087	12	13	17	1.0
OG_10088	12	12	14	1.0
OG_10089	12	12	13	1.0
OG_10090	12	12	13	1.0
OG_10091	11	11	12	1.0
OG_10092	12	16	18	1.0
OG_10093	12	13	14	1.0
OG_10094	12	14	16	1.0
OG_10095	12	13	19	1.0
OG_10096	2	5	5	1.0
OG_10097	10	10	10	1.0
OG_10098	12	12	16	1.0
OG_10099	12	12	12	1.0
OG_10100	10	10	10	1.0
OG_10101	11	11	11	1.0
OG_10102	8	8	9	1.0
OG_10103	10	10	11	1.0
OG_10104	11	11	11	1.0
OG_10105	7	7	8	0.8571
OG_10106	12	12	12	1.0
OG_10107	11	11	11	1.0
OG_10108	10	10	11	1.0
OG_10109	12	12	12	1.0
OG_10110	10	10	11	1.0
OG_10111	12	12	12	1.0
OG_10112	10	10	10	1.0
OG_10113	11	11	11	1.0
OG_10114	10	10	11	1.0
OG_10115	11	11	15	1.0
OG_10116	11	12	14	1.0
OG_10117	12	12	12	1.0
OG_10118	10	11	14	1.0
OG_10119	11	11	11	1.0
OG_10120	12	14	15	1.0
OG_10121	11	11	11	1.0
OG_10122	5	5	5	0.8
OG_10123	11	11	17	0.6909
OG_10124	7	8	9	1.0
OG_10125	10	10	10	1.0
OG_10126	12	13	16	1.0
OG_10127	10	11	12	1.0
OG_10128	12	12	12	1.0
OG_10129	11	11	12	1.0
OG_10130	12	12	13	1.0
OG_10131	10	10	10	1.0
OG_10132	12	25	28	1.0
OG_10133	11	11	15	1.0
OG_10134	11	11	11	1.0
OG_10135	10	11	12	1.0
OG_10136	10	10	14	1.0
OG_10137	12	13	18	1.0
OG_10138	12	14	17	1.0
OG_10139	8	8	8	1.0
OG_10140	8	8	8	1.0
OG_10141	10	10	12	1.0
OG_10142	9	10	11	1.0
OG_10143	11	11	14	1.0
OG_10144	12	19	20	0.807
OG_10145	11	11	11	1.0
OG_10146	11	12	14	1.0
OG_10147	12	14	14	1.0
OG_10148	12	12	13	1.0
OG_10149	11	11	14	1.0
OG_10150	11	11	11	1.0
OG_10151	8	9	9	1.0
OG_10152	7	8	8	0.8929
OG_10153	12	14	16	1.0
OG_10154	12	12	12	1.0
OG_10155	11	13	18	1.0
OG_10156	11	11	12	1.0
OG_10157	11	11	11	1.0
OG_10158	12	12	12	1.0
OG_10159	11	11	13	1.0
OG_10160	11	11	11	1.0
OG_10161	8	8	9	1.0
OG_10162	7	7	7	1.0
OG_10163	11	13	13	1.0
OG_10164	10	10	10	1.0
OG_10165	12	12	13	1.0
OG_10166	11	11	11	1.0
OG_10167	12	13	13	1.0
OG_10168	12	13	25	1.0
OG_10169	12	13	14	1.0
OG_10170	11	14	21	1.0
OG_10171	10	10	10	1.0
OG_10172	12	12	13	1.0
OG_10173	11	11	14	1.0
OG_10174	3	3	3	1.0
OG_10175	11	12	21	1.0
OG_10176	12	12	13	1.0
OG_10177	12	12	13	1.0
OG_10178	10	11	12	1.0
OG_10179	11	11	11	1.0
OG_10180	9	9	11	1.0
OG_10181	10	11	12	1.0
OG_10182	12	12	12	1.0
OG_10183	12	12	12	1.0
OG_10184	10	10	10	1.0
OG_10185	11	11	11	1.0
OG_10186	10	10	14	1.0
OG_10187	11	12	14	1.0
OG_10188	11	11	11	1.0
OG_10189	11	11	11	1.0
OG_10190	11	11	13	1.0
OG_10191	10	10	11	1.0
OG_10192	10	13	13	0.9744
OG_10193	12	12	13	1.0
OG_10194	9	9	9	1.0
OG_10195	12	12	15	1.0
OG_10196	12	12	14	1.0
OG_10197	10	10	10	1.0
OG_10198	10	10	15	1.0
OG_10199	11	11	12	1.0
OG_10200	12	13	24	1.0
OG_10201	10	10	10	1.0
OG_10202	5	5	5	1.0
OG_10203	7	9	13	1.0
OG_10204	10	10	12	1.0
OG_10205	12	14	16	1.0
OG_10206	11	11	11	1.0
OG_10207	10	10	11	1.0
OG_10208	10	10	11	1.0
OG_10209	12	12	12	1.0
OG_10210	10	10	10	1.0
OG_10211	10	10	12	1.0
OG_10212	10	10	10	1.0
OG_10213	9	9	9	1.0
OG_10214	11	11	11	1.0
OG_10215	11	11	12	1.0
OG_10216	11	11	15	1.0
OG_10217	12	12	12	1.0
OG_10218	12	14	14	1.0
OG_10219	10	10	10	1.0
OG_10220	11	13	14	0.8718
OG_10221	11	11	11	1.0
OG_10222	12	15	15	1.0
OG_10223	10	10	11	1.0
OG_10224	11	11	11	0.9818
OG_10225	10	11	11	1.0
OG_10226	12	14	16	1.0
OG_10227	12	12	12	1.0
OG_10228	11	11	12	1.0
OG_10229	12	12	16	1.0
OG_10230	11	17	19	0.6471
OG_10231	12	12	16	1.0
OG_10232	12	12	12	1.0
OG_10233	10	10	11	1.0
OG_10234	12	16	20	0.8167
OG_10235	11	11	12	1.0
OG_10236	5	17	17	0.7868
OG_10237	8	8	9	1.0
OG_10238	7	7	7	1.0
OG_10239	4	4	4	1.0
OG_10240	12	13	13	1.0
OG_10241	12	14	25	1.0
OG_10242	11	11	11	1.0
OG_10243	9	9	10	1.0
OG_10244	10	11	11	1.0
OG_10245	12	12	12	1.0
OG_10246	9	12	12	1.0
OG_10247	7	7	7	1.0
OG_10248	11	11	13	1.0
OG_10249	12	12	12	1.0
OG_10250	12	15	18	0.9524
OG_10251	10	13	13	0.6282
OG_10252	12	12	14	1.0
OG_10253	12	12	23	1.0
OG_10254	12	14	26	1.0
OG_10255	11	11	23	1.0
OG_10256	11	12	15	1.0
OG_10257	8	8	9	1.0
OG_10258	11	11	11	1.0
OG_10259	11	14	16	1.0
OG_10260	12	12	18	1.0
OG_10261	12	21	26	1.0
OG_10262	11	12	13	1.0
OG_10263	11	11	12	1.0
OG_10264	12	12	14	1.0
OG_10265	11	11	11	1.0
OG_10266	12	14	17	1.0
OG_10267	12	12	13	1.0
OG_10268	11	11	19	1.0
OG_10269	12	13	14	1.0
OG_10270	12	12	12	1.0
OG_10271	7	7	17	1.0
OG_10272	2	2	2	1.0
OG_10273	10	10	12	1.0
OG_10274	10	10	10	1.0
OG_10275	11	11	12	1.0
OG_10276	10	10	10	1.0
OG_10277	11	11	13	1.0
OG_10278	12	12	20	1.0
OG_10279	12	13	13	1.0
OG_10280	9	11	11	0.8909
OG_10281	11	11	11	1.0
OG_10282	12	12	13	1.0
OG_10283	12	15	16	1.0
OG_10284	11	12	12	1.0
OG_10285	11	11	13	1.0
OG_10286	11	11	13	1.0
OG_10287	12	12	15	1.0
OG_10288	10	10	11	1.0
OG_10289	11	11	11	1.0
OG_10290	10	10	11	1.0
OG_10291	12	12	14	1.0
OG_10292	3	5	6	1.0
OG_10293	10	11	11	1.0
OG_10294	8	8	8	1.0
OG_10295	10	10	10	1.0
OG_10296	10	22	31	0.8485
OG_10297	2	2	3	1.0
OG_10298	10	10	11	1.0
OG_10299	9	9	10	1.0
OG_10300	10	10	10	1.0
OG_10301	11	11	11	1.0
OG_10302	12	12	12	1.0
OG_10303	10	10	10	1.0
OG_10304	11	11	11	1.0
OG_10305	11	12	12	1.0
OG_10306	11	13	13	1.0
OG_10307	10	12	22	1.0
OG_10308	3	3	3	1.0
OG_10309	12	12	12	1.0
OG_10310	12	12	13	1.0
OG_10311	11	11	14	1.0
OG_10312	11	14	18	1.0
OG_10313	3	11	16	0.9818
OG_10314	12	13	16	0.9744
OG_10315	3	3	4	1.0
OG_10316	12	13	14	1.0
OG_10317	10	10	11	1.0
OG_10318	2	2	6	1.0
OG_10319	8	24	25	1.0
OG_10320	12	12	13	1.0
OG_10321	10	19	23	0.9825
OG_10322	10	10	18	1.0
OG_10323	6	6	7	1.0
OG_10324	10	11	12	1.0
OG_10325	8	8	8	1.0
OG_10326	9	9	9	1.0
OG_10327	2	2	2	1.0
OG_10328	5	5	5	1.0
OG_10329	6	6	6	1.0
OG_10330	2	2	2	1.0
OG_10331	10	10	11	1.0
OG_10332	11	12	13	1.0
OG_10333	10	10	10	1.0
OG_10334	7	7	7	1.0
OG_10335	9	11	11	1.0
OG_10336	8	8	10	1.0
OG_10337	10	10	12	1.0
OG_10338	9	9	9	1.0
OG_10339	9	13	14	0.8974
OG_10340	2	2	3	1.0
OG_10341	2	2	3	1.0
OG_10342	2	2	3	1.0
OG_10343	2	2	3	1.0
OG_10344	2	2	6	1.0
OG_10345	2	2	4	1.0
OG_10346	2	2	3	1.0
OG_10347	2	2	5	1.0
OG_10348	2	2	4	1.0
OG_10349	2	2	3	1.0
OG_10350	2	2	3	1.0
OG_10351	2	2	3	1.0
OG_10352	2	2	4	1.0
OG_10353	2	2	3	1.0
OG_10354	2	2	5	1.0
OG_10355	2	2	3	1.0
OG_10356	2	2	3	1.0
OG_10357	2	2	4	1.0
OG_10358	2	2	4	1.0
OG_10359	2	2	3	1.0
OG_10360	2	2	4	1.0
OG_10361	2	2	3	1.0
OG_10362	2	2	3	1.0
OG_10363	2	2	5	1.0
OG_10364	2	2	4	1.0
OG_10365	2	2	6	1.0
OG_10366	2	2	4	1.0
OG_10367	2	2	5	1.0
OG_10368	2	2	3	1.0
OG_10369	2	2	3	1.0
OG_10370	2	2	3	1.0
OG_10371	2	2	3	1.0
OG_10372	2	2	3	1.0
OG_10373	2	2	5	1.0
OG_10374	10	10	12	0.8444
OG_10375	2	2	6	1.0
OG_10376	2	2	3	1.0
OG_10377	2	2	3	1.0
OG_10378	2	2	6	1.0
OG_10379	11	11	13	1.0
OG_10380	2	2	3	1.0
OG_10381	2	3	5	0.6667
OG_10382	5	5	7	1.0
OG_10383	10	11	19	0.8545
OG_10384	6	9	11	1.0
OG_10385	7	7	9	1.0
OG_10386	10	15	15	0.7143
OG_10387	10	10	11	1.0
OG_10388	12	34	40	0.5829
OG_10389	2	2	4	1.0
OG_10390	2	2	5	1.0
OG_10391	2	2	6	1.0
OG_10392	2	2	3	1.0
OG_10393	2	2	4	1.0
OG_10394	2	2	5	1.0
OG_10395	2	2	5	1.0
OG_10396	2	2	3	1.0
OG_10397	2	2	6	1.0
OG_10398	2	2	3	1.0
OG_10399	2	2	5	1.0
OG_10400	2	2	4	1.0
OG_10401	2	2	4	1.0
OG_10402	2	2	3	1.0
OG_10403	2	2	4	1.0
OG_10404	11	11	31	1.0
OG_10405	11	11	14	0.7091
OG_10406	2	2	3	1.0
OG_10407	2	2	3	1.0
OG_10408	2	2	5	1.0
OG_10409	2	2	3	1.0
OG_10410	3	3	4	1.0
OG_10411	2	2	4	1.0
OG_10412	2	2	8	1.0
OG_10413	2	2	3	1.0
OG_10414	2	2	4	1.0
OG_10415	2	2	7	1.0
OG_10416	2	2	6	1.0
OG_10417	2	2	2	1.0
OG_10418	2	2	2	1.0
OG_10419	2	2	3	1.0
OG_10420	2	2	2	1.0
OG_10421	11	11	12	1.0
OG_10422	2	3	3	0.6667
OG_10423	2	2	2	1.0
OG_10424	2	2	2	1.0
OG_10425	7	9	9	1.0
OG_10426	11	13	13	1.0
OG_10427	2	2	3	1.0
OG_10428	2	2	2	1.0
OG_10429	2	2	2	1.0
OG_10430	2	2	2	1.0
OG_10431	2	2	2	1.0
OG_10432	12	13	14	1.0
OG_10433	11	20	20	0.8158
OG_10434	2	2	2	1.0
OG_10435	7	7	7	0.8095
OG_10436	5	5	5	1.0
OG_10437	2	2	2	1.0
OG_10438	2	2	2	1.0
OG_10439	2	2	2	1.0
OG_10440	2	2	2	1.0
OG_10441	2	2	2	1.0
OG_10442	2	2	2	1.0
OG_10443	2	2	2	1.0
OG_10444	2	3	3	0.6667
OG_10445	2	2	2	1.0
OG_10446	2	2	2	1.0
OG_10447	2	2	2	1.0
OG_10448	2	2	2	1.0
OG_10449	2	2	3	1.0
OG_10450	2	2	2	1.0
OG_10451	2	2	2	1.0
OG_10452	9	9	9	1.0
OG_10453	2	2	2	1.0
OG_10454	2	2	2	1.0
OG_10455	2	2	3	1.0
OG_10456	2	2	2	1.0
OG_10457	2	2	2	1.0
OG_10458	2	2	2	1.0
OG_10459	2	2	3	1.0
OG_10460	2	2	2	1.0
OG_10461	2	2	2	1.0
OG_10462	2	2	2	1.0
OG_10463	2	2	2	1.0
OG_10464	5	5	6	1.0
OG_10465	2	2	2	1.0
OG_10466	2	2	2	1.0
OG_10467	2	2	2	1.0
OG_10468	2	2	3	1.0
OG_10469	2	2	2	1.0
OG_10470	2	2	4	1.0
OG_10471	2	2	2	1.0
OG_10472	2	2	2	1.0
OG_10473	2	2	2	1.0
OG_10474	2	2	2	1.0
OG_10475	2	2	2	1.0
OG_10476	2	2	2	1.0
OG_10477	2	3	3	0.6667
OG_10478	11	13	16	1.0
OG_10479	2	2	2	1.0
OG_10480	2	2	2	1.0
OG_10481	2	2	2	1.0
OG_10482	2	2	2	1.0
OG_10483	2	2	2	1.0
OG_10484	2	2	2	1.0
OG_10485	2	2	2	1.0
OG_10486	2	2	2	1.0
OG_10487	2	2	2	1.0
OG_10488	11	11	12	1.0
OG_10489	2	2	2	1.0
OG_10490	2	2	2	1.0
OG_10491	2	2	3	1.0
OG_10492	2	2	2	1.0
OG_10493	2	2	2	1.0
OG_10494	2	2	2	1.0
OG_10495	11	11	11	1.0
OG_10496	2	2	2	1.0
OG_10497	2	3	3	0.6667
OG_10498	2	2	2	1.0
OG_10499	2	2	2	1.0
OG_10500	2	2	2	1.0
OG_10501	2	2	3	1.0
OG_10502	2	2	2	1.0
OG_10503	2	2	2	1.0
OG_10504	2	2	2	1.0
OG_10505	2	2	3	1.0
OG_10506	2	2	2	1.0
OG_10507	2	2	2	1.0
OG_10508	2	2	2	1.0
OG_10509	2	2	2	1.0
OG_10510	2	2	2	1.0
OG_10511	2	2	2	1.0
OG_10512	2	2	2	1.0
OG_10513	2	2	2	1.0
OG_10514	2	2	2	1.0
OG_10515	2	2	2	1.0
OG_10516	10	14	14	1.0
OG_10517	2	2	2	1.0
OG_10518	2	2	2	1.0
OG_10519	2	2	2	1.0
OG_10520	2	2	2	1.0
OG_10521	2	2	2	1.0
OG_10522	2	2	2	1.0
OG_10523	2	2	2	1.0
OG_10524	2	2	2	1.0
OG_10525	2	2	2	1.0
OG_10526	2	2	2	1.0
OG_10527	2	2	2	1.0
OG_10528	2	2	2	1.0
OG_10529	2	2	2	1.0
OG_10530	2	2	3	1.0
OG_10531	2	2	2	1.0
OG_10532	2	2	2	1.0
OG_10533	2	2	2	1.0
OG_10534	2	2	2	1.0
OG_10535	2	2	2	1.0
OG_10536	2	2	2	1.0
OG_10537	2	2	2	1.0
OG_10538	2	2	2	1.0
OG_10539	2	2	2	1.0
OG_10540	2	2	2	1.0
OG_10541	2	2	3	1.0
OG_10542	2	2	2	1.0
OG_10543	2	2	2	1.0
OG_10544	9	13	14	0.859
OG_10545	2	2	2	1.0
OG_10546	2	2	2	1.0
OG_10547	2	2	2	1.0
OG_10548	2	2	2	1.0
OG_10549	2	2	2	1.0
OG_10550	2	2	3	1.0
OG_10551	2	2	2	1.0
OG_10552	2	2	2	1.0
OG_10553	2	2	2	1.0
OG_10554	2	2	2	1.0
OG_10555	2	2	2	1.0
OG_10556	2	2	2	1.0
OG_10557	11	12	12	0.8939
OG_10558	2	2	3	1.0
OG_10559	2	2	2	1.0
OG_10560	2	2	2	1.0
OG_10561	2	2	2	1.0
OG_10562	2	2	2	1.0
OG_10563	9	9	12	0.7778
OG_10564	2	2	2	1.0
OG_10565	2	2	2	1.0
OG_10566	2	2	2	1.0
OG_10567	2	2	2	1.0
OG_10568	2	2	2	1.0
OG_10569	2	2	2	1.0
OG_10570	2	2	2	1.0
OG_10571	2	2	2	1.0
OG_10572	2	2	2	1.0
OG_10573	2	2	4	1.0
OG_10574	3	3	4	1.0
OG_10575	8	9	10	1.0
OG_10576	2	2	2	1.0
OG_10577	8	11	13	1.0
OG_10578	10	10	10	1.0
OG_10579	10	11	13	0.9818
OG_10580	8	11	15	0.9455
OG_10581	11	14	15	0.7473
OG_10582	2	8	13	0.6071
OG_10583	2	8	10	0.5357
OG_10584	2	12	23	0.7273
OG_10585	11	25	30	0.8367
OG_10586	2	4	8	0.8333
OG_10587	2	8	14	0.5
OG_10588	3	3	7	1.0
OG_10589	8	8	9	1.0
OG_10590	2	2	2	1.0
OG_10591	9	10	11	1.0
OG_10592	9	9	10	1.0
OG_10593	10	10	10	1.0
OG_10594	2	3	3	0.6667
OG_10595	2	4	7	1.0
OG_10596	12	14	15	0.9121
OG_10597	2	4	5	1.0
OG_10598	9	10	10	1.0
OG_10599	10	10	16	0.9556
OG_10600	2	9	11	0.75
OG_10601	2	8	13	0.7857
OG_10602	7	7	7	1.0
OG_10603	7	7	9	1.0
OG_10604	12	12	23	1.0
OG_10605	12	14	25	1.0
OG_10606	12	13	28	1.0
OG_10607	12	13	17	1.0
OG_10608	12	13	16	1.0
OG_10609	12	13	24	1.0
OG_10610	12	14	21	1.0
OG_10611	11	12	22	1.0
OG_10612	12	18	24	1.0
OG_10613	12	14	17	1.0
OG_10614	12	23	33	0.8419
OG_10615	12	12	15	1.0
OG_10616	12	14	18	1.0
OG_10617	12	16	21	0.8917
OG_10618	12	13	18	1.0
OG_10619	12	12	14	1.0
OG_10620	12	12	15	1.0
OG_10621	11	14	18	1.0
OG_10622	12	13	17	1.0
OG_10623	12	19	41	0.7193
OG_10624	10	17	21	1.0
OG_10625	12	14	21	0.978
OG_10626	11	14	16	1.0
OG_10627	12	13	15	1.0
OG_10628	12	14	21	1.0
OG_10629	2	2	2	1.0
OG_10630	2	2	4	1.0
OG_10631	12	15	31	0.7714
OG_10632	12	12	15	1.0
OG_10633	12	13	16	0.9744
OG_10634	12	18	23	0.8366
OG_10635	12	12	14	1.0
OG_10636	12	13	16	0.859
OG_10637	12	13	16	1.0
OG_10638	12	14	17	1.0
OG_10639	12	14	17	0.7473
OG_10640	11	11	14	1.0
OG_10641	12	14	19	1.0
OG_10642	12	12	14	1.0
OG_10643	9	9	10	1.0
OG_10644	3	3	3	0.6667
OG_10645	12	12	16	1.0
OG_10646	2	2	2	1.0
OG_10647	12	14	19	1.0
OG_10648	12	14	15	1.0
OG_10649	12	13	15	1.0
OG_10650	12	13	15	1.0
OG_10651	12	12	13	1.0
OG_10652	2	2	2	1.0
OG_10653	12	12	15	1.0
OG_10654	2	2	3	1.0
OG_10655	12	12	15	1.0
OG_10656	10	11	18	1.0
OG_10657	12	14	15	1.0
OG_10658	12	12	16	1.0
OG_10659	12	13	13	1.0
OG_10660	12	13	13	1.0
OG_10661	12	14	17	0.8462
OG_10662	12	17	19	1.0
OG_10663	12	12	15	1.0
OG_10664	12	16	19	1.0
OG_10665	12	12	12	1.0
OG_10666	12	12	12	1.0
OG_10667	12	16	20	1.0
OG_10668	12	14	17	1.0
OG_10669	12	14	14	1.0
OG_10670	12	13	13	1.0
OG_10671	12	14	16	1.0
OG_10672	12	14	25	1.0
OG_10673	12	14	15	1.0
OG_10674	12	14	14	0.8791
OG_10675	12	13	13	1.0
OG_10676	10	12	12	1.0
OG_10677	12	13	14	1.0
OG_10678	12	15	22	1.0
OG_10679	12	13	16	1.0
OG_10680	12	15	17	1.0
OG_10681	12	13	13	1.0
OG_10682	12	15	21	0.8762
OG_10683	11	13	14	1.0
OG_10684	12	14	17	1.0
OG_10685	12	14	17	1.0
OG_10686	12	14	14	1.0
OG_10687	10	14	18	0.9451
OG_10688	12	13	15	1.0
OG_10689	11	12	14	1.0
OG_10690	12	13	17	1.0
OG_10691	12	14	24	1.0
OG_10692	12	12	12	1.0
OG_10693	12	13	15	1.0
OG_10694	12	16	22	0.7833
OG_10695	12	19	20	1.0
OG_10696	9	10	10	1.0
OG_10697	12	16	20	1.0
OG_10698	8	8	9	1.0
OG_10699	12	13	20	1.0
OG_10700	12	12	13	1.0
OG_10701	2	2	2	1.0
OG_10702	12	12	13	1.0
OG_10703	2	2	2	1.0
OG_10704	12	12	21	1.0
OG_10705	5	7	8	1.0
OG_10706	12	13	13	1.0
OG_10707	12	13	14	1.0
OG_10708	11	14	17	1.0
OG_10709	6	6	6	1.0
OG_10710	12	12	12	1.0
OG_10711	12	13	14	1.0
OG_10712	12	13	15	1.0
OG_10713	11	11	12	1.0
OG_10714	12	14	17	1.0
OG_10715	12	14	24	1.0
OG_10716	12	12	14	1.0
OG_10717	12	14	23	1.0
OG_10718	10	10	12	1.0
OG_10719	12	14	17	1.0
OG_10720	12	12	15	1.0
OG_10721	12	14	16	1.0
OG_10722	12	13	15	1.0
OG_10723	12	12	27	1.0
OG_10724	12	12	17	1.0
OG_10725	12	13	13	1.0
OG_10726	12	13	16	1.0
OG_10727	12	14	14	1.0
OG_10728	12	12	12	1.0
OG_10729	12	19	20	0.8655
OG_10730	12	12	13	1.0
OG_10731	2	2	3	1.0
OG_10732	12	13	15	1.0
OG_10733	12	16	17	1.0
OG_10734	12	13	13	1.0
OG_10735	12	12	15	1.0
OG_10736	2	2	2	1.0
OG_10737	12	13	15	1.0
OG_10738	12	15	20	0.9905
OG_10739	12	13	17	1.0
OG_10740	12	12	12	1.0
OG_10741	12	12	14	1.0
OG_10742	12	13	13	1.0
OG_10743	12	12	15	1.0
OG_10744	12	14	17	1.0
OG_10745	11	12	13	1.0
OG_10746	11	12	12	1.0
OG_10747	11	14	18	0.8901
OG_10748	12	15	17	1.0
OG_10749	11	12	13	1.0
OG_10750	12	16	20	1.0
OG_10751	12	14	17	0.967
OG_10752	12	14	14	1.0
OG_10753	12	13	14	1.0
OG_10754	12	12	18	1.0
OG_10755	2	2	5	1.0
OG_10756	12	12	15	1.0
OG_10757	12	15	21	1.0
OG_10758	12	15	16	0.9905
OG_10759	11	12	14	1.0
OG_10760	11	11	11	1.0
OG_10761	12	13	13	1.0
OG_10762	8	12	19	0.803
OG_10763	7	9	9	1.0
OG_10764	12	16	16	0.5417
OG_10765	2	2	2	1.0
OG_10766	12	14	20	1.0
OG_10767	12	13	14	1.0
OG_10768	12	12	12	1.0
OG_10769	12	12	13	1.0
OG_10770	2	2	2	1.0
OG_10771	11	11	14	1.0
OG_10772	11	11	11	1.0
OG_10773	7	9	9	0.9444
OG_10774	12	13	13	1.0
OG_10775	12	13	15	1.0
OG_10776	12	13	13	1.0
OG_10777	5	6	6	1.0
OG_10778	12	14	15	1.0
OG_10779	12	16	19	1.0
OG_10780	11	13	15	1.0
OG_10781	11	27	28	0.812
OG_10782	12	18	23	0.9673
OG_10783	11	12	12	0.9848
OG_10784	11	12	19	1.0
OG_10785	12	14	19	0.9121
OG_10786	12	13	17	0.9615
OG_10787	12	12	13	1.0
OG_10788	12	12	19	1.0
OG_10789	12	13	15	0.9872
OG_10790	12	12	12	1.0
OG_10791	12	15	15	1.0
OG_10792	11	11	11	1.0
OG_10793	12	13	16	1.0
OG_10794	11	11	12	1.0
OG_10795	10	10	10	1.0
OG_10796	12	13	14	1.0
OG_10797	11	13	14	1.0
OG_10798	11	12	15	1.0
OG_10799	2	2	2	1.0
OG_10800	10	10	10	1.0
OG_10801	12	15	18	1.0
OG_10802	12	15	16	1.0
OG_10803	12	14	18	1.0
OG_10804	12	13	15	1.0
OG_10805	12	12	13	1.0
OG_10806	12	15	16	1.0
OG_10807	12	13	18	1.0
OG_10808	3	3	3	1.0
OG_10809	12	12	13	1.0
OG_10810	12	13	15	1.0
OG_10811	12	13	13	1.0
OG_10812	12	14	20	0.967
OG_10813	12	12	15	1.0
OG_10814	12	21	23	0.5762
OG_10815	11	12	16	1.0
OG_10816	12	13	15	1.0
OG_10817	12	13	13	1.0
OG_10818	12	13	14	1.0
OG_10819	12	13	13	1.0
OG_10820	11	12	13	1.0
OG_10821	12	14	16	1.0
OG_10822	10	19	21	1.0
OG_10823	12	14	15	1.0
OG_10824	10	10	10	1.0
OG_10825	12	12	12	1.0
OG_10826	12	16	19	1.0
OG_10827	12	14	14	1.0
OG_10828	12	12	12	1.0
OG_10829	12	15	19	1.0
OG_10830	12	12	16	1.0
OG_10831	12	13	17	1.0
OG_10832	12	12	16	1.0
OG_10833	12	13	14	1.0
OG_10834	12	13	17	1.0
OG_10835	12	12	12	1.0
OG_10836	12	14	17	1.0
OG_10837	12	12	17	1.0
OG_10838	12	14	35	0.8901
OG_10839	12	14	18	0.989
OG_10840	12	13	17	1.0
OG_10841	12	16	17	1.0
OG_10842	11	11	19	1.0
OG_10843	3	3	3	1.0
OG_10844	9	11	14	1.0
OG_10845	12	12	13	1.0
OG_10846	12	16	21	1.0
OG_10847	12	15	22	1.0
OG_10848	12	13	14	0.9744
OG_10849	2	2	2	1.0
OG_10850	12	14	25	1.0
OG_10851	12	14	15	1.0
OG_10852	12	14	15	1.0
OG_10853	12	14	15	1.0
OG_10854	10	10	10	1.0
OG_10855	12	13	18	1.0
OG_10856	12	12	14	1.0
OG_10857	12	13	16	0.5385
OG_10858	12	15	16	1.0
OG_10859	12	13	14	1.0
OG_10860	11	16	21	0.725
OG_10861	12	13	16	1.0
OG_10862	12	14	16	1.0
OG_10863	12	13	13	1.0
OG_10864	12	14	18	1.0
OG_10865	12	15	18	1.0
OG_10866	12	13	14	1.0
OG_10867	12	12	14	1.0
OG_10868	12	12	14	0.8182
OG_10869	12	12	14	1.0
OG_10870	7	7	7	1.0
OG_10871	12	14	18	1.0
OG_10872	12	12	13	1.0
OG_10873	12	14	18	1.0
OG_10874	12	14	23	1.0
OG_10875	12	17	17	1.0
OG_10876	12	12	14	1.0
OG_10877	12	19	23	1.0
OG_10878	12	14	14	1.0
OG_10879	12	12	14	1.0
OG_10880	11	12	12	1.0
OG_10881	12	14	15	1.0
OG_10882	12	13	14	1.0
OG_10883	8	8	10	1.0
OG_10884	12	17	19	1.0
OG_10885	7	7	7	1.0
OG_10886	3	3	3	1.0
OG_10887	11	11	14	1.0
OG_10888	12	17	21	1.0
OG_10889	12	13	14	1.0
OG_10890	9	9	10	1.0
OG_10891	11	11	11	1.0
OG_10892	12	13	15	1.0
OG_10893	11	11	12	1.0
OG_10894	6	7	9	1.0
OG_10895	12	16	19	0.9917
OG_10896	11	12	15	1.0
OG_10897	12	20	26	0.9632
OG_10898	2	2	2	1.0
OG_10899	12	14	28	0.7473
OG_10900	11	11	12	1.0
OG_10901	12	13	17	1.0
OG_10902	12	12	14	1.0
OG_10903	12	15	16	1.0
OG_10904	12	17	22	1.0
OG_10905	12	13	13	1.0
OG_10906	12	13	16	1.0
OG_10907	12	16	22	0.6917
OG_10908	12	14	17	1.0
OG_10909	12	13	13	1.0
OG_10910	9	11	11	1.0
OG_10911	12	14	16	1.0
OG_10912	12	12	18	1.0
OG_10913	11	12	16	1.0
OG_10914	12	17	19	1.0
OG_10915	5	9	13	0.9444
OG_10916	12	12	13	1.0
OG_10917	12	16	19	1.0
OG_10918	11	12	13	1.0
OG_10919	12	12	14	1.0
OG_10920	11	11	14	1.0
OG_10921	2	2	2	1.0
OG_10922	12	14	29	1.0
OG_10923	12	13	14	1.0
OG_10924	5	5	5	1.0
OG_10925	11	12	12	1.0
OG_10926	12	16	17	0.9917
OG_10927	12	23	29	0.6996
OG_10928	12	14	16	1.0
OG_10929	12	13	17	1.0
OG_10930	12	13	14	1.0
OG_10931	12	16	17	0.7833
OG_10932	12	17	18	1.0
OG_10933	10	11	17	1.0
OG_10934	10	22	24	0.8182
OG_10935	6	8	8	1.0
OG_10936	12	12	12	1.0
OG_10937	12	13	14	1.0
OG_10938	12	13	15	1.0
OG_10939	12	13	15	1.0
OG_10940	12	15	20	1.0
OG_10941	12	13	20	1.0
OG_10942	12	15	17	0.9714
OG_10943	12	15	21	0.9524
OG_10944	8	8	8	1.0
OG_10945	12	14	19	1.0
OG_10946	12	12	12	1.0
OG_10947	12	12	12	1.0
OG_10948	12	12	12	1.0
OG_10949	11	13	19	1.0
OG_10950	12	15	17	0.9429
OG_10951	12	14	14	1.0
OG_10952	12	13	13	0.9615
OG_10953	2	2	2	1.0
OG_10954	12	13	17	1.0
OG_10955	12	14	14	1.0
OG_10956	11	14	18	0.8681
OG_10957	11	12	13	1.0
OG_10958	11	12	19	0.8788
OG_10959	12	12	30	1.0
OG_10960	12	12	27	1.0
OG_10961	12	13	15	1.0
OG_10962	12	12	13	1.0
OG_10963	9	9	14	1.0
OG_10964	12	14	21	1.0
OG_10965	11	11	17	1.0
OG_10966	12	13	24	1.0
OG_10967	5	5	5	0.7
OG_10968	2	2	2	1.0
OG_10969	11	13	18	1.0
OG_10970	11	11	13	1.0
OG_10971	12	14	15	1.0
OG_10972	11	13	13	1.0
OG_10973	11	12	18	1.0
OG_10974	11	13	19	1.0
OG_10975	11	12	15	1.0
OG_10976	11	13	14	0.9231
OG_10977	12	14	14	0.956
OG_10978	11	11	11	1.0
OG_10979	11	14	18	1.0
OG_10980	11	12	13	1.0
OG_10981	8	10	10	1.0
OG_10982	4	18	18	0.7908
OG_10983	8	8	8	1.0
OG_10984	6	31	32	0.757
OG_10985	9	9	10	1.0
OG_10986	11	13	13	1.0
OG_10987	12	15	19	1.0
OG_10988	7	7	7	1.0
OG_10989	2	2	7	1.0
OG_10990	12	12	20	1.0
OG_10991	3	9	11	1.0
OG_10992	12	12	14	1.0
OG_10993	12	16	19	1.0
OG_10994	11	11	12	0.8727
OG_10995	2	2	4	1.0
OG_10996	2	2	6	1.0
OG_10997	12	15	16	0.7524
OG_10998	12	27	31	0.7493
OG_10999	2	2	6	1.0
OG_11000	10	10	12	1.0
OG_11001	12	13	13	1.0
OG_11002	3	3	3	1.0
OG_11003	12	16	18	1.0
OG_11004	12	16	27	1.0
OG_11005	2	2	3	1.0
OG_11006	4	4	4	1.0
OG_11007	11	75	96	0.8382
OG_11008	12	23	38	0.996
OG_11009	10	11	14	1.0
OG_11010	4	4	4	1.0
OG_11011	12	81	107	0.9543
OG_11012	8	8	8	1.0
OG_11013	6	10	10	0.9333
OG_11014	12	13	19	0.9744
OG_11015	12	14	19	0.7582
OG_11016	9	11	11	1.0
OG_11017	2	2	5	1.0
OG_11018	10	10	14	1.0
OG_11019	2	6	7	0.6667
OG_11020	2	2	2	1.0
OG_11021	12	14	19	1.0
OG_11022	12	14	21	0.8791
OG_11023	2	2	2	1.0
OG_11024	2	2	2	1.0
OG_11025	12	15	18	0.7714
OG_11026	12	14	15	0.8901
OG_11027	12	12	17	1.0
OG_11028	2	2	2	1.0
OG_11029	2	2	3	1.0
OG_11030	2	3	4	0.6667
OG_11031	2	2	2	1.0
OG_11032	2	2	2	1.0
OG_11033	2	2	2	1.0
OG_11034	11	12	12	1.0
OG_11035	2	2	2	1.0
OG_11036	12	12	15	1.0
OG_11037	2	3	3	0.6667
OG_11038	11	12	12	0.9545
OG_11039	12	20	21	1.0
OG_11040	12	12	12	1.0
OG_11041	2	2	6	1.0
OG_11042	9	11	11	1.0
OG_11043	12	12	16	1.0
OG_11044	12	14	16	0.7582
OG_11045	2	2	2	1.0
OG_11046	11	15	20	1.0
OG_11047	12	14	17	1.0
OG_11048	2	2	2	1.0
OG_11049	2	2	2	1.0
OG_11050	2	3	4	0.6667
OG_11051	2	4	4	0.8333
OG_11052	2	2	2	1.0
OG_11053	5	5	5	1.0
OG_11054	10	10	11	1.0
OG_11055	2	2	2	1.0
OG_11056	12	14	15	1.0
OG_11057	2	2	2	1.0
OG_11058	9	17	25	0.9191
OG_11059	9	12	12	1.0
OG_11060	11	45	53	0.8404
OG_11061	10	11	15	1.0
OG_11062	2	7	7	1.0
OG_11063	12	45	48	0.8485
OG_11064	12	12	26	1.0
OG_11065	11	13	14	1.0
OG_11066	12	15	16	0.7714
OG_11067	2	3	6	1.0
OG_11068	2	2	2	1.0
OG_11069	12	14	24	1.0
OG_11070	2	5	5	1.0
OG_11071	12	14	16	0.8791
OG_11072	12	13	14	1.0
OG_11073	2	3	4	1.0
OG_11074	12	23	26	1.0
OG_11075	2	3	3	1.0
OG_11076	12	14	15	1.0
OG_11077	12	12	12	1.0
OG_11078	12	12	13	1.0
OG_11079	8	8	10	1.0
OG_11080	2	3	3	0.6667
OG_11081	10	11	13	1.0
OG_11082	12	13	14	1.0
OG_11083	11	14	25	0.978
OG_11084	12	16	25	1.0
OG_11085	12	15	17	0.8286
OG_11086	2	3	3	0.6667
OG_11087	2	2	2	1.0
OG_11088	2	2	2	1.0
OG_11089	11	14	16	1.0
OG_11090	2	2	2	1.0
OG_11091	11	11	12	1.0
OG_11092	12	12	15	1.0
OG_11093	10	11	11	1.0
OG_11094	12	15	16	1.0
OG_11095	2	2	2	1.0
OG_11096	11	12	13	0.9545
OG_11097	2	2	2	1.0
OG_11098	2	3	3	1.0
OG_11099	12	13	13	0.859
OG_11100	9	9	10	1.0
OG_11101	2	2	2	1.0
OG_11102	12	16	16	1.0
OG_11103	2	2	2	1.0
OG_11104	2	2	10	1.0
OG_11105	12	13	14	1.0
OG_11106	7	7	8	1.0
OG_11107	5	5	6	1.0
OG_11108	9	9	11	0.8333
OG_11109	11	11	13	1.0
OG_11110	10	11	12	1.0
OG_11111	6	6	7	1.0
OG_11112	5	5	9	1.0
OG_11113	6	6	9	1.0
OG_11114	9	9	11	1.0
OG_11115	6	6	12	1.0
OG_11116	8	8	9	1.0
OG_11117	8	8	16	1.0
OG_11118	6	6	7	0.8
OG_11119	10	10	12	0.8889
OG_11120	6	6	11	1.0
OG_11121	9	9	13	1.0
OG_11122	12	14	21	1.0
OG_11123	8	16	19	0.6083
OG_11124	9	9	12	1.0
OG_11125	9	9	11	1.0
OG_11126	5	5	6	1.0
OG_11127	9	9	16	1.0
OG_11128	8	8	18	1.0
OG_11129	4	4	5	1.0
OG_11130	7	7	14	1.0
OG_11131	9	10	14	1.0
OG_11132	7	7	8	1.0
OG_11133	6	6	7	1.0
OG_11134	7	7	10	1.0
OG_11135	9	11	17	1.0
OG_11136	12	23	51	0.913
OG_11137	9	9	11	0.8333
OG_11138	9	9	10	1.0
OG_11139	8	8	16	1.0
OG_11140	6	6	9	1.0
OG_11141	9	9	13	1.0
OG_11142	8	8	19	1.0
OG_11143	5	5	9	1.0
OG_11144	7	7	9	0.8571
OG_11145	6	6	7	1.0
OG_11146	5	5	5	1.0
OG_11147	8	8	10	1.0
OG_11148	7	7	7	1.0
OG_11149	5	5	5	1.0
OG_11150	9	9	11	1.0
OG_11151	7	7	9	1.0
OG_11152	7	7	8	1.0
OG_11153	4	4	4	1.0
OG_11154	9	9	11	1.0
OG_11155	8	8	10	1.0
OG_11156	9	9	11	1.0
OG_11157	8	8	9	1.0
OG_11158	9	9	14	1.0
OG_11159	12	14	18	1.0
OG_11160	6	6	7	1.0
OG_11161	9	10	12	1.0
OG_11162	8	8	14	1.0
OG_11163	7	7	8	0.9524
OG_11164	10	15	17	1.0
OG_11165	9	9	11	1.0
OG_11166	8	8	11	0.8571
OG_11167	5	5	7	0.6
OG_11168	5	5	8	1.0
OG_11169	9	9	17	1.0
OG_11170	8	8	15	1.0
OG_11171	9	9	16	1.0
OG_11172	8	8	9	1.0
OG_11173	9	9	10	1.0
OG_11174	7	7	11	1.0
OG_11175	10	10	13	1.0
OG_11176	7	7	8	1.0
OG_11177	7	7	8	1.0
OG_11178	5	5	5	1.0
OG_11179	9	9	10	1.0
OG_11180	8	8	10	1.0
OG_11181	7	7	12	1.0
OG_11182	10	10	15	1.0
OG_11183	10	13	14	0.9744
OG_11184	10	10	10	1.0
OG_11185	7	7	8	1.0
OG_11186	7	7	10	1.0
OG_11187	7	9	10	0.9444
OG_11188	3	3	3	1.0
OG_11189	9	9	12	1.0
OG_11190	8	8	11	1.0
OG_11191	9	9	12	1.0
OG_11192	9	9	11	1.0
OG_11193	7	7	8	1.0
OG_11194	9	9	10	0.8333
OG_11195	9	9	11	1.0
OG_11196	9	9	11	1.0
OG_11197	11	11	17	1.0
OG_11198	6	6	7	1.0
OG_11199	9	9	12	1.0
OG_11200	8	8	12	1.0
OG_11201	7	7	8	1.0
OG_11202	6	7	8	1.0
OG_11203	7	7	8	1.0
OG_11204	12	12	17	1.0
OG_11205	6	6	8	1.0
OG_11206	9	9	10	1.0
OG_11207	5	5	6	1.0
OG_11208	9	9	13	1.0
OG_11209	8	8	8	1.0
OG_11210	9	9	9	1.0
OG_11211	11	17	19	0.9779
OG_11212	6	6	6	1.0
OG_11213	9	11	13	1.0
OG_11214	12	13	14	1.0
OG_11215	8	8	8	1.0
OG_11216	12	13	14	1.0
OG_11217	9	9	10	1.0
OG_11218	12	14	15	0.8242
OG_11219	9	9	9	1.0
OG_11220	11	12	12	1.0
OG_11221	7	7	7	1.0
OG_11222	8	8	8	1.0
OG_11223	8	8	8	1.0
OG_11224	7	8	9	1.0
OG_11225	9	9	10	1.0
OG_11226	7	7	7	1.0
OG_11227	8	8	8	1.0
OG_11228	11	11	14	0.9818
OG_11229	8	8	8	1.0
OG_11230	9	9	9	1.0
OG_11231	12	12	13	1.0
OG_11232	7	7	7	1.0
OG_11233	10	13	14	1.0
OG_11234	12	12	16	0.8485
OG_11235	9	9	9	1.0
OG_11236	11	22	26	0.8355
OG_11237	11	11	13	1.0
OG_11238	12	16	17	0.8417
OG_11239	7	7	8	1.0
OG_11240	8	8	8	1.0
OG_11241	9	9	10	1.0
OG_11242	9	9	9	1.0
OG_11243	7	7	7	1.0
OG_11244	8	8	10	1.0
OG_11245	9	9	10	1.0
OG_11246	11	11	14	1.0
OG_11247	12	12	14	1.0
OG_11248	12	13	19	1.0
OG_11249	9	9	9	1.0
OG_11250	4	4	4	1.0
OG_11251	9	10	11	1.0
OG_11252	11	12	12	1.0
OG_11253	8	8	8	1.0
OG_11254	7	7	10	1.0
OG_11255	7	7	8	1.0
OG_11256	5	5	5	0.6
OG_11257	7	7	7	1.0
OG_11258	11	11	11	1.0
OG_11259	9	9	9	1.0
OG_11260	9	9	10	1.0
OG_11261	7	7	8	1.0
OG_11262	7	7	7	1.0
OG_11263	9	9	9	1.0
OG_11264	12	12	13	1.0
OG_11265	4	4	4	1.0
OG_11266	6	6	6	1.0
OG_11267	7	7	7	1.0
OG_11268	9	9	9	1.0
OG_11269	6	6	6	1.0
OG_11270	8	8	8	1.0
OG_11271	8	8	8	1.0
OG_11272	7	7	7	1.0
OG_11273	8	8	8	1.0
OG_11274	8	8	8	1.0
OG_11275	9	9	9	1.0
OG_11276	8	8	8	1.0
OG_11277	8	8	12	0.8571
OG_11278	8	8	8	1.0
OG_11279	9	9	13	1.0
OG_11280	2	2	2	1.0
OG_11281	9	9	10	1.0
OG_11282	7	7	7	1.0
OG_11283	7	7	7	1.0
OG_11284	5	5	5	1.0
OG_11285	7	7	7	1.0
OG_11286	7	7	7	1.0
OG_11287	12	12	12	1.0
OG_11288	7	7	7	1.0
OG_11289	11	11	13	1.0
OG_11290	6	6	6	1.0
OG_11291	9	10	12	1.0
OG_11292	7	7	7	1.0
OG_11293	7	8	8	1.0
OG_11294	9	9	24	0.8333
OG_11295	6	6	6	1.0
OG_11296	8	8	8	1.0
OG_11297	7	7	8	1.0
OG_11298	6	6	7	1.0
OG_11299	2	2	2	1.0
OG_11300	12	13	16	1.0
OG_11301	8	8	9	1.0
OG_11302	3	3	3	1.0
OG_11303	9	9	9	1.0
OG_11304	12	17	22	0.9706
OG_11305	9	9	9	1.0
OG_11306	9	9	12	1.0
OG_11307	7	7	7	1.0
OG_11308	6	6	6	1.0
OG_11309	9	9	9	1.0
OG_11310	10	10	11	1.0
OG_11311	9	9	9	0.8889
OG_11312	9	9	9	1.0
OG_11313	8	8	8	1.0
OG_11314	9	9	10	1.0
OG_11315	8	8	8	1.0
OG_11316	4	4	4	1.0
OG_11317	8	8	8	1.0
OG_11318	7	7	7	1.0
OG_11319	8	8	8	1.0
OG_11320	12	15	19	1.0
OG_11321	9	9	13	1.0
OG_11322	8	8	9	1.0
OG_11323	8	8	8	1.0
OG_11324	8	8	8	1.0
OG_11325	9	10	11	1.0
OG_11326	9	9	9	1.0
OG_11327	8	8	8	1.0
OG_11328	5	5	5	1.0
OG_11329	8	8	8	1.0
OG_11330	8	8	9	1.0
OG_11331	7	7	10	1.0
OG_11332	12	13	20	0.9872
OG_11333	9	9	9	1.0
OG_11334	7	7	7	1.0
OG_11335	9	9	9	1.0
OG_11336	9	9	10	1.0
OG_11337	4	4	4	1.0
OG_11338	9	9	9	1.0
OG_11339	12	13	13	1.0
OG_11340	9	9	9	1.0
OG_11341	7	7	7	1.0
OG_11342	11	11	12	1.0
OG_11343	6	6	6	1.0
OG_11344	6	6	6	1.0
OG_11345	7	7	7	1.0
OG_11346	10	26	32	1.0
OG_11347	7	7	10	1.0
OG_11348	7	7	8	1.0
OG_11349	7	7	7	1.0
OG_11350	9	9	11	1.0
OG_11351	9	9	10	1.0
OG_11352	7	7	7	1.0
OG_11353	12	12	15	1.0
OG_11354	7	7	7	1.0
OG_11355	9	9	10	1.0
OG_11356	6	6	6	1.0
OG_11357	12	18	20	0.7255
OG_11358	12	14	16	1.0
OG_11359	12	16	17	1.0
OG_11360	12	14	14	1.0
OG_11361	9	9	11	1.0
OG_11362	5	5	5	1.0
OG_11363	5	5	5	1.0
OG_11364	4	4	4	1.0
OG_11365	9	9	9	0.8611
OG_11366	6	6	6	1.0
OG_11367	4	4	4	1.0
OG_11368	7	7	7	1.0
OG_11369	7	8	9	1.0
OG_11370	6	6	6	1.0
OG_11371	7	9	9	0.6667
OG_11372	9	12	17	0.9697
OG_11373	9	9	9	1.0
OG_11374	9	9	11	1.0
OG_11375	6	6	6	1.0
OG_11376	8	8	8	1.0
OG_11377	9	9	9	1.0
OG_11378	8	8	8	1.0
OG_11379	8	8	8	1.0
OG_11380	7	8	8	1.0
OG_11381	9	9	9	1.0
OG_11382	8	8	12	1.0
OG_11383	7	7	8	1.0
OG_11384	9	9	9	1.0
OG_11385	7	7	7	1.0
OG_11386	8	8	8	1.0
OG_11387	9	9	9	1.0
OG_11388	7	7	8	1.0
OG_11389	8	8	8	1.0
OG_11390	8	8	8	1.0
OG_11391	8	8	8	0.6429
OG_11392	12	12	16	0.8485
OG_11393	7	7	7	1.0
OG_11394	7	7	8	1.0
OG_11395	9	9	9	1.0
OG_11396	8	9	9	0.8889
OG_11397	9	9	9	1.0
OG_11398	7	7	7	1.0
OG_11399	5	5	5	1.0
OG_11400	11	12	16	1.0
OG_11401	2	2	3	1.0
OG_11402	9	9	11	1.0
OG_11403	7	7	8	1.0
OG_11404	7	7	8	1.0
OG_11405	9	9	9	1.0
OG_11406	10	10	10	1.0
OG_11407	6	6	7	1.0
OG_11408	5	5	5	1.0
OG_11409	4	4	4	1.0
OG_11410	7	7	7	1.0
OG_11411	9	9	11	1.0
OG_11412	6	6	6	1.0
OG_11413	7	7	7	1.0
OG_11414	9	9	10	1.0
OG_11415	2	2	2	1.0
OG_11416	7	7	7	1.0
OG_11417	9	9	9	1.0
OG_11418	6	6	6	1.0
OG_11419	7	7	7	0.8095
OG_11420	9	13	16	0.9359
OG_11421	7	7	8	1.0
OG_11422	9	9	11	1.0
OG_11423	11	14	16	1.0
OG_11424	9	9	9	1.0
OG_11425	9	9	9	1.0
OG_11426	10	10	10	1.0
OG_11427	12	14	17	1.0
OG_11428	3	3	6	1.0
OG_11429	2	2	2	1.0
OG_11430	9	9	9	1.0
OG_11431	5	7	7	0.619
OG_11432	7	7	7	1.0
OG_11433	12	12	15	1.0
OG_11434	9	9	9	1.0
OG_11435	12	21	25	1.0
OG_11436	7	7	7	1.0
OG_11437	7	7	7	1.0
OG_11438	10	10	31	1.0
OG_11439	12	12	13	1.0
OG_11440	7	7	8	1.0
OG_11441	7	7	7	1.0
OG_11442	10	11	12	0.9273
OG_11443	7	7	7	1.0
OG_11444	8	8	8	1.0
OG_11445	8	8	10	1.0
OG_11446	11	11	11	1.0
OG_11447	8	8	8	1.0
OG_11448	9	9	10	1.0
OG_11449	7	7	7	1.0
OG_11450	7	7	8	1.0
OG_11451	3	3	3	1.0
OG_11452	9	9	9	1.0
OG_11453	9	9	10	1.0
OG_11454	6	6	6	1.0
OG_11455	9	9	9	1.0
OG_11456	9	9	9	1.0
OG_11457	11	14	17	1.0
OG_11458	7	29	34	0.7783
OG_11459	6	6	6	1.0
OG_11460	10	10	14	1.0
OG_11461	9	9	9	1.0
OG_11462	7	7	7	0.4286
OG_11463	9	9	19	1.0
OG_11464	7	7	7	1.0
OG_11465	7	7	8	1.0
OG_11466	7	7	7	1.0
OG_11467	8	10	15	1.0
OG_11468	9	9	9	1.0
OG_11469	7	7	7	1.0
OG_11470	6	6	6	1.0
OG_11471	12	13	16	1.0
OG_11472	7	7	7	1.0
OG_11473	5	5	6	1.0
OG_11474	6	6	6	1.0
OG_11475	6	6	6	1.0
OG_11476	9	9	9	1.0
OG_11477	12	12	13	1.0
OG_11478	7	7	7	1.0
OG_11479	7	7	7	1.0
OG_11480	7	7	10	1.0
OG_11481	6	6	6	1.0
OG_11482	9	9	10	1.0
OG_11483	10	11	12	1.0
OG_11484	9	9	11	1.0
OG_11485	6	6	6	1.0
OG_11486	4	4	5	1.0
OG_11487	8	8	8	1.0
OG_11488	12	22	25	0.9134
OG_11489	10	10	11	1.0
OG_11490	8	8	10	0.7857
OG_11491	7	7	7	1.0
OG_11492	8	8	9	1.0
OG_11493	6	6	6	1.0
OG_11494	12	14	15	1.0
OG_11495	12	13	18	1.0
OG_11496	8	8	8	1.0
OG_11497	8	8	9	1.0
OG_11498	6	7	8	1.0
OG_11499	9	12	14	0.8333
OG_11500	12	12	25	1.0
OG_11501	12	23	32	0.996
OG_11502	12	14	18	1.0
OG_11503	9	9	9	1.0
OG_11504	9	9	10	0.8611
OG_11505	7	8	9	0.9643
OG_11506	9	9	9	1.0
OG_11507	3	4	4	1.0
OG_11508	9	9	12	1.0
OG_11509	8	8	8	1.0
OG_11510	5	7	7	0.7619
OG_11511	12	15	16	1.0
OG_11512	8	8	8	1.0
OG_11513	7	7	8	1.0
OG_11514	6	6	8	1.0
OG_11515	7	7	7	1.0
OG_11516	11	13	20	1.0
OG_11517	5	5	5	1.0
OG_11518	9	9	9	1.0
OG_11519	7	7	7	1.0
OG_11520	7	10	10	0.9333
OG_11521	12	13	16	1.0
OG_11522	8	8	8	1.0
OG_11523	12	13	13	1.0
OG_11524	8	8	8	1.0
OG_11525	9	9	9	1.0
OG_11526	6	7	7	1.0
OG_11527	7	7	7	1.0
OG_11528	7	7	7	1.0
OG_11529	7	7	7	1.0
OG_11530	8	8	8	1.0
OG_11531	5	5	5	1.0
OG_11532	6	7	7	0.7143
OG_11533	9	11	16	1.0
OG_11534	7	7	7	1.0
OG_11535	8	8	8	1.0
OG_11536	9	9	9	1.0
OG_11537	7	7	7	1.0
OG_11538	9	9	9	1.0
OG_11539	7	7	7	1.0
OG_11540	8	8	8	1.0
OG_11541	12	13	13	1.0
OG_11542	5	5	5	1.0
OG_11543	9	9	9	1.0
OG_11544	10	10	10	1.0
OG_11545	9	9	10	1.0
OG_11546	7	7	7	1.0
OG_11547	9	9	9	1.0
OG_11548	11	12	13	1.0
OG_11549	9	9	9	1.0
OG_11550	12	15	15	1.0
OG_11551	5	5	5	1.0
OG_11552	9	9	10	1.0
OG_11553	6	6	7	1.0
OG_11554	8	8	8	1.0
OG_11555	8	8	10	1.0
OG_11556	8	8	10	1.0
OG_11557	5	5	5	1.0
OG_11558	7	7	7	1.0
OG_11559	11	11	11	1.0
OG_11560	9	9	11	1.0
OG_11561	8	8	8	1.0
OG_11562	7	7	7	1.0
OG_11563	9	9	10	1.0
OG_11564	5	5	5	1.0
OG_11565	7	7	7	1.0
OG_11566	6	6	7	1.0
OG_11567	8	8	8	1.0
OG_11568	7	7	7	1.0
OG_11569	12	15	17	1.0
OG_11570	9	9	9	1.0
OG_11571	7	7	7	1.0
OG_11572	9	9	12	1.0
OG_11573	2	3	5	1.0
OG_11574	10	10	11	1.0
OG_11575	8	8	8	1.0
OG_11576	8	8	8	1.0
OG_11577	12	12	33	1.0
OG_11578	12	14	16	1.0
OG_11579	9	9	9	1.0
OG_11580	10	10	12	1.0
OG_11581	3	3	3	1.0
OG_11582	7	7	8	1.0
OG_11583	12	12	18	1.0
OG_11584	8	8	8	1.0
OG_11585	9	9	9	1.0
OG_11586	8	8	8	1.0
OG_11587	7	7	7	1.0
OG_11588	7	7	7	1.0
OG_11589	7	7	7	1.0
OG_11590	9	9	10	1.0
OG_11591	12	12	14	1.0
OG_11592	12	14	15	1.0
OG_11593	12	13	15	1.0
OG_11594	2	2	2	1.0
OG_11595	9	9	9	1.0
OG_11596	11	12	12	1.0
OG_11597	8	8	9	1.0
OG_11598	8	8	8	1.0
OG_11599	8	8	8	1.0
OG_11600	12	12	12	1.0
OG_11601	8	8	8	1.0
OG_11602	8	8	8	1.0
OG_11603	9	9	9	1.0
OG_11604	12	14	20	1.0
OG_11605	5	5	7	1.0
OG_11606	9	9	10	1.0
OG_11607	8	8	8	1.0
OG_11608	5	5	5	1.0
OG_11609	7	7	7	1.0
OG_11610	7	7	7	1.0
OG_11611	12	13	17	1.0
OG_11612	5	5	5	1.0
OG_11613	7	7	7	1.0
OG_11614	8	8	8	1.0
OG_11615	9	9	9	1.0
OG_11616	7	7	7	1.0
OG_11617	9	9	9	1.0
OG_11618	8	8	9	1.0
OG_11619	6	6	6	1.0
OG_11620	9	9	9	1.0
OG_11621	6	6	6	1.0
OG_11622	9	9	9	1.0
OG_11623	9	9	9	1.0
OG_11624	11	13	14	1.0
OG_11625	9	9	9	1.0
OG_11626	9	9	9	1.0
OG_11627	7	7	8	1.0
OG_11628	7	7	8	1.0
OG_11629	2	2	2	1.0
OG_11630	4	4	4	1.0
OG_11631	9	9	10	1.0
OG_11632	7	7	8	1.0
OG_11633	3	3	5	0.6667
OG_11634	12	13	22	1.0
OG_11635	6	6	6	1.0
OG_11636	10	10	12	1.0
OG_11637	8	8	9	1.0
OG_11638	6	6	6	1.0
OG_11639	5	5	5	1.0
OG_11640	9	9	10	1.0
OG_11641	9	9	9	1.0
OG_11642	9	9	9	1.0
OG_11643	9	9	9	1.0
OG_11644	6	6	6	1.0
OG_11645	4	4	4	1.0
OG_11646	12	13	13	1.0
OG_11647	7	7	7	1.0
OG_11648	10	11	11	1.0
OG_11649	11	15	15	1.0
OG_11650	6	6	6	1.0
OG_11651	8	8	9	1.0
OG_11652	8	8	8	1.0
OG_11653	6	6	22	1.0
OG_11654	7	7	8	1.0
OG_11655	7	7	11	1.0
OG_11656	10	12	12	1.0
OG_11657	9	9	11	1.0
OG_11658	10	10	15	1.0
OG_11659	8	8	8	1.0
OG_11660	6	6	6	1.0
OG_11661	12	20	35	0.8211
OG_11662	9	9	10	1.0
OG_11663	8	8	9	1.0
OG_11664	8	8	8	1.0
OG_11665	6	6	6	1.0
OG_11666	8	8	8	1.0
OG_11667	6	6	6	1.0
OG_11668	6	6	6	1.0
OG_11669	5	5	5	1.0
OG_11670	7	7	9	1.0
OG_11671	10	10	12	1.0
OG_11672	9	12	16	1.0
OG_11673	2	2	4	1.0
OG_11674	6	6	7	1.0
OG_11675	10	10	12	1.0
OG_11676	7	7	7	1.0
OG_11677	3	3	3	1.0
OG_11678	8	8	8	1.0
OG_11679	2	2	9	1.0
OG_11680	2	2	4	1.0
OG_11681	2	2	2	1.0
OG_11682	3	3	5	1.0
OG_11683	4	4	8	0.6667
OG_11684	3	3	4	1.0
OG_11685	2	2	3	1.0
OG_11686	4	4	6	1.0
OG_11687	3	3	4	1.0
OG_11688	3	3	6	1.0
OG_11689	2	2	2	1.0
OG_11690	2	3	3	0.6667
OG_11691	2	2	2	1.0
OG_11692	5	5	5	1.0
OG_11693	4	4	4	0.8333
OG_11694	3	4	4	0.8333
OG_11695	6	6	6	0.6
OG_11696	3	3	3	1.0
OG_11697	2	2	2	1.0
OG_11698	2	2	2	1.0
OG_11699	2	3	3	0.6667
OG_11700	3	3	3	1.0
OG_11701	6	23	23	0.4743
OG_11702	4	4	4	1.0
OG_11703	2	2	2	1.0
OG_11704	3	3	3	1.0
OG_11705	3	3	3	1.0
OG_11706	9	9	9	1.0
OG_11707	2	2	2	1.0
OG_11708	3	3	3	1.0
OG_11709	3	3	5	1.0
OG_11710	3	9	11	1.0
OG_11711	5	6	8	1.0
OG_11712	9	18	21	0.9346
OG_11713	2	2	2	1.0
OG_11714	2	2	2	1.0
OG_11715	11	12	17	1.0
OG_11716	6	6	6	1.0
OG_11717	2	2	2	1.0
OG_11718	3	3	3	1.0
OG_11719	3	3	3	1.0
OG_11720	2	3	3	1.0
OG_11721	2	2	2	1.0
OG_11722	3	3	3	1.0
OG_11723	2	2	2	1.0
OG_11724	2	2	2	1.0
OG_11725	2	2	2	1.0
OG_11726	2	2	2	1.0
OG_11727	3	3	3	1.0
OG_11728	3	3	3	1.0
OG_11729	2	2	2	1.0
OG_11730	3	3	3	1.0
OG_11731	2	3	3	0.6667
OG_11732	2	2	2	1.0
OG_11733	6	6	6	1.0
OG_11734	2	2	2	1.0
OG_11735	2	2	2	1.0
OG_11736	2	2	2	1.0
OG_11737	5	5	6	1.0
OG_11738	5	5	5	1.0
OG_11739	8	8	9	1.0
OG_11740	3	3	4	1.0
OG_11741	3	3	3	1.0
OG_11742	5	5	5	1.0
OG_11743	3	3	3	1.0
OG_11744	8	8	8	1.0
OG_11745	11	16	17	0.975
OG_11746	5	5	5	1.0
OG_11747	4	4	4	1.0
OG_11748	5	5	5	1.0
OG_11749	5	5	5	1.0
OG_11750	5	5	5	1.0
OG_11751	8	8	9	1.0
OG_11752	3	3	3	1.0
OG_11753	7	7	7	1.0
OG_11754	4	4	4	1.0
OG_11755	5	5	5	1.0
OG_11756	12	13	13	1.0
OG_11757	6	6	6	1.0
OG_11758	3	3	3	0.6667
OG_11759	9	13	17	0.6538
OG_11760	6	16	16	0.6167
OG_11761	5	7	7	1.0
OG_11762	5	5	5	1.0
OG_11763	4	4	4	1.0
OG_11764	5	5	5	1.0
OG_11765	6	6	6	1.0
OG_11766	3	3	3	1.0
OG_11767	5	5	5	1.0
OG_11768	6	6	6	1.0
OG_11769	8	9	13	1.0
OG_11770	5	5	5	1.0
OG_11771	2	2	2	1.0
OG_11772	7	7	7	1.0
OG_11773	10	10	11	1.0
OG_11774	2	2	2	1.0
OG_11775	4	4	4	1.0
OG_11776	3	3	4	0.6667
OG_11777	2	2	2	1.0
OG_11778	9	10	16	1.0
OG_11779	5	11	11	0.4364
OG_11780	2	2	2	1.0
OG_11781	6	6	6	1.0
OG_11782	4	4	4	1.0
OG_11783	12	18	21	1.0
OG_11784	4	4	4	1.0
OG_11785	5	5	5	1.0
OG_11786	3	3	3	1.0
OG_11787	8	8	8	1.0
OG_11788	12	17	19	1.0
OG_11789	4	4	5	1.0
OG_11790	5	5	5	1.0
OG_11791	6	6	6	1.0
OG_11792	7	7	7	1.0
OG_11793	8	9	9	1.0
OG_11794	3	3	3	1.0
OG_11795	4	4	4	1.0
OG_11796	5	5	5	1.0
OG_11797	6	6	6	1.0
OG_11798	4	4	4	1.0
OG_11799	6	6	6	1.0
OG_11800	2	2	2	1.0
OG_11801	4	4	4	1.0
OG_11802	4	5	5	0.6
OG_11803	12	12	13	1.0
OG_11804	6	6	7	1.0
OG_11805	2	2	2	1.0
OG_11806	4	4	4	1.0
OG_11807	5	5	5	1.0
OG_11808	6	9	9	0.5833
OG_11809	4	4	4	1.0
OG_11810	6	6	6	1.0
OG_11811	8	9	11	1.0
OG_11812	5	5	5	1.0
OG_11813	4	4	4	1.0
OG_11814	5	5	5	1.0
OG_11815	5	6	6	0.8
OG_11816	3	3	3	0.6667
OG_11817	3	3	3	1.0
OG_11818	5	5	5	1.0
OG_11819	8	8	9	1.0
OG_11820	5	5	5	1.0
OG_11821	6	6	6	1.0
OG_11822	5	5	5	1.0
OG_11823	2	2	2	1.0
OG_11824	4	4	4	1.0
OG_11825	5	5	6	1.0
OG_11826	2	2	2	1.0
OG_11827	3	3	3	0.6667
OG_11828	5	5	5	1.0
OG_11829	5	5	5	1.0
OG_11830	5	5	5	1.0
OG_11831	12	12	13	1.0
OG_11832	5	5	5	1.0
OG_11833	8	9	10	1.0
OG_11834	6	6	6	1.0
OG_11835	3	3	3	1.0
OG_11836	5	5	5	1.0
OG_11837	9	10	13	1.0
OG_11838	3	3	3	1.0
OG_11839	5	5	5	1.0
OG_11840	12	13	13	1.0
OG_11841	11	11	14	1.0
OG_11842	11	16	19	1.0
OG_11843	12	16	18	1.0
OG_11844	7	7	8	1.0
OG_11845	5	5	5	1.0
OG_11846	5	5	5	1.0
OG_11847	7	7	9	1.0
OG_11848	2	2	2	1.0
OG_11849	4	4	4	1.0
OG_11850	5	5	5	1.0
OG_11851	2	2	2	1.0
OG_11852	4	4	4	1.0
OG_11853	7	7	7	1.0
OG_11854	12	14	14	1.0
OG_11855	4	4	4	1.0
OG_11856	5	5	5	1.0
OG_11857	6	6	6	1.0
OG_11858	3	3	3	1.0
OG_11859	4	4	4	1.0
OG_11860	4	4	4	1.0
OG_11861	8	8	9	1.0
OG_11862	12	18	18	1.0
OG_11863	5	5	5	1.0
OG_11864	2	2	2	1.0
OG_11865	4	4	4	1.0
OG_11866	5	5	5	1.0
OG_11867	5	5	6	1.0
OG_11868	6	6	6	1.0
OG_11869	5	5	5	1.0
OG_11870	7	7	7	1.0
OG_11871	7	7	7	1.0
OG_11872	4	4	4	1.0
OG_11873	4	4	4	1.0
OG_11874	6	6	6	1.0
OG_11875	2	2	2	1.0
OG_11876	3	3	3	0.6667
OG_11877	5	6	6	0.8667
OG_11878	4	4	4	1.0
OG_11879	2	2	2	1.0
OG_11880	6	6	6	1.0
OG_11881	11	20	23	1.0
OG_11882	7	7	8	1.0
OG_11883	7	7	7	1.0
OG_11884	5	5	5	0.8
OG_11885	5	5	5	1.0
OG_11886	4	4	4	1.0
OG_11887	5	5	5	1.0
OG_11888	7	7	7	1.0
OG_11889	5	5	5	1.0
OG_11890	2	2	2	1.0
OG_11891	8	8	8	1.0
OG_11892	3	3	3	0.6667
OG_11893	7	8	8	1.0
OG_11894	4	7	7	0.5714
OG_11895	6	11	14	0.7818
OG_11896	3	3	3	0.6667
OG_11897	5	5	5	1.0
OG_11898	2	2	2	1.0
OG_11899	4	4	4	1.0
OG_11900	11	13	18	0.5897
OG_11901	7	7	7	1.0
OG_11902	6	7	7	1.0
OG_11903	5	5	5	1.0
OG_11904	6	6	6	1.0
OG_11905	6	6	6	1.0
OG_11906	7	7	7	1.0
OG_11907	7	7	7	1.0
OG_11908	12	12	13	1.0
OG_11909	3	3	3	1.0
OG_11910	6	6	7	1.0
OG_11911	3	3	3	1.0
OG_11912	5	5	5	1.0
OG_11913	5	5	5	1.0
OG_11914	4	4	4	1.0
OG_11915	6	6	6	1.0
OG_11916	11	13	15	1.0
OG_11917	4	4	4	1.0
OG_11918	2	2	2	1.0
OG_11919	3	3	3	1.0
OG_11920	4	4	4	1.0
OG_11921	7	7	8	1.0
OG_11922	7	7	7	1.0
OG_11923	3	3	3	1.0
OG_11924	6	6	6	1.0
OG_11925	6	6	6	1.0
OG_11926	2	2	2	1.0
OG_11927	2	2	2	1.0
OG_11928	9	9	11	1.0
OG_11929	4	4	4	1.0
OG_11930	5	5	5	1.0
OG_11931	6	6	8	0.8667
OG_11932	5	5	5	1.0
OG_11933	8	13	13	0.5641
OG_11934	4	4	4	1.0
OG_11935	5	5	5	1.0
OG_11936	3	3	3	0.6667
OG_11937	5	5	5	1.0
OG_11938	4	4	4	1.0
OG_11939	4	4	4	1.0
OG_11940	5	5	5	1.0
OG_11941	5	5	5	1.0
OG_11942	5	5	5	1.0
OG_11943	3	3	3	1.0
OG_11944	3	3	3	1.0
OG_11945	5	5	5	1.0
OG_11946	4	4	4	1.0
OG_11947	5	5	5	1.0
OG_11948	2	2	2	1.0
OG_11949	2	2	2	1.0
OG_11950	4	4	4	1.0
OG_11951	5	5	5	1.0
OG_11952	3	3	3	1.0
OG_11953	5	5	5	1.0
OG_11954	4	4	4	0.8333
OG_11955	2	2	2	1.0
OG_11956	3	3	3	1.0
OG_11957	2	2	2	1.0
OG_11958	5	6	6	0.7333
OG_11959	5	5	5	1.0
OG_11960	8	8	9	1.0
OG_11961	4	4	4	1.0
OG_11962	6	8	8	0.8571
OG_11963	2	4	4	0.6667
OG_11964	6	6	6	1.0
OG_11965	2	2	2	1.0
OG_11966	12	13	15	1.0
OG_11967	12	16	22	1.0
OG_11968	5	5	5	1.0
OG_11969	9	24	28	0.9094
OG_11970	5	5	5	1.0
OG_11971	7	7	7	1.0
OG_11972	6	6	6	1.0
OG_11973	5	5	5	1.0
OG_11974	6	6	6	1.0
OG_11975	4	4	4	1.0
OG_11976	12	12	15	1.0
OG_11977	7	7	7	1.0
OG_11978	3	3	3	1.0
OG_11979	6	7	7	1.0
OG_11980	8	8	8	1.0
OG_11981	8	8	8	1.0
OG_11982	2	2	2	1.0
OG_11983	5	5	5	1.0
OG_11984	3	3	3	1.0
OG_11985	8	10	15	1.0
OG_11986	12	13	16	1.0
OG_11987	3	3	3	1.0
OG_11988	5	5	5	1.0
OG_11989	8	8	8	1.0
OG_11990	5	5	5	1.0
OG_11991	6	6	6	1.0
OG_11992	3	3	3	1.0
OG_11993	7	7	7	1.0
OG_11994	6	6	6	1.0
OG_11995	3	3	3	0.6667
OG_11996	5	5	5	1.0
OG_11997	2	3	3	0.6667
OG_11998	4	4	4	1.0
OG_11999	5	5	5	1.0
OG_12000	2	2	2	1.0
OG_12001	12	12	13	1.0
OG_12002	2	2	2	1.0
OG_12003	6	6	6	1.0
OG_12004	3	3	3	1.0
OG_12005	5	5	5	1.0
OG_12006	8	8	18	1.0
OG_12007	5	5	5	1.0
OG_12008	5	5	5	1.0
OG_12009	5	5	5	1.0
OG_12010	4	4	4	1.0
OG_12011	5	5	5	1.0
OG_12012	6	6	6	1.0
OG_12013	5	5	5	1.0
OG_12014	7	12	12	0.6667
OG_12015	6	6	6	1.0
OG_12016	5	5	5	1.0
OG_12017	9	24	41	0.7862
OG_12018	4	22	25	0.671
OG_12019	2	3	3	1.0
OG_12020	4	4	4	1.0
OG_12021	6	6	6	1.0
OG_12022	7	12	12	1.0
OG_12023	6	6	6	1.0
OG_12024	5	5	5	1.0
OG_12025	5	5	5	1.0
OG_12026	4	5	5	1.0
OG_12027	5	7	7	0.9524
OG_12028	6	6	7	1.0
OG_12029	7	7	7	1.0
OG_12030	5	5	5	1.0
OG_12031	6	6	6	1.0
OG_12032	7	7	7	1.0
OG_12033	6	6	6	1.0
OG_12034	3	3	3	0.6667
OG_12035	9	11	20	1.0
OG_12036	4	4	4	1.0
OG_12037	7	7	9	1.0
OG_12038	11	129	138	0.6028
OG_12039	10	11	13	1.0
OG_12040	5	5	5	1.0
OG_12041	7	8	8	1.0
OG_12042	12	13	15	1.0
OG_12043	3	3	3	1.0
OG_12044	2	2	2	1.0
OG_12045	2	2	2	1.0
OG_12046	5	5	5	1.0
OG_12047	5	5	5	1.0
OG_12048	4	6	6	1.0
OG_12049	3	3	4	1.0
OG_12050	5	5	5	1.0
OG_12051	5	6	8	0.8667
OG_12052	11	12	13	1.0
OG_12053	4	7	7	0.9524
OG_12054	4	4	4	1.0
OG_12055	10	21	30	1.0
OG_12056	2	2	2	1.0
OG_12057	6	6	6	1.0
OG_12058	5	5	5	1.0
OG_12059	5	5	5	1.0
OG_12060	6	6	6	1.0
OG_12061	6	6	7	1.0
OG_12062	2	2	2	1.0
OG_12063	6	6	6	1.0
OG_12064	3	3	3	1.0
OG_12065	9	9	10	1.0
OG_12066	5	5	7	1.0
OG_12067	2	2	3	1.0
OG_12068	5	5	5	1.0
OG_12069	7	8	8	1.0
OG_12070	4	4	4	1.0
OG_12071	11	13	17	1.0
OG_12072	3	3	3	1.0
OG_12073	3	3	3	1.0
OG_12074	2	2	2	1.0
OG_12075	3	3	3	1.0
OG_12076	3	3	3	1.0
OG_12077	3	3	3	1.0
OG_12078	3	3	3	1.0
OG_12079	3	3	3	1.0
OG_12080	2	2	2	1.0
OG_12081	3	3	3	1.0
OG_12082	3	3	3	1.0
OG_12083	2	2	2	1.0
OG_12084	3	3	3	1.0
OG_12085	12	19	51	0.807
OG_12086	5	5	5	1.0
OG_12087	2	3	3	0.6667
OG_12088	6	6	6	1.0
OG_12089	3	3	3	1.0
OG_12090	2	2	2	1.0
OG_12091	5	13	14	0.5385
OG_12092	12	12	23	1.0
OG_12093	2	3	3	1.0
OG_12094	2	5	6	1.0
OG_12095	12	13	15	1.0
OG_12096	3	4	5	1.0
OG_12097	7	14	15	0.8132
OG_12098	2	2	2	1.0
OG_12099	6	6	6	0.9333
OG_12100	2	2	2	1.0
OG_12101	2	2	2	1.0
OG_12102	2	2	2	1.0
OG_12103	5	5	5	0.7
OG_12104	3	3	3	1.0
OG_12105	2	2	2	1.0
OG_12106	2	2	2	1.0
OG_12107	3	7	8	0.619
OG_12108	2	2	2	1.0
OG_12109	2	2	2	1.0
OG_12110	2	2	2	1.0
OG_12111	2	2	2	1.0
OG_12112	3	3	3	1.0
OG_12113	2	2	2	1.0
OG_12114	2	2	2	1.0
OG_12115	2	2	2	1.0
OG_12116	2	2	2	1.0
OG_12117	2	2	2	1.0
OG_12118	3	3	3	1.0
OG_12119	2	2	2	1.0
OG_12120	2	8	18	1.0
OG_12121	5	8	10	1.0
OG_12122	2	8	8	0.9643
OG_12123	6	8	8	0.6429
OG_12124	2	2	2	1.0
OG_12125	2	2	2	1.0
OG_12126	2	9	9	0.5556
OG_12127	8	13	13	1.0
OG_12128	4	14	14	0.4835
OG_12129	4	13	13	0.7692
OG_12130	2	2	2	1.0
OG_12131	2	2	2	1.0
OG_12132	2	2	2	1.0
OG_12133	4	16	16	0.575
OG_12134	2	3	3	1.0
OG_12135	10	13	13	1.0
OG_12136	2	2	2	1.0
OG_12137	3	3	3	0.6667
OG_12138	2	4	4	0.6667
OG_12139	2	2	2	1.0
OG_12140	2	2	2	1.0
OG_12141	2	2	2	1.0
OG_12142	2	2	2	1.0
OG_12143	2	2	2	1.0
OG_12144	2	10	10	0.8889
OG_12145	3	3	3	0.6667
OG_12146	2	2	2	1.0
OG_12147	2	2	2	1.0
OG_12148	2	2	2	1.0
OG_12149	2	2	3	1.0
OG_12150	2	2	2	1.0
OG_12151	2	2	3	1.0
OG_12152	2	2	2	1.0
OG_12153	2	2	2	1.0
OG_12154	2	4	4	1.0
OG_12155	2	2	2	1.0
OG_12156	5	9	9	0.9444
OG_12157	2	2	2	1.0
OG_12158	2	5	5	0.7
OG_12159	2	2	2	1.0
OG_12160	7	12	14	1.0
OG_12161	2	2	2	1.0
OG_12162	2	2	2	1.0
OG_12163	2	3	3	0.6667
OG_12164	5	10	10	0.5111
OG_12165	5	13	13	0.5
OG_12166	4	8	8	0.6429
OG_12167	3	7	7	1.0
OG_12168	4	4	4	1.0
OG_12169	10	17	19	0.9706
OG_12170	2	2	2	1.0
OG_12171	2	2	2	1.0
OG_12172	2	2	2	1.0
OG_12173	2	2	3	1.0
OG_12174	2	2	2	1.0
OG_12175	2	2	2	1.0
OG_12176	2	2	2	1.0
OG_12177	2	2	2	1.0
OG_12178	2	2	2	1.0
OG_12179	2	2	2	1.0
OG_12180	2	2	2	1.0
OG_12181	2	3	3	0.6667
OG_12182	2	2	2	1.0
OG_12183	12	14	18	0.989
OG_12184	2	2	2	1.0
OG_12185	2	2	2	1.0
OG_12186	12	12	15	1.0
OG_12187	3	3	4	1.0
OG_12188	2	2	3	1.0
OG_12189	7	9	14	0.9444
OG_12190	5	5	5	1.0
OG_12191	10	12	12	1.0
OG_12192	5	5	13	1.0
OG_12193	12	19	28	0.5614
OG_12194	2	2	2	1.0
OG_12195	4	4	4	1.0
OG_12196	7	7	8	1.0
OG_12197	10	10	12	1.0
OG_12198	5	6	6	1.0
OG_12199	11	12	13	1.0
OG_12200	12	15	19	1.0
OG_12201	12	17	19	1.0
OG_12202	3	3	3	1.0
OG_12203	5	8	8	0.9643
OG_12204	9	10	13	1.0
OG_12205	7	10	10	0.9556
OG_12206	9	9	9	1.0
OG_12207	10	13	13	1.0
OG_12208	12	12	12	1.0
OG_12209	12	13	15	1.0
OG_12210	12	15	16	0.819
OG_12211	12	12	13	1.0
OG_12212	12	12	17	1.0
OG_12213	4	4	4	1.0
OG_12214	6	6	6	1.0
OG_12215	2	2	2	1.0
OG_12216	9	11	14	1.0
OG_12217	4	9	9	1.0
OG_12218	5	6	6	1.0
OG_12219	6	7	7	0.9048
OG_12220	6	7	7	1.0
OG_12221	5	11	11	0.5636
OG_12222	5	5	5	1.0
OG_12223	6	7	7	0.8095
OG_12224	4	4	4	1.0
OG_12225	8	10	10	1.0
OG_12226	4	5	5	1.0
OG_12227	3	3	3	0.6667
OG_12228	10	11	11	1.0
OG_12229	11	16	17	1.0
OG_12230	7	8	8	1.0
OG_12231	11	13	14	1.0
OG_12232	12	13	13	1.0
OG_12233	9	10	10	1.0
OG_12234	9	11	11	0.8545
OG_12235	12	15	19	1.0
OG_12236	2	3	4	1.0
OG_12237	12	13	16	1.0
OG_12238	9	12	12	1.0
OG_12239	2	2	3	1.0
OG_12240	12	13	22	1.0
OG_12241	10	10	12	1.0
OG_12242	9	10	10	1.0
OG_12243	12	13	14	1.0
OG_12244	11	11	19	1.0
OG_12245	7	9	9	0.8611
OG_12246	6	6	6	1.0
OG_12247	11	12	13	1.0
OG_12248	11	13	19	1.0
OG_12249	8	9	11	1.0
OG_12250	9	13	15	0.859
OG_12251	4	4	4	1.0
OG_12252	12	29	41	1.0
OG_12253	2	2	2	1.0
OG_12254	8	8	9	1.0
OG_12255	12	12	12	1.0
OG_12256	12	12	13	1.0
OG_12257	12	12	14	1.0
OG_12258	12	12	12	1.0
OG_12259	11	12	14	1.0
OG_12260	10	10	12	1.0
OG_12261	4	5	5	1.0
OG_12262	5	5	5	0.8
OG_12263	12	13	14	1.0
OG_12264	9	10	12	1.0
OG_12265	10	10	10	1.0
OG_12266	12	13	13	1.0
OG_12267	2	2	2	1.0
OG_12268	12	15	22	0.9333
OG_12269	10	12	19	0.9394
OG_12270	8	15	18	1.0
OG_12271	10	10	13	1.0
OG_12272	12	12	13	1.0
OG_12273	12	13	13	1.0
OG_12274	3	3	3	1.0
OG_12275	4	4	4	1.0
OG_12276	10	12	13	1.0
OG_12277	7	8	8	1.0
OG_12278	12	20	24	1.0
OG_12279	8	8	12	1.0
OG_12280	12	15	19	1.0
OG_12281	4	4	4	1.0
OG_12282	10	11	16	1.0
OG_12283	2	2	3	1.0
OG_12284	2	2	2	1.0
OG_12285	2	4	4	1.0
OG_12286	9	9	13	1.0
OG_12287	9	9	9	1.0
OG_12288	11	16	18	1.0
OG_12289	9	9	10	1.0
OG_12290	4	4	4	1.0
OG_12291	9	10	15	1.0
OG_12292	2	2	2	1.0
OG_12293	3	3	3	1.0
OG_12294	11	13	16	1.0
OG_12295	2	2	2	1.0
OG_12296	9	9	11	1.0
OG_12297	12	22	30	0.961
OG_12298	8	8	8	1.0
OG_12299	4	4	4	1.0
OG_12300	12	12	15	1.0
OG_12301	2	2	2	1.0
OG_12302	12	15	17	1.0
OG_12303	12	13	13	1.0
OG_12304	12	13	15	1.0
OG_12305	12	13	14	1.0
OG_12306	12	12	15	1.0
OG_12307	11	13	16	1.0
OG_12308	3	3	3	1.0
OG_12309	3	3	3	1.0
OG_12310	10	10	12	1.0
OG_12311	12	25	37	0.79
OG_12312	12	15	18	0.9619
OG_12313	4	5	5	0.8
OG_12314	5	6	6	1.0
OG_12315	6	9	9	0.8333
OG_12316	7	7	7	1.0
OG_12317	12	13	14	1.0
OG_12318	11	12	15	1.0
OG_12319	11	11	11	1.0
OG_12320	11	13	16	1.0
OG_12321	2	2	2	1.0
OG_12322	12	13	17	1.0
OG_12323	2	2	2	1.0
OG_12324	9	10	10	0.9778
OG_12325	3	3	3	1.0
OG_12326	11	11	12	1.0
OG_12327	12	14	23	1.0
OG_12328	12	15	19	1.0
OG_12329	12	14	16	1.0
OG_12330	7	7	8	1.0
OG_12331	12	13	21	1.0
OG_12332	2	2	4	1.0
OG_12333	11	12	13	1.0
OG_12334	12	13	21	1.0
OG_12335	9	9	9	1.0
OG_12336	9	11	11	1.0
OG_12337	12	14	14	1.0
OG_12338	2	2	4	1.0
OG_12339	10	11	12	1.0
OG_12340	10	10	12	1.0
OG_12341	7	7	7	1.0
OG_12342	12	14	14	1.0
OG_12343	4	4	4	1.0
OG_12344	8	8	8	1.0
OG_12345	8	9	9	1.0
OG_12346	11	14	15	1.0
OG_12347	4	4	4	1.0
OG_12348	2	2	2	1.0
OG_12349	9	9	10	1.0
OG_12350	3	3	3	1.0
OG_12351	12	12	15	1.0
OG_12352	12	19	20	1.0
OG_12353	10	11	14	1.0
OG_12354	12	16	24	0.8167
OG_12355	12	14	17	1.0
OG_12356	5	8	9	0.4643
OG_12357	8	9	9	1.0
OG_12358	5	5	5	1.0
OG_12359	11	11	11	1.0
OG_12360	3	3	3	1.0
OG_12361	11	11	19	1.0
OG_12362	12	12	43	0.9848
OG_12363	11	11	14	1.0
OG_12364	9	9	12	1.0
OG_12365	12	13	14	1.0
OG_12366	12	22	28	0.9134
OG_12367	3	4	4	1.0
OG_12368	7	23	32	0.8854
OG_12369	2	2	3	1.0
OG_12370	2	2	4	1.0
OG_12371	2	2	3	1.0
OG_12372	2	2	3	1.0
OG_12373	2	2	3	1.0
OG_12374	8	9	12	1.0
OG_12375	2	2	2	1.0
OG_12376	2	3	3	0.6667
OG_12377	3	3	3	0.6667
OG_12378	2	7	7	1.0
OG_12379	10	11	16	1.0
OG_12380	11	22	32	1.0
OG_12381	2	3	3	1.0
OG_12382	2	2	2	1.0
OG_12383	2	2	2	1.0
OG_12384	8	11	12	0.6182
OG_12385	4	7	7	0.8095
OG_12386	4	5	5	0.9
OG_12387	8	9	9	1.0
OG_12388	2	7	7	0.7619
OG_12389	2	12	13	0.6061
OG_12390	3	3	3	1.0
OG_12391	2	3	3	0.6667
OG_12392	2	2	2	1.0
OG_12393	3	7	7	1.0
OG_12394	2	2	2	1.0
OG_12395	4	5	5	1.0
OG_12396	11	11	13	1.0
OG_12397	2	2	2	1.0
OG_12398	3	12	15	0.303
OG_12399	2	2	2	1.0
OG_12400	2	2	2	1.0
OG_12401	2	8	8	0.8571
OG_12402	2	2	2	1.0
OG_12403	2	4	4	1.0
OG_12404	2	7	8	0.7619
OG_12405	2	2	2	1.0
OG_12406	2	6	6	0.8
OG_12407	2	7	7	0.8571
OG_12408	2	2	2	1.0
OG_12409	12	14	32	0.7912
OG_12410	12	20	23	0.9053
OG_12411	2	2	2	1.0
OG_12412	2	3	3	0.6667
OG_12413	2	2	3	1.0
OG_12414	12	12	15	1.0
OG_12415	11	19	22	0.8421
OG_12416	2	3	3	0.6667
OG_12417	4	6	6	0.8667
OG_12418	2	3	3	1.0
OG_12419	11	12	12	1.0
OG_12420	2	2	2	1.0
OG_12421	2	2	2	1.0
OG_12422	2	2	2	1.0
OG_12423	2	2	2	1.0
OG_12424	12	15	23	0.8095
OG_12425	7	16	18	1.0
OG_12426	2	3	3	0.6667
OG_12427	5	5	5	1.0
OG_12428	2	2	2	1.0
OG_12429	2	9	12	0.5278
OG_12430	2	2	2	1.0
OG_12431	2	4	5	1.0
OG_12432	2	2	2	1.0
OG_12433	8	39	53	0.7544
OG_12434	4	8	10	1.0
OG_12435	7	18	20	0.8889
OG_12436	3	4	4	1.0
OG_12437	2	2	2	1.0
OG_12438	4	7	7	0.7143
OG_12439	3	4	4	0.8333
OG_12440	2	2	2	1.0
OG_12441	2	2	2	1.0
OG_12442	2	2	2	1.0
OG_12443	2	2	2	1.0
OG_12444	2	2	2	1.0
OG_12445	11	12	13	1.0
OG_12446	12	34	35	0.7879
OG_12447	2	2	2	1.0
OG_12448	2	2	2	1.0
OG_12449	3	10	10	0.9111
OG_12450	2	2	2	1.0
OG_12451	2	2	3	1.0
OG_12452	2	10	10	0.7556
OG_12453	3	6	6	1.0
OG_12454	4	10	10	0.9333
OG_12455	10	10	10	1.0
OG_12456	5	5	5	1.0
OG_12457	2	2	2	1.0
OG_12458	2	2	2	1.0
OG_12459	2	2	2	1.0
OG_12460	2	2	2	1.0
OG_12461	2	5	8	1.0
OG_12462	2	2	2	1.0
OG_12463	5	13	13	0.8974
OG_12464	2	2	6	1.0
OG_12465	12	12	12	1.0
OG_12466	3	3	3	1.0
OG_12467	11	12	14	1.0
OG_12468	3	3	3	1.0
OG_12469	6	7	7	1.0
OG_12470	12	14	15	1.0
OG_12471	2	2	2	1.0
OG_12472	4	4	7	1.0
OG_12473	9	10	12	1.0
OG_12474	12	13	20	1.0
OG_12475	12	13	15	1.0
OG_12476	7	7	7	1.0
OG_12477	2	2	2	1.0
OG_12478	2	2	2	1.0
OG_12479	9	10	11	1.0
OG_12480	8	9	13	1.0
OG_12481	3	3	3	1.0
OG_12482	2	2	2	1.0
OG_12483	11	13	14	1.0
OG_12484	4	4	4	1.0
OG_12485	11	12	18	1.0
OG_12486	9	9	15	1.0
OG_12487	10	11	19	1.0
OG_12488	12	15	16	1.0
OG_12489	2	2	2	1.0
OG_12490	12	13	15	1.0
OG_12491	12	12	25	1.0
OG_12492	3	3	3	1.0
OG_12493	12	13	15	1.0
OG_12494	2	2	2	1.0
OG_12495	6	6	6	1.0
OG_12496	12	15	17	1.0
OG_12497	10	12	15	1.0
OG_12498	7	8	9	1.0
OG_12499	8	11	14	1.0
OG_12500	4	8	8	0.9643
OG_12501	12	12	13	1.0
OG_12502	2	2	2	1.0
OG_12503	12	13	16	1.0
OG_12504	2	2	2	1.0
OG_12505	11	11	17	1.0
OG_12506	2	3	3	0.6667
OG_12507	12	15	18	1.0
OG_12508	4	4	4	1.0
OG_12509	12	14	17	0.989
OG_12510	11	12	15	1.0
OG_12511	11	12	13	1.0
OG_12512	7	8	10	1.0
OG_12513	4	8	8	0.8214
OG_12514	3	3	3	1.0
OG_12515	2	2	3	1.0
OG_12516	4	4	4	1.0
OG_12517	12	15	21	1.0
OG_12518	2	3	3	0.6667
OG_12519	2	3	3	1.0
OG_12520	8	8	8	1.0
OG_12521	9	9	9	1.0
OG_12522	11	11	11	1.0
OG_12523	12	13	17	1.0
OG_12524	2	2	2	1.0
OG_12525	3	3	3	1.0
OG_12526	12	13	25	1.0
OG_12527	10	11	13	1.0
OG_12528	9	11	12	0.8727
OG_12529	2	2	2	1.0
OG_12530	4	4	4	1.0
OG_12531	12	12	13	1.0
OG_12532	12	13	14	1.0
OG_12533	5	5	5	1.0
OG_12534	12	12	13	1.0
OG_12535	3	3	3	1.0
OG_12536	2	2	2	1.0
OG_12537	12	13	18	1.0
OG_12538	12	12	15	1.0
OG_12539	4	4	4	1.0
OG_12540	3	3	3	1.0
OG_12541	12	13	18	1.0
OG_12542	12	15	23	0.7143
OG_12543	12	19	25	0.9298
OG_12544	12	15	15	0.8762
OG_12545	9	9	9	1.0
OG_12546	9	9	18	1.0
OG_12547	2	3	3	0.6667
OG_12548	7	7	12	1.0
OG_12549	12	19	22	0.5965
OG_12550	12	12	15	1.0
OG_12551	9	10	10	1.0
OG_12552	2	2	2	1.0
OG_12553	3	3	3	1.0
OG_12554	12	13	15	0.8333
OG_12555	3	3	3	1.0
OG_12556	2	2	2	1.0
OG_12557	12	14	14	1.0
OG_12558	9	9	9	1.0
OG_12559	2	4	4	1.0
OG_12560	11	20	31	1.0
OG_12561	12	13	17	0.9615
OG_12562	9	9	9	1.0
OG_12563	12	13	16	1.0
OG_12564	12	20	23	1.0
OG_12565	2	2	2	1.0
OG_12566	11	17	18	0.9853
OG_12567	12	12	12	1.0
OG_12568	7	7	7	1.0
OG_12569	9	11	14	1.0
OG_12570	7	7	8	1.0
OG_12571	2	2	2	1.0
OG_12572	2	2	2	1.0
OG_12573	2	2	2	1.0
OG_12574	2	2	2	1.0
OG_12575	11	11	16	1.0
OG_12576	12	13	15	1.0
OG_12577	3	3	3	1.0
OG_12578	3	4	4	1.0
OG_12579	3	3	3	1.0
OG_12580	10	10	11	1.0
OG_12581	11	12	12	1.0
OG_12582	5	11	11	1.0
OG_12583	3	3	3	1.0
OG_12584	12	12	14	0.9697
OG_12585	10	11	12	1.0
OG_12586	12	15	17	1.0
OG_12587	4	4	4	1.0
OG_12588	11	15	26	1.0
OG_12589	12	14	17	1.0
OG_12590	6	6	7	1.0
OG_12591	5	8	8	0.8571
OG_12592	2	2	3	1.0
OG_12593	11	12	14	1.0
OG_12594	2	2	2	1.0
OG_12595	11	13	18	1.0
OG_12596	11	14	15	1.0
OG_12597	2	2	2	1.0
OG_12598	8	9	9	1.0
OG_12599	2	3	4	1.0
OG_12600	3	3	3	1.0
OG_12601	3	3	3	0.6667
OG_12602	3	13	15	0.6795
OG_12603	2	4	6	1.0
OG_12604	3	3	7	0.6667
OG_12605	11	12	14	1.0
OG_12606	4	9	9	1.0
OG_12607	2	4	8	1.0
OG_12608	3	5	8	1.0
OG_12609	3	9	9	0.8889
OG_12610	4	8	8	0.8571
OG_12611	3	6	10	1.0
OG_12612	2	3	5	1.0
OG_12613	2	6	6	0.6
OG_12614	2	6	6	1.0
OG_12615	11	19	20	1.0
OG_12616	2	8	9	0.9643
OG_12617	2	4	4	0.6667
OG_12618	11	11	18	1.0
OG_12619	2	10	10	0.7556
OG_12620	7	20	24	0.5947
OG_12621	2	2	2	1.0
OG_12622	3	7	7	1.0
OG_12623	9	10	10	1.0
OG_12624	12	17	18	0.7353
OG_12625	2	2	2	1.0
OG_12626	8	9	10	1.0
OG_12627	3	8	10	0.6786
OG_12628	2	3	3	0.6667
OG_12629	2	2	2	1.0
OG_12630	2	9	9	0.9722
OG_12631	4	5	6	1.0
OG_12632	3	7	7	0.9524
OG_12633	2	6	8	1.0
OG_12634	2	2	3	1.0
OG_12635	3	3	3	0.6667
OG_12636	2	2	2	1.0
OG_12637	12	15	15	1.0
OG_12638	12	19	22	0.7953
OG_12639	12	13	13	1.0
OG_12640	5	11	12	1.0
OG_12641	6	12	12	0.5909
OG_12642	7	10	13	1.0
OG_12643	2	2	2	1.0
OG_12644	7	9	9	1.0
OG_12645	3	8	8	1.0
OG_12646	4	4	5	1.0
OG_12647	6	6	7	1.0
OG_12648	2	2	2	1.0
OG_12649	9	9	9	1.0
OG_12650	12	78	101	0.8721
OG_12651	7	7	7	0.9048
OG_12652	10	10	17	1.0
OG_12653	9	9	15	1.0
OG_12654	2	3	3	0.6667
OG_12655	2	2	2	1.0
OG_12656	2	2	2	1.0
OG_12657	12	15	18	1.0
OG_12658	2	2	2	1.0
OG_12659	9	10	10	1.0
OG_12660	10	19	21	0.8713
OG_12661	6	8	9	0.8214
OG_12662	5	5	5	1.0
OG_12663	2	2	2	1.0
OG_12664	9	10	12	1.0
OG_12665	8	53	57	0.717
OG_12666	11	12	13	1.0
OG_12667	9	9	13	0.8056
OG_12668	2	2	2	1.0
OG_12669	4	4	4	1.0
OG_12670	11	11	11	1.0
OG_12671	10	20	20	0.7684
OG_12672	2	2	2	1.0
OG_12673	9	27	29	0.8376
OG_12674	2	5	6	0.9
OG_12675	2	3	3	1.0
OG_12676	2	2	2	1.0
OG_12677	2	2	2	1.0
OG_12678	12	14	18	1.0
OG_12679	12	12	15	1.0
OG_12680	3	3	3	1.0
OG_12681	12	12	14	1.0
OG_12682	11	13	18	0.9359
OG_12683	2	2	2	1.0
OG_12684	9	10	11	1.0
OG_12685	7	7	7	1.0
OG_12686	9	9	10	0.9722
OG_12687	12	12	16	1.0
OG_12688	7	7	7	1.0
OG_12689	4	4	4	1.0
OG_12690	12	13	19	1.0
OG_12691	12	12	15	1.0
OG_12692	2	2	2	1.0
OG_12693	8	10	22	1.0
OG_12694	12	15	15	0.7714
OG_12695	11	17	20	0.7132
OG_12696	3	3	3	1.0
OG_12697	9	12	13	0.9697
OG_12698	2	2	2	1.0
OG_12699	12	14	28	0.8462
OG_12700	4	4	6	1.0
OG_12701	2	2	2	1.0
OG_12702	2	2	2	1.0
OG_12703	2	8	8	0.9286
OG_12704	12	20	34	0.6789
OG_12705	3	3	3	0.6667
OG_12706	2	3	3	0.6667
OG_12707	7	10	11	0.6889
OG_12708	5	8	8	0.5357
OG_12709	2	7	7	1.0
OG_12710	10	49	59	0.591
OG_12711	12	12	13	1.0
OG_12712	2	2	2	1.0
OG_12713	2	2	2	1.0
OG_12714	12	13	14	1.0
OG_12715	11	11	20	1.0
OG_12716	2	2	2	1.0
OG_12717	2	3	3	0.6667
OG_12718	7	7	7	1.0
OG_12719	3	5	5	1.0
OG_12720	6	6	6	1.0
OG_12721	12	14	15	1.0
OG_12722	2	3	3	0.6667
OG_12723	12	12	14	1.0
OG_12724	11	12	16	1.0
OG_12725	2	2	2	1.0
OG_12726	10	10	10	1.0
OG_12727	2	2	2	1.0
OG_12728	10	11	12	1.0
OG_12729	9	9	10	1.0
OG_12730	10	12	12	0.8636
OG_12731	9	10	15	1.0
OG_12732	12	14	17	1.0
OG_12733	12	12	13	1.0
OG_12734	4	7	8	1.0
OG_12735	2	5	5	0.8
OG_12736	2	11	11	0.8545
OG_12737	2	3	3	1.0
OG_12738	10	19	20	0.9942
OG_12739	2	2	2	1.0
OG_12740	2	3	3	0.6667
OG_12741	3	3	3	1.0
OG_12742	12	13	17	1.0
OG_12743	7	8	8	1.0
OG_12744	11	12	49	1.0
OG_12745	2	2	2	1.0
OG_12746	2	2	2	1.0
OG_12747	2	2	2	1.0
OG_12748	2	2	2	1.0
OG_12749	2	2	2	1.0
OG_12750	10	12	21	1.0
OG_12751	11	17	22	1.0
OG_12752	7	7	7	1.0
OG_12753	12	12	24	1.0
OG_12754	11	15	23	0.9429
OG_12755	2	11	15	0.8727
OG_12756	12	12	12	1.0
OG_12757	2	2	2	1.0
OG_12758	8	10	13	1.0
OG_12759	2	2	3	1.0
OG_12760	2	3	3	1.0
OG_12761	3	4	4	0.6667
OG_12762	12	14	15	0.8681
OG_12763	2	2	2	1.0
OG_12764	12	16	20	0.9917
OG_12765	2	2	2	1.0
OG_12766	2	2	2	1.0
OG_12767	7	8	8	0.9643
OG_12768	2	2	2	1.0
OG_12769	2	3	3	0.6667
OG_12770	12	13	17	1.0
OG_12771	2	2	2	1.0
OG_12772	9	12	12	1.0
OG_12773	11	12	14	1.0
OG_12774	10	11	12	1.0
OG_12775	4	5	13	1.0
OG_12776	12	13	14	1.0
OG_12777	2	3	3	0.6667
OG_12778	2	2	2	1.0
OG_12779	2	2	2	1.0
OG_12780	2	2	2	1.0
OG_12781	12	15	19	1.0
OG_12782	2	2	2	1.0
OG_12783	9	12	16	1.0
OG_12784	12	13	14	1.0
OG_12785	12	13	17	1.0
OG_12786	4	7	7	0.619
OG_12787	3	3	4	1.0
OG_12788	2	2	2	1.0
OG_12789	3	6	6	1.0
OG_12790	2	5	5	0.6
OG_12791	12	14	15	1.0
OG_12792	3	3	4	1.0
OG_12793	2	2	2	1.0
OG_12794	8	8	8	1.0
OG_12795	12	14	15	1.0
OG_12796	2	2	2	1.0
OG_12797	2	2	2	1.0
OG_12798	9	10	14	0.8889
OG_12799	3	3	3	1.0
OG_12800	3	3	3	1.0
OG_12801	2	3	3	0.6667
OG_12802	5	6	8	1.0
OG_12803	2	2	2	1.0
OG_12804	5	5	7	1.0
OG_12805	2	2	2	1.0
OG_12806	2	2	2	1.0
OG_12807	2	2	2	1.0
OG_12808	2	2	3	1.0
OG_12809	11	13	13	1.0
OG_12810	11	15	15	0.9143
OG_12811	2	2	2	1.0
OG_12812	2	2	2	1.0
OG_12813	2	2	2	1.0
OG_12814	3	3	3	0.6667
OG_12815	2	2	2	1.0
OG_12816	2	2	2	1.0
OG_12817	2	2	3	1.0
OG_12818	2	2	2	1.0
OG_12819	2	2	2	1.0
OG_12820	2	2	2	1.0
OG_12821	2	2	2	1.0
OG_12822	12	13	14	1.0
OG_12823	2	2	2	1.0
OG_12824	12	15	19	1.0
OG_12825	2	2	2	1.0
OG_12826	9	12	15	1.0
OG_12827	12	13	16	1.0
OG_12828	10	11	19	1.0
OG_12829	12	15	18	1.0
OG_12830	12	13	95	1.0
OG_12831	8	8	9	1.0
OG_12832	12	12	13	1.0
OG_12833	12	13	18	1.0
OG_12834	12	13	13	1.0
OG_12835	10	11	14	1.0
OG_12836	11	13	16	1.0
OG_12837	12	15	17	0.9905
OG_12838	5	6	6	1.0
OG_12839	12	18	39	1.0
OG_12840	10	11	12	1.0
OG_12841	2	2	2	1.0
OG_12842	11	14	15	1.0
OG_12843	11	13	22	1.0
OG_12844	2	2	2	1.0
OG_12845	2	2	2	1.0
OG_12846	9	10	10	1.0
OG_12847	9	10	14	1.0
OG_12848	2	2	3	1.0
OG_12849	4	7	11	1.0
OG_12850	12	16	17	0.925
OG_12851	2	2	2	1.0
OG_12852	2	2	2	1.0
OG_12853	4	4	4	1.0
OG_12854	12	13	13	1.0
OG_12855	2	2	2	1.0
OG_12856	2	2	2	1.0
OG_12857	12	32	41	0.9355
OG_12858	2	3	3	1.0
OG_12859	11	13	15	1.0
OG_12860	12	12	14	1.0
OG_12861	12	14	15	1.0
OG_12862	9	10	16	1.0
OG_12863	7	8	10	1.0
OG_12864	12	14	16	1.0
OG_12865	5	7	7	1.0
OG_12866	5	5	5	1.0
OG_12867	2	3	3	0.6667
OG_12868	6	9	10	1.0
OG_12869	12	14	22	1.0
OG_12870	12	12	16	1.0
OG_12871	12	12	14	1.0
OG_12872	2	2	2	1.0
OG_12873	11	11	11	1.0
OG_12874	2	2	2	1.0
OG_12875	12	12	14	1.0
OG_12876	11	11	20	1.0
OG_12877	2	2	2	1.0
OG_12878	12	15	17	1.0
OG_12879	10	11	15	1.0
OG_12880	8	9	9	1.0
OG_12881	7	7	10	1.0
OG_12882	11	12	17	1.0
OG_12883	12	13	23	1.0
OG_12884	2	2	2	1.0
OG_12885	12	14	18	1.0
OG_12886	9	11	18	1.0
OG_12887	12	13	15	1.0
OG_12888	3	6	6	1.0
OG_12889	12	19	64	0.9708
OG_12890	3	3	3	1.0
OG_12891	10	11	11	1.0
OG_12892	7	7	7	1.0
OG_12893	12	13	17	1.0
OG_12894	2	2	2	1.0
OG_12895	8	8	10	1.0
OG_12896	6	7	7	1.0
OG_12897	9	10	13	1.0
OG_12898	2	2	2	1.0
OG_12899	12	32	56	0.9677
OG_12900	11	15	17	0.8667
OG_12901	2	2	3	1.0
OG_12902	5	6	6	1.0
OG_12903	12	14	16	1.0
OG_12904	2	2	2	1.0
OG_12905	9	10	11	1.0
OG_12906	12	12	15	1.0
OG_12907	12	13	19	1.0
OG_12908	10	13	14	0.9872
OG_12909	2	3	3	0.6667
OG_12910	5	6	6	0.6
OG_12911	2	2	2	1.0
OG_12912	12	28	36	0.9048
OG_12913	2	2	2	1.0
OG_12914	2	2	2	1.0
OG_12915	2	2	2	1.0
OG_12916	3	4	4	1.0
OG_12917	3	3	3	0.6667
OG_12918	2	2	2	1.0
OG_12919	2	6	7	0.5333
OG_12920	2	4	4	1.0
OG_12921	2	5	5	1.0
OG_12922	2	2	2	1.0
OG_12923	2	2	2	1.0
OG_12924	5	11	13	0.9455
OG_12925	12	14	14	1.0
OG_12926	2	2	2	1.0
OG_12927	12	13	16	0.9872
OG_12928	11	14	17	1.0
OG_12929	12	13	14	1.0
OG_12930	8	8	8	1.0
OG_12931	2	2	2	1.0
OG_12932	12	13	14	1.0
OG_12933	7	7	7	1.0
OG_12934	8	9	9	0.9444
OG_12935	12	12	14	1.0
OG_12936	12	20	20	0.9684
OG_12937	11	11	18	1.0
OG_12938	12	14	15	1.0
OG_12939	12	18	22	1.0
OG_12940	12	12	13	1.0
OG_12941	12	13	17	0.8718
OG_12942	7	7	9	1.0
OG_12943	12	13	15	1.0
OG_12944	12	13	16	1.0
OG_12945	11	13	15	1.0
OG_12946	12	13	17	1.0
OG_12947	12	13	13	1.0
OG_12948	2	2	2	1.0
OG_12949	12	14	16	0.978
OG_12950	12	13	13	1.0
OG_12951	12	13	14	1.0
OG_12952	10	10	16	1.0
OG_12953	10	10	15	1.0
OG_12954	12	12	14	1.0
OG_12955	7	7	8	1.0
OG_12956	12	18	35	0.7255
OG_12957	2	2	5	1.0
OG_12958	12	13	16	1.0
OG_12959	10	10	11	1.0
OG_12960	3	3	3	1.0
OG_12961	2	2	2	1.0
OG_12962	3	3	3	1.0
OG_12963	3	4	5	1.0
OG_12964	6	8	8	0.8571
OG_12965	12	13	17	1.0
OG_12966	12	17	21	1.0
OG_12967	10	11	19	1.0
OG_12968	12	14	17	1.0
OG_12969	12	13	16	1.0
OG_12970	12	13	16	1.0
OG_12971	12	15	20	1.0
OG_12972	2	2	2	1.0
OG_12973	2	2	3	1.0
OG_12974	12	14	15	1.0
OG_12975	12	17	21	1.0
OG_12976	12	15	19	0.8857
OG_12977	9	9	9	1.0
OG_12978	12	12	16	1.0
OG_12979	12	13	14	1.0
OG_12980	12	13	15	1.0
OG_12981	12	12	18	1.0
OG_12982	12	12	16	1.0
OG_12983	12	17	18	1.0
OG_12984	4	6	6	1.0
OG_12985	12	12	13	1.0
OG_12986	12	12	16	1.0
OG_12987	12	12	14	1.0
OG_12988	7	8	8	1.0
OG_12989	12	13	15	1.0
OG_12990	11	13	14	1.0
OG_12991	10	11	13	1.0
OG_12992	12	31	34	0.9763
OG_12993	12	12	21	1.0
OG_12994	12	13	17	1.0
OG_12995	12	14	24	1.0
OG_12996	12	13	14	1.0
OG_12997	10	10	16	1.0
OG_12998	11	11	14	1.0
OG_12999	12	12	13	1.0
OG_13000	9	9	9	1.0
OG_13001	9	9	9	1.0
OG_13002	12	15	32	0.8952
OG_13003	9	13	18	1.0
OG_13004	12	12	12	1.0
OG_13005	11	12	16	1.0
OG_13006	3	4	5	0.8333
OG_13007	10	13	15	1.0
OG_13008	9	10	10	1.0
OG_13009	9	15	17	0.9524
OG_13010	12	12	12	1.0
OG_13011	12	13	19	1.0
OG_13012	11	12	14	1.0
OG_13013	7	7	7	1.0
OG_13014	2	2	2	1.0
OG_13015	12	13	15	0.9744
OG_13016	3	3	3	1.0
OG_13017	11	11	14	1.0
OG_13018	10	11	11	1.0
OG_13019	10	22	30	0.8615
OG_13020	12	12	15	1.0
OG_13021	12	12	12	1.0
OG_13022	8	8	9	1.0
OG_13023	12	12	12	1.0
OG_13024	2	3	4	1.0
OG_13025	9	10	10	1.0
OG_13026	12	15	21	1.0
OG_13027	12	13	14	1.0
OG_13028	11	12	14	1.0
OG_13029	12	14	17	1.0
OG_13030	12	14	32	1.0
OG_13031	12	14	15	1.0
OG_13032	12	13	17	1.0
OG_13033	9	9	13	1.0
OG_13034	12	15	22	1.0
OG_13035	12	13	13	0.9872
OG_13036	2	4	4	0.8333
OG_13037	12	15	24	1.0
OG_13038	12	15	18	1.0
OG_13039	9	9	9	1.0
OG_13040	12	12	13	1.0
OG_13041	9	9	9	1.0
OG_13042	12	18	29	0.8889
OG_13043	12	13	13	1.0
OG_13044	12	13	13	0.9231
OG_13045	12	12	13	1.0
OG_13046	12	12	28	1.0
OG_13047	9	10	11	1.0
OG_13048	11	12	12	1.0
OG_13049	11	12	13	1.0
OG_13050	8	9	9	1.0
OG_13051	12	15	20	0.9619
OG_13052	8	8	8	1.0
OG_13053	12	12	13	1.0
OG_13054	3	3	3	1.0
OG_13055	12	13	13	1.0
OG_13056	12	14	14	1.0
OG_13057	2	2	3	1.0
OG_13058	12	13	16	1.0
OG_13059	12	16	18	1.0
OG_13060	12	13	15	1.0
OG_13061	12	15	18	1.0
OG_13062	12	12	16	1.0
OG_13063	2	3	3	1.0
OG_13064	12	15	19	0.9905
OG_13065	12	13	17	1.0
OG_13066	12	13	13	1.0
OG_13067	12	12	14	1.0
OG_13068	12	12	15	1.0
OG_13069	12	14	14	1.0
OG_13070	12	13	14	1.0
OG_13071	2	3	4	0.6667
OG_13072	11	11	20	1.0
OG_13073	12	14	14	1.0
OG_13074	12	15	19	1.0
OG_13075	11	13	16	1.0
OG_13076	12	14	17	1.0
OG_13077	12	14	16	1.0
OG_13078	11	11	18	1.0
OG_13079	10	10	12	0.9778
OG_13080	10	11	12	1.0
OG_13081	9	9	10	1.0
OG_13082	12	12	15	1.0
OG_13083	2	2	2	1.0
OG_13084	9	12	12	1.0
OG_13085	12	13	14	1.0
OG_13086	12	13	13	1.0
OG_13087	12	12	15	1.0
OG_13088	9	9	11	1.0
OG_13089	10	10	12	1.0
OG_13090	10	12	12	1.0
OG_13091	12	15	17	1.0
OG_13092	2	2	2	1.0
OG_13093	8	8	9	1.0
OG_13094	8	8	8	1.0
OG_13095	7	7	7	0.9048
OG_13096	8	9	9	1.0
OG_13097	12	16	20	1.0
OG_13098	12	15	22	0.981
OG_13099	8	8	10	1.0
OG_13100	10	11	12	0.7091
OG_13101	3	3	3	0.6667
OG_13102	12	12	19	1.0
OG_13103	12	13	14	1.0
OG_13104	10	11	15	1.0
OG_13105	10	11	14	1.0
OG_13106	2	2	2	1.0
OG_13107	9	10	10	0.8222
OG_13108	11	11	11	1.0
OG_13109	2	2	2	1.0
OG_13110	2	3	3	0.6667
OG_13111	11	19	19	0.9532
OG_13112	8	10	10	0.9778
OG_13113	2	2	2	1.0
OG_13114	12	13	14	1.0
OG_13115	2	2	14	1.0
OG_13116	5	8	8	1.0
OG_13117	3	3	5	0.6667
OG_13118	11	11	13	1.0
OG_13119	2	2	2	1.0
OG_13120	5	6	6	1.0
OG_13121	2	3	3	0.6667
OG_13122	9	11	11	0.9818
OG_13123	7	9	10	1.0
OG_13124	2	2	2	1.0
OG_13125	4	8	8	0.6429
OG_13126	2	2	2	1.0
OG_13127	2	2	3	1.0
OG_13128	2	2	3	1.0
OG_13129	2	2	2	1.0
OG_13130	2	2	2	1.0
OG_13131	12	13	22	1.0
OG_13132	9	15	18	0.8762
OG_13133	2	2	2	1.0
OG_13134	2	2	2	1.0
OG_13135	9	32	35	0.8569
OG_13136	2	2	2	1.0
OG_13137	11	13	15	1.0
OG_13138	2	3	3	0.6667
OG_13139	2	2	2	1.0
OG_13140	12	13	17	1.0
OG_13141	8	8	11	1.0
OG_13142	2	2	2	1.0
OG_13143	2	2	2	1.0
OG_13144	2	2	5	1.0
OG_13145	2	2	2	1.0
OG_13146	2	2	2	1.0
OG_13147	2	2	2	1.0
OG_13148	2	2	2	1.0
OG_13149	2	2	2	1.0
OG_13150	7	33	38	0.8561
OG_13151	2	2	3	1.0
OG_13152	2	2	2	1.0
OG_13153	2	2	2	1.0
OG_13154	2	2	2	1.0
OG_13155	2	2	2	1.0
OG_13156	12	12	14	1.0
OG_13157	2	6	7	0.7333
OG_13158	9	10	16	1.0
OG_13159	2	2	2	1.0
OG_13160	10	10	10	1.0
OG_13161	3	4	7	0.8333
OG_13162	2	2	2	1.0
OG_13163	9	13	13	0.9872
OG_13164	2	2	2	1.0
OG_13165	2	2	2	1.0
OG_13166	2	2	2	1.0
OG_13167	2	2	2	1.0
OG_13168	2	2	2	1.0
OG_13169	2	2	2	1.0
OG_13170	2	2	2	1.0
OG_13171	2	2	2	1.0
OG_13172	2	2	3	1.0
OG_13173	8	10	10	0.6889
OG_13174	2	2	2	1.0
OG_13175	9	48	53	0.6915
OG_13176	2	2	2	1.0
OG_13177	2	3	3	0.6667
OG_13178	2	2	2	1.0
OG_13179	2	2	2	1.0
OG_13180	2	2	2	1.0
OG_13181	2	2	2	1.0
OG_13182	2	2	2	1.0
OG_13183	2	2	2	1.0
OG_13184	2	3	4	0.6667
OG_13185	3	7	11	0.9524
OG_13186	12	14	15	0.967
OG_13187	11	37	38	0.9144
OG_13188	3	8	10	1.0
OG_13189	2	2	3	1.0
OG_13190	8	8	11	1.0
OG_13191	2	2	2	1.0
OG_13192	11	46	64	0.9942
OG_13193	2	2	2	1.0
OG_13194	2	2	2	1.0
OG_13195	2	2	3	1.0
OG_13196	2	2	2	1.0
OG_13197	6	8	8	1.0
OG_13198	2	2	2	1.0
OG_13199	2	3	3	0.6667
OG_13200	2	2	2	1.0
OG_13201	2	2	2	1.0
OG_13202	2	2	2	1.0
OG_13203	2	2	2	1.0
OG_13204	11	32	39	0.8226
OG_13205	11	14	15	1.0
OG_13206	2	2	3	1.0
OG_13207	2	2	3	1.0
OG_13208	2	2	2	1.0
OG_13209	2	9	9	0.6111
OG_13210	2	2	2	1.0
OG_13211	2	2	2	1.0
OG_13212	2	2	2	1.0
OG_13213	12	15	20	1.0
OG_13214	12	12	15	1.0
OG_13215	2	2	4	1.0
OG_13216	9	9	11	1.0
OG_13217	12	19	25	1.0
OG_13218	11	11	13	0.9273
OG_13219	3	3	4	0.6667
OG_13220	10	14	18	1.0
OG_13221	12	13	15	1.0
OG_13222	11	11	12	1.0
OG_13223	11	13	16	1.0
OG_13224	10	10	14	1.0
OG_13225	6	11	11	1.0
OG_13226	9	16	17	0.9167
OG_13227	3	3	3	1.0
OG_13228	3	3	3	1.0
OG_13229	4	5	5	0.9
OG_13230	10	12	13	1.0
OG_13231	8	8	12	1.0
OG_13232	10	11	12	1.0
OG_13233	2	3	3	0.6667
OG_13234	7	9	9	0.5833
OG_13235	12	12	23	1.0
OG_13236	12	13	18	1.0
OG_13237	12	12	12	1.0
OG_13238	12	13	22	1.0
OG_13239	2	2	2	1.0
OG_13240	8	9	9	1.0
OG_13241	12	12	15	1.0
OG_13242	6	9	9	1.0
OG_13243	9	10	10	1.0
OG_13244	7	7	15	0.5714
OG_13245	9	9	10	1.0
OG_13246	11	15	24	0.9048
OG_13247	12	18	24	0.9477
OG_13248	12	13	14	1.0
OG_13249	9	10	13	1.0
OG_13250	12	13	15	1.0
OG_13251	11	12	16	1.0
OG_13252	8	9	9	1.0
OG_13253	7	8	9	0.8929
OG_13254	12	13	15	1.0
OG_13255	8	8	9	1.0
OG_13256	12	14	20	1.0
OG_13257	6	16	16	0.8917
OG_13258	5	5	5	1.0
OG_13259	2	2	2	1.0
OG_13260	2	2	2	1.0
OG_13261	12	13	13	1.0
OG_13262	12	18	25	0.6601
OG_13263	9	9	9	1.0
OG_13264	9	11	12	1.0
OG_13265	12	12	13	1.0
OG_13266	2	2	2	1.0
OG_13267	12	14	16	1.0
OG_13268	4	4	4	1.0
OG_13269	12	15	20	1.0
OG_13270	11	11	14	1.0
OG_13271	11	11	13	1.0
OG_13272	12	13	16	1.0
OG_13273	9	63	64	0.3707
OG_13274	11	12	12	1.0
OG_13275	12	13	20	0.9872
OG_13276	10	11	11	1.0
OG_13277	6	8	10	1.0
OG_13278	8	8	8	1.0
OG_13279	11	11	17	1.0
OG_13280	3	3	4	0.6667
OG_13281	11	11	14	1.0
OG_13282	2	2	2	1.0
OG_13283	2	2	2	1.0
OG_13284	2	4	4	1.0
OG_13285	9	9	13	1.0
OG_13286	2	2	2	1.0
OG_13287	10	17	17	1.0
OG_13288	8	19	22	0.8538
OG_13289	2	3	3	1.0
OG_13290	2	2	2	1.0
OG_13291	7	7	8	1.0
OG_13292	11	12	12	1.0
OG_13293	2	4	11	1.0
OG_13294	12	37	45	0.9535
OG_13295	12	16	22	1.0
OG_13296	9	9	10	0.8611
OG_13297	10	18	21	1.0
OG_13298	12	14	17	1.0
OG_13299	2	4	5	0.8333
OG_13300	12	15	16	1.0
OG_13301	9	17	17	1.0
OG_13302	12	28	31	1.0
OG_13303	12	14	18	1.0
OG_13304	12	22	26	1.0
OG_13305	9	17	17	0.9412
OG_13306	12	19	19	0.9942
OG_13307	12	14	15	1.0
OG_13308	3	3	4	1.0
OG_13309	9	14	19	1.0
OG_13310	9	9	10	1.0
OG_13311	2	3	3	1.0
OG_13312	12	13	17	1.0
OG_13313	12	14	17	1.0
OG_13314	10	12	14	1.0
OG_13315	12	12	21	0.9848
OG_13316	10	36	60	0.8254
OG_13317	10	11	13	1.0
OG_13318	11	12	14	1.0
OG_13319	12	12	19	1.0
OG_13320	2	2	3	1.0
OG_13321	11	12	16	1.0
OG_13322	7	8	10	1.0
OG_13323	7	7	9	1.0
OG_13324	12	17	22	0.9706
OG_13325	12	12	13	1.0
OG_13326	7	7	10	1.0
OG_13327	9	43	49	0.8549
OG_13328	9	10	13	1.0
OG_13329	8	8	8	1.0
OG_13330	10	10	16	1.0
OG_13331	12	12	17	1.0
OG_13332	12	16	25	1.0
OG_13333	12	12	14	1.0
OG_13334	12	12	32	1.0
OG_13335	9	9	15	1.0
OG_13336	10	11	21	1.0
OG_13337	9	12	21	1.0
OG_13338	9	9	10	1.0
OG_13339	9	14	21	1.0
OG_13340	12	14	17	1.0
OG_13341	6	6	7	1.0
OG_13342	11	12	13	1.0
OG_13343	2	6	7	1.0
OG_13344	9	31	32	0.8473
OG_13345	7	9	13	1.0
OG_13346	12	14	18	1.0
OG_13347	12	16	19	1.0
OG_13348	12	12	16	1.0
OG_13349	12	16	19	0.8417
OG_13350	12	12	15	1.0
OG_13351	12	12	13	1.0
OG_13352	10	13	19	1.0
OG_13353	12	12	14	1.0
OG_13354	12	12	13	1.0
OG_13355	12	83	100	0.685
OG_13356	11	16	24	0.975
OG_13357	10	10	15	1.0
OG_13358	12	14	22	1.0
OG_13359	11	11	17	1.0
OG_13360	9	9	13	1.0
OG_13361	9	11	14	1.0
OG_13362	6	19	20	0.5322
OG_13363	9	9	19	1.0
OG_13364	11	12	24	1.0
OG_13365	9	10	15	1.0
OG_13366	12	14	15	0.978
OG_13367	12	12	14	1.0
OG_13368	6	28	28	0.545
OG_13369	9	11	11	1.0
OG_13370	9	12	14	1.0
OG_13371	11	17	20	0.9926
OG_13372	2	4	4	0.6667
OG_13373	5	6	6	1.0
OG_13374	12	12	15	0.9394
OG_13375	5	38	40	0.5533
OG_13376	12	22	24	0.7359
OG_13377	12	12	14	1.0
OG_13378	12	12	21	1.0
OG_13379	12	16	17	1.0
OG_13380	11	12	16	0.9848
OG_13381	2	2	3	1.0
OG_13382	7	11	15	1.0
OG_13383	11	11	19	1.0
OG_13384	12	31	50	1.0
OG_13385	8	20	23	1.0
OG_13386	9	9	12	1.0
OG_13387	12	15	19	1.0
OG_13388	12	12	14	1.0
OG_13389	9	9	18	1.0
OG_13390	12	12	21	1.0
OG_13391	12	13	15	1.0
OG_13392	12	18	21	0.7516
OG_13393	12	13	20	1.0
OG_13394	12	12	22	1.0
OG_13395	11	11	15	1.0
OG_13396	12	15	19	0.8286
OG_13397	10	10	14	1.0
OG_13398	6	7	9	1.0
OG_13399	12	13	16	1.0
OG_13400	12	26	33	1.0
OG_13401	12	16	28	1.0
OG_13402	12	12	13	1.0
OG_13403	12	12	16	1.0
OG_13404	12	13	15	1.0
OG_13405	11	11	13	1.0
OG_13406	7	7	9	1.0
OG_13407	2	2	3	1.0
OG_13408	12	27	39	1.0
OG_13409	12	12	15	1.0
OG_13410	11	11	14	1.0
OG_13411	12	14	15	1.0
OG_13412	12	13	15	1.0
OG_13413	12	14	15	0.989
OG_13414	10	44	52	0.9577
OG_13415	11	19	22	1.0
OG_13416	12	25	34	1.0
OG_13417	10	19	29	1.0
OG_13418	10	12	12	0.9848
OG_13419	12	24	29	1.0
OG_13420	10	11	12	1.0
OG_13421	12	12	13	1.0
OG_13422	8	8	11	1.0
OG_13423	10	11	15	1.0
OG_13424	12	13	16	1.0
OG_13425	12	13	13	1.0
OG_13426	12	14	16	1.0
OG_13427	12	13	14	1.0
OG_13428	12	17	21	0.7132
OG_13429	9	10	11	1.0
OG_13430	12	12	14	1.0
OG_13431	4	5	7	1.0
OG_13432	10	10	11	1.0
OG_13433	12	12	14	1.0
OG_13434	2	4	6	1.0
OG_13435	7	17	35	1.0
OG_13436	12	15	20	1.0
OG_13437	12	12	13	1.0
OG_13438	12	39	50	1.0
OG_13439	12	13	16	1.0
OG_13440	8	8	11	1.0
OG_13441	6	10	16	1.0
OG_13442	12	12	15	1.0
OG_13443	11	23	29	1.0
OG_13444	8	8	8	0.8571
OG_13445	6	6	6	0.9333
OG_13446	12	14	16	0.8681
OG_13447	12	16	18	1.0
OG_13448	11	11	13	1.0
OG_13449	9	11	17	0.9818
OG_13450	12	14	17	1.0
OG_13451	10	11	11	1.0
OG_13452	12	12	13	1.0
OG_13453	3	6	10	0.9333
OG_13454	12	13	14	1.0
OG_13455	2	3	4	1.0
OG_13456	11	20	25	0.7789
OG_13457	11	12	13	0.9242
OG_13458	12	12	14	1.0
OG_13459	8	13	14	1.0
OG_13460	12	16	25	0.8
OG_13461	9	10	16	1.0
OG_13462	8	10	11	1.0
OG_13463	10	13	18	0.9872
OG_13464	12	13	15	1.0
OG_13465	12	12	18	1.0
OG_13466	6	12	13	1.0
OG_13467	12	13	17	1.0
OG_13468	12	14	18	1.0
OG_13469	12	12	14	1.0
OG_13470	11	19	20	1.0
OG_13471	11	17	21	1.0
OG_13472	12	12	19	1.0
OG_13473	11	14	16	1.0
OG_13474	7	8	9	1.0
OG_13475	12	12	15	1.0
OG_13476	12	15	47	1.0
OG_13477	11	12	16	0.8333
OG_13478	12	13	18	1.0
OG_13479	12	57	65	0.8835
OG_13480	12	13	15	1.0
OG_13481	12	19	29	1.0
OG_13482	7	8	12	1.0
OG_13483	9	11	13	1.0
OG_13484	7	14	16	0.978
OG_13485	6	7	9	1.0
OG_13486	6	16	21	1.0
OG_13487	12	16	21	1.0
OG_13488	12	13	14	1.0
OG_13489	12	12	14	1.0
OG_13490	12	12	14	1.0
OG_13491	12	21	33	1.0
OG_13492	11	11	16	1.0
OG_13493	12	20	23	1.0
OG_13494	12	12	14	1.0
OG_13495	12	12	18	1.0
OG_13496	12	14	17	1.0
OG_13497	12	17	33	1.0
OG_13498	12	12	17	1.0
OG_13499	10	11	12	1.0
OG_13500	9	13	14	1.0
OG_13501	12	12	17	1.0
OG_13502	10	11	15	1.0
OG_13503	12	17	21	0.9779
OG_13504	9	13	16	1.0
OG_13505	10	30	35	1.0
OG_13506	12	13	19	1.0
OG_13507	12	12	16	1.0
OG_13508	12	12	18	1.0
OG_13509	12	13	16	1.0
OG_13510	12	15	16	1.0
OG_13511	9	15	17	0.8857
OG_13512	11	12	13	1.0
OG_13513	12	18	24	0.7386
OG_13514	2	2	2	1.0
OG_13515	12	15	20	1.0
OG_13516	12	15	16	1.0
OG_13517	9	9	10	1.0
OG_13518	12	12	14	1.0
OG_13519	2	3	3	1.0
OG_13520	11	18	21	1.0
OG_13521	9	13	22	1.0
OG_13522	8	16	21	1.0
OG_13523	11	12	17	0.8788
OG_13524	12	15	16	1.0
OG_13525	12	12	14	1.0
OG_13526	12	13	18	1.0
OG_13527	10	13	16	1.0
OG_13528	9	10	11	1.0
OG_13529	9	9	12	1.0
OG_13530	11	17	20	1.0
OG_13531	12	12	13	1.0
OG_13532	12	13	14	1.0
OG_13533	10	11	17	1.0
OG_13534	9	10	11	1.0
OG_13535	12	13	17	1.0
OG_13536	9	9	15	1.0
OG_13537	11	54	64	0.963
OG_13538	10	11	21	1.0
OG_13539	4	5	7	1.0
OG_13540	12	15	15	1.0
OG_13541	12	37	49	0.9474
OG_13542	4	6	7	1.0
OG_13543	9	11	11	0.9273
OG_13544	10	35	38	0.837
OG_13545	12	12	16	1.0
OG_13546	9	9	15	1.0
OG_13547	12	26	48	0.9262
OG_13548	12	15	18	1.0
OG_13549	7	33	40	0.6572
OG_13550	9	10	12	0.9333
OG_13551	8	19	22	0.9064
OG_13552	12	14	16	1.0
OG_13553	2	2	3	1.0
OG_13554	12	15	18	1.0
OG_13555	12	13	17	1.0
OG_13556	6	11	12	1.0
OG_13557	10	87	97	0.6897
OG_13558	2	2	2	1.0
OG_13559	10	27	38	1.0
OG_13560	12	13	14	1.0
OG_13561	9	10	11	1.0
OG_13562	12	18	23	0.8954
OG_13563	9	9	10	1.0
OG_13564	12	13	19	1.0
OG_13565	9	9	11	1.0
OG_13566	9	9	10	1.0
OG_13567	12	12	15	1.0
OG_13568	10	27	52	0.6097
OG_13569	11	11	19	1.0
OG_13570	12	12	15	1.0
OG_13571	11	12	14	1.0
OG_13572	11	11	12	1.0
OG_13573	4	9	9	1.0
OG_13574	6	27	32	0.963
OG_13575	2	2	2	1.0
OG_13576	5	6	7	1.0
OG_13577	12	12	14	1.0
OG_13578	12	13	16	1.0
OG_13579	9	10	13	1.0
OG_13580	11	12	16	0.7273
OG_13581	11	12	19	1.0
OG_13582	12	13	15	1.0
OG_13583	10	11	14	0.9818
OG_13584	12	13	17	1.0
OG_13585	12	13	15	1.0
OG_13586	12	12	14	1.0
OG_13587	8	9	13	1.0
OG_13588	12	14	15	1.0
OG_13589	8	10	13	1.0
OG_13590	8	8	8	1.0
OG_13591	12	12	14	0.6364
OG_13592	4	6	6	0.9333
OG_13593	6	7	8	1.0
OG_13594	12	12	13	1.0
OG_13595	7	8	13	1.0
OG_13596	12	12	15	1.0
OG_13597	10	10	10	1.0
OG_13598	12	12	13	1.0
OG_13599	9	11	16	1.0
OG_13600	10	64	75	0.7629
OG_13601	12	12	14	1.0
OG_13602	12	12	16	1.0
OG_13603	11	11	14	1.0
OG_13604	12	16	20	1.0
OG_13605	12	27	33	0.8462
OG_13606	12	13	14	1.0
OG_13607	8	10	15	1.0
OG_13608	12	15	19	1.0
OG_13609	12	14	16	1.0
OG_13610	12	14	19	1.0
OG_13611	12	12	23	1.0
OG_13612	5	5	7	1.0
OG_13613	9	11	12	1.0
OG_13614	10	12	22	1.0
OG_13615	12	24	28	1.0
OG_13616	7	18	23	1.0
OG_13617	8	17	18	0.9926
OG_13618	8	8	8	1.0
OG_13619	12	26	39	0.9815
OG_13620	10	15	17	1.0
OG_13621	12	13	16	1.0
OG_13622	8	8	9	1.0
OG_13623	12	12	14	1.0
OG_13624	11	12	12	1.0
OG_13625	12	13	14	1.0
OG_13626	12	21	21	1.0
OG_13627	9	12	12	1.0
OG_13628	2	4	4	1.0
OG_13629	8	8	8	1.0
OG_13630	3	3	3	1.0
OG_13631	10	10	18	1.0
OG_13632	12	13	16	1.0
OG_13633	12	27	37	0.9288
OG_13634	12	12	13	1.0
OG_13635	12	18	22	1.0
OG_13636	9	9	10	1.0
OG_13637	7	7	7	1.0
OG_13638	11	12	15	0.9242
OG_13639	7	7	9	1.0
OG_13640	10	14	14	1.0
OG_13641	11	11	17	1.0
OG_13642	7	12	13	1.0
OG_13643	7	19	22	1.0
OG_13644	7	10	14	0.8444
OG_13645	5	6	6	1.0
OG_13646	12	12	13	1.0
OG_13647	10	10	10	1.0
OG_13648	9	9	9	1.0
OG_13649	2	2	3	1.0
OG_13650	4	4	9	1.0
OG_13651	12	13	22	1.0
OG_13652	12	14	15	1.0
OG_13653	5	12	15	0.7879
OG_13654	12	13	16	1.0
OG_13655	12	13	14	1.0
OG_13656	9	9	10	1.0
OG_13657	12	12	12	1.0
OG_13658	11	18	24	1.0
OG_13659	10	19	20	1.0
OG_13660	7	8	8	1.0
OG_13661	12	19	25	1.0
OG_13662	12	12	13	1.0
OG_13663	9	9	11	1.0
OG_13664	12	21	44	1.0
OG_13665	12	12	12	1.0
OG_13666	12	12	18	1.0
OG_13667	12	12	16	1.0
OG_13668	12	14	16	0.956
OG_13669	11	18	21	1.0
OG_13670	12	13	15	1.0
OG_13671	10	10	19	1.0
OG_13672	7	7	7	1.0
OG_13673	12	12	15	0.9394
OG_13674	11	12	12	1.0
OG_13675	12	12	12	1.0
OG_13676	4	10	10	1.0
OG_13677	11	12	14	1.0
OG_13678	11	14	19	1.0
OG_13679	12	20	42	0.9368
OG_13680	10	11	14	0.9818
OG_13681	11	13	14	0.9744
OG_13682	6	6	7	1.0
OG_13683	3	4	4	1.0
OG_13684	12	48	49	0.9991
OG_13685	12	14	19	1.0
OG_13686	12	15	16	1.0
OG_13687	9	11	11	1.0
OG_13688	12	15	15	1.0
OG_13689	12	13	14	1.0
OG_13690	9	9	10	1.0
OG_13691	12	17	19	0.8824
OG_13692	12	12	13	1.0
OG_13693	11	11	11	1.0
OG_13694	12	12	16	1.0
OG_13695	3	3	3	1.0
OG_13696	12	12	12	1.0
OG_13697	9	9	9	1.0
OG_13698	10	10	10	1.0
OG_13699	2	2	2	1.0
OG_13700	10	10	14	1.0
OG_13701	11	13	18	0.8205
OG_13702	9	9	9	1.0
OG_13703	11	26	33	0.9969
OG_13704	2	2	2	1.0
OG_13705	10	10	10	1.0
OG_13706	9	9	9	1.0
OG_13707	10	10	11	1.0
OG_13708	11	11	16	1.0
OG_13709	12	15	19	1.0
OG_13710	7	28	28	0.9921
OG_13711	2	5	5	0.8
OG_13712	6	6	6	1.0
OG_13713	7	7	7	1.0
OG_13714	12	12	15	1.0
OG_13715	8	15	17	1.0
OG_13716	11	12	14	1.0
OG_13717	12	12	16	1.0
OG_13718	5	5	5	1.0
OG_13719	2	2	2	1.0
OG_13720	7	8	10	1.0
OG_13721	10	10	14	1.0
OG_13722	11	11	18	1.0
OG_13723	8	8	10	1.0
OG_13724	10	12	14	1.0
OG_13725	11	15	24	0.8476
OG_13726	10	10	10	1.0
OG_13727	12	13	13	1.0
OG_13728	12	14	17	1.0
OG_13729	4	4	4	1.0
OG_13730	11	33	34	0.9792
OG_13731	11	11	11	1.0
OG_13732	12	16	21	1.0
OG_13733	12	16	23	0.9417
OG_13734	12	14	19	1.0
OG_13735	12	12	16	1.0
OG_13736	9	15	20	0.9238
OG_13737	10	10	12	1.0
OG_13738	9	10	10	1.0
OG_13739	12	12	15	1.0
OG_13740	10	12	23	1.0
OG_13741	12	31	38	0.9935
OG_13742	10	11	11	1.0
OG_13743	11	12	13	1.0
OG_13744	9	10	12	1.0
OG_13745	2	2	2	1.0
OG_13746	8	9	16	1.0
OG_13747	8	15	17	0.981
OG_13748	2	2	2	1.0
OG_13749	9	10	10	1.0
OG_13750	12	15	19	1.0
OG_13751	12	20	20	1.0
OG_13752	7	7	7	1.0
OG_13753	10	11	14	1.0
OG_13754	10	10	12	1.0
OG_13755	7	7	7	1.0
OG_13756	2	3	4	1.0
OG_13757	12	12	12	1.0
OG_13758	9	10	10	1.0
OG_13759	11	11	13	1.0
OG_13760	12	14	19	1.0
OG_13761	11	11	11	1.0
OG_13762	11	14	24	0.6703
OG_13763	11	11	11	1.0
OG_13764	2	4	4	1.0
OG_13765	12	12	12	1.0
OG_13766	7	8	8	1.0
OG_13767	12	12	12	1.0
OG_13768	9	9	10	1.0
OG_13769	12	12	19	1.0
OG_13770	12	12	12	1.0
OG_13771	11	11	14	1.0
OG_13772	2	2	2	1.0
OG_13773	10	12	12	1.0
OG_13774	12	12	13	1.0
OG_13775	12	12	12	1.0
OG_13776	7	7	8	1.0
OG_13777	12	12	14	1.0
OG_13778	12	24	26	0.9601
OG_13779	6	7	11	1.0
OG_13780	12	12	16	0.9848
OG_13781	12	14	14	1.0
OG_13782	11	11	17	1.0
OG_13783	11	11	16	1.0
OG_13784	12	13	17	1.0
OG_13785	10	12	13	1.0
OG_13786	8	46	51	0.9517
OG_13787	10	10	12	1.0
OG_13788	12	27	29	0.9231
OG_13789	10	12	13	1.0
OG_13790	10	21	22	0.819
OG_13791	12	14	20	1.0
OG_13792	11	16	17	0.825
OG_13793	12	15	17	1.0
OG_13794	12	12	18	1.0
OG_13795	10	24	31	0.9891
OG_13796	10	12	16	1.0
OG_13797	12	13	16	1.0
OG_13798	2	2	2	1.0
OG_13799	12	12	17	1.0
OG_13800	11	12	12	1.0
OG_13801	12	13	19	1.0
OG_13802	3	8	8	1.0
OG_13803	12	12	13	1.0
OG_13804	12	12	18	1.0
OG_13805	12	12	22	1.0
OG_13806	11	11	11	1.0
OG_13807	11	12	13	1.0
OG_13808	10	23	24	0.5059
OG_13809	12	14	14	0.9231
OG_13810	12	13	13	1.0
OG_13811	12	12	13	1.0
OG_13812	12	12	15	1.0
OG_13813	11	11	12	1.0
OG_13814	3	3	3	1.0
OG_13815	9	22	28	0.9264
OG_13816	10	12	15	0.9242
OG_13817	12	12	13	1.0
OG_13818	12	18	19	1.0
OG_13819	3	4	4	1.0
OG_13820	11	11	12	1.0
OG_13821	12	14	18	1.0
OG_13822	3	3	3	1.0
OG_13823	8	8	8	1.0
OG_13824	6	6	6	1.0
OG_13825	12	15	17	1.0
OG_13826	12	14	15	0.8462
OG_13827	7	7	7	1.0
OG_13828	12	18	18	1.0
OG_13829	12	15	18	0.7905
OG_13830	10	12	18	1.0
OG_13831	10	19	19	1.0
OG_13832	12	12	17	1.0
OG_13833	12	13	14	1.0
OG_13834	9	9	12	1.0
OG_13835	7	15	16	1.0
OG_13836	2	2	2	1.0
OG_13837	8	8	8	1.0
OG_13838	9	9	9	1.0
OG_13839	12	41	73	0.9134
OG_13840	9	9	21	1.0
OG_13841	9	10	10	1.0
OG_13842	9	9	10	1.0
OG_13843	9	11	14	1.0
OG_13844	11	17	17	1.0
OG_13845	11	11	11	1.0
OG_13846	12	13	14	1.0
OG_13847	10	11	12	1.0
OG_13848	7	8	8	1.0
OG_13849	12	12	16	1.0
OG_13850	12	12	16	1.0
OG_13851	12	12	12	1.0
OG_13852	12	12	12	1.0
OG_13853	12	15	17	1.0
OG_13854	9	10	11	1.0
OG_13855	8	9	12	1.0
OG_13856	4	10	11	0.9778
OG_13857	12	18	22	1.0
OG_13858	12	13	14	1.0
OG_13859	10	10	17	1.0
OG_13860	12	15	20	1.0
OG_13861	12	14	15	1.0
OG_13862	2	2	2	1.0
OG_13863	12	13	18	1.0
OG_13864	12	17	19	1.0
OG_13865	8	10	11	1.0
OG_13866	11	11	12	1.0
OG_13867	11	11	14	1.0
OG_13868	10	10	10	1.0
OG_13869	10	10	10	1.0
OG_13870	11	11	13	1.0
OG_13871	12	12	12	1.0
OG_13872	9	10	10	1.0
OG_13873	12	12	15	1.0
OG_13874	12	18	20	0.7255
OG_13875	9	16	20	1.0
OG_13876	9	9	12	1.0
OG_13877	10	11	11	1.0
OG_13878	7	8	9	1.0
OG_13879	12	13	14	1.0
OG_13880	12	14	16	1.0
OG_13881	11	24	24	1.0
OG_13882	12	14	15	1.0
OG_13883	12	13	13	1.0
OG_13884	8	8	9	1.0
OG_13885	11	16	23	0.9917
OG_13886	10	10	10	1.0
OG_13887	12	15	19	1.0
OG_13888	12	12	13	1.0
OG_13889	12	12	17	1.0
OG_13890	12	30	33	0.8598
OG_13891	9	9	11	1.0
OG_13892	12	15	15	1.0
OG_13893	10	10	12	1.0
OG_13894	5	5	5	1.0
OG_13895	7	7	7	1.0
OG_13896	12	12	14	1.0
OG_13897	9	10	10	1.0
OG_13898	6	9	11	1.0
OG_13899	12	13	15	1.0
OG_13900	9	9	9	1.0
OG_13901	12	14	16	1.0
OG_13902	12	12	25	1.0
OG_13903	9	10	11	1.0
OG_13904	12	13	15	1.0
OG_13905	9	12	17	1.0
OG_13906	12	12	13	1.0
OG_13907	12	13	21	1.0
OG_13908	12	18	22	1.0
OG_13909	3	5	5	0.5
OG_13910	3	4	4	1.0
OG_13911	12	13	13	1.0
OG_13912	12	15	15	1.0
OG_13913	12	15	17	0.8571
OG_13914	12	13	20	1.0
OG_13915	12	12	14	1.0
OG_13916	12	15	19	0.8762
OG_13917	2	5	5	1.0
OG_13918	8	20	20	1.0
OG_13919	9	13	15	0.9744
OG_13920	12	13	16	0.7179
OG_13921	12	13	13	1.0
OG_13922	6	7	7	1.0
OG_13923	12	14	14	1.0
OG_13924	10	10	10	1.0
OG_13925	8	8	8	1.0
OG_13926	12	13	14	1.0
OG_13927	12	12	12	1.0
OG_13928	12	12	13	1.0
OG_13929	5	11	11	1.0
OG_13930	7	7	8	1.0
OG_13931	5	9	9	1.0
OG_13932	10	11	11	0.8
OG_13933	11	11	14	0.9455
OG_13934	10	10	15	1.0
OG_13935	12	13	15	1.0
OG_13936	11	11	12	1.0
OG_13937	7	9	10	1.0
OG_13938	3	4	4	1.0
OG_13939	4	5	5	1.0
OG_13940	9	9	9	1.0
OG_13941	5	7	7	1.0
OG_13942	4	6	6	0.9333
OG_13943	5	5	6	1.0
OG_13944	11	11	11	1.0
OG_13945	7	7	7	1.0
OG_13946	6	7	7	1.0
OG_13947	9	11	12	0.8
OG_13948	4	8	9	0.8571
OG_13949	9	11	12	0.8545
OG_13950	12	12	14	1.0
OG_13951	8	15	17	1.0
OG_13952	12	15	20	0.7905
OG_13953	12	12	12	1.0
OG_13954	3	6	9	1.0
OG_13955	12	16	17	1.0
OG_13956	10	10	19	1.0
OG_13957	10	10	11	1.0
OG_13958	12	14	17	1.0
OG_13959	9	11	11	1.0
OG_13960	11	11	15	1.0
OG_13961	12	17	24	1.0
OG_13962	2	2	2	1.0
OG_13963	11	15	20	1.0
OG_13964	12	13	25	1.0
OG_13965	11	13	13	1.0
OG_13966	12	16	26	1.0
OG_13967	12	12	14	1.0
OG_13968	2	2	3	1.0
OG_13969	3	3	3	1.0
OG_13970	12	14	34	1.0
OG_13971	12	13	14	1.0
OG_13972	12	12	28	1.0
OG_13973	6	14	16	1.0
OG_13974	2	4	14	1.0
OG_13975	12	14	15	0.9121
OG_13976	12	12	19	1.0
OG_13977	7	7	7	1.0
OG_13978	12	12	14	1.0
OG_13979	11	12	17	1.0
OG_13980	12	12	18	1.0
OG_13981	11	12	12	1.0
OG_13982	6	6	6	1.0
OG_13983	6	6	6	1.0
OG_13984	12	15	16	1.0
OG_13985	9	9	9	1.0
OG_13986	10	11	11	1.0
OG_13987	9	10	10	1.0
OG_13988	12	21	26	0.9905
OG_13989	3	3	3	1.0
OG_13990	11	15	16	1.0
OG_13991	6	7	7	1.0
OG_13992	11	11	13	1.0
OG_13993	12	16	19	0.9833
OG_13994	11	19	19	1.0
OG_13995	12	13	18	1.0
OG_13996	12	15	16	0.8857
OG_13997	9	10	11	1.0
OG_13998	2	2	2	1.0
OG_13999	11	12	17	1.0
OG_14000	12	12	15	1.0
OG_14001	12	13	20	1.0
OG_14002	12	12	12	1.0
OG_14003	12	12	14	1.0
OG_14004	12	16	18	0.975
OG_14005	8	8	12	1.0
OG_14006	7	18	18	1.0
OG_14007	10	11	12	1.0
OG_14008	12	12	17	1.0
OG_14009	11	11	11	1.0
OG_14010	11	12	18	1.0
OG_14011	9	10	11	1.0
OG_14012	12	12	15	1.0
OG_14013	11	11	11	1.0
OG_14014	9	9	14	1.0
OG_14015	12	15	15	1.0
OG_14016	12	13	13	1.0
OG_14017	10	11	11	1.0
OG_14018	7	7	7	1.0
OG_14019	9	9	9	1.0
OG_14020	11	25	29	0.8667
OG_14021	6	9	10	1.0
OG_14022	5	6	6	1.0
OG_14023	12	12	14	1.0
OG_14024	12	13	16	1.0
OG_14025	8	10	10	0.8222
OG_14026	12	12	12	1.0
OG_14027	7	8	8	0.8929
OG_14028	10	34	36	0.754
OG_14029	12	13	16	1.0
OG_14030	10	21	23	1.0
OG_14031	12	13	13	1.0
OG_14032	11	32	42	0.8669
OG_14033	6	7	8	1.0
OG_14034	3	3	4	1.0
OG_14035	4	6	6	1.0
OG_14036	12	19	21	1.0
OG_14037	9	9	10	1.0
OG_14038	11	22	24	0.9654
OG_14039	11	14	14	0.989
OG_14040	11	11	18	0.8364
OG_14041	12	13	17	1.0
OG_14042	2	2	2	1.0
OG_14043	10	10	10	1.0
OG_14044	11	11	11	1.0
OG_14045	3	4	4	1.0
OG_14046	7	7	8	1.0
OG_14047	7	7	8	1.0
OG_14048	12	14	16	1.0
OG_14049	4	8	8	0.9286
OG_14050	12	12	14	1.0
OG_14051	12	13	14	1.0
OG_14052	12	13	14	1.0
OG_14053	12	13	13	1.0
OG_14054	7	8	9	1.0
OG_14055	11	11	12	0.7091
OG_14056	12	12	13	0.9697
OG_14057	12	12	18	1.0
OG_14058	12	12	15	1.0
OG_14059	12	12	17	1.0
OG_14060	12	12	14	1.0
OG_14061	11	23	24	0.9921
OG_14062	10	11	18	1.0
OG_14063	2	4	4	1.0
OG_14064	7	7	8	1.0
OG_14065	5	17	17	0.7868
OG_14066	12	12	13	1.0
OG_14067	10	10	12	1.0
OG_14068	6	6	6	1.0
OG_14069	12	30	31	1.0
OG_14070	11	11	11	1.0
OG_14071	12	14	18	1.0
OG_14072	6	6	7	1.0
OG_14073	12	13	14	1.0
OG_14074	9	11	13	1.0
OG_14075	5	7	7	1.0
OG_14076	7	7	7	1.0
OG_14077	12	12	12	1.0
OG_14078	5	5	5	1.0
OG_14079	9	45	48	0.899
OG_14080	12	28	33	1.0
OG_14081	12	13	13	1.0
OG_14082	4	5	7	1.0
OG_14083	10	17	19	1.0
OG_14084	9	9	9	1.0
OG_14085	12	13	16	1.0
OG_14086	11	12	12	1.0
OG_14087	5	7	7	1.0
OG_14088	10	10	10	1.0
OG_14089	11	14	16	1.0
OG_14090	9	9	10	1.0
OG_14091	9	10	10	1.0
OG_14092	12	13	13	1.0
OG_14093	2	7	7	1.0
OG_14094	12	12	13	1.0
OG_14095	7	9	10	1.0
OG_14096	7	10	12	1.0
OG_14097	4	4	4	1.0
OG_14098	10	12	12	1.0
OG_14099	6	7	7	1.0
OG_14100	4	12	17	0.9697
OG_14101	11	11	11	1.0
OG_14102	12	13	14	1.0
OG_14103	12	14	16	1.0
OG_14104	6	6	6	1.0
OG_14105	12	13	16	1.0
OG_14106	12	13	15	1.0
OG_14107	11	11	14	0.8727
OG_14108	9	9	14	1.0
OG_14109	11	11	11	1.0
OG_14110	9	10	13	1.0
OG_14111	12	13	16	1.0
OG_14112	12	12	13	1.0
OG_14113	12	12	14	1.0
OG_14114	12	12	12	1.0
OG_14115	7	7	7	1.0
OG_14116	11	19	25	1.0
OG_14117	12	22	26	0.961
OG_14118	10	15	16	0.8571
OG_14119	9	23	32	0.9209
OG_14120	8	24	24	1.0
OG_14121	8	24	28	0.9384
OG_14122	12	14	19	1.0
OG_14123	9	10	12	1.0
OG_14124	12	12	21	1.0
OG_14125	3	3	4	1.0
OG_14126	5	5	5	1.0
OG_14127	12	14	16	1.0
OG_14128	9	9	11	1.0
OG_14129	8	42	48	0.9373
OG_14130	12	12	13	1.0
OG_14131	11	11	15	1.0
OG_14132	12	13	18	1.0
OG_14133	5	6	6	1.0
OG_14134	11	12	13	1.0
OG_14135	9	9	12	1.0
OG_14136	7	9	10	1.0
OG_14137	10	12	14	1.0
OG_14138	12	17	17	0.875
OG_14139	6	6	7	1.0
OG_14140	12	12	14	1.0
OG_14141	12	12	19	1.0
OG_14142	12	12	13	1.0
OG_14143	12	15	18	1.0
OG_14144	12	13	19	1.0
OG_14145	6	7	7	1.0
OG_14146	9	9	9	1.0
OG_14147	12	14	19	1.0
OG_14148	5	6	7	1.0
OG_14149	7	9	13	0.6389
OG_14150	3	3	4	1.0
OG_14151	2	2	3	1.0
OG_14152	3	3	4	1.0
OG_14153	12	12	13	1.0
OG_14154	12	14	14	1.0
OG_14155	6	6	7	1.0
OG_14156	12	12	13	1.0
OG_14157	2	2	2	1.0
OG_14158	11	11	12	1.0
OG_14159	10	12	17	0.9697
OG_14160	12	12	15	1.0
OG_14161	12	12	16	1.0
OG_14162	12	12	13	0.9697
OG_14163	4	4	4	1.0
OG_14164	11	21	28	1.0
OG_14165	12	13	16	0.9487
OG_14166	10	20	21	1.0
OG_14167	10	17	19	1.0
OG_14168	12	13	25	1.0
OG_14169	8	9	9	1.0
OG_14170	12	13	14	1.0
OG_14171	12	12	14	1.0
OG_14172	2	2	2	1.0
OG_14173	7	21	23	1.0
OG_14174	10	15	21	1.0
OG_14175	9	9	9	1.0
OG_14176	3	10	10	0.5111
OG_14177	4	6	7	0.6
OG_14178	2	2	2	1.0
OG_14179	12	12	14	1.0
OG_14180	12	13	14	1.0
OG_14181	11	11	14	1.0
OG_14182	10	13	21	1.0
OG_14183	9	9	10	1.0
OG_14184	12	12	13	1.0
OG_14185	6	11	12	1.0
OG_14186	8	14	18	1.0
OG_14187	9	9	10	1.0
OG_14188	9	10	11	1.0
OG_14189	9	10	13	1.0
OG_14190	11	11	14	1.0
OG_14191	10	10	10	1.0
OG_14192	12	13	14	1.0
OG_14193	12	12	15	1.0
OG_14194	12	16	16	1.0
OG_14195	12	12	13	1.0
OG_14196	12	12	13	1.0
OG_14197	12	12	13	1.0
OG_14198	10	19	23	0.9064
OG_14199	12	12	14	1.0
OG_14200	12	26	33	1.0
OG_14201	12	14	16	1.0
OG_14202	7	17	18	1.0
OG_14203	11	11	11	1.0
OG_14204	6	8	8	1.0
OG_14205	12	15	17	1.0
OG_14206	7	7	7	1.0
OG_14207	11	18	21	1.0
OG_14208	12	12	13	1.0
OG_14209	3	3	3	1.0
OG_14210	10	10	12	1.0
OG_14211	10	10	17	1.0
OG_14212	12	13	14	1.0
OG_14213	11	11	15	1.0
OG_14214	9	9	10	1.0
OG_14215	12	33	35	0.9659
OG_14216	8	8	15	0.75
OG_14217	11	13	14	1.0
OG_14218	12	14	19	1.0
OG_14219	11	15	15	1.0
OG_14220	12	12	12	1.0
OG_14221	9	9	9	1.0
OG_14222	12	14	15	1.0
OG_14223	12	13	16	1.0
OG_14224	12	12	18	1.0
OG_14225	9	10	11	1.0
OG_14226	12	15	16	1.0
OG_14227	12	17	21	0.9559
OG_14228	8	8	17	1.0
OG_14229	2	2	3	1.0
OG_14230	7	12	12	0.9242
OG_14231	7	44	51	0.8594
OG_14232	3	3	3	1.0
OG_14233	11	12	12	1.0
OG_14234	10	10	10	1.0
OG_14235	6	7	8	1.0
OG_14236	6	6	6	1.0
OG_14237	10	11	15	1.0
OG_14238	9	10	10	1.0
OG_14239	12	15	15	1.0
OG_14240	11	12	15	1.0
OG_14241	9	16	22	0.75
OG_14242	10	10	12	1.0
OG_14243	7	8	8	1.0
OG_14244	11	11	11	1.0
OG_14245	12	25	27	0.99
OG_14246	2	2	5	1.0
OG_14247	12	14	16	1.0
OG_14248	12	15	16	0.6571
OG_14249	7	12	12	1.0
OG_14250	9	21	22	0.8333
OG_14251	12	12	12	1.0
OG_14252	12	13	13	1.0
OG_14253	12	13	16	1.0
OG_14254	12	12	15	1.0
OG_14255	12	12	14	1.0
OG_14256	10	10	14	1.0
OG_14257	12	13	14	1.0
OG_14258	9	11	12	1.0
OG_14259	8	12	13	1.0
OG_14260	8	11	11	1.0
OG_14261	11	16	17	1.0
OG_14262	12	12	12	1.0
OG_14263	9	13	14	0.8462
OG_14264	12	16	19	1.0
OG_14265	8	16	18	1.0
OG_14266	10	10	10	0.8222
OG_14267	12	12	13	0.8485
OG_14268	11	11	11	1.0
OG_14269	3	7	7	1.0
OG_14270	12	17	19	1.0
OG_14271	12	13	13	1.0
OG_14272	12	23	30	1.0
OG_14273	6	16	16	1.0
OG_14274	5	5	5	1.0
OG_14275	9	9	13	1.0
OG_14276	2	3	3	0.6667
OG_14277	7	8	11	1.0
OG_14278	8	9	10	1.0
OG_14279	10	12	15	1.0
OG_14280	12	12	12	1.0
OG_14281	11	11	21	1.0
OG_14282	10	43	49	0.9978
OG_14283	12	12	12	1.0
OG_14284	9	9	13	1.0
OG_14285	12	13	13	1.0
OG_14286	2	2	2	1.0
OG_14287	11	13	13	1.0
OG_14288	8	8	8	1.0
OG_14289	12	12	13	1.0
OG_14290	8	8	8	1.0
OG_14291	10	10	10	1.0
OG_14292	11	11	12	1.0
OG_14293	9	13	13	1.0
OG_14294	9	10	23	1.0
OG_14295	2	2	2	1.0
OG_14296	9	13	13	1.0
OG_14297	7	8	11	1.0
OG_14298	11	12	13	1.0
OG_14299	12	14	14	1.0
OG_14300	10	10	14	1.0
OG_14301	10	16	17	1.0
OG_14302	12	15	22	1.0
OG_14303	12	13	14	1.0
OG_14304	11	11	17	1.0
OG_14305	12	12	12	1.0
OG_14306	10	10	10	0.8444
OG_14307	11	14	18	1.0
OG_14308	9	10	15	1.0
OG_14309	11	11	15	1.0
OG_14310	9	9	9	1.0
OG_14311	9	10	12	1.0
OG_14312	10	10	11	1.0
OG_14313	6	7	7	0.9048
OG_14314	10	10	10	1.0
OG_14315	11	13	21	1.0
OG_14316	11	11	19	1.0
OG_14317	11	11	20	1.0
OG_14318	12	13	15	1.0
OG_14319	12	12	12	1.0
OG_14320	8	8	8	1.0
OG_14321	12	12	16	1.0
OG_14322	12	13	19	1.0
OG_14323	10	10	10	1.0
OG_14324	12	16	18	0.9417
OG_14325	12	14	15	1.0
OG_14326	12	12	18	1.0
OG_14327	11	11	13	1.0
OG_14328	11	11	16	1.0
OG_14329	7	9	11	1.0
OG_14330	12	12	13	1.0
OG_14331	8	9	9	0.9722
OG_14332	8	8	8	1.0
OG_14333	10	10	11	1.0
OG_14334	11	13	15	0.9744
OG_14335	6	6	6	1.0
OG_14336	7	7	10	1.0
OG_14337	12	12	14	1.0
OG_14338	11	12	12	1.0
OG_14339	9	10	11	1.0
OG_14340	12	13	15	1.0
OG_14341	12	34	45	0.943
OG_14342	12	12	12	1.0
OG_14343	12	16	19	1.0
OG_14344	10	10	13	1.0
OG_14345	9	9	9	1.0
OG_14346	11	11	12	1.0
OG_14347	12	14	15	1.0
OG_14348	12	15	22	0.8762
OG_14349	3	4	4	1.0
OG_14350	10	19	20	1.0
OG_14351	5	5	5	1.0
OG_14352	11	11	11	1.0
OG_14353	12	12	14	1.0
OG_14354	12	14	14	1.0
OG_14355	12	12	13	1.0
OG_14356	12	13	13	1.0
OG_14357	11	12	13	1.0
OG_14358	12	27	29	1.0
OG_14359	5	6	6	1.0
OG_14360	12	12	17	1.0
OG_14361	10	11	12	1.0
OG_14362	12	13	16	0.8974
OG_14363	8	9	9	1.0
OG_14364	10	12	13	1.0
OG_14365	3	3	3	1.0
OG_14366	7	7	8	1.0
OG_14367	11	11	12	1.0
OG_14368	5	5	7	1.0
OG_14369	9	9	9	1.0
OG_14370	12	12	14	1.0
OG_14371	9	9	11	1.0
OG_14372	12	12	17	1.0
OG_14373	3	7	12	0.8095
OG_14374	12	12	14	1.0
OG_14375	10	13	13	1.0
OG_14376	12	14	16	0.989
OG_14377	4	5	5	1.0
OG_14378	12	12	15	1.0
OG_14379	11	13	18	1.0
OG_14380	10	11	13	1.0
OG_14381	10	10	12	1.0
OG_14382	10	11	12	1.0
OG_14383	10	20	22	0.8684
OG_14384	8	8	8	1.0
OG_14385	12	12	16	1.0
OG_14386	6	7	7	1.0
OG_14387	5	5	5	1.0
OG_14388	12	15	17	1.0
OG_14389	10	23	25	0.8972
OG_14390	12	12	16	1.0
OG_14391	12	14	15	0.978
OG_14392	10	10	11	1.0
OG_14393	7	17	20	0.7132
OG_14394	12	12	14	1.0
OG_14395	12	14	16	1.0
OG_14396	4	6	6	1.0
OG_14397	12	13	17	1.0
OG_14398	9	9	14	1.0
OG_14399	9	9	9	1.0
OG_14400	12	12	12	1.0
OG_14401	12	12	14	1.0
OG_14402	12	12	18	1.0
OG_14403	11	18	18	1.0
OG_14404	6	6	6	1.0
OG_14405	12	14	15	1.0
OG_14406	3	3	4	1.0
OG_14407	7	25	26	0.9467
OG_14408	7	7	7	1.0
OG_14409	12	12	16	1.0
OG_14410	12	12	12	1.0
OG_14411	9	14	16	1.0
OG_14412	7	7	8	1.0
OG_14413	12	12	12	1.0
OG_14414	3	5	5	1.0
OG_14415	8	23	28	0.8735
OG_14416	4	6	7	0.5333
OG_14417	10	10	10	1.0
OG_14418	12	12	13	1.0
OG_14419	9	17	19	0.8824
OG_14420	12	53	73	0.9637
OG_14421	12	13	37	1.0
OG_14422	10	21	33	1.0
OG_14423	8	8	12	1.0
OG_14424	9	10	11	0.9778
OG_14425	9	9	9	1.0
OG_14426	12	13	20	1.0
OG_14427	12	15	20	1.0
OG_14428	10	10	12	1.0
OG_14429	10	11	13	1.0
OG_14430	9	11	12	1.0
OG_14431	10	10	11	1.0
OG_14432	7	8	8	1.0
OG_14433	4	4	5	1.0
OG_14434	12	12	15	1.0
OG_14435	10	10	10	1.0
OG_14436	6	6	7	1.0
OG_14437	8	8	9	1.0
OG_14438	9	9	15	0.9722
OG_14439	12	12	12	1.0
OG_14440	11	11	12	1.0
OG_14441	11	11	13	1.0
OG_14442	9	9	24	1.0
OG_14443	9	10	10	1.0
OG_14444	12	14	16	1.0
OG_14445	12	41	43	1.0
OG_14446	9	9	13	1.0
OG_14447	12	18	18	0.9281
OG_14448	8	9	10	1.0
OG_14449	12	22	25	0.9957
OG_14450	6	8	10	0.9643
OG_14451	12	13	14	1.0
OG_14452	3	3	3	1.0
OG_14453	12	13	16	1.0
OG_14454	12	13	16	1.0
OG_14455	12	14	14	1.0
OG_14456	12	12	14	1.0
OG_14457	12	15	54	1.0
OG_14458	7	14	14	1.0
OG_14459	7	7	7	1.0
OG_14460	4	4	4	1.0
OG_14461	5	9	9	1.0
OG_14462	4	4	4	1.0
OG_14463	8	8	9	0.8571
OG_14464	4	4	4	1.0
OG_14465	5	5	5	1.0
OG_14466	12	12	15	1.0
OG_14467	5	12	12	1.0
OG_14468	11	11	11	1.0
OG_14469	12	12	17	1.0
OG_14470	10	10	13	1.0
OG_14471	9	9	12	1.0
OG_14472	12	13	15	1.0
OG_14473	10	13	19	1.0
OG_14474	9	10	12	1.0
OG_14475	12	12	14	1.0
OG_14476	12	13	15	1.0
OG_14477	12	14	30	1.0
OG_14478	11	11	11	1.0
OG_14479	7	7	9	1.0
OG_14480	12	12	15	1.0
OG_14481	12	15	16	1.0
OG_14482	11	15	18	1.0
OG_14483	11	13	18	1.0
OG_14484	6	6	6	1.0
OG_14485	12	13	19	1.0
OG_14486	12	12	18	1.0
OG_14487	12	12	13	1.0
OG_14488	9	9	10	1.0
OG_14489	11	15	30	1.0
OG_14490	4	4	4	1.0
OG_14491	9	9	10	1.0
OG_14492	12	13	13	1.0
OG_14493	12	12	14	1.0
OG_14494	8	8	8	1.0
OG_14495	12	13	13	1.0
OG_14496	12	13	14	1.0
OG_14497	5	9	10	1.0
OG_14498	8	8	9	1.0
OG_14499	10	10	11	1.0
OG_14500	9	9	9	1.0
OG_14501	11	13	15	1.0
OG_14502	6	7	7	1.0
OG_14503	12	13	17	0.9615
OG_14504	9	9	12	1.0
OG_14505	12	12	19	1.0
OG_14506	12	14	14	1.0
OG_14507	9	12	12	1.0
OG_14508	8	8	9	1.0
OG_14509	10	10	12	1.0
OG_14510	2	2	2	1.0
OG_14511	8	9	9	1.0
OG_14512	10	13	16	0.7949
OG_14513	12	15	26	0.9905
OG_14514	9	10	10	1.0
OG_14515	2	2	2	1.0
OG_14516	11	13	16	1.0
OG_14517	11	11	13	1.0
OG_14518	2	2	2	1.0
OG_14519	3	3	3	0.6667
OG_14520	11	12	13	1.0
OG_14521	12	12	12	1.0
OG_14522	4	4	4	1.0
OG_14523	11	13	15	1.0
OG_14524	12	13	13	1.0
OG_14525	11	11	16	1.0
OG_14526	12	13	16	1.0
OG_14527	11	20	23	1.0
OG_14528	12	14	19	1.0
OG_14529	10	11	12	1.0
OG_14530	12	14	20	1.0
OG_14531	11	16	18	1.0
OG_14532	9	9	10	1.0
OG_14533	10	10	10	1.0
OG_14534	12	14	16	1.0
OG_14535	12	12	13	1.0
OG_14536	11	12	12	1.0
OG_14537	12	14	21	1.0
OG_14538	12	13	15	1.0
OG_14539	11	29	34	1.0
OG_14540	12	15	15	1.0
OG_14541	10	10	10	1.0
OG_14542	12	13	14	1.0
OG_14543	10	12	18	1.0
OG_14544	5	6	8	1.0
OG_14545	7	7	7	1.0
OG_14546	5	5	5	1.0
OG_14547	10	11	11	1.0
OG_14548	12	12	15	1.0
OG_14549	9	20	20	1.0
OG_14550	3	5	5	1.0
OG_14551	12	13	15	1.0
OG_14552	12	13	21	1.0
OG_14553	7	17	20	0.7868
OG_14554	9	9	9	1.0
OG_14555	5	10	10	0.8222
OG_14556	5	21	21	0.9619
OG_14557	4	4	4	1.0
OG_14558	11	13	15	1.0
OG_14559	12	12	15	1.0
OG_14560	12	13	18	1.0
OG_14561	10	10	12	1.0
OG_14562	9	9	9	1.0
OG_14563	12	14	24	1.0
OG_14564	3	3	3	1.0
OG_14565	2	2	2	1.0
OG_14566	12	17	20	1.0
OG_14567	12	16	18	1.0
OG_14568	12	12	15	1.0
OG_14569	12	17	17	1.0
OG_14570	8	8	10	1.0
OG_14571	12	12	13	1.0
OG_14572	3	3	3	1.0
OG_14573	12	12	14	1.0
OG_14574	10	10	10	1.0
OG_14575	10	16	20	0.85
OG_14576	2	2	2	1.0
OG_14577	9	13	14	1.0
OG_14578	10	11	24	1.0
OG_14579	12	12	12	0.7879
OG_14580	2	3	3	1.0
OG_14581	12	13	20	1.0
OG_14582	4	4	4	1.0
OG_14583	12	14	14	1.0
OG_14584	12	12	19	1.0
OG_14585	7	8	8	1.0
OG_14586	12	12	42	1.0
OG_14587	12	13	13	1.0
OG_14588	12	13	13	1.0
OG_14589	11	11	16	1.0
OG_14590	12	14	15	1.0
OG_14591	7	7	10	1.0
OG_14592	12	13	13	1.0
OG_14593	12	12	13	1.0
OG_14594	9	23	30	1.0
OG_14595	9	9	9	1.0
OG_14596	9	9	9	1.0
OG_14597	10	11	12	1.0
OG_14598	4	4	4	1.0
OG_14599	11	11	17	1.0
OG_14600	5	7	7	1.0
OG_14601	12	12	21	1.0
OG_14602	9	9	10	1.0
OG_14603	12	13	15	1.0
OG_14604	10	11	14	1.0
OG_14605	10	11	11	1.0
OG_14606	7	7	8	1.0
OG_14607	10	23	26	0.5889
OG_14608	2	2	2	1.0
OG_14609	5	7	7	1.0
OG_14610	10	10	11	1.0
OG_14611	10	10	12	1.0
OG_14612	12	12	13	1.0
OG_14613	7	7	11	1.0
OG_14614	12	12	14	1.0
OG_14615	12	28	29	1.0
OG_14616	11	11	11	1.0
OG_14617	12	15	15	1.0
OG_14618	12	35	42	1.0
OG_14619	12	13	13	1.0
OG_14620	12	12	14	1.0
OG_14621	12	12	15	1.0
OG_14622	9	10	11	1.0
OG_14623	10	36	43	0.9397
OG_14624	9	11	12	1.0
OG_14625	12	13	13	1.0
OG_14626	12	12	15	1.0
OG_14627	12	16	19	1.0
OG_14628	12	12	18	1.0
OG_14629	11	13	13	1.0
OG_14630	12	14	17	0.7802
OG_14631	12	14	14	1.0
OG_14632	9	11	16	1.0
OG_14633	12	14	15	1.0
OG_14634	12	13	15	1.0
OG_14635	11	12	13	1.0
OG_14636	9	9	14	1.0
OG_14637	12	13	15	1.0
OG_14638	12	13	15	1.0
OG_14639	12	12	14	1.0
OG_14640	12	15	17	0.9714
OG_14641	11	12	13	1.0
OG_14642	12	45	49	0.7455
OG_14643	11	17	18	0.8971
OG_14644	2	3	3	1.0
OG_14645	6	10	10	1.0
OG_14646	12	13	15	1.0
OG_14647	12	12	12	1.0
OG_14648	10	10	10	1.0
OG_14649	8	13	14	1.0
OG_14650	9	9	12	1.0
OG_14651	11	12	12	1.0
OG_14652	12	13	16	1.0
OG_14653	12	12	17	1.0
OG_14654	2	2	2	1.0
OG_14655	10	10	13	1.0
OG_14656	12	16	28	0.9667
OG_14657	2	4	4	1.0
OG_14658	9	9	18	1.0
OG_14659	12	12	26	1.0
OG_14660	8	9	9	1.0
OG_14661	10	20	25	0.7316
OG_14662	7	7	7	1.0
OG_14663	11	11	13	1.0
OG_14664	11	11	15	1.0
OG_14665	12	16	16	1.0
OG_14666	12	12	14	1.0
OG_14667	12	12	18	1.0
OG_14668	2	4	4	1.0
OG_14669	12	12	12	1.0
OG_14670	12	13	18	1.0
OG_14671	11	11	11	1.0
OG_14672	12	15	19	1.0
OG_14673	11	12	12	1.0
OG_14674	11	11	15	0.9273
OG_14675	12	15	23	0.8476
OG_14676	12	14	16	1.0
OG_14677	8	60	62	0.887
OG_14678	11	14	15	1.0
OG_14679	12	14	16	1.0
OG_14680	7	8	9	1.0
OG_14681	12	15	17	0.9524
OG_14682	10	15	15	1.0
OG_14683	9	10	10	1.0
OG_14684	12	14	17	1.0
OG_14685	2	2	2	1.0
OG_14686	9	9	10	1.0
OG_14687	12	13	15	1.0
OG_14688	8	10	12	1.0
OG_14689	7	8	9	1.0
OG_14690	11	11	12	1.0
OG_14691	12	14	17	1.0
OG_14692	12	12	13	1.0
OG_14693	6	8	8	1.0
OG_14694	2	7	11	0.619
OG_14695	12	12	15	1.0
OG_14696	10	11	11	1.0
OG_14697	11	14	16	1.0
OG_14698	11	12	14	1.0
OG_14699	12	13	18	1.0
OG_14700	12	12	12	1.0
OG_14701	11	11	13	1.0
OG_14702	11	17	17	1.0
OG_14703	12	15	15	1.0
OG_14704	8	19	19	1.0
OG_14705	12	15	24	1.0
OG_14706	9	14	14	1.0
OG_14707	4	4	4	1.0
OG_14708	11	12	16	1.0
OG_14709	12	12	15	1.0
OG_14710	12	13	17	1.0
OG_14711	12	13	13	1.0
OG_14712	9	9	15	1.0
OG_14713	2	2	2	1.0
OG_14714	9	9	9	1.0
OG_14715	12	40	53	0.8962
OG_14716	12	15	23	0.9714
OG_14717	12	12	13	1.0
OG_14718	2	2	2	1.0
OG_14719	12	12	12	1.0
OG_14720	11	11	18	1.0
OG_14721	9	9	9	1.0
OG_14722	12	12	16	1.0
OG_14723	10	10	17	1.0
OG_14724	9	9	9	1.0
OG_14725	8	8	8	1.0
OG_14726	2	4	4	1.0
OG_14727	3	11	11	0.9636
OG_14728	11	12	16	1.0
OG_14729	6	7	7	1.0
OG_14730	12	13	14	1.0
OG_14731	2	3	3	1.0
OG_14732	3	3	3	1.0
OG_14733	11	12	16	1.0
OG_14734	2	2	2	1.0
OG_14735	12	12	12	1.0
OG_14736	12	12	13	1.0
OG_14737	12	12	14	1.0
OG_14738	12	12	12	1.0
OG_14739	6	12	12	1.0
OG_14740	5	7	7	0.9524
OG_14741	2	3	3	1.0
OG_14742	4	4	4	1.0
OG_14743	7	12	14	0.7121
OG_14744	12	22	22	1.0
OG_14745	8	9	10	0.8889
OG_14746	6	8	8	0.9643
OG_14747	3	3	3	0.6667
OG_14748	12	13	17	0.9872
OG_14749	9	10	11	1.0
OG_14750	9	9	9	1.0
OG_14751	9	9	9	1.0
OG_14752	11	11	21	1.0
OG_14753	12	12	13	1.0
OG_14754	7	10	10	1.0
OG_14755	12	13	17	1.0
OG_14756	12	12	13	1.0
OG_14757	2	2	2	1.0
OG_14758	12	12	12	1.0
OG_14759	12	24	29	0.913
OG_14760	8	8	8	1.0
OG_14761	12	12	13	1.0
OG_14762	9	9	12	0.6667
OG_14763	9	18	18	0.9739
OG_14764	11	11	20	1.0
OG_14765	8	9	10	1.0
OG_14766	7	7	7	1.0
OG_14767	12	12	12	1.0
OG_14768	11	24	29	0.9928
OG_14769	12	12	20	1.0
OG_14770	12	12	13	1.0
OG_14771	3	3	3	1.0
OG_14772	12	16	17	1.0
OG_14773	12	21	25	0.9905
OG_14774	3	4	4	1.0
OG_14775	9	9	9	1.0
OG_14776	10	11	11	1.0
OG_14777	9	9	12	1.0
OG_14778	12	12	12	1.0
OG_14779	12	12	13	1.0
OG_14780	12	13	15	1.0
OG_14781	12	18	24	0.8954
OG_14782	11	11	11	1.0
OG_14783	12	13	16	1.0
OG_14784	6	6	6	1.0
OG_14785	7	13	15	0.6282
OG_14786	11	13	14	1.0
OG_14787	12	12	13	1.0
OG_14788	12	14	15	1.0
OG_14789	12	15	24	0.9619
OG_14790	9	9	11	0.9167
OG_14791	2	2	2	1.0
OG_14792	11	11	16	1.0
OG_14793	5	7	8	0.8571
OG_14794	12	27	31	0.9829
OG_14795	11	11	12	1.0
OG_14796	8	14	14	1.0
OG_14797	11	19	20	1.0
OG_14798	8	9	15	0.9722
OG_14799	7	7	7	1.0
OG_14800	7	7	10	1.0
OG_14801	5	5	5	1.0
OG_14802	2	2	2	1.0
OG_14803	10	11	15	0.9636
OG_14804	7	7	9	1.0
OG_14805	12	16	22	0.8833
OG_14806	9	9	11	1.0
OG_14807	11	13	22	1.0
OG_14808	12	15	16	1.0
OG_14809	8	8	8	1.0
OG_14810	12	13	13	1.0
OG_14811	12	21	24	1.0
OG_14812	10	17	19	1.0
OG_14813	11	11	14	1.0
OG_14814	12	13	20	1.0
OG_14815	12	12	15	1.0
OG_14816	10	10	10	1.0
OG_14817	12	13	14	0.9615
OG_14818	10	10	23	1.0
OG_14819	12	12	15	1.0
OG_14820	9	17	18	0.8971
OG_14821	9	9	11	1.0
OG_14822	10	14	16	0.8901
OG_14823	7	13	16	0.9487
OG_14824	8	8	10	1.0
OG_14825	12	12	12	1.0
OG_14826	6	15	18	0.9619
OG_14827	12	12	17	1.0
OG_14828	11	11	12	1.0
OG_14829	11	12	23	0.9848
OG_14830	12	14	19	0.978
OG_14831	9	10	13	1.0
OG_14832	9	10	12	1.0
OG_14833	7	7	10	1.0
OG_14834	9	9	9	1.0
OG_14835	5	7	7	1.0
OG_14836	10	12	13	1.0
OG_14837	12	14	16	1.0
OG_14838	9	9	11	1.0
OG_14839	10	10	11	1.0
OG_14840	12	14	18	1.0
OG_14841	12	14	17	1.0
OG_14842	5	10	11	0.9111
OG_14843	11	11	11	1.0
OG_14844	12	13	16	1.0
OG_14845	12	13	25	1.0
OG_14846	3	7	7	1.0
OG_14847	8	9	9	1.0
OG_14848	10	11	15	1.0
OG_14849	12	12	14	1.0
OG_14850	12	13	13	1.0
OG_14851	12	13	13	1.0
OG_14852	12	17	22	1.0
OG_14853	10	10	23	1.0
OG_14854	12	12	12	1.0
OG_14855	12	13	13	1.0
OG_14856	2	3	3	1.0
OG_14857	7	11	17	1.0
OG_14858	8	10	10	1.0
OG_14859	3	4	4	1.0
OG_14860	3	3	3	1.0
OG_14861	4	4	4	1.0
OG_14862	9	12	12	1.0
OG_14863	7	7	7	1.0
OG_14864	11	11	14	1.0
OG_14865	12	12	14	1.0
OG_14866	12	13	20	1.0
OG_14867	11	11	12	1.0
OG_14868	12	17	19	0.9044
OG_14869	9	10	10	1.0
OG_14870	12	12	13	1.0
OG_14871	12	19	21	0.9006
OG_14872	6	6	6	1.0
OG_14873	10	11	13	1.0
OG_14874	12	13	14	1.0
OG_14875	8	8	9	1.0
OG_14876	10	10	16	1.0
OG_14877	12	12	20	1.0
OG_14878	8	9	9	1.0
OG_14879	9	9	10	1.0
OG_14880	8	8	10	1.0
OG_14881	12	16	19	1.0
OG_14882	6	8	8	1.0
OG_14883	10	14	15	1.0
OG_14884	8	8	10	1.0
OG_14885	9	20	26	1.0
OG_14886	2	7	7	0.4762
OG_14887	12	12	14	1.0
OG_14888	9	23	27	0.9802
OG_14889	6	6	8	1.0
OG_14890	7	7	7	1.0
OG_14891	9	11	17	1.0
OG_14892	5	25	26	0.69
OG_14893	12	13	16	1.0
OG_14894	12	12	12	1.0
OG_14895	12	14	14	1.0
OG_14896	10	10	10	1.0
OG_14897	12	14	14	1.0
OG_14898	12	13	13	1.0
OG_14899	12	15	15	1.0
OG_14900	6	6	6	1.0
OG_14901	7	8	10	1.0
OG_14902	10	10	10	1.0
OG_14903	12	12	12	1.0
OG_14904	12	12	15	1.0
OG_14905	10	12	13	1.0
OG_14906	2	4	5	1.0
OG_14907	7	7	7	1.0
OG_14908	12	15	17	1.0
OG_14909	12	12	13	1.0
OG_14910	12	14	22	0.967
OG_14911	12	14	16	0.978
OG_14912	12	15	17	1.0
OG_14913	12	12	12	1.0
OG_14914	12	13	15	1.0
OG_14915	8	9	9	1.0
OG_14916	11	14	17	1.0
OG_14917	8	8	8	1.0
OG_14918	12	12	13	1.0
OG_14919	2	3	3	0.6667
OG_14920	9	9	9	1.0
OG_14921	10	12	15	1.0
OG_14922	9	9	15	1.0
OG_14923	12	14	14	1.0
OG_14924	11	11	12	1.0
OG_14925	10	11	16	1.0
OG_14926	8	9	9	1.0
OG_14927	10	11	11	1.0
OG_14928	12	13	14	1.0
OG_14929	12	13	13	1.0
OG_14930	11	12	13	1.0
OG_14931	10	10	10	1.0
OG_14932	12	13	18	1.0
OG_14933	10	11	11	1.0
OG_14934	12	17	23	1.0
OG_14935	12	13	14	1.0
OG_14936	12	20	25	1.0
OG_14937	12	13	14	1.0
OG_14938	7	8	9	1.0
OG_14939	8	12	13	1.0
OG_14940	10	11	17	1.0
OG_14941	11	11	12	1.0
OG_14942	12	12	15	1.0
OG_14943	10	11	11	1.0
OG_14944	12	12	12	1.0
OG_14945	12	13	14	1.0
OG_14946	12	12	14	1.0
OG_14947	12	13	17	1.0
OG_14948	12	13	15	1.0
OG_14949	12	12	12	1.0
OG_14950	11	11	12	1.0
OG_14951	12	16	17	1.0
OG_14952	11	11	14	1.0
OG_14953	10	10	10	1.0
OG_14954	9	9	15	1.0
OG_14955	12	12	12	1.0
OG_14956	10	11	11	1.0
OG_14957	12	12	16	1.0
OG_14958	8	11	12	1.0
OG_14959	12	13	13	1.0
OG_14960	11	11	11	1.0
OG_14961	12	12	12	1.0
OG_14962	11	11	17	1.0
OG_14963	10	14	17	0.7692
OG_14964	2	2	3	1.0
OG_14965	10	10	12	1.0
OG_14966	10	10	11	1.0
OG_14967	10	12	16	1.0
OG_14968	12	13	15	1.0
OG_14969	11	11	11	1.0
OG_14970	12	12	17	1.0
OG_14971	2	2	2	1.0
OG_14972	10	13	18	1.0
OG_14973	11	12	12	1.0
OG_14974	12	15	22	1.0
OG_14975	9	9	15	1.0
OG_14976	6	7	7	1.0
OG_14977	8	9	9	1.0
OG_14978	12	15	16	1.0
OG_14979	10	10	12	1.0
OG_14980	2	2	2	1.0
OG_14981	4	6	7	1.0
OG_14982	12	12	14	1.0
OG_14983	11	13	17	1.0
OG_14984	7	7	9	1.0
OG_14985	12	12	13	1.0
OG_14986	12	15	19	1.0
OG_14987	12	27	30	1.0
OG_14988	11	14	15	1.0
OG_14989	10	12	14	0.8485
OG_14990	11	13	15	1.0
OG_14991	11	25	27	1.0
OG_14992	12	12	14	1.0
OG_14993	12	12	14	1.0
OG_14994	12	15	20	1.0
OG_14995	8	9	10	1.0
OG_14996	8	8	8	1.0
OG_14997	4	4	4	1.0
OG_14998	9	10	10	1.0
OG_14999	9	11	17	1.0
OG_15000	12	14	18	1.0
OG_15001	10	10	10	1.0
OG_15002	12	14	15	1.0
OG_15003	12	12	12	1.0
OG_15004	12	13	13	1.0
OG_15005	12	13	14	1.0
OG_15006	9	9	12	1.0
OG_15007	12	12	13	1.0
OG_15008	11	11	13	1.0
OG_15009	10	12	12	1.0
OG_15010	11	26	33	0.8492
OG_15011	12	12	15	1.0
OG_15012	10	27	28	1.0
OG_15013	12	12	15	1.0
OG_15014	9	9	10	1.0
OG_15015	12	22	38	1.0
OG_15016	12	12	17	1.0
OG_15017	12	14	20	1.0
OG_15018	11	11	14	1.0
OG_15019	12	12	12	1.0
OG_15020	12	15	16	1.0
OG_15021	12	12	14	1.0
OG_15022	11	11	17	1.0
OG_15023	6	7	8	1.0
OG_15024	12	13	13	1.0
OG_15025	7	7	7	1.0
OG_15026	7	10	11	1.0
OG_15027	12	13	19	1.0
OG_15028	12	13	14	1.0
OG_15029	11	12	13	1.0
OG_15030	9	9	9	1.0
OG_15031	12	12	14	1.0
OG_15032	12	13	24	1.0
OG_15033	9	9	9	1.0
OG_15034	12	12	14	1.0
OG_15035	12	12	14	1.0
OG_15036	7	7	8	1.0
OG_15037	12	13	15	1.0
OG_15038	12	12	15	1.0
OG_15039	7	7	7	1.0
OG_15040	9	9	9	1.0
OG_15041	5	10	13	0.8667
OG_15042	2	3	3	1.0
OG_15043	12	13	20	0.9872
OG_15044	12	12	15	1.0
OG_15045	12	13	13	1.0
OG_15046	10	11	12	1.0
OG_15047	8	12	12	0.7727
OG_15048	5	10	10	1.0
OG_15049	12	13	15	1.0
OG_15050	7	9	9	1.0
OG_15051	7	8	8	1.0
OG_15052	12	13	13	1.0
OG_15053	7	13	17	1.0
OG_15054	12	14	17	1.0
OG_15055	12	13	14	1.0
OG_15056	12	12	16	1.0
OG_15057	7	8	9	1.0
OG_15058	5	6	11	1.0
OG_15059	2	2	3	1.0
OG_15060	5	7	7	1.0
OG_15061	11	22	22	1.0
OG_15062	12	20	35	0.9526
OG_15063	3	9	9	1.0
OG_15064	12	14	14	1.0
OG_15065	6	7	7	1.0
OG_15066	10	12	12	0.9848
OG_15067	11	12	12	1.0
OG_15068	9	11	11	1.0
OG_15069	7	8	8	1.0
OG_15070	12	15	19	1.0
OG_15071	7	7	8	1.0
OG_15072	12	25	34	0.7733
OG_15073	10	19	22	1.0
OG_15074	12	12	13	1.0
OG_15075	9	18	20	0.9739
OG_15076	12	14	16	1.0
OG_15077	12	12	13	1.0
OG_15078	11	12	12	1.0
OG_15079	8	10	12	1.0
OG_15080	12	12	12	1.0
OG_15081	10	18	18	1.0
OG_15082	10	12	17	1.0
OG_15083	12	12	16	1.0
OG_15084	4	5	5	1.0
OG_15085	2	2	2	1.0
OG_15086	12	13	22	1.0
OG_15087	7	8	8	1.0
OG_15088	12	12	12	1.0
OG_15089	12	13	13	1.0
OG_15090	11	11	11	1.0
OG_15091	9	9	9	1.0
OG_15092	8	8	8	1.0
OG_15093	10	10	10	0.8444
OG_15094	2	2	2	1.0
OG_15095	2	2	2	1.0
OG_15096	12	21	28	0.9143
OG_15097	7	8	10	0.8929
OG_15098	2	2	2	1.0
OG_15099	12	13	13	1.0
OG_15100	9	37	37	0.988
OG_15101	3	3	3	1.0
OG_15102	12	13	13	1.0
OG_15103	8	10	10	1.0
OG_15104	11	11	14	1.0
OG_15105	8	8	10	1.0
OG_15106	2	2	2	1.0
OG_15107	10	11	11	1.0
OG_15108	10	11	13	1.0
OG_15109	9	9	10	1.0
OG_15110	12	12	14	1.0
OG_15111	12	13	15	1.0
OG_15112	12	17	19	1.0
OG_15113	12	14	18	1.0
OG_15114	9	9	13	1.0
OG_15115	12	14	19	0.8791
OG_15116	11	11	17	1.0
OG_15117	12	14	14	1.0
OG_15118	12	16	23	1.0
OG_15119	12	12	12	1.0
OG_15120	10	10	10	1.0
OG_15121	12	18	21	1.0
OG_15122	11	12	17	1.0
OG_15123	2	3	3	1.0
OG_15124	11	11	11	1.0
OG_15125	12	13	15	1.0
OG_15126	8	13	14	1.0
OG_15127	12	14	16	1.0
OG_15128	12	21	23	1.0
OG_15129	11	11	12	1.0
OG_15130	12	13	16	1.0
OG_15131	12	14	18	0.989
OG_15132	12	12	12	1.0
OG_15133	9	9	12	1.0
OG_15134	5	5	5	1.0
OG_15135	12	14	17	1.0
OG_15136	3	3	3	0.6667
OG_15137	12	32	41	1.0
OG_15138	9	9	9	1.0
OG_15139	9	9	9	1.0
OG_15140	12	13	18	1.0
OG_15141	12	13	13	1.0
OG_15142	12	12	13	1.0
OG_15143	12	13	20	0.9359
OG_15144	12	13	16	1.0
OG_15145	8	8	11	1.0
OG_15146	6	7	7	1.0
OG_15147	12	12	12	1.0
OG_15148	9	11	17	0.8727
OG_15149	11	11	11	1.0
OG_15150	7	7	7	1.0
OG_15151	12	12	15	1.0
OG_15152	12	13	16	1.0
OG_15153	12	14	21	1.0
OG_15154	11	11	11	1.0
OG_15155	12	13	17	1.0
OG_15156	6	6	6	1.0
OG_15157	12	13	14	0.9872
OG_15158	9	19	25	1.0
OG_15159	12	12	12	1.0
OG_15160	12	14	25	1.0
OG_15161	12	12	14	1.0
OG_15162	11	11	13	1.0
OG_15163	10	10	17	1.0
OG_15164	7	8	8	1.0
OG_15165	12	12	12	1.0
OG_15166	3	3	3	1.0
OG_15167	12	18	22	1.0
OG_15168	5	5	5	1.0
OG_15169	5	6	6	1.0
OG_15170	2	2	2	1.0
OG_15171	12	14	21	1.0
OG_15172	12	18	25	0.7059
OG_15173	12	15	15	1.0
OG_15174	9	10	11	1.0
OG_15175	7	7	7	1.0
OG_15176	5	5	5	1.0
OG_15177	11	11	12	1.0
OG_15178	12	14	14	0.9121
OG_15179	8	8	8	1.0
OG_15180	12	12	12	1.0
OG_15181	12	18	19	1.0
OG_15182	7	8	10	1.0
OG_15183	12	14	18	1.0
OG_15184	10	11	24	1.0
OG_15185	11	16	16	1.0
OG_15186	10	21	27	1.0
OG_15187	2	2	2	1.0
OG_15188	10	11	14	1.0
OG_15189	10	11	12	1.0
OG_15190	12	12	12	1.0
OG_15191	9	9	9	1.0
OG_15192	12	12	12	1.0
OG_15193	2	3	3	0.6667
OG_15194	12	12	14	1.0
OG_15195	9	9	10	1.0
OG_15196	7	7	7	1.0
OG_15197	11	12	14	1.0
OG_15198	2	4	4	1.0
OG_15199	12	13	19	1.0
OG_15200	10	12	17	0.9545
OG_15201	12	14	14	1.0
OG_15202	12	12	15	1.0
OG_15203	9	9	10	1.0
OG_15204	12	13	17	1.0
OG_15205	12	14	14	1.0
OG_15206	5	22	22	0.684
OG_15207	5	6	6	1.0
OG_15208	12	12	13	1.0
OG_15209	10	10	13	1.0
OG_15210	12	13	17	0.9231
OG_15211	11	11	11	1.0
OG_15212	2	2	2	1.0
OG_15213	12	15	20	1.0
OG_15214	12	13	14	1.0
OG_15215	10	11	11	1.0
OG_15216	11	11	14	1.0
OG_15217	12	12	12	1.0
OG_15218	6	9	10	1.0
OG_15219	10	13	16	0.8333
OG_15220	5	6	6	1.0
OG_15221	7	7	8	1.0
OG_15222	12	13	13	1.0
OG_15223	8	9	9	1.0
OG_15224	12	12	14	1.0
OG_15225	12	13	15	1.0
OG_15226	7	8	8	1.0
OG_15227	4	6	8	1.0
OG_15228	12	13	13	1.0
OG_15229	12	13	14	1.0
OG_15230	10	11	15	1.0
OG_15231	2	7	14	0.9524
OG_15232	10	10	14	1.0
OG_15233	12	12	12	1.0
OG_15234	12	12	13	1.0
OG_15235	5	11	11	0.8364
OG_15236	9	9	10	1.0
OG_15237	10	10	13	1.0
OG_15238	6	11	13	0.6909
OG_15239	11	22	24	1.0
OG_15240	10	10	15	1.0
OG_15241	11	12	12	1.0
OG_15242	9	14	14	0.8681
OG_15243	10	10	11	1.0
OG_15244	11	12	17	1.0
OG_15245	12	13	13	0.859
OG_15246	12	12	17	1.0
OG_15247	2	2	2	1.0
OG_15248	12	12	20	1.0
OG_15249	9	13	18	0.9744
OG_15250	11	13	14	1.0
OG_15251	8	11	11	0.7091
OG_15252	8	10	10	1.0
OG_15253	12	14	16	1.0
OG_15254	10	10	10	1.0
OG_15255	12	12	13	1.0
OG_15256	12	12	14	1.0
OG_15257	12	13	19	1.0
OG_15258	12	15	17	1.0
OG_15259	10	12	13	1.0
OG_15260	11	11	13	1.0
OG_15261	12	14	25	0.8462
OG_15262	12	19	19	1.0
OG_15263	12	16	20	0.8917
OG_15264	12	15	17	1.0
OG_15265	12	13	15	1.0
OG_15266	11	11	14	1.0
OG_15267	3	3	3	1.0
OG_15268	12	12	14	1.0
OG_15269	10	10	14	1.0
OG_15270	12	22	22	0.9913
OG_15271	12	13	26	1.0
OG_15272	11	12	13	1.0
OG_15273	12	13	13	1.0
OG_15274	12	14	15	1.0
OG_15275	9	12	17	1.0
OG_15276	12	12	14	1.0
OG_15277	12	13	14	1.0
OG_15278	6	38	41	0.825
OG_15279	3	3	3	1.0
OG_15280	12	13	14	1.0
OG_15281	11	11	15	1.0
OG_15282	12	15	15	1.0
OG_15283	11	12	12	0.9091
OG_15284	10	11	12	1.0
OG_15285	8	8	8	1.0
OG_15286	12	12	12	1.0
OG_15287	12	13	15	1.0
OG_15288	9	9	9	1.0
OG_15289	10	11	12	1.0
OG_15290	2	2	2	1.0
OG_15291	9	9	9	1.0
OG_15292	12	13	15	1.0
OG_15293	11	12	14	1.0
OG_15294	12	15	18	0.7714
OG_15295	3	3	3	1.0
OG_15296	11	12	12	1.0
OG_15297	12	26	31	1.0
OG_15298	12	12	15	1.0
OG_15299	8	8	9	1.0
OG_15300	10	10	19	1.0
OG_15301	12	13	14	1.0
OG_15302	10	10	11	1.0
OG_15303	10	11	11	1.0
OG_15304	12	12	12	1.0
OG_15305	10	17	22	1.0
OG_15306	10	10	10	1.0
OG_15307	12	13	13	1.0
OG_15308	12	12	12	1.0
OG_15309	9	9	9	1.0
OG_15310	12	14	17	1.0
OG_15311	9	9	10	1.0
OG_15312	12	12	14	1.0
OG_15313	11	12	12	1.0
OG_15314	6	9	9	1.0
OG_15315	8	8	8	1.0
OG_15316	9	9	12	1.0
OG_15317	12	12	12	1.0
OG_15318	12	15	21	0.6857
OG_15319	9	10	12	1.0
OG_15320	9	9	10	1.0
OG_15321	12	14	20	1.0
OG_15322	12	17	25	0.8824
OG_15323	10	10	15	1.0
OG_15324	9	9	11	1.0
OG_15325	12	12	14	1.0
OG_15326	10	10	11	1.0
OG_15327	12	12	12	1.0
OG_15328	11	11	14	1.0
OG_15329	10	10	10	0.7333
OG_15330	12	14	16	0.8791
OG_15331	9	9	12	0.8056
OG_15332	12	12	12	1.0
OG_15333	12	13	18	1.0
OG_15334	12	12	13	1.0
OG_15335	12	12	17	1.0
OG_15336	9	16	18	0.8833
OG_15337	6	7	7	0.5714
OG_15338	12	12	19	1.0
OG_15339	12	12	12	1.0
OG_15340	12	14	15	0.9451
OG_15341	12	15	20	1.0
OG_15342	2	2	2	1.0
OG_15343	12	15	19	1.0
OG_15344	9	10	15	1.0
OG_15345	12	12	13	1.0
OG_15346	7	7	7	1.0
OG_15347	9	10	10	1.0
OG_15348	8	8	10	1.0
OG_15349	7	7	7	1.0
OG_15350	8	9	9	0.8056
OG_15351	12	16	19	1.0
OG_15352	12	12	13	1.0
OG_15353	7	9	11	1.0
OG_15354	10	12	15	1.0
OG_15355	12	16	16	1.0
OG_15356	10	10	13	1.0
OG_15357	9	9	9	1.0
OG_15358	3	4	5	1.0
OG_15359	2	3	3	1.0
OG_15360	11	11	15	1.0
OG_15361	9	16	21	1.0
OG_15362	12	13	14	1.0
OG_15363	3	4	4	1.0
OG_15364	9	9	10	1.0
OG_15365	9	17	19	1.0
OG_15366	12	19	25	1.0
OG_15367	11	12	12	1.0
OG_15368	9	9	9	1.0
OG_15369	7	12	14	1.0
OG_15370	12	12	17	1.0
OG_15371	12	13	15	1.0
OG_15372	5	6	6	1.0
OG_15373	2	3	3	1.0
OG_15374	9	10	10	1.0
OG_15375	3	7	7	0.9048
OG_15376	11	11	13	1.0
OG_15377	10	10	10	1.0
OG_15378	3	3	3	1.0
OG_15379	12	13	14	1.0
OG_15380	12	13	14	1.0
OG_15381	12	13	14	1.0
OG_15382	3	6	6	0.6
OG_15383	5	11	11	1.0
OG_15384	3	4	4	1.0
OG_15385	9	10	11	1.0
OG_15386	9	9	9	1.0
OG_15387	12	15	22	1.0
OG_15388	11	28	29	1.0
OG_15389	12	13	19	1.0
OG_15390	3	6	6	1.0
OG_15391	12	12	14	1.0
OG_15392	9	9	10	1.0
OG_15393	8	8	9	1.0
OG_15394	10	17	18	1.0
OG_15395	5	5	5	1.0
OG_15396	12	13	16	1.0
OG_15397	2	5	5	1.0
OG_15398	7	10	12	1.0
OG_15399	3	4	4	1.0
OG_15400	9	9	10	1.0
OG_15401	11	14	14	1.0
OG_15402	7	12	12	0.9545
OG_15403	6	6	6	1.0
OG_15404	8	8	9	1.0
OG_15405	12	14	14	1.0
OG_15406	2	3	3	1.0
OG_15407	12	13	15	1.0
OG_15408	11	16	20	1.0
OG_15409	5	5	5	1.0
OG_15410	12	12	15	1.0
OG_15411	7	8	9	1.0
OG_15412	5	13	21	1.0
OG_15413	5	5	6	0.7
OG_15414	4	15	15	1.0
OG_15415	3	4	4	1.0
OG_15416	12	12	12	1.0
OG_15417	11	13	16	0.9231
OG_15418	12	13	16	1.0
OG_15419	9	14	18	1.0
OG_15420	8	11	11	1.0
OG_15421	9	9	9	1.0
OG_15422	12	15	17	1.0
OG_15423	10	10	10	1.0
OG_15424	12	14	23	1.0
OG_15425	5	6	6	1.0
OG_15426	10	10	11	1.0
OG_15427	12	49	58	0.9762
OG_15428	6	6	6	1.0
OG_15429	5	5	5	1.0
OG_15430	5	5	5	1.0
OG_15431	2	2	2	1.0
OG_15432	12	13	14	1.0
OG_15433	8	8	8	1.0
OG_15434	12	12	23	1.0
OG_15435	12	17	20	0.625
OG_15436	10	10	25	1.0
OG_15437	3	4	4	1.0
OG_15438	3	7	7	1.0
OG_15439	3	5	5	1.0
OG_15440	9	9	11	1.0
OG_15441	12	12	29	1.0
OG_15442	10	10	12	1.0
OG_15443	3	5	11	0.8
OG_15444	7	20	21	1.0
OG_15445	4	4	5	1.0
OG_15446	9	9	11	1.0
OG_15447	5	5	5	1.0
OG_15448	6	6	6	1.0
OG_15449	5	5	5	1.0
OG_15450	8	10	10	0.9556
OG_15451	6	10	10	1.0
OG_15452	9	21	23	0.8762
OG_15453	12	12	16	1.0
OG_15454	3	4	5	1.0
OG_15455	12	14	15	1.0
OG_15456	2	2	2	1.0
OG_15457	12	12	17	1.0
OG_15458	11	12	14	1.0
OG_15459	2	2	2	1.0
OG_15460	7	8	9	1.0
OG_15461	7	11	13	1.0
OG_15462	12	13	13	1.0
OG_15463	9	9	9	1.0
OG_15464	11	18	21	1.0
OG_15465	8	15	15	1.0
OG_15466	8	9	10	1.0
OG_15467	9	9	9	1.0
OG_15468	6	6	6	1.0
OG_15469	12	13	14	1.0
OG_15470	11	11	13	1.0
OG_15471	8	8	8	1.0
OG_15472	2	2	4	1.0
OG_15473	4	9	9	0.7222
OG_15474	12	15	15	1.0
OG_15475	11	15	15	0.7429
OG_15476	12	15	23	1.0
OG_15477	9	9	10	1.0
OG_15478	8	14	15	1.0
OG_15479	2	2	4	1.0
OG_15480	12	12	13	1.0
OG_15481	12	14	16	1.0
OG_15482	11	11	13	1.0
OG_15483	10	10	10	1.0
OG_15484	12	13	17	0.9872
OG_15485	8	9	9	1.0
OG_15486	6	9	9	1.0
OG_15487	4	5	6	1.0
OG_15488	12	14	18	1.0
OG_15489	12	13	13	1.0
OG_15490	12	12	17	1.0
OG_15491	12	13	13	1.0
OG_15492	11	15	19	0.6762
OG_15493	9	14	16	1.0
OG_15494	9	9	9	1.0
OG_15495	12	12	12	1.0
OG_15496	5	5	5	1.0
OG_15497	2	2	2	1.0
OG_15498	2	4	4	1.0
OG_15499	10	10	10	1.0
OG_15500	12	17	19	0.9706
OG_15501	12	13	14	1.0
OG_15502	10	10	10	1.0
OG_15503	6	12	12	1.0
OG_15504	6	13	14	0.6923
OG_15505	4	5	5	1.0
OG_15506	12	14	17	1.0
OG_15507	11	11	17	1.0
OG_15508	12	13	13	1.0
OG_15509	11	11	13	1.0
OG_15510	11	14	14	1.0
OG_15511	12	13	13	1.0
OG_15512	12	12	12	1.0
OG_15513	11	13	15	1.0
OG_15514	10	10	11	1.0
OG_15515	10	12	13	1.0
OG_15516	12	12	15	0.6515
OG_15517	8	8	12	1.0
OG_15518	7	7	7	1.0
OG_15519	6	12	13	1.0
OG_15520	7	8	11	1.0
OG_15521	12	13	14	1.0
OG_15522	12	13	15	1.0
OG_15523	7	21	24	0.9905
OG_15524	10	25	33	0.7133
OG_15525	9	9	9	1.0
OG_15526	12	12	15	1.0
OG_15527	11	11	11	1.0
OG_15528	12	15	17	1.0
OG_15529	9	9	9	1.0
OG_15530	12	14	18	0.967
OG_15531	12	12	27	1.0
OG_15532	12	12	16	1.0
OG_15533	11	12	13	1.0
OG_15534	8	10	10	1.0
OG_15535	11	11	13	1.0
OG_15536	11	17	28	0.9926
OG_15537	7	7	7	1.0
OG_15538	6	7	7	1.0
OG_15539	5	6	6	1.0
OG_15540	7	8	8	1.0
OG_15541	12	12	12	1.0
OG_15542	8	15	22	1.0
OG_15543	12	12	13	1.0
OG_15544	9	9	12	1.0
OG_15545	12	13	14	1.0
OG_15546	12	13	13	1.0
OG_15547	12	18	18	1.0
OG_15548	9	9	9	1.0
OG_15549	3	3	3	1.0
OG_15550	9	13	16	0.8077
OG_15551	10	10	11	1.0
OG_15552	9	11	17	1.0
OG_15553	7	7	7	1.0
OG_15554	9	9	9	1.0
OG_15555	12	13	13	1.0
OG_15556	12	12	14	1.0
OG_15557	7	13	16	0.7051
OG_15558	8	13	17	1.0
OG_15559	10	10	13	1.0
OG_15560	5	5	6	1.0
OG_15561	2	3	3	1.0
OG_15562	6	6	10	1.0
OG_15563	4	4	4	1.0
OG_15564	2	2	2	1.0
OG_15565	7	7	12	1.0
OG_15566	10	10	10	1.0
OG_15567	2	2	2	1.0
OG_15568	11	16	45	1.0
OG_15569	2	3	3	1.0
OG_15570	12	13	13	1.0
OG_15571	12	15	19	0.5905
OG_15572	12	12	12	1.0
OG_15573	12	12	21	1.0
OG_15574	9	9	11	1.0
OG_15575	9	10	14	1.0
OG_15576	10	12	12	1.0
OG_15577	12	14	14	1.0
OG_15578	11	12	12	1.0
OG_15579	11	17	20	0.9632
OG_15580	12	17	18	1.0
OG_15581	12	13	16	1.0
OG_15582	12	13	14	1.0
OG_15583	12	13	14	1.0
OG_15584	11	12	12	1.0
OG_15585	12	12	17	1.0
OG_15586	10	13	15	1.0
OG_15587	12	12	25	1.0
OG_15588	8	9	9	1.0
OG_15589	12	13	13	1.0
OG_15590	2	2	3	1.0
OG_15591	10	11	13	1.0
OG_15592	11	12	12	1.0
OG_15593	4	5	5	1.0
OG_15594	12	12	15	1.0
OG_15595	12	13	15	1.0
OG_15596	12	13	17	1.0
OG_15597	12	13	15	0.8718
OG_15598	11	12	18	1.0
OG_15599	9	21	23	1.0
OG_15600	5	7	9	1.0
OG_15601	7	10	10	1.0
OG_15602	12	12	16	1.0
OG_15603	10	10	14	1.0
OG_15604	12	28	33	0.873
OG_15605	12	16	17	1.0
OG_15606	4	4	4	1.0
OG_15607	12	12	13	1.0
OG_15608	11	13	13	1.0
OG_15609	6	6	6	1.0
OG_15610	12	46	60	0.9691
OG_15611	12	12	12	1.0
OG_15612	12	13	19	1.0
OG_15613	9	10	10	1.0
OG_15614	12	13	14	1.0
OG_15615	7	8	11	0.8929
OG_15616	5	9	9	0.8889
OG_15617	12	24	27	1.0
OG_15618	12	13	13	1.0
OG_15619	12	12	14	1.0
OG_15620	12	18	26	1.0
OG_15621	2	5	5	1.0
OG_15622	10	10	16	1.0
OG_15623	11	11	13	1.0
OG_15624	9	9	10	1.0
OG_15625	11	11	11	1.0
OG_15626	11	16	17	1.0
OG_15627	9	16	19	1.0
OG_15628	12	17	18	1.0
OG_15629	9	9	9	1.0
OG_15630	12	12	16	1.0
OG_15631	2	4	5	1.0
OG_15632	12	13	16	1.0
OG_15633	8	8	8	1.0
OG_15634	12	12	15	1.0
OG_15635	9	13	13	1.0
OG_15636	11	13	13	1.0
OG_15637	9	9	10	1.0
OG_15638	10	12	14	1.0
OG_15639	12	13	19	1.0
OG_15640	10	10	12	1.0
OG_15641	12	12	38	1.0
OG_15642	2	2	2	1.0
OG_15643	2	2	3	1.0
OG_15644	9	10	12	1.0
OG_15645	12	16	25	1.0
OG_15646	2	3	3	1.0
OG_15647	6	6	6	1.0
OG_15648	12	12	12	1.0
OG_15649	12	13	23	1.0
OG_15650	9	9	9	1.0
OG_15651	12	14	17	1.0
OG_15652	12	12	14	1.0
OG_15653	2	3	3	0.6667
OG_15654	11	11	11	1.0
OG_15655	11	17	23	0.8309
OG_15656	12	14	14	1.0
OG_15657	10	12	14	1.0
OG_15658	9	10	12	1.0
OG_15659	11	14	15	1.0
OG_15660	12	12	15	1.0
OG_15661	12	13	17	0.9103
OG_15662	9	9	9	1.0
OG_15663	11	11	12	1.0
OG_15664	7	15	27	0.8762
OG_15665	8	9	10	1.0
OG_15666	10	11	16	1.0
OG_15667	9	11	11	1.0
OG_15668	11	11	15	1.0
OG_15669	9	9	10	1.0
OG_15670	9	10	11	1.0
OG_15671	12	12	14	1.0
OG_15672	10	10	15	1.0
OG_15673	12	12	13	1.0
OG_15674	11	13	16	1.0
OG_15675	12	13	13	1.0
OG_15676	2	2	2	1.0
OG_15677	9	9	12	1.0
OG_15678	5	7	7	1.0
OG_15679	12	12	12	1.0
OG_15680	6	6	6	1.0
OG_15681	12	13	13	1.0
OG_15682	11	11	12	1.0
OG_15683	12	12	14	1.0
OG_15684	2	2	3	1.0
OG_15685	12	18	20	1.0
OG_15686	3	4	4	1.0
OG_15687	2	2	2	1.0
OG_15688	12	14	18	1.0
OG_15689	11	11	12	1.0
OG_15690	9	11	11	0.9636
OG_15691	11	16	16	0.9833
OG_15692	10	16	18	1.0
OG_15693	12	12	16	1.0
OG_15694	11	11	11	1.0
OG_15695	10	10	15	1.0
OG_15696	11	11	13	1.0
OG_15697	12	13	13	1.0
OG_15698	10	10	12	1.0
OG_15699	8	10	13	1.0
OG_15700	9	9	9	1.0
OG_15701	11	12	14	1.0
OG_15702	12	16	16	1.0
OG_15703	6	10	10	1.0
OG_15704	9	12	12	1.0
OG_15705	11	22	27	1.0
OG_15706	12	14	19	0.9451
OG_15707	8	9	9	1.0
OG_15708	9	9	17	1.0
OG_15709	9	12	12	1.0
OG_15710	12	21	22	0.8714
OG_15711	12	13	20	1.0
OG_15712	11	13	13	1.0
OG_15713	11	13	16	1.0
OG_15714	12	15	16	1.0
OG_15715	12	12	12	1.0
OG_15716	12	17	22	1.0
OG_15717	11	11	12	1.0
OG_15718	12	12	12	1.0
OG_15719	12	12	12	1.0
OG_15720	4	4	5	1.0
OG_15721	7	7	7	1.0
OG_15722	9	11	11	1.0
OG_15723	12	12	12	1.0
OG_15724	8	14	14	1.0
OG_15725	2	2	2	1.0
OG_15726	9	12	13	0.8636
OG_15727	5	5	6	1.0
OG_15728	12	14	17	1.0
OG_15729	7	7	7	1.0
OG_15730	9	14	15	1.0
OG_15731	6	6	8	1.0
OG_15732	12	12	13	1.0
OG_15733	2	2	2	1.0
OG_15734	7	20	23	0.9947
OG_15735	4	4	6	1.0
OG_15736	11	11	11	1.0
OG_15737	12	13	18	1.0
OG_15738	12	12	12	1.0
OG_15739	8	8	10	1.0
OG_15740	11	11	14	1.0
OG_15741	4	7	8	1.0
OG_15742	11	12	13	1.0
OG_15743	8	16	21	1.0
OG_15744	9	10	12	1.0
OG_15745	11	14	14	1.0
OG_15746	12	14	14	1.0
OG_15747	12	12	19	1.0
OG_15748	12	12	13	1.0
OG_15749	12	14	16	0.9231
OG_15750	9	17	17	1.0
OG_15751	11	14	15	1.0
OG_15752	7	9	12	1.0
OG_15753	3	3	3	1.0
OG_15754	2	2	2	1.0
OG_15755	12	13	14	1.0
OG_15756	12	12	17	1.0
OG_15757	12	13	13	1.0
OG_15758	11	12	13	1.0
OG_15759	11	17	18	0.9265
OG_15760	12	12	12	1.0
OG_15761	9	12	15	0.8182
OG_15762	11	11	14	1.0
OG_15763	11	11	11	1.0
OG_15764	9	9	9	1.0
OG_15765	12	12	14	1.0
OG_15766	11	12	13	1.0
OG_15767	3	5	6	0.9
OG_15768	9	11	12	0.9636
OG_15769	12	12	12	1.0
OG_15770	2	3	3	1.0
OG_15771	12	13	16	1.0
OG_15772	12	16	20	1.0
OG_15773	11	11	11	1.0
OG_15774	4	4	4	1.0
OG_15775	3	8	8	0.7143
OG_15776	10	11	11	1.0
OG_15777	12	12	16	1.0
OG_15778	12	13	17	1.0
OG_15779	6	14	14	1.0
OG_15780	11	12	12	1.0
OG_15781	11	12	13	1.0
OG_15782	4	6	9	1.0
OG_15783	8	8	9	1.0
OG_15784	10	10	12	1.0
OG_15785	11	11	14	1.0
OG_15786	5	6	6	1.0
OG_15787	9	9	9	1.0
OG_15788	12	12	13	1.0
OG_15789	12	15	16	0.9048
OG_15790	10	10	11	1.0
OG_15791	12	13	15	1.0
OG_15792	11	12	12	1.0
OG_15793	3	3	3	1.0
OG_15794	3	3	3	1.0
OG_15795	11	12	13	1.0
OG_15796	12	14	16	1.0
OG_15797	12	13	13	0.9615
OG_15798	7	7	7	1.0
OG_15799	4	6	8	1.0
OG_15800	12	12	12	1.0
OG_15801	9	9	9	1.0
OG_15802	2	2	2	1.0
OG_15803	12	12	13	1.0
OG_15804	8	8	9	1.0
OG_15805	12	12	13	1.0
OG_15806	6	11	11	0.9273
OG_15807	2	2	2	1.0
OG_15808	6	6	6	1.0
OG_15809	12	25	25	0.9967
OG_15810	9	10	13	1.0
OG_15811	12	12	13	1.0
OG_15812	8	8	18	1.0
OG_15813	12	16	18	1.0
OG_15814	12	13	13	1.0
OG_15815	12	14	15	0.978
OG_15816	11	12	16	1.0
OG_15817	12	14	17	1.0
OG_15818	12	13	15	1.0
OG_15819	3	13	17	0.359
OG_15820	8	8	8	1.0
OG_15821	12	12	13	1.0
OG_15822	6	7	7	1.0
OG_15823	12	13	13	1.0
OG_15824	12	12	16	1.0
OG_15825	12	12	15	1.0
OG_15826	11	12	18	1.0
OG_15827	5	5	5	1.0
OG_15828	11	12	17	0.7273
OG_15829	12	13	13	1.0
OG_15830	12	15	16	1.0
OG_15831	12	13	13	1.0
OG_15832	5	10	11	1.0
OG_15833	12	12	12	1.0
OG_15834	9	9	12	0.8333
OG_15835	10	51	53	0.811
OG_15836	11	11	11	1.0
OG_15837	12	13	16	0.8718
OG_15838	12	13	13	1.0
OG_15839	3	3	3	1.0
OG_15840	7	9	9	1.0
OG_15841	8	10	13	0.9556
OG_15842	12	16	21	1.0
OG_15843	12	13	15	1.0
OG_15844	8	8	10	1.0
OG_15845	12	14	15	0.7802
OG_15846	12	14	16	1.0
OG_15847	10	11	11	0.9636
OG_15848	12	20	24	1.0
OG_15849	9	9	9	1.0
OG_15850	6	6	6	1.0
OG_15851	12	15	19	0.8857
OG_15852	2	3	3	1.0
OG_15853	12	12	17	1.0
OG_15854	7	7	7	1.0
OG_15855	7	7	7	1.0
OG_15856	12	13	15	1.0
OG_15857	8	11	11	1.0
OG_15858	3	6	8	1.0
OG_15859	9	9	15	1.0
OG_15860	12	13	14	1.0
OG_15861	9	11	16	1.0
OG_15862	11	13	13	1.0
OG_15863	9	9	16	1.0
OG_15864	5	7	7	1.0
OG_15865	7	7	7	1.0
OG_15866	11	11	18	1.0
OG_15867	12	12	14	1.0
OG_15868	11	11	11	1.0
OG_15869	10	11	12	1.0
OG_15870	12	14	16	1.0
OG_15871	5	6	7	1.0
OG_15872	12	12	13	1.0
OG_15873	10	10	14	1.0
OG_15874	12	12	18	1.0
OG_15875	12	14	18	0.8462
OG_15876	2	2	2	1.0
OG_15877	12	12	13	1.0
OG_15878	12	12	13	1.0
OG_15879	11	11	14	1.0
OG_15880	11	11	13	1.0
OG_15881	12	17	17	1.0
OG_15882	11	11	12	1.0
OG_15883	12	13	14	1.0
OG_15884	6	6	6	1.0
OG_15885	12	15	21	0.9619
OG_15886	2	5	8	1.0
OG_15887	9	9	16	1.0
OG_15888	2	2	5	1.0
OG_15889	9	17	21	0.7941
OG_15890	11	11	11	1.0
OG_15891	6	10	10	1.0
OG_15892	12	16	16	0.9667
OG_15893	12	17	17	1.0
OG_15894	10	10	10	1.0
OG_15895	9	14	21	1.0
OG_15896	12	12	12	1.0
OG_15897	9	14	19	1.0
OG_15898	8	8	9	1.0
OG_15899	12	13	13	1.0
OG_15900	11	11	11	1.0
OG_15901	10	13	13	1.0
OG_15902	12	12	14	1.0
OG_15903	12	12	15	1.0
OG_15904	6	9	9	1.0
OG_15905	12	16	21	0.8833
OG_15906	12	12	14	1.0
OG_15907	10	28	32	1.0
OG_15908	12	12	15	1.0
OG_15909	10	10	10	1.0
OG_15910	2	2	2	1.0
OG_15911	12	12	12	1.0
OG_15912	3	3	3	1.0
OG_15913	12	14	18	1.0
OG_15914	12	13	13	1.0
OG_15915	12	12	13	1.0
OG_15916	12	12	12	1.0
OG_15917	12	13	17	1.0
OG_15918	9	10	10	1.0
OG_15919	11	11	11	1.0
OG_15920	9	10	10	1.0
OG_15921	12	12	17	1.0
OG_15922	12	12	14	1.0
OG_15923	9	11	11	1.0
OG_15924	12	12	14	1.0
OG_15925	12	14	14	1.0
OG_15926	8	12	15	0.7273
OG_15927	10	10	11	1.0
OG_15928	4	7	7	1.0
OG_15929	11	33	40	0.9773
OG_15930	10	14	18	1.0
OG_15931	9	9	10	1.0
OG_15932	9	24	25	1.0
OG_15933	8	18	24	1.0
OG_15934	12	14	16	1.0
OG_15935	8	10	11	1.0
OG_15936	12	13	13	1.0
OG_15937	9	12	21	1.0
OG_15938	11	11	15	1.0
OG_15939	11	12	12	1.0
OG_15940	5	6	6	1.0
OG_15941	12	14	17	1.0
OG_15942	12	13	13	1.0
OG_15943	12	20	27	1.0
OG_15944	10	11	12	1.0
OG_15945	11	12	13	1.0
OG_15946	9	9	10	1.0
OG_15947	12	12	16	1.0
OG_15948	12	25	29	1.0
OG_15949	12	13	15	0.9872
OG_15950	9	14	14	1.0
OG_15951	12	13	15	1.0
OG_15952	12	13	13	1.0
OG_15953	11	11	17	1.0
OG_15954	7	9	9	1.0
OG_15955	3	3	3	1.0
OG_15956	5	10	10	0.6667
OG_15957	2	2	2	1.0
OG_15958	12	13	18	1.0
OG_15959	7	8	9	1.0
OG_15960	11	11	12	1.0
OG_15961	12	13	13	1.0
OG_15962	7	7	7	1.0
OG_15963	11	12	17	1.0
OG_15964	11	20	28	1.0
OG_15965	3	3	3	1.0
OG_15966	12	12	12	1.0
OG_15967	12	23	24	1.0
OG_15968	8	8	8	1.0
OG_15969	12	22	22	1.0
OG_15970	9	10	10	1.0
OG_15971	12	13	13	1.0
OG_15972	2	3	3	1.0
OG_15973	12	13	14	1.0
OG_15974	10	10	14	1.0
OG_15975	8	11	11	1.0
OG_15976	9	10	10	0.5778
OG_15977	10	12	13	1.0
OG_15978	6	6	6	1.0
OG_15979	9	9	10	1.0
OG_15980	4	5	5	1.0
OG_15981	9	9	9	1.0
OG_15982	8	9	9	1.0
OG_15983	12	12	13	1.0
OG_15984	12	13	13	1.0
OG_15985	11	12	15	1.0
OG_15986	9	11	11	1.0
OG_15987	10	12	15	0.9545
OG_15988	2	2	4	1.0
OG_15989	12	14	18	1.0
OG_15990	7	7	7	1.0
OG_15991	11	11	12	1.0
OG_15992	12	13	15	1.0
OG_15993	11	12	12	1.0
OG_15994	11	12	14	1.0
OG_15995	9	17	22	1.0
OG_15996	12	13	19	1.0
OG_15997	10	10	10	1.0
OG_15998	10	12	14	1.0
OG_15999	12	13	13	0.9872
OG_16000	11	13	13	1.0
OG_16001	12	12	19	1.0
OG_16002	12	12	16	1.0
OG_16003	12	15	17	1.0
OG_16004	12	12	12	1.0
OG_16005	8	8	8	1.0
OG_16006	12	12	14	1.0
OG_16007	8	10	10	0.9111
OG_16008	8	9	12	0.9444
OG_16009	12	14	15	1.0
OG_16010	12	12	16	1.0
OG_16011	8	8	8	1.0
OG_16012	12	12	14	1.0
OG_16013	12	13	14	1.0
OG_16014	9	9	10	1.0
OG_16015	8	8	9	1.0
OG_16016	2	2	2	1.0
OG_16017	9	9	20	1.0
OG_16018	6	6	10	1.0
OG_16019	12	15	23	1.0
OG_16020	12	23	36	1.0
OG_16021	9	9	9	1.0
OG_16022	10	10	10	1.0
OG_16023	12	14	29	1.0
OG_16024	8	8	12	1.0
OG_16025	12	12	17	1.0
OG_16026	12	16	17	1.0
OG_16027	11	12	18	1.0
OG_16028	11	15	15	1.0
OG_16029	11	14	17	1.0
OG_16030	12	13	19	0.8718
OG_16031	3	4	5	1.0
OG_16032	11	11	14	1.0
OG_16033	2	2	2	1.0
OG_16034	2	2	2	1.0
OG_16035	12	13	17	1.0
OG_16036	12	13	13	1.0
OG_16037	12	13	20	1.0
OG_16038	10	11	11	0.9455
OG_16039	6	10	11	1.0
OG_16040	12	13	17	1.0
OG_16041	10	11	11	1.0
OG_16042	10	11	12	1.0
OG_16043	12	12	13	1.0
OG_16044	12	13	15	1.0
OG_16045	12	12	13	1.0
OG_16046	10	12	12	0.8788
OG_16047	10	17	21	1.0
OG_16048	10	10	14	1.0
OG_16049	2	2	2	1.0
OG_16050	12	12	12	1.0
OG_16051	12	12	14	1.0
OG_16052	11	11	11	1.0
OG_16053	12	12	13	1.0
OG_16054	11	12	15	1.0
OG_16055	9	12	12	1.0
OG_16056	12	18	18	1.0
OG_16057	2	3	6	1.0
OG_16058	12	22	31	1.0
OG_16059	11	11	12	1.0
OG_16060	12	12	14	1.0
OG_16061	9	11	11	1.0
OG_16062	7	7	8	1.0
OG_16063	12	12	14	1.0
OG_16064	4	4	4	1.0
OG_16065	9	10	10	1.0
OG_16066	7	7	8	1.0
OG_16067	9	9	10	1.0
OG_16068	7	7	7	1.0
OG_16069	11	11	16	1.0
OG_16070	5	6	7	1.0
OG_16071	12	12	12	1.0
OG_16072	4	5	5	1.0
OG_16073	6	7	7	1.0
OG_16074	11	21	29	0.8286
OG_16075	12	13	16	1.0
OG_16076	12	14	15	1.0
OG_16077	12	12	12	1.0
OG_16078	9	9	10	1.0
OG_16079	9	12	15	1.0
OG_16080	6	6	6	1.0
OG_16081	12	13	15	1.0
OG_16082	12	12	12	1.0
OG_16083	12	12	14	1.0
OG_16084	2	3	5	1.0
OG_16085	11	11	11	1.0
OG_16086	5	5	5	1.0
OG_16087	12	14	15	1.0
OG_16088	11	11	11	1.0
OG_16089	12	12	12	1.0
OG_16090	12	12	28	1.0
OG_16091	8	15	15	1.0
OG_16092	4	7	7	1.0
OG_16093	12	12	13	1.0
OG_16094	12	14	15	1.0
OG_16095	11	11	14	1.0
OG_16096	12	12	12	1.0
OG_16097	9	9	9	1.0
OG_16098	11	11	13	1.0
OG_16099	2	3	3	1.0
OG_16100	12	12	13	1.0
OG_16101	10	10	13	1.0
OG_16102	12	12	12	1.0
OG_16103	12	12	13	1.0
OG_16104	12	12	12	1.0
OG_16105	3	3	3	1.0
OG_16106	7	7	7	1.0
OG_16107	5	5	5	1.0
OG_16108	12	13	16	0.8718
OG_16109	11	12	16	1.0
OG_16110	11	11	14	1.0
OG_16111	12	14	22	1.0
OG_16112	12	12	12	1.0
OG_16113	11	13	19	1.0
OG_16114	12	12	22	1.0
OG_16115	3	8	10	0.7857
OG_16116	9	9	10	1.0
OG_16117	4	4	4	1.0
OG_16118	9	10	11	1.0
OG_16119	11	12	15	1.0
OG_16120	12	12	12	1.0
OG_16121	12	12	14	1.0
OG_16122	8	11	13	1.0
OG_16123	12	12	12	1.0
OG_16124	5	6	6	1.0
OG_16125	9	12	13	1.0
OG_16126	10	10	10	1.0
OG_16127	7	7	7	1.0
OG_16128	12	12	13	1.0
OG_16129	2	2	2	1.0
OG_16130	10	10	12	1.0
OG_16131	4	6	10	0.9333
OG_16132	10	11	12	1.0
OG_16133	12	14	15	1.0
OG_16134	6	6	8	1.0
OG_16135	12	13	20	1.0
OG_16136	12	12	26	1.0
OG_16137	9	9	10	1.0
OG_16138	7	9	9	0.8611
OG_16139	7	9	10	1.0
OG_16140	2	2	2	1.0
OG_16141	12	13	13	1.0
OG_16142	11	22	23	0.8355
OG_16143	8	21	22	0.9571
OG_16144	3	5	5	1.0
OG_16145	12	16	21	0.9667
OG_16146	12	12	13	1.0
OG_16147	11	11	16	1.0
OG_16148	5	10	10	1.0
OG_16149	9	11	12	1.0
OG_16150	2	2	2	1.0
OG_16151	3	3	3	1.0
OG_16152	12	12	13	1.0
OG_16153	7	7	7	1.0
OG_16154	12	12	12	1.0
OG_16155	12	12	12	1.0
OG_16156	12	12	15	1.0
OG_16157	12	13	13	1.0
OG_16158	3	3	3	1.0
OG_16159	3	7	7	0.7619
OG_16160	12	14	16	1.0
OG_16161	11	11	12	1.0
OG_16162	10	11	15	1.0
OG_16163	3	4	4	1.0
OG_16164	6	8	8	1.0
OG_16165	7	9	13	1.0
OG_16166	8	8	12	1.0
OG_16167	12	14	23	1.0
OG_16168	12	13	15	1.0
OG_16169	8	8	9	1.0
OG_16170	4	11	11	1.0
OG_16171	6	6	6	1.0
OG_16172	5	6	6	1.0
OG_16173	12	13	13	1.0
OG_16174	11	12	12	1.0
OG_16175	2	2	2	1.0
OG_16176	9	9	9	1.0
OG_16177	12	13	15	1.0
OG_16178	9	9	13	1.0
OG_16179	11	12	13	1.0
OG_16180	7	14	16	0.967
OG_16181	10	10	10	1.0
OG_16182	2	2	2	1.0
OG_16183	7	7	10	1.0
OG_16184	12	19	19	0.7427
OG_16185	12	12	12	1.0
OG_16186	12	13	13	1.0
OG_16187	9	9	9	1.0
OG_16188	12	13	14	1.0
OG_16189	8	9	10	1.0
OG_16190	9	13	15	1.0
OG_16191	7	13	15	0.7308
OG_16192	12	12	25	1.0
OG_16193	9	9	16	1.0
OG_16194	12	12	12	1.0
OG_16195	8	8	9	1.0
OG_16196	12	12	14	1.0
OG_16197	11	11	13	1.0
OG_16198	12	13	13	1.0
OG_16199	10	10	13	1.0
OG_16200	11	11	14	1.0
OG_16201	10	10	14	1.0
OG_16202	12	12	14	1.0
OG_16203	12	13	14	1.0
OG_16204	10	10	10	1.0
OG_16205	2	2	2	1.0
OG_16206	3	4	5	1.0
OG_16207	12	13	13	1.0
OG_16208	11	19	24	1.0
OG_16209	12	12	14	1.0
OG_16210	12	16	20	1.0
OG_16211	10	11	11	0.8364
OG_16212	7	7	7	1.0
OG_16213	4	6	6	1.0
OG_16214	12	16	18	0.6917
OG_16215	8	8	9	1.0
OG_16216	12	14	20	1.0
OG_16217	12	12	14	1.0
OG_16218	5	8	8	1.0
OG_16219	9	10	12	1.0
OG_16220	11	11	11	1.0
OG_16221	12	12	12	1.0
OG_16222	12	12	13	1.0
OG_16223	2	2	2	1.0
OG_16224	8	8	8	0.8571
OG_16225	8	9	9	0.8611
OG_16226	7	7	7	1.0
OG_16227	5	15	15	0.781
OG_16228	2	3	3	1.0
OG_16229	10	10	11	1.0
OG_16230	11	13	13	1.0
OG_16231	12	14	14	1.0
OG_16232	11	12	17	0.9848
OG_16233	12	13	14	1.0
OG_16234	12	23	24	0.9921
OG_16235	12	14	23	1.0
OG_16236	9	9	9	1.0
OG_16237	12	14	14	1.0
OG_16238	10	11	14	1.0
OG_16239	10	10	10	1.0
OG_16240	11	11	11	1.0
OG_16241	12	18	25	1.0
OG_16242	4	5	5	1.0
OG_16243	10	10	12	1.0
OG_16244	11	13	15	0.9615
OG_16245	12	15	21	1.0
OG_16246	2	2	2	1.0
OG_16247	2	3	3	1.0
OG_16248	2	3	3	1.0
OG_16249	7	7	9	1.0
OG_16250	12	13	13	1.0
OG_16251	4	6	6	1.0
OG_16252	2	2	2	1.0
OG_16253	7	7	7	1.0
OG_16254	11	11	13	1.0
OG_16255	12	14	14	1.0
OG_16256	11	11	11	1.0
OG_16257	6	6	6	1.0
OG_16258	10	10	13	1.0
OG_16259	10	11	12	1.0
OG_16260	12	12	15	1.0
OG_16261	12	17	25	0.9632
OG_16262	12	14	15	1.0
OG_16263	9	10	15	1.0
OG_16264	7	7	12	1.0
OG_16265	9	9	9	1.0
OG_16266	2	2	2	1.0
OG_16267	10	10	14	1.0
OG_16268	12	15	15	1.0
OG_16269	11	11	13	1.0
OG_16270	3	4	5	1.0
OG_16271	12	12	14	1.0
OG_16272	10	21	28	1.0
OG_16273	12	14	14	1.0
OG_16274	12	12	15	1.0
OG_16275	9	9	10	1.0
OG_16276	10	10	11	0.6667
OG_16277	10	14	14	1.0
OG_16278	11	11	13	1.0
OG_16279	12	13	14	1.0
OG_16280	10	10	11	1.0
OG_16281	2	3	3	1.0
OG_16282	9	9	10	1.0
OG_16283	7	12	14	1.0
OG_16284	10	10	10	1.0
OG_16285	10	10	14	1.0
OG_16286	10	10	12	1.0
OG_16287	3	3	3	1.0
OG_16288	10	10	11	1.0
OG_16289	8	8	8	1.0
OG_16290	12	21	30	1.0
OG_16291	12	12	14	1.0
OG_16292	12	12	15	1.0
OG_16293	8	13	13	1.0
OG_16294	2	3	3	1.0
OG_16295	9	10	10	1.0
OG_16296	5	7	8	1.0
OG_16297	8	15	18	0.9714
OG_16298	7	7	8	1.0
OG_16299	2	2	2	1.0
OG_16300	12	18	18	1.0
OG_16301	10	13	13	1.0
OG_16302	12	13	15	1.0
OG_16303	8	17	19	1.0
OG_16304	10	10	13	1.0
OG_16305	12	14	16	1.0
OG_16306	12	13	13	1.0
OG_16307	12	13	16	1.0
OG_16308	8	8	9	1.0
OG_16309	2	5	5	1.0
OG_16310	8	8	8	1.0
OG_16311	12	12	15	1.0
OG_16312	12	12	14	1.0
OG_16313	7	8	8	1.0
OG_16314	5	5	5	1.0
OG_16315	3	3	3	1.0
OG_16316	7	7	11	1.0
OG_16317	12	15	16	1.0
OG_16318	12	13	15	1.0
OG_16319	12	13	15	1.0
OG_16320	11	14	21	0.7802
OG_16321	9	19	24	1.0
OG_16322	9	9	9	1.0
OG_16323	6	8	10	1.0
OG_16324	12	12	17	1.0
OG_16325	12	12	13	1.0
OG_16326	7	12	12	1.0
OG_16327	7	7	7	1.0
OG_16328	6	6	6	1.0
OG_16329	10	15	16	1.0
OG_16330	12	13	14	1.0
OG_16331	12	13	13	1.0
OG_16332	12	12	13	1.0
OG_16333	12	12	14	1.0
OG_16334	12	15	18	1.0
OG_16335	12	14	14	1.0
OG_16336	10	10	12	1.0
OG_16337	12	14	15	1.0
OG_16338	12	13	13	1.0
OG_16339	12	36	49	1.0
OG_16340	12	14	15	1.0
OG_16341	11	11	13	1.0
OG_16342	12	13	14	1.0
OG_16343	2	2	2	1.0
OG_16344	11	11	11	1.0
OG_16345	8	8	9	1.0
OG_16346	10	11	12	1.0
OG_16347	9	18	20	1.0
OG_16348	9	9	9	1.0
OG_16349	12	12	17	1.0
OG_16350	12	12	14	1.0
OG_16351	11	11	11	1.0
OG_16352	2	2	2	1.0
OG_16353	11	11	12	1.0
OG_16354	12	12	13	1.0
OG_16355	12	13	13	1.0
OG_16356	8	9	9	1.0
OG_16357	2	2	2	1.0
OG_16358	12	13	14	1.0
OG_16359	12	12	13	1.0
OG_16360	9	9	10	1.0
OG_16361	9	9	11	1.0
OG_16362	3	3	3	1.0
OG_16363	12	12	13	1.0
OG_16364	4	4	4	1.0
OG_16365	7	7	7	1.0
OG_16366	9	12	12	1.0
OG_16367	7	7	7	1.0
OG_16368	9	10	11	1.0
OG_16369	12	16	16	1.0
OG_16370	2	3	3	1.0
OG_16371	11	11	14	1.0
OG_16372	11	11	11	1.0
OG_16373	12	14	18	1.0
OG_16374	9	9	11	1.0
OG_16375	12	12	19	1.0
OG_16376	12	12	14	1.0
OG_16377	12	12	15	1.0
OG_16378	12	14	17	1.0
OG_16379	5	7	7	1.0
OG_16380	5	8	8	1.0
OG_16381	11	16	17	0.975
OG_16382	7	7	7	1.0
OG_16383	6	6	6	1.0
OG_16384	7	7	7	1.0
OG_16385	8	8	8	1.0
OG_16386	7	8	8	1.0
OG_16387	11	14	15	1.0
OG_16388	9	10	10	1.0
OG_16389	7	7	8	1.0
OG_16390	12	13	15	1.0
OG_16391	11	12	13	1.0
OG_16392	11	12	15	1.0
OG_16393	12	12	12	1.0
OG_16394	11	13	15	0.9615
OG_16395	12	17	18	0.8529
OG_16396	9	9	11	1.0
OG_16397	12	12	12	1.0
OG_16398	12	12	23	1.0
OG_16399	12	13	17	1.0
OG_16400	5	6	6	1.0
OG_16401	10	11	12	1.0
OG_16402	9	9	9	1.0
OG_16403	9	9	11	1.0
OG_16404	12	12	14	1.0
OG_16405	12	12	13	1.0
OG_16406	12	13	18	1.0
OG_16407	9	11	14	1.0
OG_16408	5	5	5	1.0
OG_16409	11	12	12	0.8485
OG_16410	12	14	14	1.0
OG_16411	5	5	5	1.0
OG_16412	12	15	16	1.0
OG_16413	12	12	13	1.0
OG_16414	12	14	17	1.0
OG_16415	12	12	12	1.0
OG_16416	5	7	7	1.0
OG_16417	12	12	24	1.0
OG_16418	11	12	15	1.0
OG_16419	12	12	13	1.0
OG_16420	12	15	17	1.0
OG_16421	12	12	12	0.8788
OG_16422	6	19	20	0.8129
OG_16423	12	15	19	0.9524
OG_16424	9	11	13	1.0
OG_16425	9	9	17	1.0
OG_16426	2	3	3	1.0
OG_16427	12	12	15	1.0
OG_16428	9	9	10	1.0
OG_16429	7	7	8	1.0
OG_16430	10	18	21	1.0
OG_16431	7	16	16	1.0
OG_16432	9	10	10	1.0
OG_16433	12	14	15	1.0
OG_16434	12	38	56	1.0
OG_16435	11	14	16	1.0
OG_16436	11	12	17	0.8485
OG_16437	10	11	12	1.0
OG_16438	11	12	13	1.0
OG_16439	8	8	9	1.0
OG_16440	9	9	14	1.0
OG_16441	12	12	16	1.0
OG_16442	11	11	13	1.0
OG_16443	9	9	11	1.0
OG_16444	12	14	21	1.0
OG_16445	12	15	17	1.0
OG_16446	12	12	12	1.0
OG_16447	8	8	8	1.0
OG_16448	8	9	9	1.0
OG_16449	3	4	4	1.0
OG_16450	9	9	11	1.0
OG_16451	4	16	16	0.7917
OG_16452	9	18	18	0.9477
OG_16453	9	9	11	1.0
OG_16454	8	8	10	1.0
OG_16455	4	4	4	1.0
OG_16456	12	12	14	1.0
OG_16457	12	13	17	1.0
OG_16458	9	9	10	1.0
OG_16459	10	10	10	1.0
OG_16460	12	12	12	1.0
OG_16461	5	15	15	0.4571
OG_16462	7	12	14	1.0
OG_16463	11	11	13	1.0
OG_16464	12	12	12	1.0
OG_16465	12	12	12	1.0
OG_16466	11	17	19	0.8603
OG_16467	8	8	8	1.0
OG_16468	2	2	2	1.0
OG_16469	12	15	20	1.0
OG_16470	9	11	14	1.0
OG_16471	12	13	14	1.0
OG_16472	10	10	10	1.0
OG_16473	2	2	2	1.0
OG_16474	2	2	2	1.0
OG_16475	12	13	21	1.0
OG_16476	12	13	15	0.859
OG_16477	11	13	14	1.0
OG_16478	11	11	13	1.0
OG_16479	7	13	14	0.6154
OG_16480	2	3	3	1.0
OG_16481	2	2	3	1.0
OG_16482	2	3	3	1.0
OG_16483	12	12	12	1.0
OG_16484	2	4	4	1.0
OG_16485	12	23	25	0.996
OG_16486	12	12	18	1.0
OG_16487	4	8	8	0.8214
OG_16488	2	2	2	1.0
OG_16489	8	8	8	1.0
OG_16490	12	13	14	1.0
OG_16491	12	12	12	1.0
OG_16492	2	2	2	1.0
OG_16493	12	23	34	0.9368
OG_16494	11	12	13	1.0
OG_16495	11	12	13	1.0
OG_16496	11	11	12	1.0
OG_16497	9	9	12	1.0
OG_16498	12	12	16	1.0
OG_16499	6	7	7	1.0
OG_16500	10	20	24	0.9053
OG_16501	4	9	9	1.0
OG_16502	6	7	8	1.0
OG_16503	11	12	13	1.0
OG_16504	12	12	14	1.0
OG_16505	11	14	17	0.8681
OG_16506	12	20	22	0.9526
OG_16507	10	14	16	1.0
OG_16508	2	6	9	1.0
OG_16509	2	2	2	1.0
OG_16510	7	7	7	1.0
OG_16511	12	12	14	1.0
OG_16512	12	13	14	1.0
OG_16513	2	3	3	1.0
OG_16514	3	7	22	0.8095
OG_16515	11	19	27	1.0
OG_16516	11	18	21	0.9346
OG_16517	12	12	14	1.0
OG_16518	9	11	11	1.0
OG_16519	7	9	9	1.0
OG_16520	12	17	23	0.5735
OG_16521	10	13	15	1.0
OG_16522	7	7	8	1.0
OG_16523	12	14	15	1.0
OG_16524	8	8	9	1.0
OG_16525	5	8	8	1.0
OG_16526	7	11	13	1.0
OG_16527	12	12	16	1.0
OG_16528	10	10	13	1.0
OG_16529	12	12	13	1.0
OG_16530	7	7	8	1.0
OG_16531	10	10	12	1.0
OG_16532	12	13	16	1.0
OG_16533	9	10	11	1.0
OG_16534	11	11	12	1.0
OG_16535	12	12	20	1.0
OG_16536	12	12	13	1.0
OG_16537	2	2	2	1.0
OG_16538	8	20	21	0.6368
OG_16539	12	13	13	1.0
OG_16540	7	8	8	1.0
OG_16541	4	7	8	1.0
OG_16542	12	13	13	1.0
OG_16543	10	11	11	1.0
OG_16544	9	9	12	1.0
OG_16545	12	13	16	1.0
OG_16546	12	21	28	0.9905
OG_16547	10	11	11	1.0
OG_16548	11	11	12	1.0
OG_16549	3	5	5	1.0
OG_16550	5	7	9	1.0
OG_16551	5	5	8	1.0
OG_16552	12	12	16	1.0
OG_16553	11	12	13	1.0
OG_16554	12	13	15	1.0
OG_16555	3	5	5	1.0
OG_16556	12	12	14	1.0
OG_16557	12	13	18	1.0
OG_16558	11	11	12	1.0
OG_16559	3	4	4	1.0
OG_16560	12	12	13	1.0
OG_16561	5	8	8	1.0
OG_16562	12	12	12	1.0
OG_16563	12	12	12	1.0
OG_16564	12	12	12	1.0
OG_16565	2	3	3	1.0
OG_16566	12	15	23	1.0
OG_16567	10	18	19	1.0
OG_16568	2	3	3	1.0
OG_16569	8	8	8	1.0
OG_16570	12	14	16	1.0
OG_16571	11	13	15	1.0
OG_16572	7	8	9	1.0
OG_16573	11	11	11	1.0
OG_16574	10	17	22	1.0
OG_16575	4	5	5	1.0
OG_16576	2	2	2	1.0
OG_16577	12	13	14	1.0
OG_16578	2	2	2	1.0
OG_16579	12	23	26	1.0
OG_16580	10	10	10	1.0
OG_16581	12	17	17	1.0
OG_16582	12	12	19	1.0
OG_16583	9	9	17	1.0
OG_16584	12	13	14	1.0
OG_16585	9	11	13	1.0
OG_16586	2	3	7	0.6667
OG_16587	11	11	14	1.0
OG_16588	10	19	23	0.9883
OG_16589	10	10	11	1.0
OG_16590	12	14	18	1.0
OG_16591	12	13	15	1.0
OG_16592	12	12	12	1.0
OG_16593	7	7	7	1.0
OG_16594	2	2	2	1.0
OG_16595	8	8	8	1.0
OG_16596	7	7	7	1.0
OG_16597	2	2	2	1.0
OG_16598	2	2	2	1.0
OG_16599	12	15	23	1.0
OG_16600	6	6	6	1.0
OG_16601	11	12	12	1.0
OG_16602	8	8	8	1.0
OG_16603	10	10	21	1.0
OG_16604	12	13	14	1.0
OG_16605	12	12	19	1.0
OG_16606	12	13	21	1.0
OG_16607	9	9	15	1.0
OG_16608	12	12	14	1.0
OG_16609	12	13	13	1.0
OG_16610	8	9	11	1.0
OG_16611	8	11	11	1.0
OG_16612	2	3	4	1.0
OG_16613	12	13	13	1.0
OG_16614	5	10	10	1.0
OG_16615	12	13	17	1.0
OG_16616	9	9	9	1.0
OG_16617	3	3	3	1.0
OG_16618	9	9	13	1.0
OG_16619	6	8	9	1.0
OG_16620	5	17	28	0.9926
OG_16621	2	2	2	1.0
OG_16622	11	11	12	1.0
OG_16623	12	14	17	1.0
OG_16624	11	11	14	1.0
OG_16625	4	5	5	1.0
OG_16626	10	11	12	1.0
OG_16627	4	4	4	1.0
OG_16628	12	13	16	1.0
OG_16629	12	12	12	1.0
OG_16630	12	14	16	1.0
OG_16631	9	11	11	1.0
OG_16632	12	13	46	1.0
OG_16633	11	11	12	1.0
OG_16634	8	8	16	1.0
OG_16635	12	12	15	1.0
OG_16636	12	12	12	1.0
OG_16637	12	12	14	1.0
OG_16638	9	13	15	0.9744
OG_16639	11	11	11	1.0
OG_16640	12	27	28	0.8803
OG_16641	12	12	16	1.0
OG_16642	4	4	4	1.0
OG_16643	12	13	18	1.0
OG_16644	4	6	6	1.0
OG_16645	9	9	12	1.0
OG_16646	10	11	14	1.0
OG_16647	12	16	22	0.7
OG_16648	5	6	6	0.7333
OG_16649	2	3	3	0.6667
OG_16650	8	8	8	1.0
OG_16651	10	10	11	1.0
OG_16652	12	13	16	1.0
OG_16653	12	16	17	1.0
OG_16654	10	11	13	1.0
OG_16655	12	13	15	1.0
OG_16656	3	3	3	1.0
OG_16657	2	2	2	1.0
OG_16658	12	12	14	1.0
OG_16659	11	11	11	1.0
OG_16660	12	13	15	1.0
OG_16661	5	5	6	1.0
OG_16662	12	12	15	1.0
OG_16663	9	11	12	1.0
OG_16664	10	10	11	1.0
OG_16665	11	11	12	1.0
OG_16666	10	15	16	1.0
OG_16667	9	11	11	1.0
OG_16668	11	11	13	1.0
OG_16669	9	12	12	0.8485
OG_16670	7	8	8	1.0
OG_16671	7	8	10	1.0
OG_16672	9	9	10	1.0
OG_16673	5	6	6	0.7333
OG_16674	2	2	2	1.0
OG_16675	9	9	11	1.0
OG_16676	4	9	12	1.0
OG_16677	4	6	6	1.0
OG_16678	11	12	14	1.0
OG_16679	12	14	18	1.0
OG_16680	11	18	22	1.0
OG_16681	11	11	11	1.0
OG_16682	12	18	23	1.0
OG_16683	12	17	17	1.0
OG_16684	11	13	15	1.0
OG_16685	12	13	15	0.8718
OG_16686	12	12	13	1.0
OG_16687	10	11	11	0.9818
OG_16688	3	3	3	1.0
OG_16689	12	12	12	1.0
OG_16690	2	3	3	1.0
OG_16691	11	13	14	1.0
OG_16692	12	12	13	1.0
OG_16693	12	16	22	0.8
OG_16694	10	11	16	1.0
OG_16695	10	10	13	1.0
OG_16696	12	14	17	1.0
OG_16697	11	12	14	1.0
OG_16698	12	14	18	0.989
OG_16699	10	10	10	1.0
OG_16700	2	2	2	1.0
OG_16701	2	2	8	1.0
OG_16702	2	2	3	1.0
OG_16703	11	11	22	1.0
OG_16704	2	2	4	1.0
OG_16705	2	2	3	1.0
OG_16706	2	3	9	0.6667
OG_16707	3	11	17	0.8
OG_16708	2	2	2	1.0
OG_16709	2	2	3	1.0
OG_16710	3	4	5	1.0
OG_16711	11	11	14	1.0
OG_16712	2	3	5	1.0
OG_16713	2	2	3	1.0
OG_16714	2	6	15	1.0
OG_16715	11	11	17	1.0
OG_16716	2	2	3	1.0
OG_16717	11	16	23	1.0
OG_16718	2	2	3	1.0
OG_16719	2	2	3	1.0
OG_16720	2	3	4	1.0
OG_16721	7	7	11	1.0
OG_16722	2	2	5	1.0
OG_16723	2	4	7	1.0
OG_16724	2	3	5	1.0
OG_16725	2	6	14	0.6
OG_16726	2	2	3	1.0
OG_16727	8	11	11	1.0
OG_16728	2	2	9	1.0
OG_16729	2	3	3	1.0
OG_16730	2	2	3	1.0
OG_16731	2	2	3	1.0
OG_16732	2	2	4	1.0
OG_16733	2	2	4	1.0
OG_16734	2	2	2	1.0
OG_16735	2	2	6	1.0
OG_16736	10	11	22	1.0
OG_16737	2	2	3	1.0
OG_16738	2	2	4	1.0
OG_16739	2	2	4	1.0
OG_16740	2	2	2	1.0
OG_16741	2	2	4	1.0
OG_16742	2	3	4	1.0
OG_16743	2	2	2	1.0
OG_16744	2	2	2	1.0
OG_16745	2	2	2	1.0
OG_16746	2	2	6	1.0
OG_16747	2	2	3	1.0
OG_16748	2	6	6	1.0
OG_16749	2	4	4	1.0
OG_16750	11	11	12	1.0
OG_16751	2	2	2	1.0
OG_16752	4	4	4	1.0
OG_16753	2	2	2	1.0
OG_16754	2	2	2	1.0
OG_16755	11	12	13	1.0
OG_16756	2	3	3	0.6667
OG_16757	9	13	13	1.0
OG_16758	2	2	2	1.0
OG_16759	2	2	2	1.0
OG_16760	2	2	2	1.0
OG_16761	2	2	2	1.0
OG_16762	2	3	3	1.0
OG_16763	2	2	2	1.0
OG_16764	3	3	3	1.0
OG_16765	2	2	7	1.0
OG_16766	11	12	13	0.8788
OG_16767	2	2	2	1.0
OG_16768	3	3	3	1.0
OG_16769	3	4	4	1.0
OG_16770	2	2	5	1.0
OG_16771	2	2	6	1.0
OG_16772	2	2	2	1.0
OG_16773	11	12	12	1.0
OG_16774	2	2	2	1.0
OG_16775	2	2	8	1.0
OG_16776	2	2	4	1.0
OG_16777	2	2	2	1.0
OG_16778	2	2	2	1.0
OG_16779	2	2	2	1.0
OG_16780	2	6	7	0.8
OG_16781	11	12	15	1.0
OG_16782	2	3	3	1.0
OG_16783	2	2	2	1.0
OG_16784	2	2	2	1.0
OG_16785	11	11	11	1.0
OG_16786	2	2	2	1.0
OG_16787	2	3	4	0.6667
OG_16788	11	11	11	1.0
OG_16789	2	2	5	1.0
OG_16790	2	2	2	1.0
OG_16791	2	2	3	1.0
OG_16792	2	2	5	1.0
OG_16793	2	3	6	1.0
OG_16794	2	3	3	1.0
OG_16795	2	2	2	1.0
OG_16796	2	2	2	1.0
OG_16797	2	2	2	1.0
OG_16798	2	2	2	1.0
OG_16799	2	2	3	1.0
OG_16800	3	3	3	1.0
OG_16801	2	2	2	1.0
OG_16802	2	2	2	1.0
OG_16803	7	7	8	1.0
OG_16804	2	2	3	1.0
OG_16805	2	2	2	1.0
OG_16806	2	2	2	1.0
OG_16807	2	3	3	1.0
OG_16808	2	2	2	1.0
OG_16809	2	2	3	1.0
OG_16810	3	3	4	1.0
OG_16811	2	2	2	1.0
OG_16812	2	2	2	1.0
OG_16813	11	14	17	1.0
OG_16814	2	2	2	1.0
OG_16815	2	3	4	0.6667
OG_16816	2	3	3	1.0
OG_16817	2	3	3	1.0
OG_16818	2	2	2	1.0
OG_16819	2	2	2	1.0
OG_16820	2	2	2	1.0
OG_16821	3	4	4	1.0
OG_16822	11	12	15	1.0
OG_16823	2	2	3	1.0
OG_16824	3	3	5	1.0
OG_16825	2	2	2	1.0
OG_16826	2	2	2	1.0
OG_16827	2	2	2	1.0
OG_16828	11	11	14	0.7818
OG_16829	10	12	12	0.9697
OG_16830	2	2	2	1.0
OG_16831	2	3	3	1.0
OG_16832	2	2	2	1.0
OG_16833	2	2	2	1.0
OG_16834	2	2	3	1.0
OG_16835	3	3	3	1.0
OG_16836	6	7	7	1.0
OG_16837	2	5	6	1.0
OG_16838	2	2	3	1.0
OG_16839	2	2	2	1.0
OG_16840	2	2	2	1.0
OG_16841	2	4	4	1.0
OG_16842	2	2	2	1.0
OG_16843	4	4	4	1.0
OG_16844	2	2	2	1.0
OG_16845	2	2	2	1.0
OG_16846	11	11	11	1.0
OG_16847	2	2	2	1.0
OG_16848	2	2	2	1.0
OG_16849	3	4	7	1.0
OG_16850	2	2	2	1.0
OG_16851	2	2	2	1.0
OG_16852	2	2	2	1.0
OG_16853	3	3	3	1.0
OG_16854	2	2	4	1.0
OG_16855	2	2	9	1.0
OG_16856	2	2	2	1.0
OG_16857	2	2	3	1.0
OG_16858	2	2	2	1.0
OG_16859	11	14	20	1.0
OG_16860	3	3	5	0.6667
OG_16861	2	2	2	1.0
OG_16862	2	3	3	0.6667
OG_16863	2	2	2	1.0
OG_16864	2	3	3	1.0
OG_16865	2	2	2	1.0
OG_16866	3	3	6	1.0
OG_16867	3	3	3	1.0
OG_16868	2	2	2	1.0
OG_16869	2	2	2	1.0
OG_16870	2	2	2	1.0
OG_16871	2	2	2	1.0
OG_16872	2	2	2	1.0
OG_16873	2	2	2	1.0
OG_16874	2	2	2	1.0
OG_16875	2	3	3	1.0
OG_16876	2	2	2	1.0
OG_16877	2	2	3	1.0
OG_16878	2	2	3	1.0
OG_16879	2	2	3	1.0
OG_16880	2	5	6	0.5
OG_16881	2	2	2	1.0
OG_16882	2	2	9	1.0
OG_16883	2	4	4	1.0
OG_16884	11	11	13	1.0
OG_16885	2	2	3	1.0
OG_16886	11	11	14	1.0
OG_16887	3	3	8	1.0
OG_16888	2	2	2	1.0
OG_16889	2	2	4	1.0
OG_16890	2	2	7	1.0
OG_16891	2	2	3	1.0
OG_16892	10	12	12	1.0
OG_16893	2	2	3	1.0
OG_16894	11	11	15	1.0
OG_16895	8	8	8	1.0
OG_16896	2	2	4	1.0
OG_16897	2	4	4	1.0
OG_16898	11	11	13	1.0
OG_16899	3	3	4	1.0
OG_16900	2	2	2	1.0
OG_16901	5	6	6	1.0
OG_16902	5	5	5	1.0
OG_16903	4	5	5	0.5
OG_16904	11	11	16	1.0
OG_16905	11	12	15	1.0
OG_16906	2	2	4	1.0
OG_16907	3	3	3	1.0
OG_16908	2	2	2	1.0
OG_16909	9	9	9	1.0
OG_16910	2	2	2	1.0
OG_16911	11	11	15	1.0
OG_16912	3	4	4	0.6667
OG_16913	3	3	5	1.0
OG_16914	2	2	2	1.0
OG_16915	3	3	4	1.0
OG_16916	2	2	2	1.0
OG_16917	2	2	2	1.0
OG_16918	2	2	2	1.0
OG_16919	2	5	7	1.0
OG_16920	4	4	7	1.0
OG_16921	2	2	2	1.0
OG_16922	2	2	2	1.0
OG_16923	7	7	7	1.0
OG_16924	2	2	2	1.0
OG_16925	2	2	2	1.0
OG_16926	2	2	4	1.0
OG_16927	2	2	2	1.0
OG_16928	10	11	11	1.0
OG_16929	2	2	2	1.0
OG_16930	2	2	2	1.0
OG_16931	2	2	2	1.0
OG_16932	8	8	13	1.0
OG_16933	2	2	5	1.0
OG_16934	2	2	2	1.0
OG_16935	11	11	11	1.0
OG_16936	11	11	12	1.0
OG_16937	10	29	29	0.8374
OG_16938	10	13	13	1.0
OG_16939	2	2	2	1.0
OG_16940	2	3	3	1.0
OG_16941	11	11	13	1.0
OG_16942	10	12	12	1.0
OG_16943	2	2	3	1.0
OG_16944	3	10	13	0.9111
OG_16945	2	3	5	1.0
OG_16946	3	4	5	1.0
OG_16947	2	13	17	0.8333
OG_16948	2	15	21	0.5714
OG_16949	2	4	8	1.0
OG_16950	2	2	4	1.0
OG_16951	2	3	4	1.0
OG_16952	2	4	5	1.0
OG_16953	2	3	6	1.0
OG_16954	2	4	4	1.0
OG_16955	2	3	9	1.0
OG_16956	2	2	3	1.0
OG_16957	2	3	3	1.0
OG_16958	2	3	3	1.0
OG_16959	2	2	2	1.0
OG_16960	2	3	4	1.0
OG_16961	2	2	2	1.0
OG_16962	2	3	3	1.0
OG_16963	3	4	4	1.0
OG_16964	2	3	4	1.0
OG_16965	2	3	3	1.0
OG_16966	2	3	3	1.0
OG_16967	2	2	2	1.0
OG_16968	2	2	2	1.0
OG_16969	2	2	2	1.0
OG_16970	2	2	3	1.0
OG_16971	2	4	4	1.0
OG_16972	2	2	9	1.0
OG_16973	5	6	7	1.0
OG_16974	2	4	8	0.6667
OG_16975	2	2	3	1.0
OG_16976	2	3	5	0.6667
OG_16977	2	3	3	1.0
OG_16978	2	3	3	1.0
OG_16979	2	2	2	1.0
OG_16980	2	2	3	1.0
OG_16981	2	3	4	1.0
OG_16982	2	2	2	1.0
OG_16983	2	2	4	1.0
OG_16984	2	2	2	1.0
OG_16985	2	2	2	1.0
OG_16986	2	3	3	1.0
OG_16987	2	2	2	1.0
OG_16988	2	3	3	1.0
OG_16989	2	2	5	1.0
OG_16990	2	2	3	1.0
OG_16991	2	2	4	1.0
OG_16992	2	3	3	1.0
OG_16993	2	4	4	1.0
OG_16994	2	2	2	1.0
OG_16995	2	2	2	1.0
OG_16996	2	2	3	1.0
OG_16997	3	4	4	1.0
OG_16998	3	4	5	1.0
OG_16999	2	4	4	1.0
OG_17000	2	2	2	1.0
OG_17001	2	2	2	1.0
OG_17002	2	3	4	1.0
OG_17003	2	3	4	1.0
OG_17004	2	2	2	1.0
OG_17005	2	2	5	1.0
OG_17006	2	3	5	1.0
OG_17007	2	3	4	1.0
OG_17008	2	3	3	1.0
OG_17009	2	4	4	1.0
OG_17010	2	2	2	1.0
OG_17011	2	2	2	1.0
OG_17012	2	3	3	1.0
OG_17013	2	4	7	1.0
OG_17014	2	2	3	1.0
OG_17015	10	11	15	1.0
OG_17016	9	10	14	1.0
OG_17017	6	6	6	1.0
OG_17018	4	5	6	0.7
OG_17019	2	2	2	1.0
OG_17020	3	3	3	1.0
OG_17021	8	8	9	1.0
OG_17022	3	5	5	1.0
OG_17023	2	2	2	1.0
OG_17024	2	2	2	1.0
OG_17025	2	2	2	1.0
OG_17026	2	2	2	1.0
OG_17027	2	2	2	1.0
OG_17028	3	3	4	0.6667
OG_17029	3	3	3	1.0
OG_17030	2	2	2	1.0
OG_17031	3	5	5	1.0
OG_17032	2	2	2	1.0
OG_17033	2	2	2	1.0
OG_17034	3	3	3	1.0
OG_17035	2	2	2	1.0
OG_17036	4	4	5	1.0
OG_17037	3	3	4	1.0
OG_17038	3	3	3	1.0
OG_17039	2	2	2	1.0
OG_17040	3	3	3	1.0
OG_17041	2	3	3	0.6667
OG_17042	2	2	2	1.0
OG_17043	2	2	2	1.0
OG_17044	5	5	9	0.7
OG_17045	2	2	2	1.0
OG_17046	3	3	6	1.0
OG_17047	3	3	7	0.6667
OG_17048	9	9	13	1.0
OG_17049	4	7	8	1.0
OG_17050	2	2	2	1.0
OG_17051	3	4	4	1.0
OG_17052	10	11	11	1.0
OG_17053	8	10	10	1.0
OG_17054	9	10	14	1.0
OG_17055	2	2	2	1.0
OG_17056	4	7	7	1.0
OG_17057	8	27	29	0.8661
OG_17058	2	2	2	1.0
OG_17059	3	14	16	0.9121
OG_17060	2	3	3	0.6667
OG_17061	3	3	4	1.0
OG_17062	2	3	3	1.0
OG_17063	2	2	2	1.0
OG_17064	2	2	2	1.0
OG_17065	2	3	4	1.0
OG_17066	4	7	8	1.0
OG_17067	2	5	8	0.8
OG_17068	2	2	2	1.0
OG_17069	2	3	3	1.0
OG_17070	2	2	2	1.0
OG_17071	2	3	4	1.0
OG_17072	2	2	2	1.0
OG_17073	2	6	6	0.8
OG_17074	2	3	6	1.0
OG_17075	7	11	14	1.0
OG_17076	2	4	4	1.0
OG_17077	5	5	5	1.0
OG_17078	7	7	11	1.0
OG_17079	2	2	2	1.0
OG_17080	2	2	2	1.0
OG_17081	2	3	3	1.0
OG_17082	2	2	2	1.0
OG_17083	2	2	2	1.0
OG_17084	2	3	3	1.0
OG_17085	2	2	2	1.0
OG_17086	2	2	3	1.0
OG_17087	2	2	4	1.0
OG_17088	2	3	3	1.0
OG_17089	8	8	8	1.0
OG_17090	2	2	2	1.0
OG_17091	2	3	3	1.0
OG_17092	2	3	3	1.0
OG_17093	2	2	2	1.0
OG_17094	6	6	6	1.0
OG_17095	2	2	2	1.0
OG_17096	2	4	4	1.0
OG_17097	5	6	6	1.0
OG_17098	2	2	2	1.0
OG_17099	2	3	3	1.0
OG_17100	2	2	2	1.0
OG_17101	2	2	3	1.0
OG_17102	3	4	4	1.0
OG_17103	2	2	2	1.0
OG_17104	2	2	2	1.0
OG_17105	2	2	4	1.0
OG_17106	2	2	2	1.0
OG_17107	2	2	2	1.0
OG_17108	2	2	2	1.0
OG_17109	2	2	2	1.0
OG_17110	2	2	2	1.0
OG_17111	2	2	2	1.0
OG_17112	3	6	12	1.0
OG_17113	5	5	5	1.0
OG_17114	3	3	3	0.6667
OG_17115	2	2	2	1.0
OG_17116	2	2	2	1.0
OG_17117	2	2	2	1.0
OG_17118	2	3	3	1.0
OG_17119	4	4	4	0.8333
OG_17120	2	3	3	1.0
OG_17121	2	2	2	1.0
OG_17122	2	2	2	1.0
OG_17123	2	2	4	1.0
OG_17124	4	4	4	1.0
OG_17125	2	2	2	1.0
OG_17126	2	2	2	1.0
OG_17127	2	2	2	1.0
OG_17128	8	8	15	1.0
OG_17129	2	2	2	1.0
OG_17130	8	8	8	1.0
OG_17131	2	2	2	1.0
OG_17132	2	2	2	1.0
OG_17133	6	9	12	1.0
OG_17134	8	10	15	1.0
OG_17135	2	2	2	1.0
OG_17136	2	2	2	1.0
OG_17137	2	5	6	1.0
OG_17138	2	8	10	0.9643
OG_17139	2	4	6	0.8333
OG_17140	2	8	9	1.0
OG_17141	4	5	6	1.0
OG_17142	2	3	4	1.0
OG_17143	2	4	5	1.0
OG_17144	2	6	10	1.0
OG_17145	2	3	3	1.0
OG_17146	2	7	7	0.8095
OG_17147	2	5	8	1.0
OG_17148	2	4	5	1.0
OG_17149	6	10	10	0.7111
OG_17150	2	4	4	1.0
OG_17151	2	4	5	1.0
OG_17152	2	3	3	1.0
OG_17153	2	5	6	1.0
OG_17154	2	2	2	1.0
OG_17155	2	2	2	1.0
OG_17156	2	10	10	0.6889
OG_17157	2	3	4	1.0
OG_17158	2	3	3	1.0
OG_17159	2	6	6	1.0
OG_17160	2	3	3	1.0
OG_17161	6	6	7	1.0
OG_17162	6	7	9	1.0
OG_17163	2	2	2	1.0
OG_17164	3	3	3	1.0
OG_17165	2	2	2	1.0
OG_17166	2	6	6	0.8667
OG_17167	2	2	2	1.0
OG_17168	2	2	2	1.0
OG_17169	2	3	3	1.0
OG_17170	2	2	2	1.0
OG_17171	3	5	5	1.0
OG_17172	4	8	8	1.0
OG_17173	7	9	10	1.0
OG_17174	2	5	8	1.0
OG_17175	3	3	3	1.0
OG_17176	2	3	3	1.0
OG_17177	2	6	6	1.0
OG_17178	2	5	5	1.0
OG_17179	2	3	3	1.0
OG_17180	2	2	2	1.0
OG_17181	2	3	3	1.0
OG_17182	2	3	3	1.0
OG_17183	2	2	2	1.0
OG_17184	6	6	6	1.0
OG_17185	9	10	11	1.0
OG_17186	2	6	6	1.0
OG_17187	2	7	7	1.0
OG_17188	6	12	12	0.8485
OG_17189	2	7	7	1.0
OG_17190	2	2	2	1.0
OG_17191	2	3	3	1.0
OG_17192	3	5	5	1.0
OG_17193	2	2	2	1.0
OG_17194	3	7	7	1.0
OG_17195	2	2	2	1.0
OG_17196	2	2	2	1.0
OG_17197	5	9	9	1.0
OG_17198	2	5	5	1.0
OG_17199	2	5	5	1.0
OG_17200	2	3	6	1.0
OG_17201	3	4	4	1.0
OG_17202	8	9	9	1.0
OG_17203	2	2	2	1.0
OG_17204	3	3	3	1.0
OG_17205	2	2	2	1.0
OG_17206	2	3	3	1.0
OG_17207	4	4	4	1.0
OG_17208	2	2	3	1.0
OG_17209	2	2	2	1.0
OG_17210	2	2	2	1.0
OG_17211	2	2	2	1.0
OG_17212	2	2	2	1.0
OG_17213	2	2	4	1.0
OG_17214	2	2	2	1.0
OG_17215	2	2	2	1.0
OG_17216	2	2	4	1.0
OG_17217	2	2	2	1.0
OG_17218	2	2	2	1.0
OG_17219	2	3	3	1.0
OG_17220	3	3	3	1.0
OG_17221	2	2	2	1.0
OG_17222	3	3	3	1.0
OG_17223	2	3	3	1.0
OG_17224	3	3	3	1.0
OG_17225	5	8	8	1.0
OG_17226	3	3	3	0.6667
OG_17227	7	7	8	1.0
OG_17228	2	2	2	1.0
OG_17229	3	3	3	1.0
OG_17230	2	2	2	1.0
OG_17231	3	3	3	1.0
OG_17232	4	4	4	1.0
OG_17233	2	2	3	1.0
OG_17234	2	2	2	1.0
OG_17235	5	10	10	1.0
OG_17236	3	4	4	1.0
OG_17237	2	3	4	1.0
OG_17238	3	3	3	1.0
OG_17239	2	2	2	1.0
OG_17240	2	2	2	1.0
OG_17241	2	2	3	1.0
OG_17242	2	4	4	1.0
OG_17243	3	4	4	1.0
OG_17244	2	2	2	1.0
OG_17245	2	2	2	1.0
OG_17246	3	3	3	1.0
OG_17247	2	5	7	1.0
OG_17248	3	7	13	0.4762
OG_17249	2	4	6	0.8333
OG_17250	2	2	3	1.0
OG_17251	3	5	12	1.0
OG_17252	2	2	2	1.0
OG_17253	3	6	7	1.0
OG_17254	3	3	5	1.0
OG_17255	3	4	6	1.0
OG_17256	3	5	8	1.0
OG_17257	3	5	6	1.0
OG_17258	2	2	5	1.0
OG_17259	2	6	6	1.0
OG_17260	7	10	10	0.8444
OG_17261	2	2	2	1.0
OG_17262	3	4	4	1.0
OG_17263	3	4	4	1.0
OG_17264	3	8	9	1.0
OG_17265	3	4	4	1.0
OG_17266	2	3	3	1.0
OG_17267	2	4	4	1.0
OG_17268	2	2	2	1.0
OG_17269	3	3	3	1.0
OG_17270	2	3	3	1.0
OG_17271	3	4	4	1.0
OG_17272	3	4	4	1.0
OG_17273	2	2	3	1.0
OG_17274	2	2	2	1.0
OG_17275	2	2	2	1.0
OG_17276	2	3	3	1.0
OG_17277	2	2	2	1.0
OG_17278	2	2	2	1.0
OG_17279	2	2	3	1.0
OG_17280	2	2	2	1.0
OG_17281	2	2	2	1.0
OG_17282	2	4	4	0.8333
OG_17283	2	2	2	1.0
OG_17284	2	2	11	1.0
OG_17285	2	2	2	1.0
OG_17286	2	2	2	1.0
OG_17287	2	3	3	1.0
OG_17288	2	3	3	1.0
OG_17289	2	3	3	1.0
OG_17290	2	3	3	1.0
OG_17291	2	4	4	1.0
OG_17292	2	5	5	1.0
OG_17293	2	4	4	0.6667
OG_17294	2	2	2	1.0
OG_17295	2	3	3	1.0
OG_17296	3	4	4	1.0
OG_17297	2	3	3	1.0
OG_17298	2	2	5	1.0
OG_17299	2	3	5	1.0
OG_17300	2	3	3	1.0
OG_17301	2	2	2	1.0
OG_17302	3	4	4	1.0
OG_17303	2	3	3	1.0
OG_17304	2	2	5	1.0
OG_17305	2	3	3	1.0
OG_17306	2	2	2	1.0
OG_17307	2	3	3	1.0
OG_17308	3	7	22	1.0
OG_17309	2	2	2	1.0
OG_17310	2	2	2	1.0
OG_17311	2	3	3	1.0
OG_17312	2	2	2	1.0
OG_17313	2	2	2	1.0
OG_17314	2	2	2	1.0
OG_17315	2	2	2	1.0
OG_17316	2	3	3	0.6667
OG_17317	2	3	3	1.0
OG_17318	2	2	2	1.0
OG_17319	2	2	2	1.0
OG_17320	4	5	5	1.0
OG_17321	2	2	2	1.0
OG_17322	2	3	3	0.6667
OG_17323	2	2	3	1.0
OG_17324	2	2	2	1.0
OG_17325	2	2	2	1.0
OG_17326	2	2	2	1.0
OG_17327	2	3	3	1.0
OG_17328	2	3	3	0.6667
OG_17329	3	4	4	1.0
OG_17330	2	3	3	1.0
OG_17331	2	4	4	1.0
OG_17332	2	2	2	1.0
OG_17333	2	2	2	1.0
OG_17334	2	2	2	1.0
OG_17335	2	2	2	1.0
OG_17336	2	2	2	1.0
OG_17337	2	3	3	1.0
OG_17338	2	4	4	1.0
OG_17339	2	2	2	1.0
OG_17340	2	2	2	1.0
OG_17341	2	2	2	1.0
OG_17342	2	2	2	1.0
OG_17343	2	2	2	1.0
OG_17344	2	2	2	1.0
OG_17345	2	2	2	1.0
OG_17346	2	2	3	1.0
OG_17347	2	2	3	1.0
OG_17348	2	2	2	1.0
OG_17349	2	2	2	1.0
OG_17350	2	2	2	1.0
OG_17351	2	2	2	1.0
OG_17352	2	2	2	1.0
OG_17353	2	2	2	1.0
OG_17354	3	3	4	0.6667
OG_17355	2	2	3	1.0
OG_17356	2	3	3	0.6667
OG_17357	2	2	2	1.0
OG_17358	2	3	5	1.0
OG_17359	2	2	2	1.0
OG_17360	2	3	3	1.0
OG_17361	2	2	2	1.0
OG_17362	2	2	2	1.0
OG_17363	2	3	3	1.0
OG_17364	2	2	2	1.0
OG_17365	2	2	2	1.0
OG_17366	2	2	2	1.0
OG_17367	2	2	2	1.0
OG_17368	2	2	2	1.0
OG_17369	2	2	2	1.0
OG_17370	2	2	2	1.0
OG_17371	2	2	2	1.0
OG_17372	2	3	4	1.0
OG_17373	2	2	2	1.0
OG_17374	2	2	2	1.0
OG_17375	2	2	2	1.0
OG_17376	2	2	6	1.0
OG_17377	2	2	2	1.0
OG_17378	2	2	2	1.0
OG_17379	2	5	5	1.0
OG_17380	2	4	4	1.0
OG_17381	2	2	2	1.0
OG_17382	2	3	3	1.0
OG_17383	2	3	4	1.0
OG_17384	2	4	4	1.0
OG_17385	2	3	3	1.0
OG_17386	2	2	2	1.0
OG_17387	2	2	2	1.0
OG_17388	2	2	2	1.0
OG_17389	2	3	7	1.0
OG_17390	2	3	3	1.0
OG_17391	2	2	2	1.0
OG_17392	2	3	4	1.0
OG_17393	2	3	3	1.0
