#OG_name	nb_species	nb_reduced_prot	nb_all_prot	clustering_coefficient
OG_1	13	13	57	1.0
OG_2	15	19	27	1.0
OG_3	5	5	5	1.0
OG_4	14	15	17	1.0
OG_5	15	19	31	1.0
OG_6	7	30	31	0.5977
OG_7	15	17	23	1.0
OG_8	11	12	17	1.0
OG_9	14	29	43	0.8941
OG_10	4	37	41	0.5105
OG_11	13	13	13	1.0
OG_12	12	20	22	1.0
OG_13	9	11	11	1.0
OG_14	15	195	256	0.3232
OG_15	15	37	80	0.5495
OG_16	15	52	66	1.0
OG_17	15	54	61	1.0
OG_18	15	16	21	1.0
OG_19	15	15	15	1.0
OG_20	15	26	30	0.8585
OG_21	12	59	119	0.3694
OG_22	9	70	103	0.299
OG_23	15	34	41	1.0
OG_24	3	6	6	1.0
OG_25	13	207	250	0.1491
OG_26	13	24	28	0.8043
OG_27	5	43	48	0.3189
OG_28	13	13	15	1.0
OG_29	14	16	18	1.0
OG_30	15	20	24	1.0
OG_31	14	15	15	1.0
OG_32	4	6	8	1.0
OG_33	11	75	95	0.2332
OG_34	15	20	25	0.8211
OG_35	13	19	20	1.0
OG_36	12	15	20	1.0
OG_37	14	171	224	0.2349
OG_38	11	99	108	0.3364
OG_39	14	16	22	0.7833
OG_40	7	25	36	0.47
OG_41	11	12	19	1.0
OG_42	14	14	14	1.0
OG_43	15	21	26	0.8857
OG_44	15	16	17	1.0
OG_45	15	23	23	1.0
OG_46	9	57	75	0.3164
OG_47	14	14	21	1.0
OG_48	15	16	18	1.0
OG_49	12	136	172	0.1892
OG_50	11	11	18	1.0
OG_51	15	15	15	1.0
OG_52	14	14	28	1.0
OG_53	12	184	206	0.2398
OG_54	15	15	15	1.0
OG_55	3	26	26	0.6892
OG_56	11	15	15	1.0
OG_57	3	10	10	0.8889
OG_58	15	15	16	1.0
OG_59	14	14	20	1.0
OG_60	13	41	68	0.9963
OG_61	12	12	19	1.0
OG_62	12	12	25	1.0
OG_63	13	13	16	1.0
OG_64	15	17	18	1.0
OG_65	11	11	11	1.0
OG_66	13	14	48	1.0
OG_67	14	159	236	0.2122
OG_68	10	10	10	1.0
OG_69	7	31	53	0.4774
OG_70	15	15	17	1.0
OG_71	15	36	58	1.0
OG_72	10	56	162	0.7701
OG_73	13	38	54	1.0
OG_74	2	23	28	0.4229
OG_75	12	12	13	1.0
OG_76	15	22	25	1.0
OG_77	12	12	12	1.0
OG_78	15	17	23	1.0
OG_79	15	20	20	0.7895
OG_80	15	15	16	1.0
OG_81	9	13	13	1.0
OG_82	15	19	20	1.0
OG_83	11	16	24	1.0
OG_84	14	17	17	1.0
OG_85	3	14	16	0.6813
OG_86	12	26	34	1.0
OG_87	5	62	75	0.5299
OG_88	14	14	18	1.0
OG_89	13	13	13	1.0
OG_90	12	13	16	1.0
OG_91	15	19	20	1.0
OG_92	15	126	179	0.3145
OG_93	10	10	10	1.0
OG_94	14	14	17	1.0
OG_95	11	59	77	0.5137
OG_96	13	41	84	0.8439
OG_97	13	18	24	0.8039
OG_98	15	19	26	1.0
OG_99	10	10	12	1.0
OG_100	15	22	29	0.9177
OG_101	10	15	16	0.9905
OG_102	3	8	8	0.9286
OG_103	5	5	5	1.0
OG_104	15	15	31	1.0
OG_105	14	14	17	1.0
OG_106	10	65	88	0.2913
OG_107	15	15	22	1.0
OG_108	13	147	176	0.3341
OG_109	15	16	18	0.8833
OG_110	15	58	62	0.4634
OG_111	12	13	22	1.0
OG_112	15	18	21	1.0
OG_113	15	160	219	0.313
OG_114	13	13	24	1.0
OG_115	3	8	8	0.6071
OG_116	13	13	15	1.0
OG_117	14	41	42	0.8293
OG_118	9	9	10	1.0
OG_119	15	15	19	1.0
OG_120	7	48	54	0.4291
OG_121	15	31	38	0.9376
OG_122	13	135	176	0.3275
OG_123	15	15	17	1.0
OG_124	15	590	1074	0.1158
OG_125	14	14	14	1.0
OG_126	15	16	22	1.0
OG_127	15	50	57	0.8139
OG_128	12	29	32	1.0
OG_129	15	273	429	0.1602
OG_130	14	144	198	0.1719
OG_131	15	17	19	1.0
OG_132	14	14	19	1.0
OG_133	13	137	165	0.1846
OG_134	14	25	30	0.8533
OG_135	15	42	50	0.9071
OG_136	14	15	25	1.0
OG_137	15	16	16	1.0
OG_138	14	21	23	0.7476
OG_139	4	9	11	1.0
OG_140	10	17	24	1.0
OG_141	15	15	15	1.0
OG_142	11	29	35	0.7291
OG_143	15	17	34	1.0
OG_144	13	13	13	1.0
OG_145	8	20	20	0.7632
OG_146	13	13	16	1.0
OG_147	13	16	19	1.0
OG_148	15	16	24	1.0
OG_149	15	15	20	1.0
OG_150	13	15	18	1.0
OG_151	13	16	19	1.0
OG_152	15	16	24	0.9167
OG_153	12	67	94	0.6725
OG_154	11	53	70	0.6205
OG_155	14	15	19	1.0
OG_156	15	21	26	1.0
OG_157	15	58	74	0.9897
OG_158	7	7	7	1.0
OG_159	10	66	77	0.6914
OG_160	15	15	15	1.0
OG_161	2	4	4	1.0
OG_162	14	18	22	1.0
OG_163	15	26	39	0.7969
OG_164	15	15	21	1.0
OG_165	15	16	18	1.0
OG_166	13	77	104	0.5485
OG_167	15	17	19	1.0
OG_168	12	14	15	0.7802
OG_169	13	13	18	1.0
OG_170	12	12	13	1.0
OG_171	12	22	32	1.0
OG_172	15	15	23	1.0
OG_173	14	16	22	0.8
OG_174	15	15	18	1.0
OG_175	12	12	20	1.0
OG_176	13	13	13	1.0
OG_177	14	16	22	0.95
OG_178	15	20	22	1.0
OG_179	10	55	66	0.2263
OG_180	15	21	29	1.0
OG_181	15	31	37	1.0
OG_182	15	582	674	0.1398
OG_183	11	49	54	0.6599
OG_184	15	27	42	0.8575
OG_185	13	33	41	0.697
OG_186	15	17	25	0.9044
OG_187	14	14	17	1.0
OG_188	5	24	25	0.6667
OG_189	7	63	66	0.5893
OG_190	15	15	19	1.0
OG_191	15	17	21	1.0
OG_192	14	482	682	0.1296
OG_193	14	27	27	0.8262
OG_194	12	12	12	1.0
OG_195	15	26	55	0.9569
OG_196	13	13	21	1.0
OG_197	15	16	18	1.0
OG_198	15	15	17	1.0
OG_199	12	83	152	0.2706
OG_200	11	83	123	0.4502
OG_201	11	12	13	1.0
OG_202	13	16	17	1.0
OG_203	4	10	10	0.3778
OG_204	15	18	44	1.0
OG_205	15	16	18	0.9667
OG_206	15	16	18	1.0
OG_207	14	15	20	1.0
OG_208	4	14	14	0.6044
OG_209	15	16	21	0.95
OG_210	11	127	165	0.3891
OG_211	5	11	12	1.0
OG_212	14	72	109	0.9155
OG_213	6	17	17	0.6618
OG_214	8	44	46	0.3309
OG_215	15	22	26	1.0
OG_216	14	14	17	1.0
OG_217	15	20	25	1.0
OG_218	14	120	151	0.5776
OG_219	13	44	55	0.5317
OG_220	14	505	685	0.0598
OG_221	12	19	20	1.0
OG_222	15	83	101	0.5222
OG_223	14	17	27	1.0
OG_224	10	118	143	0.2419
OG_225	14	14	22	1.0
OG_226	14	15	15	1.0
OG_227	10	33	33	0.5492
OG_228	14	28	43	0.6878
OG_229	11	12	28	1.0
OG_230	15	16	19	1.0
OG_231	14	35	49	0.6992
OG_232	15	27	40	0.7521
OG_233	13	26	28	0.9477
OG_234	15	26	34	0.9692
OG_235	13	16	16	1.0
OG_236	15	16	18	1.0
OG_237	15	16	18	1.0
OG_238	15	15	17	1.0
OG_239	10	12	13	1.0
OG_240	14	70	96	0.5035
OG_241	9	10	11	1.0
OG_242	15	16	24	1.0
OG_243	14	27	36	1.0
OG_244	15	18	20	1.0
OG_245	15	16	18	1.0
OG_246	15	232	306	0.2744
OG_247	13	22	29	0.8701
OG_248	15	16	17	1.0
OG_249	13	81	144	0.3293
OG_250	15	17	28	1.0
OG_251	15	17	19	0.7941
OG_252	14	14	16	1.0
OG_253	12	13	17	1.0
OG_254	15	23	34	0.7431
OG_255	14	14	15	1.0
OG_256	6	12	24	0.6212
OG_257	15	22	34	0.9177
OG_258	15	25	33	0.96
OG_259	15	35	67	0.6303
OG_260	14	14	30	1.0
OG_261	15	20	31	1.0
OG_262	15	16	19	1.0
OG_263	15	15	18	1.0
OG_264	12	12	12	1.0
OG_265	15	16	16	1.0
OG_266	15	56	87	0.9305
OG_267	14	16	19	1.0
OG_268	14	14	14	1.0
OG_269	14	16	17	1.0
OG_270	14	15	24	1.0
OG_271	15	22	23	0.7662
OG_272	15	16	17	1.0
OG_273	15	47	55	1.0
OG_274	14	94	122	0.4525
OG_275	14	14	16	1.0
OG_276	10	16	17	1.0
OG_277	15	21	39	1.0
OG_278	14	16	16	1.0
OG_279	13	14	20	1.0
OG_280	12	13	16	1.0
OG_281	15	15	21	1.0
OG_282	13	13	15	1.0
OG_283	15	33	41	1.0
OG_284	15	16	16	1.0
OG_285	14	14	21	1.0
OG_286	14	17	23	1.0
OG_287	2	9	9	0.7222
OG_288	12	13	13	0.8846
OG_289	15	17	20	1.0
OG_290	13	15	16	1.0
OG_291	15	26	29	1.0
OG_292	15	15	21	1.0
OG_293	15	15	20	1.0
OG_294	15	17	23	1.0
OG_295	14	120	187	0.3965
OG_296	15	85	129	0.7109
OG_297	12	12	13	1.0
OG_298	14	14	30	1.0
OG_299	13	13	14	1.0
OG_300	5	16	18	0.8417
OG_301	13	57	102	0.8045
OG_302	13	38	52	0.9061
OG_303	15	27	63	0.6809
OG_304	15	20	25	1.0
OG_305	15	17	25	1.0
OG_306	15	15	17	1.0
OG_307	12	12	13	1.0
OG_308	11	91	129	0.3194
OG_309	15	15	19	1.0
OG_310	15	16	16	0.9
OG_311	15	16	26	1.0
OG_312	15	15	15	1.0
OG_313	15	15	16	1.0
OG_314	15	16	21	1.0
OG_315	15	16	34	1.0
OG_316	15	17	22	1.0
OG_317	8	16	20	1.0
OG_318	15	20	20	1.0
OG_319	12	12	37	1.0
OG_320	11	17	20	1.0
OG_321	12	12	14	1.0
OG_322	12	12	13	1.0
OG_323	12	13	21	1.0
OG_324	15	19	21	1.0
OG_325	9	9	9	1.0
OG_326	15	15	16	1.0
OG_327	15	16	18	1.0
OG_328	15	15	22	1.0
OG_329	12	12	13	1.0
OG_330	15	17	27	0.9044
OG_331	12	28	28	0.8836
OG_332	10	12	14	0.8485
OG_333	3	9	11	1.0
OG_334	15	15	16	1.0
OG_335	13	19	20	0.9357
OG_336	15	15	22	1.0
OG_337	15	15	18	1.0
OG_338	13	15	20	1.0
OG_339	15	16	17	1.0
OG_340	15	17	18	1.0
OG_341	14	51	74	0.9451
OG_342	12	13	14	1.0
OG_343	15	18	20	1.0
OG_344	10	10	18	1.0
OG_345	9	9	9	1.0
OG_346	14	17	22	1.0
OG_347	5	5	6	1.0
OG_348	15	18	22	1.0
OG_349	15	19	31	1.0
OG_350	13	24	33	1.0
OG_351	14	24	33	0.9275
OG_352	15	16	16	1.0
OG_353	15	22	25	1.0
OG_354	15	16	16	1.0
OG_355	11	57	92	0.683
OG_356	13	13	15	1.0
OG_357	11	11	11	1.0
OG_358	12	12	20	1.0
OG_359	14	16	18	1.0
OG_360	15	38	41	0.4737
OG_361	15	18	23	1.0
OG_362	14	15	16	1.0
OG_363	15	34	63	0.9822
OG_364	14	14	16	1.0
OG_365	15	16	16	1.0
OG_366	15	27	32	0.8604
OG_367	15	16	26	1.0
OG_368	7	21	26	0.8857
OG_369	11	12	21	1.0
OG_370	14	21	26	1.0
OG_371	12	12	12	1.0
OG_372	14	14	18	1.0
OG_373	12	18	32	1.0
OG_374	12	18	28	1.0
OG_375	12	12	15	1.0
OG_376	13	14	14	0.8681
OG_377	15	15	20	1.0
OG_378	15	20	28	1.0
OG_379	10	10	10	1.0
OG_380	10	20	25	1.0
OG_381	15	15	20	1.0
OG_382	13	17	28	0.8235
OG_383	15	20	34	1.0
OG_384	13	44	50	0.9186
OG_385	13	17	20	1.0
OG_386	4	9	9	1.0
OG_387	5	5	8	1.0
OG_388	15	19	21	0.8596
OG_389	13	16	32	1.0
OG_390	14	14	14	1.0
OG_391	15	33	47	0.8333
OG_392	15	29	32	1.0
OG_393	12	25	41	1.0
OG_394	14	14	16	1.0
OG_395	14	14	16	1.0
OG_396	15	15	23	1.0
OG_397	15	17	18	1.0
OG_398	14	15	19	1.0
OG_399	14	17	18	1.0
OG_400	14	14	14	1.0
OG_401	15	15	98	1.0
OG_402	11	11	18	1.0
OG_403	15	18	19	1.0
OG_404	11	11	12	1.0
OG_405	15	17	20	1.0
OG_406	15	18	19	1.0
OG_407	14	16	17	1.0
OG_408	15	15	16	1.0
OG_409	15	15	16	1.0
OG_410	15	15	18	1.0
OG_411	15	17	20	0.7132
OG_412	10	15	18	1.0
OG_413	13	18	30	1.0
OG_414	10	11	11	1.0
OG_415	13	16	27	0.7833
OG_416	14	14	17	1.0
OG_417	15	15	19	1.0
OG_418	14	18	23	0.902
OG_419	14	14	15	1.0
OG_420	15	15	16	1.0
OG_421	15	16	18	1.0
OG_422	15	16	20	1.0
OG_423	15	16	19	1.0
OG_424	15	15	20	1.0
OG_425	15	17	22	1.0
OG_426	15	17	22	1.0
OG_427	12	12	12	1.0
OG_428	12	12	17	1.0
OG_429	15	17	18	1.0
OG_430	15	17	20	1.0
OG_431	13	13	15	1.0
OG_432	12	13	14	1.0
OG_433	14	42	60	1.0
OG_434	10	10	14	0.7111
OG_435	15	18	21	1.0
OG_436	15	17	29	1.0
OG_437	14	17	20	0.8235
OG_438	15	22	24	0.7662
OG_439	12	12	14	1.0
OG_440	15	15	15	1.0
OG_441	15	21	26	1.0
OG_442	15	18	25	0.8039
OG_443	13	19	21	0.9181
OG_444	14	38	49	1.0
OG_445	15	16	31	1.0
OG_446	15	16	19	1.0
OG_447	14	14	18	1.0
OG_448	10	10	20	1.0
OG_449	11	11	19	1.0
OG_450	15	19	26	0.9006
OG_451	15	16	20	1.0
OG_452	15	16	20	1.0
OG_453	15	37	65	1.0
OG_454	15	17	18	1.0
OG_455	15	39	61	1.0
OG_456	15	17	18	0.8971
OG_457	15	24	34	1.0
OG_458	15	16	17	1.0
OG_459	15	17	18	1.0
OG_460	15	19	22	0.655
OG_461	11	11	11	1.0
OG_462	15	20	22	0.9105
OG_463	15	17	20	1.0
OG_464	15	15	17	1.0
OG_465	15	15	22	1.0
OG_466	15	15	19	1.0
OG_467	12	12	13	1.0
OG_468	15	30	38	0.4805
OG_469	12	12	17	1.0
OG_470	15	22	24	1.0
OG_471	15	15	18	1.0
OG_472	12	12	12	1.0
OG_473	15	22	25	1.0
OG_474	14	15	15	1.0
OG_475	15	15	20	1.0
OG_476	8	8	8	1.0
OG_477	15	16	23	1.0
OG_478	12	12	18	1.0
OG_479	15	15	16	1.0
OG_480	15	16	21	1.0
OG_481	13	17	21	1.0
OG_482	13	14	18	0.8681
OG_483	9	9	9	1.0
OG_484	15	24	32	0.7101
OG_485	15	32	32	1.0
OG_486	8	8	9	1.0
OG_487	15	18	22	1.0
OG_488	15	16	18	1.0
OG_489	13	23	25	0.8972
OG_490	7	7	7	1.0
OG_491	14	14	16	1.0
OG_492	15	16	24	0.8917
OG_493	8	11	12	1.0
OG_494	13	20	22	1.0
OG_495	13	13	16	1.0
OG_496	14	30	38	0.9103
OG_497	12	14	17	1.0
OG_498	15	16	20	1.0
OG_499	12	13	14	1.0
OG_500	15	16	16	1.0
OG_501	13	14	17	1.0
OG_502	13	94	132	0.4036
OG_503	14	69	72	0.6914
OG_504	15	19	25	1.0
OG_505	15	18	24	1.0
OG_506	10	17	19	1.0
OG_507	2	3	3	1.0
OG_508	13	13	18	1.0
OG_509	13	13	18	1.0
OG_510	13	13	19	1.0
OG_511	13	15	18	1.0
OG_512	15	15	22	1.0
OG_513	6	6	6	1.0
OG_514	15	16	17	1.0
OG_515	12	12	22	1.0
OG_516	13	13	14	1.0
OG_517	15	16	19	0.7833
OG_518	12	12	12	1.0
OG_519	15	18	28	1.0
OG_520	14	19	19	1.0
OG_521	14	14	17	1.0
OG_522	10	15	15	0.8286
OG_523	13	13	34	0.859
OG_524	15	15	15	1.0
OG_525	11	11	14	1.0
OG_526	12	12	12	1.0
OG_527	11	11	12	1.0
OG_528	15	27	34	0.5442
OG_529	13	14	14	0.7912
OG_530	14	14	19	1.0
OG_531	15	20	23	1.0
OG_532	14	14	16	1.0
OG_533	14	14	14	1.0
OG_534	15	17	29	1.0
OG_535	15	15	41	1.0
OG_536	15	15	25	1.0
OG_537	14	15	17	1.0
OG_538	12	12	14	1.0
OG_539	13	13	14	1.0
OG_540	15	17	17	1.0
OG_541	15	16	21	1.0
OG_542	15	15	16	1.0
OG_543	15	15	20	1.0
OG_544	15	17	22	1.0
OG_545	13	15	17	1.0
OG_546	14	15	20	1.0
OG_547	15	15	16	1.0
OG_548	15	16	28	1.0
OG_549	14	27	35	1.0
OG_550	7	15	16	1.0
OG_551	10	18	22	0.9412
OG_552	15	16	28	1.0
OG_553	14	41	48	1.0
OG_554	15	17	20	1.0
OG_555	15	16	20	0.7333
OG_556	13	62	77	0.6018
OG_557	14	15	31	1.0
OG_558	15	15	30	1.0
OG_559	15	15	16	1.0
OG_560	15	15	15	1.0
OG_561	15	16	17	1.0
OG_562	12	12	14	1.0
OG_563	15	15	27	1.0
OG_564	14	14	16	1.0
OG_565	12	12	22	1.0
OG_566	15	16	20	1.0
OG_567	14	14	18	1.0
OG_568	14	16	23	1.0
OG_569	15	19	25	0.6725
OG_570	15	28	29	0.8942
OG_571	15	15	16	1.0
OG_572	15	15	18	1.0
OG_573	13	14	15	1.0
OG_574	15	531	760	0.0502
OG_575	9	9	12	1.0
OG_576	12	12	12	1.0
OG_577	15	15	18	1.0
OG_578	13	13	18	1.0
OG_579	15	15	18	1.0
OG_580	15	15	22	1.0
OG_581	11	11	15	1.0
OG_582	15	15	18	1.0
OG_583	15	15	18	1.0
OG_584	15	19	25	1.0
OG_585	4	6	6	1.0
OG_586	15	20	26	1.0
OG_587	15	312	415	0.2823
OG_588	15	19	20	1.0
OG_589	15	15	17	1.0
OG_590	11	11	14	1.0
OG_591	14	89	136	0.6139
OG_592	14	15	34	1.0
OG_593	3	4	4	1.0
OG_594	9	23	26	0.502
OG_595	12	12	15	1.0
OG_596	10	25	84	0.84
OG_597	15	17	20	1.0
OG_598	13	87	120	0.1978
OG_599	15	18	24	1.0
OG_600	14	14	16	1.0
OG_601	14	14	20	1.0
OG_602	15	18	21	0.9608
OG_603	4	5	5	1.0
OG_604	14	47	57	1.0
OG_605	15	15	21	1.0
OG_606	14	15	22	1.0
OG_607	12	13	16	1.0
OG_608	14	14	19	1.0
OG_609	14	14	15	1.0
OG_610	12	15	16	1.0
OG_611	14	16	16	1.0
OG_612	15	15	17	1.0
OG_613	15	15	19	1.0
OG_614	14	15	16	0.8762
OG_615	12	12	12	1.0
OG_616	15	15	18	1.0
OG_617	15	17	24	1.0
OG_618	15	21	36	0.8
OG_619	15	21	25	1.0
OG_620	12	16	18	1.0
OG_621	15	15	16	1.0
OG_622	5	7	9	1.0
OG_623	13	13	14	1.0
OG_624	11	12	21	0.8636
OG_625	12	12	12	1.0
OG_626	10	15	18	1.0
OG_627	10	16	17	1.0
OG_628	13	13	35	1.0
OG_629	13	17	18	1.0
OG_630	15	15	17	1.0
OG_631	13	16	16	1.0
OG_632	13	14	21	1.0
OG_633	15	15	24	1.0
OG_634	11	26	30	1.0
OG_635	15	31	40	1.0
OG_636	14	14	15	1.0
OG_637	13	14	25	1.0
OG_638	15	19	26	0.8187
OG_639	15	15	15	1.0
OG_640	15	15	15	1.0
OG_641	15	18	24	1.0
OG_642	11	11	11	1.0
OG_643	7	32	43	0.5887
OG_644	14	14	18	1.0
OG_645	15	48	81	0.7234
OG_646	12	13	14	1.0
OG_647	9	9	9	0.9167
OG_648	9	10	10	1.0
OG_649	15	15	20	1.0
OG_650	12	12	15	1.0
OG_651	14	27	32	1.0
OG_652	15	16	20	1.0
OG_653	14	23	37	1.0
OG_654	12	13	16	1.0
OG_655	15	23	41	1.0
OG_656	10	10	19	1.0
OG_657	15	18	29	0.8954
OG_658	9	9	9	1.0
OG_659	15	15	19	1.0
OG_660	14	14	16	1.0
OG_661	15	15	22	1.0
OG_662	14	298	406	0.0917
OG_663	15	31	46	0.8065
OG_664	8	8	9	0.9286
OG_665	14	20	27	1.0
OG_666	12	20	24	0.8211
OG_667	7	7	7	1.0
OG_668	13	13	13	1.0
OG_669	3	5	6	1.0
OG_670	14	14	16	1.0
OG_671	10	10	11	1.0
OG_672	15	68	87	0.9197
OG_673	15	187	228	0.4175
OG_674	12	13	18	1.0
OG_675	13	13	19	1.0
OG_676	15	16	20	1.0
OG_677	14	14	19	1.0
OG_678	14	17	20	1.0
OG_679	15	15	17	1.0
OG_680	12	12	13	1.0
OG_681	15	30	46	1.0
OG_682	2	3	3	1.0
OG_683	12	12	18	1.0
OG_684	15	15	18	1.0
OG_685	15	24	36	1.0
OG_686	15	16	16	1.0
OG_687	8	8	9	1.0
OG_688	12	13	14	1.0
OG_689	15	19	20	1.0
OG_690	15	16	18	1.0
OG_691	15	19	23	1.0
OG_692	15	22	22	1.0
OG_693	14	28	69	0.8889
OG_694	8	30	50	0.8276
OG_695	15	15	21	1.0
OG_696	15	17	20	1.0
OG_697	13	13	25	1.0
OG_698	15	17	19	0.7941
OG_699	15	19	25	1.0
OG_700	9	21	24	1.0
OG_701	13	14	14	1.0
OG_702	15	19	39	1.0
OG_703	15	16	16	1.0
OG_704	14	14	19	1.0
OG_705	15	16	19	1.0
OG_706	3	3	7	1.0
OG_707	13	13	19	1.0
OG_708	15	17	19	1.0
OG_709	14	15	33	0.8762
OG_710	15	15	20	1.0
OG_711	15	16	17	1.0
OG_712	13	157	180	0.5931
OG_713	13	28	32	0.8704
OG_714	11	29	36	0.9039
OG_715	15	262	348	0.1973
OG_716	14	14	16	1.0
OG_717	14	546	829	0.0628
OG_718	10	23	25	1.0
OG_719	15	15	19	1.0
OG_720	15	15	25	1.0
OG_721	12	13	15	1.0
OG_722	15	38	40	0.9531
OG_723	10	10	12	1.0
OG_724	15	22	27	1.0
OG_725	13	13	33	1.0
OG_726	13	26	33	1.0
OG_727	13	13	13	1.0
OG_728	14	22	32	0.697
OG_729	10	97	150	0.672
OG_730	14	14	17	1.0
OG_731	15	19	20	0.8129
OG_732	15	17	49	0.9044
OG_733	14	85	121	0.6782
OG_734	15	15	20	1.0
OG_735	14	14	16	1.0
OG_736	15	17	20	1.0
OG_737	15	17	18	1.0
OG_738	15	16	21	1.0
OG_739	14	14	21	1.0
OG_740	14	18	21	1.0
OG_741	15	15	21	1.0
OG_742	13	13	19	1.0
OG_743	12	13	17	1.0
OG_744	12	19	29	1.0
OG_745	12	43	58	0.9446
OG_746	12	13	15	0.859
OG_747	8	68	132	0.4504
OG_748	14	16	16	1.0
OG_749	10	10	16	1.0
OG_750	12	19	23	1.0
OG_751	11	13	24	1.0
OG_752	15	20	23	1.0
OG_753	14	14	29	1.0
OG_754	14	14	16	0.967
OG_755	15	20	21	1.0
OG_756	15	15	31	1.0
OG_757	8	9	11	1.0
OG_758	15	16	16	1.0
OG_759	13	13	17	0.9359
OG_760	13	14	19	0.7582
OG_761	14	61	66	0.9366
OG_762	15	15	19	1.0
OG_763	15	16	17	1.0
OG_764	14	15	22	1.0
OG_765	13	26	30	0.8585
OG_766	14	21	24	1.0
OG_767	15	16	17	1.0
OG_768	11	11	12	1.0
OG_769	15	17	17	1.0
OG_770	14	14	22	1.0
OG_771	14	15	17	1.0
OG_772	10	11	12	1.0
OG_773	15	16	16	1.0
OG_774	11	14	22	1.0
OG_775	12	12	12	1.0
OG_776	10	24	27	1.0
OG_777	9	9	10	1.0
OG_778	15	16	18	1.0
OG_779	15	17	18	0.7941
OG_780	15	15	16	1.0
OG_781	15	15	16	1.0
OG_782	15	20	33	0.6
OG_783	12	13	14	1.0
OG_784	14	15	16	1.0
OG_785	14	40	43	1.0
OG_786	12	13	23	1.0
OG_787	13	13	16	1.0
OG_788	15	22	32	1.0
OG_789	15	17	18	0.7941
OG_790	14	14	26	1.0
OG_791	15	15	19	1.0
OG_792	15	16	21	1.0
OG_793	15	15	31	1.0
OG_794	15	15	22	1.0
OG_795	15	21	27	1.0
OG_796	15	19	20	1.0
OG_797	14	15	15	1.0
OG_798	12	12	15	1.0
OG_799	15	22	28	1.0
OG_800	15	16	28	1.0
OG_801	11	11	11	1.0
OG_802	9	9	10	1.0
OG_803	15	15	16	1.0
OG_804	14	14	17	1.0
OG_805	10	13	15	1.0
OG_806	8	8	8	1.0
OG_807	15	15	21	1.0
OG_808	13	13	32	1.0
OG_809	14	14	15	1.0
OG_810	14	14	14	1.0
OG_811	14	15	20	1.0
OG_812	15	15	16	1.0
OG_813	15	15	18	1.0
OG_814	14	14	15	1.0
OG_815	14	15	16	1.0
OG_816	12	15	19	0.7714
OG_817	15	17	17	1.0
OG_818	14	14	18	1.0
OG_819	13	26	33	1.0
OG_820	13	15	16	1.0
OG_821	12	13	21	1.0
OG_822	11	11	15	1.0
OG_823	15	862	1238	0.0642
OG_824	15	22	32	1.0
OG_825	15	19	31	1.0
OG_826	15	18	35	0.8954
OG_827	14	17	27	1.0
OG_828	15	18	20	1.0
OG_829	14	15	27	1.0
OG_830	3	4	4	1.0
OG_831	15	19	30	1.0
OG_832	15	15	19	1.0
OG_833	15	17	32	1.0
OG_834	15	15	18	1.0
OG_835	14	17	25	1.0
OG_836	14	14	14	1.0
OG_837	15	16	22	1.0
OG_838	13	13	13	1.0
OG_839	12	12	12	1.0
OG_840	9	29	41	1.0
OG_841	10	10	10	1.0
OG_842	14	14	16	1.0
OG_843	12	13	18	1.0
OG_844	12	12	27	1.0
OG_845	15	16	23	1.0
OG_846	13	16	26	0.8917
OG_847	10	12	16	0.8636
OG_848	15	15	17	1.0
OG_849	10	11	14	1.0
OG_850	15	19	19	0.8363
OG_851	15	26	65	1.0
OG_852	15	16	16	1.0
OG_853	15	16	19	1.0
OG_854	11	11	12	1.0
OG_855	14	17	19	1.0
OG_856	13	15	16	0.7714
OG_857	15	18	47	1.0
OG_858	14	19	19	1.0
OG_859	15	17	23	1.0
OG_860	13	13	19	1.0
OG_861	14	14	14	1.0
OG_862	13	13	22	1.0
OG_863	15	15	17	1.0
OG_864	14	16	18	1.0
OG_865	14	35	56	0.9866
OG_866	9	23	29	0.9368
OG_867	3	3	9	1.0
OG_868	15	16	17	1.0
OG_869	15	15	15	1.0
OG_870	10	14	15	1.0
OG_871	10	10	10	1.0
OG_872	14	19	21	0.6667
OG_873	15	16	20	1.0
OG_874	15	18	19	1.0
OG_875	9	9	9	1.0
OG_876	15	15	17	1.0
OG_877	14	14	14	1.0
OG_878	13	13	13	0.8846
OG_879	12	12	17	1.0
OG_880	13	16	18	0.8917
OG_881	11	12	15	1.0
OG_882	14	17	21	1.0
OG_883	11	11	12	1.0
OG_884	15	16	19	1.0
OG_885	12	15	16	0.8857
OG_886	15	16	20	1.0
OG_887	14	14	14	1.0
OG_888	13	13	13	1.0
OG_889	14	15	16	1.0
OG_890	9	12	15	1.0
OG_891	15	15	20	1.0
OG_892	11	11	15	1.0
OG_893	15	15	17	1.0
OG_894	11	17	19	0.7647
OG_895	14	30	32	0.9425
OG_896	10	10	10	1.0
OG_897	13	21	32	0.919
OG_898	15	21	22	1.0
OG_899	15	15	17	1.0
OG_900	6	10	11	0.7556
OG_901	10	18	31	1.0
OG_902	13	64	93	0.7996
OG_903	10	15	19	1.0
OG_904	9	11	24	1.0
OG_905	15	21	26	0.8286
OG_906	11	13	13	1.0
OG_907	10	71	75	0.6559
OG_908	11	11	11	1.0
OG_909	15	17	18	1.0
OG_910	15	164	194	0.3759
OG_911	15	213	248	0.4349
OG_912	2	7	7	0.7143
OG_913	13	16	22	1.0
OG_914	14	16	24	1.0
OG_915	15	19	24	1.0
OG_916	11	69	77	0.7161
OG_917	13	13	16	1.0
OG_918	14	16	23	0.775
OG_919	15	16	24	1.0
OG_920	13	14	18	1.0
OG_921	14	57	95	0.8722
OG_922	14	18	27	0.8039
OG_923	14	15	18	1.0
OG_924	15	15	16	1.0
OG_925	15	19	20	0.8129
OG_926	15	17	18	1.0
OG_927	14	15	16	1.0
OG_928	14	14	17	1.0
OG_929	13	13	13	1.0
OG_930	15	17	20	1.0
OG_931	15	16	18	1.0
OG_932	8	17	19	1.0
OG_933	15	16	18	0.8917
OG_934	14	46	53	0.9159
OG_935	15	19	26	1.0
OG_936	7	8	10	1.0
OG_937	11	40	46	1.0
OG_938	12	19	35	1.0
OG_939	15	15	21	1.0
OG_940	13	26	29	1.0
OG_941	12	14	20	1.0
OG_942	11	12	13	1.0
OG_943	14	15	19	1.0
OG_944	12	13	16	1.0
OG_945	9	12	14	1.0
OG_946	15	15	25	1.0
OG_947	14	21	50	0.7476
OG_948	15	25	29	1.0
OG_949	15	290	385	0.2622
OG_950	9	18	21	0.9085
OG_951	13	13	17	1.0
OG_952	12	12	16	1.0
OG_953	13	14	19	1.0
OG_954	8	8	9	1.0
OG_955	14	14	29	1.0
OG_956	15	16	19	1.0
OG_957	11	11	11	1.0
OG_958	15	19	23	0.6959
OG_959	14	16	26	0.9
OG_960	14	15	15	1.0
OG_961	13	13	18	1.0
OG_962	14	18	27	1.0
OG_963	15	20	21	1.0
OG_964	7	7	9	1.0
OG_965	14	16	17	0.8167
OG_966	14	14	20	1.0
OG_967	8	8	9	1.0
OG_968	15	19	27	1.0
OG_969	13	13	14	1.0
OG_970	15	15	22	1.0
OG_971	15	17	22	1.0
OG_972	15	36	60	1.0
OG_973	12	22	34	0.9134
OG_974	15	17	20	0.8971
OG_975	15	16	17	1.0
OG_976	15	15	16	1.0
OG_977	14	21	24	1.0
OG_978	15	15	15	1.0
OG_979	9	10	12	1.0
OG_980	13	14	15	1.0
OG_981	14	14	17	1.0
OG_982	15	57	77	0.906
OG_983	14	17	18	0.7868
OG_984	15	16	22	1.0
OG_985	15	15	16	1.0
OG_986	15	16	19	1.0
OG_987	13	13	20	1.0
OG_988	13	14	16	1.0
OG_989	15	15	19	1.0
OG_990	15	15	22	1.0
OG_991	15	18	21	1.0
OG_992	15	17	21	0.7941
OG_993	14	16	16	1.0
OG_994	14	34	40	1.0
OG_995	15	16	19	1.0
OG_996	15	18	23	1.0
OG_997	12	12	14	1.0
OG_998	15	16	19	1.0
OG_999	14	14	19	1.0
OG_1000	15	15	17	1.0
OG_1001	15	17	19	0.9191
OG_1002	15	16	19	1.0
OG_1003	15	16	18	1.0
OG_1004	13	13	18	1.0
OG_1005	13	15	18	1.0
OG_1006	10	16	43	1.0
OG_1007	14	15	22	1.0
OG_1008	13	54	62	0.8882
OG_1009	14	17	20	1.0
OG_1010	15	18	21	1.0
OG_1011	14	14	14	1.0
OG_1012	12	14	21	1.0
OG_1013	15	16	22	1.0
OG_1014	11	13	17	1.0
OG_1015	15	15	25	1.0
OG_1016	10	10	10	1.0
OG_1017	13	14	17	1.0
OG_1018	15	22	64	1.0
OG_1019	14	14	15	1.0
OG_1020	4	6	6	0.8667
OG_1021	15	44	90	0.9778
OG_1022	15	19	24	0.8129
OG_1023	14	23	31	1.0
OG_1024	15	17	17	1.0
OG_1025	15	16	16	1.0
OG_1026	13	14	19	1.0
OG_1027	8	8	9	1.0
OG_1028	15	17	29	0.8897
OG_1029	15	15	18	1.0
OG_1030	13	14	21	1.0
OG_1031	13	14	16	1.0
OG_1032	11	33	42	0.9867
OG_1033	11	12	12	1.0
OG_1034	15	20	26	1.0
OG_1035	15	16	17	1.0
OG_1036	15	16	19	1.0
OG_1037	14	29	37	1.0
OG_1038	15	20	25	1.0
OG_1039	8	9	10	1.0
OG_1040	15	17	18	1.0
OG_1041	15	15	15	1.0
OG_1042	14	14	16	1.0
OG_1043	14	43	60	0.9092
OG_1044	15	16	20	1.0
OG_1045	15	15	20	1.0
OG_1046	14	14	16	1.0
OG_1047	13	14	15	1.0
OG_1048	15	18	19	1.0
OG_1049	15	15	18	1.0
OG_1050	14	14	33	1.0
OG_1051	15	15	21	1.0
OG_1052	14	21	21	0.6619
OG_1053	12	12	14	1.0
OG_1054	12	12	18	1.0
OG_1055	15	16	20	1.0
OG_1056	15	18	27	1.0
OG_1057	12	12	17	1.0
OG_1058	14	14	19	1.0
OG_1059	15	16	21	1.0
OG_1060	14	19	21	1.0
OG_1061	11	11	11	1.0
OG_1062	15	16	18	1.0
OG_1063	14	15	17	1.0
OG_1064	14	15	21	1.0
OG_1065	9	23	30	0.9802
OG_1066	15	18	18	1.0
OG_1067	15	15	17	1.0
OG_1068	12	40	47	1.0
OG_1069	15	15	17	1.0
OG_1070	15	17	21	1.0
OG_1071	13	13	13	1.0
OG_1072	10	10	11	1.0
OG_1073	12	12	30	0.8788
OG_1074	15	15	21	1.0
OG_1075	14	15	19	1.0
OG_1076	10	10	12	0.9333
OG_1077	13	37	40	0.9084
OG_1078	10	11	18	1.0
OG_1079	15	15	17	1.0
OG_1080	15	19	20	1.0
OG_1081	12	24	25	1.0
OG_1082	13	14	16	1.0
OG_1083	15	16	20	1.0
OG_1084	15	17	23	1.0
OG_1085	15	15	18	1.0
OG_1086	14	15	26	1.0
OG_1087	14	17	21	1.0
OG_1088	14	14	17	1.0
OG_1089	13	15	17	1.0
OG_1090	12	14	28	1.0
OG_1091	15	18	25	1.0
OG_1092	14	15	19	1.0
OG_1093	11	21	34	0.981
OG_1094	11	11	12	0.9455
OG_1095	15	16	17	1.0
OG_1096	15	16	19	1.0
OG_1097	15	38	59	0.4666
OG_1098	11	12	15	0.8333
OG_1099	11	11	11	1.0
OG_1100	12	12	17	1.0
OG_1101	9	9	10	1.0
OG_1102	15	16	17	1.0
OG_1103	13	13	13	1.0
OG_1104	15	15	16	1.0
OG_1105	14	14	15	1.0
OG_1106	14	14	19	1.0
OG_1107	15	18	20	0.719
OG_1108	11	11	12	1.0
OG_1109	11	13	13	0.7436
OG_1110	15	296	367	0.1618
OG_1111	14	14	18	1.0
OG_1112	11	11	11	1.0
OG_1113	10	13	15	0.859
OG_1114	12	12	14	1.0
OG_1115	14	18	27	1.0
OG_1116	15	36	44	0.7873
OG_1117	15	15	18	1.0
OG_1118	15	631	825	0.1473
OG_1119	11	14	22	1.0
OG_1120	8	39	50	0.7072
OG_1121	2	4	4	1.0
OG_1122	14	15	19	1.0
OG_1123	5	14	18	1.0
OG_1124	15	16	31	0.875
OG_1125	15	15	17	1.0
OG_1126	12	12	13	1.0
OG_1127	15	15	31	1.0
OG_1128	15	24	33	1.0
OG_1129	15	20	24	1.0
OG_1130	15	31	77	0.8946
OG_1131	15	122	163	0.4406
OG_1132	12	13	13	1.0
OG_1133	12	13	18	1.0
OG_1134	15	16	20	1.0
OG_1135	12	149	235	0.1351
OG_1136	10	61	72	0.3858
OG_1137	12	12	27	1.0
OG_1138	14	14	25	1.0
OG_1139	12	410	500	0.2421
OG_1140	10	53	87	0.3091
OG_1141	14	20	26	1.0
OG_1142	15	15	20	1.0
OG_1143	14	80	109	0.9301
OG_1144	15	15	15	1.0
OG_1145	15	19	22	0.8129
OG_1146	15	15	19	1.0
OG_1147	14	14	17	1.0
OG_1148	15	15	16	1.0
OG_1149	14	14	14	1.0
OG_1150	10	11	12	1.0
OG_1151	15	15	20	1.0
OG_1152	15	18	20	1.0
OG_1153	15	15	24	1.0
OG_1154	15	16	20	1.0
OG_1155	15	18	23	1.0
OG_1156	15	194	230	0.4534
OG_1157	15	17	24	1.0
OG_1158	14	23	34	1.0
OG_1159	11	11	16	1.0
OG_1160	8	8	8	1.0
OG_1161	14	16	19	0.7833
OG_1162	15	15	28	1.0
OG_1163	15	17	22	1.0
OG_1164	12	13	13	1.0
OG_1165	15	16	27	1.0
OG_1166	12	13	13	1.0
OG_1167	15	16	16	0.8917
OG_1168	15	17	21	1.0
OG_1169	14	20	22	0.8211
OG_1170	12	12	24	1.0
OG_1171	15	19	22	1.0
OG_1172	13	13	14	1.0
OG_1173	15	15	20	1.0
OG_1174	13	13	17	1.0
OG_1175	14	14	17	1.0
OG_1176	7	7	10	1.0
OG_1177	13	14	20	1.0
OG_1178	15	17	26	1.0
OG_1179	15	15	20	1.0
OG_1180	13	39	41	1.0
OG_1181	15	18	19	0.5556
OG_1182	15	19	22	1.0
OG_1183	13	13	14	1.0
OG_1184	13	13	17	1.0
OG_1185	15	16	20	1.0
OG_1186	11	13	13	1.0
OG_1187	14	16	17	1.0
OG_1188	11	11	12	1.0
OG_1189	14	57	77	0.9875
OG_1190	15	20	29	1.0
OG_1191	15	15	15	1.0
OG_1192	14	14	19	1.0
OG_1193	13	13	13	1.0
OG_1194	15	17	22	1.0
OG_1195	15	16	21	1.0
OG_1196	14	15	16	1.0
OG_1197	6	6	6	1.0
OG_1198	15	17	21	1.0
OG_1199	13	13	17	1.0
OG_1200	8	27	67	0.5613
OG_1201	7	21	26	0.7952
OG_1202	12	12	12	1.0
OG_1203	4	4	4	1.0
OG_1204	15	28	33	0.918
OG_1205	13	14	15	1.0
OG_1206	15	15	18	1.0
OG_1207	15	15	22	1.0
OG_1208	13	13	17	1.0
OG_1209	12	72	94	0.4268
OG_1210	15	18	25	1.0
OG_1211	14	14	15	1.0
OG_1212	12	13	13	1.0
OG_1213	15	15	15	1.0
OG_1214	14	14	16	1.0
OG_1215	15	17	18	1.0
OG_1216	15	15	15	1.0
OG_1217	10	22	22	0.619
OG_1218	14	14	16	1.0
OG_1219	9	44	73	0.5603
OG_1220	5	5	5	1.0
OG_1221	12	12	17	1.0
OG_1222	15	21	29	1.0
OG_1223	13	13	19	1.0
OG_1224	13	13	19	1.0
OG_1225	15	17	22	1.0
OG_1226	15	18	19	1.0
OG_1227	14	17	17	1.0
OG_1228	15	16	18	1.0
OG_1229	11	19	28	1.0
OG_1230	15	17	21	0.8971
OG_1231	15	28	32	1.0
OG_1232	12	20	22	1.0
OG_1233	14	15	19	1.0
OG_1234	13	15	16	1.0
OG_1235	11	11	11	1.0
OG_1236	13	15	18	1.0
OG_1237	14	14	16	1.0
OG_1238	15	18	18	0.8039
OG_1239	15	16	27	1.0
OG_1240	15	21	32	1.0
OG_1241	15	16	20	0.8917
OG_1242	14	54	60	0.9972
OG_1243	15	16	17	1.0
OG_1244	15	16	16	1.0
OG_1245	15	24	28	0.5435
OG_1246	14	15	22	1.0
OG_1247	11	31	34	0.9161
OG_1248	15	17	26	1.0
OG_1249	10	10	10	1.0
OG_1250	15	18	25	1.0
OG_1251	14	17	19	0.7941
OG_1252	12	12	13	1.0
OG_1253	15	15	16	1.0
OG_1254	15	15	31	1.0
OG_1255	12	25	31	1.0
OG_1256	15	15	16	1.0
OG_1257	2	7	7	1.0
OG_1258	15	19	20	1.0
OG_1259	15	18	28	1.0
OG_1260	13	17	30	1.0
OG_1261	15	17	19	1.0
OG_1262	15	16	22	1.0
OG_1263	15	25	49	0.5967
OG_1264	11	18	21	1.0
OG_1265	14	15	16	1.0
OG_1266	12	12	22	1.0
OG_1267	15	18	23	1.0
OG_1268	15	17	21	1.0
OG_1269	13	13	14	1.0
OG_1270	14	17	19	1.0
OG_1271	15	35	59	0.9328
OG_1272	12	12	16	1.0
OG_1273	14	14	17	1.0
OG_1274	15	16	22	1.0
OG_1275	11	35	41	1.0
OG_1276	15	17	24	1.0
OG_1277	15	15	22	1.0
OG_1278	12	12	12	1.0
OG_1279	12	13	13	1.0
OG_1280	12	12	13	1.0
OG_1281	10	10	14	1.0
OG_1282	11	11	12	1.0
OG_1283	14	14	17	1.0
OG_1284	15	15	16	1.0
OG_1285	8	8	8	1.0
OG_1286	15	16	24	0.8917
OG_1287	15	15	15	1.0
OG_1288	13	13	22	1.0
OG_1289	14	15	20	1.0
OG_1290	12	12	12	1.0
OG_1291	14	25	38	1.0
OG_1292	9	9	12	0.8333
OG_1293	14	15	15	1.0
OG_1294	15	15	24	1.0
OG_1295	14	17	26	1.0
OG_1296	11	11	13	1.0
OG_1297	14	30	41	0.9218
OG_1298	12	12	12	1.0
OG_1299	15	19	25	1.0
OG_1300	13	15	19	1.0
OG_1301	13	13	13	1.0
OG_1302	15	29	37	1.0
OG_1303	15	17	21	1.0
OG_1304	15	16	27	1.0
OG_1305	14	15	16	1.0
OG_1306	11	11	15	1.0
OG_1307	15	15	20	1.0
OG_1308	13	13	19	1.0
OG_1309	14	14	19	1.0
OG_1310	15	15	18	1.0
OG_1311	15	15	18	1.0
OG_1312	15	29	44	1.0
OG_1313	11	11	12	1.0
OG_1314	14	14	16	1.0
OG_1315	12	22	36	1.0
OG_1316	15	15	19	1.0
OG_1317	15	22	31	0.8355
OG_1318	15	16	16	1.0
OG_1319	8	8	8	1.0
OG_1320	14	14	14	1.0
OG_1321	15	21	28	1.0
OG_1322	8	10	15	1.0
OG_1323	15	17	18	1.0
OG_1324	5	7	8	1.0
OG_1325	15	15	19	1.0
OG_1326	13	14	15	1.0
OG_1327	15	18	25	1.0
OG_1328	13	14	19	0.989
OG_1329	14	14	14	1.0
OG_1330	10	10	15	1.0
OG_1331	15	15	17	1.0
OG_1332	8	15	18	1.0
OG_1333	12	12	14	1.0
OG_1334	13	15	19	1.0
OG_1335	9	38	47	0.3997
OG_1336	15	15	21	1.0
OG_1337	14	14	20	1.0
OG_1338	11	12	13	1.0
OG_1339	15	16	20	1.0
OG_1340	15	127	151	0.72
OG_1341	15	15	17	1.0
OG_1342	15	22	28	1.0
OG_1343	15	17	22	0.7941
OG_1344	14	17	30	1.0
OG_1345	15	17	18	1.0
OG_1346	3	5	6	0.8
OG_1347	13	13	15	1.0
OG_1348	9	13	13	1.0
OG_1349	13	15	16	0.8
OG_1350	15	16	22	1.0
OG_1351	15	16	16	1.0
OG_1352	13	14	18	1.0
OG_1353	12	12	12	1.0
OG_1354	15	15	17	1.0
OG_1355	14	15	20	0.8857
OG_1356	15	23	39	1.0
OG_1357	15	16	18	1.0
OG_1358	14	14	19	1.0
OG_1359	13	33	43	0.6212
OG_1360	14	14	17	1.0
OG_1361	13	13	15	1.0
OG_1362	10	11	12	1.0
OG_1363	14	14	21	0.9451
OG_1364	14	14	18	1.0
OG_1365	15	17	27	1.0
OG_1366	15	15	15	1.0
OG_1367	9	12	13	1.0
OG_1368	14	15	21	1.0
OG_1369	13	56	80	1.0
OG_1370	14	15	21	1.0
OG_1371	14	161	215	0.4908
OG_1372	10	10	17	1.0
OG_1373	13	17	31	1.0
OG_1374	15	15	15	1.0
OG_1375	14	15	24	1.0
OG_1376	13	15	23	1.0
OG_1377	13	13	16	1.0
OG_1378	14	28	29	1.0
OG_1379	14	14	35	1.0
OG_1380	12	12	13	1.0
OG_1381	15	15	26	1.0
OG_1382	14	17	17	1.0
OG_1383	12	13	13	1.0
OG_1384	10	19	22	1.0
OG_1385	14	35	57	0.8605
OG_1386	15	15	15	1.0
OG_1387	13	13	15	1.0
OG_1388	15	15	22	1.0
OG_1389	13	14	16	1.0
OG_1390	15	20	20	1.0
OG_1391	14	18	51	1.0
OG_1392	15	17	23	1.0
OG_1393	11	11	18	1.0
OG_1394	15	95	107	0.3492
OG_1395	13	13	18	1.0
OG_1396	15	15	23	1.0
OG_1397	15	32	40	0.9859
OG_1398	15	23	26	1.0
OG_1399	15	15	17	1.0
OG_1400	15	15	15	1.0
OG_1401	15	15	16	1.0
OG_1402	14	14	16	1.0
OG_1403	15	16	28	1.0
OG_1404	11	12	15	1.0
OG_1405	15	15	18	1.0
OG_1406	11	11	11	1.0
OG_1407	14	16	17	1.0
OG_1408	12	12	12	1.0
OG_1409	15	15	35	1.0
OG_1410	12	30	34	0.9103
OG_1411	11	11	18	1.0
OG_1412	13	14	26	0.8901
OG_1413	9	10	11	1.0
OG_1414	15	17	21	1.0
OG_1415	15	18	19	1.0
OG_1416	14	16	21	1.0
OG_1417	13	14	15	0.8681
OG_1418	12	14	20	1.0
OG_1419	15	16	18	1.0
OG_1420	15	15	17	1.0
OG_1421	12	204	331	0.2367
OG_1422	15	116	135	0.2358
OG_1423	15	19	20	1.0
OG_1424	15	16	16	1.0
OG_1425	14	15	17	1.0
OG_1426	15	17	18	0.8897
OG_1427	15	76	109	0.9993
OG_1428	15	17	29	0.7941
OG_1429	15	23	30	0.917
OG_1430	14	14	31	1.0
OG_1431	14	44	57	1.0
OG_1432	14	16	21	1.0
OG_1433	15	22	24	0.7056
OG_1434	14	17	22	0.8824
OG_1435	12	12	13	1.0
OG_1436	14	17	22	1.0
OG_1437	14	15	21	1.0
OG_1438	14	23	30	1.0
OG_1439	13	20	25	0.9737
OG_1440	15	19	28	1.0
OG_1441	13	14	21	1.0
OG_1442	15	16	40	0.8833
OG_1443	14	15	19	1.0
OG_1444	15	15	16	1.0
OG_1445	15	16	17	1.0
OG_1446	6	6	6	1.0
OG_1447	15	15	20	1.0
OG_1448	9	10	11	0.8667
OG_1449	15	16	23	1.0
OG_1450	15	17	20	1.0
OG_1451	13	13	15	1.0
OG_1452	15	15	15	1.0
OG_1453	15	15	16	1.0
OG_1454	15	15	18	1.0
OG_1455	15	17	21	1.0
OG_1456	7	7	7	1.0
OG_1457	14	22	24	1.0
OG_1458	14	18	23	1.0
OG_1459	15	16	18	1.0
OG_1460	13	19	25	0.6608
OG_1461	15	15	16	1.0
OG_1462	15	16	18	1.0
OG_1463	15	15	27	1.0
OG_1464	15	15	21	1.0
OG_1465	15	15	18	1.0
OG_1466	14	15	16	1.0
OG_1467	11	11	13	0.8727
OG_1468	13	13	14	1.0
OG_1469	12	12	12	1.0
OG_1470	11	11	11	0.9273
OG_1471	13	13	17	1.0
OG_1472	15	17	23	1.0
OG_1473	13	13	14	1.0
OG_1474	15	15	16	1.0
OG_1475	14	18	23	0.817
OG_1476	11	11	22	1.0
OG_1477	14	14	18	1.0
OG_1478	13	13	17	1.0
OG_1479	15	16	25	1.0
OG_1480	15	15	17	1.0
OG_1481	8	13	15	1.0
OG_1482	15	15	18	1.0
OG_1483	2	13	14	0.4615
OG_1484	10	10	11	1.0
OG_1485	13	13	13	1.0
OG_1486	11	14	22	1.0
OG_1487	14	14	31	1.0
OG_1488	14	37	67	0.8363
OG_1489	15	15	26	1.0
OG_1490	15	16	18	1.0
OG_1491	15	16	24	1.0
OG_1492	15	15	17	1.0
OG_1493	15	285	463	0.292
OG_1494	13	13	14	1.0
OG_1495	12	15	15	1.0
OG_1496	13	13	13	1.0
OG_1497	13	13	13	1.0
OG_1498	11	11	12	1.0
OG_1499	14	14	35	1.0
OG_1500	15	17	18	1.0
OG_1501	14	20	20	0.7789
OG_1502	15	1176	1303	0.0508
OG_1503	11	172	252	0.1236
OG_1504	15	72	91	0.5344
OG_1505	12	12	15	1.0
OG_1506	10	10	10	1.0
OG_1507	13	88	151	0.5601
OG_1508	14	14	18	1.0
OG_1509	12	12	17	1.0
OG_1510	15	15	16	1.0
OG_1511	14	14	23	1.0
OG_1512	15	15	22	1.0
OG_1513	15	19	20	1.0
OG_1514	15	15	20	1.0
OG_1515	8	10	10	1.0
OG_1516	12	13	13	1.0
OG_1517	15	18	26	1.0
OG_1518	13	15	20	1.0
OG_1519	14	14	20	1.0
OG_1520	11	12	14	1.0
OG_1521	14	14	15	1.0
OG_1522	15	15	20	1.0
OG_1523	15	21	22	0.6762
OG_1524	15	274	373	0.1615
OG_1525	10	17	17	1.0
OG_1526	8	8	11	1.0
OG_1527	15	16	18	1.0
OG_1528	12	12	20	1.0
OG_1529	14	14	20	1.0
OG_1530	15	23	37	0.8498
OG_1531	13	14	19	1.0
OG_1532	15	15	21	1.0
OG_1533	14	16	17	1.0
OG_1534	15	22	27	1.0
OG_1535	15	15	20	1.0
OG_1536	12	12	12	1.0
OG_1537	11	11	18	1.0
OG_1538	12	207	266	0.1358
OG_1539	13	13	15	1.0
OG_1540	12	13	13	0.859
OG_1541	14	16	40	1.0
OG_1542	15	19	24	1.0
OG_1543	15	17	20	1.0
OG_1544	12	13	14	0.859
OG_1545	11	11	21	1.0
OG_1546	15	17	17	1.0
OG_1547	15	28	39	1.0
OG_1548	15	16	18	1.0
OG_1549	10	14	15	1.0
OG_1550	15	15	20	1.0
OG_1551	14	15	15	1.0
OG_1552	15	15	19	1.0
OG_1553	15	18	24	1.0
OG_1554	13	14	15	1.0
OG_1555	13	18	22	1.0
OG_1556	11	36	42	0.9111
OG_1557	15	17	20	1.0
OG_1558	14	14	17	1.0
OG_1559	10	11	12	1.0
OG_1560	14	53	58	0.6372
OG_1561	11	15	16	0.6667
OG_1562	14	14	14	1.0
OG_1563	14	17	20	1.0
OG_1564	15	26	34	0.5723
OG_1565	15	15	19	1.0
OG_1566	10	11	12	1.0
OG_1567	15	16	20	1.0
OG_1568	13	13	13	1.0
OG_1569	15	89	142	0.739
OG_1570	15	17	21	1.0
OG_1571	14	14	24	1.0
OG_1572	15	15	21	1.0
OG_1573	15	40	49	0.9231
OG_1574	15	36	62	1.0
OG_1575	13	14	16	0.8901
OG_1576	11	11	12	1.0
OG_1577	15	16	20	1.0
OG_1578	10	10	12	1.0
OG_1579	15	23	24	1.0
OG_1580	15	16	20	1.0
OG_1581	12	13	15	1.0
OG_1582	11	11	14	0.8364
OG_1583	15	16	18	1.0
OG_1584	15	61	92	0.9361
OG_1585	12	31	39	1.0
OG_1586	11	18	20	1.0
OG_1587	15	17	49	1.0
OG_1588	14	14	38	1.0
OG_1589	15	17	20	1.0
OG_1590	15	16	18	1.0
OG_1591	10	12	12	1.0
OG_1592	15	15	19	1.0
OG_1593	15	17	23	1.0
OG_1594	15	15	18	1.0
OG_1595	13	14	16	1.0
OG_1596	15	17	25	1.0
OG_1597	15	18	25	1.0
OG_1598	14	19	28	1.0
OG_1599	13	13	15	1.0
OG_1600	15	18	55	1.0
OG_1601	10	10	12	1.0
OG_1602	13	14	26	1.0
OG_1603	15	18	25	0.7124
OG_1604	15	15	16	1.0
OG_1605	14	16	16	0.8333
OG_1606	15	20	25	1.0
OG_1607	15	20	25	0.8211
OG_1608	15	21	32	1.0
OG_1609	14	20	24	0.9263
OG_1610	12	23	28	0.9209
OG_1611	14	14	29	1.0
OG_1612	13	13	13	1.0
OG_1613	15	16	17	1.0
OG_1614	15	15	15	1.0
OG_1615	15	18	23	1.0
OG_1616	13	13	15	1.0
OG_1617	12	14	21	0.8681
OG_1618	12	129	184	0.5997
OG_1619	14	16	23	0.7833
OG_1620	15	18	22	1.0
OG_1621	13	17	24	1.0
OG_1622	14	14	17	1.0
OG_1623	15	18	22	1.0
OG_1624	15	17	19	1.0
OG_1625	15	17	19	1.0
OG_1626	15	17	22	1.0
OG_1627	7	8	8	1.0
OG_1628	15	19	24	1.0
OG_1629	14	23	26	0.9209
OG_1630	15	16	17	1.0
OG_1631	15	17	21	1.0
OG_1632	15	15	16	1.0
OG_1633	14	18	24	1.0
OG_1634	15	17	21	1.0
OG_1635	15	16	22	1.0
OG_1636	14	15	18	1.0
OG_1637	8	8	14	1.0
OG_1638	15	16	18	1.0
OG_1639	12	12	14	1.0
OG_1640	15	16	22	1.0
OG_1641	14	14	14	1.0
OG_1642	15	16	23	1.0
OG_1643	14	16	19	1.0
OG_1644	14	53	57	0.8672
OG_1645	13	20	21	1.0
OG_1646	12	16	23	1.0
OG_1647	14	15	17	1.0
OG_1648	14	15	31	0.7714
OG_1649	14	14	16	1.0
OG_1650	15	15	22	1.0
OG_1651	15	18	34	1.0
OG_1652	14	14	17	1.0
OG_1653	15	17	20	1.0
OG_1654	15	17	25	0.7941
OG_1655	15	18	30	1.0
OG_1656	13	13	18	1.0
OG_1657	15	16	21	1.0
OG_1658	14	14	14	1.0
OG_1659	13	13	17	1.0
OG_1660	13	14	14	1.0
OG_1661	15	15	17	1.0
OG_1662	13	27	31	1.0
OG_1663	15	15	16	1.0
OG_1664	14	18	21	1.0
OG_1665	10	10	11	1.0
OG_1666	15	15	21	1.0
OG_1667	15	21	34	0.7524
OG_1668	12	141	199	0.6753
OG_1669	11	11	11	1.0
OG_1670	15	222	356	0.1859
OG_1671	13	13	13	1.0
OG_1672	15	18	22	0.7451
OG_1673	15	15	15	1.0
OG_1674	10	18	20	0.9281
OG_1675	11	78	101	0.8462
OG_1676	14	16	21	1.0
OG_1677	14	22	26	1.0
OG_1678	15	16	23	1.0
OG_1679	15	15	16	1.0
OG_1680	15	18	34	1.0
OG_1681	10	11	12	1.0
OG_1682	12	13	13	1.0
OG_1683	14	14	14	1.0
OG_1684	14	15	15	1.0
OG_1685	15	16	25	1.0
OG_1686	10	10	13	1.0
OG_1687	14	14	16	1.0
OG_1688	15	15	16	1.0
OG_1689	15	16	20	1.0
OG_1690	15	104	131	0.8783
OG_1691	15	15	17	1.0
OG_1692	10	10	11	1.0
OG_1693	14	14	18	1.0
OG_1694	15	15	17	1.0
OG_1695	15	17	23	1.0
OG_1696	13	13	16	1.0
OG_1697	13	13	13	1.0
OG_1698	8	9	10	1.0
OG_1699	12	14	20	1.0
OG_1700	9	9	9	1.0
OG_1701	12	13	18	0.9359
OG_1702	15	15	16	1.0
OG_1703	15	15	19	1.0
OG_1704	15	18	25	0.9281
OG_1705	15	16	18	1.0
OG_1706	15	15	18	1.0
OG_1707	12	17	26	1.0
OG_1708	14	15	27	1.0
OG_1709	15	28	36	1.0
OG_1710	14	14	15	1.0
OG_1711	15	20	24	1.0
OG_1712	15	15	18	1.0
OG_1713	15	16	16	1.0
OG_1714	9	9	12	1.0
OG_1715	12	12	12	1.0
OG_1716	15	15	16	1.0
OG_1717	14	14	17	1.0
OG_1718	15	15	17	1.0
OG_1719	15	16	20	1.0
OG_1720	15	15	20	1.0
OG_1721	15	15	15	1.0
OG_1722	14	14	15	1.0
OG_1723	11	20	24	1.0
OG_1724	12	12	14	1.0
OG_1725	10	19	20	1.0
OG_1726	14	14	16	1.0
OG_1727	11	11	16	1.0
OG_1728	15	15	27	1.0
OG_1729	14	15	25	1.0
OG_1730	15	17	20	1.0
OG_1731	15	16	22	0.7917
OG_1732	15	16	19	1.0
OG_1733	9	9	9	1.0
OG_1734	15	15	17	1.0
OG_1735	14	14	20	1.0
OG_1736	14	18	25	1.0
OG_1737	15	19	26	1.0
OG_1738	15	15	26	1.0
OG_1739	15	30	48	0.6713
OG_1740	12	18	22	1.0
OG_1741	13	14	17	0.7802
OG_1742	14	17	24	1.0
OG_1743	11	11	21	1.0
OG_1744	13	13	13	1.0
OG_1745	15	16	21	1.0
OG_1746	15	27	34	0.9088
OG_1747	15	18	22	1.0
OG_1748	14	17	20	0.8088
OG_1749	13	13	17	1.0
OG_1750	15	16	19	1.0
OG_1751	14	15	15	1.0
OG_1752	14	14	18	1.0
OG_1753	14	16	24	1.0
OG_1754	15	20	30	1.0
OG_1755	15	19	23	1.0
OG_1756	11	11	13	1.0
OG_1757	15	571	766	0.0498
OG_1758	11	12	13	1.0
OG_1759	12	12	21	1.0
OG_1760	15	16	18	1.0
OG_1761	14	14	18	1.0
OG_1762	10	10	16	1.0
OG_1763	13	13	14	1.0
OG_1764	15	15	18	1.0
OG_1765	14	14	17	0.8681
OG_1766	9	9	13	1.0
OG_1767	10	15	18	1.0
OG_1768	12	13	19	1.0
OG_1769	14	14	17	1.0
OG_1770	15	49	65	0.8656
OG_1771	15	17	31	1.0
OG_1772	14	15	18	1.0
OG_1773	15	17	19	1.0
OG_1774	15	15	16	1.0
OG_1775	15	15	17	1.0
OG_1776	15	18	32	1.0
OG_1777	15	44	53	0.6892
OG_1778	15	17	21	1.0
OG_1779	12	35	49	1.0
OG_1780	10	14	15	0.8791
OG_1781	8	45	106	0.3747
OG_1782	14	15	15	1.0
OG_1783	11	11	12	1.0
OG_1784	15	15	19	1.0
OG_1785	15	20	27	1.0
OG_1786	12	12	14	1.0
OG_1787	14	14	15	1.0
OG_1788	15	16	16	1.0
OG_1789	10	96	135	0.23
OG_1790	14	34	49	1.0
OG_1791	13	13	26	1.0
OG_1792	14	14	24	1.0
OG_1793	15	15	16	1.0
OG_1794	15	16	25	1.0
OG_1795	14	14	20	1.0
OG_1796	15	15	17	1.0
OG_1797	15	15	16	1.0
OG_1798	14	14	17	1.0
OG_1799	15	17	21	1.0
OG_1800	12	12	14	1.0
OG_1801	14	14	17	1.0
OG_1802	15	16	34	1.0
OG_1803	14	14	17	1.0
OG_1804	12	12	12	1.0
OG_1805	15	15	18	1.0
OG_1806	15	17	23	1.0
OG_1807	15	15	20	1.0
OG_1808	10	10	10	1.0
OG_1809	12	13	14	1.0
OG_1810	15	15	34	1.0
OG_1811	15	24	37	0.8442
OG_1812	13	13	14	1.0
OG_1813	14	15	17	1.0
OG_1814	15	20	27	0.7842
OG_1815	15	15	15	1.0
OG_1816	14	15	20	0.8857
OG_1817	15	17	23	1.0
OG_1818	13	15	17	1.0
OG_1819	13	13	63	1.0
OG_1820	15	17	20	1.0
OG_1821	14	14	22	1.0
OG_1822	12	19	21	1.0
OG_1823	14	14	15	1.0
OG_1824	15	16	21	1.0
OG_1825	15	15	16	1.0
OG_1826	14	14	19	1.0
OG_1827	14	14	21	1.0
OG_1828	15	21	34	1.0
OG_1829	11	11	33	1.0
OG_1830	9	10	10	1.0
OG_1831	13	24	25	1.0
OG_1832	7	13	14	1.0
OG_1833	15	17	17	0.8088
OG_1834	10	10	10	1.0
OG_1835	14	14	22	1.0
OG_1836	15	16	25	1.0
OG_1837	15	16	24	1.0
OG_1838	14	14	20	1.0
OG_1839	3	3	3	1.0
OG_1840	15	23	24	1.0
OG_1841	15	40	46	0.941
OG_1842	14	15	18	0.8857
OG_1843	15	15	64	1.0
OG_1844	15	16	17	1.0
OG_1845	11	11	11	1.0
OG_1846	13	21	30	0.6952
OG_1847	15	20	22	0.8211
OG_1848	15	15	18	1.0
OG_1849	15	16	20	1.0
OG_1850	13	13	19	1.0
OG_1851	13	13	20	1.0
OG_1852	15	15	18	1.0
OG_1853	15	15	21	1.0
OG_1854	14	14	18	1.0
OG_1855	15	16	19	1.0
OG_1856	13	13	15	1.0
OG_1857	13	13	19	1.0
OG_1858	15	15	22	1.0
OG_1859	15	15	43	1.0
OG_1860	15	15	17	1.0
OG_1861	13	13	17	1.0
OG_1862	15	15	21	1.0
OG_1863	15	15	20	1.0
OG_1864	9	9	9	1.0
OG_1865	13	13	17	1.0
OG_1866	15	15	25	1.0
OG_1867	15	15	22	1.0
OG_1868	15	27	33	0.9373
OG_1869	15	16	17	1.0
OG_1870	15	15	18	1.0
OG_1871	14	14	15	1.0
OG_1872	9	9	12	1.0
OG_1873	15	15	18	1.0
OG_1874	15	18	28	1.0
OG_1875	12	12	12	1.0
OG_1876	15	19	23	1.0
OG_1877	12	13	13	1.0
OG_1878	15	15	15	1.0
OG_1879	14	14	15	1.0
OG_1880	14	14	17	1.0
OG_1881	14	19	26	1.0
OG_1882	15	35	43	1.0
OG_1883	15	16	16	1.0
OG_1884	15	15	22	0.7143
OG_1885	15	15	15	1.0
OG_1886	15	16	16	1.0
OG_1887	15	15	17	1.0
OG_1888	15	16	18	1.0
OG_1889	15	16	24	1.0
OG_1890	10	10	14	1.0
OG_1891	15	16	19	1.0
OG_1892	15	16	18	1.0
OG_1893	14	14	15	1.0
OG_1894	15	15	16	1.0
OG_1895	15	15	15	1.0
OG_1896	12	15	21	0.7714
OG_1897	15	15	22	1.0
OG_1898	11	12	13	1.0
OG_1899	15	21	54	0.8286
OG_1900	15	18	20	1.0
OG_1901	15	32	39	1.0
OG_1902	12	12	12	1.0
OG_1903	15	15	19	1.0
OG_1904	15	16	18	1.0
OG_1905	9	13	14	1.0
OG_1906	13	13	14	1.0
OG_1907	15	15	17	1.0
OG_1908	15	16	23	1.0
OG_1909	13	14	19	1.0
OG_1910	15	17	23	0.8676
OG_1911	9	9	10	1.0
OG_1912	2	12	15	0.6515
OG_1913	15	18	25	1.0
OG_1914	13	14	14	1.0
OG_1915	15	15	23	1.0
OG_1916	15	36	39	0.8857
OG_1917	12	38	65	1.0
OG_1918	15	15	15	1.0
OG_1919	10	10	11	1.0
OG_1920	7	7	7	1.0
OG_1921	10	37	68	0.8889
OG_1922	15	18	23	1.0
OG_1923	12	13	17	1.0
OG_1924	11	11	12	1.0
OG_1925	15	15	15	1.0
OG_1926	12	13	16	1.0
OG_1927	13	14	14	1.0
OG_1928	12	12	14	1.0
OG_1929	14	17	17	1.0
OG_1930	14	14	14	1.0
OG_1931	14	14	15	1.0
OG_1932	15	16	21	1.0
OG_1933	13	57	66	0.614
OG_1934	10	65	75	0.6707
OG_1935	15	15	20	1.0
OG_1936	15	15	17	1.0
OG_1937	15	18	22	1.0
OG_1938	14	14	16	1.0
OG_1939	15	16	17	1.0
OG_1940	14	149	371	0.295
OG_1941	11	12	20	1.0
OG_1942	15	20	25	1.0
OG_1943	12	12	12	1.0
OG_1944	14	17	22	1.0
OG_1945	10	10	16	1.0
OG_1946	14	14	15	1.0
OG_1947	14	18	22	1.0
OG_1948	14	14	16	1.0
OG_1949	13	15	15	0.7714
OG_1950	15	17	52	1.0
OG_1951	14	14	18	1.0
OG_1952	15	17	22	1.0
OG_1953	15	15	20	1.0
OG_1954	14	14	15	1.0
OG_1955	15	15	19	1.0
OG_1956	11	25	30	0.74
OG_1957	15	15	16	1.0
OG_1958	13	22	35	1.0
OG_1959	15	15	27	1.0
OG_1960	14	15	19	1.0
OG_1961	14	14	18	1.0
OG_1962	15	15	18	1.0
OG_1963	15	17	22	0.7279
OG_1964	14	14	23	1.0
OG_1965	15	16	18	1.0
OG_1966	15	16	25	1.0
OG_1967	11	11	15	1.0
OG_1968	12	13	33	1.0
OG_1969	14	14	17	1.0
OG_1970	14	31	43	0.886
OG_1971	13	13	15	1.0
OG_1972	15	20	24	1.0
OG_1973	15	119	176	0.6275
OG_1974	15	15	23	1.0
OG_1975	15	22	30	1.0
OG_1976	15	15	17	1.0
OG_1977	15	54	55	0.7547
OG_1978	13	14	28	1.0
OG_1979	15	15	26	1.0
OG_1980	13	24	28	0.9891
OG_1981	13	18	28	1.0
OG_1982	14	38	48	0.9502
OG_1983	12	12	15	0.9242
OG_1984	11	11	17	1.0
OG_1985	14	14	21	1.0
OG_1986	3	5	5	1.0
OG_1987	15	15	16	1.0
OG_1988	12	15	19	1.0
OG_1989	15	15	20	1.0
OG_1990	13	86	118	0.8525
OG_1991	15	15	17	1.0
OG_1992	11	13	30	1.0
OG_1993	12	12	13	1.0
OG_1994	11	12	18	1.0
OG_1995	13	13	13	1.0
OG_1996	15	18	18	1.0
OG_1997	15	344	485	0.1117
OG_1998	14	15	18	1.0
OG_1999	15	17	23	1.0
OG_2000	14	18	22	1.0
OG_2001	12	12	14	1.0
OG_2002	15	15	16	1.0
OG_2003	14	14	16	1.0
OG_2004	12	13	14	1.0
OG_2005	15	15	18	1.0
OG_2006	14	15	18	1.0
OG_2007	8	21	32	0.719
OG_2008	4	11	12	0.7273
OG_2009	15	15	17	1.0
OG_2010	12	14	15	1.0
OG_2011	15	18	23	1.0
OG_2012	13	14	19	1.0
OG_2013	9	9	11	1.0
OG_2014	12	14	16	1.0
OG_2015	9	12	13	1.0
OG_2016	15	15	19	1.0
OG_2017	15	15	17	1.0
OG_2018	15	15	15	1.0
OG_2019	14	14	14	1.0
OG_2020	15	15	19	1.0
OG_2021	15	15	16	1.0
OG_2022	10	20	22	0.9316
OG_2023	15	21	28	1.0
OG_2024	12	12	12	1.0
OG_2025	13	14	21	1.0
OG_2026	13	15	17	1.0
OG_2027	15	16	24	1.0
OG_2028	14	14	17	1.0
OG_2029	15	16	19	1.0
OG_2030	15	53	70	0.9296
OG_2031	15	15	16	1.0
OG_2032	15	15	16	1.0
OG_2033	8	17	26	1.0
OG_2034	15	20	24	1.0
OG_2035	10	15	16	1.0
OG_2036	14	20	27	1.0
OG_2037	12	12	18	1.0
OG_2038	15	19	27	1.0
OG_2039	15	18	24	1.0
OG_2040	15	16	20	1.0
OG_2041	11	11	13	1.0
OG_2042	10	11	11	1.0
OG_2043	12	12	13	1.0
OG_2044	12	42	67	1.0
OG_2045	12	12	16	1.0
OG_2046	13	13	24	1.0
OG_2047	12	12	26	1.0
OG_2048	14	15	23	1.0
OG_2049	15	15	15	1.0
OG_2050	15	15	17	1.0
OG_2051	11	75	81	0.9171
OG_2052	11	12	14	1.0
OG_2053	4	42	45	0.4193
OG_2054	5	7	7	1.0
OG_2055	15	15	18	1.0
OG_2056	13	15	25	1.0
OG_2057	4	34	50	0.3939
OG_2058	11	25	28	1.0
OG_2059	15	15	20	1.0
OG_2060	15	16	22	1.0
OG_2061	14	14	14	1.0
OG_2062	15	15	19	1.0
OG_2063	13	23	24	1.0
OG_2064	15	15	18	1.0
OG_2065	12	12	14	1.0
OG_2066	14	17	18	1.0
OG_2067	15	17	21	1.0
OG_2068	15	15	17	1.0
OG_2069	13	14	24	0.9121
OG_2070	15	15	19	1.0
OG_2071	12	14	14	1.0
OG_2072	11	21	24	0.9286
OG_2073	13	13	14	1.0
OG_2074	14	16	18	1.0
OG_2075	12	12	13	1.0
OG_2076	14	25	30	1.0
OG_2077	11	11	17	1.0
OG_2078	12	61	76	0.5721
OG_2079	13	13	20	1.0
OG_2080	10	13	13	0.7436
OG_2081	7	7	8	1.0
OG_2082	15	19	20	1.0
OG_2083	12	113	181	0.171
OG_2084	15	15	17	0.8762
OG_2085	13	41	44	0.8854
OG_2086	12	12	18	1.0
OG_2087	9	13	13	1.0
OG_2088	12	13	14	1.0
OG_2089	11	12	15	1.0
OG_2090	15	15	16	1.0
OG_2091	15	16	18	1.0
OG_2092	10	123	148	0.1363
OG_2093	15	19	20	1.0
OG_2094	14	18	24	0.9869
OG_2095	14	16	23	1.0
OG_2096	14	14	14	1.0
OG_2097	15	15	17	1.0
OG_2098	15	16	18	1.0
OG_2099	15	122	158	0.732
OG_2100	12	12	15	1.0
OG_2101	9	9	12	1.0
OG_2102	14	14	14	1.0
OG_2103	9	9	12	1.0
OG_2104	12	15	16	1.0
OG_2105	14	14	17	1.0
OG_2106	15	16	16	1.0
OG_2107	15	15	16	1.0
OG_2108	14	17	24	1.0
OG_2109	15	20	29	1.0
OG_2110	15	17	23	1.0
OG_2111	13	13	20	1.0
OG_2112	13	14	17	1.0
OG_2113	13	13	15	1.0
OG_2114	11	15	21	1.0
OG_2115	15	15	18	1.0
OG_2116	14	14	38	1.0
OG_2117	15	15	16	1.0
OG_2118	10	10	16	1.0
OG_2119	15	15	20	1.0
OG_2120	15	17	18	0.7941
OG_2121	6	13	22	0.9103
OG_2122	15	16	22	1.0
OG_2123	11	11	13	0.9455
OG_2124	14	19	22	1.0
OG_2125	6	6	6	1.0
OG_2126	10	11	17	1.0
OG_2127	15	27	30	0.8405
OG_2128	12	14	16	0.8791
OG_2129	11	93	138	0.626
OG_2130	15	16	19	1.0
OG_2131	12	15	19	1.0
OG_2132	15	15	20	1.0
OG_2133	12	12	16	1.0
OG_2134	15	16	28	1.0
OG_2135	14	14	23	1.0
OG_2136	12	28	34	0.8836
OG_2137	13	13	23	1.0
OG_2138	2	5	5	0.9
OG_2139	10	10	10	1.0
OG_2140	11	11	16	1.0
OG_2141	15	15	16	1.0
OG_2142	15	36	47	0.7
OG_2143	14	16	20	1.0
OG_2144	13	14	17	0.7802
OG_2145	15	15	20	1.0
OG_2146	15	17	19	1.0
OG_2147	14	14	15	1.0
OG_2148	15	16	17	1.0
OG_2149	8	8	8	1.0
OG_2150	13	13	16	1.0
OG_2151	15	15	16	1.0
OG_2152	15	15	19	1.0
OG_2153	13	13	14	1.0
OG_2154	15	17	22	1.0
OG_2155	3	9	9	0.9722
OG_2156	15	17	17	1.0
OG_2157	15	17	28	1.0
OG_2158	15	15	15	1.0
OG_2159	15	17	21	1.0
OG_2160	13	14	16	1.0
OG_2161	15	21	25	1.0
OG_2162	14	17	20	1.0
OG_2163	14	14	16	1.0
OG_2164	14	22	26	1.0
OG_2165	11	11	13	1.0
OG_2166	15	16	32	1.0
OG_2167	15	19	67	1.0
OG_2168	15	16	18	1.0
OG_2169	12	114	126	0.4391
OG_2170	15	19	24	1.0
OG_2171	15	27	34	1.0
OG_2172	13	13	13	1.0
OG_2173	14	14	18	1.0
OG_2174	14	16	39	1.0
OG_2175	13	13	30	1.0
OG_2176	14	28	30	1.0
OG_2177	12	12	14	1.0
OG_2178	15	19	24	0.8129
OG_2179	12	12	23	1.0
OG_2180	15	16	19	1.0
OG_2181	15	15	22	1.0
OG_2182	15	21	27	1.0
OG_2183	15	15	16	1.0
OG_2184	15	15	19	1.0
OG_2185	15	15	21	1.0
OG_2186	15	15	16	1.0
OG_2187	7	7	7	1.0
OG_2188	13	16	19	1.0
OG_2189	13	14	24	1.0
OG_2190	15	18	19	1.0
OG_2191	15	17	20	1.0
OG_2192	13	15	15	1.0
OG_2193	15	17	24	1.0
OG_2194	13	14	14	1.0
OG_2195	15	15	15	1.0
OG_2196	11	11	11	1.0
OG_2197	13	15	18	1.0
OG_2198	15	21	23	1.0
OG_2199	15	17	18	1.0
OG_2200	9	9	11	0.9444
OG_2201	10	12	17	1.0
OG_2202	14	14	28	1.0
OG_2203	11	26	53	0.9969
OG_2204	11	11	13	1.0
OG_2205	15	15	21	1.0
OG_2206	10	11	12	1.0
OG_2207	15	19	28	1.0
OG_2208	14	23	24	1.0
OG_2209	13	22	33	1.0
OG_2210	15	16	20	1.0
OG_2211	14	15	19	1.0
OG_2212	15	15	15	1.0
OG_2213	15	29	36	0.5172
OG_2214	15	15	48	1.0
OG_2215	14	14	16	1.0
OG_2216	15	16	26	1.0
OG_2217	14	14	19	1.0
OG_2218	15	23	24	1.0
OG_2219	8	23	37	0.5296
OG_2220	11	11	14	1.0
OG_2221	13	14	24	1.0
OG_2222	11	11	24	1.0
OG_2223	15	17	19	1.0
OG_2224	13	14	40	1.0
OG_2225	15	17	20	1.0
OG_2226	14	14	14	1.0
OG_2227	14	17	17	1.0
OG_2228	14	18	18	1.0
OG_2229	14	14	14	1.0
OG_2230	14	14	17	1.0
OG_2231	13	13	14	1.0
OG_2232	13	13	14	1.0
OG_2233	15	15	16	1.0
OG_2234	15	43	71	0.9568
OG_2235	14	17	23	1.0
OG_2236	14	17	19	0.9118
OG_2237	13	13	20	1.0
OG_2238	11	28	31	0.9444
OG_2239	11	12	14	1.0
OG_2240	14	14	14	1.0
OG_2241	14	15	16	1.0
OG_2242	13	26	35	1.0
OG_2243	15	17	19	1.0
OG_2244	11	14	18	1.0
OG_2245	15	20	33	0.9158
OG_2246	15	16	19	1.0
OG_2247	13	15	17	1.0
OG_2248	15	17	19	1.0
OG_2249	12	13	14	1.0
OG_2250	11	11	19	1.0
OG_2251	15	20	39	1.0
OG_2252	10	10	10	1.0
OG_2253	14	36	39	0.8016
OG_2254	15	16	16	1.0
OG_2255	14	14	15	1.0
OG_2256	15	16	18	1.0
OG_2257	14	14	20	1.0
OG_2258	15	18	20	1.0
OG_2259	14	14	15	1.0
OG_2260	13	13	17	1.0
OG_2261	11	11	13	1.0
OG_2262	15	17	19	1.0
OG_2263	14	15	15	1.0
OG_2264	14	28	36	1.0
OG_2265	13	14	15	1.0
OG_2266	15	15	17	1.0
OG_2267	15	20	21	1.0
OG_2268	15	15	15	1.0
OG_2269	15	15	20	1.0
OG_2270	15	18	29	0.817
OG_2271	15	15	20	1.0
OG_2272	13	13	15	1.0
OG_2273	15	16	20	1.0
OG_2274	15	17	22	1.0
OG_2275	15	16	22	1.0
OG_2276	14	15	19	1.0
OG_2277	15	19	20	1.0
OG_2278	15	15	21	1.0
OG_2279	12	12	14	1.0
OG_2280	15	22	33	0.8355
OG_2281	15	15	19	1.0
OG_2282	13	16	16	1.0
OG_2283	15	15	24	1.0
OG_2284	11	11	14	1.0
OG_2285	15	15	20	1.0
OG_2286	15	17	25	1.0
OG_2287	11	15	24	0.6667
OG_2288	15	59	98	0.7896
OG_2289	14	15	19	1.0
OG_2290	13	13	23	1.0
OG_2291	15	15	17	1.0
OG_2292	15	15	25	1.0
OG_2293	11	11	11	1.0
OG_2294	15	16	17	1.0
OG_2295	14	14	15	1.0
OG_2296	15	15	19	1.0
OG_2297	15	23	26	0.668
OG_2298	15	15	15	1.0
OG_2299	15	18	29	1.0
OG_2300	13	15	19	0.5714
OG_2301	9	9	11	1.0
OG_2302	13	14	15	1.0
OG_2303	10	13	14	1.0
OG_2304	7	16	19	1.0
OG_2305	14	24	29	1.0
OG_2306	15	15	17	1.0
OG_2307	15	15	18	1.0
OG_2308	15	15	19	1.0
OG_2309	15	20	23	1.0
OG_2310	9	13	13	1.0
OG_2311	12	12	15	1.0
OG_2312	3	7	7	1.0
OG_2313	14	16	22	1.0
OG_2314	12	12	13	1.0
OG_2315	13	13	13	1.0
OG_2316	15	19	27	1.0
OG_2317	12	14	20	1.0
OG_2318	14	16	18	1.0
OG_2319	15	17	21	0.7941
OG_2320	15	15	19	1.0
OG_2321	12	13	17	0.8718
OG_2322	15	15	27	1.0
OG_2323	15	15	16	1.0
OG_2324	15	19	25	1.0
OG_2325	14	19	26	1.0
OG_2326	10	10	10	1.0
OG_2327	15	16	26	1.0
OG_2328	14	15	16	1.0
OG_2329	14	14	15	1.0
OG_2330	13	13	17	1.0
OG_2331	12	14	16	0.8022
OG_2332	14	17	24	1.0
OG_2333	15	21	32	1.0
OG_2334	15	15	15	1.0
OG_2335	15	15	20	1.0
OG_2336	15	19	25	1.0
OG_2337	15	15	22	1.0
OG_2338	14	16	18	1.0
OG_2339	12	12	14	1.0
OG_2340	15	18	20	1.0
OG_2341	11	11	12	1.0
OG_2342	15	18	20	1.0
OG_2343	13	15	19	1.0
OG_2344	14	15	15	1.0
OG_2345	12	12	13	1.0
OG_2346	15	17	21	1.0
OG_2347	15	18	18	1.0
OG_2348	15	16	19	1.0
OG_2349	14	17	22	1.0
OG_2350	15	15	18	1.0
OG_2351	15	17	20	1.0
OG_2352	14	17	21	1.0
OG_2353	15	21	22	1.0
OG_2354	15	16	22	1.0
OG_2355	15	15	15	1.0
OG_2356	15	18	27	1.0
OG_2357	11	11	11	1.0
OG_2358	4	28	51	0.6878
OG_2359	14	15	15	1.0
OG_2360	15	19	22	1.0
OG_2361	12	13	16	1.0
OG_2362	15	15	19	1.0
OG_2363	13	13	13	1.0
OG_2364	9	9	9	1.0
OG_2365	10	10	12	1.0
OG_2366	14	15	25	1.0
OG_2367	15	18	25	1.0
OG_2368	15	15	18	1.0
OG_2369	15	82	113	0.9021
OG_2370	13	13	14	1.0
OG_2371	8	9	9	1.0
OG_2372	7	8	9	1.0
OG_2373	11	14	15	1.0
OG_2374	9	11	11	1.0
OG_2375	15	15	21	1.0
OG_2376	15	18	23	1.0
OG_2377	15	15	15	1.0
OG_2378	13	13	17	1.0
OG_2379	15	21	22	0.9143
OG_2380	11	12	18	1.0
OG_2381	9	9	10	1.0
OG_2382	11	14	16	0.9011
OG_2383	15	15	16	1.0
OG_2384	12	12	13	1.0
OG_2385	15	17	20	1.0
OG_2386	14	18	23	1.0
OG_2387	15	15	15	1.0
OG_2388	12	18	19	1.0
OG_2389	15	18	19	0.8039
OG_2390	15	16	18	0.8917
OG_2391	14	14	17	1.0
OG_2392	15	17	19	1.0
OG_2393	15	16	20	1.0
OG_2394	12	19	19	1.0
OG_2395	11	11	11	1.0
OG_2396	15	15	16	1.0
OG_2397	15	16	18	1.0
OG_2398	15	15	18	1.0
OG_2399	10	10	10	1.0
OG_2400	15	18	23	0.7908
OG_2401	13	15	16	1.0
OG_2402	10	10	12	1.0
OG_2403	12	12	12	1.0
OG_2404	15	15	17	1.0
OG_2405	11	12	12	1.0
OG_2406	13	15	15	1.0
OG_2407	14	14	17	0.8571
OG_2408	12	12	14	1.0
OG_2409	14	14	18	1.0
OG_2410	15	17	18	0.8897
OG_2411	13	14	17	1.0
OG_2412	13	15	18	1.0
OG_2413	14	17	22	1.0
OG_2414	14	14	22	1.0
OG_2415	15	15	15	1.0
OG_2416	11	11	13	1.0
OG_2417	10	10	10	1.0
OG_2418	14	18	20	1.0
OG_2419	15	16	18	1.0
OG_2420	15	15	15	1.0
OG_2421	13	16	25	1.0
OG_2422	13	14	15	1.0
OG_2423	13	13	15	1.0
OG_2424	15	15	16	1.0
OG_2425	15	15	16	1.0
OG_2426	13	14	15	1.0
OG_2427	14	16	25	1.0
OG_2428	14	14	19	1.0
OG_2429	15	16	18	1.0
OG_2430	15	19	31	1.0
OG_2431	15	19	22	1.0
OG_2432	15	15	16	1.0
OG_2433	15	15	21	1.0
OG_2434	15	15	18	1.0
OG_2435	11	12	16	1.0
OG_2436	11	11	11	1.0
OG_2437	13	14	15	1.0
OG_2438	12	12	22	1.0
OG_2439	15	45	52	0.9838
OG_2440	11	11	12	1.0
OG_2441	12	15	15	1.0
OG_2442	15	15	18	1.0
OG_2443	15	17	23	1.0
OG_2444	12	12	15	1.0
OG_2445	15	15	19	1.0
OG_2446	12	147	216	0.4726
OG_2447	9	9	11	1.0
OG_2448	14	14	17	1.0
OG_2449	11	11	11	1.0
OG_2450	15	16	19	0.8917
OG_2451	14	15	23	1.0
OG_2452	14	14	15	1.0
OG_2453	15	16	24	1.0
OG_2454	14	14	19	1.0
OG_2455	15	16	20	1.0
OG_2456	12	14	16	0.7253
OG_2457	10	12	12	1.0
OG_2458	15	17	26	1.0
OG_2459	15	16	23	1.0
OG_2460	8	8	8	1.0
OG_2461	15	15	18	1.0
OG_2462	10	10	10	1.0
OG_2463	14	17	21	1.0
OG_2464	15	15	18	1.0
OG_2465	15	15	15	1.0
OG_2466	8	10	10	1.0
OG_2467	15	15	26	1.0
OG_2468	8	8	17	1.0
OG_2469	15	17	18	1.0
OG_2470	14	17	23	1.0
OG_2471	14	20	30	0.9105
OG_2472	14	14	17	1.0
OG_2473	13	13	16	1.0
OG_2474	12	12	18	1.0
OG_2475	15	17	18	0.7941
OG_2476	13	14	14	1.0
OG_2477	15	15	17	1.0
OG_2478	11	35	60	0.9445
OG_2479	12	12	12	1.0
OG_2480	13	13	16	1.0
OG_2481	14	15	20	1.0
OG_2482	13	17	25	1.0
OG_2483	13	15	20	1.0
OG_2484	14	17	19	1.0
OG_2485	14	37	51	0.997
OG_2486	13	13	13	1.0
OG_2487	15	18	20	1.0
OG_2488	15	15	18	1.0
OG_2489	14	15	16	1.0
OG_2490	15	16	21	1.0
OG_2491	13	23	35	0.9407
OG_2492	14	27	32	1.0
OG_2493	13	73	110	0.4943
OG_2494	11	13	14	1.0
OG_2495	14	16	16	1.0
OG_2496	14	15	29	1.0
OG_2497	10	15	15	0.7905
OG_2498	9	35	43	0.442
OG_2499	15	166	207	0.4526
OG_2500	8	8	8	1.0
OG_2501	15	27	42	0.5897
OG_2502	12	12	12	1.0
OG_2503	11	13	31	0.7949
OG_2504	14	17	19	1.0
OG_2505	14	14	18	1.0
OG_2506	14	14	15	1.0
OG_2507	15	23	31	1.0
OG_2508	15	20	23	1.0
OG_2509	12	14	15	1.0
OG_2510	15	15	16	1.0
OG_2511	15	26	30	1.0
OG_2512	13	16	19	1.0
OG_2513	15	17	21	1.0
OG_2514	15	15	15	1.0
OG_2515	14	14	14	1.0
OG_2516	14	17	22	1.0
OG_2517	12	13	16	1.0
OG_2518	15	17	18	1.0
OG_2519	15	19	24	1.0
OG_2520	15	17	24	1.0
OG_2521	8	49	57	0.2934
OG_2522	10	10	10	1.0
OG_2523	7	36	39	0.9206
OG_2524	5	11	16	0.6727
OG_2525	15	22	24	1.0
OG_2526	15	15	15	1.0
OG_2527	13	13	20	1.0
OG_2528	12	12	15	1.0
OG_2529	13	13	13	1.0
OG_2530	13	18	23	1.0
OG_2531	13	19	22	1.0
OG_2532	15	15	18	1.0
OG_2533	15	17	23	1.0
OG_2534	10	11	12	1.0
OG_2535	15	17	21	1.0
OG_2536	11	13	18	1.0
OG_2537	8	8	10	1.0
OG_2538	14	14	14	1.0
OG_2539	15	15	19	1.0
OG_2540	15	20	25	1.0
OG_2541	13	13	15	1.0
OG_2542	15	33	37	0.9678
OG_2543	12	12	15	1.0
OG_2544	15	15	18	1.0
OG_2545	15	15	17	1.0
OG_2546	12	12	12	1.0
OG_2547	15	16	20	1.0
OG_2548	15	15	21	1.0
OG_2549	15	18	20	1.0
OG_2550	11	11	12	1.0
OG_2551	14	15	17	1.0
OG_2552	15	18	22	1.0
OG_2553	11	26	28	0.8154
OG_2554	10	10	10	1.0
OG_2555	14	15	26	1.0
OG_2556	15	18	36	1.0
OG_2557	14	15	19	1.0
OG_2558	15	24	55	1.0
OG_2559	13	13	15	1.0
OG_2560	12	15	16	1.0
OG_2561	13	13	13	1.0
OG_2562	15	39	59	0.9811
OG_2563	13	13	14	1.0
OG_2564	10	10	12	1.0
OG_2565	15	15	28	1.0
OG_2566	14	27	36	0.9886
OG_2567	10	14	16	1.0
OG_2568	13	14	27	1.0
OG_2569	15	20	21	1.0
OG_2570	15	15	19	1.0
OG_2571	14	14	18	1.0
OG_2572	14	14	15	1.0
OG_2573	14	14	18	1.0
OG_2574	15	17	23	1.0
OG_2575	14	15	18	1.0
OG_2576	15	20	24	1.0
OG_2577	10	23	31	1.0
OG_2578	14	15	22	1.0
OG_2579	11	11	14	1.0
OG_2580	14	17	19	1.0
OG_2581	15	16	19	1.0
OG_2582	12	12	12	1.0
OG_2583	14	22	25	1.0
OG_2584	11	50	63	0.5967
OG_2585	14	14	17	1.0
OG_2586	15	21	25	1.0
OG_2587	15	15	22	1.0
OG_2588	14	14	15	1.0
OG_2589	11	11	12	1.0
OG_2590	15	18	21	1.0
OG_2591	14	195	242	0.5018
OG_2592	12	12	12	1.0
OG_2593	14	14	14	1.0
OG_2594	14	14	16	1.0
OG_2595	5	8	13	1.0
OG_2596	14	14	19	1.0
OG_2597	15	35	44	0.995
OG_2598	14	16	18	1.0
OG_2599	15	15	17	1.0
OG_2600	15	17	20	1.0
OG_2601	15	16	16	1.0
OG_2602	13	14	18	1.0
OG_2603	15	15	31	1.0
OG_2604	13	15	18	1.0
OG_2605	13	14	15	1.0
OG_2606	15	15	26	1.0
OG_2607	6	6	7	1.0
OG_2608	14	16	23	1.0
OG_2609	14	16	19	1.0
OG_2610	15	15	17	1.0
OG_2611	14	110	139	0.6272
OG_2612	15	37	77	0.97
OG_2613	15	19	26	1.0
OG_2614	14	14	16	1.0
OG_2615	13	14	21	1.0
OG_2616	14	14	16	1.0
OG_2617	15	16	16	1.0
OG_2618	15	17	19	1.0
OG_2619	12	12	13	1.0
OG_2620	15	16	25	1.0
OG_2621	11	11	12	1.0
OG_2622	10	11	11	1.0
OG_2623	12	14	15	1.0
OG_2624	14	14	14	1.0
OG_2625	15	15	17	1.0
OG_2626	13	15	23	1.0
OG_2627	15	17	17	0.8897
OG_2628	12	12	15	1.0
OG_2629	13	14	18	1.0
OG_2630	12	12	12	1.0
OG_2631	15	16	16	1.0
OG_2632	12	13	13	1.0
OG_2633	15	15	15	1.0
OG_2634	15	18	18	1.0
OG_2635	15	16	18	1.0
OG_2636	11	20	31	0.9053
OG_2637	10	41	51	0.7524
OG_2638	12	56	78	0.5383
OG_2639	15	18	18	1.0
OG_2640	10	11	12	1.0
OG_2641	9	12	15	1.0
OG_2642	14	14	16	1.0
OG_2643	14	15	17	1.0
OG_2644	13	13	13	1.0
OG_2645	10	14	14	0.9011
OG_2646	15	15	16	1.0
OG_2647	15	16	18	1.0
OG_2648	14	14	15	1.0
OG_2649	15	24	28	1.0
OG_2650	14	28	33	0.8915
OG_2651	14	17	21	1.0
OG_2652	15	16	19	1.0
OG_2653	12	15	20	1.0
OG_2654	10	12	15	0.8636
OG_2655	11	12	13	1.0
OG_2656	12	12	13	1.0
OG_2657	14	15	16	1.0
OG_2658	15	22	50	0.7835
OG_2659	13	25	29	1.0
OG_2660	14	17	21	1.0
OG_2661	14	75	90	0.8894
OG_2662	9	9	19	1.0
OG_2663	14	14	15	1.0
OG_2664	12	14	14	1.0
OG_2665	15	16	17	1.0
OG_2666	15	15	21	1.0
OG_2667	15	20	20	1.0
OG_2668	14	15	22	1.0
OG_2669	14	15	16	1.0
OG_2670	15	117	131	0.2452
OG_2671	3	6	6	1.0
OG_2672	14	23	27	0.6759
OG_2673	14	18	24	1.0
OG_2674	15	18	20	1.0
OG_2675	15	18	43	1.0
OG_2676	15	15	25	1.0
OG_2677	15	16	21	1.0
OG_2678	10	10	11	1.0
OG_2679	5	9	9	1.0
OG_2680	15	19	22	1.0
OG_2681	15	15	20	1.0
OG_2682	9	12	17	1.0
OG_2683	15	16	32	1.0
OG_2684	11	12	15	1.0
OG_2685	14	14	17	1.0
OG_2686	14	14	15	1.0
OG_2687	14	15	17	1.0
OG_2688	12	25	29	1.0
OG_2689	15	16	18	1.0
OG_2690	15	16	24	1.0
OG_2691	14	15	16	1.0
OG_2692	15	18	21	1.0
OG_2693	11	11	11	1.0
OG_2694	13	13	19	1.0
OG_2695	14	16	21	0.8833
OG_2696	15	15	17	1.0
OG_2697	15	16	16	1.0
OG_2698	15	16	17	1.0
OG_2699	12	12	17	1.0
OG_2700	10	10	10	1.0
OG_2701	12	12	14	1.0
OG_2702	14	15	16	1.0
OG_2703	14	17	20	1.0
OG_2704	15	17	24	1.0
OG_2705	14	14	28	1.0
OG_2706	13	13	20	1.0
OG_2707	14	157	210	0.2924
OG_2708	15	16	17	1.0
OG_2709	14	14	14	1.0
OG_2710	12	12	19	1.0
OG_2711	12	15	17	1.0
OG_2712	11	12	14	1.0
OG_2713	15	16	18	1.0
OG_2714	13	13	19	1.0
OG_2715	12	13	15	1.0
OG_2716	13	14	19	1.0
OG_2717	4	9	20	1.0
OG_2718	15	17	24	1.0
OG_2719	15	20	25	1.0
OG_2720	15	15	30	1.0
OG_2721	11	150	260	0.1928
OG_2722	14	14	16	1.0
OG_2723	13	14	19	1.0
OG_2724	14	14	18	1.0
OG_2725	10	10	16	1.0
OG_2726	11	11	12	1.0
OG_2727	12	14	17	1.0
OG_2728	12	12	13	1.0
OG_2729	10	10	14	1.0
OG_2730	14	18	22	1.0
OG_2731	15	18	44	1.0
OG_2732	12	12	14	1.0
OG_2733	15	16	17	1.0
OG_2734	15	15	17	1.0
OG_2735	12	25	34	0.95
OG_2736	14	14	18	1.0
OG_2737	10	23	28	1.0
OG_2738	14	18	24	1.0
OG_2739	15	16	24	1.0
OG_2740	14	29	29	1.0
OG_2741	15	16	22	1.0
OG_2742	14	14	16	1.0
OG_2743	15	40	43	1.0
OG_2744	15	20	33	1.0
OG_2745	10	18	24	0.6667
OG_2746	15	15	25	1.0
OG_2747	15	24	29	1.0
OG_2748	10	10	11	1.0
OG_2749	15	315	445	0.1333
OG_2750	15	15	17	1.0
OG_2751	15	15	32	1.0
OG_2752	10	10	11	1.0
OG_2753	13	14	16	1.0
OG_2754	12	12	12	1.0
OG_2755	14	15	19	1.0
OG_2756	13	14	17	1.0
OG_2757	11	38	39	0.9104
OG_2758	15	18	26	1.0
OG_2759	15	16	16	1.0
OG_2760	14	14	16	1.0
OG_2761	15	18	22	1.0
OG_2762	10	10	13	1.0
OG_2763	15	17	18	1.0
OG_2764	12	14	17	1.0
OG_2765	14	14	18	1.0
OG_2766	13	16	25	0.6833
OG_2767	15	21	36	1.0
OG_2768	15	18	35	1.0
OG_2769	15	15	17	1.0
OG_2770	15	15	16	1.0
OG_2771	15	20	22	1.0
OG_2772	13	14	15	1.0
OG_2773	15	15	17	1.0
OG_2774	15	15	20	1.0
OG_2775	15	16	20	1.0
OG_2776	6	9	9	0.8333
OG_2777	15	17	21	1.0
OG_2778	15	16	16	1.0
OG_2779	15	24	27	1.0
OG_2780	13	14	14	1.0
OG_2781	13	18	23	0.8954
OG_2782	15	15	18	1.0
OG_2783	15	16	18	1.0
OG_2784	15	15	17	1.0
OG_2785	14	16	24	1.0
OG_2786	15	17	28	1.0
OG_2787	15	17	20	1.0
OG_2788	14	14	14	1.0
OG_2789	12	38	39	0.9972
OG_2790	15	20	28	1.0
OG_2791	14	14	17	1.0
OG_2792	15	15	17	1.0
OG_2793	15	17	23	1.0
OG_2794	7	7	8	1.0
OG_2795	15	22	27	0.8355
OG_2796	12	12	13	1.0
OG_2797	3	6	13	0.7333
OG_2798	12	13	20	1.0
OG_2799	13	13	22	1.0
OG_2800	15	15	15	1.0
OG_2801	11	12	13	1.0
OG_2802	11	26	35	1.0
OG_2803	15	17	22	1.0
OG_2804	15	30	31	0.777
OG_2805	13	13	15	1.0
OG_2806	15	18	21	1.0
OG_2807	15	16	27	1.0
OG_2808	13	15	24	0.8857
OG_2809	15	17	21	1.0
OG_2810	12	24	41	1.0
OG_2811	9	9	10	1.0
OG_2812	15	15	17	1.0
OG_2813	15	17	28	0.8235
OG_2814	12	12	12	1.0
OG_2815	12	12	17	1.0
OG_2816	12	13	19	1.0
OG_2817	15	15	19	1.0
OG_2818	8	8	8	1.0
OG_2819	14	21	26	1.0
OG_2820	8	10	16	1.0
OG_2821	15	16	18	1.0
OG_2822	13	17	57	1.0
OG_2823	15	17	27	1.0
OG_2824	15	15	15	1.0
OG_2825	14	15	16	1.0
OG_2826	14	14	15	1.0
OG_2827	14	15	20	1.0
OG_2828	15	17	22	1.0
OG_2829	15	15	18	1.0
OG_2830	4	8	9	1.0
OG_2831	14	15	16	1.0
OG_2832	10	13	13	1.0
OG_2833	15	17	20	1.0
OG_2834	14	21	40	0.7714
OG_2835	15	15	31	1.0
OG_2836	14	19	33	1.0
OG_2837	15	15	18	1.0
OG_2838	15	17	22	1.0
OG_2839	13	14	19	1.0
OG_2840	15	19	35	1.0
OG_2841	15	16	19	1.0
OG_2842	12	12	13	1.0
OG_2843	14	15	22	1.0
OG_2844	15	25	34	1.0
OG_2845	14	14	14	1.0
OG_2846	15	16	29	1.0
OG_2847	14	16	18	1.0
OG_2848	15	21	24	1.0
OG_2849	15	17	17	1.0
OG_2850	11	11	23	1.0
OG_2851	15	16	18	1.0
OG_2852	13	13	16	1.0
OG_2853	15	25	28	1.0
OG_2854	10	10	12	1.0
OG_2855	15	15	21	1.0
OG_2856	12	16	19	1.0
OG_2857	15	15	24	1.0
OG_2858	13	13	14	1.0
OG_2859	5	5	6	1.0
OG_2860	12	23	28	1.0
OG_2861	13	20	23	1.0
OG_2862	14	15	23	1.0
OG_2863	15	18	19	1.0
OG_2864	10	11	13	1.0
OG_2865	15	18	27	1.0
OG_2866	15	15	17	1.0
OG_2867	14	33	36	0.7652
OG_2868	14	20	24	0.9789
OG_2869	13	15	16	1.0
OG_2870	13	14	14	1.0
OG_2871	15	16	19	1.0
OG_2872	10	13	20	1.0
OG_2873	14	15	16	1.0
OG_2874	15	15	25	1.0
OG_2875	15	18	23	1.0
OG_2876	13	14	16	1.0
OG_2877	15	15	27	1.0
OG_2878	15	18	22	1.0
OG_2879	14	15	19	1.0
OG_2880	13	15	39	1.0
OG_2881	12	13	18	1.0
OG_2882	10	11	13	1.0
OG_2883	8	12	12	1.0
OG_2884	15	29	33	0.9409
OG_2885	12	12	13	1.0
OG_2886	3	3	4	1.0
OG_2887	15	17	18	1.0
OG_2888	14	15	15	1.0
OG_2889	13	15	19	1.0
OG_2890	14	16	22	1.0
OG_2891	13	14	19	1.0
OG_2892	13	13	15	1.0
OG_2893	9	12	13	1.0
OG_2894	15	15	15	1.0
OG_2895	15	16	26	1.0
OG_2896	13	13	13	1.0
OG_2897	15	17	24	1.0
OG_2898	12	12	14	1.0
OG_2899	15	19	20	0.6784
OG_2900	13	13	13	1.0
OG_2901	11	79	86	0.6881
OG_2902	13	13	16	1.0
OG_2903	15	16	18	1.0
OG_2904	13	18	25	1.0
OG_2905	15	17	22	1.0
OG_2906	15	22	25	0.9134
OG_2907	15	15	16	1.0
OG_2908	9	9	9	1.0
OG_2909	15	16	22	1.0
OG_2910	15	15	18	1.0
OG_2911	14	14	16	1.0
OG_2912	14	26	28	0.7415
OG_2913	14	17	17	1.0
OG_2914	15	16	22	1.0
OG_2915	15	15	16	0.9048
OG_2916	15	16	17	1.0
OG_2917	12	14	16	1.0
OG_2918	12	29	41	0.9212
OG_2919	12	14	14	1.0
OG_2920	15	15	30	1.0
OG_2921	14	15	22	1.0
OG_2922	15	20	23	1.0
OG_2923	15	17	20	1.0
OG_2924	15	15	17	1.0
OG_2925	15	18	22	1.0
OG_2926	13	13	17	1.0
OG_2927	15	16	32	1.0
OG_2928	15	17	29	1.0
OG_2929	11	26	31	1.0
OG_2930	14	36	66	0.9937
OG_2931	15	15	17	1.0
OG_2932	10	42	43	0.9071
OG_2933	13	13	21	1.0
OG_2934	15	15	18	1.0
OG_2935	15	17	19	1.0
OG_2936	15	16	17	1.0
OG_2937	14	14	16	1.0
OG_2938	14	16	20	0.8833
OG_2939	14	16	16	1.0
OG_2940	14	14	14	1.0
OG_2941	15	16	21	0.8917
OG_2942	15	16	18	1.0
OG_2943	15	29	33	1.0
OG_2944	13	13	16	1.0
OG_2945	14	195	209	0.4195
OG_2946	14	17	17	1.0
OG_2947	15	15	16	1.0
OG_2948	15	25	29	1.0
OG_2949	11	30	37	1.0
OG_2950	15	22	38	1.0
OG_2951	15	15	19	1.0
OG_2952	15	16	17	1.0
OG_2953	15	17	17	1.0
OG_2954	13	13	16	1.0
OG_2955	15	20	24	1.0
OG_2956	15	15	16	1.0
OG_2957	15	36	37	0.9175
OG_2958	15	15	20	1.0
OG_2959	15	17	24	1.0
OG_2960	14	16	28	1.0
OG_2961	15	17	21	1.0
OG_2962	11	20	22	1.0
OG_2963	15	16	19	1.0
OG_2964	15	18	21	1.0
OG_2965	14	16	16	1.0
OG_2966	12	12	16	1.0
OG_2967	14	15	17	1.0
OG_2968	15	18	20	0.915
OG_2969	15	16	21	1.0
OG_2970	13	15	26	1.0
OG_2971	15	15	21	1.0
OG_2972	11	11	13	1.0
OG_2973	14	16	18	1.0
OG_2974	13	13	16	1.0
OG_2975	15	15	16	1.0
OG_2976	15	15	17	1.0
OG_2977	15	19	20	0.8129
OG_2978	15	15	22	1.0
OG_2979	14	20	28	0.9053
OG_2980	13	13	16	1.0
OG_2981	13	15	16	1.0
OG_2982	15	25	28	1.0
OG_2983	14	30	33	1.0
OG_2984	14	15	19	1.0
OG_2985	9	9	9	1.0
OG_2986	12	12	47	1.0
OG_2987	9	17	17	0.8676
OG_2988	15	15	22	1.0
OG_2989	14	15	17	1.0
OG_2990	9	9	9	1.0
OG_2991	11	12	18	1.0
OG_2992	15	23	26	1.0
OG_2993	15	15	18	1.0
OG_2994	15	15	28	1.0
OG_2995	12	12	13	1.0
OG_2996	15	15	49	1.0
OG_2997	15	15	24	1.0
OG_2998	6	6	6	1.0
OG_2999	13	14	18	1.0
OG_3000	12	12	14	1.0
OG_3001	15	20	22	0.8211
OG_3002	14	14	15	1.0
OG_3003	14	15	32	0.7619
OG_3004	11	12	12	0.8485
OG_3005	12	12	12	1.0
OG_3006	14	15	16	1.0
OG_3007	14	15	17	1.0
OG_3008	14	14	27	1.0
OG_3009	13	13	14	1.0
OG_3010	12	12	19	1.0
OG_3011	15	16	19	1.0
OG_3012	14	14	14	1.0
OG_3013	10	11	11	1.0
OG_3014	9	12	12	1.0
OG_3015	15	16	18	1.0
OG_3016	15	15	36	1.0
OG_3017	7	32	38	0.4758
OG_3018	14	15	28	1.0
OG_3019	15	15	21	1.0
OG_3020	10	11	12	1.0
OG_3021	13	33	35	0.9186
OG_3022	15	15	23	1.0
OG_3023	5	5	5	1.0
OG_3024	9	10	14	1.0
OG_3025	15	15	21	1.0
OG_3026	14	24	27	1.0
OG_3027	15	15	36	1.0
OG_3028	13	14	14	1.0
OG_3029	11	11	12	1.0
OG_3030	15	19	24	0.8129
OG_3031	15	15	19	1.0
OG_3032	15	15	19	1.0
OG_3033	14	14	22	1.0
OG_3034	15	16	16	1.0
OG_3035	14	14	17	1.0
OG_3036	13	15	16	0.7714
OG_3037	8	9	13	0.8889
OG_3038	15	15	20	1.0
OG_3039	15	17	19	1.0
OG_3040	15	16	19	1.0
OG_3041	14	15	16	1.0
OG_3042	12	12	14	1.0
OG_3043	14	14	17	1.0
OG_3044	15	16	22	1.0
OG_3045	14	19	27	1.0
OG_3046	15	16	19	1.0
OG_3047	15	17	22	1.0
OG_3048	14	14	16	1.0
OG_3049	12	14	14	1.0
OG_3050	15	16	21	1.0
OG_3051	15	17	20	1.0
OG_3052	14	14	19	1.0
OG_3053	15	15	15	1.0
OG_3054	14	15	16	1.0
OG_3055	13	13	15	1.0
OG_3056	15	15	23	1.0
OG_3057	11	12	14	1.0
OG_3058	14	20	31	1.0
OG_3059	15	15	15	1.0
OG_3060	15	15	23	1.0
OG_3061	10	10	11	1.0
OG_3062	15	15	18	1.0
OG_3063	15	15	16	1.0
OG_3064	15	27	32	0.812
OG_3065	15	20	27	1.0
OG_3066	14	16	17	1.0
OG_3067	14	14	14	1.0
OG_3068	15	15	17	1.0
OG_3069	12	12	12	1.0
OG_3070	14	19	21	1.0
OG_3071	12	150	214	0.1655
OG_3072	12	13	14	1.0
OG_3073	14	340	495	0.1193
OG_3074	12	34	45	0.9144
OG_3075	8	8	10	1.0
OG_3076	15	15	17	1.0
OG_3077	15	18	20	1.0
OG_3078	15	17	18	1.0
OG_3079	8	8	16	1.0
OG_3080	15	19	29	0.8129
OG_3081	11	27	37	0.8519
OG_3082	10	10	11	1.0
OG_3083	14	14	21	1.0
OG_3084	11	13	15	1.0
OG_3085	15	15	16	1.0
OG_3086	9	10	10	1.0
OG_3087	13	52	55	0.5475
OG_3088	15	16	16	1.0
OG_3089	13	13	14	1.0
OG_3090	12	12	13	1.0
OG_3091	14	14	14	1.0
OG_3092	15	17	17	1.0
OG_3093	15	17	19	1.0
OG_3094	14	16	16	1.0
OG_3095	15	16	21	1.0
OG_3096	12	18	24	0.7712
OG_3097	9	59	96	0.2455
OG_3098	15	18	22	1.0
OG_3099	11	16	17	1.0
OG_3100	12	97	117	0.5823
OG_3101	15	16	17	1.0
OG_3102	9	12	12	0.9394
OG_3103	15	35	37	0.8891
OG_3104	15	19	26	1.0
OG_3105	12	24	27	1.0
OG_3106	12	16	18	0.7833
OG_3107	15	16	19	1.0
OG_3108	13	19	19	1.0
OG_3109	14	17	24	1.0
OG_3110	14	14	16	1.0
OG_3111	15	15	18	1.0
OG_3112	12	14	18	0.7912
OG_3113	14	17	26	0.8382
OG_3114	15	16	26	1.0
OG_3115	12	22	28	0.9524
OG_3116	15	15	19	1.0
OG_3117	14	16	19	1.0
OG_3118	15	18	22	0.7255
OG_3119	11	13	24	0.8974
OG_3120	15	15	18	1.0
OG_3121	15	156	211	0.544
OG_3122	10	13	14	1.0
OG_3123	13	13	14	1.0
OG_3124	10	29	32	0.6478
OG_3125	15	16	21	1.0
OG_3126	10	11	15	1.0
OG_3127	15	15	15	1.0
OG_3128	11	11	11	1.0
OG_3129	15	15	19	1.0
OG_3130	9	9	9	1.0
OG_3131	15	15	18	1.0
OG_3132	15	15	15	1.0
OG_3133	15	15	19	1.0
OG_3134	10	16	26	0.95
OG_3135	15	19	20	1.0
OG_3136	12	13	29	1.0
OG_3137	15	17	27	1.0
OG_3138	14	14	18	1.0
OG_3139	15	17	21	1.0
OG_3140	4	4	4	1.0
OG_3141	14	18	20	1.0
OG_3142	15	15	34	1.0
OG_3143	15	15	16	1.0
OG_3144	7	8	8	1.0
OG_3145	14	20	24	1.0
OG_3146	13	13	16	1.0
OG_3147	15	17	22	0.8897
OG_3148	15	19	24	1.0
OG_3149	10	11	11	1.0
OG_3150	15	15	22	1.0
OG_3151	15	16	24	1.0
OG_3152	14	14	19	0.956
OG_3153	14	14	16	1.0
OG_3154	15	17	18	1.0
OG_3155	14	14	15	1.0
OG_3156	11	12	12	1.0
OG_3157	15	16	17	1.0
OG_3158	15	15	24	1.0
OG_3159	15	16	16	1.0
OG_3160	15	15	16	1.0
OG_3161	13	53	62	0.7801
OG_3162	15	16	17	1.0
OG_3163	15	16	16	1.0
OG_3164	15	18	28	1.0
OG_3165	11	11	11	0.8545
OG_3166	9	22	33	0.5541
OG_3167	14	15	15	1.0
OG_3168	13	13	14	1.0
OG_3169	15	19	24	1.0
OG_3170	15	15	16	1.0
OG_3171	14	14	16	1.0
OG_3172	15	15	18	1.0
OG_3173	14	15	17	1.0
OG_3174	15	15	16	1.0
OG_3175	14	20	20	1.0
OG_3176	15	17	21	1.0
OG_3177	9	13	15	1.0
OG_3178	15	15	18	1.0
OG_3179	12	13	14	1.0
OG_3180	15	17	20	1.0
OG_3181	14	14	15	1.0
OG_3182	15	15	21	1.0
OG_3183	13	13	17	1.0
OG_3184	14	14	16	1.0
OG_3185	12	12	15	1.0
OG_3186	11	20	26	0.8211
OG_3187	15	15	15	1.0
OG_3188	15	16	16	1.0
OG_3189	10	10	10	1.0
OG_3190	14	15	15	1.0
OG_3191	15	15	15	1.0
OG_3192	15	18	26	1.0
OG_3193	11	11	19	1.0
OG_3194	13	13	13	1.0
OG_3195	14	14	14	1.0
OG_3196	15	20	36	1.0
OG_3197	15	23	32	0.8419
OG_3198	15	16	18	1.0
OG_3199	15	15	19	1.0
OG_3200	12	13	14	1.0
OG_3201	15	15	15	1.0
OG_3202	11	11	18	1.0
OG_3203	15	17	26	1.0
OG_3204	15	15	16	1.0
OG_3205	13	14	17	1.0
OG_3206	13	15	17	1.0
OG_3207	15	16	18	1.0
OG_3208	14	16	20	1.0
OG_3209	12	15	18	0.7905
OG_3210	10	10	10	1.0
OG_3211	14	14	29	1.0
OG_3212	15	21	24	1.0
OG_3213	15	15	24	1.0
OG_3214	15	15	15	1.0
OG_3215	14	14	14	1.0
OG_3216	14	14	17	1.0
OG_3217	14	14	15	1.0
OG_3218	14	17	21	1.0
OG_3219	15	15	18	1.0
OG_3220	15	16	16	1.0
OG_3221	11	11	15	1.0
OG_3222	14	16	18	1.0
OG_3223	11	12	15	1.0
OG_3224	14	19	19	0.9357
OG_3225	15	18	34	1.0
OG_3226	14	14	16	1.0
OG_3227	13	13	21	1.0
OG_3228	12	12	12	0.8939
OG_3229	12	13	14	1.0
OG_3230	15	19	28	1.0
OG_3231	13	16	20	1.0
OG_3232	15	16	21	1.0
OG_3233	12	25	30	0.95
OG_3234	15	25	27	1.0
OG_3235	11	31	32	1.0
OG_3236	11	17	23	0.8382
OG_3237	15	16	21	1.0
OG_3238	11	11	16	1.0
OG_3239	15	17	18	1.0
OG_3240	15	16	19	1.0
OG_3241	15	15	18	1.0
OG_3242	15	17	19	0.7941
OG_3243	14	16	16	1.0
OG_3244	11	11	11	1.0
OG_3245	12	12	23	1.0
OG_3246	13	13	18	1.0
OG_3247	15	16	23	1.0
OG_3248	12	12	12	1.0
OG_3249	13	13	17	1.0
OG_3250	14	17	19	1.0
OG_3251	15	18	22	1.0
OG_3252	12	12	14	1.0
OG_3253	15	15	17	1.0
OG_3254	10	11	12	1.0
OG_3255	14	22	31	0.8312
OG_3256	13	13	21	1.0
OG_3257	12	14	15	1.0
OG_3258	4	6	6	1.0
OG_3259	11	11	19	1.0
OG_3260	12	17	26	1.0
OG_3261	13	15	18	1.0
OG_3262	11	11	12	1.0
OG_3263	15	17	19	1.0
OG_3264	15	18	22	1.0
OG_3265	14	15	21	1.0
OG_3266	14	19	19	1.0
OG_3267	13	16	28	0.8833
OG_3268	15	15	15	1.0
OG_3269	15	15	22	1.0
OG_3270	12	14	15	1.0
OG_3271	14	15	16	0.9048
OG_3272	14	17	19	1.0
OG_3273	8	16	16	1.0
OG_3274	10	10	10	1.0
OG_3275	15	19	39	0.6667
OG_3276	12	21	22	0.5286
OG_3277	12	16	19	1.0
OG_3278	15	15	19	1.0
OG_3279	13	13	13	1.0
OG_3280	15	17	19	1.0
OG_3281	15	15	16	1.0
OG_3282	13	17	21	1.0
OG_3283	15	18	18	0.7843
OG_3284	14	14	20	1.0
OG_3285	14	14	17	1.0
OG_3286	15	15	25	1.0
OG_3287	15	16	21	1.0
OG_3288	14	17	29	1.0
OG_3289	14	14	15	1.0
OG_3290	15	17	18	1.0
OG_3291	14	14	17	1.0
OG_3292	13	14	15	1.0
OG_3293	14	14	21	1.0
OG_3294	15	15	18	1.0
OG_3295	12	13	13	1.0
OG_3296	13	13	13	1.0
OG_3297	12	12	16	1.0
OG_3298	15	18	24	1.0
OG_3299	15	15	21	1.0
OG_3300	13	14	23	1.0
OG_3301	14	15	27	1.0
OG_3302	13	14	15	1.0
OG_3303	14	16	20	1.0
OG_3304	12	12	12	1.0
OG_3305	14	14	19	1.0
OG_3306	15	15	16	1.0
OG_3307	15	20	31	1.0
OG_3308	15	15	21	1.0
OG_3309	13	13	18	1.0
OG_3310	15	15	22	1.0
OG_3311	13	13	15	1.0
OG_3312	15	17	20	1.0
OG_3313	7	7	7	1.0
OG_3314	13	13	27	1.0
OG_3315	12	12	38	1.0
OG_3316	15	22	26	1.0
OG_3317	15	17	20	1.0
OG_3318	14	14	16	1.0
OG_3319	15	15	18	1.0
OG_3320	14	14	17	1.0
OG_3321	14	14	16	1.0
OG_3322	9	26	38	1.0
OG_3323	11	11	30	1.0
OG_3324	11	47	54	0.8992
OG_3325	10	10	10	1.0
OG_3326	12	12	16	1.0
OG_3327	13	16	35	0.7167
OG_3328	15	15	19	1.0
OG_3329	11	12	14	1.0
OG_3330	15	19	22	1.0
OG_3331	14	17	27	1.0
OG_3332	14	14	17	1.0
OG_3333	14	17	26	0.8897
OG_3334	13	14	17	1.0
OG_3335	14	14	38	1.0
OG_3336	15	15	18	1.0
OG_3337	15	19	24	0.7193
OG_3338	14	17	28	1.0
OG_3339	15	16	16	1.0
OG_3340	15	15	20	1.0
OG_3341	15	17	19	1.0
OG_3342	9	9	9	1.0
OG_3343	13	20	24	1.0
OG_3344	7	7	7	1.0
OG_3345	15	17	17	1.0
OG_3346	11	11	13	1.0
OG_3347	15	16	18	1.0
OG_3348	15	17	17	1.0
OG_3349	11	11	14	1.0
OG_3350	7	7	9	1.0
OG_3351	15	15	15	1.0
OG_3352	13	13	18	1.0
OG_3353	14	14	18	1.0
OG_3354	14	14	16	1.0
OG_3355	15	19	20	1.0
OG_3356	15	40	78	0.8051
OG_3357	13	14	19	1.0
OG_3358	14	20	23	1.0
OG_3359	15	18	27	0.8039
OG_3360	13	14	22	1.0
OG_3361	15	16	23	1.0
OG_3362	14	16	25	1.0
OG_3363	10	14	14	0.9231
OG_3364	14	14	14	1.0
OG_3365	14	14	26	1.0
OG_3366	13	18	23	1.0
OG_3367	15	17	19	1.0
OG_3368	15	26	32	1.0
OG_3369	10	10	15	1.0
OG_3370	11	11	13	1.0
OG_3371	14	14	21	1.0
OG_3372	15	16	18	1.0
OG_3373	14	14	18	1.0
OG_3374	13	13	13	1.0
OG_3375	11	11	12	1.0
OG_3376	9	9	11	1.0
OG_3377	11	11	12	1.0
OG_3378	14	14	16	1.0
OG_3379	13	14	16	1.0
OG_3380	13	13	18	1.0
OG_3381	14	16	18	1.0
OG_3382	12	13	15	1.0
OG_3383	15	20	25	1.0
OG_3384	15	19	22	1.0
OG_3385	14	23	38	1.0
OG_3386	15	21	28	1.0
OG_3387	13	15	16	0.8857
OG_3388	15	15	19	1.0
OG_3389	14	15	22	1.0
OG_3390	15	23	28	1.0
OG_3391	13	13	14	1.0
OG_3392	15	15	19	1.0
OG_3393	13	13	13	1.0
OG_3394	8	8	8	1.0
OG_3395	15	16	25	1.0
OG_3396	5	11	14	1.0
OG_3397	13	13	15	1.0
OG_3398	12	12	12	1.0
OG_3399	13	14	15	1.0
OG_3400	15	17	26	1.0
OG_3401	15	18	31	1.0
OG_3402	15	33	41	1.0
OG_3403	11	11	12	1.0
OG_3404	14	15	16	1.0
OG_3405	12	12	14	1.0
OG_3406	15	16	21	1.0
OG_3407	15	16	24	0.8917
OG_3408	11	12	13	1.0
OG_3409	14	14	17	1.0
OG_3410	8	8	8	1.0
OG_3411	14	18	32	1.0
OG_3412	13	16	27	0.8917
OG_3413	11	12	14	1.0
OG_3414	10	11	16	1.0
OG_3415	14	14	14	1.0
OG_3416	13	55	112	0.7582
OG_3417	7	7	10	1.0
OG_3418	14	14	20	1.0
OG_3419	15	17	22	1.0
OG_3420	14	16	20	1.0
OG_3421	15	18	22	1.0
OG_3422	11	12	13	1.0
OG_3423	15	15	15	1.0
OG_3424	15	15	15	1.0
OG_3425	14	14	17	1.0
OG_3426	12	16	23	1.0
OG_3427	10	10	13	1.0
OG_3428	13	14	27	0.8681
OG_3429	14	14	23	1.0
OG_3430	9	9	10	1.0
OG_3431	13	13	20	1.0
OG_3432	13	15	16	1.0
OG_3433	7	14	19	0.6813
OG_3434	15	16	21	1.0
OG_3435	11	11	13	1.0
OG_3436	15	15	17	1.0
OG_3437	15	16	22	1.0
OG_3438	15	16	18	1.0
OG_3439	15	18	23	1.0
OG_3440	15	17	28	1.0
OG_3441	15	18	22	1.0
OG_3442	14	15	17	1.0
OG_3443	10	10	15	1.0
OG_3444	12	12	12	1.0
OG_3445	15	16	21	1.0
OG_3446	13	40	63	0.9859
OG_3447	9	10	11	1.0
OG_3448	7	7	9	1.0
OG_3449	13	58	74	0.931
OG_3450	6	7	8	1.0
OG_3451	5	5	8	1.0
OG_3452	4	4	5	1.0
OG_3453	6	9	11	1.0
OG_3454	5	11	13	0.5091
OG_3455	4	4	4	1.0
OG_3456	13	15	37	1.0
OG_3457	15	17	19	0.9926
OG_3458	15	19	29	1.0
OG_3459	6	7	7	0.7619
OG_3460	9	19	26	0.9766
OG_3461	8	12	12	1.0
OG_3462	9	106	109	0.4356
OG_3463	14	14	32	1.0
OG_3464	14	326	380	0.107
OG_3465	12	15	17	1.0
OG_3466	7	11	12	0.8364
OG_3467	15	377	395	0.1803
OG_3468	2	5	5	1.0
OG_3469	2	5	6	1.0
OG_3470	15	16	18	0.975
OG_3471	6	7	7	1.0
OG_3472	13	25	27	0.9567
OG_3473	3	4	4	1.0
OG_3474	15	16	18	1.0
OG_3475	10	11	17	1.0
OG_3476	12	47	61	0.9815
OG_3477	15	15	25	1.0
OG_3478	13	14	16	1.0
OG_3479	15	15	17	1.0
OG_3480	3	5	5	1.0
OG_3481	4	9	9	1.0
OG_3482	15	74	95	0.9197
OG_3483	11	11	12	1.0
OG_3484	2	9	14	0.8889
OG_3485	14	53	68	0.7787
OG_3486	12	12	18	1.0
OG_3487	15	16	23	1.0
OG_3488	3	7	7	0.8095
OG_3489	7	21	23	0.9048
OG_3490	12	55	62	0.5737
OG_3491	14	53	61	0.8723
OG_3492	15	445	498	0.1678
OG_3493	13	21	26	0.6143
OG_3494	10	10	12	1.0
OG_3495	2	10	11	0.6889
OG_3496	5	22	23	0.5671
OG_3497	4	7	7	1.0
OG_3498	15	555	767	0.0597
OG_3499	4	5	5	1.0
OG_3500	3	7	7	1.0
OG_3501	15	24	27	0.8406
OG_3502	8	20	22	0.5526
OG_3503	14	36	43	0.9921
OG_3504	13	45	49	0.9545
OG_3505	7	7	7	1.0
OG_3506	7	19	20	0.6725
OG_3507	15	346	447	0.2136
OG_3508	8	9	9	1.0
OG_3509	13	42	43	0.8653
OG_3510	15	262	285	0.2515
OG_3511	15	259	312	0.3976
OG_3512	10	63	87	0.5986
OG_3513	5	5	5	1.0
OG_3514	9	42	53	0.7317
OG_3515	11	11	12	1.0
OG_3516	7	8	9	1.0
OG_3517	14	182	196	0.1267
OG_3518	13	165	197	0.4217
OG_3519	2	7	7	0.9048
OG_3520	14	845	1160	0.0466
OG_3521	4	22	37	0.658
OG_3522	8	9	13	1.0
OG_3523	7	7	7	1.0
OG_3524	15	22	37	0.7186
OG_3525	10	22	26	0.619
OG_3526	8	31	37	0.6473
OG_3527	4	4	5	1.0
OG_3528	15	109	151	0.91
OG_3529	4	4	4	1.0
OG_3530	6	8	10	1.0
OG_3531	15	19	20	0.8012
OG_3532	13	191	220	0.215
OG_3533	13	198	277	0.092
OG_3534	15	37	42	0.8033
OG_3535	15	55	64	0.9475
OG_3536	2	6	6	1.0
OG_3537	10	63	67	0.6493
OG_3538	7	33	45	0.6648
OG_3539	6	17	20	0.7574
OG_3540	8	9	9	1.0
OG_3541	12	290	329	0.1925
OG_3542	15	125	168	0.4782
OG_3543	12	115	175	0.1989
OG_3544	14	24	29	0.7391
OG_3545	14	63	69	0.7977
OG_3546	4	7	7	1.0
OG_3547	11	11	11	1.0
OG_3548	7	52	69	0.2881
OG_3549	8	65	102	0.462
OG_3550	7	123	131	0.218
OG_3551	11	314	572	0.085
OG_3552	15	20	21	0.8211
OG_3553	15	104	117	0.3706
OG_3554	11	11	14	1.0
OG_3555	9	19	19	1.0
OG_3556	15	33	53	0.6742
OG_3557	9	9	9	1.0
OG_3558	3	4	4	1.0
OG_3559	11	12	13	0.8636
OG_3560	6	8	8	1.0
OG_3561	10	10	10	0.9556
OG_3562	8	8	12	1.0
OG_3563	3	8	9	0.7143
OG_3564	5	13	15	1.0
OG_3565	15	289	325	0.3262
OG_3566	15	99	139	0.5673
OG_3567	8	17	17	0.9118
OG_3568	3	4	4	1.0
OG_3569	11	56	68	0.6188
OG_3570	13	38	40	0.926
OG_3571	12	12	15	1.0
OG_3572	15	329	405	0.2423
OG_3573	14	378	509	0.1302
OG_3574	11	11	13	1.0
OG_3575	12	13	13	1.0
OG_3576	4	20	29	0.7684
OG_3577	15	15	17	1.0
OG_3578	12	14	16	1.0
OG_3579	15	19	23	0.9825
OG_3580	14	15	19	1.0
OG_3581	14	14	17	1.0
OG_3582	14	17	23	0.9044
OG_3583	4	6	6	1.0
OG_3584	6	7	9	1.0
OG_3585	15	15	19	1.0
OG_3586	10	16	19	0.725
OG_3587	8	8	9	1.0
OG_3588	8	11	14	1.0
OG_3589	6	57	80	0.4336
OG_3590	15	299	368	0.2508
OG_3591	15	15	17	1.0
OG_3592	12	101	151	0.3042
OG_3593	15	531	653	0.0721
OG_3594	6	24	28	0.9203
OG_3595	15	18	26	1.0
OG_3596	10	12	15	0.7273
OG_3597	13	17	21	1.0
OG_3598	7	17	21	0.7426
OG_3599	4	10	12	0.8667
OG_3600	15	337	486	0.1786
OG_3601	3	6	6	1.0
OG_3602	15	20	33	0.8105
OG_3603	11	11	12	1.0
OG_3604	8	8	9	1.0
OG_3605	11	13	19	0.9487
OG_3606	14	543	728	0.081
OG_3607	12	12	13	1.0
OG_3608	10	10	10	1.0
OG_3609	14	131	151	0.5631
OG_3610	15	188	227	0.5773
OG_3611	6	22	26	0.7446
OG_3612	13	15	15	0.8857
OG_3613	8	29	29	0.9261
OG_3614	13	15	15	1.0
OG_3615	15	342	395	0.0998
OG_3616	12	69	168	0.792
OG_3617	7	8	8	0.8929
OG_3618	11	11	11	1.0
OG_3619	14	15	15	1.0
OG_3620	6	6	6	1.0
OG_3621	6	8	10	1.0
OG_3622	13	14	15	0.9121
OG_3623	14	15	17	1.0
OG_3624	12	16	17	1.0
OG_3625	4	4	4	1.0
OG_3626	12	14	14	0.989
OG_3627	15	115	154	0.8304
OG_3628	8	9	9	1.0
OG_3629	5	18	21	0.902
OG_3630	12	13	17	0.9487
OG_3631	3	4	4	1.0
OG_3632	12	13	14	1.0
OG_3633	2	4	5	0.8333
OG_3634	14	26	46	0.6862
OG_3635	14	176	212	0.6169
OG_3636	10	21	23	1.0
OG_3637	7	7	7	1.0
OG_3638	7	7	8	1.0
OG_3639	14	64	85	0.9921
OG_3640	9	9	10	1.0
OG_3641	15	15	15	1.0
OG_3642	15	86	102	0.7984
OG_3643	7	14	14	0.9011
OG_3644	11	77	109	0.7163
OG_3645	15	18	22	0.9608
OG_3646	12	12	14	1.0
OG_3647	15	26	32	0.9754
OG_3648	9	12	14	0.8182
OG_3649	6	11	12	0.9818
OG_3650	14	14	32	1.0
OG_3651	15	157	254	0.3231
OG_3652	15	15	18	1.0
OG_3653	11	12	14	1.0
OG_3654	7	10	10	1.0
OG_3655	12	53	58	0.8331
OG_3656	10	25	29	0.9967
OG_3657	6	6	6	1.0
OG_3658	6	7	9	1.0
OG_3659	11	11	17	1.0
OG_3660	12	13	15	1.0
OG_3661	11	14	15	0.9231
OG_3662	12	12	12	1.0
OG_3663	8	9	16	1.0
OG_3664	14	215	271	0.1294
OG_3665	6	6	6	1.0
OG_3666	14	14	18	1.0
OG_3667	7	48	51	0.6046
OG_3668	3	5	5	1.0
OG_3669	8	13	13	0.9359
OG_3670	7	19	22	1.0
OG_3671	4	9	9	1.0
OG_3672	15	15	16	1.0
OG_3673	15	824	1228	0.0428
OG_3674	14	93	106	0.4717
OG_3675	8	69	83	0.3879
OG_3676	15	16	16	1.0
OG_3677	15	42	47	0.935
OG_3678	6	10	10	0.5778
OG_3679	5	9	9	1.0
OG_3680	12	13	16	1.0
OG_3681	8	8	8	1.0
OG_3682	10	20	24	0.5789
OG_3683	7	8	8	1.0
OG_3684	13	13	16	1.0
OG_3685	9	13	15	1.0
OG_3686	13	16	26	0.9833
OG_3687	15	20	24	0.9368
OG_3688	11	11	24	1.0
OG_3689	9	9	9	1.0
OG_3690	14	29	49	0.8768
OG_3691	5	5	5	1.0
OG_3692	11	16	17	1.0
OG_3693	14	15	18	1.0
OG_3694	15	19	45	0.9415
OG_3695	14	15	21	1.0
OG_3696	5	14	14	0.5824
OG_3697	15	22	34	0.6667
OG_3698	13	50	78	0.7992
OG_3699	9	38	50	0.5661
OG_3700	15	25	53	0.91
OG_3701	8	41	53	0.611
OG_3702	15	198	260	0.3277
OG_3703	9	14	16	0.9341
OG_3704	15	20	24	0.7632
OG_3705	7	10	10	1.0
OG_3706	15	18	21	1.0
OG_3707	15	82	96	0.9795
OG_3708	12	13	14	1.0
OG_3709	8	8	8	1.0
OG_3710	14	203	230	0.5227
OG_3711	12	44	63	0.6195
OG_3712	9	10	10	1.0
OG_3713	9	9	9	1.0
OG_3714	14	14	19	1.0
OG_3715	14	15	26	1.0
OG_3716	7	8	9	1.0
OG_3717	7	7	7	1.0
OG_3718	13	13	14	1.0
OG_3719	14	14	14	1.0
OG_3720	13	13	14	1.0
OG_3721	14	17	36	0.9779
OG_3722	12	12	13	1.0
OG_3723	11	11	14	1.0
OG_3724	10	10	10	1.0
OG_3725	8	8	9	1.0
OG_3726	15	16	22	1.0
OG_3727	8	8	14	1.0
OG_3728	11	35	37	0.9008
OG_3729	11	93	128	0.2658
OG_3730	7	29	31	0.6429
OG_3731	10	10	10	1.0
OG_3732	14	19	23	0.9181
OG_3733	13	19	27	0.7895
OG_3734	14	14	20	1.0
OG_3735	15	27	33	0.6923
OG_3736	8	18	26	1.0
OG_3737	5	7	9	1.0
OG_3738	13	73	83	0.8234
OG_3739	15	17	18	0.7647
OG_3740	15	15	17	1.0
OG_3741	13	13	16	1.0
OG_3742	8	18	21	1.0
OG_3743	15	572	735	0.1574
OG_3744	9	63	68	0.3328
OG_3745	15	169	193	0.5997
OG_3746	14	25	27	0.6133
OG_3747	14	98	107	0.6331
OG_3748	14	88	114	0.5204
OG_3749	8	42	43	0.5935
OG_3750	5	11	11	1.0
OG_3751	12	12	13	1.0
OG_3752	10	10	15	1.0
OG_3753	11	12	14	1.0
OG_3754	9	9	9	1.0
OG_3755	6	24	54	0.6558
OG_3756	8	10	10	1.0
OG_3757	15	74	83	0.6031
OG_3758	8	18	18	1.0
OG_3759	15	148	184	0.5649
OG_3760	15	15	16	1.0
OG_3761	15	15	16	1.0
OG_3762	11	13	15	0.859
OG_3763	4	11	11	0.8182
OG_3764	3	8	9	0.5357
OG_3765	11	53	65	0.4245
OG_3766	14	55	65	0.9138
OG_3767	9	9	9	1.0
OG_3768	4	4	4	1.0
OG_3769	10	23	28	0.9328
OG_3770	13	244	301	0.3428
OG_3771	15	401	485	0.2393
OG_3772	7	15	16	1.0
OG_3773	4	4	4	1.0
OG_3774	12	13	15	0.7692
OG_3775	11	13	14	0.7692
OG_3776	10	10	13	1.0
OG_3777	12	76	93	0.7895
OG_3778	13	13	13	1.0
OG_3779	3	11	11	0.7455
OG_3780	2	11	12	0.7091
OG_3781	6	10	15	1.0
OG_3782	13	14	14	1.0
OG_3783	13	13	28	1.0
OG_3784	13	134	165	0.176
OG_3785	15	16	32	1.0
OG_3786	11	11	15	1.0
OG_3787	14	15	16	0.8762
OG_3788	15	79	111	0.8491
OG_3789	10	11	14	1.0
OG_3790	12	58	70	0.7992
OG_3791	9	85	94	0.2521
OG_3792	11	51	53	0.6659
OG_3793	13	14	17	0.8681
OG_3794	5	11	11	1.0
OG_3795	5	5	5	1.0
OG_3796	15	16	19	1.0
OG_3797	11	55	58	0.5037
OG_3798	3	4	4	1.0
OG_3799	15	234	265	0.2443
OG_3800	7	10	11	0.5778
OG_3801	15	15	19	1.0
OG_3802	8	15	15	1.0
OG_3803	5	5	5	1.0
OG_3804	15	15	48	1.0
OG_3805	5	7	8	1.0
OG_3806	15	18	23	0.8954
OG_3807	6	9	10	1.0
OG_3808	15	15	18	1.0
OG_3809	12	12	12	1.0
OG_3810	8	32	36	0.5847
OG_3811	12	24	24	0.6159
OG_3812	5	5	5	1.0
OG_3813	6	6	11	1.0
OG_3814	14	27	49	0.9031
OG_3815	2	3	3	1.0
OG_3816	11	12	15	1.0
OG_3817	7	67	76	0.7105
OG_3818	15	34	40	0.4563
OG_3819	6	10	10	1.0
OG_3820	5	5	5	1.0
OG_3821	14	37	42	0.8018
OG_3822	15	525	737	0.0601
OG_3823	5	14	17	1.0
OG_3824	15	21	28	1.0
OG_3825	11	12	15	0.7727
OG_3826	15	293	342	0.298
OG_3827	15	37	42	0.9444
OG_3828	14	18	20	1.0
OG_3829	10	54	63	0.4682
OG_3830	15	18	22	0.8954
OG_3831	3	14	16	0.978
OG_3832	9	9	12	1.0
OG_3833	13	13	17	1.0
OG_3834	2	8	8	0.9286
OG_3835	8	8	8	1.0
OG_3836	8	8	8	1.0
OG_3837	14	15	15	1.0
OG_3838	10	108	152	0.3522
OG_3839	4	4	4	1.0
OG_3840	10	13	13	0.641
OG_3841	10	24	24	0.9529
OG_3842	11	46	53	0.5198
OG_3843	5	32	32	0.6169
OG_3844	14	113	119	0.4667
OG_3845	15	26	65	0.7169
OG_3846	11	150	169	0.1372
OG_3847	15	390	553	0.0724
OG_3848	13	13	23	1.0
OG_3849	13	89	178	0.4397
OG_3850	13	56	65	0.8753
OG_3851	7	8	13	1.0
OG_3852	13	15	17	0.9905
OG_3853	15	15	17	1.0
OG_3854	3	28	48	0.328
OG_3855	11	65	67	0.4221
OG_3856	6	23	38	0.4625
OG_3857	8	8	8	1.0
OG_3858	15	19	34	0.8538
OG_3859	5	5	5	1.0
OG_3860	13	32	51	0.623
OG_3861	10	14	15	1.0
OG_3862	13	15	16	1.0
OG_3863	6	13	13	1.0
OG_3864	13	21	23	0.8429
OG_3865	11	12	13	0.9697
OG_3866	14	15	17	1.0
OG_3867	3	7	7	0.9048
OG_3868	15	19	25	1.0
OG_3869	11	73	85	0.473
OG_3870	12	63	116	0.5049
OG_3871	9	12	12	0.8636
OG_3872	9	10	12	1.0
OG_3873	14	52	70	0.7059
OG_3874	12	12	13	1.0
OG_3875	4	4	5	1.0
OG_3876	15	236	325	0.5523
OG_3877	11	16	18	0.825
OG_3878	6	6	6	1.0
OG_3879	8	31	35	0.6731
OG_3880	9	10	10	1.0
OG_3881	8	15	17	0.6476
OG_3882	4	16	17	0.625
OG_3883	14	89	103	0.2551
OG_3884	11	16	16	0.7083
OG_3885	12	12	26	1.0
OG_3886	3	14	36	0.7363
OG_3887	15	21	23	0.719
OG_3888	9	14	16	1.0
OG_3889	14	27	31	1.0
OG_3890	2	5	10	1.0
OG_3891	10	16	20	0.8833
OG_3892	13	62	77	0.8038
OG_3893	11	12	13	1.0
OG_3894	13	98	118	0.6057
OG_3895	9	63	63	0.5371
OG_3896	14	14	19	0.989
OG_3897	15	15	15	1.0
OG_3898	11	31	32	0.914
OG_3899	5	5	5	1.0
OG_3900	14	26	28	0.5015
OG_3901	11	11	11	1.0
OG_3902	13	17	26	0.8897
OG_3903	2	2	2	1.0
OG_3904	5	24	24	0.5362
OG_3905	14	20	22	0.8684
OG_3906	2	7	7	1.0
OG_3907	11	11	20	1.0
OG_3908	8	15	17	0.981
OG_3909	8	13	14	1.0
OG_3910	9	29	36	0.9631
OG_3911	10	10	10	0.9111
OG_3912	10	13	14	0.8333
OG_3913	13	53	67	0.844
OG_3914	12	12	14	0.7424
OG_3915	15	17	23	1.0
OG_3916	5	5	5	1.0
OG_3917	15	16	23	1.0
OG_3918	2	4	4	1.0
OG_3919	2	4	4	1.0
OG_3920	8	13	13	1.0
OG_3921	14	75	88	0.4479
OG_3922	14	90	98	0.5476
OG_3923	6	16	16	0.7833
OG_3924	13	341	401	0.1174
OG_3925	6	11	13	0.6909
OG_3926	13	182	261	0.201
OG_3927	15	15	15	1.0
OG_3928	13	134	194	0.3126
OG_3929	5	5	5	1.0
OG_3930	14	276	356	0.2723
OG_3931	7	10	11	1.0
OG_3932	12	25	28	1.0
OG_3933	4	9	10	0.7222
OG_3934	12	12	17	1.0
OG_3935	13	16	26	0.825
OG_3936	11	13	14	0.7949
OG_3937	13	14	22	1.0
OG_3938	2	4	4	1.0
OG_3939	15	178	251	0.4743
OG_3940	13	18	19	1.0
OG_3941	14	206	368	0.2542
OG_3942	2	5	5	1.0
OG_3943	14	17	25	0.6765
OG_3944	12	49	54	0.5408
OG_3945	2	7	8	0.8095
OG_3946	9	15	15	0.581
OG_3947	15	246	285	0.2793
OG_3948	12	12	20	1.0
OG_3949	10	12	14	1.0
OG_3950	10	34	40	0.6096
OG_3951	13	134	221	0.5704
OG_3952	13	15	15	1.0
OG_3953	8	8	8	1.0
OG_3954	15	19	21	0.8713
OG_3955	15	65	70	0.7231
OG_3956	3	5	5	0.9
OG_3957	6	17	18	0.7868
OG_3958	10	13	13	1.0
OG_3959	8	11	12	1.0
OG_3960	14	14	16	1.0
OG_3961	9	34	48	0.8966
OG_3962	12	17	27	1.0
OG_3963	12	12	14	1.0
OG_3964	12	130	143	0.4533
OG_3965	15	156	196	0.569
OG_3966	14	110	132	0.5521
OG_3967	15	160	224	0.2094
OG_3968	4	4	4	1.0
OG_3969	11	16	20	1.0
OG_3970	15	51	69	0.4102
OG_3971	11	33	81	0.9223
OG_3972	13	15	20	0.7714
OG_3973	10	10	14	1.0
OG_3974	11	11	11	1.0
OG_3975	14	64	91	0.5833
OG_3976	11	11	11	0.9273
OG_3977	8	67	75	0.3275
OG_3978	12	12	14	0.9242
OG_3979	6	7	11	1.0
OG_3980	14	471	623	0.0797
OG_3981	10	41	43	0.4902
OG_3982	5	6	8	1.0
OG_3983	10	16	23	0.85
OG_3984	7	7	7	1.0
OG_3985	15	15	16	1.0
OG_3986	9	9	12	1.0
OG_3987	12	13	15	1.0
OG_3988	13	39	46	0.753
OG_3989	8	8	8	1.0
OG_3990	12	44	52	0.9841
OG_3991	2	4	10	1.0
OG_3992	15	16	22	0.8417
OG_3993	11	16	18	0.6833
OG_3994	7	39	84	0.4467
OG_3995	15	28	30	0.9656
OG_3996	11	56	61	0.5825
OG_3997	3	8	8	0.9643
OG_3998	6	8	11	1.0
OG_3999	12	155	184	0.3641
OG_4000	15	279	331	0.2973
OG_4001	12	17	18	0.6176
OG_4002	11	15	18	0.6952
OG_4003	15	58	75	0.9649
OG_4004	14	15	19	0.9905
OG_4005	14	16	17	1.0
OG_4006	13	71	97	0.4366
OG_4007	13	133	159	0.4101
OG_4008	15	388	499	0.2029
OG_4009	7	18	26	0.8235
OG_4010	9	9	9	1.0
OG_4011	13	13	16	1.0
OG_4012	11	31	68	0.8559
OG_4013	5	18	31	0.7974
OG_4014	14	75	84	0.7589
OG_4015	12	12	12	1.0
OG_4016	10	12	15	1.0
OG_4017	4	7	7	0.619
OG_4018	6	26	28	0.6123
OG_4019	15	169	226	0.4429
OG_4020	15	15	17	1.0
OG_4021	12	69	73	0.6692
OG_4022	15	846	1244	0.0347
OG_4023	10	78	97	0.347
OG_4024	8	53	57	0.4717
OG_4025	4	17	18	0.8456
OG_4026	12	39	56	0.9906
OG_4027	8	34	38	0.303
OG_4028	14	97	125	0.6695
OG_4029	14	119	160	0.3173
OG_4030	14	15	15	1.0
OG_4031	15	23	27	0.917
OG_4032	13	188	247	0.389
OG_4033	15	301	363	0.174
OG_4034	15	126	145	0.8079
OG_4035	4	4	4	1.0
OG_4036	13	14	20	0.7802
OG_4037	14	18	31	0.6536
OG_4038	12	13	17	0.8718
OG_4039	15	23	27	0.9802
OG_4040	7	9	10	0.9444
OG_4041	14	14	15	0.8681
OG_4042	15	362	407	0.3277
OG_4043	15	38	47	0.3257
OG_4044	4	5	5	1.0
OG_4045	7	28	76	0.7831
OG_4046	15	15	16	1.0
OG_4047	13	24	36	0.9529
OG_4048	13	13	13	1.0
OG_4049	6	18	28	0.8039
OG_4050	11	57	79	0.5219
OG_4051	3	6	6	1.0
OG_4052	13	28	38	1.0
OG_4053	12	12	13	1.0
OG_4054	3	3	3	1.0
OG_4055	15	150	165	0.5165
OG_4056	4	11	12	0.7091
OG_4057	7	7	7	1.0
OG_4058	9	9	10	1.0
OG_4059	13	14	18	1.0
OG_4060	15	86	98	0.5412
OG_4061	10	34	40	0.7611
OG_4062	14	18	22	0.6209
OG_4063	5	7	8	1.0
OG_4064	5	5	5	1.0
OG_4065	9	19	20	0.4444
OG_4066	15	278	334	0.2469
OG_4067	14	27	36	1.0
OG_4068	15	25	35	0.9667
OG_4069	15	210	231	0.5041
OG_4070	15	16	19	0.9417
OG_4071	12	316	430	0.1524
OG_4072	11	11	14	1.0
OG_4073	14	186	287	0.2152
OG_4074	15	15	16	1.0
OG_4075	7	13	13	1.0
OG_4076	8	10	12	1.0
OG_4077	9	22	30	0.8485
OG_4078	14	450	600	0.1479
OG_4079	9	12	12	1.0
OG_4080	7	7	8	1.0
OG_4081	6	6	6	1.0
OG_4082	15	16	24	0.9083
OG_4083	8	26	26	1.0
OG_4084	15	30	50	0.9632
OG_4085	6	14	16	0.978
OG_4086	11	108	116	0.4579
OG_4087	10	18	19	0.8105
OG_4088	10	10	10	1.0
OG_4089	10	10	10	1.0
OG_4090	12	13	14	0.9872
OG_4091	5	23	25	0.6996
OG_4092	10	12	12	1.0
OG_4093	7	7	7	1.0
OG_4094	8	42	51	0.338
OG_4095	3	16	17	0.7833
OG_4096	4	5	5	1.0
OG_4097	13	51	75	0.9906
OG_4098	11	11	12	1.0
OG_4099	7	15	15	0.8857
OG_4100	2	3	3	1.0
OG_4101	11	14	19	1.0
OG_4102	10	34	49	0.549
OG_4103	10	39	42	0.3603
OG_4104	8	8	8	1.0
OG_4105	7	19	21	0.6023
OG_4106	12	69	72	0.2178
OG_4107	10	10	13	1.0
OG_4108	14	14	14	1.0
OG_4109	15	17	18	1.0
OG_4110	12	54	81	0.768
OG_4111	4	13	13	0.4744
OG_4112	4	4	4	1.0
OG_4113	14	268	288	0.2117
OG_4114	15	72	78	0.8854
OG_4115	10	10	17	1.0
OG_4116	7	22	26	0.4632
OG_4117	8	8	9	1.0
OG_4118	8	15	18	0.8667
OG_4119	10	33	35	0.7689
OG_4120	13	13	17	1.0
OG_4121	15	155	204	0.5158
OG_4122	14	17	23	0.9853
OG_4123	13	17	20	0.9779
OG_4124	11	38	44	0.9075
OG_4125	4	21	27	0.7571
OG_4126	9	23	27	1.0
OG_4127	14	452	502	0.0832
OG_4128	9	9	9	1.0
OG_4129	10	12	12	0.9848
OG_4130	8	28	29	0.6958
OG_4131	13	16	17	1.0
OG_4132	2	6	6	1.0
OG_4133	13	94	121	0.2583
OG_4134	10	10	10	1.0
OG_4135	10	61	98	0.2716
OG_4136	13	45	48	0.8162
OG_4137	12	12	12	1.0
OG_4138	12	12	12	1.0
OG_4139	10	21	30	0.7524
OG_4140	4	8	8	1.0
OG_4141	13	94	113	0.3937
OG_4142	12	93	150	0.4596
OG_4143	10	79	105	0.4589
OG_4144	15	18	20	1.0
OG_4145	15	15	25	1.0
OG_4146	9	83	94	0.3994
OG_4147	3	7	7	0.8095
OG_4148	11	12	13	1.0
OG_4149	4	9	9	1.0
OG_4150	14	14	16	1.0
OG_4151	10	11	11	1.0
OG_4152	10	10	10	1.0
OG_4153	10	10	31	1.0
OG_4154	12	187	255	0.0871
OG_4155	4	5	5	1.0
OG_4156	15	15	17	1.0
OG_4157	14	14	21	1.0
OG_4158	6	12	15	0.6515
OG_4159	8	10	10	1.0
OG_4160	9	19	19	0.7719
OG_4161	14	53	56	0.8679
OG_4162	4	9	10	0.6667
OG_4163	11	12	13	1.0
OG_4164	6	6	6	1.0
OG_4165	4	9	9	1.0
OG_4166	11	11	13	1.0
OG_4167	6	17	17	0.9118
OG_4168	7	9	12	1.0
OG_4169	15	168	210	0.3112
OG_4170	6	39	40	0.5924
OG_4171	13	17	19	1.0
OG_4172	15	16	18	0.9917
OG_4173	11	11	15	1.0
OG_4174	14	15	15	0.8857
OG_4175	6	15	15	0.981
OG_4176	11	72	84	0.3756
OG_4177	5	10	10	1.0
OG_4178	13	110	127	0.5623
OG_4179	11	24	31	0.8406
OG_4180	14	94	109	0.7149
OG_4181	14	19	21	1.0
OG_4182	10	16	18	0.625
OG_4183	14	36	44	0.6302
OG_4184	7	9	9	1.0
OG_4185	11	14	14	1.0
OG_4186	15	18	20	1.0
OG_4187	4	13	14	0.8333
OG_4188	8	15	15	0.8381
OG_4189	11	88	102	0.5567
OG_4190	4	7	12	1.0
OG_4191	6	6	10	1.0
OG_4192	10	14	17	1.0
OG_4193	10	11	11	0.8364
OG_4194	14	14	17	1.0
OG_4195	15	20	45	0.6737
OG_4196	15	20	27	1.0
OG_4197	7	11	14	1.0
OG_4198	15	21	24	0.981
OG_4199	15	358	546	0.2318
OG_4200	13	15	23	1.0
OG_4201	12	12	13	1.0
OG_4202	10	11	12	1.0
OG_4203	9	11	11	1.0
OG_4204	6	9	9	1.0
OG_4205	12	16	18	0.9167
OG_4206	13	14	16	1.0
OG_4207	5	6	7	1.0
OG_4208	12	19	19	0.7193
OG_4209	7	8	9	1.0
OG_4210	12	74	92	0.5846
OG_4211	11	11	12	1.0
OG_4212	13	13	15	1.0
OG_4213	7	9	11	1.0
OG_4214	6	6	6	1.0
OG_4215	13	15	19	0.9905
OG_4216	15	15	16	1.0
OG_4217	15	42	69	0.6307
OG_4218	9	10	21	1.0
OG_4219	11	12	12	1.0
OG_4220	8	8	8	1.0
OG_4221	10	10	10	1.0
OG_4222	12	67	76	0.6092
OG_4223	10	12	12	1.0
OG_4224	14	15	18	1.0
OG_4225	2	6	6	1.0
OG_4226	12	113	158	0.1873
OG_4227	14	702	1038	0.0473
OG_4228	5	11	12	0.4909
OG_4229	15	15	18	1.0
OG_4230	5	6	6	1.0
OG_4231	15	24	28	1.0
OG_4232	14	20	29	0.7474
OG_4233	10	28	35	0.9074
OG_4234	15	16	30	1.0
OG_4235	11	13	23	1.0
OG_4236	13	92	135	0.5244
OG_4237	12	23	25	0.6087
OG_4238	6	7	7	1.0
OG_4239	12	17	17	0.9265
OG_4240	9	57	59	0.5313
OG_4241	3	5	5	1.0
OG_4242	14	31	36	0.4022
OG_4243	15	25	34	0.7767
OG_4244	7	9	9	0.6667
OG_4245	15	139	250	0.4311
OG_4246	4	5	5	1.0
OG_4247	12	145	166	0.2167
OG_4248	15	22	35	0.5455
OG_4249	15	17	24	0.8676
OG_4250	12	12	13	1.0
OG_4251	15	254	305	0.249
OG_4252	11	11	13	1.0
OG_4253	14	15	24	1.0
OG_4254	12	22	61	0.8528
OG_4255	15	264	335	0.2293
OG_4256	14	15	17	1.0
OG_4257	11	41	51	0.7878
OG_4258	14	61	70	0.7202
OG_4259	11	31	32	0.5355
OG_4260	13	19	44	0.8246
OG_4261	12	187	224	0.1883
OG_4262	9	52	75	0.6071
OG_4263	9	9	9	1.0
OG_4264	14	15	25	1.0
OG_4265	11	37	54	0.7477
OG_4266	13	14	17	1.0
OG_4267	13	38	50	0.7283
OG_4268	13	13	14	1.0
OG_4269	7	40	81	0.6013
OG_4270	9	27	27	0.9943
OG_4271	7	23	23	0.7628
OG_4272	15	21	29	0.9762
OG_4273	13	14	24	0.8901
OG_4274	9	63	65	0.3103
OG_4275	7	29	37	1.0
OG_4276	11	11	11	1.0
OG_4277	14	16	24	0.8333
OG_4278	5	8	9	0.7857
OG_4279	6	8	13	1.0
OG_4280	7	22	22	0.7316
OG_4281	5	6	6	1.0
OG_4282	14	14	17	1.0
OG_4283	10	51	74	0.9294
OG_4284	3	5	5	1.0
OG_4285	12	17	19	1.0
OG_4286	7	16	17	0.825
OG_4287	15	16	35	0.85
OG_4288	10	10	11	1.0
OG_4289	14	22	26	1.0
OG_4290	8	84	88	0.2762
OG_4291	14	113	175	0.3159
OG_4292	10	40	58	0.4564
OG_4293	9	61	83	0.312
OG_4294	11	29	31	0.8374
OG_4295	14	18	18	1.0
OG_4296	11	11	12	1.0
OG_4297	12	12	51	1.0
OG_4298	10	13	16	1.0
OG_4299	11	89	94	0.2204
OG_4300	14	16	19	1.0
OG_4301	11	14	16	0.8242
OG_4302	15	75	89	0.8159
OG_4303	3	8	8	1.0
OG_4304	13	24	30	0.529
OG_4305	13	29	29	1.0
OG_4306	15	15	18	1.0
OG_4307	15	17	22	0.9926
OG_4308	9	10	11	1.0
OG_4309	4	5	6	1.0
OG_4310	15	15	18	1.0
OG_4311	5	11	15	0.8909
OG_4312	6	6	6	1.0
OG_4313	11	11	15	1.0
OG_4314	12	48	50	0.5709
OG_4315	2	11	22	0.7455
OG_4316	7	21	24	0.9905
OG_4317	15	17	21	0.9191
OG_4318	4	4	4	1.0
OG_4319	4	15	34	0.8667
OG_4320	15	261	348	0.2024
OG_4321	8	11	11	1.0
OG_4322	7	7	7	1.0
OG_4323	7	9	9	1.0
OG_4324	15	281	349	0.4333
OG_4325	6	26	31	0.9815
OG_4326	11	11	11	1.0
OG_4327	11	77	117	0.4272
OG_4328	12	105	130	0.5445
OG_4329	14	60	65	0.8734
OG_4330	5	7	9	1.0
OG_4331	15	418	603	0.0942
OG_4332	7	47	59	0.4727
OG_4333	15	33	53	0.6364
OG_4334	15	194	222	0.3392
OG_4335	13	13	14	0.859
OG_4336	13	68	75	0.9745
OG_4337	12	53	59	0.7025
OG_4338	4	5	6	1.0
OG_4339	15	17	17	0.9265
OG_4340	11	25	28	1.0
OG_4341	15	16	17	1.0
OG_4342	9	56	83	0.4662
OG_4343	12	25	28	0.9533
OG_4344	10	42	57	0.7816
OG_4345	14	66	81	0.5114
OG_4346	15	16	23	1.0
OG_4347	15	147	195	0.6449
OG_4348	14	16	17	0.8167
OG_4349	14	177	221	0.5726
OG_4350	14	20	28	1.0
OG_4351	14	41	48	0.7537
OG_4352	11	23	23	0.9723
OG_4353	11	13	13	1.0
OG_4354	9	9	10	1.0
OG_4355	12	12	15	1.0
OG_4356	7	7	9	1.0
OG_4357	15	348	530	0.2648
OG_4358	10	45	54	0.8869
OG_4359	7	7	8	1.0
OG_4360	7	7	7	1.0
OG_4361	15	17	22	1.0
OG_4362	15	16	38	0.8833
OG_4363	12	32	35	0.994
OG_4364	15	140	172	0.4784
OG_4365	11	11	12	1.0
OG_4366	12	84	114	0.7229
OG_4367	10	13	14	0.8718
OG_4368	13	14	26	0.9341
OG_4369	6	13	26	1.0
OG_4370	14	14	16	1.0
OG_4371	9	9	9	1.0
OG_4372	15	303	453	0.1367
OG_4373	4	4	4	1.0
OG_4374	8	8	8	1.0
OG_4375	12	21	23	0.7857
OG_4376	15	22	24	0.8571
OG_4377	2	13	13	0.6026
OG_4378	7	7	7	1.0
OG_4379	11	12	12	0.7273
OG_4380	13	17	21	1.0
OG_4381	6	6	6	1.0
OG_4382	5	5	5	1.0
OG_4383	14	19	21	0.9942
OG_4384	14	184	208	0.2223
OG_4385	5	5	5	1.0
OG_4386	12	60	65	0.4525
OG_4387	13	68	76	0.5097
OG_4388	9	9	10	1.0
OG_4389	13	92	105	0.9393
OG_4390	6	6	6	1.0
OG_4391	11	12	13	0.9697
OG_4392	12	21	26	0.6429
OG_4393	7	34	40	0.6952
OG_4394	12	260	371	0.1818
OG_4395	12	13	19	1.0
OG_4396	15	20	25	0.8211
OG_4397	14	16	25	0.9417
OG_4398	11	65	83	0.463
OG_4399	15	29	34	0.9015
OG_4400	15	163	294	0.6085
OG_4401	5	8	8	1.0
OG_4402	15	17	21	1.0
OG_4403	14	16	16	0.8417
OG_4404	7	7	7	1.0
OG_4405	14	14	18	1.0
OG_4406	6	7	7	1.0
OG_4407	2	4	5	1.0
OG_4408	12	12	23	1.0
OG_4409	2	4	4	1.0
OG_4410	10	11	12	0.6909
OG_4411	6	15	19	0.8
OG_4412	2	11	12	0.7273
OG_4413	12	20	23	0.8526
OG_4414	14	195	307	0.2284
OG_4415	12	50	58	0.9722
OG_4416	10	10	20	1.0
OG_4417	14	14	19	1.0
OG_4418	7	34	35	0.2602
OG_4419	10	10	12	1.0
OG_4420	15	111	134	0.6431
OG_4421	13	13	14	1.0
OG_4422	14	110	114	0.5863
OG_4423	10	10	10	1.0
OG_4424	7	22	26	0.6667
OG_4425	6	6	6	1.0
OG_4426	12	19	25	0.9123
OG_4427	13	196	245	0.3878
OG_4428	3	11	18	0.6182
OG_4429	3	6	6	1.0
OG_4430	4	6	6	1.0
OG_4431	13	156	183	0.1637
OG_4432	14	14	16	1.0
OG_4433	9	13	13	0.5385
OG_4434	8	30	35	0.8759
OG_4435	14	14	14	1.0
OG_4436	13	67	80	0.791
OG_4437	12	12	14	1.0
OG_4438	6	6	7	1.0
OG_4439	5	6	7	1.0
OG_4440	10	15	19	1.0
OG_4441	15	15	16	1.0
OG_4442	2	3	3	1.0
OG_4443	6	6	8	1.0
OG_4444	4	11	20	0.9091
OG_4445	15	15	15	1.0
OG_4446	12	14	23	0.6813
OG_4447	15	179	260	0.3243
OG_4448	13	15	24	0.981
OG_4449	4	4	4	1.0
OG_4450	6	6	6	1.0
OG_4451	7	9	9	0.8333
OG_4452	13	14	27	0.9451
OG_4453	14	121	153	0.408
OG_4454	9	9	9	1.0
OG_4455	6	8	10	1.0
OG_4456	6	6	7	1.0
OG_4457	15	78	102	0.5768
OG_4458	15	449	543	0.175
OG_4459	3	10	14	0.6
OG_4460	6	17	24	0.875
OG_4461	8	8	12	1.0
OG_4462	13	29	50	0.5714
OG_4463	2	15	16	0.8857
OG_4464	7	8	8	1.0
OG_4465	6	12	14	0.9242
OG_4466	15	15	52	1.0
OG_4467	14	27	31	0.5812
OG_4468	7	10	10	1.0
OG_4469	5	12	12	0.8788
OG_4470	4	9	9	0.9722
OG_4471	14	15	16	1.0
OG_4472	10	22	23	1.0
OG_4473	10	10	10	1.0
OG_4474	12	12	14	1.0
OG_4475	14	15	19	0.9143
OG_4476	10	103	136	0.2212
OG_4477	13	230	246	0.2278
OG_4478	7	20	25	0.6895
OG_4479	13	16	18	1.0
OG_4480	12	13	18	1.0
OG_4481	9	9	10	1.0
OG_4482	15	17	28	0.9632
OG_4483	11	33	35	0.9394
OG_4484	13	22	31	0.684
OG_4485	15	20	25	1.0
OG_4486	13	18	18	1.0
OG_4487	12	14	17	0.7253
OG_4488	12	18	19	0.6078
OG_4489	10	59	88	0.8837
OG_4490	13	262	304	0.224
OG_4491	11	14	40	0.7143
OG_4492	7	9	11	1.0
OG_4493	5	14	14	0.6484
OG_4494	15	108	142	0.7184
OG_4495	14	22	29	0.6883
OG_4496	15	19	23	0.9064
OG_4497	7	12	12	1.0
OG_4498	9	30	37	0.9034
OG_4499	11	19	30	1.0
OG_4500	11	100	152	0.3584
OG_4501	10	21	22	0.9333
OG_4502	15	149	215	0.5639
OG_4503	11	95	112	0.2493
OG_4504	15	27	38	0.7094
OG_4505	12	12	14	1.0
OG_4506	15	643	762	0.1136
OG_4507	14	35	62	0.4874
OG_4508	9	18	25	0.6144
OG_4509	13	13	21	1.0
OG_4510	6	7	8	1.0
OG_4511	8	44	50	0.5412
OG_4512	15	148	186	0.5678
OG_4513	12	12	17	1.0
OG_4514	12	12	12	1.0
OG_4515	7	21	21	1.0
OG_4516	3	16	16	0.7417
OG_4517	9	55	65	0.4101
OG_4518	11	15	18	0.8857
OG_4519	15	149	206	0.6341
OG_4520	10	61	63	0.3902
OG_4521	10	15	25	1.0
OG_4522	12	12	16	1.0
OG_4523	13	13	22	1.0
OG_4524	10	49	64	0.4286
OG_4525	12	12	17	1.0
OG_4526	7	21	21	0.9667
OG_4527	15	121	159	0.4528
OG_4528	2	4	4	1.0
OG_4529	9	29	33	0.6108
OG_4530	6	10	15	0.6889
OG_4531	12	13	17	0.8974
OG_4532	13	137	149	0.4697
OG_4533	15	16	42	1.0
OG_4534	8	8	8	0.8571
OG_4535	6	10	10	0.9111
OG_4536	4	5	5	1.0
OG_4537	15	118	130	0.6628
OG_4538	7	7	7	1.0
OG_4539	12	12	12	1.0
OG_4540	4	6	9	1.0
OG_4541	15	22	30	0.5238
OG_4542	5	12	12	0.8939
OG_4543	10	17	18	1.0
OG_4544	14	17	21	1.0
OG_4545	7	8	11	0.8571
OG_4546	13	13	16	0.9103
OG_4547	12	14	15	0.8791
OG_4548	12	13	13	1.0
OG_4549	7	16	16	1.0
OG_4550	8	51	71	0.5984
OG_4551	9	9	9	1.0
OG_4552	11	20	27	0.9474
OG_4553	7	8	8	1.0
OG_4554	15	17	27	0.9853
OG_4555	15	15	17	0.981
OG_4556	12	12	16	1.0
OG_4557	15	15	24	1.0
OG_4558	12	13	16	0.8718
OG_4559	15	26	32	0.9169
OG_4560	8	8	8	1.0
OG_4561	15	20	42	0.8579
OG_4562	11	11	18	1.0
OG_4563	15	15	16	1.0
OG_4564	9	28	31	0.8069
OG_4565	15	17	19	1.0
OG_4566	5	6	6	1.0
OG_4567	3	3	3	1.0
OG_4568	10	52	59	0.6652
OG_4569	10	12	12	1.0
OG_4570	13	15	26	1.0
OG_4571	14	15	15	0.8857
OG_4572	3	4	4	1.0
OG_4573	2	6	6	1.0
OG_4574	15	16	16	1.0
OG_4575	10	11	18	1.0
OG_4576	10	23	24	0.9051
OG_4577	6	32	34	0.5343
OG_4578	12	12	14	1.0
OG_4579	15	227	291	0.4259
OG_4580	12	37	52	0.7327
OG_4581	9	9	10	1.0
OG_4582	12	12	14	1.0
OG_4583	10	43	48	0.2691
OG_4584	14	74	94	0.5272
OG_4585	4	19	22	0.8012
OG_4586	9	61	68	0.424
OG_4587	7	76	103	0.5039
OG_4588	10	10	10	1.0
OG_4589	5	9	10	0.9167
OG_4590	14	15	15	1.0
OG_4591	4	9	10	1.0
OG_4592	7	15	15	1.0
OG_4593	4	11	12	0.7636
OG_4594	5	15	17	0.9333
OG_4595	8	19	25	0.6901
OG_4596	14	21	27	0.8714
OG_4597	14	14	14	1.0
OG_4598	7	24	27	0.587
OG_4599	6	7	10	1.0
OG_4600	7	25	28	0.5167
OG_4601	6	26	28	0.3508
OG_4602	6	20	21	0.5263
OG_4603	14	173	224	0.1856
OG_4604	13	23	31	0.9605
OG_4605	3	10	11	0.4667
OG_4606	9	82	105	0.3921
OG_4607	7	15	15	0.6952
OG_4608	7	44	88	0.4503
OG_4609	15	25	26	1.0
OG_4610	5	9	9	1.0
OG_4611	14	67	76	0.7417
OG_4612	2	10	12	0.6667
OG_4613	9	89	109	0.2211
OG_4614	4	18	34	0.4706
OG_4615	4	9	12	0.9722
OG_4616	10	30	34	0.5103
OG_4617	14	18	18	0.9216
OG_4618	10	28	30	0.2672
OG_4619	10	93	132	0.3904
OG_4620	5	10	10	0.7556
OG_4621	15	180	257	0.3856
OG_4622	4	13	13	0.7692
OG_4623	15	24	38	0.9239
OG_4624	3	12	13	0.8182
OG_4625	6	9	11	1.0
OG_4626	10	96	138	0.1761
OG_4627	13	36	41	0.927
OG_4628	11	40	44	0.4333
OG_4629	15	19	27	0.9825
OG_4630	7	22	35	0.5195
OG_4631	5	15	18	0.8
OG_4632	5	7	7	1.0
OG_4633	15	40	46	0.8449
OG_4634	10	37	46	0.6276
OG_4635	15	200	235	0.5658
OG_4636	14	116	142	0.7607
OG_4637	3	6	6	0.8
OG_4638	14	64	79	0.435
OG_4639	7	7	8	1.0
OG_4640	12	85	119	0.2311
OG_4641	12	62	73	0.394
OG_4642	13	233	299	0.086
OG_4643	7	21	22	0.5905
OG_4644	11	94	99	0.4782
OG_4645	5	5	5	1.0
OG_4646	10	74	99	0.5313
OG_4647	8	38	54	0.4381
OG_4648	14	14	17	1.0
OG_4649	5	10	12	0.8667
OG_4650	3	5	5	1.0
OG_4651	12	99	167	0.4519
OG_4652	6	6	6	1.0
OG_4653	14	33	45	0.6061
OG_4654	11	43	61	0.4662
OG_4655	15	396	564	0.1732
OG_4656	6	27	39	0.5926
OG_4657	3	3	3	1.0
OG_4658	6	6	6	1.0
OG_4659	8	27	28	0.7293
OG_4660	9	23	27	0.6917
OG_4661	12	20	30	0.6526
OG_4662	7	7	8	1.0
OG_4663	7	37	48	0.5511
OG_4664	14	52	60	0.6041
OG_4665	11	11	12	1.0
OG_4666	7	21	21	0.4905
OG_4667	2	4	4	1.0
OG_4668	13	167	238	0.2792
OG_4669	9	12	12	0.9697
OG_4670	8	18	18	1.0
OG_4671	13	53	63	0.4173
OG_4672	8	25	33	0.93
OG_4673	5	7	14	1.0
OG_4674	9	34	34	0.7201
OG_4675	11	12	13	1.0
OG_4676	13	19	27	0.6491
OG_4677	15	190	257	0.1674
OG_4678	14	15	20	1.0
OG_4679	13	27	33	0.9288
OG_4680	2	8	8	0.75
OG_4681	11	12	13	1.0
OG_4682	7	48	72	0.3608
OG_4683	3	4	4	1.0
OG_4684	5	5	9	1.0
OG_4685	7	40	59	0.3679
OG_4686	15	21	24	0.7286
OG_4687	7	11	12	1.0
OG_4688	10	13	16	0.8846
OG_4689	6	33	41	0.1818
OG_4690	9	19	26	0.655
OG_4691	4	4	5	1.0
OG_4692	3	3	3	1.0
OG_4693	14	23	29	0.6798
OG_4694	8	17	20	0.7059
OG_4695	15	15	18	1.0
OG_4696	9	39	54	0.6275
OG_4697	13	40	50	0.5487
OG_4698	6	50	74	0.2914
OG_4699	12	39	46	0.7598
OG_4700	10	22	28	0.9307
OG_4701	15	17	19	1.0
OG_4702	12	14	19	0.8681
OG_4703	12	127	180	0.1834
OG_4704	12	69	112	0.3278
OG_4705	7	23	26	0.6482
OG_4706	8	22	24	0.5714
OG_4707	14	79	105	0.9393
OG_4708	3	5	5	1.0
OG_4709	11	50	74	0.9118
OG_4710	6	13	20	0.8718
OG_4711	13	66	77	0.4974
OG_4712	14	100	151	0.6115
OG_4713	11	162	193	0.3173
OG_4714	12	293	420	0.1314
OG_4715	3	10	12	0.9556
OG_4716	15	20	39	1.0
OG_4717	8	8	8	1.0
OG_4718	12	16	21	1.0
OG_4719	15	15	19	1.0
OG_4720	12	108	139	0.3709
OG_4721	14	696	1074	0.077
OG_4722	5	16	17	0.8417
OG_4723	10	13	13	0.9872
OG_4724	2	5	5	1.0
OG_4725	10	45	59	0.4414
OG_4726	14	17	20	1.0
OG_4727	7	19	25	0.6199
OG_4728	9	10	10	1.0
OG_4729	10	50	81	0.4816
OG_4730	12	73	107	0.5833
OG_4731	12	12	13	1.0
OG_4732	14	120	208	0.313
OG_4733	7	27	38	0.4074
OG_4734	2	5	5	1.0
OG_4735	13	34	42	0.9982
OG_4736	10	28	47	0.8677
OG_4737	13	134	141	0.3555
OG_4738	6	18	20	0.719
OG_4739	9	9	9	1.0
OG_4740	6	42	53	0.4309
OG_4741	7	7	8	1.0
OG_4742	7	20	27	0.7895
OG_4743	4	4	4	1.0
OG_4744	6	6	8	1.0
OG_4745	10	15	16	1.0
OG_4746	11	50	53	0.271
OG_4747	6	21	29	0.6857
OG_4748	4	6	6	1.0
OG_4749	6	18	18	0.7124
OG_4750	10	135	165	0.246
OG_4751	2	11	12	0.5273
OG_4752	3	6	7	1.0
OG_4753	3	7	7	0.9524
OG_4754	14	86	94	0.7967
OG_4755	4	6	7	1.0
OG_4756	13	13	13	1.0
OG_4757	9	25	27	0.5433
OG_4758	11	11	12	1.0
OG_4759	7	15	22	0.781
OG_4760	14	98	166	0.2056
OG_4761	15	15	17	0.8
OG_4762	12	12	18	1.0
OG_4763	14	125	201	0.1185
OG_4764	3	4	4	1.0
OG_4765	11	42	47	0.9338
OG_4766	5	17	18	0.5147
OG_4767	6	35	39	0.4756
OG_4768	4	10	25	0.4889
OG_4769	12	41	70	0.7463
OG_4770	5	13	13	0.6154
OG_4771	14	233	343	0.1228
OG_4772	3	17	17	0.8382
OG_4773	2	5	5	1.0
OG_4774	11	14	15	0.7692
OG_4775	9	55	58	0.3865
OG_4776	11	201	286	0.169
OG_4777	5	15	16	1.0
OG_4778	10	103	143	0.2208
OG_4779	14	237	306	0.1317
OG_4780	10	66	90	0.3478
OG_4781	15	15	27	0.9619
OG_4782	10	11	11	1.0
OG_4783	5	8	9	0.9286
OG_4784	6	25	29	0.5967
OG_4785	9	42	49	0.4681
OG_4786	15	256	320	0.1254
OG_4787	14	473	559	0.1052
OG_4788	13	108	137	0.4946
OG_4789	13	14	19	1.0
OG_4790	4	14	19	0.5385
OG_4791	15	150	229	0.7032
OG_4792	11	122	152	0.1626
OG_4793	6	38	60	0.276
OG_4794	12	20	43	0.7
OG_4795	12	13	14	1.0
OG_4796	15	242	319	0.3464
OG_4797	10	10	10	1.0
OG_4798	15	400	527	0.0722
OG_4799	10	83	88	0.3165
OG_4800	14	107	173	0.2208
OG_4801	12	12	12	1.0
OG_4802	5	30	32	0.646
OG_4803	11	94	121	0.2061
OG_4804	15	49	60	0.7007
OG_4805	15	20	24	0.9421
OG_4806	8	8	8	1.0
OG_4807	14	119	186	0.3272
OG_4808	3	6	7	1.0
OG_4809	12	122	196	0.3482
OG_4810	6	15	15	0.5143
OG_4811	15	23	30	0.6996
OG_4812	13	95	141	0.4538
OG_4813	6	31	45	0.3118
OG_4814	8	49	61	0.301
OG_4815	15	18	18	0.9608
OG_4816	8	15	15	0.6571
OG_4817	11	63	89	0.4588
OG_4818	7	34	62	0.4706
OG_4819	13	14	23	1.0
OG_4820	15	30	33	0.6989
OG_4821	5	10	10	1.0
OG_4822	8	32	40	0.6613
OG_4823	4	12	14	0.9242
OG_4824	5	16	19	0.3167
OG_4825	14	144	192	0.2346
OG_4826	15	144	159	0.5873
OG_4827	6	40	40	0.359
OG_4828	5	12	15	0.8939
OG_4829	3	5	5	1.0
OG_4830	14	222	355	0.2633
OG_4831	5	5	5	1.0
OG_4832	11	67	91	0.3876
OG_4833	2	3	3	1.0
OG_4834	7	29	52	0.67
OG_4835	9	46	65	0.2792
OG_4836	11	87	91	0.2192
OG_4837	12	98	140	0.2771
OG_4838	2	7	7	0.8571
OG_4839	8	64	69	0.2579
OG_4840	11	225	280	0.102
OG_4841	13	87	98	0.379
OG_4842	4	25	54	0.6867
OG_4843	12	58	68	0.4755
OG_4844	3	11	11	0.6
OG_4845	15	66	75	0.8476
OG_4846	4	10	10	1.0
OG_4847	10	10	10	0.9778
OG_4848	15	17	28	0.9853
OG_4849	3	7	7	1.0
OG_4850	7	40	46	0.3487
OG_4851	12	12	14	1.0
OG_4852	4	14	17	0.6154
OG_4853	9	11	12	0.7455
OG_4854	12	36	38	0.7873
OG_4855	8	33	37	0.4527
OG_4856	15	33	42	0.8144
OG_4857	9	15	21	1.0
OG_4858	15	270	302	0.3157
OG_4859	2	8	9	0.9286
OG_4860	3	5	6	1.0
OG_4861	3	6	7	0.9333
OG_4862	13	117	155	0.1674
OG_4863	12	63	92	0.4706
OG_4864	11	126	149	0.1754
OG_4865	10	179	204	0.1396
OG_4866	15	279	365	0.3265
OG_4867	13	22	22	1.0
OG_4868	12	13	14	0.9359
OG_4869	8	55	75	0.7044
OG_4870	11	153	173	0.2878
OG_4871	3	8	8	1.0
OG_4872	7	36	48	0.4635
OG_4873	13	95	121	0.2139
OG_4874	9	36	39	0.4921
OG_4875	14	376	567	0.1417
OG_4876	2	5	7	1.0
OG_4877	5	19	23	0.6784
OG_4878	15	675	816	0.0363
OG_4879	15	175	261	0.4979
OG_4880	8	31	37	0.7892
OG_4881	2	4	4	1.0
OG_4882	11	35	38	0.4521
OG_4883	6	20	27	0.6842
OG_4884	11	11	12	1.0
OG_4885	12	131	189	0.1703
OG_4886	4	17	27	0.8897
OG_4887	9	49	60	0.3716
OG_4888	9	15	15	0.6095
OG_4889	12	12	12	1.0
OG_4890	3	4	4	1.0
OG_4891	14	198	295	0.1297
OG_4892	5	14	18	0.8571
OG_4893	11	11	15	1.0
OG_4894	14	139	195	0.2878
OG_4895	13	68	78	0.4631
OG_4896	9	15	16	0.9524
OG_4897	13	307	398	0.0912
OG_4898	5	12	13	0.803
OG_4899	15	15	18	1.0
OG_4900	2	4	4	1.0
OG_4901	5	12	12	0.9545
OG_4902	15	18	27	0.8366
OG_4903	13	136	175	0.1861
OG_4904	11	11	11	1.0
OG_4905	2	11	11	0.7091
OG_4906	13	164	232	0.1504
OG_4907	3	4	4	1.0
OG_4908	8	31	35	0.5398
OG_4909	15	233	274	0.2952
OG_4910	2	7	7	0.619
OG_4911	11	59	110	0.4717
OG_4912	14	15	16	1.0
OG_4913	10	43	58	0.4618
OG_4914	4	7	7	1.0
OG_4915	6	25	27	0.5
OG_4916	12	47	61	0.4255
OG_4917	9	82	90	0.2656
OG_4918	12	121	148	0.3492
OG_4919	14	81	104	0.4003
OG_4920	2	7	9	1.0
OG_4921	2	7	8	1.0
OG_4922	7	15	23	0.6762
OG_4923	15	18	19	0.9869
OG_4924	4	34	34	0.4349
OG_4925	13	14	14	0.8681
OG_4926	5	23	35	0.415
OG_4927	2	12	13	0.4848
OG_4928	13	16	29	0.95
OG_4929	10	115	138	0.3233
OG_4930	12	12	19	1.0
OG_4931	6	33	40	0.4337
OG_4932	4	20	24	0.7
OG_4933	4	10	10	0.7556
OG_4934	5	19	23	0.8012
OG_4935	14	44	54	0.7442
OG_4936	10	34	34	0.7932
OG_4937	5	21	21	0.6905
OG_4938	13	87	109	0.2964
OG_4939	7	67	96	0.2872
OG_4940	13	124	175	0.3304
OG_4941	7	25	29	0.6067
OG_4942	8	24	35	0.7065
OG_4943	5	26	31	0.5046
OG_4944	15	27	54	0.7521
OG_4945	3	38	42	0.3997
OG_4946	12	77	140	0.4901
OG_4947	9	27	30	0.7208
OG_4948	15	192	243	0.2804
OG_4949	14	223	287	0.2918
OG_4950	3	6	7	0.6
OG_4951	12	131	178	0.2986
OG_4952	4	11	11	0.7091
OG_4953	14	93	104	0.3897
OG_4954	13	14	17	0.9341
OG_4955	3	7	7	1.0
OG_4956	5	26	26	0.6185
OG_4957	5	26	28	0.4831
OG_4958	12	60	78	0.5599
OG_4959	6	41	46	0.4744
OG_4960	14	144	186	0.2356
OG_4961	4	16	17	0.9917
OG_4962	2	4	4	1.0
OG_4963	8	36	51	0.4095
OG_4964	3	8	11	0.9643
OG_4965	9	10	10	1.0
OG_4966	8	8	8	1.0
OG_4967	15	74	109	0.8871
OG_4968	15	18	19	0.9673
OG_4969	13	17	21	0.9632
OG_4970	12	21	22	0.6524
OG_4971	15	388	526	0.1215
OG_4972	10	46	58	0.4763
OG_4973	2	3	3	1.0
OG_4974	13	14	14	1.0
OG_4975	6	26	40	0.6862
OG_4976	12	17	18	0.9706
OG_4977	3	6	6	1.0
OG_4978	7	34	39	0.4599
OG_4979	5	9	9	0.6944
OG_4980	3	6	6	1.0
OG_4981	9	17	21	0.8309
OG_4982	7	15	17	1.0
OG_4983	5	9	9	1.0
OG_4984	4	5	8	1.0
OG_4985	6	20	21	0.5895
OG_4986	2	5	5	1.0
OG_4987	13	268	323	0.1117
OG_4988	15	146	178	0.1256
OG_4989	6	16	18	0.8667
OG_4990	8	15	18	0.8857
OG_4991	5	56	67	0.3617
OG_4992	10	70	107	0.4066
OG_4993	12	28	32	0.9101
OG_4994	8	69	88	0.3836
OG_4995	8	31	48	0.4645
OG_4996	15	77	93	0.353
OG_4997	7	30	37	0.5655
OG_4998	15	146	186	0.5957
OG_4999	4	12	19	0.8485
OG_5000	9	140	217	0.1777
OG_5001	8	26	34	0.4431
OG_5002	8	17	17	0.5882
OG_5003	8	45	53	0.3697
OG_5004	3	5	5	1.0
OG_5005	9	37	40	0.7207
OG_5006	10	42	55	0.4843
OG_5007	6	7	7	1.0
OG_5008	9	9	9	1.0
OG_5009	8	31	35	0.4151
OG_5010	7	36	45	0.6762
OG_5011	2	4	4	1.0
OG_5012	4	17	19	0.5662
OG_5013	9	51	74	0.4369
OG_5014	15	149	190	0.1537
OG_5015	5	23	27	0.4506
OG_5016	3	8	8	1.0
OG_5017	12	56	106	0.6435
OG_5018	8	39	46	0.6302
OG_5019	12	36	58	0.9778
OG_5020	9	25	29	0.83
OG_5021	15	17	22	0.9191
OG_5022	9	41	42	0.3683
OG_5023	9	29	40	0.5246
OG_5024	8	12	12	0.8939
OG_5025	13	18	21	0.6471
OG_5026	3	13	13	0.6026
OG_5027	11	30	34	0.9632
OG_5028	13	75	95	0.7798
OG_5029	10	84	110	0.2972
OG_5030	13	14	14	1.0
OG_5031	14	14	31	1.0
OG_5032	6	13	25	0.9615
OG_5033	15	15	36	1.0
OG_5034	14	21	21	0.6238
OG_5035	6	9	10	0.4444
OG_5036	14	14	16	1.0
OG_5037	9	55	65	0.3603
OG_5038	7	46	102	0.4097
OG_5039	13	15	35	0.9714
OG_5040	10	15	15	1.0
OG_5041	11	28	32	0.5899
OG_5042	10	50	53	0.3567
OG_5043	2	5	5	1.0
OG_5044	8	19	19	0.9181
OG_5045	9	32	45	0.7198
OG_5046	5	9	10	0.8333
OG_5047	15	18	20	0.9608
OG_5048	3	7	8	1.0
OG_5049	14	14	17	1.0
OG_5050	15	108	141	0.7695
OG_5051	15	162	186	0.4124
OG_5052	2	5	5	1.0
OG_5053	2	5	5	1.0
OG_5054	14	67	92	0.3935
OG_5055	11	142	166	0.1364
OG_5056	5	22	48	0.4675
OG_5057	2	6	14	0.8
OG_5058	10	37	41	0.4159
OG_5059	10	53	78	0.6176
OG_5060	2	15	28	0.6
OG_5061	12	13	13	0.9487
OG_5062	5	13	18	0.7692
OG_5063	12	12	12	1.0
OG_5064	6	14	25	0.9341
OG_5065	12	73	84	0.3546
OG_5066	15	16	20	0.9917
OG_5067	3	11	11	0.8182
OG_5068	11	11	11	1.0
OG_5069	2	10	10	0.6
OG_5070	15	15	20	1.0
OG_5071	11	15	18	0.8857
OG_5072	11	60	72	0.3655
OG_5073	9	10	11	0.9778
OG_5074	4	11	11	0.8545
OG_5075	11	13	20	0.9744
OG_5076	14	23	23	0.9802
OG_5077	15	310	325	0.2004
OG_5078	15	18	22	0.9673
OG_5079	11	13	16	0.9872
OG_5080	4	8	8	1.0
OG_5081	14	190	209	0.2082
OG_5082	3	12	16	0.5606
OG_5083	5	12	13	0.8939
OG_5084	11	62	87	0.4088
OG_5085	8	47	62	0.519
OG_5086	4	13	23	0.6923
OG_5087	13	57	60	0.9975
OG_5088	9	25	33	0.56
OG_5089	10	35	47	0.7748
OG_5090	14	14	15	1.0
OG_5091	7	25	28	0.5267
OG_5092	4	8	8	0.8571
OG_5093	3	12	13	0.6212
OG_5094	7	7	7	1.0
OG_5095	5	17	23	0.9559
OG_5096	14	28	39	0.9683
OG_5097	15	17	18	0.9265
OG_5098	7	11	12	0.8727
OG_5099	15	41	48	0.3732
OG_5100	3	8	8	0.8929
OG_5101	5	29	34	0.5961
OG_5102	6	39	58	0.5101
OG_5103	13	14	16	1.0
OG_5104	5	7	7	1.0
OG_5105	15	82	93	0.3189
OG_5106	12	28	43	0.9841
OG_5107	11	47	61	0.3543
OG_5108	3	4	4	1.0
OG_5109	15	21	37	0.7524
OG_5110	10	54	71	0.2851
OG_5111	8	9	10	0.7222
OG_5112	3	10	13	0.6889
OG_5113	9	17	19	0.5147
OG_5114	8	24	31	0.8877
OG_5115	8	43	46	0.5604
OG_5116	6	29	45	0.6823
OG_5117	10	32	53	0.4456
OG_5118	5	6	8	1.0
OG_5119	5	20	24	0.3526
OG_5120	7	19	20	0.7895
OG_5121	14	15	17	0.9905
OG_5122	12	18	29	0.5686
OG_5123	12	26	42	0.6862
OG_5124	5	10	15	0.7556
OG_5125	14	39	51	0.8273
OG_5126	13	91	106	0.409
OG_5127	14	14	18	1.0
OG_5128	15	19	29	0.9766
OG_5129	8	43	56	0.4551
OG_5130	12	139	161	0.2351
OG_5131	13	27	31	0.9288
OG_5132	3	7	8	1.0
OG_5133	3	7	8	1.0
OG_5134	11	65	73	0.2841
OG_5135	7	22	28	0.4372
OG_5136	14	31	43	0.8753
OG_5137	7	18	20	0.8758
OG_5138	8	35	38	0.484
OG_5139	8	22	25	0.7835
OG_5140	3	9	13	0.7778
OG_5141	9	9	10	1.0
OG_5142	15	24	37	0.7826
OG_5143	5	12	12	1.0
OG_5144	4	9	9	0.8056
OG_5145	5	16	26	0.6583
OG_5146	12	124	190	0.4242
OG_5147	15	24	32	0.7826
OG_5148	13	17	21	0.8309
OG_5149	6	29	33	0.5443
OG_5150	11	41	44	0.4463
OG_5151	4	18	21	0.5556
OG_5152	4	23	23	0.5415
OG_5153	3	8	8	0.6786
OG_5154	5	14	14	0.5824
OG_5155	12	24	33	1.0
OG_5156	8	18	18	0.7647
OG_5157	13	92	102	0.7043
OG_5158	15	79	88	0.9692
OG_5159	7	59	67	0.4033
OG_5160	5	29	51	0.3867
OG_5161	5	10	10	0.5778
OG_5162	15	231	356	0.1841
OG_5163	14	131	185	0.6136
OG_5164	4	10	10	0.8444
OG_5165	10	32	38	0.5827
OG_5166	3	16	21	0.975
OG_5167	5	17	22	0.8162
OG_5168	15	40	54	0.709
OG_5169	7	16	24	0.7
OG_5170	15	119	154	0.4176
OG_5171	8	19	26	0.9064
OG_5172	12	132	188	0.1988
OG_5173	2	5	5	0.8
OG_5174	15	169	230	0.7212
OG_5175	4	17	23	0.5956
OG_5176	10	83	105	0.3103
OG_5177	15	15	16	1.0
OG_5178	12	12	24	1.0
OG_5179	15	19	23	0.883
OG_5180	3	11	12	0.8
OG_5181	5	17	21	0.8088
OG_5182	9	11	13	0.9455
OG_5183	12	14	19	0.989
OG_5184	12	138	162	0.1512
OG_5185	4	8	8	0.6071
OG_5186	3	13	13	0.8718
OG_5187	2	8	8	0.75
OG_5188	7	25	27	0.6033
OG_5189	15	36	49	0.9238
OG_5190	7	35	38	0.6286
OG_5191	10	10	10	1.0
OG_5192	7	19	32	0.5556
OG_5193	9	44	62	0.6469
OG_5194	10	84	116	0.3396
OG_5195	15	196	308	0.2121
OG_5196	4	11	11	0.9273
OG_5197	13	27	32	0.5556
OG_5198	3	5	6	1.0
OG_5199	3	25	30	0.52
OG_5200	15	25	38	0.8867
OG_5201	3	16	17	0.5917
OG_5202	13	17	25	0.8676
OG_5203	6	22	30	0.5152
OG_5204	9	55	85	0.4418
OG_5205	14	304	415	0.1779
OG_5206	10	11	12	0.9818
OG_5207	7	18	18	1.0
OG_5208	14	16	17	0.9833
OG_5209	15	42	46	0.5052
OG_5210	5	10	13	0.8
OG_5211	3	9	17	0.75
OG_5212	7	32	55	0.4496
OG_5213	4	19	22	0.6082
OG_5214	4	8	9	0.9286
OG_5215	15	17	19	0.8603
OG_5216	11	135	159	0.2619
OG_5217	3	6	6	1.0
OG_5218	13	14	14	0.9121
OG_5219	14	312	434	0.1398
OG_5220	12	16	21	0.9167
OG_5221	15	255	371	0.2065
OG_5222	12	26	32	0.8
OG_5223	3	9	9	0.7778
OG_5224	2	10	15	0.6222
OG_5225	7	37	56	0.4129
OG_5226	3	3	3	1.0
OG_5227	13	15	20	0.8762
OG_5228	11	11	11	0.9818
OG_5229	10	14	15	0.6923
OG_5230	4	11	11	0.9636
OG_5231	15	16	25	0.9083
OG_5232	11	28	42	0.6667
OG_5233	13	113	176	0.2353
OG_5234	2	13	13	0.5128
OG_5235	2	5	5	1.0
OG_5236	9	11	16	1.0
OG_5237	12	57	75	0.433
OG_5238	6	11	16	0.8364
OG_5239	13	23	30	0.5455
OG_5240	4	18	18	0.5556
OG_5241	10	34	40	0.902
OG_5242	15	17	31	1.0
OG_5243	12	158	195	0.3359
OG_5244	14	242	303	0.1437
OG_5245	4	10	10	0.8889
OG_5246	14	17	24	0.8015
OG_5247	15	27	40	0.8091
OG_5248	14	153	169	0.2369
OG_5249	12	18	31	0.9935
OG_5250	4	18	18	0.6013
OG_5251	10	13	15	1.0
OG_5252	3	13	13	0.7821
OG_5253	4	5	5	1.0
OG_5254	10	20	23	0.7368
OG_5255	2	3	3	1.0
OG_5256	4	6	7	0.9333
OG_5257	12	116	157	0.1334
OG_5258	12	25	49	0.6233
OG_5259	7	19	23	0.538
OG_5260	4	14	21	0.3407
OG_5261	4	18	20	0.5556
OG_5262	9	80	96	0.4215
OG_5263	12	49	60	0.4966
OG_5264	7	31	34	0.4409
OG_5265	11	59	73	0.6254
OG_5266	11	12	13	1.0
OG_5267	2	7	8	0.8095
OG_5268	15	323	528	0.1402
OG_5269	9	51	74	0.6392
OG_5270	13	158	211	0.3331
OG_5271	12	57	67	0.8916
OG_5272	7	34	36	0.3619
OG_5273	9	11	11	0.8364
OG_5274	12	12	12	1.0
OG_5275	9	25	30	0.9133
OG_5276	11	45	53	0.5202
OG_5277	5	22	24	0.5368
OG_5278	10	57	84	0.391
OG_5279	15	15	15	1.0
OG_5280	3	11	12	0.7818
OG_5281	8	36	49	0.5206
OG_5282	8	34	38	0.5437
OG_5283	3	4	6	1.0
OG_5284	12	31	36	0.7935
OG_5285	12	12	12	1.0
OG_5286	6	53	58	0.4151
OG_5287	4	11	11	0.6182
OG_5288	8	52	69	0.3703
OG_5289	15	16	22	1.0
OG_5290	12	176	227	0.2009
OG_5291	9	10	12	0.9556
OG_5292	9	41	49	0.3585
OG_5293	14	18	20	0.9085
OG_5294	3	9	10	0.5833
OG_5295	7	46	61	0.456
OG_5296	8	38	42	0.4282
OG_5297	3	9	9	0.7222
OG_5298	9	61	108	0.3634
OG_5299	2	7	8	1.0
OG_5300	15	23	29	0.913
OG_5301	4	8	8	0.8214
OG_5302	13	37	86	0.9249
OG_5303	11	11	11	1.0
OG_5304	13	30	36	0.8552
OG_5305	2	7	8	1.0
OG_5306	4	14	17	0.4835
OG_5307	15	133	158	0.4839
OG_5308	2	5	5	1.0
OG_5309	10	35	58	0.3613
OG_5310	12	29	33	0.6847
OG_5311	15	19	34	0.9298
OG_5312	11	13	13	0.8718
OG_5313	14	14	17	1.0
OG_5314	10	10	22	1.0
OG_5315	9	43	47	0.4241
OG_5316	3	5	5	1.0
OG_5317	13	19	33	0.9825
OG_5318	12	15	16	0.8286
OG_5319	7	23	42	0.5375
OG_5320	7	53	66	0.2968
OG_5321	6	125	146	0.2732
OG_5322	12	14	15	1.0
OG_5323	8	26	37	0.4738
OG_5324	10	41	68	0.4037
OG_5325	11	16	17	1.0
OG_5326	10	41	55	0.9329
OG_5327	2	10	10	0.8
OG_5328	10	35	37	0.8924
OG_5329	9	18	23	0.8693
OG_5330	9	83	95	0.2915
OG_5331	15	85	115	0.4025
OG_5332	15	45	98	0.4212
OG_5333	2	5	5	1.0
OG_5334	5	16	24	0.625
OG_5335	4	7	7	1.0
OG_5336	2	4	4	1.0
OG_5337	9	10	10	0.9333
OG_5338	7	28	35	0.8942
OG_5339	5	17	19	0.5809
OG_5340	13	13	21	1.0
OG_5341	15	17	20	0.9779
OG_5342	13	99	107	0.5457
OG_5343	7	46	53	0.4541
OG_5344	8	58	72	0.4229
OG_5345	5	11	12	0.8182
OG_5346	10	10	16	1.0
OG_5347	6	20	23	0.8211
OG_5348	4	20	32	0.4737
OG_5349	7	36	43	0.4794
OG_5350	2	8	8	1.0
OG_5351	6	41	51	0.5585
OG_5352	8	9	10	0.9722
OG_5353	12	13	19	1.0
OG_5354	5	41	52	0.5805
OG_5355	3	5	5	1.0
OG_5356	6	8	8	1.0
OG_5357	15	39	63	0.5951
OG_5358	3	7	12	1.0
OG_5359	2	2	2	1.0
OG_5360	15	183	350	0.2851
OG_5361	14	425	552	0.1132
OG_5362	12	75	103	0.4022
OG_5363	8	10	11	0.8889
OG_5364	3	6	6	0.8667
OG_5365	9	19	19	0.7719
OG_5366	10	27	42	0.6325
OG_5367	7	14	20	1.0
OG_5368	11	84	117	0.2754
OG_5369	6	15	17	0.8
OG_5370	8	33	36	0.6591
OG_5371	4	5	5	0.6
OG_5372	6	21	21	0.6619
OG_5373	5	5	6	1.0
OG_5374	3	7	7	0.8571
OG_5375	13	35	38	0.9933
OG_5376	10	11	17	1.0
OG_5377	5	5	7	1.0
OG_5378	12	28	29	0.8545
OG_5379	7	28	32	0.5291
OG_5380	7	25	27	0.4433
OG_5381	7	36	50	0.346
OG_5382	5	11	11	1.0
OG_5383	5	12	16	0.9697
OG_5384	8	10	14	1.0
OG_5385	3	8	8	0.6429
OG_5386	12	13	15	0.9744
OG_5387	10	107	151	0.2807
OG_5388	13	18	21	0.8562
OG_5389	3	8	8	1.0
OG_5390	13	14	14	0.9231
OG_5391	3	9	10	0.6944
OG_5392	3	6	7	1.0
OG_5393	10	74	101	0.2455
OG_5394	10	10	15	1.0
OG_5395	3	4	4	1.0
OG_5396	11	104	114	0.3463
OG_5397	6	27	33	0.6268
OG_5398	14	333	479	0.1756
OG_5399	5	11	12	1.0
OG_5400	8	9	10	0.8333
OG_5401	9	9	14	1.0
OG_5402	15	24	26	0.9058
OG_5403	4	11	15	0.7636
OG_5404	15	23	27	0.9368
OG_5405	10	41	63	0.6
OG_5406	8	23	32	0.6838
OG_5407	13	19	35	0.9298
OG_5408	9	9	14	1.0
OG_5409	6	17	22	0.4779
OG_5410	12	100	103	0.2582
OG_5411	14	17	17	0.9265
OG_5412	12	142	201	0.1454
OG_5413	10	35	39	0.6571
OG_5414	15	15	17	1.0
OG_5415	13	20	20	0.9
OG_5416	14	182	224	0.3499
OG_5417	5	34	36	0.5686
OG_5418	8	20	21	0.9842
OG_5419	2	5	5	1.0
OG_5420	10	49	53	0.7976
OG_5421	10	37	56	0.8078
OG_5422	11	104	133	0.2011
OG_5423	3	8	8	0.75
OG_5424	3	3	4	1.0
OG_5425	14	14	25	0.978
OG_5426	13	74	81	0.8164
OG_5427	15	137	206	0.4153
OG_5428	12	105	197	0.5269
OG_5429	12	14	14	0.9451
OG_5430	3	7	7	1.0
OG_5431	8	39	48	0.3954
OG_5432	12	56	88	0.9214
OG_5433	3	5	5	0.7
OG_5434	14	18	19	0.7908
OG_5435	15	31	49	0.772
OG_5436	12	105	155	0.2608
OG_5437	6	14	14	0.6813
OG_5438	10	10	10	1.0
OG_5439	8	10	17	1.0
OG_5440	12	15	25	1.0
OG_5441	7	23	23	0.6601
OG_5442	11	81	109	0.2725
OG_5443	7	15	19	0.9143
OG_5444	6	31	35	0.8452
OG_5445	15	17	18	0.8676
OG_5446	7	22	29	0.7186
OG_5447	11	97	118	0.3518
OG_5448	12	14	21	0.956
OG_5449	2	4	4	1.0
OG_5450	9	80	100	0.4256
OG_5451	2	3	3	1.0
OG_5452	11	11	11	1.0
OG_5453	15	17	26	1.0
OG_5454	9	15	16	1.0
OG_5455	5	13	13	0.6795
OG_5456	7	44	52	0.5296
OG_5457	3	6	7	1.0
OG_5458	12	83	125	0.4237
OG_5459	14	15	23	0.9619
OG_5460	7	10	11	1.0
OG_5461	4	6	6	1.0
OG_5462	15	15	15	1.0
OG_5463	2	8	11	0.9286
OG_5464	15	25	27	0.86
OG_5465	13	13	14	1.0
OG_5466	15	24	39	0.7754
OG_5467	3	10	10	1.0
OG_5468	9	17	18	0.6471
OG_5469	2	5	5	1.0
OG_5470	15	89	115	0.8764
OG_5471	3	9	9	0.8611
OG_5472	8	29	35	0.8399
OG_5473	10	23	31	0.7115
OG_5474	10	11	16	0.9455
OG_5475	13	42	69	0.9048
OG_5476	5	12	12	0.4545
OG_5477	6	13	13	0.641
OG_5478	13	17	26	0.9926
OG_5479	2	4	4	1.0
OG_5480	2	10	10	0.4667
OG_5481	10	29	36	0.5911
OG_5482	6	7	10	1.0
OG_5483	5	15	16	0.581
OG_5484	8	27	34	0.8234
OG_5485	12	46	51	0.7208
OG_5486	9	44	62	0.5412
OG_5487	3	4	4	1.0
OG_5488	5	9	9	1.0
OG_5489	11	60	80	0.3802
OG_5490	14	14	20	0.9341
OG_5491	9	17	19	0.9779
OG_5492	15	31	36	0.8151
OG_5493	5	24	27	0.6558
OG_5494	7	31	31	0.5441
OG_5495	10	11	30	1.0
OG_5496	13	63	77	0.7783
OG_5497	12	12	13	1.0
OG_5498	3	20	24	0.7526
OG_5499	7	8	9	1.0
OG_5500	15	21	25	0.9
OG_5501	15	26	50	0.8431
OG_5502	8	25	61	0.6867
OG_5503	3	10	11	0.6667
OG_5504	6	17	23	0.6985
OG_5505	6	14	21	1.0
OG_5506	2	14	14	0.5604
OG_5507	8	36	42	0.5873
OG_5508	8	8	8	1.0
OG_5509	4	16	19	0.6833
OG_5510	3	10	11	0.7778
OG_5511	14	14	29	1.0
OG_5512	13	13	14	0.7564
OG_5513	11	14	15	0.967
OG_5514	6	35	40	0.4168
OG_5515	14	29	32	0.532
OG_5516	10	30	45	0.9471
OG_5517	2	5	6	1.0
OG_5518	9	29	41	0.7241
OG_5519	8	49	64	0.4804
OG_5520	13	207	244	0.1065
OG_5521	10	52	66	0.3718
OG_5522	14	354	547	0.1905
OG_5523	14	37	42	0.5075
OG_5524	15	19	38	0.9883
OG_5525	5	22	25	0.6753
OG_5526	4	10	10	1.0
OG_5527	2	5	5	1.0
OG_5528	11	86	89	0.5472
OG_5529	4	14	14	0.6593
OG_5530	3	9	9	0.9444
OG_5531	15	15	28	1.0
OG_5532	4	40	46	0.3756
OG_5533	8	26	33	0.4646
OG_5534	10	41	44	0.4927
OG_5535	5	6	6	1.0
OG_5536	11	11	12	1.0
OG_5537	4	4	5	1.0
OG_5538	5	22	39	0.5195
OG_5539	7	8	8	1.0
OG_5540	15	300	367	0.3112
OG_5541	11	11	12	1.0
OG_5542	6	15	30	0.9238
OG_5543	7	12	21	0.5606
OG_5544	7	25	31	0.5
OG_5545	15	53	74	0.529
OG_5546	5	13	18	0.6026
OG_5547	8	46	58	0.657
OG_5548	10	29	37	0.4828
OG_5549	14	61	82	0.8246
OG_5550	7	44	55	0.6501
OG_5551	10	30	36	0.8828
OG_5552	13	69	76	0.2545
OG_5553	13	22	24	0.9221
OG_5554	11	15	19	0.9429
OG_5555	8	17	18	0.8897
OG_5556	15	146	210	0.2101
OG_5557	14	15	15	1.0
OG_5558	7	19	22	0.7602
OG_5559	4	9	16	1.0
OG_5560	15	20	44	0.7737
OG_5561	6	18	18	0.6405
OG_5562	12	62	80	0.4791
OG_5563	12	81	102	0.296
OG_5564	5	16	19	0.4583
OG_5565	11	61	89	0.5727
OG_5566	8	8	8	1.0
OG_5567	11	11	13	1.0
OG_5568	5	8	9	1.0
OG_5569	4	5	5	1.0
OG_5570	8	49	90	0.4779
OG_5571	7	11	11	0.9091
OG_5572	13	31	39	0.4151
OG_5573	15	21	24	0.9571
OG_5574	7	8	8	1.0
OG_5575	3	14	15	0.6484
OG_5576	7	18	18	0.8105
OG_5577	5	24	27	0.3877
OG_5578	10	44	53	0.6068
OG_5579	15	17	23	1.0
OG_5580	3	7	10	1.0
OG_5581	10	32	43	0.5968
OG_5582	7	15	17	1.0
OG_5583	6	14	17	0.7473
OG_5584	2	12	12	0.9848
OG_5585	4	4	4	1.0
OG_5586	15	22	28	0.8312
OG_5587	8	44	64	0.4334
OG_5588	13	46	55	0.9111
OG_5589	7	29	38	0.4852
OG_5590	2	3	3	1.0
OG_5591	6	16	16	0.8833
OG_5592	8	8	9	1.0
OG_5593	11	43	44	0.4142
OG_5594	2	5	5	1.0
OG_5595	13	16	18	0.6917
OG_5596	15	217	295	0.28
OG_5597	11	11	12	0.7273
OG_5598	5	6	7	0.8667
OG_5599	15	19	30	0.8246
OG_5600	15	433	634	0.1395
OG_5601	11	28	45	0.9894
OG_5602	2	6	6	1.0
OG_5603	11	12	22	1.0
OG_5604	15	19	22	1.0
OG_5605	12	20	26	1.0
OG_5606	14	178	231	0.3025
OG_5607	13	55	69	0.5933
OG_5608	8	8	8	1.0
OG_5609	5	10	10	0.7778
OG_5610	6	7	7	1.0
OG_5611	15	18	27	0.9412
OG_5612	2	6	6	1.0
OG_5613	3	7	7	0.6667
OG_5614	14	15	17	1.0
OG_5615	2	4	4	1.0
OG_5616	14	14	15	1.0
OG_5617	8	38	54	0.5306
OG_5618	14	84	104	0.4885
OG_5619	2	9	10	0.6111
OG_5620	10	46	62	0.4734
OG_5621	8	23	30	0.498
OG_5622	6	20	35	0.8947
OG_5623	15	16	19	0.9417
OG_5624	6	8	8	0.9286
OG_5625	6	11	22	0.6182
OG_5626	15	20	25	0.9947
OG_5627	4	32	48	0.4617
OG_5628	15	19	21	1.0
OG_5629	6	6	10	1.0
OG_5630	8	47	58	0.6809
OG_5631	8	12	16	0.9242
OG_5632	15	15	21	0.8762
OG_5633	3	12	12	0.5
OG_5634	9	78	114	0.6134
OG_5635	2	6	6	0.8
OG_5636	5	12	12	0.6515
OG_5637	6	8	8	1.0
OG_5638	8	47	67	0.4792
OG_5639	3	4	5	1.0
OG_5640	5	15	19	0.7429
OG_5641	2	8	8	1.0
OG_5642	15	56	67	0.987
OG_5643	7	60	66	0.2282
OG_5644	11	51	55	0.5333
OG_5645	8	9	9	1.0
OG_5646	15	139	168	0.6376
OG_5647	10	64	66	0.3472
OG_5648	15	15	23	1.0
OG_5649	3	15	19	0.6
OG_5650	13	37	43	0.8784
OG_5651	15	15	19	1.0
OG_5652	13	15	20	0.8381
OG_5653	8	39	48	0.6788
OG_5654	11	11	14	1.0
OG_5655	9	30	40	0.5448
OG_5656	14	20	23	0.8105
OG_5657	11	16	16	0.8
OG_5658	7	44	63	0.4006
OG_5659	12	12	13	1.0
OG_5660	11	44	62	0.5053
OG_5661	11	15	17	0.819
OG_5662	4	9	10	1.0
OG_5663	10	91	121	0.3607
OG_5664	14	41	47	0.9756
OG_5665	14	18	20	0.9412
OG_5666	15	53	58	0.9971
OG_5667	4	6	6	1.0
OG_5668	14	159	181	0.3589
OG_5669	3	6	6	1.0
OG_5670	8	16	20	0.975
OG_5671	15	17	23	0.9853
OG_5672	8	13	15	0.9744
OG_5673	15	306	393	0.145
OG_5674	4	5	5	1.0
OG_5675	12	12	20	1.0
OG_5676	14	14	18	0.8132
OG_5677	6	12	14	0.9091
OG_5678	11	11	12	1.0
OG_5679	6	6	7	1.0
OG_5680	15	115	141	0.6377
OG_5681	9	15	17	1.0
OG_5682	15	109	149	0.7487
OG_5683	8	10	11	1.0
OG_5684	15	222	254	0.4573
OG_5685	15	34	45	0.9465
OG_5686	15	15	16	1.0
OG_5687	5	5	6	1.0
OG_5688	11	14	16	0.8681
OG_5689	6	17	17	0.9632
OG_5690	12	12	18	1.0
OG_5691	14	24	34	0.9783
OG_5692	11	29	46	0.8547
OG_5693	12	12	12	1.0
OG_5694	15	108	142	0.7619
OG_5695	14	18	19	0.9608
OG_5696	6	6	6	1.0
OG_5697	14	16	21	0.6417
OG_5698	8	20	21	0.7579
OG_5699	12	24	28	0.8406
OG_5700	10	12	12	0.9394
OG_5701	6	13	15	0.7692
OG_5702	8	8	8	1.0
OG_5703	11	19	29	0.6374
OG_5704	10	34	36	0.8485
OG_5705	10	10	10	1.0
OG_5706	15	85	97	0.77
OG_5707	8	58	68	0.5251
OG_5708	7	36	55	0.946
OG_5709	15	77	116	0.8018
OG_5710	13	27	32	0.5499
OG_5711	2	5	6	1.0
OG_5712	6	7	7	1.0
OG_5713	7	7	8	1.0
OG_5714	9	10	16	0.8889
OG_5715	13	110	154	0.4052
OG_5716	15	18	32	1.0
OG_5717	13	22	32	0.5887
OG_5718	12	13	13	0.9487
OG_5719	6	30	33	0.7954
OG_5720	6	7	8	1.0
OG_5721	12	12	21	0.9848
OG_5722	8	11	12	1.0
OG_5723	8	10	13	0.9111
OG_5724	15	15	16	1.0
OG_5725	14	14	18	1.0
OG_5726	6	10	25	1.0
OG_5727	10	53	58	0.7388
OG_5728	14	78	102	0.6457
OG_5729	13	43	50	0.9347
OG_5730	4	7	11	1.0
OG_5731	13	15	19	1.0
OG_5732	15	19	25	0.807
OG_5733	6	6	6	1.0
OG_5734	15	23	25	0.7194
OG_5735	8	16	25	1.0
OG_5736	14	14	18	1.0
OG_5737	6	15	17	0.7143
OG_5738	6	11	11	0.8909
OG_5739	5	5	5	1.0
OG_5740	5	5	7	1.0
OG_5741	7	10	10	0.8
OG_5742	15	17	23	0.8971
OG_5743	15	17	18	0.875
OG_5744	8	50	72	0.5404
OG_5745	13	13	13	1.0
OG_5746	14	18	22	0.9412
OG_5747	15	19	30	1.0
OG_5748	12	31	38	0.471
OG_5749	14	86	111	0.7932
OG_5750	11	72	82	0.5231
OG_5751	12	13	17	0.8077
OG_5752	12	16	16	0.875
OG_5753	15	20	26	0.7211
OG_5754	4	5	6	1.0
OG_5755	12	12	13	1.0
OG_5756	10	12	16	1.0
OG_5757	5	5	6	1.0
OG_5758	5	6	6	1.0
OG_5759	14	15	20	0.9619
OG_5760	15	17	19	0.9706
OG_5761	10	36	54	0.7286
OG_5762	15	82	106	0.7133
OG_5763	15	16	27	0.9
OG_5764	6	6	7	1.0
OG_5765	11	11	12	1.0
OG_5766	15	23	27	0.9407
OG_5767	15	324	503	0.1796
OG_5768	14	14	27	1.0
OG_5769	8	11	13	0.8182
OG_5770	15	16	20	1.0
OG_5771	12	12	15	1.0
OG_5772	5	6	6	1.0
OG_5773	9	18	18	0.6797
OG_5774	15	16	29	1.0
OG_5775	7	8	9	0.7143
OG_5776	12	17	19	0.9853
OG_5777	6	10	11	0.7556
OG_5778	6	6	8	1.0
OG_5779	13	13	15	0.9103
OG_5780	9	9	9	1.0
OG_5781	15	27	33	0.9915
OG_5782	9	9	10	1.0
OG_5783	10	11	14	0.9818
OG_5784	15	17	23	0.9338
OG_5785	12	18	21	0.915
OG_5786	12	60	106	0.6944
OG_5787	12	17	21	1.0
OG_5788	2	5	14	1.0
OG_5789	11	13	17	0.6923
OG_5790	13	77	103	0.6087
OG_5791	13	47	65	0.8649
OG_5792	12	19	36	0.9123
OG_5793	7	8	9	1.0
OG_5794	12	13	15	1.0
OG_5795	2	4	8	1.0
OG_5796	12	14	14	0.9341
OG_5797	10	17	19	1.0
OG_5798	3	3	3	1.0
OG_5799	13	14	20	1.0
OG_5800	9	9	13	0.6667
OG_5801	12	12	15	0.8939
OG_5802	13	20	34	0.9947
OG_5803	3	11	13	0.8
OG_5804	11	11	14	1.0
OG_5805	14	14	16	1.0
OG_5806	15	15	15	0.9905
OG_5807	13	13	14	0.9872
OG_5808	6	10	16	1.0
OG_5809	14	15	16	0.9429
OG_5810	14	24	36	1.0
OG_5811	12	12	19	1.0
OG_5812	11	24	60	0.6449
OG_5813	15	18	35	0.9346
OG_5814	10	11	12	1.0
OG_5815	9	52	70	0.4917
OG_5816	13	79	98	0.5359
OG_5817	10	10	10	1.0
OG_5818	15	16	17	1.0
OG_5819	11	11	12	1.0
OG_5820	15	18	23	0.8431
OG_5821	4	4	4	1.0
OG_5822	10	10	11	1.0
OG_5823	15	17	29	0.9265
OG_5824	15	99	112	0.7112
OG_5825	14	31	37	0.7097
OG_5826	7	8	8	1.0
OG_5827	3	3	3	1.0
OG_5828	11	21	24	0.9952
OG_5829	10	14	16	1.0
OG_5830	15	17	18	0.6985
OG_5831	14	14	21	1.0
OG_5832	11	11	14	1.0
OG_5833	11	26	31	1.0
OG_5834	14	24	32	0.9493
OG_5835	15	26	33	0.9723
OG_5836	12	12	14	1.0
OG_5837	14	14	14	1.0
OG_5838	3	7	7	1.0
OG_5839	10	10	15	1.0
OG_5840	15	157	229	0.3235
OG_5841	14	14	20	1.0
OG_5842	10	13	23	0.8462
OG_5843	10	13	19	0.8846
OG_5844	11	21	22	0.9476
OG_5845	10	13	15	0.7692
OG_5846	10	24	24	0.6957
OG_5847	8	9	15	1.0
OG_5848	7	9	9	1.0
OG_5849	3	4	4	1.0
OG_5850	6	6	6	1.0
OG_5851	15	28	41	0.5899
OG_5852	15	49	51	0.9558
OG_5853	6	15	21	0.9048
OG_5854	3	7	7	1.0
OG_5855	4	7	7	1.0
OG_5856	14	14	20	0.8242
OG_5857	8	38	46	0.4225
OG_5858	15	16	24	0.9667
OG_5859	14	15	20	1.0
OG_5860	13	214	238	0.2373
OG_5861	14	27	34	0.8832
OG_5862	10	10	10	1.0
OG_5863	15	22	34	0.8831
OG_5864	5	8	10	0.9286
OG_5865	7	7	8	1.0
OG_5866	8	13	14	1.0
OG_5867	11	40	46	0.7192
OG_5868	6	6	6	1.0
OG_5869	12	16	24	0.9333
OG_5870	7	25	28	0.9
OG_5871	4	11	12	0.6909
OG_5872	4	21	24	0.8095
OG_5873	15	240	273	0.3234
OG_5874	11	14	18	0.989
OG_5875	13	29	60	0.7808
OG_5876	9	23	24	0.9486
OG_5877	15	18	24	1.0
OG_5878	13	34	40	0.9037
OG_5879	11	38	64	0.9388
OG_5880	15	175	213	0.5667
OG_5881	7	7	9	1.0
OG_5882	12	13	21	0.9359
OG_5883	7	7	8	1.0
OG_5884	5	17	17	0.8162
OG_5885	12	61	77	0.3361
OG_5886	10	39	59	0.9541
OG_5887	15	78	132	0.5398
OG_5888	11	73	87	0.4018
OG_5889	10	43	47	0.5725
OG_5890	13	34	52	0.9768
OG_5891	14	256	344	0.2102
OG_5892	11	11	13	1.0
OG_5893	15	141	199	0.6378
OG_5894	10	11	11	1.0
OG_5895	3	19	24	0.7661
OG_5896	12	15	18	0.6
OG_5897	12	18	30	0.9477
OG_5898	10	50	79	0.858
OG_5899	14	22	24	0.8658
OG_5900	3	12	12	1.0
OG_5901	10	12	12	1.0
OG_5902	9	9	13	1.0
OG_5903	9	14	14	0.989
OG_5904	3	9	9	0.8889
OG_5905	14	14	16	1.0
OG_5906	12	93	110	0.341
OG_5907	10	51	71	0.4659
OG_5908	4	4	4	1.0
OG_5909	7	11	12	1.0
OG_5910	12	70	100	0.4273
OG_5911	9	20	25	0.3211
OG_5912	13	30	41	0.8805
OG_5913	14	30	49	0.846
OG_5914	14	119	141	0.3491
OG_5915	10	38	56	0.5562
OG_5916	7	10	10	0.9556
OG_5917	8	32	34	0.75
OG_5918	5	15	16	0.6762
OG_5919	6	19	22	0.9474
OG_5920	4	17	18	0.875
OG_5921	12	36	52	0.9079
OG_5922	13	25	35	0.85
OG_5923	11	13	37	0.8718
OG_5924	12	30	31	0.9977
OG_5925	12	22	25	0.8095
OG_5926	11	40	56	0.6846
OG_5927	4	14	14	0.7802
OG_5928	4	13	13	0.641
OG_5929	6	8	8	1.0
OG_5930	9	9	9	0.8889
OG_5931	5	11	13	0.8545
OG_5932	4	5	5	1.0
OG_5933	7	10	10	1.0
OG_5934	5	5	6	1.0
OG_5935	13	49	65	0.6616
OG_5936	10	24	35	0.9783
OG_5937	15	18	25	0.9281
OG_5938	13	34	44	0.6881
OG_5939	7	17	20	0.5809
OG_5940	14	87	123	0.8698
OG_5941	12	42	53	0.554
OG_5942	6	30	43	0.6023
OG_5943	3	10	11	0.5778
OG_5944	4	9	9	0.6667
OG_5945	14	71	88	0.499
OG_5946	4	11	11	0.6182
OG_5947	6	18	19	0.7386
OG_5948	10	16	19	0.9417
OG_5949	8	19	39	0.5614
OG_5950	12	20	54	0.6895
OG_5951	10	74	114	0.3021
OG_5952	4	12	12	0.7727
OG_5953	14	19	24	0.8889
OG_5954	15	17	24	0.7868
OG_5955	14	31	42	0.7247
OG_5956	7	57	58	0.5326
OG_5957	4	7	7	0.6667
OG_5958	5	5	5	1.0
OG_5959	8	8	13	0.9286
OG_5960	10	22	24	0.9957
OG_5961	15	160	181	0.3956
OG_5962	7	8	9	1.0
OG_5963	3	3	3	1.0
OG_5964	2	5	5	1.0
OG_5965	14	73	95	0.8189
OG_5966	11	12	13	1.0
OG_5967	13	14	16	0.956
OG_5968	5	21	21	0.6
OG_5969	5	18	21	0.7843
OG_5970	14	23	28	0.8814
OG_5971	4	15	17	0.8571
OG_5972	14	94	132	0.3548
OG_5973	5	28	33	0.5238
OG_5974	13	14	23	0.978
OG_5975	12	25	40	0.9933
OG_5976	12	14	38	0.9011
OG_5977	11	14	18	0.8242
OG_5978	12	35	49	0.7832
OG_5979	15	15	16	1.0
OG_5980	14	18	22	0.9608
OG_5981	5	18	24	0.4444
OG_5982	15	42	49	0.8943
OG_5983	4	13	15	0.6026
OG_5984	2	3	3	1.0
OG_5985	12	40	47	0.3782
OG_5986	12	85	125	0.2678
OG_5987	2	5	5	1.0
OG_5988	14	17	22	0.9559
OG_5989	9	9	10	1.0
OG_5990	11	15	15	1.0
OG_5991	8	59	78	0.3904
OG_5992	11	14	23	0.9341
OG_5993	13	16	18	0.9333
OG_5994	15	29	30	0.803
OG_5995	11	11	13	1.0
OG_5996	3	16	18	0.8083
OG_5997	5	10	10	0.6889
OG_5998	11	130	169	0.231
OG_5999	15	18	19	1.0
OG_6000	12	33	36	0.7936
OG_6001	15	42	54	0.7549
OG_6002	5	13	14	0.7949
OG_6003	13	14	16	0.8791
OG_6004	12	160	223	0.2807
OG_6005	14	14	14	1.0
OG_6006	5	5	9	1.0
OG_6007	3	5	5	1.0
OG_6008	5	19	20	0.7018
OG_6009	4	7	10	1.0
OG_6010	4	5	5	1.0
OG_6011	15	49	58	0.8827
OG_6012	15	181	265	0.5118
OG_6013	14	99	134	0.6059
OG_6014	13	14	15	1.0
OG_6015	6	9	11	1.0
OG_6016	10	10	11	1.0
OG_6017	9	10	14	0.8
OG_6018	6	9	10	0.9167
OG_6019	8	9	11	1.0
OG_6020	12	57	68	0.4956
OG_6021	9	9	9	1.0
OG_6022	8	8	18	1.0
OG_6023	2	4	4	1.0
OG_6024	10	13	21	1.0
OG_6025	14	15	24	0.9905
OG_6026	10	13	14	0.9487
OG_6027	3	15	16	0.5714
OG_6028	7	9	13	1.0
OG_6029	13	17	23	0.8603
OG_6030	11	16	16	0.5083
OG_6031	8	12	12	1.0
OG_6032	8	10	10	1.0
OG_6033	8	26	30	0.9477
OG_6034	4	44	44	0.3996
OG_6035	13	34	43	0.9911
OG_6036	6	17	17	0.8897
OG_6037	6	25	25	0.6633
OG_6038	5	12	12	0.8333
OG_6039	15	87	102	0.8123
OG_6040	8	30	31	0.623
OG_6041	4	22	23	0.5325
OG_6042	12	15	18	0.9714
OG_6043	15	108	149	0.644
OG_6044	5	6	6	1.0
OG_6045	14	18	22	0.7647
OG_6046	3	10	17	0.9111
OG_6047	3	3	3	1.0
OG_6048	13	29	40	0.7635
OG_6049	15	79	127	0.9685
OG_6050	11	12	12	1.0
OG_6051	7	11	11	0.9818
OG_6052	5	25	25	0.5633
OG_6053	10	34	51	0.5954
OG_6054	14	17	23	0.8382
OG_6055	6	13	15	0.7179
OG_6056	8	17	20	0.6765
OG_6057	12	15	18	0.9714
OG_6058	14	255	299	0.1883
OG_6059	11	50	62	0.5812
OG_6060	14	14	16	1.0
OG_6061	12	113	126	0.3918
OG_6062	5	10	10	0.8222
OG_6063	8	51	52	0.7624
OG_6064	12	116	226	0.2544
OG_6065	14	21	26	0.881
OG_6066	14	14	15	1.0
OG_6067	12	12	15	1.0
OG_6068	8	13	13	0.8974
OG_6069	12	77	80	0.7929
OG_6070	7	97	109	0.3003
OG_6071	7	9	14	1.0
OG_6072	4	19	20	0.614
OG_6073	8	15	17	0.819
OG_6074	14	22	24	0.8398
OG_6075	3	9	9	0.9167
OG_6076	3	4	4	1.0
OG_6077	8	20	22	0.6211
OG_6078	13	75	87	0.831
OG_6079	15	19	21	1.0
OG_6080	15	23	28	0.9051
OG_6081	4	5	6	1.0
OG_6082	13	15	34	0.9905
OG_6083	8	14	15	0.9231
OG_6084	12	12	12	1.0
OG_6085	14	31	35	0.8796
OG_6086	13	37	42	0.6802
OG_6087	15	110	129	0.6405
OG_6088	8	34	39	0.7023
OG_6089	6	48	73	0.3085
OG_6090	12	20	20	0.8526
OG_6091	7	13	21	1.0
OG_6092	4	48	70	0.391
OG_6093	8	18	18	0.8105
OG_6094	4	7	8	1.0
OG_6095	5	27	41	0.5071
OG_6096	13	13	13	1.0
OG_6097	2	4	4	1.0
OG_6098	5	5	6	1.0
OG_6099	6	57	77	0.4862
OG_6100	15	167	192	0.4979
OG_6101	8	8	10	1.0
OG_6102	5	11	11	1.0
OG_6103	7	18	24	0.9935
OG_6104	5	11	12	0.8
OG_6105	6	9	11	1.0
OG_6106	15	97	114	0.7874
OG_6107	8	8	10	1.0
OG_6108	12	23	26	0.7233
OG_6109	7	35	40	0.637
OG_6110	15	89	122	0.3836
OG_6111	3	3	3	1.0
OG_6112	11	18	19	0.7582
OG_6113	10	52	58	0.6252
OG_6114	15	38	48	0.8506
OG_6115	7	17	29	0.9559
OG_6116	10	32	34	0.7036
OG_6117	15	314	384	0.2762
OG_6118	12	51	76	0.7341
OG_6119	6	15	15	1.0
OG_6120	6	16	16	0.85
OG_6121	7	9	10	1.0
OG_6122	13	44	75	0.5391
OG_6123	10	17	37	0.9853
OG_6124	5	6	7	1.0
OG_6125	13	103	127	0.305
OG_6126	12	12	13	1.0
OG_6127	9	33	50	0.4261
OG_6128	4	7	7	0.8095
OG_6129	14	38	44	0.8478
OG_6130	2	3	3	1.0
OG_6131	4	6	16	0.8
OG_6132	4	7	7	1.0
OG_6133	7	13	15	1.0
OG_6134	12	14	15	1.0
OG_6135	3	5	5	1.0
OG_6136	5	18	20	0.8301
OG_6137	12	33	34	0.9943
OG_6138	9	26	28	0.4308
OG_6139	4	10	10	0.6
OG_6140	2	3	3	1.0
OG_6141	4	14	16	0.6593
OG_6142	14	14	18	1.0
OG_6143	15	21	28	0.6905
OG_6144	15	22	25	0.6407
OG_6145	14	17	27	1.0
OG_6146	10	11	18	0.9818
OG_6147	14	174	235	0.6633
OG_6148	8	26	51	0.8923
OG_6149	13	78	88	0.5175
OG_6150	9	79	93	0.4346
OG_6151	6	33	39	0.5303
OG_6152	10	61	88	0.3508
OG_6153	9	36	41	0.5413
OG_6154	3	6	6	1.0
OG_6155	15	119	220	0.8657
OG_6156	8	90	116	0.2841
OG_6157	7	77	83	0.3052
OG_6158	15	18	28	0.8824
OG_6159	4	8	8	0.8571
OG_6160	15	17	24	0.9853
OG_6161	5	36	39	0.3175
OG_6162	12	25	31	0.9567
OG_6163	13	66	70	0.759
OG_6164	10	10	11	0.8889
OG_6165	9	21	22	0.6952
OG_6166	7	9	15	0.9167
OG_6167	4	12	12	0.6212
OG_6168	4	10	10	1.0
OG_6169	14	14	18	0.956
OG_6170	10	46	59	0.801
OG_6171	5	5	9	1.0
OG_6172	15	156	185	0.5749
OG_6173	5	5	5	1.0
OG_6174	7	35	44	0.7613
OG_6175	4	8	8	0.8929
OG_6176	5	20	20	0.6263
OG_6177	12	92	121	0.6328
OG_6178	12	24	29	0.9819
OG_6179	3	11	11	0.9818
OG_6180	8	63	91	0.3886
OG_6181	13	15	19	0.981
OG_6182	8	32	45	0.5685
OG_6183	2	11	11	0.6364
OG_6184	15	22	35	0.9221
OG_6185	11	65	78	0.6822
OG_6186	5	20	22	0.6842
OG_6187	6	37	54	0.3619
OG_6188	3	6	7	1.0
OG_6189	11	161	271	0.2323
OG_6190	13	59	73	0.7756
OG_6191	15	21	37	0.7905
OG_6192	8	24	32	0.7971
OG_6193	8	25	25	0.81
OG_6194	10	30	52	0.331
OG_6195	13	29	30	0.9212
OG_6196	13	15	17	0.981
OG_6197	9	27	34	0.6353
OG_6198	15	31	53	0.9333
OG_6199	13	13	16	1.0
OG_6200	13	34	36	0.8538
OG_6201	3	15	18	0.6381
OG_6202	4	4	4	1.0
OG_6203	5	17	20	0.8015
OG_6204	8	35	43	0.4924
OG_6205	10	13	13	0.9103
OG_6206	10	82	122	0.5914
OG_6207	14	25	29	0.7967
OG_6208	6	20	28	0.8263
OG_6209	8	31	39	0.7763
OG_6210	12	20	22	0.9684
OG_6211	6	6	6	1.0
OG_6212	13	41	46	0.8683
OG_6213	15	20	32	0.7421
OG_6214	6	9	10	0.9444
OG_6215	3	6	6	0.7333
OG_6216	7	10	17	0.9333
OG_6217	12	18	23	0.9804
OG_6218	15	270	357	0.2662
OG_6219	12	12	16	1.0
OG_6220	10	13	21	0.8718
OG_6221	12	45	55	0.8808
OG_6222	5	5	8	1.0
OG_6223	13	14	16	1.0
OG_6224	12	16	17	0.8333
OG_6225	2	2	2	0.0
OG_6226	12	120	140	0.2081
OG_6227	14	20	32	0.9947
OG_6228	11	93	106	0.6496
OG_6229	4	11	11	0.8545
OG_6230	4	10	10	0.9778
OG_6231	15	23	32	0.6285
OG_6232	3	5	5	1.0
OG_6233	6	18	18	0.5752
OG_6234	14	172	190	0.3585
OG_6235	9	22	24	0.7662
OG_6236	4	4	5	0.8333
OG_6237	9	11	12	1.0
OG_6238	15	46	73	0.7594
OG_6239	12	80	118	0.2772
OG_6240	10	10	12	1.0
OG_6241	14	28	31	0.4286
OG_6242	14	36	56	0.8095
OG_6243	10	11	19	0.8909
OG_6244	12	12	12	1.0
OG_6245	10	76	85	0.5046
OG_6246	12	84	100	0.5258
OG_6247	5	25	28	0.6967
OG_6248	2	5	5	1.0
OG_6249	15	21	23	0.9619
OG_6250	9	67	73	0.2234
OG_6251	4	17	31	0.9926
OG_6252	15	26	37	0.9354
OG_6253	6	23	25	0.5731
OG_6254	11	12	13	1.0
OG_6255	2	3	3	1.0
OG_6256	6	6	6	1.0
OG_6257	7	28	31	0.4841
OG_6258	9	24	38	1.0
OG_6259	4	17	18	0.8382
OG_6260	15	75	85	0.9243
OG_6261	14	26	29	0.9631
OG_6262	15	55	136	0.2842
OG_6263	12	12	48	1.0
OG_6264	13	65	80	0.663
OG_6265	12	45	62	0.9212
OG_6266	8	10	10	1.0
OG_6267	14	145	219	0.3023
OG_6268	13	13	14	1.0
OG_6269	14	107	156	0.298
OG_6270	10	65	72	0.8966
OG_6271	12	17	21	0.9632
OG_6272	6	14	15	0.7143
OG_6273	15	15	15	1.0
OG_6274	4	6	6	0.6
OG_6275	12	25	41	0.9967
OG_6276	14	75	98	0.6876
OG_6277	8	9	9	0.6944
OG_6278	13	37	46	0.7733
OG_6279	12	123	162	0.2991
OG_6280	8	56	60	0.5481
OG_6281	5	5	5	1.0
OG_6282	10	14	18	0.5934
OG_6283	13	73	111	0.7987
OG_6284	15	19	50	0.9357
OG_6285	13	17	21	0.5882
OG_6286	10	10	11	1.0
OG_6287	12	18	28	0.9739
OG_6288	8	15	17	1.0
OG_6289	10	11	11	0.9818
OG_6290	8	35	36	0.521
OG_6291	11	74	82	0.3532
OG_6292	9	9	9	1.0
OG_6293	10	73	84	0.5951
OG_6294	5	24	28	0.6957
OG_6295	10	77	108	0.5892
OG_6296	10	23	28	0.8933
OG_6297	14	63	102	0.3625
OG_6298	15	20	27	0.9316
OG_6299	15	101	139	0.5271
OG_6300	11	30	50	0.7839
OG_6301	11	25	27	0.9033
OG_6302	15	23	27	0.9091
OG_6303	13	35	37	0.5782
OG_6304	13	93	108	0.582
OG_6305	7	8	8	1.0
OG_6306	14	18	24	0.9608
OG_6307	12	63	65	0.7937
OG_6308	5	13	17	0.4231
OG_6309	8	10	10	0.8
OG_6310	4	8	9	0.5
OG_6311	9	52	73	0.4434
OG_6312	7	11	12	0.8727
OG_6313	4	4	4	1.0
OG_6314	10	17	18	0.6985
OG_6315	11	35	37	0.5983
OG_6316	3	7	7	0.619
OG_6317	14	16	20	1.0
OG_6318	15	36	57	0.9667
OG_6319	2	6	9	1.0
OG_6320	13	15	18	1.0
OG_6321	15	15	18	1.0
OG_6322	15	15	32	1.0
OG_6323	15	20	40	0.9526
OG_6324	7	8	10	0.8929
OG_6325	11	16	20	0.9083
OG_6326	4	8	9	0.8929
OG_6327	2	8	13	0.6071
OG_6328	15	47	54	0.8141
OG_6329	14	15	19	0.9905
OG_6330	15	64	86	0.4985
OG_6331	2	3	3	1.0
OG_6332	14	40	43	0.9462
OG_6333	15	16	16	1.0
OG_6334	14	53	69	0.4819
OG_6335	15	48	55	0.9486
OG_6336	15	71	90	0.8761
OG_6337	4	4	4	1.0
OG_6338	15	53	70	0.7859
OG_6339	3	12	12	0.697
OG_6340	2	25	31	0.5367
OG_6341	6	24	28	0.6739
OG_6342	13	17	25	1.0
OG_6343	15	27	31	0.9943
OG_6344	15	60	71	0.8062
OG_6345	10	31	34	0.5527
OG_6346	2	11	11	0.7091
OG_6347	2	6	7	0.6
OG_6348	15	16	24	0.9667
OG_6349	15	15	15	1.0
OG_6350	14	15	16	0.981
OG_6351	7	37	66	0.3033
OG_6352	15	24	30	0.8261
OG_6353	12	13	13	1.0
OG_6354	15	155	258	0.2083
OG_6355	13	13	14	1.0
OG_6356	3	12	15	0.4848
OG_6357	15	133	193	0.3287
OG_6358	15	18	19	0.9346
OG_6359	14	41	42	0.7171
OG_6360	14	30	34	0.908
OG_6361	15	16	17	0.975
OG_6362	2	10	10	1.0
OG_6363	3	11	15	0.8364
OG_6364	14	16	16	0.9833
OG_6365	14	36	70	0.5381
OG_6366	14	40	43	0.5897
OG_6367	5	17	23	0.8088
OG_6368	12	14	15	0.7143
OG_6369	15	61	87	0.2639
OG_6370	14	14	36	0.9451
OG_6371	4	4	9	1.0
OG_6372	13	15	15	0.7619
OG_6373	2	32	37	0.3508
OG_6374	2	5	5	1.0
OG_6375	13	14	18	1.0
OG_6376	15	27	35	0.7236
OG_6377	2	3	5	1.0
OG_6378	9	44	67	0.5719
OG_6379	2	18	24	0.8627
OG_6380	15	16	20	1.0
OG_6381	15	15	18	0.9905
OG_6382	15	17	19	0.9559
OG_6383	3	5	6	1.0
OG_6384	14	51	85	0.9412
OG_6385	2	3	4	1.0
OG_6386	10	18	19	0.8693
OG_6387	5	5	6	1.0
OG_6388	15	74	104	0.7686
OG_6389	7	19	27	0.883
OG_6390	2	8	8	0.8929
OG_6391	14	88	163	0.2312
OG_6392	13	13	18	0.9487
OG_6393	14	16	16	1.0
OG_6394	15	15	39	1.0
OG_6395	11	15	16	0.5143
OG_6396	2	40	166	0.3397
OG_6397	14	16	20	0.9333
OG_6398	2	15	20	0.6381
OG_6399	14	36	51	0.8937
OG_6400	12	107	116	0.1931
OG_6401	13	18	30	0.6405
OG_6402	15	16	29	0.9333
OG_6403	2	4	10	1.0
OG_6404	2	6	15	1.0
OG_6405	2	10	15	0.7556
OG_6406	15	26	27	1.0
OG_6407	15	81	96	0.6247
OG_6408	14	18	18	0.7516
OG_6409	14	16	20	0.9667
OG_6410	14	14	26	1.0
OG_6411	12	19	38	0.6082
OG_6412	15	15	18	1.0
OG_6413	15	26	36	0.8769
OG_6414	15	17	25	0.8676
OG_6415	5	8	9	1.0
OG_6416	13	13	14	1.0
OG_6417	14	16	21	1.0
OG_6418	5	7	7	1.0
OG_6419	13	22	26	0.9913
OG_6420	15	28	31	0.7804
OG_6421	14	16	20	1.0
OG_6422	14	14	16	1.0
OG_6423	14	17	34	0.9706
OG_6424	13	29	31	0.4729
OG_6425	14	18	37	0.7712
OG_6426	15	15	15	1.0
OG_6427	7	9	9	0.6667
OG_6428	11	36	40	0.9429
OG_6429	2	4	6	1.0
OG_6430	14	19	19	1.0
OG_6431	14	14	17	1.0
OG_6432	5	12	16	1.0
OG_6433	14	17	17	0.7279
OG_6434	14	16	20	0.6667
OG_6435	14	14	24	1.0
OG_6436	3	7	9	0.7143
OG_6437	14	16	29	1.0
OG_6438	2	16	23	0.8833
OG_6439	15	15	31	1.0
OG_6440	15	17	18	1.0
OG_6441	14	14	17	1.0
OG_6442	4	5	11	1.0
OG_6443	3	10	13	0.8889
OG_6444	3	4	8	1.0
OG_6445	2	8	10	1.0
OG_6446	14	15	16	0.9905
OG_6447	15	16	16	0.9667
OG_6448	15	24	24	0.9022
OG_6449	14	15	23	1.0
OG_6450	14	14	15	1.0
OG_6451	2	8	12	1.0
OG_6452	2	5	19	1.0
OG_6453	15	132	179	0.7016
OG_6454	2	14	19	0.7473
OG_6455	2	8	10	0.8214
OG_6456	15	25	47	0.5167
OG_6457	3	5	5	1.0
OG_6458	10	10	10	1.0
OG_6459	15	18	21	0.8889
OG_6460	14	20	24	0.6947
OG_6461	5	7	8	0.9524
OG_6462	15	17	31	1.0
OG_6463	14	21	31	0.9238
OG_6464	13	13	17	1.0
OG_6465	15	22	30	0.9827
OG_6466	15	17	20	1.0
OG_6467	3	11	15	0.8
OG_6468	14	15	15	1.0
OG_6469	15	22	23	0.7922
OG_6470	2	6	8	0.9333
OG_6471	13	14	14	0.8462
OG_6472	15	19	20	0.7076
OG_6473	6	6	6	1.0
OG_6474	13	51	56	0.3537
OG_6475	5	9	10	1.0
OG_6476	14	17	24	0.9779
OG_6477	2	5	6	1.0
OG_6478	10	10	10	1.0
OG_6479	14	17	18	0.9706
OG_6480	14	27	30	0.9259
OG_6481	14	16	19	0.975
OG_6482	7	8	9	1.0
OG_6483	15	21	23	0.8476
OG_6484	13	13	14	0.9359
OG_6485	15	20	31	0.6526
OG_6486	14	14	20	1.0
OG_6487	11	13	17	1.0
OG_6488	15	15	19	0.981
OG_6489	4	17	21	0.6397
OG_6490	13	14	14	0.956
OG_6491	15	16	21	0.9667
OG_6492	13	14	18	1.0
OG_6493	14	15	16	1.0
OG_6494	15	21	26	0.6048
OG_6495	8	68	70	0.3973
OG_6496	6	16	27	0.5083
OG_6497	15	15	17	1.0
OG_6498	12	13	16	1.0
OG_6499	13	13	15	0.9872
OG_6500	15	33	52	0.9451
OG_6501	15	16	30	1.0
OG_6502	15	17	20	0.9926
OG_6503	14	34	39	0.9893
OG_6504	2	7	7	0.619
OG_6505	3	6	6	1.0
OG_6506	11	177	212	0.3307
OG_6507	4	5	5	1.0
OG_6508	2	3	3	1.0
OG_6509	11	80	105	0.4405
OG_6510	15	27	35	0.9288
OG_6511	5	10	12	0.8222
OG_6512	6	27	46	0.9801
OG_6513	12	18	20	0.7124
OG_6514	10	31	48	0.5935
OG_6515	15	126	160	0.142
OG_6516	7	26	36	0.8185
OG_6517	15	35	89	0.5429
OG_6518	4	12	13	0.8788
OG_6519	2	5	5	1.0
OG_6520	13	13	15	1.0
OG_6521	7	15	17	0.8762
OG_6522	13	29	35	0.5961
OG_6523	13	14	17	0.8571
OG_6524	7	12	12	0.7727
OG_6525	2	5	5	1.0
OG_6526	6	29	40	0.7611
OG_6527	15	40	50	0.7756
OG_6528	5	15	20	0.8381
OG_6529	5	19	20	0.6491
OG_6530	9	22	24	1.0
OG_6531	11	23	28	0.8182
OG_6532	5	15	16	0.781
OG_6533	10	40	47	0.709
OG_6534	4	10	12	0.9556
OG_6535	11	11	13	1.0
OG_6536	3	5	5	1.0
OG_6537	7	31	61	0.5376
OG_6538	12	53	60	0.291
OG_6539	10	73	98	0.6024
OG_6540	2	6	7	0.9333
OG_6541	2	4	4	1.0
OG_6542	5	10	10	0.8
OG_6543	3	4	4	1.0
OG_6544	15	23	35	0.9763
OG_6545	4	9	9	0.9722
OG_6546	5	10	10	0.7333
OG_6547	11	19	25	0.9942
OG_6548	7	23	53	0.6759
OG_6549	9	26	33	0.6338
OG_6550	9	31	39	0.7849
OG_6551	9	41	56	0.7207
OG_6552	2	6	6	1.0
OG_6553	8	20	22	0.8579
OG_6554	15	412	556	0.1401
OG_6555	11	24	34	0.9601
OG_6556	2	4	4	1.0
OG_6557	10	38	47	0.3428
OG_6558	3	8	8	0.8571
OG_6559	15	196	253	0.2397
OG_6560	15	24	39	0.971
OG_6561	4	4	5	1.0
OG_6562	10	10	10	1.0
OG_6563	11	11	11	1.0
OG_6564	5	6	6	1.0
OG_6565	7	8	8	1.0
OG_6566	15	19	24	1.0
OG_6567	14	75	89	0.5276
OG_6568	5	8	8	0.6071
OG_6569	10	22	22	0.71
OG_6570	15	30	37	0.8529
OG_6571	6	32	34	0.7944
OG_6572	5	14	14	0.3956
OG_6573	14	25	37	0.92
OG_6574	2	7	7	1.0
OG_6575	6	7	7	0.7143
OG_6576	5	28	32	0.6058
OG_6577	13	64	86	0.7019
OG_6578	12	87	120	0.5164
OG_6579	11	11	12	1.0
OG_6580	15	20	23	1.0
OG_6581	10	18	21	0.902
OG_6582	4	4	4	1.0
OG_6583	7	15	16	1.0
OG_6584	14	14	14	1.0
OG_6585	6	11	26	0.7818
OG_6586	10	34	50	0.9465
OG_6587	12	72	90	0.4257
OG_6588	13	35	70	0.6807
OG_6589	3	9	9	1.0
OG_6590	10	18	19	0.9673
OG_6591	15	39	47	0.942
OG_6592	13	133	160	0.2039
OG_6593	4	7	7	0.7619
OG_6594	14	15	15	0.7524
OG_6595	6	12	12	1.0
OG_6596	14	16	24	0.975
OG_6597	15	15	15	1.0
OG_6598	3	7	9	0.8095
OG_6599	12	143	178	0.2974
OG_6600	9	37	38	0.515
OG_6601	4	4	4	1.0
OG_6602	3	12	12	0.9697
OG_6603	13	114	147	0.758
OG_6604	15	51	59	0.9216
OG_6605	9	36	61	0.4873
OG_6606	13	107	129	0.1204
OG_6607	13	15	15	0.6667
OG_6608	3	7	8	1.0
OG_6609	12	16	21	0.9083
OG_6610	12	16	17	0.7
OG_6611	7	10	12	0.9778
OG_6612	15	63	80	0.873
OG_6613	2	6	6	1.0
OG_6614	4	6	6	0.8
OG_6615	3	5	6	1.0
OG_6616	6	14	18	0.7473
OG_6617	10	44	51	0.8953
OG_6618	10	76	102	0.2674
OG_6619	14	59	86	0.5149
OG_6620	5	5	5	1.0
OG_6621	11	18	23	1.0
OG_6622	12	22	24	0.5541
OG_6623	8	27	27	0.4274
OG_6624	7	11	11	0.6909
OG_6625	9	12	21	0.8788
OG_6626	3	7	8	0.7619
OG_6627	13	51	58	0.8824
OG_6628	15	28	43	0.8439
OG_6629	6	10	11	1.0
OG_6630	5	19	19	0.9825
OG_6631	10	44	47	0.7918
OG_6632	5	28	28	0.9418
OG_6633	5	13	16	0.3462
OG_6634	15	35	41	0.6824
OG_6635	4	7	7	1.0
OG_6636	3	10	10	0.8889
OG_6637	6	12	16	0.7273
OG_6638	7	21	21	0.8143
OG_6639	2	4	4	1.0
OG_6640	6	6	9	1.0
OG_6641	6	8	14	0.75
OG_6642	11	29	33	0.8251
OG_6643	7	35	46	0.642
OG_6644	15	32	48	0.9073
OG_6645	3	5	6	1.0
OG_6646	2	5	5	1.0
OG_6647	4	19	20	0.6667
OG_6648	11	51	61	0.9035
OG_6649	3	22	24	0.6494
OG_6650	10	40	57	0.7064
OG_6651	4	7	7	1.0
OG_6652	4	7	9	0.8571
OG_6653	3	13	19	0.7949
OG_6654	8	8	8	0.9643
OG_6655	6	18	21	0.6732
OG_6656	5	17	20	0.8309
OG_6657	14	26	28	0.9415
OG_6658	13	25	34	0.8967
OG_6659	7	20	23	0.3526
OG_6660	13	15	15	0.7524
OG_6661	3	8	8	0.9643
OG_6662	2	12	12	0.7576
OG_6663	5	5	5	1.0
OG_6664	14	15	17	0.7143
OG_6665	12	74	78	0.458
OG_6666	14	30	39	0.731
OG_6667	6	29	31	0.6749
OG_6668	6	11	12	0.9636
OG_6669	2	9	12	0.8889
OG_6670	10	10	11	1.0
OG_6671	14	22	29	0.8615
OG_6672	13	22	24	0.7619
OG_6673	2	3	3	1.0
OG_6674	13	13	16	1.0
OG_6675	3	13	14	0.8077
OG_6676	3	4	4	1.0
OG_6677	14	14	15	0.8791
OG_6678	15	59	76	0.2794
OG_6679	14	56	68	0.7227
OG_6680	7	18	19	0.6993
OG_6681	12	20	21	0.3316
OG_6682	15	33	48	0.7784
OG_6683	4	9	9	1.0
OG_6684	15	26	32	0.9938
OG_6685	12	13	30	1.0
OG_6686	4	7	7	1.0
OG_6687	12	15	18	0.9048
OG_6688	8	40	44	0.3962
OG_6689	13	43	68	0.8981
OG_6690	12	35	53	0.8269
OG_6691	15	28	42	0.9339
OG_6692	8	44	57	0.6702
OG_6693	10	10	10	1.0
OG_6694	4	5	5	1.0
OG_6695	14	46	50	0.5855
OG_6696	6	10	10	0.9111
OG_6697	3	6	6	0.6
OG_6698	8	26	27	0.5662
OG_6699	4	11	11	1.0
OG_6700	9	13	27	0.9487
OG_6701	2	20	22	0.4316
OG_6702	11	32	41	0.9355
OG_6703	9	50	64	0.7984
OG_6704	3	8	9	1.0
OG_6705	15	16	27	0.9833
OG_6706	2	5	5	1.0
OG_6707	10	19	21	0.883
OG_6708	12	89	131	0.6244
OG_6709	10	42	56	0.4402
OG_6710	10	18	22	0.9935
OG_6711	3	10	10	0.8444
OG_6712	3	3	3	1.0
OG_6713	14	14	15	1.0
OG_6714	9	9	10	1.0
OG_6715	8	14	16	0.9231
OG_6716	13	159	165	0.3126
OG_6717	11	13	13	0.7436
OG_6718	6	12	15	1.0
OG_6719	6	30	31	0.6253
OG_6720	8	23	37	0.6798
OG_6721	15	23	28	0.9763
OG_6722	14	78	90	0.8085
OG_6723	10	39	52	0.4845
OG_6724	8	33	40	0.7917
OG_6725	11	11	14	0.9818
OG_6726	10	23	29	0.7708
OG_6727	10	16	23	0.8583
OG_6728	10	62	63	0.6727
OG_6729	15	159	243	0.6901
OG_6730	14	99	105	0.5941
OG_6731	14	87	123	0.722
OG_6732	13	19	21	0.7719
OG_6733	12	16	22	0.8
OG_6734	8	9	9	1.0
OG_6735	3	7	7	1.0
OG_6736	2	6	6	0.9333
OG_6737	12	122	141	0.4415
OG_6738	14	14	16	1.0
OG_6739	2	4	4	0.8333
OG_6740	9	9	9	1.0
OG_6741	12	29	69	0.734
OG_6742	7	16	17	0.9667
OG_6743	13	69	91	0.5644
OG_6744	4	11	11	0.8909
OG_6745	14	25	35	0.6667
OG_6746	4	5	5	1.0
OG_6747	8	33	34	0.7102
OG_6748	12	25	41	0.8333
OG_6749	10	28	34	0.7725
OG_6750	8	9	10	0.9722
OG_6751	12	69	97	0.9659
OG_6752	5	5	5	1.0
OG_6753	14	52	80	0.5566
OG_6754	5	5	7	1.0
OG_6755	9	18	20	0.7908
OG_6756	11	80	95	0.4715
OG_6757	12	23	27	0.834
OG_6758	7	7	8	1.0
OG_6759	14	16	22	1.0
OG_6760	13	14	15	0.7692
OG_6761	13	16	18	0.875
OG_6762	2	9	10	0.8611
OG_6763	6	19	22	0.5088
OG_6764	10	48	55	0.7633
OG_6765	9	29	50	0.9951
OG_6766	12	15	15	1.0
OG_6767	10	20	23	0.9
OG_6768	13	41	62	0.7183
OG_6769	14	123	249	0.26
OG_6770	6	9	9	0.9722
OG_6771	10	18	33	0.9869
OG_6772	11	58	61	0.4211
OG_6773	12	14	37	1.0
OG_6774	8	19	23	0.731
OG_6775	9	13	35	0.8462
OG_6776	9	9	9	1.0
OG_6777	13	82	99	0.5715
OG_6778	6	20	20	0.7579
OG_6779	13	61	76	0.6005
OG_6780	9	27	32	0.5328
OG_6781	6	15	16	0.9048
OG_6782	7	11	15	1.0
OG_6783	9	24	26	0.5978
OG_6784	4	5	5	1.0
OG_6785	6	14	16	0.7802
OG_6786	15	50	71	0.8041
OG_6787	6	11	11	0.9273
OG_6788	14	17	24	1.0
OG_6789	4	5	5	1.0
OG_6790	6	6	6	1.0
OG_6791	12	15	15	0.9905
OG_6792	13	13	18	1.0
OG_6793	13	28	33	0.582
OG_6794	10	10	16	1.0
OG_6795	10	12	14	0.7121
OG_6796	7	16	19	0.8667
OG_6797	10	16	17	0.95
OG_6798	11	16	17	0.6833
OG_6799	13	81	125	0.7645
OG_6800	7	12	14	1.0
OG_6801	12	14	18	0.9231
OG_6802	2	8	8	0.8571
OG_6803	12	35	43	0.7714
OG_6804	13	72	109	0.9229
OG_6805	9	9	9	0.9167
OG_6806	15	20	27	0.9947
OG_6807	2	6	9	1.0
OG_6808	15	18	21	0.902
OG_6809	15	135	175	0.7469
OG_6810	5	7	7	1.0
OG_6811	11	12	15	0.9848
OG_6812	11	11	13	0.9273
OG_6813	12	34	39	0.8485
OG_6814	12	22	37	1.0
OG_6815	15	100	114	0.6192
OG_6816	6	15	16	0.8952
OG_6817	15	115	124	0.9132
OG_6818	7	15	21	0.9048
OG_6819	11	13	14	0.8462
OG_6820	11	14	16	0.989
OG_6821	12	31	46	0.843
OG_6822	13	19	26	0.9942
OG_6823	8	8	8	1.0
OG_6824	7	43	58	0.814
OG_6825	15	41	55	0.9951
OG_6826	12	15	19	0.7619
OG_6827	14	17	20	1.0
OG_6828	6	6	6	1.0
OG_6829	4	9	9	0.5556
OG_6830	11	11	11	1.0
OG_6831	14	62	68	0.4405
OG_6832	12	12	13	1.0
OG_6833	15	18	23	0.9935
OG_6834	15	88	114	0.4882
OG_6835	9	22	26	0.8398
OG_6836	13	14	29	1.0
OG_6837	8	12	14	1.0
OG_6838	13	31	37	0.572
OG_6839	7	29	33	0.6773
OG_6840	6	6	6	1.0
OG_6841	14	19	46	1.0
OG_6842	9	10	15	0.9778
OG_6843	13	106	124	0.6196
OG_6844	9	10	11	1.0
OG_6845	9	12	16	0.7424
OG_6846	13	30	30	0.9954
OG_6847	6	22	23	0.9913
OG_6848	7	8	11	1.0
OG_6849	12	157	209	0.6057
OG_6850	13	129	156	0.4804
OG_6851	7	12	29	1.0
OG_6852	14	132	162	0.3912
OG_6853	15	16	30	0.9333
OG_6854	12	83	98	0.6618
OG_6855	5	16	16	0.925
OG_6856	14	20	23	0.7
OG_6857	13	25	29	1.0
OG_6858	5	9	10	0.9722
OG_6859	6	27	32	0.5726
OG_6860	10	29	29	0.9877
OG_6861	6	26	27	0.8585
OG_6862	6	10	10	0.7333
OG_6863	11	32	39	0.5847
OG_6864	15	16	19	0.9833
OG_6865	9	9	10	0.7778
OG_6866	6	8	8	0.75
OG_6867	6	15	16	0.581
OG_6868	13	222	290	0.2944
OG_6869	15	28	40	0.7407
OG_6870	13	43	54	0.8361
OG_6871	11	18	21	0.9281
OG_6872	8	26	27	0.76
OG_6873	2	7	7	1.0
OG_6874	12	34	41	0.9465
OG_6875	5	15	22	0.5333
OG_6876	5	14	14	0.9341
OG_6877	14	42	42	0.9036
OG_6878	4	41	42	0.6732
OG_6879	15	291	350	0.2541
OG_6880	12	25	52	0.73
OG_6881	11	15	16	1.0
OG_6882	13	71	114	0.5851
OG_6883	11	49	49	0.7347
OG_6884	11	16	16	1.0
OG_6885	15	17	26	1.0
OG_6886	8	8	8	1.0
OG_6887	4	5	5	0.9
OG_6888	14	16	26	0.9833
OG_6889	15	38	58	0.8592
OG_6890	15	20	48	0.8211
OG_6891	7	9	11	0.9444
OG_6892	3	7	7	0.8095
OG_6893	4	5	5	1.0
OG_6894	9	33	45	0.7367
OG_6895	13	15	15	0.981
OG_6896	13	13	13	1.0
OG_6897	3	6	6	0.6
OG_6898	10	11	14	0.9818
OG_6899	9	11	14	1.0
OG_6900	10	20	21	0.9421
OG_6901	12	27	33	0.9943
OG_6902	13	16	16	0.7917
OG_6903	6	17	21	0.8088
OG_6904	12	13	19	0.9487
OG_6905	7	50	66	0.4465
OG_6906	6	9	9	1.0
OG_6907	10	12	12	0.9697
OG_6908	2	8	8	0.9643
OG_6909	11	14	21	0.956
OG_6910	6	6	6	1.0
OG_6911	14	14	30	1.0
OG_6912	12	88	129	0.5494
OG_6913	15	16	21	0.9833
OG_6914	12	12	16	1.0
OG_6915	3	10	10	0.9778
OG_6916	15	132	175	0.4655
OG_6917	5	7	7	1.0
OG_6918	14	52	67	0.7738
OG_6919	9	16	20	0.9083
OG_6920	15	28	51	1.0
OG_6921	10	17	29	1.0
OG_6922	13	20	25	0.9
OG_6923	12	13	13	0.9231
OG_6924	5	19	22	0.9708
OG_6925	11	11	12	1.0
OG_6926	2	5	6	0.7
OG_6927	14	17	19	0.9412
OG_6928	12	51	61	0.3098
OG_6929	15	18	21	1.0
OG_6930	10	38	44	0.7155
OG_6931	6	16	17	0.8917
OG_6932	8	8	8	0.8571
OG_6933	11	34	61	0.8396
OG_6934	4	4	4	1.0
OG_6935	9	15	16	0.7429
OG_6936	9	24	24	0.8877
OG_6937	13	148	201	0.465
OG_6938	10	18	18	0.6863
OG_6939	5	5	5	1.0
OG_6940	14	49	81	0.8827
OG_6941	15	34	58	0.9947
OG_6942	10	10	12	1.0
OG_6943	12	44	52	0.6575
OG_6944	15	145	245	0.6521
OG_6945	15	28	42	0.8492
OG_6946	12	58	67	0.5838
OG_6947	7	32	51	0.5726
OG_6948	12	23	28	0.9565
OG_6949	15	24	31	0.9529
OG_6950	12	130	145	0.4866
OG_6951	11	34	48	0.6916
OG_6952	10	33	54	0.608
OG_6953	5	5	5	1.0
OG_6954	14	29	37	0.8276
OG_6955	11	32	40	0.6391
OG_6956	15	33	42	0.8068
OG_6957	6	8	8	0.9643
OG_6958	4	28	35	0.6005
OG_6959	8	16	27	0.65
OG_6960	7	10	10	0.9111
OG_6961	12	20	25	0.9263
OG_6962	13	16	23	0.8583
OG_6963	5	16	17	0.5333
OG_6964	7	19	24	0.8012
OG_6965	15	91	124	0.5328
OG_6966	14	20	45	0.7053
OG_6967	5	15	17	0.9714
OG_6968	7	8	8	0.9286
OG_6969	7	8	8	1.0
OG_6970	11	62	71	0.6647
OG_6971	14	20	34	1.0
OG_6972	15	15	19	1.0
OG_6973	2	5	5	1.0
OG_6974	15	24	46	0.9964
OG_6975	11	29	33	0.7931
OG_6976	13	133	140	0.5698
OG_6977	7	21	27	0.6857
OG_6978	9	12	13	0.6364
OG_6979	13	13	17	1.0
OG_6980	13	25	32	0.8267
OG_6981	6	17	20	0.5809
OG_6982	5	12	13	0.7273
OG_6983	14	18	19	0.8824
OG_6984	15	37	46	0.9009
OG_6985	2	4	4	1.0
OG_6986	15	19	21	0.8947
OG_6987	15	25	37	0.99
OG_6988	14	190	202	0.4307
OG_6989	15	16	16	0.9833
OG_6990	12	12	12	0.8636
OG_6991	10	16	20	0.6167
OG_6992	8	16	19	0.6167
OG_6993	11	55	75	0.9643
OG_6994	15	32	39	0.754
OG_6995	10	20	24	0.7
OG_6996	13	16	23	1.0
OG_6997	12	16	18	1.0
OG_6998	8	11	13	1.0
OG_6999	15	21	32	0.8619
OG_7000	13	13	18	1.0
OG_7001	11	12	22	1.0
OG_7002	7	8	8	1.0
OG_7003	6	22	26	0.3853
OG_7004	11	30	34	0.9264
OG_7005	14	16	18	0.7417
OG_7006	14	15	22	0.9619
OG_7007	11	17	23	0.9926
OG_7008	11	13	14	0.8974
OG_7009	14	72	96	0.7821
OG_7010	14	19	25	1.0
OG_7011	11	12	14	1.0
OG_7012	15	17	18	0.9559
OG_7013	15	18	32	1.0
OG_7014	14	23	29	0.9802
OG_7015	15	33	40	0.8939
OG_7016	5	5	6	1.0
OG_7017	11	11	13	1.0
OG_7018	6	11	15	1.0
OG_7019	10	11	12	0.9636
OG_7020	4	4	4	1.0
OG_7021	3	6	7	1.0
OG_7022	14	15	16	1.0
OG_7023	14	135	163	0.2743
OG_7024	7	34	35	0.7166
OG_7025	15	63	78	0.3917
OG_7026	7	17	17	0.9706
OG_7027	14	19	26	0.9474
OG_7028	12	14	15	0.978
OG_7029	15	15	15	0.8381
OG_7030	12	115	180	0.658
OG_7031	14	19	21	0.9883
OG_7032	8	10	15	1.0
OG_7033	12	13	18	1.0
OG_7034	5	5	5	0.9
OG_7035	15	119	148	0.858
OG_7036	13	49	56	0.7083
OG_7037	14	18	22	0.9869
OG_7038	14	17	18	0.9853
OG_7039	12	14	17	0.978
OG_7040	2	14	16	0.8462
OG_7041	14	14	17	1.0
OG_7042	13	17	32	0.9926
OG_7043	12	14	17	0.978
OG_7044	12	12	15	1.0
OG_7045	15	15	17	0.8857
OG_7046	12	13	13	1.0
OG_7047	12	17	19	0.9485
OG_7048	8	16	17	0.7583
OG_7049	15	17	22	0.9926
OG_7050	14	14	17	1.0
OG_7051	2	4	4	1.0
OG_7052	8	21	21	0.9333
OG_7053	13	15	18	0.9905
OG_7054	14	16	22	0.925
OG_7055	15	20	47	0.6579
OG_7056	11	14	21	0.8132
OG_7057	3	10	10	0.9778
OG_7058	2	24	25	0.4203
OG_7059	8	19	19	0.924
OG_7060	14	17	17	0.9926
OG_7061	13	13	14	1.0
OG_7062	15	40	53	0.8013
OG_7063	15	18	18	0.9869
OG_7064	11	12	27	0.9848
OG_7065	8	51	65	0.4565
OG_7066	15	21	35	0.819
OG_7067	15	19	22	1.0
OG_7068	11	13	16	0.859
OG_7069	15	15	18	1.0
OG_7070	12	12	12	0.9848
OG_7071	7	19	21	0.8772
OG_7072	14	39	49	0.3792
OG_7073	4	15	15	0.7619
OG_7074	15	23	28	0.8419
OG_7075	15	27	28	0.6781
OG_7076	11	21	26	0.919
OG_7077	2	15	16	0.8762
OG_7078	5	5	6	1.0
OG_7079	15	20	23	0.9842
OG_7080	2	5	27	0.9
OG_7081	15	18	22	0.9608
OG_7082	7	10	10	0.7778
OG_7083	7	38	54	0.3869
OG_7084	15	20	21	0.8789
OG_7085	14	14	41	1.0
OG_7086	13	18	20	1.0
OG_7087	7	38	46	0.7738
OG_7088	14	15	21	0.9333
OG_7089	13	20	25	0.7158
OG_7090	2	5	5	1.0
OG_7091	5	18	18	0.7582
OG_7092	12	12	16	1.0
OG_7093	15	16	24	1.0
OG_7094	14	16	19	0.9
OG_7095	15	18	25	0.8301
OG_7096	8	32	39	0.2339
OG_7097	14	15	20	0.9429
OG_7098	2	8	10	1.0
OG_7099	12	15	16	0.9714
OG_7100	5	17	17	0.6103
OG_7101	2	6	6	1.0
OG_7102	14	19	29	0.9006
OG_7103	14	16	27	0.9917
OG_7104	13	14	16	1.0
OG_7105	3	5	9	0.9
OG_7106	14	43	45	0.9989
OG_7107	14	32	117	0.7742
OG_7108	14	32	41	0.3508
OG_7109	12	87	99	0.537
OG_7110	6	18	20	0.4902
OG_7111	13	84	108	0.8678
OG_7112	2	4	4	1.0
OG_7113	15	20	20	0.9895
OG_7114	4	6	6	1.0
OG_7115	11	11	19	0.9818
OG_7116	15	23	31	0.9921
OG_7117	3	5	5	1.0
OG_7118	13	65	80	0.387
OG_7119	15	20	21	0.9895
OG_7120	14	39	56	0.5506
OG_7121	12	14	31	1.0
OG_7122	15	23	28	0.913
OG_7123	12	19	21	0.8889
OG_7124	5	7	7	0.7619
OG_7125	15	182	335	0.3779
OG_7126	12	16	18	0.8917
OG_7127	14	14	15	0.978
OG_7128	11	22	22	0.961
OG_7129	12	13	43	1.0
OG_7130	12	18	23	0.7974
OG_7131	15	23	33	0.9051
OG_7132	12	12	14	1.0
OG_7133	4	18	18	0.8235
OG_7134	3	35	39	0.4252
OG_7135	12	30	33	0.7632
OG_7136	15	20	27	0.7211
OG_7137	2	10	11	0.7111
OG_7138	13	44	52	0.5803
OG_7139	15	16	24	0.9917
OG_7140	10	10	11	1.0
OG_7141	4	14	15	0.8681
OG_7142	13	25	47	0.9967
OG_7143	15	19	21	0.9883
OG_7144	3	8	8	0.5714
OG_7145	11	11	16	1.0
OG_7146	13	14	18	0.989
OG_7147	2	6	10	1.0
OG_7148	14	26	30	0.8615
OG_7149	12	50	115	0.7755
OG_7150	15	18	26	0.8562
OG_7151	14	70	92	0.3304
OG_7152	5	11	11	0.9818
OG_7153	15	56	60	0.6182
OG_7154	15	18	20	0.6928
OG_7155	13	20	23	0.8211
OG_7156	12	17	20	1.0
OG_7157	2	9	9	0.9444
OG_7158	14	16	17	0.8167
OG_7159	15	17	26	0.9632
OG_7160	8	13	16	0.9872
OG_7161	12	12	12	1.0
OG_7162	15	16	28	0.9083
OG_7163	15	131	157	0.3037
OG_7164	13	26	35	0.6554
OG_7165	13	14	18	0.978
OG_7166	5	6	7	0.8667
OG_7167	13	33	41	0.9811
OG_7168	15	20	22	0.9895
OG_7169	14	15	17	0.9714
OG_7170	14	22	24	0.8788
OG_7171	11	11	16	0.9636
OG_7172	15	16	33	0.9167
OG_7173	12	79	88	0.6144
OG_7174	14	17	24	1.0
OG_7175	2	17	17	0.5
OG_7176	14	60	76	0.5475
OG_7177	12	28	36	0.619
OG_7178	14	25	41	0.88
OG_7179	11	12	12	1.0
OG_7180	14	14	16	0.989
OG_7181	15	18	21	0.9804
OG_7182	10	14	15	0.989
OG_7183	15	17	18	0.7868
OG_7184	12	14	14	1.0
OG_7185	12	13	20	0.9872
OG_7186	12	12	24	1.0
OG_7187	6	6	7	1.0
OG_7188	13	19	27	0.6257
OG_7189	12	42	53	0.6225
OG_7190	14	33	38	0.8542
OG_7191	14	15	24	0.8571
OG_7192	8	15	16	0.7143
OG_7193	6	7	7	1.0
OG_7194	13	14	41	0.978
OG_7195	2	4	4	0.8333
OG_7196	15	34	50	0.8396
OG_7197	12	12	13	0.9848
OG_7198	15	19	21	0.848
OG_7199	14	27	33	0.9145
OG_7200	6	10	10	0.9778
OG_7201	15	23	30	1.0
OG_7202	13	95	141	0.6327
OG_7203	9	23	24	0.6364
OG_7204	15	43	54	0.5958
OG_7205	15	17	19	1.0
OG_7206	14	14	14	1.0
OG_7207	15	27	31	0.8946
OG_7208	15	22	26	0.6061
OG_7209	10	12	16	1.0
OG_7210	12	12	13	0.8788
OG_7211	3	8	11	0.7857
OG_7212	10	12	13	0.7576
OG_7213	13	17	18	1.0
OG_7214	3	5	7	1.0
OG_7215	15	22	29	0.5411
OG_7216	14	21	29	0.9905
OG_7217	4	18	19	0.8758
OG_7218	12	21	35	1.0
OG_7219	8	43	53	0.4275
OG_7220	11	15	19	1.0
OG_7221	13	108	128	0.1841
OG_7222	11	11	11	0.9818
OG_7223	12	13	17	0.9744
OG_7224	13	40	43	0.7205
OG_7225	11	11	11	1.0
OG_7226	11	16	16	1.0
OG_7227	10	12	14	0.8939
OG_7228	13	13	19	1.0
OG_7229	12	13	14	0.9872
OG_7230	10	16	24	0.9083
OG_7231	9	18	22	0.7843
OG_7232	12	16	17	0.7417
OG_7233	13	14	18	1.0
OG_7234	5	50	54	0.7208
OG_7235	2	5	6	1.0
OG_7236	8	9	9	0.9722
OG_7237	15	16	27	0.9833
OG_7238	12	28	37	0.955
OG_7239	11	11	14	1.0
OG_7240	15	16	21	1.0
OG_7241	11	13	19	0.7436
OG_7242	6	8	11	0.9286
OG_7243	6	23	24	0.4664
OG_7244	4	4	4	1.0
OG_7245	14	14	16	1.0
OG_7246	12	15	16	0.981
OG_7247	15	18	23	0.9869
OG_7248	11	16	21	0.65
OG_7249	12	13	13	0.9744
OG_7250	15	18	28	0.8627
OG_7251	13	14	15	0.989
OG_7252	11	11	11	1.0
OG_7253	2	4	4	1.0
OG_7254	13	24	28	0.7935
OG_7255	15	16	19	0.9833
OG_7256	12	26	34	0.5415
OG_7257	8	21	21	0.7286
OG_7258	14	18	56	1.0
OG_7259	11	30	35	0.9425
OG_7260	13	14	14	1.0
OG_7261	13	16	18	0.9167
OG_7262	10	18	25	0.9673
OG_7263	14	30	33	0.6184
OG_7264	15	17	17	0.9926
OG_7265	11	12	13	1.0
OG_7266	4	15	16	0.8286
OG_7267	12	15	26	0.8
OG_7268	15	21	36	0.9952
OG_7269	13	15	18	0.8857
OG_7270	12	12	22	1.0
OG_7271	12	13	15	0.9872
OG_7272	14	16	22	1.0
OG_7273	13	37	53	0.7222
OG_7274	14	19	19	0.9298
OG_7275	13	22	23	0.7835
OG_7276	12	20	23	0.7737
OG_7277	14	16	22	1.0
OG_7278	13	13	14	1.0
OG_7279	15	16	19	1.0
OG_7280	12	19	19	0.7427
OG_7281	12	12	16	1.0
OG_7282	15	22	23	0.6667
OG_7283	12	13	14	1.0
OG_7284	14	30	46	0.8713
OG_7285	14	17	33	0.9926
OG_7286	11	15	21	0.6667
OG_7287	5	8	9	0.6429
OG_7288	15	23	38	1.0
OG_7289	2	5	5	0.8
OG_7290	14	37	52	0.7282
OG_7291	13	13	20	0.8462
OG_7292	11	12	12	1.0
OG_7293	6	6	7	1.0
OG_7294	15	16	18	1.0
OG_7295	13	13	14	1.0
OG_7296	10	10	12	1.0
OG_7297	2	7	11	1.0
OG_7298	11	17	18	1.0
OG_7299	13	16	17	0.9917
OG_7300	14	32	43	0.8528
OG_7301	12	32	39	0.9496
OG_7302	15	21	29	0.9905
OG_7303	15	19	20	0.7895
OG_7304	12	15	15	0.6952
OG_7305	13	14	21	1.0
OG_7306	12	15	17	0.7429
OG_7307	12	53	65	0.643
OG_7308	12	87	115	0.6945
OG_7309	2	9	12	1.0
OG_7310	8	35	44	0.9193
OG_7311	12	14	16	0.989
OG_7312	13	32	55	0.6472
OG_7313	15	25	34	0.6467
OG_7314	15	21	22	0.9905
OG_7315	12	12	18	1.0
OG_7316	11	13	14	0.859
OG_7317	3	3	4	1.0
OG_7318	15	16	20	0.9167
OG_7319	4	11	14	0.9636
OG_7320	3	8	9	1.0
OG_7321	7	20	24	0.9421
OG_7322	15	15	15	0.7143
OG_7323	8	18	20	0.9804
OG_7324	14	14	15	1.0
OG_7325	13	13	17	0.9615
OG_7326	9	13	15	0.8077
OG_7327	4	4	4	1.0
OG_7328	12	22	28	0.9957
OG_7329	3	9	12	1.0
OG_7330	11	85	137	0.3126
OG_7331	12	20	27	0.6789
OG_7332	6	28	34	0.4497
OG_7333	10	20	21	0.7421
OG_7334	9	9	9	1.0
OG_7335	13	76	93	0.6923
OG_7336	11	48	53	0.8121
OG_7337	8	36	45	0.7968
OG_7338	2	4	4	1.0
OG_7339	11	65	97	0.4774
OG_7340	5	17	18	0.6618
OG_7341	10	30	41	0.7264
OG_7342	12	12	15	1.0
OG_7343	3	12	12	0.5909
OG_7344	11	143	184	0.2895
OG_7345	11	37	50	0.5646
OG_7346	6	11	12	0.9455
OG_7347	14	16	22	0.85
OG_7348	3	23	24	0.8024
OG_7349	9	19	20	0.9532
OG_7350	3	7	8	0.8095
OG_7351	7	25	27	0.4967
OG_7352	12	24	40	1.0
OG_7353	4	8	8	0.6786
OG_7354	3	5	5	0.8
OG_7355	11	12	12	1.0
OG_7356	4	25	30	0.6167
OG_7357	5	8	8	0.9643
OG_7358	12	12	27	1.0
OG_7359	3	11	16	0.7455
OG_7360	7	14	17	0.9231
OG_7361	3	14	14	0.7253
OG_7362	4	6	6	1.0
OG_7363	10	78	115	0.3916
OG_7364	12	34	49	0.6988
OG_7365	10	12	15	1.0
OG_7366	7	14	40	0.5714
OG_7367	3	6	7	1.0
OG_7368	4	24	25	0.2428
OG_7369	2	4	4	1.0
OG_7370	9	28	35	0.7593
OG_7371	10	22	24	0.974
OG_7372	13	162	183	0.2504
OG_7373	15	24	34	0.9457
OG_7374	2	25	27	0.3567
OG_7375	2	10	18	0.6444
OG_7376	9	90	115	0.3036
OG_7377	15	35	47	0.9513
OG_7378	2	17	28	0.3235
OG_7379	4	13	13	0.6538
OG_7380	2	10	11	0.4444
OG_7381	15	29	43	0.7586
OG_7382	14	199	296	0.146
OG_7383	2	7	7	1.0
OG_7384	12	84	141	0.3015
OG_7385	12	21	26	0.8048
OG_7386	15	32	43	0.5121
OG_7387	14	113	135	0.2584
OG_7388	6	43	73	0.2669
OG_7389	8	22	25	0.684
OG_7390	2	57	58	0.1153
OG_7391	12	21	22	1.0
OG_7392	15	24	40	0.5688
OG_7393	2	35	37	0.2538
OG_7394	15	17	17	0.9706
OG_7395	2	32	36	0.3165
OG_7396	9	16	26	0.8917
OG_7397	2	7	7	0.9048
OG_7398	15	25	30	0.7667
OG_7399	2	13	18	0.3974
OG_7400	2	11	12	0.7818
OG_7401	4	34	43	0.4724
OG_7402	2	11	13	0.7273
OG_7403	2	26	33	0.3169
OG_7404	15	16	20	0.9917
OG_7405	6	58	70	0.2529
OG_7406	15	18	19	0.9804
OG_7407	2	16	25	0.6667
OG_7408	2	14	15	0.5275
OG_7409	2	4	5	1.0
OG_7410	14	21	43	0.9952
OG_7411	15	20	25	0.9579
OG_7412	9	15	17	0.6857
OG_7413	2	12	12	0.6061
OG_7414	2	5	5	0.8
OG_7415	15	25	36	0.7667
OG_7416	15	38	59	0.5263
OG_7417	13	95	131	0.3212
OG_7418	15	16	17	0.9917
OG_7419	13	28	32	0.6958
OG_7420	10	26	34	0.3877
OG_7421	15	27	43	0.6724
OG_7422	11	14	14	0.8791
OG_7423	13	21	27	0.6857
OG_7424	15	101	113	0.3305
OG_7425	15	33	37	0.9053
OG_7426	14	32	66	0.5202
OG_7427	11	19	25	0.9357
OG_7428	15	15	17	1.0
OG_7429	2	16	17	0.5833
OG_7430	15	198	216	0.3848
OG_7431	3	14	15	0.5385
OG_7432	15	24	30	0.9783
OG_7433	8	71	83	0.2085
OG_7434	2	7	7	0.7619
OG_7435	2	8	8	0.8214
OG_7436	2	14	16	0.5824
OG_7437	15	68	88	0.2537
OG_7438	14	30	36	0.9908
OG_7439	2	7	8	0.7619
OG_7440	15	91	104	0.673
OG_7441	3	14	15	0.5714
OG_7442	2	13	13	0.4359
OG_7443	2	10	10	0.4889
OG_7444	3	13	13	0.7692
OG_7445	15	16	18	0.875
OG_7446	15	41	56	0.3549
OG_7447	2	5	6	0.8
OG_7448	14	16	21	1.0
OG_7449	2	14	16	0.7033
OG_7450	2	6	6	0.7333
OG_7451	2	9	11	0.9722
OG_7452	9	27	45	0.4302
OG_7453	2	11	16	0.7091
OG_7454	2	5	5	1.0
OG_7455	2	8	8	0.9286
OG_7456	15	56	82	0.461
OG_7457	14	27	34	0.849
OG_7458	15	33	48	0.9223
OG_7459	15	19	22	0.731
OG_7460	15	18	45	0.9739
OG_7461	9	59	78	0.6067
OG_7462	14	23	26	0.9763
OG_7463	2	9	9	0.7222
OG_7464	9	61	70	0.3077
OG_7465	15	27	34	0.9202
OG_7466	5	8	8	0.8929
OG_7467	13	14	18	0.989
OG_7468	14	15	16	1.0
OG_7469	11	11	12	1.0
OG_7470	2	23	23	0.3992
OG_7471	12	29	57	0.9606
OG_7472	14	17	23	0.9853
OG_7473	3	28	36	0.4021
OG_7474	4	7	7	0.619
OG_7475	2	6	6	0.9333
OG_7476	15	26	33	1.0
OG_7477	14	14	15	1.0
OG_7478	3	11	11	0.8727
OG_7479	2	16	21	0.3417
OG_7480	11	12	14	1.0
OG_7481	15	15	19	1.0
OG_7482	15	22	46	0.7403
OG_7483	14	26	34	0.7877
OG_7484	2	14	16	0.7033
OG_7485	15	72	97	0.9026
OG_7486	15	21	26	0.981
OG_7487	2	4	6	1.0
OG_7488	15	100	160	0.4655
OG_7489	15	17	19	0.9706
OG_7490	2	8	8	0.9643
OG_7491	15	23	25	0.834
OG_7492	15	16	18	0.9917
OG_7493	2	13	15	0.9872
OG_7494	3	26	36	0.6031
OG_7495	7	18	19	0.4641
OG_7496	2	17	25	0.4118
OG_7497	4	15	21	0.4857
OG_7498	11	34	56	0.7326
OG_7499	15	15	16	1.0
OG_7500	2	7	11	1.0
OG_7501	3	10	18	0.7111
OG_7502	2	8	9	0.6786
OG_7503	13	112	144	0.3375
OG_7504	2	21	23	0.3238
OG_7505	3	8	8	0.7143
OG_7506	15	19	25	0.9064
OG_7507	13	23	28	0.8972
OG_7508	15	25	42	0.96
OG_7509	15	17	29	0.9779
OG_7510	15	16	20	0.9583
OG_7511	2	12	12	0.7121
OG_7512	15	23	29	0.9921
OG_7513	5	24	25	0.3659
OG_7514	2	8	8	0.6786
OG_7515	4	5	8	1.0
OG_7516	15	17	21	0.9118
OG_7517	2	11	16	0.9091
OG_7518	7	7	8	0.9524
OG_7519	13	26	32	0.9354
OG_7520	4	12	12	0.5606
OG_7521	14	15	17	0.8095
OG_7522	12	15	16	0.981
OG_7523	14	16	48	0.9667
OG_7524	14	14	14	0.9451
OG_7525	13	13	13	1.0
OG_7526	15	16	20	0.9917
OG_7527	2	5	6	1.0
OG_7528	2	4	5	1.0
OG_7529	15	16	17	0.95
OG_7530	5	9	11	0.6111
OG_7531	2	13	18	0.7179
OG_7532	14	180	217	0.2415
OG_7533	15	19	26	0.9006
OG_7534	3	5	7	0.7
OG_7535	15	18	23	0.9869
OG_7536	13	17	36	0.8603
OG_7537	13	13	13	1.0
OG_7538	15	17	18	0.9853
OG_7539	15	16	22	0.9917
OG_7540	15	16	18	0.9917
OG_7541	14	14	24	1.0
OG_7542	2	10	10	0.7111
OG_7543	14	15	17	0.9905
OG_7544	3	8	9	0.4643
OG_7545	15	17	18	0.9926
OG_7546	15	41	41	0.4427
OG_7547	15	118	146	0.5146
OG_7548	13	23	26	0.8854
OG_7549	13	15	19	0.981
OG_7550	6	23	24	0.4783
OG_7551	12	13	14	1.0
OG_7552	7	39	45	0.8016
OG_7553	7	11	11	0.9455
OG_7554	13	37	48	0.8078
OG_7555	10	46	73	0.7836
OG_7556	8	38	47	0.596
OG_7557	6	8	8	0.9643
OG_7558	12	17	18	0.9485
OG_7559	12	12	19	1.0
OG_7560	13	13	14	1.0
OG_7561	14	14	19	0.9451
OG_7562	9	9	14	1.0
OG_7563	15	19	21	0.9942
OG_7564	15	15	20	0.8762
OG_7565	15	20	22	0.8158
OG_7566	15	27	32	0.7493
OG_7567	15	38	42	0.5548
OG_7568	12	52	96	0.4382
OG_7569	14	18	29	1.0
OG_7570	3	3	5	1.0
OG_7571	14	39	55	0.498
OG_7572	14	30	37	0.8138
OG_7573	15	39	62	0.5425
OG_7574	15	16	22	0.9833
OG_7575	15	21	41	0.8286
OG_7576	15	17	18	0.875
OG_7577	2	10	10	0.5111
OG_7578	7	19	20	0.8947
OG_7579	9	31	31	0.4323
OG_7580	14	28	40	0.6164
OG_7581	2	5	5	1.0
OG_7582	15	64	75	0.4231
OG_7583	14	14	15	0.9231
OG_7584	14	42	48	0.5679
OG_7585	8	21	21	0.8048
OG_7586	13	44	56	0.8214
OG_7587	14	14	15	0.989
OG_7588	15	18	23	0.8039
OG_7589	12	12	12	1.0
OG_7590	15	19	21	0.9474
OG_7591	8	33	51	0.4981
OG_7592	2	5	5	1.0
OG_7593	12	14	16	1.0
OG_7594	12	14	23	0.989
OG_7595	15	17	18	0.9706
OG_7596	13	15	16	0.981
OG_7597	14	33	44	0.8352
OG_7598	13	19	22	0.9942
OG_7599	15	46	58	0.3652
OG_7600	15	35	45	0.6017
OG_7601	15	23	27	0.9763
OG_7602	2	12	12	0.7424
OG_7603	12	22	28	0.8485
OG_7604	12	12	18	1.0
OG_7605	15	20	29	0.9947
OG_7606	13	57	86	0.8872
OG_7607	14	29	44	0.798
OG_7608	13	14	20	0.9011
OG_7609	14	14	23	0.8571
OG_7610	2	10	10	0.5333
OG_7611	15	16	25	0.9667
OG_7612	3	19	22	0.5789
OG_7613	14	17	17	0.8824
OG_7614	14	14	17	1.0
OG_7615	2	6	6	0.8
OG_7616	10	19	19	0.9883
OG_7617	14	29	31	0.8153
OG_7618	15	15	16	1.0
OG_7619	13	16	19	1.0
OG_7620	15	16	17	0.9833
OG_7621	13	17	18	1.0
OG_7622	14	17	22	0.9853
OG_7623	15	41	47	0.2476
OG_7624	15	22	24	0.9091
OG_7625	11	26	34	0.8492
OG_7626	13	20	21	0.7684
OG_7627	12	17	19	0.7426
OG_7628	2	18	19	0.4118
OG_7629	3	13	18	0.7564
OG_7630	5	19	25	0.5906
OG_7631	15	41	44	0.3841
OG_7632	2	6	6	1.0
OG_7633	15	17	19	1.0
OG_7634	11	11	15	0.9636
OG_7635	4	5	5	0.6
OG_7636	10	59	84	0.3735
OG_7637	15	29	45	0.7759
OG_7638	14	46	86	0.2995
OG_7639	7	41	53	0.4244
OG_7640	11	17	23	0.7868
OG_7641	10	38	45	0.4467
OG_7642	2	9	9	0.7778
OG_7643	2	6	8	0.7333
OG_7644	15	29	49	0.8202
OG_7645	15	43	74	0.3511
OG_7646	4	6	6	0.6667
OG_7647	13	18	33	1.0
OG_7648	14	18	27	1.0
OG_7649	14	22	24	0.7186
OG_7650	13	13	28	1.0
OG_7651	15	17	20	0.9926
OG_7652	15	20	20	0.9579
OG_7653	11	34	38	0.8948
OG_7654	15	29	29	0.9113
OG_7655	12	62	88	0.2924
OG_7656	15	22	26	0.9957
OG_7657	11	34	45	0.984
OG_7658	15	24	40	0.9203
OG_7659	5	19	23	0.7485
OG_7660	14	58	70	0.3642
OG_7661	2	5	6	1.0
OG_7662	15	17	18	0.9853
OG_7663	15	23	26	0.9407
OG_7664	15	38	39	0.6088
OG_7665	12	15	31	0.7524
OG_7666	15	22	42	0.9177
OG_7667	11	43	61	0.9147
OG_7668	10	37	63	0.8679
OG_7669	12	34	36	0.943
OG_7670	15	55	68	0.497
OG_7671	12	80	102	0.7146
OG_7672	12	44	45	0.9345
OG_7673	10	38	39	0.9872
OG_7674	11	33	59	0.9451
OG_7675	12	51	64	0.942
OG_7676	15	86	105	0.8326
OG_7677	11	84	98	0.8107
OG_7678	12	37	65	0.97
OG_7679	15	71	82	0.7875
OG_7680	15	149	165	0.6163
OG_7681	14	62	73	0.8403
OG_7682	10	50	87	0.6269
OG_7683	13	92	111	0.5798
OG_7684	12	32	35	0.9899
OG_7685	12	34	48	0.7736
OG_7686	9	32	38	0.7843
OG_7687	12	45	70	0.5717
OG_7688	14	28	53	0.746
OG_7689	15	26	31	0.8708
OG_7690	10	30	40	0.908
OG_7691	11	34	40	0.7932
OG_7692	14	26	44	0.8554
OG_7693	15	23	35	0.996
OG_7694	14	103	126	0.3404
OG_7695	14	26	29	0.8646
OG_7696	14	24	26	0.913
OG_7697	12	125	180	0.7837
OG_7698	13	75	115	0.6966
OG_7699	12	29	34	1.0
OG_7700	14	55	62	0.7522
OG_7701	13	130	149	0.6748
OG_7702	15	89	163	0.6545
OG_7703	13	41	68	0.7768
OG_7704	8	46	55	0.7652
OG_7705	10	59	74	0.8673
OG_7706	15	59	84	0.9579
OG_7707	10	10	10	1.0
OG_7708	5	21	34	0.9
OG_7709	14	19	25	1.0
OG_7710	11	20	20	1.0
OG_7711	8	36	43	0.6683
OG_7712	14	25	36	0.7833
OG_7713	10	20	25	0.9947
OG_7714	10	31	36	0.8108
OG_7715	13	15	37	1.0
OG_7716	15	19	21	1.0
OG_7717	15	17	17	1.0
OG_7718	15	23	29	0.83
OG_7719	15	19	30	1.0
OG_7720	13	14	15	1.0
OG_7721	15	19	21	1.0
OG_7722	14	24	28	0.7754
OG_7723	11	32	32	0.9012
OG_7724	15	47	54	0.7308
OG_7725	9	22	29	0.8442
OG_7726	7	17	17	0.9926
OG_7727	10	20	23	0.9789
OG_7728	12	18	18	0.9935
OG_7729	11	19	19	0.8772
OG_7730	7	23	29	0.6364
OG_7731	13	23	28	0.8063
OG_7732	15	26	37	0.7785
OG_7733	12	38	45	0.8464
OG_7734	11	108	121	0.558
OG_7735	12	42	61	0.64
OG_7736	10	52	68	0.7858
OG_7737	12	55	69	0.6949
OG_7738	9	49	70	0.6871
OG_7739	10	34	39	0.9287
OG_7740	15	39	44	0.7652
OG_7741	13	18	24	0.8954
OG_7742	15	16	16	1.0
OG_7743	15	16	30	1.0
OG_7744	12	13	17	1.0
OG_7745	15	17	31	1.0
OG_7746	15	18	21	0.9935
OG_7747	14	16	24	0.8083
OG_7748	7	18	19	0.9935
OG_7749	9	19	22	0.8129
OG_7750	10	13	16	1.0
OG_7751	12	99	114	0.3608
OG_7752	14	20	21	0.7632
OG_7753	13	62	66	0.7245
OG_7754	11	32	41	0.9032
OG_7755	15	21	27	0.7333
OG_7756	14	16	21	1.0
OG_7757	15	16	17	1.0
OG_7758	15	16	19	1.0
OG_7759	15	15	15	1.0
OG_7760	15	15	18	1.0
OG_7761	14	18	24	0.8562
OG_7762	9	28	31	0.6217
OG_7763	12	20	21	0.7737
OG_7764	14	15	20	1.0
OG_7765	9	16	18	0.9917
OG_7766	12	23	30	0.5336
OG_7767	13	16	22	0.9
OG_7768	15	17	17	0.9926
OG_7769	9	23	24	1.0
OG_7770	9	22	39	1.0
OG_7771	7	26	26	0.9046
OG_7772	13	30	39	0.6897
OG_7773	13	68	100	0.6036
OG_7774	15	74	82	0.8604
OG_7775	14	117	143	0.8419
OG_7776	11	36	66	0.9111
OG_7777	11	50	58	0.6751
OG_7778	13	34	49	0.9269
OG_7779	14	83	104	0.6744
OG_7780	14	98	172	0.6127
OG_7781	10	27	36	0.9915
OG_7782	13	14	15	1.0
OG_7783	15	25	30	0.8233
OG_7784	9	19	25	0.5848
OG_7785	10	14	20	1.0
OG_7786	15	17	29	0.8824
OG_7787	14	14	23	1.0
OG_7788	13	14	16	1.0
OG_7789	15	15	17	1.0
OG_7790	11	11	11	1.0
OG_7791	5	24	33	0.9674
OG_7792	11	18	19	0.915
OG_7793	12	12	17	1.0
OG_7794	4	13	16	0.8718
OG_7795	15	18	21	0.9085
OG_7796	15	31	41	0.6108
OG_7797	11	26	42	0.5262
OG_7798	14	20	35	0.7263
OG_7799	14	32	47	0.5222
OG_7800	15	17	19	0.9706
OG_7801	15	16	17	0.9917
OG_7802	14	17	17	0.8824
OG_7803	7	19	20	0.924
OG_7804	14	21	21	0.9905
OG_7805	6	24	28	1.0
OG_7806	8	52	108	0.6614
OG_7807	14	15	18	0.9905
OG_7808	13	13	26	1.0
OG_7809	4	15	31	0.9905
OG_7810	12	13	16	0.8846
OG_7811	13	65	193	0.7183
OG_7812	8	14	19	0.8901
OG_7813	12	12	12	1.0
OG_7814	15	17	18	0.8015
OG_7815	15	16	22	0.875
OG_7816	13	13	16	1.0
OG_7817	13	16	17	0.9667
OG_7818	15	16	20	0.8833
OG_7819	14	14	20	1.0
OG_7820	13	13	23	1.0
OG_7821	13	15	22	0.9905
OG_7822	15	15	18	0.8667
OG_7823	13	13	20	1.0
OG_7824	13	16	20	0.7833
OG_7825	14	14	17	1.0
OG_7826	14	15	18	0.9905
OG_7827	13	13	17	1.0
OG_7828	13	15	15	0.9905
OG_7829	13	13	13	1.0
OG_7830	7	27	27	0.4957
OG_7831	7	28	28	0.6429
OG_7832	11	12	12	1.0
OG_7833	11	21	34	0.6143
OG_7834	14	14	16	1.0
OG_7835	13	17	20	0.8456
OG_7836	15	20	28	0.7579
OG_7837	15	23	28	0.8024
OG_7838	14	101	179	0.8453
OG_7839	14	36	70	0.7937
OG_7840	10	21	21	0.9571
OG_7841	12	13	18	0.9872
OG_7842	9	21	21	0.9714
OG_7843	15	25	28	0.79
OG_7844	10	30	33	0.8989
OG_7845	14	14	19	0.989
OG_7846	8	14	15	0.8462
OG_7847	13	13	15	1.0
OG_7848	13	14	15	0.8791
OG_7849	14	14	14	0.989
OG_7850	13	14	14	0.8791
OG_7851	12	13	24	1.0
OG_7852	13	13	24	0.8462
OG_7853	9	13	57	1.0
OG_7854	12	12	18	1.0
OG_7855	12	12	14	1.0
OG_7856	10	12	12	1.0
OG_7857	4	17	28	0.5588
OG_7858	12	30	32	0.4897
OG_7859	9	13	15	1.0
OG_7860	7	24	33	0.6123
OG_7861	10	31	39	0.6925
OG_7862	7	13	20	1.0
OG_7863	12	14	14	0.989
OG_7864	12	14	72	0.989
OG_7865	7	13	30	0.8974
OG_7866	13	15	33	0.8667
OG_7867	12	13	18	1.0
OG_7868	9	24	27	0.9094
OG_7869	14	16	17	1.0
OG_7870	15	20	28	0.9421
OG_7871	9	53	65	0.5871
OG_7872	15	28	31	0.8968
OG_7873	12	37	49	0.8483
OG_7874	10	43	51	0.8505
OG_7875	12	41	43	0.6561
OG_7876	15	69	106	0.9092
OG_7877	10	26	26	0.9969
OG_7878	12	36	54	0.7238
OG_7879	10	28	37	0.6402
OG_7880	15	41	73	0.3329
OG_7881	12	23	27	1.0
OG_7882	11	52	63	0.5875
OG_7883	11	48	67	0.5266
OG_7884	14	19	28	0.8596
OG_7885	8	19	31	0.8246
OG_7886	15	16	21	1.0
OG_7887	15	34	40	0.8788
OG_7888	12	12	14	1.0
OG_7889	10	10	11	1.0
OG_7890	14	14	15	0.8901
OG_7891	9	10	11	1.0
OG_7892	13	14	18	0.8571
OG_7893	12	12	14	1.0
OG_7894	13	13	26	0.9872
OG_7895	12	13	13	0.859
OG_7896	12	12	12	1.0
OG_7897	12	13	13	0.9872
OG_7898	11	11	14	1.0
OG_7899	13	14	22	0.7473
OG_7900	6	11	12	1.0
OG_7901	4	13	14	0.9872
OG_7902	7	31	41	0.5677
OG_7903	12	12	17	0.9848
OG_7904	3	8	8	1.0
OG_7905	7	12	14	0.9091
OG_7906	6	26	31	0.4769
OG_7907	9	50	73	0.6253
OG_7908	11	16	20	0.7833
OG_7909	12	12	14	1.0
OG_7910	14	15	16	0.7619
OG_7911	6	15	17	0.7619
OG_7912	6	14	19	0.956
OG_7913	10	14	18	0.7692
OG_7914	5	14	21	0.8571
OG_7915	6	24	64	0.9601
OG_7916	12	75	84	0.7261
OG_7917	14	39	48	0.78
OG_7918	15	68	84	0.6286
OG_7919	10	14	16	1.0
OG_7920	12	12	13	1.0
OG_7921	15	16	18	0.9917
OG_7922	12	14	14	1.0
OG_7923	11	19	20	0.8421
OG_7924	8	15	16	1.0
OG_7925	10	15	15	0.981
OG_7926	12	18	26	0.9412
OG_7927	15	17	17	0.9044
OG_7928	13	18	21	0.7974
OG_7929	15	25	31	0.84
OG_7930	13	57	64	0.5539
OG_7931	15	17	27	0.9853
OG_7932	14	18	29	1.0
OG_7933	12	24	27	1.0
OG_7934	13	22	33	0.7143
OG_7935	10	23	25	0.7273
OG_7936	13	17	18	1.0
OG_7937	9	9	14	1.0
OG_7938	9	10	11	1.0
OG_7939	11	12	12	0.8485
OG_7940	10	10	11	1.0
OG_7941	12	12	20	0.8485
OG_7942	10	10	19	1.0
OG_7943	11	11	11	1.0
OG_7944	10	10	10	1.0
OG_7945	3	9	9	1.0
OG_7946	5	12	13	0.9848
OG_7947	12	12	13	0.9848
OG_7948	8	24	33	0.6413
OG_7949	10	32	41	0.5262
OG_7950	4	16	17	0.7333
OG_7951	12	13	13	0.8462
OG_7952	11	13	24	0.8846
OG_7953	9	9	24	0.8333
OG_7954	13	14	17	0.7692
OG_7955	11	11	17	1.0
OG_7956	12	12	13	0.9848
OG_7957	4	9	10	1.0
OG_7958	11	31	37	0.4667
OG_7959	13	16	17	0.675
OG_7960	13	67	86	0.597
OG_7961	11	78	86	0.6727
OG_7962	15	15	16	1.0
OG_7963	14	27	31	0.6667
OG_7964	13	13	17	1.0
OG_7965	13	14	17	1.0
OG_7966	13	14	15	1.0
OG_7967	6	14	15	1.0
OG_7968	5	19	19	0.8363
OG_7969	15	23	37	0.5692
OG_7970	13	14	16	1.0
OG_7971	8	38	99	0.6031
OG_7972	13	13	24	1.0
OG_7973	14	19	22	0.9181
OG_7974	14	17	34	1.0
OG_7975	9	33	40	0.6705
OG_7976	12	47	79	0.9019
OG_7977	11	48	53	0.7518
OG_7978	11	43	61	0.7763
OG_7979	15	15	42	0.981
OG_7980	12	12	18	1.0
OG_7981	12	12	17	1.0
OG_7982	15	16	23	0.875
OG_7983	10	16	17	0.9
OG_7984	12	12	13	1.0
OG_7985	11	17	18	0.7647
OG_7986	9	39	42	0.6734
OG_7987	8	39	48	0.5655
OG_7988	7	17	17	0.7279
OG_7989	5	10	10	1.0
OG_7990	12	12	24	1.0
OG_7991	12	12	15	1.0
OG_7992	8	10	16	0.8222
OG_7993	14	14	19	1.0
OG_7994	4	8	8	1.0
OG_7995	11	14	30	0.978
OG_7996	14	14	15	0.989
OG_7997	15	15	20	1.0
OG_7998	6	11	11	1.0
OG_7999	13	22	55	0.6926
OG_8000	12	28	32	0.5
OG_8001	14	20	23	0.8053
OG_8002	14	15	20	1.0
OG_8003	10	11	13	0.9818
OG_8004	12	14	15	0.5714
OG_8005	11	48	57	0.7881
OG_8006	10	11	17	0.9818
OG_8007	10	11	11	0.7636
OG_8008	5	7	10	1.0
OG_8009	8	9	12	1.0
OG_8010	2	8	8	0.8571
OG_8011	4	13	18	0.7692
OG_8012	3	7	11	1.0
OG_8013	3	8	8	1.0
OG_8014	7	10	10	1.0
OG_8015	6	9	10	1.0
OG_8016	12	51	71	0.258
OG_8017	3	7	7	1.0
OG_8018	4	13	13	0.9487
OG_8019	4	12	12	0.7273
OG_8020	4	12	18	0.9545
OG_8021	3	12	13	0.7879
OG_8022	10	10	12	1.0
OG_8023	13	38	44	0.771
OG_8024	7	37	58	0.6847
OG_8025	13	19	23	0.9942
OG_8026	12	24	32	0.8659
OG_8027	8	21	28	0.9
OG_8028	6	20	20	0.7421
OG_8029	4	11	15	1.0
OG_8030	11	15	16	1.0
OG_8031	12	15	21	0.9905
OG_8032	7	12	12	1.0
OG_8033	12	12	17	1.0
OG_8034	10	11	13	1.0
OG_8035	14	15	32	0.8857
OG_8036	12	13	14	0.8718
OG_8037	11	16	18	0.8167
OG_8038	12	14	14	0.978
OG_8039	11	38	45	0.5107
OG_8040	7	20	23	0.7474
OG_8041	13	13	16	0.8846
OG_8042	11	11	11	1.0
OG_8043	12	13	16	1.0
OG_8044	5	16	16	0.8833
OG_8045	8	14	19	0.8901
OG_8046	7	23	27	0.7115
OG_8047	15	16	21	1.0
OG_8048	15	79	88	0.2619
OG_8049	12	28	39	0.619
OG_8050	13	22	28	0.9524
OG_8051	7	22	28	0.697
OG_8052	9	9	14	1.0
OG_8053	10	10	14	0.9778
OG_8054	2	6	6	1.0
OG_8055	2	8	8	1.0
OG_8056	8	9	9	1.0
OG_8057	2	7	10	1.0
OG_8058	7	10	15	0.9778
OG_8059	15	90	131	0.3655
OG_8060	2	6	6	1.0
OG_8061	8	8	9	1.0
OG_8062	2	5	5	1.0
OG_8063	7	9	9	0.8889
OG_8064	4	8	8	1.0
OG_8065	3	9	20	1.0
OG_8066	4	9	9	0.9722
OG_8067	4	20	20	0.8053
OG_8068	10	37	73	0.491
OG_8069	9	11	12	0.8909
OG_8070	5	8	10	0.9643
OG_8071	13	19	39	0.655
OG_8072	15	17	20	0.9559
OG_8073	13	13	19	1.0
OG_8074	4	11	11	0.9818
OG_8075	6	14	14	0.989
OG_8076	6	24	27	0.5942
OG_8077	5	13	19	1.0
OG_8078	12	15	18	0.8857
OG_8079	14	18	22	0.8824
OG_8080	14	17	23	0.9853
OG_8081	7	19	20	0.9415
OG_8082	15	18	26	0.7974
OG_8083	13	15	24	1.0
OG_8084	15	18	22	0.9739
OG_8085	8	21	24	0.9095
OG_8086	10	22	25	0.8485
OG_8087	4	14	14	0.6264
OG_8088	12	44	56	0.7918
OG_8089	15	120	140	0.5343
OG_8090	13	44	55	0.8044
OG_8091	10	10	26	1.0
OG_8092	12	12	15	1.0
OG_8093	12	15	18	0.6667
OG_8094	11	12	16	1.0
OG_8095	11	11	15	1.0
OG_8096	7	14	14	0.8791
OG_8097	11	11	12	1.0
OG_8098	12	29	30	0.3842
OG_8099	11	14	16	0.6484
OG_8100	11	11	13	1.0
OG_8101	11	15	17	0.8286
OG_8102	7	13	13	0.9744
OG_8103	11	11	14	1.0
OG_8104	11	11	12	1.0
OG_8105	6	15	31	0.8381
OG_8106	12	12	12	0.9545
OG_8107	14	37	39	0.7628
OG_8108	13	32	41	0.5968
OG_8109	15	15	15	1.0
OG_8110	8	66	83	0.4214
OG_8111	14	24	25	0.6232
OG_8112	11	18	24	1.0
OG_8113	15	22	24	0.8485
OG_8114	11	12	21	1.0
OG_8115	12	61	66	0.3339
OG_8116	15	25	27	0.78
OG_8117	11	11	16	1.0
OG_8118	12	12	16	1.0
OG_8119	11	14	15	0.7692
OG_8120	12	13	15	0.9872
OG_8121	12	12	13	1.0
OG_8122	13	20	20	0.6316
OG_8123	6	14	14	0.989
OG_8124	8	16	18	0.775
OG_8125	14	14	18	1.0
OG_8126	15	16	17	1.0
OG_8127	15	17	21	0.9706
OG_8128	12	28	35	0.4312
OG_8129	11	28	29	0.918
OG_8130	10	22	24	0.9654
OG_8131	4	7	7	0.8571
OG_8132	7	7	7	1.0
OG_8133	9	9	10	0.8611
OG_8134	10	10	10	0.8
OG_8135	3	4	4	1.0
OG_8136	2	15	24	0.4762
OG_8137	8	28	31	0.4762
OG_8138	3	15	15	0.7429
OG_8139	4	17	20	0.3897
OG_8140	7	8	8	1.0
OG_8141	3	6	6	1.0
OG_8142	11	12	14	0.7424
OG_8143	3	6	8	1.0
OG_8144	7	8	8	0.8929
OG_8145	5	9	10	0.9722
OG_8146	7	9	10	0.8056
OG_8147	13	13	16	0.8333
OG_8148	8	42	48	0.4204
OG_8149	11	11	14	0.9636
OG_8150	11	12	17	0.9697
OG_8151	8	20	23	0.4211
OG_8152	6	12	12	0.9394
OG_8153	5	11	15	0.8727
OG_8154	5	10	10	1.0
OG_8155	6	22	23	0.5498
OG_8156	14	14	18	0.8462
OG_8157	11	17	19	0.8456
OG_8158	15	160	243	0.585
OG_8159	10	18	20	0.9935
OG_8160	10	19	23	0.7251
OG_8161	12	12	16	1.0
OG_8162	5	13	17	1.0
OG_8163	12	12	12	1.0
OG_8164	12	12	14	1.0
OG_8165	6	20	25	0.8474
OG_8166	6	19	25	0.9006
OG_8167	4	14	14	0.8132
OG_8168	7	28	29	0.6481
OG_8169	11	11	20	1.0
OG_8170	11	12	12	1.0
OG_8171	3	13	14	0.6026
OG_8172	12	14	20	0.7582
OG_8173	12	13	18	0.9872
OG_8174	12	12	12	1.0
OG_8175	5	15	15	0.9048
OG_8176	6	21	31	0.6857
OG_8177	13	13	17	1.0
OG_8178	13	13	17	1.0
OG_8179	12	12	13	1.0
OG_8180	12	17	17	0.625
OG_8181	5	12	13	1.0
OG_8182	9	34	43	0.7807
OG_8183	13	60	73	0.6927
OG_8184	13	18	19	0.9673
OG_8185	9	23	25	0.6561
OG_8186	11	70	97	0.4145
OG_8187	13	42	47	0.6574
OG_8188	10	26	35	0.7692
OG_8189	13	24	35	0.8261
OG_8190	10	91	130	0.7751
OG_8191	11	11	11	1.0
OG_8192	9	17	22	0.8235
OG_8193	6	9	9	0.9722
OG_8194	3	10	10	0.7556
OG_8195	5	27	30	0.6011
OG_8196	11	21	29	0.5857
OG_8197	13	14	15	1.0
OG_8198	15	20	24	0.9105
OG_8199	11	37	37	0.6156
OG_8200	11	30	41	0.9586
OG_8201	10	10	13	1.0
OG_8202	4	21	22	0.6762
OG_8203	10	10	17	1.0
OG_8204	11	14	17	0.8022
OG_8205	5	7	8	1.0
OG_8206	5	15	19	0.819
OG_8207	9	12	14	0.6212
OG_8208	6	17	18	0.6471
OG_8209	10	11	12	1.0
OG_8210	8	11	12	0.8545
OG_8211	11	12	13	1.0
OG_8212	7	11	14	1.0
OG_8213	5	19	19	0.9064
OG_8214	9	21	39	0.9238
OG_8215	6	30	54	0.5126
OG_8216	12	21	41	0.819
OG_8217	8	38	45	0.6074
OG_8218	4	8	8	0.9643
OG_8219	5	6	7	1.0
OG_8220	8	8	11	0.8929
OG_8221	4	6	6	1.0
OG_8222	6	6	6	1.0
OG_8223	3	4	7	1.0
OG_8224	4	5	5	1.0
OG_8225	8	12	15	0.697
OG_8226	6	16	17	0.7
OG_8227	2	7	9	0.7619
OG_8228	2	4	4	1.0
OG_8229	7	7	8	0.9524
OG_8230	3	4	4	1.0
OG_8231	12	38	46	0.4822
OG_8232	3	5	5	1.0
OG_8233	3	3	3	1.0
OG_8234	4	4	4	1.0
OG_8235	12	12	17	1.0
OG_8236	5	5	5	1.0
OG_8237	6	9	11	0.6667
OG_8238	14	17	32	0.9191
OG_8239	3	4	5	1.0
OG_8240	14	33	38	0.7292
OG_8241	2	5	5	1.0
OG_8242	11	22	24	0.961
OG_8243	5	6	6	1.0
OG_8244	13	13	13	1.0
OG_8245	12	12	14	1.0
OG_8246	10	15	17	0.5143
OG_8247	11	41	55	0.3476
OG_8248	15	22	22	0.8398
OG_8249	12	46	67	0.7903
OG_8250	13	21	32	0.9952
OG_8251	15	17	41	0.7721
OG_8252	6	19	21	0.9357
OG_8253	11	11	18	1.0
OG_8254	8	25	32	0.54
OG_8255	8	15	18	0.9048
OG_8256	7	15	16	0.819
OG_8257	10	16	22	0.7
OG_8258	13	19	22	0.6725
OG_8259	3	17	19	0.6985
OG_8260	5	14	15	0.8132
OG_8261	12	27	32	0.9117
OG_8262	12	27	31	0.8519
OG_8263	15	24	28	0.4964
OG_8264	11	14	19	0.989
OG_8265	12	13	13	1.0
OG_8266	12	17	20	0.9559
OG_8267	8	26	27	0.7569
OG_8268	9	31	33	0.6688
OG_8269	11	11	14	1.0
OG_8270	12	35	40	0.5462
OG_8271	8	16	20	0.9917
OG_8272	10	20	25	0.8842
OG_8273	13	34	34	0.9162
OG_8274	13	47	62	0.5615
OG_8275	10	46	49	0.5952
OG_8276	8	9	11	1.0
OG_8277	6	13	17	0.6282
OG_8278	11	11	26	0.9455
OG_8279	4	6	6	1.0
OG_8280	9	19	23	0.8012
OG_8281	6	10	14	1.0
OG_8282	5	8	8	1.0
OG_8283	2	9	9	1.0
OG_8284	13	15	16	0.9524
OG_8285	12	15	23	0.9524
OG_8286	4	18	18	0.4902
OG_8287	4	12	25	1.0
OG_8288	7	16	20	0.65
OG_8289	7	16	16	0.85
OG_8290	15	16	17	0.8417
OG_8291	10	28	31	0.5212
OG_8292	15	20	28	0.8
OG_8293	11	11	11	0.9273
OG_8294	13	13	14	0.9359
OG_8295	15	131	228	0.5995
OG_8296	12	16	25	1.0
OG_8297	11	26	36	0.4769
OG_8298	3	10	10	0.9333
OG_8299	3	14	19	0.8132
OG_8300	10	12	13	0.697
OG_8301	10	36	64	0.627
OG_8302	3	8	9	0.7857
OG_8303	3	6	6	1.0
OG_8304	8	8	10	1.0
OG_8305	6	9	10	0.8333
OG_8306	4	10	12	0.9556
OG_8307	7	13	13	0.9231
OG_8308	5	10	18	0.8444
OG_8309	4	7	7	1.0
OG_8310	8	8	9	1.0
OG_8311	6	19	21	0.5614
OG_8312	2	15	16	0.5429
OG_8313	15	59	60	0.6084
OG_8314	15	17	19	1.0
OG_8315	10	12	13	1.0
OG_8316	13	13	13	1.0
OG_8317	5	19	25	0.7427
OG_8318	15	26	27	0.7169
OG_8319	14	16	38	0.95
OG_8320	8	12	16	1.0
OG_8321	10	22	28	0.7792
OG_8322	9	18	18	0.7647
OG_8323	13	14	15	1.0
OG_8324	10	66	97	0.6671
OG_8325	11	27	28	0.7835
OG_8326	14	17	26	0.7206
OG_8327	14	19	20	0.7076
OG_8328	9	13	13	1.0
OG_8329	3	12	19	0.9394
OG_8330	6	30	31	0.7195
OG_8331	12	13	18	1.0
OG_8332	13	16	21	0.9917
OG_8333	12	12	16	1.0
OG_8334	7	11	11	1.0
OG_8335	4	11	11	0.5273
OG_8336	9	32	35	0.7137
OG_8337	9	35	47	0.7765
OG_8338	13	26	31	0.6708
OG_8339	10	22	25	0.8485
OG_8340	11	37	49	0.6051
OG_8341	12	14	14	0.989
OG_8342	12	19	25	0.9181
OG_8343	10	10	14	0.9778
OG_8344	9	32	39	0.7056
OG_8345	14	15	23	0.9905
OG_8346	4	9	18	1.0
OG_8347	10	20	23	0.6842
OG_8348	15	15	22	1.0
OG_8349	10	10	12	1.0
OG_8350	13	56	66	0.6162
OG_8351	5	12	13	0.7424
OG_8352	4	10	11	0.4
OG_8353	3	4	4	1.0
OG_8354	2	7	7	0.5714
OG_8355	8	9	9	1.0
OG_8356	2	3	3	1.0
OG_8357	5	7	7	0.7619
OG_8358	8	50	55	0.5641
OG_8359	4	12	15	0.9848
OG_8360	3	9	20	0.6944
OG_8361	4	5	5	0.9
OG_8362	3	8	9	1.0
OG_8363	2	3	4	1.0
OG_8364	3	7	7	0.619
OG_8365	11	49	52	0.2823
OG_8366	3	7	7	1.0
OG_8367	2	6	7	0.6667
OG_8368	8	34	34	0.5312
OG_8369	7	23	45	0.5731
OG_8370	2	8	8	0.8214
OG_8371	9	36	37	0.5825
OG_8372	9	21	27	0.3333
OG_8373	3	6	9	0.8667
OG_8374	6	19	21	0.9942
OG_8375	8	19	20	0.614
OG_8376	8	14	15	0.6154
OG_8377	13	16	23	0.6667
OG_8378	2	9	11	0.5278
OG_8379	2	13	13	0.5
OG_8380	2	4	5	1.0
OG_8381	9	18	23	0.9869
OG_8382	13	84	102	0.3755
OG_8383	9	9	9	1.0
OG_8384	8	26	39	0.7354
OG_8385	9	25	26	1.0
OG_8386	13	71	130	0.4044
OG_8387	6	6	7	1.0
OG_8388	2	7	7	0.619
OG_8389	10	23	25	0.913
OG_8390	4	10	10	0.8444
OG_8391	7	13	15	0.7821
OG_8392	5	7	8	0.7619
OG_8393	7	7	8	1.0
OG_8394	4	6	7	1.0
OG_8395	7	7	8	1.0
OG_8396	5	12	15	0.7121
OG_8397	6	6	10	1.0
OG_8398	2	7	8	1.0
OG_8399	4	12	15	0.6212
OG_8400	3	7	9	0.9524
OG_8401	14	17	17	0.8676
OG_8402	15	16	17	0.9583
OG_8403	12	14	15	0.967
OG_8404	5	12	12	0.9394
OG_8405	10	71	90	0.2757
OG_8406	5	16	26	0.5417
OG_8407	12	12	12	0.9394
OG_8408	3	5	5	0.8
OG_8409	12	21	24	0.6524
OG_8410	2	10	12	0.5556
OG_8411	10	20	28	0.8263
OG_8412	6	20	20	0.7842
OG_8413	9	11	12	1.0
OG_8414	9	16	17	0.7167
OG_8415	12	12	13	1.0
OG_8416	2	4	4	1.0
OG_8417	7	10	10	1.0
OG_8418	10	10	15	1.0
OG_8419	5	21	34	0.7333
OG_8420	10	10	11	1.0
OG_8421	10	10	13	1.0
OG_8422	12	12	12	1.0
OG_8423	11	11	13	1.0
OG_8424	7	18	22	0.8758
OG_8425	10	36	57	0.619
OG_8426	15	40	45	0.6628
OG_8427	10	10	10	1.0
OG_8428	3	8	10	0.9643
OG_8429	11	11	11	1.0
OG_8430	10	15	16	0.7524
OG_8431	10	37	59	0.4174
OG_8432	13	26	38	0.5169
OG_8433	4	12	13	1.0
OG_8434	9	27	38	0.8205
OG_8435	12	24	31	0.7138
OG_8436	11	15	35	0.8571
OG_8437	10	10	10	0.9333
OG_8438	5	31	38	0.7462
OG_8439	4	4	7	1.0
OG_8440	3	17	17	0.4265
OG_8441	6	11	12	0.7818
OG_8442	4	15	16	0.7619
OG_8443	3	6	7	1.0
OG_8444	3	5	6	1.0
OG_8445	10	35	40	0.6538
OG_8446	9	45	49	0.8475
OG_8447	12	12	15	1.0
OG_8448	15	25	37	0.8567
OG_8449	7	18	18	0.9935
OG_8450	9	17	18	0.8015
OG_8451	11	20	23	0.7316
OG_8452	5	12	12	0.9697
OG_8453	13	14	25	0.967
OG_8454	12	23	27	0.6561
OG_8455	15	28	43	0.5952
OG_8456	7	7	7	1.0
OG_8457	11	12	15	0.8182
OG_8458	6	20	20	0.5737
OG_8459	7	7	7	1.0
OG_8460	6	6	6	1.0
OG_8461	8	24	27	0.3949
OG_8462	5	7	7	1.0
OG_8463	13	18	24	0.6863
OG_8464	8	26	42	0.7662
OG_8465	8	19	33	0.8421
OG_8466	5	12	14	0.9848
OG_8467	8	8	18	1.0
OG_8468	11	13	22	0.7308
OG_8469	7	7	7	1.0
OG_8470	5	20	20	0.6947
OG_8471	2	6	6	0.9333
OG_8472	2	8	8	1.0
OG_8473	4	8	8	0.9643
OG_8474	12	13	14	0.9231
OG_8475	15	30	39	0.7011
OG_8476	11	19	21	0.9825
OG_8477	9	17	18	0.9191
OG_8478	14	50	52	0.7894
OG_8479	12	12	15	1.0
OG_8480	14	29	35	0.4335
OG_8481	4	9	9	0.4722
OG_8482	4	7	7	0.7143
OG_8483	5	13	16	0.9231
OG_8484	5	5	5	1.0
OG_8485	2	5	6	1.0
OG_8486	4	7	7	1.0
OG_8487	5	7	8	1.0
OG_8488	2	8	11	0.5714
OG_8489	11	17	17	0.6912
OG_8490	12	23	23	0.8933
OG_8491	4	18	22	0.5686
OG_8492	13	52	63	0.6011
OG_8493	14	18	23	0.7451
OG_8494	13	13	13	1.0
OG_8495	5	11	15	0.3273
OG_8496	9	20	26	0.6158
OG_8497	3	8	9	0.6071
OG_8498	4	4	4	1.0
OG_8499	4	8	9	0.6429
OG_8500	5	5	6	1.0
OG_8501	2	6	7	0.9333
OG_8502	13	13	13	1.0
OG_8503	6	6	6	0.9333
OG_8504	9	58	87	0.3497
OG_8505	2	28	30	0.336
OG_8506	6	14	24	0.6374
OG_8507	13	13	13	0.8974
OG_8508	10	12	13	0.7424
OG_8509	13	13	17	0.8718
OG_8510	10	10	11	1.0
OG_8511	10	31	37	0.5871
OG_8512	14	15	19	0.9905
OG_8513	15	15	26	1.0
OG_8514	7	20	20	0.8
OG_8515	3	10	10	0.8
OG_8516	11	11	11	0.8182
OG_8517	4	7	7	1.0
OG_8518	6	8	9	0.6429
OG_8519	2	7	7	0.5714
OG_8520	7	7	9	0.8571
OG_8521	3	7	7	0.9048
OG_8522	2	10	12	0.8222
OG_8523	5	7	7	1.0
OG_8524	5	8	8	0.8214
OG_8525	12	49	55	0.2908
OG_8526	8	8	9	1.0
OG_8527	8	30	31	0.7632
OG_8528	3	7	8	1.0
OG_8529	2	8	8	0.9286
OG_8530	11	25	31	0.78
OG_8531	6	15	30	0.9619
OG_8532	8	8	8	1.0
OG_8533	9	12	14	0.9091
OG_8534	3	11	11	0.8909
OG_8535	6	8	19	0.6071
OG_8536	6	9	10	1.0
OG_8537	4	14	22	0.6154
OG_8538	7	20	22	0.7684
OG_8539	5	24	34	0.5072
OG_8540	11	11	11	1.0
OG_8541	3	11	12	0.7091
OG_8542	4	8	8	0.8214
OG_8543	6	15	23	0.6095
OG_8544	4	5	5	1.0
OG_8545	7	8	10	1.0
OG_8546	10	13	15	0.6923
OG_8547	6	11	12	0.8182
OG_8548	8	8	9	1.0
OG_8549	11	11	12	1.0
OG_8550	12	12	17	1.0
OG_8551	11	41	45	0.7171
OG_8552	5	11	12	0.9091
OG_8553	13	17	18	0.6103
OG_8554	5	11	11	1.0
OG_8555	12	14	15	0.967
OG_8556	8	13	13	0.7436
OG_8557	10	16	23	0.9333
OG_8558	6	13	15	0.8974
OG_8559	13	14	18	0.7582
OG_8560	8	18	23	0.9739
OG_8561	3	8	8	0.8571
OG_8562	12	12	13	1.0
OG_8563	6	9	9	1.0
OG_8564	11	17	24	0.8235
OG_8565	7	31	37	0.7419
OG_8566	5	7	8	1.0
OG_8567	11	13	14	1.0
OG_8568	4	8	13	1.0
OG_8569	7	7	7	1.0
OG_8570	11	11	11	1.0
OG_8571	5	9	11	0.9722
OG_8572	15	22	32	0.5844
OG_8573	10	19	22	0.8363
OG_8574	15	42	69	0.5505
OG_8575	10	35	54	0.5563
OG_8576	13	15	16	1.0
OG_8577	10	11	21	1.0
OG_8578	11	12	17	1.0
OG_8579	9	25	29	0.57
OG_8580	14	14	14	1.0
OG_8581	12	50	86	0.409
OG_8582	4	6	6	1.0
OG_8583	12	15	17	0.5238
OG_8584	4	4	4	1.0
OG_8585	3	4	4	1.0
OG_8586	2	4	4	1.0
OG_8587	6	10	10	0.6
OG_8588	9	48	59	0.383
OG_8589	4	5	5	1.0
OG_8590	4	10	31	0.8
OG_8591	3	3	9	1.0
OG_8592	2	4	5	1.0
OG_8593	4	5	5	1.0
OG_8594	4	5	7	1.0
OG_8595	6	6	6	1.0
OG_8596	7	31	37	0.5548
OG_8597	3	7	7	1.0
OG_8598	8	10	10	0.7333
OG_8599	7	11	11	0.6909
OG_8600	5	8	8	0.7143
OG_8601	6	6	6	1.0
OG_8602	5	9	9	0.7222
OG_8603	5	14	15	0.4176
OG_8604	15	15	15	0.9429
OG_8605	9	13	13	0.6026
OG_8606	7	8	16	0.8571
OG_8607	8	8	8	1.0
OG_8608	7	7	8	1.0
OG_8609	3	4	4	1.0
OG_8610	3	4	5	1.0
OG_8611	5	5	8	1.0
OG_8612	4	7	7	0.8571
OG_8613	2	8	8	0.6071
OG_8614	2	6	6	1.0
OG_8615	5	5	5	1.0
OG_8616	3	7	7	1.0
OG_8617	2	11	13	0.5091
OG_8618	2	6	6	0.8
OG_8619	8	13	13	1.0
OG_8620	5	8	8	0.8214
OG_8621	14	28	43	0.6878
OG_8622	2	5	5	1.0
OG_8623	2	4	5	1.0
OG_8624	2	11	11	0.7818
OG_8625	12	12	22	0.9697
OG_8626	5	10	10	1.0
OG_8627	14	29	45	0.766
OG_8628	8	10	10	1.0
OG_8629	5	16	21	0.6417
OG_8630	4	8	8	1.0
OG_8631	5	13	13	0.4103
OG_8632	12	15	16	0.8952
OG_8633	11	11	12	1.0
OG_8634	13	15	15	0.981
OG_8635	5	13	13	0.8846
OG_8636	10	12	12	1.0
OG_8637	13	13	15	1.0
OG_8638	8	9	9	1.0
OG_8639	5	5	5	1.0
OG_8640	11	13	13	0.6923
OG_8641	4	12	12	0.5455
OG_8642	4	7	7	1.0
OG_8643	15	21	49	0.7381
OG_8644	5	15	17	0.8095
OG_8645	9	12	14	1.0
OG_8646	2	5	5	1.0
OG_8647	2	7	8	0.619
OG_8648	3	6	6	1.0
OG_8649	11	14	21	0.6703
OG_8650	5	11	13	0.8364
OG_8651	9	11	12	0.9455
OG_8652	6	24	32	0.4275
OG_8653	11	14	27	1.0
OG_8654	2	3	3	1.0
OG_8655	3	3	3	1.0
OG_8656	6	7	10	1.0
OG_8657	3	5	5	0.8
OG_8658	2	3	3	1.0
OG_8659	2	4	4	1.0
OG_8660	5	6	6	1.0
OG_8661	2	3	3	1.0
OG_8662	3	3	3	1.0
OG_8663	2	5	5	0.9
OG_8664	3	6	6	0.4667
OG_8665	2	3	4	1.0
OG_8666	3	6	6	0.6667
OG_8667	2	3	3	1.0
OG_8668	2	3	3	1.0
OG_8669	2	3	3	1.0
OG_8670	2	5	14	0.7
OG_8671	11	12	14	0.9545
OG_8672	4	4	7	1.0
OG_8673	2	4	4	1.0
OG_8674	4	6	6	0.7333
OG_8675	2	14	21	0.4725
OG_8676	8	8	8	1.0
OG_8677	2	3	3	1.0
OG_8678	2	3	4	1.0
OG_8679	2	6	6	1.0
OG_8680	3	6	6	0.7333
OG_8681	3	4	4	1.0
OG_8682	3	4	4	1.0
OG_8683	5	12	18	0.8333
OG_8684	2	5	5	0.9
OG_8685	3	3	5	1.0
OG_8686	2	8	13	0.6429
OG_8687	2	4	4	1.0
OG_8688	2	3	3	1.0
OG_8689	3	21	36	0.2714
OG_8690	2	6	6	0.7333
OG_8691	5	7	7	0.9048
OG_8692	2	6	6	0.7333
OG_8693	4	7	11	0.619
OG_8694	3	4	7	0.8333
OG_8695	3	3	3	1.0
OG_8696	2	4	4	1.0
OG_8697	4	6	7	0.7333
OG_8698	2	4	4	0.8333
OG_8699	6	30	35	0.4943
OG_8700	9	21	24	0.7571
OG_8701	14	39	57	0.3347
OG_8702	8	18	23	0.9542
OG_8703	8	12	17	0.5
OG_8704	5	6	6	1.0
OG_8705	4	9	10	0.75
OG_8706	5	11	13	0.5091
OG_8707	4	14	15	0.6813
OG_8708	5	21	22	0.4619
OG_8709	13	16	18	0.7333
OG_8710	2	5	6	1.0
OG_8711	2	4	4	1.0
OG_8712	4	9	11	0.6944
OG_8713	7	7	7	0.9524
OG_8714	4	14	15	0.8242
OG_8715	10	10	14	1.0
OG_8716	4	11	11	0.6909
OG_8717	3	4	7	1.0
OG_8718	6	13	14	0.7308
OG_8719	2	3	3	1.0
OG_8720	3	4	4	1.0
OG_8721	2	13	14	0.6154
OG_8722	2	3	3	1.0
OG_8723	2	5	5	0.9
OG_8724	8	8	11	0.8214
OG_8725	4	7	21	0.8571
OG_8726	2	6	7	1.0
OG_8727	11	13	18	0.9872
OG_8728	2	7	7	0.7143
OG_8729	2	7	7	0.9048
OG_8730	2	4	4	1.0
OG_8731	5	18	19	0.6078
OG_8732	3	7	8	0.7143
OG_8733	5	6	6	0.8667
OG_8734	4	5	6	0.8
OG_8735	3	8	8	0.5
OG_8736	5	8	14	0.7143
OG_8737	2	3	6	1.0
OG_8738	2	8	9	0.6429
OG_8739	6	8	8	0.8929
OG_8740	2	7	7	1.0
OG_8741	12	13	16	1.0
OG_8742	4	18	19	0.7386
OG_8743	8	12	18	1.0
OG_8744	5	8	10	1.0
OG_8745	7	11	11	0.8545
OG_8746	4	4	6	1.0
OG_8747	5	5	8	1.0
OG_8748	13	14	33	0.8681
OG_8749	7	7	9	1.0
OG_8750	4	9	9	0.6389
OG_8751	2	10	10	0.7556
OG_8752	7	17	22	0.7794
OG_8753	7	14	24	0.7582
OG_8754	3	6	10	0.8
OG_8755	2	10	10	0.7333
OG_8756	5	5	7	1.0
OG_8757	6	17	19	1.0
OG_8758	8	14	18	0.6593
OG_8759	9	34	35	0.4349
OG_8760	3	7	8	0.5714
OG_8761	3	3	3	1.0
OG_8762	4	9	9	0.6111
OG_8763	6	14	14	0.6264
OG_8764	4	4	5	1.0
OG_8765	2	3	3	1.0
OG_8766	11	18	31	0.7516
OG_8767	2	5	6	0.6
OG_8768	2	7	7	0.9524
OG_8769	8	10	14	0.5778
OG_8770	11	13	16	0.7949
OG_8771	2	4	4	0.8333
OG_8772	2	9	9	0.5556
OG_8773	4	6	6	1.0
OG_8774	3	10	14	0.7333
OG_8775	2	6	30	0.8667
OG_8776	2	3	7	1.0
OG_8777	4	4	4	1.0
OG_8778	6	10	10	0.3333
OG_8779	3	23	25	0.332
OG_8780	8	21	38	0.6286
OG_8781	10	15	17	0.8286
OG_8782	3	3	4	1.0
OG_8783	4	4	4	1.0
OG_8784	5	5	5	1.0
OG_8785	2	4	10	0.8333
OG_8786	2	3	3	1.0
OG_8787	2	3	3	1.0
OG_8788	2	3	4	1.0
OG_8789	7	14	63	0.6593
OG_8790	4	4	5	1.0
OG_8791	8	9	9	0.6944
OG_8792	3	6	6	0.4667
OG_8793	2	4	7	1.0
OG_8794	10	12	12	0.803
OG_8795	4	8	10	0.8571
OG_8796	2	3	3	1.0
OG_8797	3	4	5	0.8333
OG_8798	2	4	4	1.0
OG_8799	2	3	3	1.0
OG_8800	2	3	3	1.0
OG_8801	2	4	4	0.8333
OG_8802	3	8	8	0.4643
OG_8803	2	3	3	1.0
OG_8804	2	3	3	1.0
OG_8805	2	3	3	1.0
OG_8806	2	7	7	0.5238
OG_8807	2	3	3	1.0
OG_8808	3	3	3	1.0
OG_8809	3	7	7	0.5714
OG_8810	4	5	5	0.7
OG_8811	2	3	3	1.0
OG_8812	3	3	6	1.0
OG_8813	2	9	10	0.7222
OG_8814	3	6	11	0.6
OG_8815	3	4	6	1.0
OG_8816	3	3	3	1.0
OG_8817	2	4	4	1.0
OG_8818	4	6	6	0.7333
OG_8819	5	5	5	0.8
OG_8820	2	3	3	1.0
OG_8821	4	4	4	1.0
OG_8822	3	4	4	1.0
OG_8823	2	4	4	0.6667
OG_8824	2	4	5	0.8333
OG_8825	2	3	3	1.0
OG_8826	6	10	12	0.5556
OG_8827	3	3	3	0.6667
OG_8828	2	3	3	1.0
OG_8829	2	4	4	1.0
OG_8830	2	3	3	1.0
OG_8831	6	6	6	0.8
OG_8832	3	3	3	1.0
OG_8833	3	4	4	1.0
OG_8834	10	11	12	1.0
OG_8835	9	9	9	1.0
OG_8836	4	9	12	0.9444
OG_8837	5	6	6	0.7333
OG_8838	6	6	6	1.0
OG_8839	4	8	10	0.7857
OG_8840	3	6	15	0.7333
OG_8841	4	5	5	0.9
OG_8842	2	5	5	0.6
OG_8843	2	5	5	0.8
OG_8844	2	3	3	1.0
OG_8845	3	4	4	1.0
OG_8846	3	4	4	1.0
OG_8847	2	3	3	1.0
OG_8848	5	7	7	0.6667
OG_8849	2	4	4	1.0
OG_8850	5	6	8	0.6
OG_8851	2	5	5	0.8
OG_8852	2	4	4	1.0
OG_8853	4	4	4	0.8333
OG_8854	2	2	3	1.0
OG_8855	4	4	4	1.0
OG_8856	2	2	2	1.0
OG_8857	2	3	3	1.0
OG_8858	9	10	10	0.8889
OG_8859	2	4	4	1.0
OG_8860	4	5	5	1.0
OG_8861	13	13	14	0.7436
OG_8862	5	11	12	0.4545
OG_8863	3	4	4	0.6667
OG_8864	2	4	4	0.8333
OG_8865	2	3	3	1.0
OG_8866	6	6	6	1.0
OG_8867	2	8	10	0.8214
OG_8868	2	3	5	1.0
OG_8869	4	4	5	1.0
OG_8870	3	3	3	1.0
OG_8871	4	5	6	0.7
OG_8872	2	3	3	1.0
OG_8873	3	4	4	0.8333
OG_8874	3	3	7	1.0
OG_8875	3	3	4	1.0
OG_8876	4	4	4	1.0
OG_8877	2	3	4	1.0
OG_8878	3	3	3	1.0
OG_8879	3	4	4	1.0
OG_8880	2	2	2	0.0
OG_8881	2	4	4	1.0
OG_8882	2	4	6	1.0
OG_8883	2	2	3	1.0
OG_8884	3	4	4	1.0
OG_8885	2	5	6	0.7
OG_8886	4	4	4	1.0
OG_8887	3	5	5	0.7
OG_8888	3	3	3	1.0
OG_8889	3	3	3	1.0
OG_8890	2	2	4	1.0
OG_8891	2	4	5	1.0
OG_8892	3	4	5	0.6667
OG_8893	2	3	3	1.0
OG_8894	2	3	3	1.0
OG_8895	2	4	4	0.6667
OG_8896	2	5	7	0.7
OG_8897	2	3	6	1.0
OG_8898	2	2	2	1.0
OG_8899	2	4	5	0.5
OG_8900	2	3	3	1.0
OG_8901	3	3	3	1.0
OG_8902	2	2	8	1.0
OG_8903	2	2	2	1.0
OG_8904	2	4	4	1.0
OG_8905	3	4	4	1.0
OG_8906	2	3	3	1.0
OG_8907	2	6	9	0.6667
OG_8908	2	4	4	1.0
OG_8909	2	4	5	0.6667
OG_8910	4	4	5	1.0
OG_8911	4	5	5	0.6
OG_8912	4	4	4	1.0
OG_8913	2	3	3	1.0
OG_8914	2	2	2	1.0
OG_8915	2	3	3	1.0
OG_8916	2	4	4	1.0
OG_8917	4	4	6	1.0
OG_8918	2	2	2	1.0
OG_8919	3	3	3	1.0
OG_8920	2	3	3	1.0
OG_8921	5	6	7	0.6
OG_8922	3	3	3	1.0
OG_8923	2	4	4	1.0
OG_8924	2	5	6	0.7
OG_8925	2	3	7	1.0
OG_8926	2	6	6	0.6
OG_8927	3	4	4	1.0
OG_8928	3	3	3	1.0
OG_8929	2	3	3	1.0
OG_8930	3	3	3	1.0
OG_8931	2	4	4	1.0
OG_8932	2	4	4	1.0
OG_8933	2	3	3	1.0
OG_8934	3	3	5	1.0
OG_8935	5	6	7	0.5333
OG_8936	4	5	5	0.6
OG_8937	3	4	5	0.8333
OG_8938	3	3	3	1.0
OG_8939	2	3	3	1.0
OG_8940	6	7	11	0.4286
OG_8941	2	3	3	1.0
OG_8942	2	5	5	0.6
OG_8943	2	3	3	1.0
OG_8944	2	2	5	1.0
OG_8945	2	4	8	0.6667
OG_8946	3	3	5	1.0
OG_8947	2	3	4	1.0
OG_8948	3	3	4	1.0
OG_8949	2	3	3	1.0
OG_8950	2	3	3	1.0
OG_8951	2	3	3	1.0
OG_8952	2	4	4	0.6667
OG_8953	3	4	4	0.6667
OG_8954	2	3	3	1.0
OG_8955	2	3	3	1.0
OG_8956	2	2	3	1.0
OG_8957	3	4	4	0.8333
OG_8958	2	2	2	1.0
OG_8959	2	3	4	1.0
OG_8960	2	2	4	1.0
OG_8961	3	3	6	1.0
OG_8962	2	2	4	1.0
OG_8963	2	4	6	1.0
OG_8964	2	3	4	1.0
OG_8965	2	5	8	0.6
OG_8966	2	5	6	0.7
OG_8967	2	3	5	1.0
OG_8968	3	4	6	0.6667
OG_8969	2	3	3	1.0
OG_8970	4	4	4	1.0
OG_8971	3	3	3	1.0
OG_8972	2	2	2	1.0
OG_8973	2	3	5	1.0
OG_8974	2	2	7	1.0
OG_8975	3	6	6	0.5333
OG_8976	4	6	6	0.5333
OG_8977	2	3	3	1.0
OG_8978	2	4	4	0.8333
OG_8979	3	3	3	0.6667
OG_8980	2	3	3	1.0
OG_8981	2	3	3	0.6667
OG_8982	3	3	3	0.6667
OG_8983	2	2	2	1.0
OG_8984	2	3	3	1.0
OG_8985	3	3	3	1.0
OG_8986	2	3	3	1.0
OG_8987	4	5	5	0.6
OG_8988	2	2	2	1.0
OG_8989	2	2	3	1.0
OG_8990	2	2	4	1.0
OG_8991	2	2	6	1.0
OG_8992	2	2	11	1.0
OG_8993	2	3	3	1.0
OG_8994	2	2	2	1.0
OG_8995	2	2	2	1.0
OG_8996	2	2	2	1.0
OG_8997	2	3	3	0.6667
OG_8998	2	2	2	1.0
OG_8999	3	3	3	1.0
OG_9000	3	3	3	1.0
OG_9001	2	2	2	1.0
OG_9002	2	3	3	1.0
OG_9003	2	3	3	1.0
OG_9004	2	3	3	0.6667
OG_9005	2	3	3	1.0
OG_9006	3	3	3	1.0
OG_9007	2	2	2	1.0
OG_9008	2	2	2	1.0
OG_9009	2	2	2	1.0
OG_9010	2	2	2	1.0
OG_9011	2	3	3	0.6667
OG_9012	2	3	3	1.0
OG_9013	2	3	3	1.0
OG_9014	3	3	3	1.0
OG_9015	2	2	2	1.0
OG_9016	2	2	3	1.0
OG_9017	3	3	3	1.0
OG_9018	2	2	2	1.0
OG_9019	2	2	2	1.0
OG_9020	3	3	3	0.6667
OG_9021	3	3	3	1.0
OG_9022	2	2	2	1.0
OG_9023	2	2	3	1.0
OG_9024	3	3	3	1.0
OG_9025	2	2	2	1.0
OG_9026	2	2	2	1.0
OG_9027	3	3	3	1.0
OG_9028	3	3	3	1.0
OG_9029	2	2	2	1.0
OG_9030	2	3	3	1.0
OG_9031	2	3	3	1.0
OG_9032	3	3	3	1.0
OG_9033	3	3	3	1.0
OG_9034	2	2	2	1.0
OG_9035	2	3	4	1.0
OG_9036	2	3	3	0.6667
OG_9037	2	2	2	1.0
OG_9038	3	3	3	1.0
OG_9039	2	2	2	1.0
OG_9040	3	3	5	1.0
OG_9041	2	2	2	1.0
OG_9042	2	2	2	1.0
OG_9043	2	3	4	1.0
OG_9044	2	3	3	1.0
OG_9045	2	3	3	1.0
OG_9046	2	3	4	1.0
OG_9047	2	2	2	1.0
OG_9048	2	3	11	1.0
OG_9049	2	2	2	1.0
OG_9050	2	2	2	1.0
OG_9051	2	2	2	1.0
OG_9052	2	3	3	1.0
OG_9053	2	2	2	1.0
OG_9054	2	2	2	1.0
OG_9055	2	3	3	1.0
OG_9056	2	2	2	1.0
OG_9057	2	2	2	1.0
OG_9058	2	2	2	1.0
OG_9059	2	3	3	1.0
OG_9060	2	2	2	1.0
OG_9061	3	3	3	1.0
OG_9062	2	2	4	1.0
OG_9063	2	3	3	1.0
OG_9064	2	2	2	1.0
OG_9065	2	2	2	1.0
OG_9066	2	2	2	1.0
OG_9067	2	2	2	1.0
OG_9068	2	3	3	1.0
OG_9069	2	2	2	1.0
OG_9070	2	2	2	1.0
OG_9071	2	3	3	1.0
OG_9072	2	2	3	1.0
OG_9073	2	3	4	1.0
OG_9074	2	2	2	1.0
OG_9075	2	2	2	1.0
OG_9076	2	3	3	0.6667
OG_9077	2	2	2	1.0
OG_9078	2	2	2	1.0
OG_9079	3	3	3	1.0
OG_9080	2	2	2	1.0
OG_9081	2	2	2	1.0
OG_9082	2	3	3	1.0
OG_9083	3	3	3	1.0
OG_9084	3	3	3	1.0
OG_9085	2	3	3	1.0
OG_9086	3	3	3	1.0
OG_9087	2	2	2	1.0
OG_9088	2	3	4	0.6667
OG_9089	2	3	4	1.0
OG_9090	2	2	2	1.0
OG_9091	2	2	2	1.0
OG_9092	4	4	4	1.0
OG_9093	3	3	4	1.0
OG_9094	2	2	2	1.0
OG_9095	3	3	3	1.0
OG_9096	2	2	3	1.0
OG_9097	2	3	3	0.6667
OG_9098	2	3	3	1.0
OG_9099	3	3	7	1.0
OG_9100	2	2	6	1.0
OG_9101	2	3	3	1.0
OG_9102	3	3	3	1.0
OG_9103	3	3	3	1.0
OG_9104	2	3	6	0.6667
OG_9105	2	3	3	1.0
OG_9106	3	3	3	1.0
OG_9107	3	3	3	1.0
OG_9108	3	3	6	1.0
OG_9109	3	3	3	1.0
OG_9110	2	3	5	0.6667
OG_9111	2	2	2	1.0
OG_9112	2	2	2	1.0
OG_9113	2	2	2	1.0
OG_9114	3	3	3	0.6667
OG_9115	2	2	2	1.0
OG_9116	2	2	2	1.0
OG_9117	2	2	2	1.0
OG_9118	2	2	2	1.0
OG_9119	2	2	2	1.0
OG_9120	2	2	2	1.0
OG_9121	2	2	2	1.0
OG_9122	4	4	6	1.0
OG_9123	2	2	2	1.0
OG_9124	2	2	2	1.0
OG_9125	2	2	2	1.0
OG_9126	3	3	3	1.0
OG_9127	2	3	3	1.0
OG_9128	2	2	2	1.0
OG_9129	2	2	2	1.0
OG_9130	2	2	4	1.0
OG_9131	2	2	2	1.0
OG_9132	2	2	2	1.0
OG_9133	2	3	6	1.0
OG_9134	2	2	2	1.0
OG_9135	2	2	13	1.0
OG_9136	2	2	6	1.0
OG_9137	3	3	4	0.6667
OG_9138	2	3	4	1.0
OG_9139	2	2	2	1.0
OG_9140	2	3	3	1.0
OG_9141	2	3	4	0.6667
OG_9142	2	3	4	1.0
OG_9143	2	2	2	1.0
OG_9144	2	2	4	1.0
OG_9145	3	3	4	1.0
OG_9146	2	3	5	1.0
OG_9147	2	2	2	1.0
OG_9148	2	2	2	1.0
OG_9149	2	2	2	1.0
OG_9150	3	3	3	1.0
OG_9151	2	2	2	1.0
OG_9152	2	2	2	1.0
OG_9153	2	2	2	1.0
OG_9154	2	3	3	1.0
OG_9155	3	3	6	1.0
OG_9156	2	2	7	1.0
OG_9157	2	2	2	1.0
OG_9158	2	2	2	1.0
OG_9159	2	2	2	1.0
OG_9160	2	2	3	1.0
OG_9161	2	2	4	1.0
OG_9162	2	2	4	1.0
OG_9163	2	3	4	1.0
OG_9164	2	2	2	1.0
OG_9165	2	2	2	1.0
OG_9166	3	3	6	1.0
OG_9167	2	2	2	1.0
OG_9168	2	3	3	1.0
OG_9169	2	3	3	0.6667
OG_9170	2	2	3	1.0
OG_9171	2	2	2	1.0
OG_9172	2	2	3	1.0
OG_9173	2	2	3	1.0
OG_9174	2	2	9	1.0
OG_9175	2	2	2	1.0
OG_9176	2	2	3	1.0
OG_9177	2	2	2	1.0
OG_9178	3	3	3	1.0
OG_9179	2	3	3	1.0
OG_9180	2	2	2	1.0
OG_9181	2	2	2	1.0
OG_9182	2	2	3	1.0
OG_9183	2	2	2	1.0
OG_9184	2	2	3	1.0
OG_9185	2	2	3	1.0
OG_9186	2	2	2	1.0
OG_9187	2	3	5	1.0
OG_9188	2	3	3	1.0
OG_9189	2	2	2	0.0
OG_9190	2	3	3	1.0
OG_9191	2	2	3	1.0
OG_9192	2	2	2	1.0
OG_9193	2	2	3	1.0
OG_9194	2	2	2	1.0
OG_9195	2	2	2	1.0
OG_9196	2	2	3	1.0
OG_9197	2	3	3	0.6667
OG_9198	2	2	2	1.0
OG_9199	2	2	2	1.0
OG_9200	2	3	3	1.0
OG_9201	2	2	2	1.0
OG_9202	2	2	2	1.0
OG_9203	2	2	2	1.0
OG_9204	2	3	5	0.6667
OG_9205	2	2	2	1.0
OG_9206	2	2	2	1.0
OG_9207	2	2	6	1.0
OG_9208	3	3	3	0.6667
OG_9209	2	3	3	0.6667
OG_9210	2	2	2	1.0
OG_9211	2	2	2	1.0
OG_9212	2	3	3	1.0
OG_9213	2	2	2	1.0
OG_9214	2	4	4	0.6667
OG_9215	2	2	2	1.0
OG_9216	2	2	2	1.0
OG_9217	2	2	2	1.0
OG_9218	2	2	2	1.0
OG_9219	2	3	3	1.0
OG_9220	2	3	3	1.0
OG_9221	3	3	10	1.0
OG_9222	2	2	2	1.0
OG_9223	2	2	2	1.0
OG_9224	2	2	4	1.0
OG_9225	2	3	4	1.0
OG_9226	2	2	2	1.0
OG_9227	2	2	4	1.0
OG_9228	2	2	2	1.0
OG_9229	3	3	3	1.0
OG_9230	3	3	3	1.0
OG_9231	2	2	3	1.0
OG_9232	3	3	3	1.0
OG_9233	2	2	2	1.0
OG_9234	2	2	5	1.0
OG_9235	2	2	2	1.0
OG_9236	3	3	3	1.0
OG_9237	2	2	2	1.0
OG_9238	2	2	3	1.0
OG_9239	2	2	2	1.0
OG_9240	2	3	3	1.0
OG_9241	15	15	18	1.0
OG_9242	14	14	16	1.0
OG_9243	14	16	20	1.0
OG_9244	15	15	22	1.0
OG_9245	13	15	17	0.9048
OG_9246	15	23	41	0.7905
OG_9247	15	15	19	1.0
OG_9248	15	15	17	1.0
OG_9249	15	15	17	1.0
OG_9250	15	15	26	1.0
OG_9251	15	16	20	1.0
OG_9252	14	14	15	1.0
OG_9253	14	14	19	1.0
OG_9254	15	16	18	1.0
OG_9255	7	13	16	0.9872
OG_9256	15	15	16	1.0
OG_9257	14	14	15	1.0
OG_9258	14	14	16	1.0
OG_9259	13	14	26	1.0
OG_9260	12	54	66	0.8351
OG_9261	14	14	26	1.0
OG_9262	15	15	21	1.0
OG_9263	15	15	23	1.0
OG_9264	14	14	15	1.0
OG_9265	13	13	15	1.0
OG_9266	13	13	14	1.0
OG_9267	14	14	17	1.0
OG_9268	15	15	17	1.0
OG_9269	14	14	16	1.0
OG_9270	14	14	21	1.0
OG_9271	13	25	30	0.5633
OG_9272	15	15	25	1.0
OG_9273	15	15	21	1.0
OG_9274	14	16	28	1.0
OG_9275	15	15	25	1.0
OG_9276	15	16	19	1.0
OG_9277	12	17	19	0.9118
OG_9278	15	15	35	1.0
OG_9279	14	16	18	1.0
OG_9280	14	14	14	1.0
OG_9281	15	15	23	1.0
OG_9282	15	15	22	1.0
OG_9283	12	12	17	1.0
OG_9284	14	15	16	1.0
OG_9285	13	13	14	1.0
OG_9286	15	16	22	1.0
OG_9287	15	16	21	1.0
OG_9288	15	15	16	1.0
OG_9289	15	15	18	1.0
OG_9290	14	16	21	1.0
OG_9291	15	15	24	1.0
OG_9292	15	15	17	1.0
OG_9293	15	15	20	1.0
OG_9294	14	14	16	1.0
OG_9295	15	16	23	1.0
OG_9296	14	14	45	1.0
OG_9297	14	14	14	1.0
OG_9298	15	16	25	1.0
OG_9299	15	16	20	1.0
OG_9300	15	15	22	1.0
OG_9301	15	15	17	1.0
OG_9302	15	15	16	1.0
OG_9303	13	13	14	1.0
OG_9304	13	13	16	1.0
OG_9305	14	14	15	1.0
OG_9306	15	16	27	1.0
OG_9307	14	14	16	1.0
OG_9308	15	15	18	1.0
OG_9309	15	15	19	1.0
OG_9310	15	15	27	1.0
OG_9311	15	17	21	1.0
OG_9312	15	15	20	1.0
OG_9313	12	19	23	0.9591
OG_9314	14	15	18	1.0
OG_9315	14	16	24	0.95
OG_9316	15	16	21	1.0
OG_9317	14	14	21	1.0
OG_9318	4	4	5	1.0
OG_9319	13	13	14	1.0
OG_9320	14	14	15	1.0
OG_9321	15	15	17	1.0
OG_9322	15	16	22	1.0
OG_9323	13	13	13	1.0
OG_9324	13	13	13	1.0
OG_9325	15	15	15	1.0
OG_9326	14	16	17	1.0
OG_9327	14	14	16	1.0
OG_9328	14	16	19	1.0
OG_9329	14	14	14	1.0
OG_9330	15	15	42	1.0
OG_9331	12	14	25	1.0
OG_9332	13	13	15	1.0
OG_9333	15	15	15	1.0
OG_9334	15	15	16	1.0
OG_9335	15	15	16	1.0
OG_9336	15	15	20	1.0
OG_9337	14	15	20	1.0
OG_9338	15	15	18	1.0
OG_9339	15	15	15	1.0
OG_9340	15	15	15	1.0
OG_9341	14	15	17	0.9238
OG_9342	15	15	17	1.0
OG_9343	11	12	17	1.0
OG_9344	15	17	24	1.0
OG_9345	15	16	18	1.0
OG_9346	15	15	19	1.0
OG_9347	15	15	16	1.0
OG_9348	15	17	21	1.0
OG_9349	15	16	33	1.0
OG_9350	14	14	25	1.0
OG_9351	14	14	41	1.0
OG_9352	15	15	20	1.0
OG_9353	15	15	24	1.0
OG_9354	13	13	16	1.0
OG_9355	13	18	23	0.8954
OG_9356	15	15	18	1.0
OG_9357	15	23	53	0.5415
OG_9358	14	26	36	0.6769
OG_9359	2	2	2	1.0
OG_9360	13	13	15	0.8718
OG_9361	15	15	16	1.0
OG_9362	15	15	15	1.0
OG_9363	13	13	16	1.0
OG_9364	14	14	16	1.0
OG_9365	13	14	15	1.0
OG_9366	14	15	16	1.0
OG_9367	15	15	16	1.0
OG_9368	13	13	23	1.0
OG_9369	15	15	17	1.0
OG_9370	15	16	16	1.0
OG_9371	14	14	18	1.0
OG_9372	15	16	25	0.975
OG_9373	14	14	14	1.0
OG_9374	14	14	24	1.0
OG_9375	14	14	16	1.0
OG_9376	14	14	14	1.0
OG_9377	13	13	14	1.0
OG_9378	13	13	16	1.0
OG_9379	13	13	13	1.0
OG_9380	15	15	16	1.0
OG_9381	15	15	15	1.0
OG_9382	15	16	18	1.0
OG_9383	13	13	16	1.0
OG_9384	15	18	21	0.9935
OG_9385	15	15	18	1.0
OG_9386	10	10	13	1.0
OG_9387	14	14	14	1.0
OG_9388	15	15	21	1.0
OG_9389	15	15	16	1.0
OG_9390	15	16	17	1.0
OG_9391	15	15	24	1.0
OG_9392	14	16	19	1.0
OG_9393	12	15	19	1.0
OG_9394	14	17	17	1.0
OG_9395	15	15	18	1.0
OG_9396	15	20	23	1.0
OG_9397	14	14	15	1.0
OG_9398	15	15	20	1.0
OG_9399	15	16	19	1.0
OG_9400	13	13	14	1.0
OG_9401	14	14	16	1.0
OG_9402	12	12	12	1.0
OG_9403	15	17	24	0.9926
OG_9404	15	15	18	1.0
OG_9405	15	15	29	1.0
OG_9406	15	15	21	1.0
OG_9407	15	15	16	1.0
OG_9408	15	15	18	1.0
OG_9409	15	15	15	1.0
OG_9410	15	15	23	1.0
OG_9411	13	13	18	1.0
OG_9412	15	15	19	1.0
OG_9413	14	16	17	1.0
OG_9414	14	14	15	0.9121
OG_9415	14	14	15	1.0
OG_9416	15	15	17	1.0
OG_9417	15	16	21	1.0
OG_9418	15	16	20	1.0
OG_9419	15	15	16	1.0
OG_9420	14	14	15	1.0
OG_9421	15	15	16	1.0
OG_9422	15	15	16	1.0
OG_9423	15	15	15	1.0
OG_9424	14	14	19	1.0
OG_9425	15	15	26	1.0
OG_9426	15	15	20	1.0
OG_9427	14	14	16	1.0
OG_9428	15	15	16	1.0
OG_9429	14	14	14	1.0
OG_9430	15	15	16	1.0
OG_9431	14	14	15	1.0
OG_9432	15	16	20	1.0
OG_9433	14	14	23	1.0
OG_9434	14	14	17	1.0
OG_9435	13	13	13	1.0
OG_9436	15	15	19	1.0
OG_9437	15	19	34	1.0
OG_9438	14	14	16	1.0
OG_9439	15	18	18	1.0
OG_9440	15	15	20	0.8857
OG_9441	15	17	22	1.0
OG_9442	14	15	16	1.0
OG_9443	2	2	3	1.0
OG_9444	13	14	16	1.0
OG_9445	15	15	26	1.0
OG_9446	15	15	17	1.0
OG_9447	14	14	14	1.0
OG_9448	14	15	17	1.0
OG_9449	15	15	15	1.0
OG_9450	15	16	22	1.0
OG_9451	14	14	15	1.0
OG_9452	15	15	17	1.0
OG_9453	13	13	13	1.0
OG_9454	15	15	17	1.0
OG_9455	15	15	18	1.0
OG_9456	15	15	15	1.0
OG_9457	14	14	23	1.0
OG_9458	15	15	22	1.0
OG_9459	14	14	18	1.0
OG_9460	14	14	14	1.0
OG_9461	15	17	17	1.0
OG_9462	8	8	10	1.0
OG_9463	15	16	17	1.0
OG_9464	15	15	27	1.0
OG_9465	15	15	15	1.0
OG_9466	15	15	16	1.0
OG_9467	15	15	19	1.0
OG_9468	15	15	17	1.0
OG_9469	15	15	15	1.0
OG_9470	13	16	16	1.0
OG_9471	13	13	16	1.0
OG_9472	15	15	24	1.0
OG_9473	6	6	6	1.0
OG_9474	13	13	13	1.0
OG_9475	15	16	18	1.0
OG_9476	14	14	15	1.0
OG_9477	15	15	20	1.0
OG_9478	15	15	15	1.0
OG_9479	15	15	17	1.0
OG_9480	15	15	23	1.0
OG_9481	15	15	15	1.0
OG_9482	15	15	16	1.0
OG_9483	15	16	28	1.0
OG_9484	14	18	21	0.9804
OG_9485	15	24	26	0.8478
OG_9486	11	11	12	1.0
OG_9487	14	14	14	1.0
OG_9488	13	13	14	1.0
OG_9489	12	13	13	1.0
OG_9490	12	12	13	1.0
OG_9491	15	15	16	1.0
OG_9492	15	17	23	1.0
OG_9493	15	15	15	1.0
OG_9494	13	13	15	1.0
OG_9495	15	15	16	1.0
OG_9496	14	15	17	1.0
OG_9497	15	16	19	1.0
OG_9498	15	15	15	1.0
OG_9499	13	13	13	1.0
OG_9500	14	14	17	1.0
OG_9501	15	15	16	1.0
OG_9502	15	15	17	1.0
OG_9503	15	18	21	1.0
OG_9504	14	14	15	1.0
OG_9505	15	15	17	1.0
OG_9506	15	16	19	1.0
OG_9507	15	15	15	1.0
OG_9508	15	16	21	1.0
OG_9509	15	16	17	1.0
OG_9510	14	14	16	1.0
OG_9511	15	15	16	1.0
OG_9512	14	14	15	1.0
OG_9513	15	15	17	1.0
OG_9514	15	15	19	1.0
OG_9515	15	15	16	1.0
OG_9516	14	18	19	0.8562
OG_9517	12	22	29	0.9221
OG_9518	15	17	19	0.9853
OG_9519	15	15	15	1.0
OG_9520	13	13	21	1.0
OG_9521	12	12	12	1.0
OG_9522	15	15	19	1.0
OG_9523	15	15	18	1.0
OG_9524	14	15	19	1.0
OG_9525	15	15	17	1.0
OG_9526	13	13	13	1.0
OG_9527	15	16	19	1.0
OG_9528	14	14	15	1.0
OG_9529	15	17	22	1.0
OG_9530	15	15	15	1.0
OG_9531	15	16	28	1.0
OG_9532	15	15	16	1.0
OG_9533	13	13	17	1.0
OG_9534	2	2	2	1.0
OG_9535	14	14	14	1.0
OG_9536	14	14	16	1.0
OG_9537	15	15	15	0.9048
OG_9538	15	15	16	1.0
OG_9539	13	13	13	0.9103
OG_9540	15	15	15	1.0
OG_9541	15	15	17	1.0
OG_9542	14	14	14	1.0
OG_9543	15	15	20	1.0
OG_9544	13	13	13	1.0
OG_9545	15	15	16	1.0
OG_9546	15	15	15	1.0
OG_9547	13	13	13	1.0
OG_9548	15	15	18	1.0
OG_9549	14	14	25	1.0
OG_9550	15	19	30	0.8713
OG_9551	15	16	23	1.0
OG_9552	15	15	18	1.0
OG_9553	13	13	14	1.0
OG_9554	14	21	27	0.919
OG_9555	15	15	16	1.0
OG_9556	14	14	15	1.0
OG_9557	15	15	15	1.0
OG_9558	15	15	15	1.0
OG_9559	15	15	15	1.0
OG_9560	13	13	18	1.0
OG_9561	13	13	15	1.0
OG_9562	15	15	16	1.0
OG_9563	12	14	15	1.0
OG_9564	15	15	16	1.0
OG_9565	13	13	16	1.0
OG_9566	15	17	18	1.0
OG_9567	14	14	17	1.0
OG_9568	15	18	21	1.0
OG_9569	15	15	17	1.0
OG_9570	15	16	18	1.0
OG_9571	15	17	20	1.0
OG_9572	13	14	16	1.0
OG_9573	14	14	14	1.0
OG_9574	15	15	21	1.0
OG_9575	15	15	17	1.0
OG_9576	15	15	18	1.0
OG_9577	15	15	16	1.0
OG_9578	15	15	18	1.0
OG_9579	15	16	21	1.0
OG_9580	14	27	29	0.9943
OG_9581	14	14	19	1.0
OG_9582	15	21	26	0.9952
OG_9583	14	14	17	1.0
OG_9584	14	14	20	1.0
OG_9585	15	16	21	1.0
OG_9586	15	15	19	1.0
OG_9587	15	15	16	1.0
OG_9588	15	19	20	1.0
OG_9589	15	15	16	1.0
OG_9590	15	18	26	1.0
OG_9591	14	14	18	1.0
OG_9592	15	15	25	1.0
OG_9593	15	15	16	1.0
OG_9594	15	15	16	1.0
OG_9595	14	16	39	0.8667
OG_9596	2	2	2	1.0
OG_9597	15	16	17	1.0
OG_9598	15	15	19	1.0
OG_9599	15	15	17	1.0
OG_9600	15	22	25	0.9957
OG_9601	13	13	16	1.0
OG_9602	8	8	9	1.0
OG_9603	11	11	14	1.0
OG_9604	15	15	15	1.0
OG_9605	14	14	17	1.0
OG_9606	15	15	19	1.0
OG_9607	14	15	16	1.0
OG_9608	14	14	14	1.0
OG_9609	15	15	19	1.0
OG_9610	15	17	22	1.0
OG_9611	15	16	16	1.0
OG_9612	14	14	16	1.0
OG_9613	13	13	14	1.0
OG_9614	12	12	12	1.0
OG_9615	14	14	14	1.0
OG_9616	15	18	18	1.0
OG_9617	15	15	17	1.0
OG_9618	15	15	16	1.0
OG_9619	15	15	19	1.0
OG_9620	15	15	16	1.0
OG_9621	15	17	21	1.0
OG_9622	9	10	16	1.0
OG_9623	15	18	27	1.0
OG_9624	14	18	22	1.0
OG_9625	13	13	13	1.0
OG_9626	5	8	8	1.0
OG_9627	15	15	17	1.0
OG_9628	14	14	17	1.0
OG_9629	6	6	8	1.0
OG_9630	15	20	23	1.0
OG_9631	15	15	18	1.0
OG_9632	14	15	20	1.0
OG_9633	15	15	18	1.0
OG_9634	15	16	17	1.0
OG_9635	15	22	27	0.9177
OG_9636	14	14	15	1.0
OG_9637	15	15	15	1.0
OG_9638	13	13	15	1.0
OG_9639	14	14	15	1.0
OG_9640	13	13	15	1.0
OG_9641	15	16	19	1.0
OG_9642	12	12	14	1.0
OG_9643	13	13	15	1.0
OG_9644	15	15	19	1.0
OG_9645	15	15	16	1.0
OG_9646	15	20	26	1.0
OG_9647	14	14	14	1.0
OG_9648	15	80	123	0.9449
OG_9649	6	10	10	1.0
OG_9650	15	15	22	1.0
OG_9651	15	15	16	1.0
OG_9652	15	15	15	1.0
OG_9653	13	14	14	1.0
OG_9654	15	15	17	1.0
OG_9655	15	16	24	1.0
OG_9656	15	15	15	1.0
OG_9657	15	15	16	1.0
OG_9658	15	15	17	1.0
OG_9659	15	15	17	1.0
OG_9660	15	16	20	1.0
OG_9661	15	16	21	1.0
OG_9662	15	15	15	1.0
OG_9663	15	22	29	0.9567
OG_9664	15	15	17	1.0
OG_9665	15	15	21	1.0
OG_9666	15	15	17	1.0
OG_9667	15	15	22	1.0
OG_9668	12	12	14	1.0
OG_9669	15	15	19	1.0
OG_9670	15	15	16	1.0
OG_9671	15	15	16	1.0
OG_9672	14	14	17	1.0
OG_9673	15	15	17	1.0
OG_9674	14	14	14	1.0
OG_9675	15	15	15	1.0
OG_9676	15	15	18	1.0
OG_9677	15	15	16	1.0
OG_9678	15	15	18	1.0
OG_9679	15	15	15	1.0
OG_9680	12	12	13	1.0
OG_9681	12	12	14	1.0
OG_9682	14	15	15	1.0
OG_9683	13	13	19	1.0
OG_9684	15	15	17	1.0
OG_9685	14	15	17	1.0
OG_9686	12	14	19	1.0
OG_9687	15	15	15	1.0
OG_9688	13	15	19	1.0
OG_9689	15	15	16	1.0
OG_9690	15	15	15	1.0
OG_9691	14	14	14	1.0
OG_9692	15	15	15	1.0
OG_9693	13	13	13	1.0
OG_9694	15	16	19	1.0
OG_9695	15	15	17	1.0
OG_9696	15	15	15	1.0
OG_9697	15	16	21	1.0
OG_9698	15	15	19	1.0
OG_9699	15	15	16	1.0
OG_9700	14	14	15	1.0
OG_9701	15	15	16	0.8857
OG_9702	14	14	14	1.0
OG_9703	15	15	15	0.9333
OG_9704	15	15	19	1.0
OG_9705	12	12	12	1.0
OG_9706	15	23	35	0.8933
OG_9707	15	15	16	1.0
OG_9708	14	14	19	1.0
OG_9709	15	16	17	1.0
OG_9710	13	13	19	1.0
OG_9711	11	11	16	1.0
OG_9712	11	11	13	1.0
OG_9713	15	15	17	1.0
OG_9714	11	11	18	1.0
OG_9715	15	18	25	1.0
OG_9716	14	18	22	0.9869
OG_9717	15	15	16	1.0
OG_9718	15	19	28	1.0
OG_9719	15	15	22	0.9905
OG_9720	15	15	18	1.0
OG_9721	14	15	15	1.0
OG_9722	13	13	13	1.0
OG_9723	15	15	23	1.0
OG_9724	15	15	19	1.0
OG_9725	15	15	21	1.0
OG_9726	14	16	21	1.0
OG_9727	15	15	19	1.0
OG_9728	15	18	21	0.7843
OG_9729	15	15	18	1.0
OG_9730	14	19	21	0.9942
OG_9731	14	14	15	1.0
OG_9732	15	15	18	1.0
OG_9733	13	13	13	1.0
OG_9734	6	7	8	1.0
OG_9735	15	15	20	1.0
OG_9736	14	15	17	1.0
OG_9737	12	12	12	1.0
OG_9738	6	6	6	1.0
OG_9739	15	15	15	1.0
OG_9740	13	14	14	1.0
OG_9741	14	14	14	1.0
OG_9742	15	15	27	1.0
OG_9743	14	15	16	1.0
OG_9744	15	15	19	1.0
OG_9745	15	15	17	1.0
OG_9746	14	24	29	0.8804
OG_9747	15	15	20	1.0
OG_9748	15	15	17	1.0
OG_9749	14	14	14	1.0
OG_9750	14	14	15	1.0
OG_9751	15	15	16	1.0
OG_9752	14	14	16	1.0
OG_9753	15	15	16	1.0
OG_9754	14	14	15	1.0
OG_9755	15	17	19	1.0
OG_9756	15	15	17	1.0
OG_9757	15	15	17	1.0
OG_9758	14	15	18	1.0
OG_9759	14	16	30	1.0
OG_9760	13	13	15	1.0
OG_9761	15	15	18	1.0
OG_9762	13	13	13	1.0
OG_9763	13	13	14	1.0
OG_9764	15	15	33	1.0
OG_9765	15	15	22	1.0
OG_9766	15	15	20	1.0
OG_9767	15	15	57	1.0
OG_9768	12	19	27	0.9064
OG_9769	15	15	16	1.0
OG_9770	15	16	16	0.9917
OG_9771	15	15	23	1.0
OG_9772	15	15	15	1.0
OG_9773	15	15	24	1.0
OG_9774	14	14	15	1.0
OG_9775	13	13	15	1.0
OG_9776	14	14	16	1.0
OG_9777	15	15	21	1.0
OG_9778	12	12	13	1.0
OG_9779	12	12	15	1.0
OG_9780	13	13	14	1.0
OG_9781	13	16	23	0.725
OG_9782	13	13	31	1.0
OG_9783	15	15	16	1.0
OG_9784	3	3	3	1.0
OG_9785	14	14	19	1.0
OG_9786	15	15	15	1.0
OG_9787	15	15	16	1.0
OG_9788	4	20	22	0.8789
OG_9789	15	15	15	1.0
OG_9790	14	14	14	1.0
OG_9791	15	15	17	1.0
OG_9792	14	15	15	1.0
OG_9793	15	15	15	1.0
OG_9794	15	15	20	1.0
OG_9795	13	13	13	1.0
OG_9796	15	15	31	0.9143
OG_9797	15	15	17	1.0
OG_9798	15	16	22	1.0
OG_9799	14	16	16	1.0
OG_9800	15	15	16	1.0
OG_9801	15	17	19	0.9926
OG_9802	15	15	21	1.0
OG_9803	15	15	17	1.0
OG_9804	13	13	13	1.0
OG_9805	13	13	13	1.0
OG_9806	13	16	19	1.0
OG_9807	15	16	17	1.0
OG_9808	13	13	17	1.0
OG_9809	15	15	18	1.0
OG_9810	14	14	14	1.0
OG_9811	15	15	17	1.0
OG_9812	14	14	14	1.0
OG_9813	15	15	16	1.0
OG_9814	14	14	14	1.0
OG_9815	14	14	21	1.0
OG_9816	2	2	3	1.0
OG_9817	15	18	27	1.0
OG_9818	14	14	18	1.0
OG_9819	13	13	16	1.0
OG_9820	15	21	31	1.0
OG_9821	15	15	17	1.0
OG_9822	11	11	15	1.0
OG_9823	15	15	15	1.0
OG_9824	15	15	17	1.0
OG_9825	15	16	17	1.0
OG_9826	15	15	27	1.0
OG_9827	15	15	18	1.0
OG_9828	15	17	20	1.0
OG_9829	15	15	17	1.0
OG_9830	13	13	15	1.0
OG_9831	15	15	15	1.0
OG_9832	15	15	15	1.0
OG_9833	15	15	16	1.0
OG_9834	15	15	19	1.0
OG_9835	14	14	24	1.0
OG_9836	13	13	15	0.9872
OG_9837	15	15	19	1.0
OG_9838	14	14	17	1.0
OG_9839	15	19	22	1.0
OG_9840	14	14	16	1.0
OG_9841	15	16	18	1.0
OG_9842	15	15	23	1.0
OG_9843	8	8	8	1.0
OG_9844	15	15	16	1.0
OG_9845	13	13	16	1.0
OG_9846	15	15	16	1.0
OG_9847	15	16	17	1.0
OG_9848	15	15	22	1.0
OG_9849	15	15	18	1.0
OG_9850	15	15	17	1.0
OG_9851	14	14	17	1.0
OG_9852	15	15	15	1.0
OG_9853	15	16	20	1.0
OG_9854	14	14	15	1.0
OG_9855	13	13	13	1.0
OG_9856	14	14	16	1.0
OG_9857	15	22	30	0.6926
OG_9858	15	15	16	1.0
OG_9859	15	15	15	1.0
OG_9860	15	15	20	1.0
OG_9861	11	11	22	1.0
OG_9862	14	14	14	1.0
OG_9863	15	15	15	1.0
OG_9864	14	14	18	1.0
OG_9865	14	14	14	1.0
OG_9866	15	15	17	1.0
OG_9867	15	15	24	1.0
OG_9868	15	15	19	1.0
OG_9869	15	15	16	1.0
OG_9870	14	14	14	1.0
OG_9871	14	15	15	1.0
OG_9872	13	13	13	1.0
OG_9873	15	15	15	1.0
OG_9874	15	15	18	1.0
OG_9875	14	22	29	0.9654
OG_9876	14	14	18	1.0
OG_9877	2	2	2	1.0
OG_9878	15	15	23	1.0
OG_9879	15	15	17	1.0
OG_9880	15	19	31	1.0
OG_9881	15	15	18	1.0
OG_9882	15	15	17	1.0
OG_9883	14	14	15	1.0
OG_9884	15	15	17	1.0
OG_9885	15	16	19	1.0
OG_9886	13	13	14	1.0
OG_9887	15	15	17	1.0
OG_9888	14	14	15	1.0
OG_9889	15	20	29	1.0
OG_9890	13	13	14	1.0
OG_9891	15	19	34	1.0
OG_9892	14	15	24	1.0
OG_9893	15	17	21	1.0
OG_9894	15	15	16	1.0
OG_9895	12	13	15	1.0
OG_9896	4	4	4	1.0
OG_9897	13	13	14	1.0
OG_9898	14	14	14	1.0
OG_9899	15	16	16	0.9083
OG_9900	15	15	21	1.0
OG_9901	15	16	17	0.8917
OG_9902	15	15	17	1.0
OG_9903	15	15	21	1.0
OG_9904	15	15	18	1.0
OG_9905	15	18	35	1.0
OG_9906	15	15	16	1.0
OG_9907	15	16	18	1.0
OG_9908	15	15	15	1.0
OG_9909	15	15	18	1.0
OG_9910	14	14	16	1.0
OG_9911	15	15	16	1.0
OG_9912	13	13	17	1.0
OG_9913	15	15	16	1.0
OG_9914	15	15	17	1.0
OG_9915	15	16	26	1.0
OG_9916	14	14	15	1.0
OG_9917	13	14	15	1.0
OG_9918	11	11	14	1.0
OG_9919	15	15	17	1.0
OG_9920	13	13	13	1.0
OG_9921	13	13	14	1.0
OG_9922	14	14	14	1.0
OG_9923	13	13	13	1.0
OG_9924	15	15	15	1.0
OG_9925	12	13	13	1.0
OG_9926	15	15	19	1.0
OG_9927	13	13	14	1.0
OG_9928	15	15	21	1.0
OG_9929	14	14	15	1.0
OG_9930	15	22	35	0.9221
OG_9931	14	14	16	1.0
OG_9932	13	13	13	1.0
OG_9933	15	16	17	1.0
OG_9934	14	14	15	1.0
OG_9935	14	14	15	1.0
OG_9936	14	14	14	1.0
OG_9937	14	14	14	0.9451
OG_9938	15	15	17	1.0
OG_9939	15	15	17	1.0
OG_9940	13	13	13	1.0
OG_9941	15	21	25	1.0
OG_9942	15	15	15	1.0
OG_9943	14	14	14	1.0
OG_9944	14	15	15	1.0
OG_9945	15	15	17	1.0
OG_9946	15	15	16	1.0
OG_9947	15	16	16	1.0
OG_9948	15	15	21	1.0
OG_9949	15	15	19	1.0
OG_9950	15	15	16	1.0
OG_9951	15	15	20	1.0
OG_9952	14	18	18	0.6471
OG_9953	15	19	27	0.8129
OG_9954	13	13	14	1.0
OG_9955	13	13	13	1.0
OG_9956	12	12	14	1.0
OG_9957	10	10	14	1.0
OG_9958	15	15	17	1.0
OG_9959	13	13	13	1.0
OG_9960	14	14	14	1.0
OG_9961	14	14	19	0.8681
OG_9962	15	15	16	1.0
OG_9963	13	13	14	1.0
OG_9964	14	14	20	1.0
OG_9965	15	16	20	0.8917
OG_9966	15	16	16	1.0
OG_9967	15	15	16	1.0
OG_9968	15	18	30	1.0
OG_9969	15	15	21	1.0
OG_9970	15	16	20	1.0
OG_9971	15	18	19	0.8954
OG_9972	15	16	22	1.0
OG_9973	15	15	17	1.0
OG_9974	13	13	17	1.0
OG_9975	13	13	29	1.0
OG_9976	15	15	16	1.0
OG_9977	15	15	17	1.0
OG_9978	13	14	17	1.0
OG_9979	15	16	20	1.0
OG_9980	15	15	18	1.0
OG_9981	14	14	15	1.0
OG_9982	15	15	17	1.0
OG_9983	13	13	13	1.0
OG_9984	15	15	16	1.0
OG_9985	13	13	16	1.0
OG_9986	14	19	21	1.0
OG_9987	12	13	15	1.0
OG_9988	15	15	18	1.0
OG_9989	11	11	11	1.0
OG_9990	15	15	16	1.0
OG_9991	12	14	27	1.0
OG_9992	13	14	14	1.0
OG_9993	13	13	13	0.9872
OG_9994	14	17	21	1.0
OG_9995	14	14	14	1.0
OG_9996	11	11	15	1.0
OG_9997	2	2	2	1.0
OG_9998	15	15	18	1.0
OG_9999	15	15	18	1.0
OG_10000	15	15	40	1.0
OG_10001	15	15	19	1.0
OG_10002	15	15	20	1.0
OG_10003	14	14	16	1.0
OG_10004	15	15	16	1.0
OG_10005	15	15	15	1.0
OG_10006	15	15	17	1.0
OG_10007	2	11	11	0.8364
OG_10008	15	15	21	1.0
OG_10009	15	15	21	1.0
OG_10010	13	13	17	1.0
OG_10011	13	13	15	1.0
OG_10012	13	13	15	1.0
OG_10013	15	15	17	1.0
OG_10014	15	15	15	1.0
OG_10015	15	15	22	1.0
OG_10016	13	13	19	1.0
OG_10017	15	15	15	1.0
OG_10018	15	15	15	1.0
OG_10019	15	16	30	1.0
OG_10020	15	15	19	1.0
OG_10021	14	14	16	1.0
OG_10022	15	15	15	1.0
OG_10023	15	15	17	1.0
OG_10024	15	15	21	1.0
OG_10025	15	15	19	1.0
OG_10026	15	15	19	1.0
OG_10027	15	15	29	1.0
OG_10028	2	2	3	1.0
OG_10029	15	15	15	1.0
OG_10030	7	7	7	1.0
OG_10031	15	15	17	1.0
OG_10032	15	15	22	1.0
OG_10033	14	14	16	1.0
OG_10034	15	16	24	1.0
OG_10035	15	16	16	1.0
OG_10036	15	15	15	1.0
OG_10037	10	10	14	1.0
OG_10038	15	15	20	1.0
OG_10039	13	13	14	1.0
OG_10040	11	11	12	1.0
OG_10041	14	14	14	1.0
OG_10042	15	15	17	1.0
OG_10043	15	15	15	1.0
OG_10044	15	15	15	1.0
OG_10045	13	13	15	1.0
OG_10046	13	21	22	0.9095
OG_10047	15	18	20	0.9869
OG_10048	14	15	18	1.0
OG_10049	15	15	19	1.0
OG_10050	14	17	18	1.0
OG_10051	12	13	16	1.0
OG_10052	15	16	25	1.0
OG_10053	11	11	11	1.0
OG_10054	12	19	24	0.6257
OG_10055	14	14	21	1.0
OG_10056	15	15	15	1.0
OG_10057	15	15	20	1.0
OG_10058	15	15	16	1.0
OG_10059	13	13	17	1.0
OG_10060	14	14	16	1.0
OG_10061	15	15	15	1.0
OG_10062	15	15	17	1.0
OG_10063	15	15	16	1.0
OG_10064	15	15	19	1.0
OG_10065	15	15	15	1.0
OG_10066	13	13	14	1.0
OG_10067	15	15	27	1.0
OG_10068	15	15	18	1.0
OG_10069	15	17	25	1.0
OG_10070	13	14	14	1.0
OG_10071	15	15	16	1.0
OG_10072	15	15	15	1.0
OG_10073	12	12	13	1.0
OG_10074	15	15	17	1.0
OG_10075	14	14	17	1.0
OG_10076	15	15	18	1.0
OG_10077	15	15	15	1.0
OG_10078	15	15	16	1.0
OG_10079	15	16	19	1.0
OG_10080	12	14	19	1.0
OG_10081	14	15	18	1.0
OG_10082	15	25	35	1.0
OG_10083	15	18	20	1.0
OG_10084	15	15	15	1.0
OG_10085	14	14	15	1.0
OG_10086	14	14	16	1.0
OG_10087	14	14	15	1.0
OG_10088	15	15	22	1.0
OG_10089	15	15	15	1.0
OG_10090	15	15	18	1.0
OG_10091	15	15	16	1.0
OG_10092	15	15	15	1.0
OG_10093	15	15	16	1.0
OG_10094	15	15	17	1.0
OG_10095	14	19	21	1.0
OG_10096	12	12	13	1.0
OG_10097	15	15	19	1.0
OG_10098	15	15	17	1.0
OG_10099	15	15	15	1.0
OG_10100	14	22	37	1.0
OG_10101	15	15	16	1.0
OG_10102	15	15	17	1.0
OG_10103	14	14	14	1.0
OG_10104	15	15	16	1.0
OG_10105	15	15	16	1.0
OG_10106	15	15	24	1.0
OG_10107	15	17	22	0.8162
OG_10108	15	15	16	1.0
OG_10109	15	15	15	1.0
OG_10110	15	15	17	1.0
OG_10111	15	16	17	1.0
OG_10112	15	15	18	1.0
OG_10113	15	15	15	1.0
OG_10114	13	13	16	1.0
OG_10115	15	18	20	1.0
OG_10116	15	15	15	1.0
OG_10117	15	15	15	1.0
OG_10118	14	14	23	1.0
OG_10119	15	15	18	1.0
OG_10120	15	15	22	1.0
OG_10121	14	14	19	1.0
OG_10122	10	10	16	1.0
OG_10123	5	5	7	0.7
OG_10124	15	17	21	1.0
OG_10125	15	15	21	1.0
OG_10126	15	15	19	1.0
OG_10127	15	15	19	1.0
OG_10128	12	12	16	1.0
OG_10129	15	15	15	1.0
OG_10130	15	15	16	1.0
OG_10131	15	15	15	1.0
OG_10132	15	17	18	1.0
OG_10133	15	15	15	1.0
OG_10134	15	16	20	1.0
OG_10135	15	15	17	1.0
OG_10136	14	14	16	1.0
OG_10137	15	15	16	1.0
OG_10138	15	15	16	1.0
OG_10139	15	16	25	0.9
OG_10140	14	14	23	1.0
OG_10141	15	15	20	1.0
OG_10142	15	15	16	1.0
OG_10143	15	15	16	1.0
OG_10144	15	16	20	0.9
OG_10145	14	14	18	1.0
OG_10146	14	14	14	1.0
OG_10147	6	6	7	1.0
OG_10148	15	15	20	1.0
OG_10149	12	31	48	1.0
OG_10150	15	15	20	1.0
OG_10151	13	13	13	1.0
OG_10152	14	15	19	1.0
OG_10153	13	13	19	1.0
OG_10154	14	19	30	1.0
OG_10155	12	13	20	1.0
OG_10156	13	14	21	0.9121
OG_10157	13	13	24	1.0
OG_10158	15	16	16	1.0
OG_10159	5	6	6	1.0
OG_10160	15	16	27	1.0
OG_10161	15	28	31	1.0
OG_10162	15	15	27	1.0
OG_10163	15	15	15	1.0
OG_10164	15	16	22	1.0
OG_10165	14	15	15	1.0
OG_10166	15	17	19	0.9265
OG_10167	2	2	2	1.0
OG_10168	15	15	18	1.0
OG_10169	13	13	22	1.0
OG_10170	15	16	16	1.0
OG_10171	15	15	18	1.0
OG_10172	15	15	18	1.0
OG_10173	15	15	18	1.0
OG_10174	14	15	19	1.0
OG_10175	2	2	2	1.0
OG_10176	15	15	18	1.0
OG_10177	15	15	16	1.0
OG_10178	15	15	15	1.0
OG_10179	15	16	25	1.0
OG_10180	15	15	15	1.0
OG_10181	15	15	17	1.0
OG_10182	15	15	15	1.0
OG_10183	15	15	16	1.0
OG_10184	15	29	31	1.0
OG_10185	15	15	16	1.0
OG_10186	12	12	16	1.0
OG_10187	15	15	18	1.0
OG_10188	13	13	14	1.0
OG_10189	14	14	17	1.0
OG_10190	14	14	15	1.0
OG_10191	15	17	22	1.0
OG_10192	14	25	31	1.0
OG_10193	15	15	15	1.0
OG_10194	15	15	15	1.0
OG_10195	12	12	13	1.0
OG_10196	13	15	16	1.0
OG_10197	14	14	15	0.7582
OG_10198	15	15	16	1.0
OG_10199	15	15	15	1.0
OG_10200	14	14	15	1.0
OG_10201	15	15	15	1.0
OG_10202	14	15	17	1.0
OG_10203	15	15	15	1.0
OG_10204	15	16	24	1.0
OG_10205	15	15	19	1.0
OG_10206	15	15	19	1.0
OG_10207	15	15	15	1.0
OG_10208	15	15	17	1.0
OG_10209	14	14	16	1.0
OG_10210	14	14	24	1.0
OG_10211	15	15	17	1.0
OG_10212	15	20	26	1.0
OG_10213	12	20	25	1.0
OG_10214	15	27	32	0.6467
OG_10215	3	5	6	0.6
OG_10216	15	15	18	1.0
OG_10217	15	15	15	1.0
OG_10218	15	15	17	1.0
OG_10219	15	15	16	1.0
OG_10220	15	15	15	1.0
OG_10221	15	19	21	1.0
OG_10222	15	15	19	1.0
OG_10223	15	15	21	1.0
OG_10224	14	14	14	1.0
OG_10225	15	15	16	1.0
OG_10226	15	15	15	1.0
OG_10227	13	13	14	1.0
OG_10228	11	11	13	1.0
OG_10229	14	14	20	1.0
OG_10230	15	29	100	0.83
OG_10231	6	7	7	0.7143
OG_10232	14	14	15	1.0
OG_10233	15	15	16	1.0
OG_10234	15	16	17	1.0
OG_10235	15	16	22	0.9083
OG_10236	15	16	23	1.0
OG_10237	15	15	21	1.0
OG_10238	15	19	21	0.9942
OG_10239	12	14	14	1.0
OG_10240	13	14	16	1.0
OG_10241	15	16	18	1.0
OG_10242	13	13	14	1.0
OG_10243	12	12	12	0.8636
OG_10244	15	15	15	1.0
OG_10245	15	15	16	1.0
OG_10246	14	15	25	1.0
OG_10247	11	11	15	1.0
OG_10248	15	15	21	1.0
OG_10249	15	16	18	1.0
OG_10250	13	13	17	1.0
OG_10251	14	14	14	1.0
OG_10252	2	2	2	1.0
OG_10253	13	13	13	1.0
OG_10254	15	16	18	1.0
OG_10255	14	14	14	1.0
OG_10256	15	15	16	1.0
OG_10257	15	15	24	1.0
OG_10258	15	16	17	1.0
OG_10259	15	15	17	1.0
OG_10260	13	14	15	1.0
OG_10261	2	2	2	1.0
OG_10262	15	15	22	1.0
OG_10263	15	15	16	1.0
OG_10264	15	15	19	1.0
OG_10265	15	15	16	1.0
OG_10266	15	15	20	1.0
OG_10267	15	16	20	1.0
OG_10268	12	12	12	1.0
OG_10269	14	14	14	1.0
OG_10270	15	16	17	1.0
OG_10271	14	14	14	1.0
OG_10272	12	12	12	0.8788
OG_10273	15	15	16	1.0
OG_10274	15	15	15	1.0
OG_10275	15	16	24	1.0
OG_10276	14	14	20	1.0
OG_10277	14	17	20	1.0
OG_10278	12	12	13	1.0
OG_10279	15	17	22	1.0
OG_10280	11	11	11	1.0
OG_10281	14	14	14	1.0
OG_10282	12	21	28	1.0
OG_10283	6	6	6	1.0
OG_10284	10	27	30	0.641
OG_10285	15	15	18	1.0
OG_10286	13	13	20	1.0
OG_10287	11	24	26	0.9239
OG_10288	10	10	13	1.0
OG_10289	3	3	3	1.0
OG_10290	15	15	17	1.0
OG_10291	15	17	18	1.0
OG_10292	15	15	22	1.0
OG_10293	15	15	15	0.9333
OG_10294	12	12	19	1.0
OG_10295	15	18	26	1.0
OG_10296	15	15	20	1.0
OG_10297	14	14	14	1.0
OG_10298	15	16	16	1.0
OG_10299	15	15	19	1.0
OG_10300	15	15	24	1.0
OG_10301	15	16	17	1.0
OG_10302	15	15	16	1.0
OG_10303	15	15	19	1.0
OG_10304	15	16	16	1.0
OG_10305	15	15	16	1.0
OG_10306	15	21	31	1.0
OG_10307	2	5	7	1.0
OG_10308	14	16	18	1.0
OG_10309	14	15	16	1.0
OG_10310	14	14	16	1.0
OG_10311	15	15	17	1.0
OG_10312	14	14	16	1.0
OG_10313	15	21	28	1.0
OG_10314	11	11	11	1.0
OG_10315	15	15	22	1.0
OG_10316	15	15	17	1.0
OG_10317	15	15	20	1.0
OG_10318	15	15	15	1.0
OG_10319	15	16	16	1.0
OG_10320	13	14	16	1.0
OG_10321	14	14	14	1.0
OG_10322	12	13	13	0.9872
OG_10323	13	16	16	1.0
OG_10324	14	15	22	1.0
OG_10325	14	14	14	1.0
OG_10326	14	17	17	0.7059
OG_10327	15	16	22	1.0
OG_10328	13	13	15	1.0
OG_10329	15	15	19	1.0
OG_10330	14	15	18	1.0
OG_10331	13	13	15	1.0
OG_10332	15	15	15	1.0
OG_10333	15	16	22	1.0
OG_10334	11	11	11	1.0
OG_10335	15	15	16	1.0
OG_10336	14	14	19	1.0
OG_10337	13	13	15	1.0
OG_10338	14	16	21	0.7833
OG_10339	13	13	14	1.0
OG_10340	14	17	18	0.9118
OG_10341	15	15	15	1.0
OG_10342	15	15	16	1.0
OG_10343	15	15	15	1.0
OG_10344	13	13	33	1.0
OG_10345	15	19	25	0.7368
OG_10346	15	15	15	1.0
OG_10347	15	16	16	1.0
OG_10348	15	16	19	0.8167
OG_10349	2	2	2	1.0
OG_10350	15	15	18	1.0
OG_10351	13	13	13	1.0
OG_10352	14	14	14	1.0
OG_10353	14	14	18	1.0
OG_10354	15	15	18	1.0
OG_10355	15	15	16	1.0
OG_10356	15	15	15	1.0
OG_10357	15	15	16	1.0
OG_10358	2	2	2	1.0
OG_10359	15	15	18	1.0
OG_10360	14	24	39	1.0
OG_10361	15	17	28	1.0
OG_10362	14	14	15	1.0
OG_10363	15	89	107	0.7081
OG_10364	15	17	18	0.9779
OG_10365	15	16	20	1.0
OG_10366	4	4	4	1.0
OG_10367	15	15	16	1.0
OG_10368	14	15	16	1.0
OG_10369	14	14	20	1.0
OG_10370	14	14	16	1.0
OG_10371	8	9	9	1.0
OG_10372	14	14	14	1.0
OG_10373	15	15	16	1.0
OG_10374	14	15	15	1.0
OG_10375	15	15	16	1.0
OG_10376	15	15	19	1.0
OG_10377	15	15	18	1.0
OG_10378	15	15	15	1.0
OG_10379	15	15	16	1.0
OG_10380	15	15	20	1.0
OG_10381	15	15	15	1.0
OG_10382	15	15	16	1.0
OG_10383	13	13	16	1.0
OG_10384	14	15	16	1.0
OG_10385	14	14	15	1.0
OG_10386	15	15	16	1.0
OG_10387	15	22	23	1.0
OG_10388	6	6	6	1.0
OG_10389	3	3	6	1.0
OG_10390	15	15	18	1.0
OG_10391	15	15	23	1.0
OG_10392	14	14	14	1.0
OG_10393	13	13	17	1.0
OG_10394	15	15	16	1.0
OG_10395	15	15	25	1.0
OG_10396	11	11	11	1.0
OG_10397	14	14	14	1.0
OG_10398	14	14	20	1.0
OG_10399	14	14	16	1.0
OG_10400	9	9	9	1.0
OG_10401	14	14	20	1.0
OG_10402	10	10	10	1.0
OG_10403	11	11	11	1.0
OG_10404	15	20	21	0.8579
OG_10405	6	6	6	1.0
OG_10406	10	10	10	1.0
OG_10407	14	17	19	0.9853
OG_10408	4	4	4	1.0
OG_10409	8	9	9	1.0
OG_10410	7	10	11	1.0
OG_10411	15	17	24	0.8897
OG_10412	12	12	12	1.0
OG_10413	6	6	6	1.0
OG_10414	9	9	10	1.0
OG_10415	10	10	15	1.0
OG_10416	12	12	12	1.0
OG_10417	13	13	13	1.0
OG_10418	7	8	8	1.0
OG_10419	11	14	21	1.0
OG_10420	7	7	8	1.0
OG_10421	3	3	4	1.0
OG_10422	12	12	12	1.0
OG_10423	9	9	14	1.0
OG_10424	15	21	25	0.6619
OG_10425	9	9	9	1.0
OG_10426	2	3	3	1.0
OG_10427	10	32	36	0.8609
OG_10428	11	11	12	1.0
OG_10429	10	10	13	1.0
OG_10430	9	43	47	0.7054
OG_10431	7	12	12	0.8333
OG_10432	10	10	14	1.0
OG_10433	4	5	5	1.0
OG_10434	12	24	24	0.9638
OG_10435	9	9	9	1.0
OG_10436	10	13	13	0.7692
OG_10437	14	14	27	1.0
OG_10438	8	8	8	1.0
OG_10439	14	16	16	1.0
OG_10440	15	15	17	1.0
OG_10441	10	10	13	1.0
OG_10442	12	12	14	0.8636
OG_10443	13	27	31	1.0
OG_10444	14	14	14	1.0
OG_10445	15	15	16	1.0
OG_10446	12	12	12	1.0
OG_10447	12	32	47	0.998
OG_10448	11	12	13	0.9848
OG_10449	7	7	7	1.0
OG_10450	13	14	16	1.0
OG_10451	11	11	12	1.0
OG_10452	13	16	21	1.0
OG_10453	15	20	33	0.8211
OG_10454	13	18	18	1.0
OG_10455	14	14	21	1.0
OG_10456	9	9	9	1.0
OG_10457	12	12	13	1.0
OG_10458	11	11	11	1.0
OG_10459	12	12	12	1.0
OG_10460	13	13	14	0.8846
OG_10461	8	9	11	0.8611
OG_10462	14	14	14	1.0
OG_10463	7	7	7	1.0
OG_10464	15	15	17	1.0
OG_10465	11	11	11	0.8364
OG_10466	11	19	21	0.807
OG_10467	15	15	17	1.0
OG_10468	10	10	10	1.0
OG_10469	15	20	25	1.0
OG_10470	14	17	31	0.6691
OG_10471	13	13	13	1.0
OG_10472	13	13	19	1.0
OG_10473	14	14	15	1.0
OG_10474	14	15	23	1.0
OG_10475	15	15	18	1.0
OG_10476	14	14	14	1.0
OG_10477	12	12	12	0.9848
OG_10478	12	13	19	1.0
OG_10479	8	8	8	1.0
OG_10480	15	15	17	1.0
OG_10481	13	13	14	1.0
OG_10482	10	10	10	1.0
OG_10483	13	24	25	1.0
OG_10484	15	15	22	1.0
OG_10485	15	51	57	1.0
OG_10486	13	13	13	1.0
OG_10487	15	15	16	1.0
OG_10488	15	21	23	1.0
OG_10489	15	15	19	1.0
OG_10490	13	13	14	1.0
OG_10491	15	20	21	1.0
OG_10492	13	15	21	1.0
OG_10493	13	13	14	1.0
OG_10494	13	14	15	1.0
OG_10495	14	21	24	0.7905
OG_10496	15	19	29	0.8713
OG_10497	13	13	14	1.0
OG_10498	15	20	24	0.8053
OG_10499	13	23	27	1.0
OG_10500	14	15	24	0.9905
OG_10501	15	15	18	1.0
OG_10502	14	15	15	0.8381
OG_10503	7	7	8	1.0
OG_10504	15	47	53	1.0
OG_10505	13	13	14	1.0
OG_10506	11	11	18	0.8909
OG_10507	11	11	15	0.8727
OG_10508	14	14	17	1.0
OG_10509	10	10	10	1.0
OG_10510	14	14	15	1.0
OG_10511	2	2	2	1.0
OG_10512	5	5	9	1.0
OG_10513	14	14	17	1.0
OG_10514	12	12	12	1.0
OG_10515	12	17	17	0.8015
OG_10516	3	3	3	1.0
OG_10517	3	3	3	1.0
OG_10518	8	8	8	1.0
OG_10519	13	13	20	0.9487
OG_10520	13	13	16	1.0
OG_10521	2	2	2	1.0
OG_10522	10	10	10	0.9111
OG_10523	15	15	16	1.0
OG_10524	15	21	25	0.7667
OG_10525	10	10	11	1.0
OG_10526	15	18	51	1.0
OG_10527	2	2	2	1.0
OG_10528	14	14	19	1.0
OG_10529	7	7	11	1.0
OG_10530	2	6	6	1.0
OG_10531	8	10	18	1.0
OG_10532	3	3	4	0.6667
OG_10533	14	17	17	1.0
OG_10534	5	5	6	1.0
OG_10535	3	3	3	1.0
OG_10536	12	14	14	1.0
OG_10537	8	8	8	1.0
OG_10538	13	14	14	1.0
OG_10539	14	14	19	1.0
OG_10540	13	20	23	0.8474
OG_10541	13	13	16	0.9744
OG_10542	2	2	2	1.0
OG_10543	15	15	16	1.0
OG_10544	13	13	18	1.0
OG_10545	14	15	16	0.9714
OG_10546	11	11	11	1.0
OG_10547	2	2	2	1.0
OG_10548	10	10	10	1.0
OG_10549	14	14	16	1.0
OG_10550	13	15	19	0.7714
OG_10551	12	12	13	1.0
OG_10552	14	15	15	1.0
OG_10553	12	15	15	1.0
OG_10554	2	2	2	1.0
OG_10555	7	7	7	1.0
OG_10556	3	3	3	1.0
OG_10557	7	7	7	1.0
OG_10558	14	14	19	1.0
OG_10559	13	13	15	1.0
OG_10560	2	2	2	1.0
OG_10561	15	17	22	1.0
OG_10562	2	3	3	0.6667
OG_10563	15	15	21	1.0
OG_10564	13	13	14	1.0
OG_10565	9	9	10	1.0
OG_10566	12	12	26	0.8636
OG_10567	10	10	11	1.0
OG_10568	10	10	11	1.0
OG_10569	15	18	18	1.0
OG_10570	13	13	16	1.0
OG_10571	10	17	30	1.0
OG_10572	11	11	11	1.0
OG_10573	15	75	91	0.9261
OG_10574	13	14	14	1.0
OG_10575	2	2	2	1.0
OG_10576	13	13	13	0.8718
OG_10577	6	6	6	1.0
OG_10578	10	10	10	1.0
OG_10579	11	11	22	1.0
OG_10580	3	3	3	1.0
OG_10581	11	13	13	0.9872
OG_10582	15	16	25	0.925
OG_10583	12	12	21	0.8939
OG_10584	14	17	30	0.7132
OG_10585	2	8	8	0.6429
OG_10586	15	16	18	0.8917
OG_10587	3	3	4	1.0
OG_10588	15	18	24	1.0
OG_10589	11	11	16	1.0
OG_10590	11	14	21	0.8901
OG_10591	14	15	28	1.0
OG_10592	10	40	42	0.9872
OG_10593	15	22	34	0.8442
OG_10594	15	15	19	1.0
OG_10595	15	83	117	0.6879
OG_10596	15	55	69	0.7219
OG_10597	10	11	12	1.0
OG_10598	2	2	2	1.0
OG_10599	2	5	5	0.7
OG_10600	12	12	16	1.0
OG_10601	15	38	47	0.8862
OG_10602	15	17	18	1.0
OG_10603	15	30	36	0.977
OG_10604	12	12	13	1.0
OG_10605	13	13	13	1.0
OG_10606	14	18	18	0.8824
OG_10607	2	2	4	1.0
OG_10608	14	15	17	1.0
OG_10609	9	12	13	0.6061
OG_10610	11	12	13	0.7576
OG_10611	12	12	18	0.9848
OG_10612	15	21	30	0.9905
OG_10613	15	18	18	0.8039
OG_10614	15	16	18	1.0
OG_10615	15	16	25	1.0
OG_10616	15	32	38	0.8387
OG_10617	13	20	22	0.9895
OG_10618	14	36	53	0.6825
OG_10619	15	18	39	0.9804
OG_10620	2	2	2	1.0
OG_10621	13	15	16	1.0
OG_10622	15	22	25	0.9697
OG_10623	9	9	10	1.0
OG_10624	14	15	15	1.0
OG_10625	13	15	22	1.0
OG_10626	15	15	19	1.0
OG_10627	15	16	18	1.0
OG_10628	14	15	21	1.0
OG_10629	2	2	2	1.0
OG_10630	7	8	8	1.0
OG_10631	8	14	15	1.0
OG_10632	11	17	20	1.0
OG_10633	13	20	23	0.9
OG_10634	3	4	4	0.8333
OG_10635	4	4	4	1.0
OG_10636	11	12	22	0.9848
OG_10637	13	16	25	1.0
OG_10638	6	11	11	0.7091
OG_10639	2	2	2	1.0
OG_10640	15	20	20	0.9105
OG_10641	7	7	7	1.0
OG_10642	13	13	14	1.0
OG_10643	15	16	16	1.0
OG_10644	15	15	15	1.0
OG_10645	14	17	19	1.0
OG_10646	10	11	14	0.8545
OG_10647	14	15	18	1.0
OG_10648	2	4	5	1.0
OG_10649	15	16	22	1.0
OG_10650	15	15	18	1.0
OG_10651	3	3	3	1.0
OG_10652	15	20	21	0.9895
OG_10653	3	3	3	1.0
OG_10654	14	14	18	1.0
OG_10655	3	3	4	1.0
OG_10656	10	10	10	1.0
OG_10657	9	11	12	0.8545
OG_10658	8	12	14	0.6364
OG_10659	12	20	20	0.7158
OG_10660	10	10	11	1.0
OG_10661	2	4	4	1.0
OG_10662	12	12	14	1.0
OG_10663	12	12	17	1.0
OG_10664	12	13	14	1.0
OG_10665	15	63	75	0.8484
OG_10666	10	16	18	0.6167
OG_10667	14	17	17	0.7941
OG_10668	11	50	55	0.6457
OG_10669	15	17	23	0.8897
OG_10670	10	10	11	1.0
OG_10671	12	12	12	1.0
OG_10672	15	28	37	1.0
OG_10673	15	16	17	1.0
OG_10674	14	16	18	1.0
OG_10675	15	17	17	1.0
OG_10676	12	12	12	1.0
OG_10677	3	5	6	0.5
OG_10678	14	14	17	1.0
OG_10679	14	14	16	1.0
OG_10680	15	18	24	0.8039
OG_10681	15	25	30	0.7933
OG_10682	15	15	16	1.0
OG_10683	15	18	21	0.9477
OG_10684	15	16	20	1.0
OG_10685	15	20	24	1.0
OG_10686	15	17	21	1.0
OG_10687	7	9	9	0.8889
OG_10688	15	19	26	0.8129
OG_10689	15	15	33	1.0
OG_10690	14	15	25	1.0
OG_10691	15	21	23	0.781
OG_10692	13	31	35	0.972
OG_10693	13	15	21	1.0
OG_10694	14	15	17	1.0
OG_10695	15	15	17	1.0
OG_10696	15	15	20	1.0
OG_10697	15	15	18	1.0
OG_10698	13	14	15	1.0
OG_10699	15	15	38	1.0
OG_10700	15	17	39	1.0
OG_10701	14	14	19	1.0
OG_10702	15	16	22	1.0
OG_10703	15	16	20	1.0
OG_10704	14	16	26	1.0
OG_10705	15	16	18	1.0
OG_10706	15	17	21	1.0
OG_10707	15	16	23	1.0
OG_10708	15	16	27	1.0
OG_10709	15	17	26	1.0
OG_10710	14	15	27	1.0
OG_10711	15	21	31	1.0
OG_10712	14	15	27	1.0
OG_10713	15	17	20	0.6838
OG_10714	15	16	23	1.0
OG_10715	15	27	40	0.8632
OG_10716	15	15	18	1.0
OG_10717	15	17	25	1.0
OG_10718	15	16	31	0.9583
OG_10719	15	15	19	1.0
OG_10720	14	15	15	0.981
OG_10721	3	3	5	1.0
OG_10722	15	19	31	0.9064
OG_10723	15	16	24	1.0
OG_10724	15	15	18	1.0
OG_10725	14	14	16	1.0
OG_10726	14	17	21	1.0
OG_10727	15	22	48	0.7403
OG_10728	15	15	19	1.0
OG_10729	15	16	18	1.0
OG_10730	15	16	19	0.8833
OG_10731	15	16	21	1.0
OG_10732	15	17	23	1.0
OG_10733	14	16	17	0.8917
OG_10734	15	17	19	1.0
OG_10735	3	3	5	1.0
OG_10736	15	17	22	1.0
OG_10737	15	15	17	1.0
OG_10738	15	17	17	1.0
OG_10739	12	12	20	1.0
OG_10740	2	2	2	1.0
OG_10741	15	17	29	1.0
OG_10742	4	5	5	1.0
OG_10743	15	15	20	1.0
OG_10744	13	14	18	1.0
OG_10745	12	12	13	1.0
OG_10746	14	17	21	0.7794
OG_10747	14	14	16	1.0
OG_10748	15	17	19	1.0
OG_10749	15	16	20	1.0
OG_10750	15	16	18	1.0
OG_10751	15	15	16	1.0
OG_10752	2	2	2	1.0
OG_10753	15	15	18	1.0
OG_10754	2	2	3	1.0
OG_10755	14	15	22	1.0
OG_10756	14	14	17	1.0
OG_10757	15	15	20	1.0
OG_10758	4	4	5	1.0
OG_10759	15	17	18	1.0
OG_10760	14	15	35	1.0
OG_10761	15	17	32	1.0
OG_10762	13	15	16	1.0
OG_10763	15	16	16	1.0
OG_10764	15	16	16	1.0
OG_10765	2	2	2	1.0
OG_10766	2	2	2	1.0
OG_10767	15	15	17	1.0
OG_10768	15	20	22	1.0
OG_10769	15	15	21	1.0
OG_10770	14	18	22	1.0
OG_10771	15	15	22	1.0
OG_10772	15	17	25	1.0
OG_10773	15	15	17	1.0
OG_10774	14	14	14	1.0
OG_10775	15	15	15	1.0
OG_10776	15	15	15	1.0
OG_10777	15	19	24	1.0
OG_10778	15	17	21	1.0
OG_10779	14	14	14	1.0
OG_10780	15	17	17	1.0
OG_10781	15	16	16	1.0
OG_10782	15	17	25	1.0
OG_10783	14	17	18	1.0
OG_10784	15	17	34	1.0
OG_10785	15	17	18	1.0
OG_10786	15	18	21	0.9673
OG_10787	15	15	15	1.0
OG_10788	15	17	17	0.8971
OG_10789	15	16	17	1.0
OG_10790	15	15	16	1.0
OG_10791	15	17	24	1.0
OG_10792	15	18	30	1.0
OG_10793	15	16	21	1.0
OG_10794	15	18	26	1.0
OG_10795	15	16	16	1.0
OG_10796	15	18	27	0.9935
OG_10797	14	16	19	1.0
OG_10798	15	17	20	1.0
OG_10799	15	17	20	1.0
OG_10800	15	17	18	1.0
OG_10801	13	17	26	0.9412
OG_10802	14	14	15	1.0
OG_10803	15	16	20	1.0
OG_10804	14	14	24	1.0
OG_10805	14	15	18	1.0
OG_10806	15	18	31	1.0
OG_10807	15	15	15	1.0
OG_10808	4	4	6	1.0
OG_10809	15	16	18	1.0
OG_10810	15	15	16	1.0
OG_10811	15	21	27	0.8286
OG_10812	15	22	25	1.0
OG_10813	15	19	25	1.0
OG_10814	12	12	15	1.0
OG_10815	15	15	18	1.0
OG_10816	15	16	25	1.0
OG_10817	2	2	2	1.0
OG_10818	14	14	15	1.0
OG_10819	15	17	19	0.7868
OG_10820	15	22	34	0.6494
OG_10821	15	16	20	1.0
OG_10822	15	16	16	1.0
OG_10823	15	16	16	1.0
OG_10824	14	17	24	1.0
OG_10825	15	16	17	1.0
OG_10826	15	15	15	1.0
OG_10827	13	13	14	1.0
OG_10828	15	16	18	1.0
OG_10829	15	16	19	1.0
OG_10830	12	17	22	1.0
OG_10831	14	14	15	1.0
OG_10832	15	15	20	1.0
OG_10833	15	17	27	1.0
OG_10834	14	15	16	1.0
OG_10835	14	14	15	1.0
OG_10836	15	17	26	1.0
OG_10837	15	15	17	1.0
OG_10838	13	13	15	1.0
OG_10839	15	17	24	1.0
OG_10840	15	16	19	1.0
OG_10841	11	11	18	1.0
OG_10842	15	18	20	1.0
OG_10843	15	18	21	1.0
OG_10844	14	14	20	1.0
OG_10845	15	15	20	1.0
OG_10846	8	12	12	1.0
OG_10847	15	15	29	1.0
OG_10848	15	16	17	1.0
OG_10849	15	15	31	1.0
OG_10850	14	15	25	1.0
OG_10851	15	15	15	1.0
OG_10852	12	12	12	1.0
OG_10853	14	14	14	1.0
OG_10854	15	17	17	1.0
OG_10855	15	15	16	1.0
OG_10856	15	22	24	0.8052
OG_10857	2	2	2	1.0
OG_10858	15	15	19	1.0
OG_10859	2	2	3	1.0
OG_10860	15	16	18	1.0
OG_10861	13	16	17	0.6833
OG_10862	15	15	19	1.0
OG_10863	14	14	16	1.0
OG_10864	15	15	19	1.0
OG_10865	15	19	20	1.0
OG_10866	15	16	17	1.0
OG_10867	14	16	22	1.0
OG_10868	2	2	2	1.0
OG_10869	13	14	22	0.8791
OG_10870	8	8	10	1.0
OG_10871	10	10	18	1.0
OG_10872	13	13	14	1.0
OG_10873	12	14	18	0.9011
OG_10874	11	20	22	0.5263
OG_10875	11	16	18	0.8917
OG_10876	13	21	21	0.6857
OG_10877	15	37	44	0.6922
OG_10878	14	14	14	1.0
OG_10879	15	16	19	1.0
OG_10880	14	14	20	1.0
OG_10881	15	18	24	0.9935
OG_10882	14	14	20	1.0
OG_10883	14	14	15	1.0
OG_10884	15	16	20	1.0
OG_10885	15	16	18	1.0
OG_10886	15	15	15	1.0
OG_10887	14	15	24	0.9524
OG_10888	15	16	17	1.0
OG_10889	15	15	15	1.0
OG_10890	15	16	18	0.9917
OG_10891	15	16	18	0.9583
OG_10892	14	15	18	1.0
OG_10893	15	16	17	1.0
OG_10894	15	16	19	1.0
OG_10895	14	14	14	1.0
OG_10896	15	15	18	1.0
OG_10897	15	17	28	1.0
OG_10898	14	15	19	1.0
OG_10899	14	17	19	0.7794
OG_10900	15	15	17	1.0
OG_10901	14	15	15	1.0
OG_10902	14	17	22	0.9265
OG_10903	15	18	20	1.0
OG_10904	14	15	18	1.0
OG_10905	15	19	23	1.0
OG_10906	15	17	17	1.0
OG_10907	15	17	17	0.9926
OG_10908	15	16	17	1.0
OG_10909	14	14	17	1.0
OG_10910	15	15	22	1.0
OG_10911	15	15	25	1.0
OG_10912	2	2	5	1.0
OG_10913	15	15	21	1.0
OG_10914	15	18	24	1.0
OG_10915	15	18	20	0.915
OG_10916	14	15	18	1.0
OG_10917	14	14	14	1.0
OG_10918	14	14	14	1.0
OG_10919	14	14	15	1.0
OG_10920	15	16	17	1.0
OG_10921	14	15	17	1.0
OG_10922	11	13	13	0.9744
OG_10923	11	11	11	1.0
OG_10924	13	13	13	0.7308
OG_10925	14	20	27	0.7368
OG_10926	15	16	19	1.0
OG_10927	15	17	37	1.0
OG_10928	15	15	17	1.0
OG_10929	15	16	17	1.0
OG_10930	15	15	17	1.0
OG_10931	2	2	2	1.0
OG_10932	14	14	17	1.0
OG_10933	14	14	14	1.0
OG_10934	15	15	15	1.0
OG_10935	7	9	9	0.9444
OG_10936	15	16	19	1.0
OG_10937	15	16	16	1.0
OG_10938	5	6	6	1.0
OG_10939	15	16	19	1.0
OG_10940	13	13	13	1.0
OG_10941	15	16	17	1.0
OG_10942	15	19	22	1.0
OG_10943	14	15	15	1.0
OG_10944	15	19	27	1.0
OG_10945	15	26	34	1.0
OG_10946	12	12	14	1.0
OG_10947	14	20	22	1.0
OG_10948	14	15	15	0.9905
OG_10949	15	15	31	1.0
OG_10950	14	15	24	1.0
OG_10951	13	13	13	1.0
OG_10952	15	15	17	1.0
OG_10953	15	15	27	1.0
OG_10954	15	15	18	1.0
OG_10955	15	15	17	1.0
OG_10956	15	15	15	1.0
OG_10957	14	14	14	1.0
OG_10958	15	18	18	1.0
OG_10959	14	19	23	1.0
OG_10960	14	14	20	1.0
OG_10961	15	16	22	1.0
OG_10962	15	16	17	1.0
OG_10963	14	16	17	1.0
OG_10964	14	15	20	1.0
OG_10965	2	2	2	1.0
OG_10966	13	13	14	1.0
OG_10967	15	18	21	1.0
OG_10968	15	15	15	1.0
OG_10969	15	18	22	1.0
OG_10970	15	17	21	1.0
OG_10971	14	15	16	1.0
OG_10972	15	15	19	1.0
OG_10973	15	16	18	1.0
OG_10974	15	15	16	1.0
OG_10975	15	18	21	1.0
OG_10976	15	17	23	1.0
OG_10977	15	17	20	1.0
OG_10978	15	15	15	1.0
OG_10979	3	3	3	1.0
OG_10980	14	15	17	1.0
OG_10981	15	17	20	1.0
OG_10982	15	16	16	1.0
OG_10983	15	17	25	1.0
OG_10984	13	18	22	0.7255
OG_10985	3	4	4	1.0
OG_10986	15	16	18	1.0
OG_10987	15	16	21	1.0
OG_10988	15	16	16	1.0
OG_10989	15	16	16	1.0
OG_10990	14	14	15	1.0
OG_10991	14	15	16	1.0
OG_10992	14	15	17	1.0
OG_10993	15	15	16	1.0
OG_10994	14	14	16	1.0
OG_10995	13	13	16	1.0
OG_10996	15	15	19	1.0
OG_10997	15	19	25	1.0
OG_10998	15	17	17	1.0
OG_10999	15	16	18	1.0
OG_11000	14	14	14	1.0
OG_11001	15	17	21	1.0
OG_11002	15	15	19	1.0
OG_11003	15	18	22	1.0
OG_11004	15	16	23	1.0
OG_11005	15	15	19	1.0
OG_11006	15	16	17	1.0
OG_11007	15	16	17	1.0
OG_11008	13	13	19	1.0
OG_11009	15	15	16	1.0
OG_11010	14	14	16	1.0
OG_11011	15	16	21	1.0
OG_11012	15	16	17	1.0
OG_11013	14	15	17	1.0
OG_11014	14	17	29	0.9853
OG_11015	15	17	21	1.0
OG_11016	15	15	15	1.0
OG_11017	15	15	24	1.0
OG_11018	15	15	15	1.0
OG_11019	15	17	42	0.9044
OG_11020	15	17	21	1.0
OG_11021	15	16	20	1.0
OG_11022	14	14	18	1.0
OG_11023	9	9	9	1.0
OG_11024	14	14	22	1.0
OG_11025	3	3	3	1.0
OG_11026	15	15	16	1.0
OG_11027	12	14	19	1.0
OG_11028	15	16	23	1.0
OG_11029	15	19	26	1.0
OG_11030	15	18	26	1.0
OG_11031	15	15	16	1.0
OG_11032	15	16	22	1.0
OG_11033	15	15	38	1.0
OG_11034	15	16	20	1.0
OG_11035	15	16	23	1.0
OG_11036	14	14	14	1.0
OG_11037	15	15	21	1.0
OG_11038	3	3	3	1.0
OG_11039	15	17	35	1.0
OG_11040	15	17	19	1.0
OG_11041	14	14	14	1.0
OG_11042	15	18	19	1.0
OG_11043	15	17	19	1.0
OG_11044	15	16	21	1.0
OG_11045	10	10	11	1.0
OG_11046	2	3	3	0.6667
OG_11047	15	18	19	1.0
OG_11048	15	16	24	1.0
OG_11049	15	16	17	1.0
OG_11050	4	5	6	1.0
OG_11051	15	15	21	1.0
OG_11052	15	17	19	1.0
OG_11053	14	14	16	1.0
OG_11054	15	16	16	1.0
OG_11055	15	17	21	1.0
OG_11056	15	18	22	1.0
OG_11057	15	15	17	1.0
OG_11058	15	16	18	1.0
OG_11059	15	15	17	0.7905
OG_11060	11	11	11	1.0
OG_11061	4	18	18	0.7908
OG_11062	8	36	37	0.7492
OG_11063	15	17	21	1.0
OG_11064	14	17	20	1.0
OG_11065	14	15	16	1.0
OG_11066	15	41	55	0.5561
OG_11067	15	15	17	1.0
OG_11068	15	17	21	1.0
OG_11069	15	17	21	1.0
OG_11070	15	16	18	1.0
OG_11071	15	17	30	1.0
OG_11072	14	17	18	0.9706
OG_11073	15	15	17	1.0
OG_11074	15	22	27	1.0
OG_11075	14	14	20	1.0
OG_11076	15	18	18	1.0
OG_11077	13	13	19	1.0
OG_11078	15	15	17	1.0
OG_11079	14	15	15	1.0
OG_11080	15	17	20	1.0
OG_11081	15	15	15	1.0
OG_11082	13	17	22	1.0
OG_11083	15	16	17	1.0
OG_11084	11	11	13	1.0
OG_11085	15	20	22	1.0
OG_11086	15	15	20	1.0
OG_11087	14	14	15	1.0
OG_11088	15	15	16	1.0
OG_11089	14	14	17	1.0
OG_11090	3	3	3	1.0
OG_11091	15	15	19	1.0
OG_11092	15	20	25	1.0
OG_11093	15	20	24	0.9895
OG_11094	15	16	21	1.0
OG_11095	14	14	15	1.0
OG_11096	14	14	16	1.0
OG_11097	15	19	25	1.0
OG_11098	13	13	13	1.0
OG_11099	14	15	18	1.0
OG_11100	12	12	15	1.0
OG_11101	15	23	29	1.0
OG_11102	2	2	2	1.0
OG_11103	15	15	16	1.0
OG_11104	15	17	33	0.7868
OG_11105	15	15	18	1.0
OG_11106	14	14	15	1.0
OG_11107	14	16	16	1.0
OG_11108	15	16	21	1.0
OG_11109	15	15	20	1.0
OG_11110	13	13	16	1.0
OG_11111	15	16	17	1.0
OG_11112	15	15	16	1.0
OG_11113	15	18	19	0.9935
OG_11114	15	20	26	1.0
OG_11115	15	16	16	1.0
OG_11116	15	17	28	0.7941
OG_11117	15	19	20	0.9474
OG_11118	15	18	25	1.0
OG_11119	15	16	17	1.0
OG_11120	14	14	18	1.0
OG_11121	13	13	13	1.0
OG_11122	15	16	29	1.0
OG_11123	14	14	14	1.0
OG_11124	12	14	14	1.0
OG_11125	14	16	18	1.0
OG_11126	14	14	15	1.0
OG_11127	14	14	15	1.0
OG_11128	15	16	16	1.0
OG_11129	15	15	17	1.0
OG_11130	12	13	18	1.0
OG_11131	13	13	17	1.0
OG_11132	15	31	36	0.9978
OG_11133	14	14	18	1.0
OG_11134	2	2	2	1.0
OG_11135	14	14	21	1.0
OG_11136	15	17	35	1.0
OG_11137	15	16	17	1.0
OG_11138	14	14	14	1.0
OG_11139	15	19	22	0.6608
OG_11140	13	13	18	1.0
OG_11141	14	15	17	0.9714
OG_11142	14	14	14	1.0
OG_11143	15	17	20	1.0
OG_11144	15	16	20	1.0
OG_11145	15	16	17	1.0
OG_11146	15	17	18	1.0
OG_11147	12	12	15	1.0
OG_11148	15	19	27	1.0
OG_11149	15	22	39	0.8788
OG_11150	15	16	20	1.0
OG_11151	15	15	16	1.0
OG_11152	15	20	22	1.0
OG_11153	15	15	15	1.0
OG_11154	13	14	20	1.0
OG_11155	9	11	11	1.0
OG_11156	13	32	34	0.7359
OG_11157	15	16	16	0.9833
OG_11158	15	16	18	1.0
OG_11159	15	16	24	1.0
OG_11160	15	16	16	1.0
OG_11161	15	16	18	1.0
OG_11162	15	17	25	1.0
OG_11163	15	16	19	1.0
OG_11164	14	14	18	1.0
OG_11165	15	18	21	0.9608
OG_11166	15	18	36	0.9673
OG_11167	15	15	15	1.0
OG_11168	14	14	18	1.0
OG_11169	14	14	14	1.0
OG_11170	15	17	22	1.0
OG_11171	15	15	17	1.0
OG_11172	13	13	15	1.0
OG_11173	15	15	15	1.0
OG_11174	14	16	22	1.0
OG_11175	15	19	21	0.8187
OG_11176	15	17	18	1.0
OG_11177	14	14	14	1.0
OG_11178	15	19	23	0.7895
OG_11179	15	16	22	1.0
OG_11180	15	17	17	1.0
OG_11181	14	15	16	1.0
OG_11182	14	17	27	0.9485
OG_11183	15	16	21	1.0
OG_11184	15	17	20	1.0
OG_11185	14	14	28	1.0
OG_11186	15	15	37	0.8667
OG_11187	15	15	39	1.0
OG_11188	15	16	18	1.0
OG_11189	15	15	15	1.0
OG_11190	13	14	17	1.0
OG_11191	15	15	16	1.0
OG_11192	12	12	18	1.0
OG_11193	15	17	24	1.0
OG_11194	14	14	35	1.0
OG_11195	14	14	21	1.0
OG_11196	10	10	13	1.0
OG_11197	15	20	40	1.0
OG_11198	15	16	31	1.0
OG_11199	13	13	15	1.0
OG_11200	12	12	13	1.0
OG_11201	11	11	14	1.0
OG_11202	14	16	16	1.0
OG_11203	12	12	12	1.0
OG_11204	8	8	8	1.0
OG_11205	15	17	20	1.0
OG_11206	15	15	32	1.0
OG_11207	15	18	55	1.0
OG_11208	10	10	11	1.0
OG_11209	9	9	11	1.0
OG_11210	5	5	5	0.8
OG_11211	14	14	17	1.0
OG_11212	15	18	24	0.9935
OG_11213	13	13	13	1.0
OG_11214	2	2	2	1.0
OG_11215	10	10	11	1.0
OG_11216	15	16	16	1.0
OG_11217	15	17	23	0.9191
OG_11218	15	17	20	1.0
OG_11219	13	22	24	1.0
OG_11220	15	17	19	1.0
OG_11221	12	12	12	1.0
OG_11222	9	9	9	1.0
OG_11223	15	20	20	1.0
OG_11224	9	9	9	1.0
OG_11225	14	14	18	1.0
OG_11226	14	15	15	1.0
OG_11227	12	12	12	1.0
OG_11228	15	17	23	1.0
OG_11229	15	20	22	1.0
OG_11230	9	13	18	0.9744
OG_11231	14	15	19	1.0
OG_11232	7	7	7	1.0
OG_11233	14	15	15	1.0
OG_11234	15	19	23	0.8363
OG_11235	8	8	8	1.0
OG_11236	14	14	15	1.0
OG_11237	3	3	4	1.0
OG_11238	15	16	19	1.0
OG_11239	5	5	6	1.0
OG_11240	15	15	16	1.0
OG_11241	15	19	23	0.8947
OG_11242	14	14	16	1.0
OG_11243	7	7	7	1.0
OG_11244	13	13	14	1.0
OG_11245	2	2	2	1.0
OG_11246	14	14	17	1.0
OG_11247	15	15	15	1.0
OG_11248	15	18	22	1.0
OG_11249	14	16	19	1.0
OG_11250	2	2	2	1.0
OG_11251	15	18	19	0.8366
OG_11252	13	14	14	0.956
OG_11253	11	11	12	1.0
OG_11254	13	15	15	1.0
OG_11255	10	14	16	1.0
OG_11256	14	15	16	0.9429
OG_11257	11	23	24	0.6957
OG_11258	9	10	11	1.0
OG_11259	6	10	16	0.9556
OG_11260	8	10	13	1.0
OG_11261	8	8	9	1.0
OG_11262	5	5	5	1.0
OG_11263	7	7	7	1.0
OG_11264	9	9	9	0.8333
OG_11265	9	9	9	1.0
OG_11266	14	14	19	0.7582
OG_11267	14	14	44	1.0
OG_11268	12	16	16	1.0
OG_11269	4	4	4	0.8333
OG_11270	13	13	13	0.9872
OG_11271	15	16	17	1.0
OG_11272	15	17	19	0.8971
OG_11273	15	15	16	1.0
OG_11274	10	12	12	1.0
OG_11275	11	12	12	0.8939
OG_11276	3	3	3	1.0
OG_11277	3	3	3	0.6667
OG_11278	13	13	18	1.0
OG_11279	2	2	6	1.0
OG_11280	2	2	4	1.0
OG_11281	2	2	3	1.0
OG_11282	2	2	3	1.0
OG_11283	15	17	24	1.0
OG_11284	2	2	6	1.0
OG_11285	2	2	6	1.0
OG_11286	2	2	4	1.0
OG_11287	13	13	23	1.0
OG_11288	2	2	3	1.0
OG_11289	9	9	9	1.0
OG_11290	2	2	5	1.0
OG_11291	2	2	4	1.0
OG_11292	2	2	4	1.0
OG_11293	2	2	3	1.0
OG_11294	2	2	3	1.0
OG_11295	2	2	3	1.0
OG_11296	15	15	17	1.0
OG_11297	15	22	27	0.7662
OG_11298	14	14	15	0.8901
OG_11299	15	17	26	1.0
OG_11300	2	2	4	1.0
OG_11301	2	2	3	1.0
OG_11302	2	2	6	1.0
OG_11303	2	2	4	1.0
OG_11304	2	2	4	1.0
OG_11305	15	92	159	0.737
OG_11306	5	5	5	1.0
OG_11307	15	15	16	1.0
OG_11308	13	23	26	0.664
OG_11309	14	18	20	0.9608
OG_11310	15	17	18	1.0
OG_11311	2	2	3	1.0
OG_11312	2	2	3	1.0
OG_11313	2	2	5	1.0
OG_11314	2	2	3	1.0
OG_11315	2	2	5	1.0
OG_11316	2	2	5	1.0
OG_11317	2	2	3	1.0
OG_11318	2	2	3	1.0
OG_11319	2	2	3	1.0
OG_11320	15	16	16	1.0
OG_11321	4	4	4	1.0
OG_11322	2	2	2	1.0
OG_11323	2	2	2	1.0
OG_11324	15	19	21	1.0
OG_11325	15	18	20	1.0
OG_11326	14	14	20	1.0
OG_11327	2	2	2	1.0
OG_11328	2	2	2	1.0
OG_11329	2	2	2	1.0
OG_11330	15	19	33	0.9942
OG_11331	14	15	26	1.0
OG_11332	2	2	3	1.0
OG_11333	2	2	3	1.0
OG_11334	7	7	7	1.0
OG_11335	14	84	109	0.8523
OG_11336	15	63	95	0.9836
OG_11337	15	34	36	0.8467
OG_11338	2	2	2	1.0
OG_11339	15	98	133	0.967
OG_11340	12	12	12	1.0
OG_11341	4	4	4	1.0
OG_11342	5	9	9	0.9167
OG_11343	2	2	4	1.0
OG_11344	2	2	2	1.0
OG_11345	2	2	3	1.0
OG_11346	2	2	2	1.0
OG_11347	2	2	2	1.0
OG_11348	15	31	43	1.0
OG_11349	12	12	13	1.0
OG_11350	2	2	2	1.0
OG_11351	2	2	5	1.0
OG_11352	15	17	27	0.7941
OG_11353	2	2	2	1.0
OG_11354	2	2	2	1.0
OG_11355	2	2	2	1.0
OG_11356	2	2	5	1.0
OG_11357	2	2	2	1.0
OG_11358	14	16	21	1.0
OG_11359	15	16	26	1.0
OG_11360	15	21	33	1.0
OG_11361	15	23	35	1.0
OG_11362	15	16	38	1.0
OG_11363	10	10	12	1.0
OG_11364	2	2	5	1.0
OG_11365	13	13	18	1.0
OG_11366	2	6	7	0.6667
OG_11367	8	8	8	0.9643
OG_11368	2	2	2	1.0
OG_11369	2	3	3	0.6667
OG_11370	2	2	2	1.0
OG_11371	15	17	23	1.0
OG_11372	15	17	27	1.0
OG_11373	14	27	39	1.0
OG_11374	2	3	4	0.6667
OG_11375	2	2	3	1.0
OG_11376	2	2	2	1.0
OG_11377	2	2	2	1.0
OG_11378	2	2	2	1.0
OG_11379	15	18	21	0.8039
OG_11380	13	17	17	1.0
OG_11381	2	2	2	1.0
OG_11382	15	28	31	0.5582
OG_11383	15	15	21	1.0
OG_11384	2	2	2	1.0
OG_11385	2	2	2	1.0
OG_11386	2	2	3	1.0
OG_11387	2	2	3	1.0
OG_11388	2	2	2	1.0
OG_11389	2	2	2	1.0
OG_11390	2	2	3	1.0
OG_11391	2	2	2	1.0
OG_11392	2	2	2	1.0
OG_11393	2	3	3	0.6667
OG_11394	2	2	2	1.0
OG_11395	2	2	2	1.0
OG_11396	2	2	2	1.0
OG_11397	2	2	6	1.0
OG_11398	2	2	2	1.0
OG_11399	2	2	2	1.0
OG_11400	2	2	3	1.0
OG_11401	2	2	2	1.0
OG_11402	2	2	3	1.0
OG_11403	13	14	17	1.0
OG_11404	2	2	2	1.0
OG_11405	2	2	2	1.0
OG_11406	2	2	2	1.0
OG_11407	2	2	2	1.0
OG_11408	2	2	2	1.0
OG_11409	2	2	3	1.0
OG_11410	2	2	2	1.0
OG_11411	14	15	15	1.0
OG_11412	2	2	4	1.0
OG_11413	2	2	2	1.0
OG_11414	15	17	17	0.8897
OG_11415	2	2	6	1.0
OG_11416	2	2	2	1.0
OG_11417	2	2	3	1.0
OG_11418	2	2	3	1.0
OG_11419	2	2	2	1.0
OG_11420	2	2	3	1.0
OG_11421	2	2	2	1.0
OG_11422	15	15	18	1.0
OG_11423	2	2	2	1.0
OG_11424	2	3	3	0.6667
OG_11425	14	15	16	1.0
OG_11426	12	16	18	1.0
OG_11427	2	2	4	1.0
OG_11428	15	26	29	1.0
OG_11429	10	10	11	1.0
OG_11430	2	2	3	1.0
OG_11431	3	3	3	0.6667
OG_11432	2	2	4	1.0
OG_11433	2	2	2	1.0
OG_11434	2	2	2	1.0
OG_11435	2	2	2	1.0
OG_11436	2	2	5	1.0
OG_11437	2	2	2	1.0
OG_11438	2	2	2	1.0
OG_11439	2	2	2	1.0
OG_11440	12	12	16	1.0
OG_11441	2	2	2	1.0
OG_11442	2	2	2	1.0
OG_11443	15	16	24	1.0
OG_11444	15	16	19	1.0
OG_11445	15	19	26	1.0
OG_11446	13	13	13	1.0
OG_11447	12	12	22	1.0
OG_11448	15	20	22	0.5947
OG_11449	15	15	17	1.0
OG_11450	15	16	16	1.0
OG_11451	15	15	36	0.9143
OG_11452	15	20	24	1.0
OG_11453	15	24	31	0.8152
OG_11454	15	17	19	0.7941
OG_11455	15	15	19	1.0
OG_11456	2	2	2	1.0
OG_11457	2	2	2	1.0
OG_11458	2	2	5	1.0
OG_11459	2	2	2	1.0
OG_11460	14	18	25	1.0
OG_11461	10	10	10	1.0
OG_11462	2	2	2	1.0
OG_11463	15	18	20	1.0
OG_11464	2	2	2	1.0
OG_11465	14	14	28	1.0
OG_11466	2	2	2	1.0
OG_11467	2	3	4	0.6667
OG_11468	2	2	2	1.0
OG_11469	2	2	2	1.0
OG_11470	6	6	6	1.0
OG_11471	2	2	2	1.0
OG_11472	2	2	2	1.0
OG_11473	2	2	2	1.0
OG_11474	2	4	4	0.8333
OG_11475	2	2	2	1.0
OG_11476	15	17	20	1.0
OG_11477	2	2	3	1.0
OG_11478	14	14	14	1.0
OG_11479	2	2	2	1.0
OG_11480	2	2	2	1.0
OG_11481	13	49	50	0.8954
OG_11482	14	47	50	0.8529
OG_11483	12	20	28	1.0
OG_11484	15	22	23	0.7143
OG_11485	13	17	22	0.8015
OG_11486	3	9	16	0.9444
OG_11487	2	2	2	1.0
OG_11488	2	2	3	1.0
OG_11489	14	16	21	1.0
OG_11490	2	2	2	1.0
OG_11491	2	2	2	1.0
OG_11492	15	36	61	1.0
OG_11493	2	21	38	0.3429
OG_11494	2	6	6	0.6667
OG_11495	2	13	22	0.6154
OG_11496	2	2	2	1.0
OG_11497	15	16	18	0.9917
OG_11498	2	2	2	1.0
OG_11499	15	18	19	0.8039
OG_11500	2	2	2	1.0
OG_11501	2	3	6	1.0
OG_11502	2	2	2	1.0
OG_11503	2	2	2	1.0
OG_11504	2	2	2	1.0
OG_11505	15	17	28	1.0
OG_11506	2	5	5	1.0
OG_11507	15	16	17	1.0
OG_11508	2	2	4	1.0
OG_11509	2	3	4	1.0
OG_11510	15	26	29	1.0
OG_11511	2	2	3	1.0
OG_11512	2	2	2	1.0
OG_11513	2	2	2	1.0
OG_11514	2	2	3	1.0
OG_11515	2	2	3	1.0
OG_11516	2	2	2	1.0
OG_11517	2	2	4	1.0
OG_11518	2	2	8	1.0
OG_11519	2	2	2	1.0
OG_11520	2	2	2	1.0
OG_11521	8	8	10	1.0
OG_11522	2	2	2	1.0
OG_11523	2	2	2	1.0
OG_11524	2	2	2	1.0
OG_11525	2	2	4	1.0
OG_11526	2	2	2	1.0
OG_11527	2	2	2	1.0
OG_11528	2	2	5	1.0
OG_11529	2	2	2	1.0
OG_11530	2	3	3	0.6667
OG_11531	2	3	3	0.6667
OG_11532	2	2	2	1.0
OG_11533	2	2	3	1.0
OG_11534	2	2	6	1.0
OG_11535	15	19	33	1.0
OG_11536	2	2	2	1.0
OG_11537	2	2	2	1.0
OG_11538	2	2	2	1.0
OG_11539	2	2	3	1.0
OG_11540	15	18	21	0.8431
OG_11541	2	3	3	0.6667
OG_11542	2	2	2	1.0
OG_11543	2	3	3	0.6667
OG_11544	14	17	19	1.0
OG_11545	2	2	3	1.0
OG_11546	2	2	2	1.0
OG_11547	2	2	4	1.0
OG_11548	2	2	6	1.0
OG_11549	15	27	34	1.0
OG_11550	15	20	27	0.9789
OG_11551	2	2	2	1.0
OG_11552	2	2	2	1.0
OG_11553	2	2	2	1.0
OG_11554	2	2	2	1.0
OG_11555	2	2	6	1.0
OG_11556	13	13	15	0.8718
OG_11557	2	2	4	1.0
OG_11558	2	2	2	1.0
OG_11559	2	2	3	1.0
OG_11560	2	2	2	1.0
OG_11561	2	2	2	1.0
OG_11562	2	2	2	1.0
OG_11563	2	2	2	1.0
OG_11564	14	14	16	1.0
OG_11565	15	15	18	1.0
OG_11566	2	2	2	1.0
OG_11567	2	2	2	1.0
OG_11568	2	2	3	1.0
OG_11569	2	2	2	1.0
OG_11570	2	3	4	0.6667
OG_11571	2	2	2	1.0
OG_11572	2	2	2	1.0
OG_11573	2	2	2	1.0
OG_11574	2	2	2	1.0
OG_11575	2	2	2	1.0
OG_11576	2	2	2	1.0
OG_11577	13	14	14	1.0
OG_11578	2	3	3	1.0
OG_11579	2	2	2	1.0
OG_11580	2	2	2	1.0
OG_11581	15	16	16	0.8833
OG_11582	2	2	2	1.0
OG_11583	2	2	5	1.0
OG_11584	2	2	2	1.0
OG_11585	2	2	2	1.0
OG_11586	2	2	3	1.0
OG_11587	2	2	2	1.0
OG_11588	2	2	2	1.0
OG_11589	2	2	2	1.0
OG_11590	12	12	15	0.8333
OG_11591	2	2	2	1.0
OG_11592	2	2	2	1.0
OG_11593	15	19	19	1.0
OG_11594	2	2	2	1.0
OG_11595	2	2	3	1.0
OG_11596	2	2	2	1.0
OG_11597	2	2	2	1.0
OG_11598	2	2	2	1.0
OG_11599	15	22	54	0.7619
OG_11600	7	8	10	1.0
OG_11601	2	2	4	1.0
OG_11602	2	2	2	1.0
OG_11603	2	3	5	0.6667
OG_11604	2	2	2	1.0
OG_11605	2	2	2	1.0
OG_11606	2	2	10	1.0
OG_11607	2	2	3	1.0
OG_11608	2	2	2	1.0
OG_11609	15	16	20	1.0
OG_11610	2	2	7	1.0
OG_11611	2	2	3	1.0
OG_11612	14	14	17	1.0
OG_11613	11	11	13	1.0
OG_11614	13	17	22	1.0
OG_11615	15	16	20	0.975
OG_11616	10	10	12	1.0
OG_11617	12	12	15	1.0
OG_11618	15	15	27	1.0
OG_11619	13	13	15	1.0
OG_11620	14	16	19	1.0
OG_11621	13	15	29	1.0
OG_11622	15	15	20	1.0
OG_11623	15	18	29	1.0
OG_11624	12	12	14	1.0
OG_11625	12	13	19	1.0
OG_11626	2	2	3	1.0
OG_11627	12	12	14	1.0
OG_11628	13	13	20	1.0
OG_11629	11	12	19	1.0
OG_11630	12	12	14	1.0
OG_11631	15	15	18	1.0
OG_11632	2	2	4	1.0
OG_11633	11	11	12	1.0
OG_11634	13	13	14	1.0
OG_11635	12	12	20	1.0
OG_11636	12	12	13	1.0
OG_11637	12	12	14	1.0
OG_11638	12	18	22	0.9673
OG_11639	12	12	15	1.0
OG_11640	12	12	15	1.0
OG_11641	12	12	15	1.0
OG_11642	12	12	16	1.0
OG_11643	12	12	15	0.8636
OG_11644	12	12	15	1.0
OG_11645	11	11	12	1.0
OG_11646	13	14	16	1.0
OG_11647	15	22	28	0.9394
OG_11648	13	13	15	1.0
OG_11649	12	12	20	1.0
OG_11650	12	12	13	1.0
OG_11651	12	12	14	1.0
OG_11652	13	18	20	1.0
OG_11653	10	10	11	1.0
OG_11654	11	11	21	1.0
OG_11655	12	12	14	1.0
OG_11656	15	24	27	0.8478
OG_11657	11	13	18	1.0
OG_11658	12	12	14	1.0
OG_11659	12	12	12	1.0
OG_11660	15	21	33	0.9286
OG_11661	15	15	17	1.0
OG_11662	11	11	13	1.0
OG_11663	12	12	16	1.0
OG_11664	12	12	13	1.0
OG_11665	15	28	31	0.9286
OG_11666	8	8	10	1.0
OG_11667	12	12	14	1.0
OG_11668	12	13	25	1.0
OG_11669	13	13	13	1.0
OG_11670	13	13	17	1.0
OG_11671	12	12	17	1.0
OG_11672	12	12	18	1.0
OG_11673	12	12	12	1.0
OG_11674	6	11	11	1.0
OG_11675	12	19	20	0.924
OG_11676	3	3	3	1.0
OG_11677	3	3	3	1.0
OG_11678	12	12	13	1.0
OG_11679	12	12	12	1.0
OG_11680	15	16	32	1.0
OG_11681	13	14	20	1.0
OG_11682	12	12	12	1.0
OG_11683	12	12	13	1.0
OG_11684	11	11	15	1.0
OG_11685	15	15	20	1.0
OG_11686	12	12	12	1.0
OG_11687	11	11	11	1.0
OG_11688	12	12	12	1.0
OG_11689	12	12	12	1.0
OG_11690	13	15	16	1.0
OG_11691	12	13	16	1.0
OG_11692	8	8	8	1.0
OG_11693	12	12	15	1.0
OG_11694	12	13	13	1.0
OG_11695	11	11	12	1.0
OG_11696	12	12	14	1.0
OG_11697	13	14	15	1.0
OG_11698	15	19	21	0.8655
OG_11699	10	10	17	1.0
OG_11700	2	2	2	1.0
OG_11701	8	8	9	1.0
OG_11702	10	10	10	1.0
OG_11703	6	18	18	0.7647
OG_11704	6	6	6	1.0
OG_11705	12	24	25	0.6993
OG_11706	13	14	15	1.0
OG_11707	2	3	3	1.0
OG_11708	13	13	14	1.0
OG_11709	15	18	20	1.0
OG_11710	12	12	13	1.0
OG_11711	15	15	17	1.0
OG_11712	12	12	14	1.0
OG_11713	11	11	12	1.0
OG_11714	15	15	27	1.0
OG_11715	12	12	12	1.0
OG_11716	15	18	27	1.0
OG_11717	15	26	26	0.9723
OG_11718	15	15	17	1.0
OG_11719	12	12	12	1.0
OG_11720	15	21	25	1.0
OG_11721	11	11	11	1.0
OG_11722	12	12	13	1.0
OG_11723	15	16	21	1.0
OG_11724	10	10	12	1.0
OG_11725	10	10	10	1.0
OG_11726	12	12	12	1.0
OG_11727	12	12	13	1.0
OG_11728	13	13	13	1.0
OG_11729	15	16	28	1.0
OG_11730	15	16	20	1.0
OG_11731	12	12	14	1.0
OG_11732	13	14	14	1.0
OG_11733	13	13	16	1.0
OG_11734	14	14	14	1.0
OG_11735	14	14	14	1.0
OG_11736	11	12	12	1.0
OG_11737	11	11	12	1.0
OG_11738	11	11	24	1.0
OG_11739	14	14	17	1.0
OG_11740	13	13	14	1.0
OG_11741	12	13	15	1.0
OG_11742	15	21	27	0.9571
OG_11743	14	18	27	0.8693
OG_11744	11	11	13	1.0
OG_11745	15	16	18	1.0
OG_11746	14	15	21	1.0
OG_11747	11	11	12	1.0
OG_11748	12	12	19	1.0
OG_11749	13	13	13	1.0
OG_11750	11	11	14	1.0
OG_11751	13	14	16	1.0
OG_11752	11	11	11	1.0
OG_11753	4	4	4	1.0
OG_11754	11	11	11	1.0
OG_11755	13	13	14	1.0
OG_11756	11	21	26	1.0
OG_11757	15	17	21	1.0
OG_11758	12	12	14	1.0
OG_11759	5	7	7	0.9048
OG_11760	10	10	10	1.0
OG_11761	11	11	12	1.0
OG_11762	12	12	21	1.0
OG_11763	12	15	22	0.9429
OG_11764	12	12	12	1.0
OG_11765	11	11	14	1.0
OG_11766	14	15	19	1.0
OG_11767	10	10	10	1.0
OG_11768	12	12	12	1.0
OG_11769	13	14	18	1.0
OG_11770	13	13	14	1.0
OG_11771	12	12	15	1.0
OG_11772	12	14	24	1.0
OG_11773	10	10	12	1.0
OG_11774	4	4	4	1.0
OG_11775	14	167	188	0.6172
OG_11776	12	12	12	1.0
OG_11777	12	12	12	1.0
OG_11778	12	12	15	1.0
OG_11779	15	15	23	1.0
OG_11780	12	12	14	1.0
OG_11781	12	12	12	1.0
OG_11782	15	16	25	1.0
OG_11783	12	12	12	1.0
OG_11784	15	15	16	1.0
OG_11785	14	14	16	1.0
OG_11786	12	12	13	1.0
OG_11787	10	10	10	1.0
OG_11788	12	12	13	1.0
OG_11789	11	11	12	1.0
OG_11790	15	16	19	1.0
OG_11791	15	17	22	1.0
OG_11792	14	15	18	1.0
OG_11793	12	12	12	1.0
OG_11794	14	14	20	1.0
OG_11795	11	12	12	1.0
OG_11796	15	15	18	1.0
OG_11797	9	9	9	1.0
OG_11798	10	10	14	1.0
OG_11799	11	11	12	1.0
OG_11800	11	11	11	1.0
OG_11801	11	11	11	1.0
OG_11802	12	12	12	1.0
OG_11803	12	12	12	1.0
OG_11804	13	13	13	1.0
OG_11805	15	15	27	1.0
OG_11806	15	17	32	1.0
OG_11807	8	18	18	0.902
OG_11808	12	12	15	1.0
OG_11809	12	12	18	1.0
OG_11810	13	13	27	0.9872
OG_11811	11	11	14	1.0
OG_11812	11	11	20	1.0
OG_11813	12	12	14	1.0
OG_11814	12	12	12	1.0
OG_11815	11	11	12	1.0
OG_11816	12	12	12	1.0
OG_11817	11	11	12	1.0
OG_11818	15	15	17	1.0
OG_11819	14	14	25	1.0
OG_11820	11	11	11	1.0
OG_11821	11	11	11	1.0
OG_11822	11	11	11	1.0
OG_11823	11	11	11	1.0
OG_11824	12	12	12	1.0
OG_11825	10	10	10	1.0
OG_11826	15	22	24	1.0
OG_11827	14	14	17	1.0
OG_11828	11	12	16	1.0
OG_11829	13	13	13	1.0
OG_11830	12	12	12	1.0
OG_11831	12	12	12	1.0
OG_11832	12	12	12	1.0
OG_11833	12	13	18	1.0
OG_11834	12	12	17	1.0
OG_11835	14	14	24	1.0
OG_11836	12	12	12	1.0
OG_11837	11	11	12	1.0
OG_11838	12	12	13	1.0
OG_11839	2	2	2	1.0
OG_11840	15	16	28	1.0
OG_11841	12	13	14	1.0
OG_11842	15	16	16	1.0
OG_11843	11	11	20	1.0
OG_11844	4	4	4	1.0
OG_11845	11	11	11	1.0
OG_11846	2	2	2	1.0
OG_11847	12	12	13	1.0
OG_11848	12	12	12	1.0
OG_11849	11	11	11	1.0
OG_11850	15	15	16	1.0
OG_11851	11	11	12	1.0
OG_11852	12	12	12	1.0
OG_11853	12	12	13	1.0
OG_11854	13	15	18	1.0
OG_11855	2	2	2	1.0
OG_11856	12	12	14	1.0
OG_11857	11	11	12	1.0
OG_11858	11	12	16	0.9242
OG_11859	12	12	13	0.8485
OG_11860	15	15	15	1.0
OG_11861	15	16	17	1.0
OG_11862	12	20	22	0.7684
OG_11863	12	15	18	0.8762
OG_11864	11	11	15	1.0
OG_11865	12	12	13	1.0
OG_11866	12	12	14	1.0
OG_11867	7	7	15	1.0
OG_11868	13	15	15	1.0
OG_11869	14	19	20	0.9825
OG_11870	12	12	27	1.0
OG_11871	11	11	28	1.0
OG_11872	10	12	12	0.8939
OG_11873	13	13	14	1.0
OG_11874	15	18	21	1.0
OG_11875	15	15	17	1.0
OG_11876	2	2	2	1.0
OG_11877	11	11	11	1.0
OG_11878	15	17	25	1.0
OG_11879	3	4	4	0.6667
OG_11880	11	11	11	1.0
OG_11881	11	11	11	1.0
OG_11882	14	15	16	1.0
OG_11883	12	12	16	1.0
OG_11884	4	4	4	1.0
OG_11885	8	11	13	1.0
OG_11886	13	13	13	1.0
OG_11887	12	12	14	1.0
OG_11888	12	12	12	1.0
OG_11889	12	12	12	1.0
OG_11890	12	12	12	1.0
OG_11891	11	11	12	1.0
OG_11892	12	12	12	1.0
OG_11893	8	8	8	1.0
OG_11894	12	12	13	1.0
OG_11895	12	12	12	1.0
OG_11896	12	12	13	1.0
OG_11897	4	4	4	1.0
OG_11898	12	12	12	1.0
OG_11899	11	11	11	1.0
OG_11900	13	13	13	1.0
OG_11901	12	12	12	1.0
OG_11902	14	20	24	0.9737
OG_11903	13	24	27	0.9058
OG_11904	13	13	14	1.0
OG_11905	15	15	15	1.0
OG_11906	12	12	13	1.0
OG_11907	11	11	11	1.0
OG_11908	12	13	17	1.0
OG_11909	12	12	13	1.0
OG_11910	13	13	15	1.0
OG_11911	11	11	11	1.0
OG_11912	13	14	16	1.0
OG_11913	12	16	20	0.9583
OG_11914	11	11	11	1.0
OG_11915	12	12	13	1.0
OG_11916	3	3	4	0.6667
OG_11917	11	11	11	1.0
OG_11918	12	13	14	1.0
OG_11919	12	31	38	0.9204
OG_11920	3	3	14	1.0
OG_11921	12	12	13	1.0
OG_11922	11	11	11	1.0
OG_11923	14	14	19	1.0
OG_11924	11	11	12	1.0
OG_11925	12	13	16	1.0
OG_11926	15	19	24	0.9006
OG_11927	14	14	20	1.0
OG_11928	12	12	13	1.0
OG_11929	15	16	19	1.0
OG_11930	9	60	62	0.4565
OG_11931	11	16	16	0.7
OG_11932	13	13	22	1.0
OG_11933	12	12	12	1.0
OG_11934	14	15	15	1.0
OG_11935	12	13	15	1.0
OG_11936	12	12	24	1.0
OG_11937	12	12	12	1.0
OG_11938	7	10	10	0.5556
OG_11939	12	12	14	1.0
OG_11940	12	12	13	1.0
OG_11941	10	10	10	1.0
OG_11942	12	12	12	1.0
OG_11943	14	14	17	1.0
OG_11944	2	2	2	1.0
OG_11945	11	11	21	1.0
OG_11946	12	12	16	1.0
OG_11947	11	11	24	1.0
OG_11948	12	12	14	0.8636
OG_11949	10	10	13	1.0
OG_11950	4	4	5	1.0
OG_11951	8	8	16	1.0
OG_11952	8	8	8	1.0
OG_11953	11	11	12	1.0
OG_11954	8	8	8	1.0
OG_11955	8	8	9	1.0
OG_11956	8	8	8	1.0
OG_11957	8	9	10	1.0
OG_11958	8	8	9	1.0
OG_11959	12	19	29	0.8129
OG_11960	7	7	7	1.0
OG_11961	5	7	7	0.8095
OG_11962	5	5	5	1.0
OG_11963	8	11	11	0.6182
OG_11964	8	8	9	0.8214
OG_11965	5	5	5	1.0
OG_11966	9	9	9	1.0
OG_11967	7	7	7	1.0
OG_11968	8	9	11	1.0
OG_11969	15	17	20	1.0
OG_11970	13	13	39	1.0
OG_11971	4	4	4	1.0
OG_11972	2	2	2	1.0
OG_11973	7	7	7	1.0
OG_11974	8	8	9	1.0
OG_11975	8	8	8	1.0
OG_11976	10	10	10	0.9778
OG_11977	9	9	9	1.0
OG_11978	6	6	6	1.0
OG_11979	7	9	9	0.5833
OG_11980	8	8	8	1.0
OG_11981	12	13	13	1.0
OG_11982	15	18	19	1.0
OG_11983	15	15	16	1.0
OG_11984	13	14	14	1.0
OG_11985	4	4	4	1.0
OG_11986	2	2	2	1.0
OG_11987	8	8	9	1.0
OG_11988	7	7	8	1.0
OG_11989	6	6	6	1.0
OG_11990	2	2	2	1.0
OG_11991	15	15	31	1.0
OG_11992	6	9	9	1.0
OG_11993	15	23	28	1.0
OG_11994	5	5	5	1.0
OG_11995	10	10	16	1.0
OG_11996	5	5	10	1.0
OG_11997	12	14	21	0.5275
OG_11998	10	15	23	0.8857
OG_11999	6	6	12	1.0
OG_12000	8	8	8	1.0
OG_12001	11	13	13	1.0
OG_12002	6	6	6	1.0
OG_12003	11	12	12	1.0
OG_12004	6	6	9	1.0
OG_12005	10	11	13	1.0
OG_12006	8	8	8	1.0
OG_12007	7	7	7	1.0
OG_12008	9	9	10	1.0
OG_12009	8	8	8	1.0
OG_12010	11	11	19	1.0
OG_12011	8	8	9	1.0
OG_12012	9	10	11	1.0
OG_12013	8	10	10	1.0
OG_12014	12	13	15	0.9872
OG_12015	9	9	9	1.0
OG_12016	5	5	5	1.0
OG_12017	12	12	12	1.0
OG_12018	9	10	11	1.0
OG_12019	4	7	7	0.5714
OG_12020	9	9	9	1.0
OG_12021	7	7	7	1.0
OG_12022	8	8	8	1.0
OG_12023	8	8	8	1.0
OG_12024	8	8	10	1.0
OG_12025	11	12	12	0.9091
OG_12026	4	4	4	1.0
OG_12027	14	14	15	1.0
OG_12028	2	2	2	1.0
OG_12029	10	10	11	1.0
OG_12030	8	8	8	1.0
OG_12031	9	9	9	1.0
OG_12032	8	8	8	1.0
OG_12033	11	11	18	1.0
OG_12034	15	20	27	0.9842
OG_12035	10	10	10	1.0
OG_12036	8	8	8	1.0
OG_12037	7	7	7	1.0
OG_12038	12	13	13	0.859
OG_12039	9	9	10	1.0
OG_12040	4	4	7	1.0
OG_12041	8	8	8	1.0
OG_12042	10	15	15	1.0
OG_12043	5	5	5	1.0
OG_12044	8	8	8	1.0
OG_12045	7	7	7	1.0
OG_12046	9	9	11	1.0
OG_12047	8	8	8	1.0
OG_12048	11	12	12	0.9697
OG_12049	10	10	10	1.0
OG_12050	12	12	13	1.0
OG_12051	7	7	7	1.0
OG_12052	8	8	8	1.0
OG_12053	8	8	8	1.0
OG_12054	2	2	2	1.0
OG_12055	4	4	4	1.0
OG_12056	3	3	3	1.0
OG_12057	7	7	7	1.0
OG_12058	7	7	7	1.0
OG_12059	7	7	8	1.0
OG_12060	15	52	58	0.9676
OG_12061	8	41	43	0.9439
OG_12062	3	3	7	1.0
OG_12063	2	2	3	1.0
OG_12064	2	2	3	1.0
OG_12065	2	2	3	1.0
OG_12066	2	2	3	1.0
OG_12067	8	8	9	1.0
OG_12068	12	12	14	1.0
OG_12069	7	7	8	1.0
OG_12070	2	2	3	1.0
OG_12071	11	11	12	0.8727
OG_12072	2	2	3	1.0
OG_12073	14	16	20	1.0
OG_12074	5	5	6	0.8
OG_12075	11	11	11	1.0
OG_12076	12	12	12	0.8788
OG_12077	2	2	2	1.0
OG_12078	2	2	2	1.0
OG_12079	2	2	2	1.0
OG_12080	2	2	2	1.0
OG_12081	2	2	2	1.0
OG_12082	2	2	2	1.0
OG_12083	2	2	2	1.0
OG_12084	2	2	2	1.0
OG_12085	11	11	12	1.0
OG_12086	5	5	5	1.0
OG_12087	3	3	5	1.0
OG_12088	2	2	2	1.0
OG_12089	2	2	2	1.0
OG_12090	13	23	24	1.0
OG_12091	2	2	2	1.0
OG_12092	2	2	2	1.0
OG_12093	2	2	2	1.0
OG_12094	7	7	7	1.0
OG_12095	2	2	2	1.0
OG_12096	2	2	2	1.0
OG_12097	2	2	2	1.0
OG_12098	2	2	2	1.0
OG_12099	2	2	2	1.0
OG_12100	3	3	5	1.0
OG_12101	2	2	2	1.0
OG_12102	11	23	27	0.8933
OG_12103	11	11	11	1.0
OG_12104	2	2	2	1.0
OG_12105	2	2	2	1.0
OG_12106	2	2	2	1.0
OG_12107	12	12	24	1.0
OG_12108	2	3	3	1.0
OG_12109	2	2	2	1.0
OG_12110	2	2	2	1.0
OG_12111	2	2	2	1.0
OG_12112	2	2	2	1.0
OG_12113	12	13	15	0.9872
OG_12114	10	10	11	0.8444
OG_12115	13	14	20	1.0
OG_12116	2	2	3	1.0
OG_12117	2	2	2	1.0
OG_12118	2	2	3	1.0
OG_12119	2	2	2	1.0
OG_12120	11	11	13	0.7091
OG_12121	2	2	2	1.0
OG_12122	2	2	2	1.0
OG_12123	2	2	2	1.0
OG_12124	2	2	2	1.0
OG_12125	10	10	10	1.0
OG_12126	2	2	2	1.0
OG_12127	6	6	6	1.0
OG_12128	2	2	2	1.0
OG_12129	2	2	2	1.0
OG_12130	2	2	2	1.0
OG_12131	11	14	16	0.8681
OG_12132	11	11	11	1.0
OG_12133	13	13	22	0.9872
OG_12134	12	20	25	1.0
OG_12135	10	10	11	1.0
OG_12136	13	18	19	1.0
OG_12137	2	2	2	1.0
OG_12138	2	2	2	1.0
OG_12139	2	2	2	1.0
OG_12140	2	2	2	1.0
OG_12141	2	2	2	1.0
OG_12142	2	2	2	1.0
OG_12143	2	2	2	1.0
OG_12144	2	2	2	1.0
OG_12145	2	2	2	1.0
OG_12146	2	2	2	1.0
OG_12147	7	7	7	1.0
OG_12148	14	15	15	1.0
OG_12149	9	9	9	1.0
OG_12150	2	3	3	0.6667
OG_12151	2	2	2	1.0
OG_12152	15	46	56	1.0
OG_12153	2	2	3	1.0
OG_12154	2	3	4	0.6667
OG_12155	10	11	15	1.0
OG_12156	2	4	11	1.0
OG_12157	2	2	2	1.0
OG_12158	9	24	29	0.7428
OG_12159	15	19	25	1.0
OG_12160	5	6	6	0.6
OG_12161	7	7	7	1.0
OG_12162	11	12	13	1.0
OG_12163	2	2	2	1.0
OG_12164	9	21	21	0.8286
OG_12165	8	11	11	1.0
OG_12166	11	15	19	0.6762
OG_12167	11	11	12	1.0
OG_12168	14	18	32	1.0
OG_12169	13	14	17	1.0
OG_12170	9	11	13	1.0
OG_12171	12	21	22	0.6
OG_12172	4	4	4	1.0
OG_12173	12	12	13	0.9242
OG_12174	15	18	20	1.0
OG_12175	12	20	24	1.0
OG_12176	2	2	2	1.0
OG_12177	3	3	3	1.0
OG_12178	15	17	20	1.0
OG_12179	2	4	5	0.8333
OG_12180	2	2	2	1.0
OG_12181	15	18	19	1.0
OG_12182	2	2	2	1.0
OG_12183	10	10	10	1.0
OG_12184	6	7	7	1.0
OG_12185	15	37	41	1.0
OG_12186	2	2	2	1.0
OG_12187	7	7	7	1.0
OG_12188	3	3	3	1.0
OG_12189	2	2	2	1.0
OG_12190	7	7	8	1.0
OG_12191	5	7	7	1.0
OG_12192	2	2	2	1.0
OG_12193	7	10	10	0.9556
OG_12194	15	17	21	1.0
OG_12195	2	2	2	1.0
OG_12196	7	7	7	1.0
OG_12197	8	8	8	1.0
OG_12198	7	10	10	0.6889
OG_12199	8	17	17	0.4706
OG_12200	4	9	9	1.0
OG_12201	8	8	8	1.0
OG_12202	6	7	7	1.0
OG_12203	6	6	6	0.8667
OG_12204	2	3	3	0.6667
OG_12205	15	28	32	1.0
OG_12206	12	31	31	0.8559
OG_12207	15	15	20	1.0
OG_12208	6	6	6	1.0
OG_12209	2	2	2	1.0
OG_12210	15	24	25	1.0
OG_12211	2	3	3	0.6667
OG_12212	6	6	6	1.0
OG_12213	7	33	38	0.8561
OG_12214	3	3	3	1.0
OG_12215	7	7	8	1.0
OG_12216	3	3	6	1.0
OG_12217	11	11	12	1.0
OG_12218	10	10	18	1.0
OG_12219	10	10	15	1.0
OG_12220	10	10	13	1.0
OG_12221	8	8	9	1.0
OG_12222	9	10	11	1.0
OG_12223	4	4	7	1.0
OG_12224	12	15	15	1.0
OG_12225	7	7	7	1.0
OG_12226	15	15	16	1.0
OG_12227	4	9	10	1.0
OG_12228	4	4	6	1.0
OG_12229	2	2	2	1.0
OG_12230	15	16	25	1.0
OG_12231	10	10	13	1.0
OG_12232	10	10	13	1.0
OG_12233	4	4	7	1.0
OG_12234	10	10	14	1.0
OG_12235	15	19	28	0.7368
OG_12236	4	5	6	1.0
OG_12237	14	15	33	1.0
OG_12238	3	3	5	1.0
OG_12239	4	4	6	1.0
OG_12240	5	5	9	1.0
OG_12241	3	3	4	1.0
OG_12242	6	6	12	1.0
OG_12243	10	10	13	1.0
OG_12244	10	13	16	1.0
OG_12245	12	13	25	1.0
OG_12246	8	8	12	1.0
OG_12247	10	10	13	1.0
OG_12248	11	11	13	1.0
OG_12249	4	4	4	1.0
OG_12250	10	10	14	1.0
OG_12251	15	20	20	1.0
OG_12252	10	10	11	1.0
OG_12253	9	9	29	1.0
OG_12254	9	9	12	1.0
OG_12255	6	6	8	1.0
OG_12256	3	3	12	1.0
OG_12257	13	14	17	1.0
OG_12258	10	10	12	1.0
OG_12259	10	10	11	1.0
OG_12260	6	6	6	1.0
OG_12261	12	12	14	1.0
OG_12262	11	11	13	1.0
OG_12263	3	3	3	1.0
OG_12264	11	11	14	1.0
OG_12265	10	10	12	1.0
OG_12266	10	10	10	1.0
OG_12267	11	11	12	1.0
OG_12268	4	4	5	1.0
OG_12269	14	14	16	1.0
OG_12270	10	10	10	1.0
OG_12271	4	4	5	1.0
OG_12272	4	4	4	1.0
OG_12273	3	3	4	1.0
OG_12274	8	16	20	0.5833
OG_12275	8	8	8	1.0
OG_12276	4	4	5	1.0
OG_12277	10	11	16	0.8364
OG_12278	11	11	11	1.0
OG_12279	3	3	3	1.0
OG_12280	3	3	3	1.0
OG_12281	15	23	37	0.6364
OG_12282	14	16	25	0.8167
OG_12283	8	8	9	1.0
OG_12284	11	11	12	1.0
OG_12285	10	10	10	1.0
OG_12286	9	9	10	1.0
OG_12287	10	10	11	1.0
OG_12288	4	4	9	1.0
OG_12289	14	15	18	1.0
OG_12290	15	17	20	1.0
OG_12291	10	10	10	0.4667
OG_12292	10	10	15	1.0
OG_12293	10	10	10	1.0
OG_12294	10	10	15	1.0
OG_12295	9	9	9	1.0
OG_12296	4	4	5	1.0
OG_12297	2	2	3	1.0
OG_12298	10	10	12	1.0
OG_12299	11	11	11	1.0
OG_12300	3	3	3	1.0
OG_12301	10	10	10	1.0
OG_12302	3	3	4	1.0
OG_12303	13	13	14	1.0
OG_12304	10	10	12	1.0
OG_12305	10	10	11	1.0
OG_12306	9	9	9	1.0
OG_12307	10	11	16	1.0
OG_12308	11	11	11	1.0
OG_12309	10	10	10	1.0
OG_12310	11	11	16	1.0
OG_12311	10	10	10	1.0
OG_12312	10	10	12	1.0
OG_12313	10	10	10	1.0
OG_12314	13	13	13	1.0
OG_12315	2	2	2	1.0
OG_12316	10	10	11	1.0
OG_12317	10	10	10	1.0
OG_12318	3	3	3	1.0
OG_12319	15	15	16	1.0
OG_12320	5	6	6	0.8667
OG_12321	9	9	9	1.0
OG_12322	4	4	5	1.0
OG_12323	5	5	5	1.0
OG_12324	10	10	10	1.0
OG_12325	7	8	11	0.8214
OG_12326	11	11	11	1.0
OG_12327	11	11	15	1.0
OG_12328	10	10	13	1.0
OG_12329	3	3	4	1.0
OG_12330	11	14	18	0.9011
OG_12331	10	10	10	1.0
OG_12332	12	15	18	1.0
OG_12333	12	13	14	1.0
OG_12334	15	16	21	1.0
OG_12335	15	26	27	0.9969
OG_12336	10	10	12	1.0
OG_12337	5	5	5	1.0
OG_12338	10	10	10	1.0
OG_12339	8	8	8	1.0
OG_12340	10	10	10	1.0
OG_12341	10	10	11	1.0
OG_12342	10	10	10	1.0
OG_12343	15	15	21	1.0
OG_12344	15	17	21	1.0
OG_12345	3	3	3	1.0
OG_12346	15	18	21	1.0
OG_12347	3	3	3	1.0
OG_12348	3	3	3	1.0
OG_12349	10	10	10	1.0
OG_12350	4	4	5	1.0
OG_12351	10	10	10	1.0
OG_12352	10	10	10	1.0
OG_12353	9	9	9	1.0
OG_12354	10	10	12	1.0
OG_12355	3	3	3	1.0
OG_12356	4	4	4	1.0
OG_12357	5	5	5	1.0
OG_12358	10	10	12	1.0
OG_12359	4	4	4	1.0
OG_12360	10	10	12	1.0
OG_12361	10	16	23	0.7833
OG_12362	11	11	12	1.0
OG_12363	12	12	13	1.0
OG_12364	5	8	8	0.5714
OG_12365	3	3	3	1.0
OG_12366	3	3	3	1.0
OG_12367	9	9	9	1.0
OG_12368	9	10	13	1.0
OG_12369	8	8	8	1.0
OG_12370	3	3	3	0.6667
OG_12371	10	10	10	1.0
OG_12372	11	12	12	1.0
OG_12373	10	10	11	0.9111
OG_12374	10	10	11	1.0
OG_12375	10	10	15	1.0
OG_12376	13	32	40	1.0
OG_12377	10	10	10	1.0
OG_12378	10	10	11	1.0
OG_12379	12	12	16	1.0
OG_12380	10	10	15	1.0
OG_12381	12	12	13	1.0
OG_12382	15	16	19	1.0
OG_12383	14	15	16	1.0
OG_12384	15	17	17	1.0
OG_12385	12	17	17	1.0
OG_12386	12	18	20	0.9216
OG_12387	15	43	45	0.9059
OG_12388	11	11	12	1.0
OG_12389	4	4	4	1.0
OG_12390	15	16	22	1.0
OG_12391	3	3	3	1.0
OG_12392	3	3	3	1.0
OG_12393	8	8	9	1.0
OG_12394	10	10	12	1.0
OG_12395	15	15	17	1.0
OG_12396	11	11	13	1.0
OG_12397	11	11	12	1.0
OG_12398	10	10	10	1.0
OG_12399	11	11	11	1.0
OG_12400	8	8	10	1.0
OG_12401	12	12	16	1.0
OG_12402	10	10	10	1.0
OG_12403	11	11	11	1.0
OG_12404	10	10	10	1.0
OG_12405	4	4	4	1.0
OG_12406	2	3	4	1.0
OG_12407	15	22	46	0.6797
OG_12408	14	15	17	1.0
OG_12409	14	15	20	1.0
OG_12410	13	15	21	1.0
OG_12411	13	14	18	0.989
OG_12412	2	2	6	1.0
OG_12413	4	4	7	1.0
OG_12414	13	21	22	0.5238
OG_12415	10	10	10	1.0
OG_12416	10	11	12	1.0
OG_12417	14	14	17	1.0
OG_12418	4	4	4	1.0
OG_12419	4	4	5	1.0
OG_12420	15	19	43	0.7895
OG_12421	14	14	18	1.0
OG_12422	15	15	17	1.0
OG_12423	9	9	15	1.0
OG_12424	15	15	19	0.8762
OG_12425	9	9	10	1.0
OG_12426	2	2	2	1.0
OG_12427	14	14	14	1.0
OG_12428	9	9	9	1.0
OG_12429	10	10	14	1.0
OG_12430	9	9	9	0.9444
OG_12431	10	10	10	1.0
OG_12432	9	9	10	1.0
OG_12433	5	5	5	1.0
OG_12434	4	4	4	1.0
OG_12435	10	10	10	1.0
OG_12436	11	11	12	1.0
OG_12437	10	21	28	0.919
OG_12438	6	6	6	1.0
OG_12439	3	3	3	1.0
OG_12440	9	9	11	1.0
OG_12441	10	10	10	1.0
OG_12442	8	8	9	1.0
OG_12443	12	12	16	1.0
OG_12444	8	8	8	1.0
OG_12445	9	10	13	0.9111
OG_12446	10	11	13	0.7818
OG_12447	8	8	8	1.0
OG_12448	11	12	13	0.9394
OG_12449	15	16	16	1.0
OG_12450	10	10	15	1.0
OG_12451	2	2	2	1.0
OG_12452	8	8	8	1.0
OG_12453	12	12	14	1.0
OG_12454	10	10	11	1.0
OG_12455	10	10	11	1.0
OG_12456	10	10	10	1.0
OG_12457	11	11	11	1.0
OG_12458	11	11	12	1.0
OG_12459	15	17	17	1.0
OG_12460	9	10	12	1.0
OG_12461	12	12	12	1.0
OG_12462	10	10	10	1.0
OG_12463	9	9	9	1.0
OG_12464	10	10	10	1.0
OG_12465	2	2	2	1.0
OG_12466	10	10	19	1.0
OG_12467	11	11	12	1.0
OG_12468	10	10	10	1.0
OG_12469	10	10	10	1.0
OG_12470	10	10	10	1.0
OG_12471	10	10	12	1.0
OG_12472	9	9	9	1.0
OG_12473	11	11	12	1.0
OG_12474	10	12	15	1.0
OG_12475	10	10	11	1.0
OG_12476	11	11	13	1.0
OG_12477	2	2	6	1.0
OG_12478	9	9	9	1.0
OG_12479	4	4	4	1.0
OG_12480	13	13	14	1.0
OG_12481	10	10	10	1.0
OG_12482	9	9	11	1.0
OG_12483	7	7	8	1.0
OG_12484	7	7	7	1.0
OG_12485	9	9	11	1.0
OG_12486	6	7	7	0.7619
OG_12487	6	6	6	1.0
OG_12488	9	9	10	1.0
OG_12489	5	5	5	1.0
OG_12490	3	3	3	1.0
OG_12491	8	8	8	1.0
OG_12492	7	7	8	1.0
OG_12493	5	5	5	1.0
OG_12494	7	7	7	1.0
OG_12495	7	7	7	1.0
OG_12496	6	6	6	1.0
OG_12497	7	7	7	1.0
OG_12498	7	7	7	1.0
OG_12499	9	9	12	1.0
OG_12500	6	6	6	1.0
OG_12501	7	7	7	1.0
OG_12502	4	4	4	1.0
OG_12503	6	6	6	1.0
OG_12504	10	10	10	1.0
OG_12505	9	9	9	1.0
OG_12506	8	8	8	1.0
OG_12507	7	7	7	1.0
OG_12508	8	8	8	1.0
OG_12509	8	8	9	1.0
OG_12510	7	7	7	1.0
OG_12511	7	7	7	1.0
OG_12512	5	5	6	1.0
OG_12513	7	9	10	1.0
OG_12514	6	6	6	1.0
OG_12515	15	15	20	1.0
OG_12516	6	6	6	1.0
OG_12517	8	8	8	1.0
OG_12518	5	5	5	1.0
OG_12519	7	7	7	1.0
OG_12520	8	8	8	1.0
OG_12521	4	4	4	1.0
OG_12522	9	9	11	0.8611
OG_12523	3	3	3	1.0
OG_12524	2	2	2	1.0
OG_12525	15	16	16	1.0
OG_12526	9	10	10	0.9111
OG_12527	9	9	9	1.0
OG_12528	7	7	7	1.0
OG_12529	7	7	7	1.0
OG_12530	6	6	6	1.0
OG_12531	8	8	9	1.0
OG_12532	7	7	8	1.0
OG_12533	7	7	7	1.0
OG_12534	7	7	7	0.9048
OG_12535	7	7	7	1.0
OG_12536	7	7	7	1.0
OG_12537	6	7	7	1.0
OG_12538	7	7	7	1.0
OG_12539	7	7	7	1.0
OG_12540	7	7	7	0.9524
OG_12541	7	7	8	1.0
OG_12542	7	7	8	1.0
OG_12543	7	8	8	1.0
OG_12544	8	8	8	1.0
OG_12545	7	7	7	1.0
OG_12546	3	3	3	1.0
OG_12547	5	11	11	0.5455
OG_12548	2	2	2	1.0
OG_12549	7	7	7	1.0
OG_12550	7	7	7	1.0
OG_12551	8	8	8	1.0
OG_12552	7	15	15	0.5143
OG_12553	4	5	5	0.9
OG_12554	2	2	2	1.0
OG_12555	6	6	6	1.0
OG_12556	3	3	3	1.0
OG_12557	6	6	6	1.0
OG_12558	7	7	7	1.0
OG_12559	5	5	5	1.0
OG_12560	9	9	9	0.8333
OG_12561	8	8	8	1.0
OG_12562	10	10	13	1.0
OG_12563	9	9	10	1.0
OG_12564	10	10	11	1.0
OG_12565	9	9	10	1.0
OG_12566	7	7	7	1.0
OG_12567	2	2	2	1.0
OG_12568	4	4	4	1.0
OG_12569	3	3	3	1.0
OG_12570	9	9	9	1.0
OG_12571	8	8	9	1.0
OG_12572	7	7	7	1.0
OG_12573	10	10	10	1.0
OG_12574	7	7	7	1.0
OG_12575	9	9	9	1.0
OG_12576	4	4	4	1.0
OG_12577	7	7	7	1.0
OG_12578	8	8	8	1.0
OG_12579	10	10	10	1.0
OG_12580	8	8	8	1.0
OG_12581	7	7	7	1.0
OG_12582	8	8	8	0.9643
OG_12583	7	7	7	1.0
OG_12584	8	8	8	1.0
OG_12585	9	9	9	1.0
OG_12586	7	7	7	1.0
OG_12587	6	6	7	1.0
OG_12588	8	8	8	1.0
OG_12589	7	7	7	1.0
OG_12590	8	8	8	1.0
OG_12591	8	8	8	1.0
OG_12592	13	13	15	1.0
OG_12593	15	23	25	0.7787
OG_12594	6	6	6	1.0
OG_12595	5	6	6	1.0
OG_12596	7	7	7	1.0
OG_12597	7	7	7	1.0
OG_12598	9	9	9	1.0
OG_12599	7	7	7	1.0
OG_12600	7	7	7	1.0
OG_12601	14	25	36	1.0
OG_12602	2	3	3	1.0
OG_12603	6	6	6	1.0
OG_12604	7	7	8	1.0
OG_12605	7	8	8	0.9286
OG_12606	5	5	5	1.0
OG_12607	3	3	3	1.0
OG_12608	7	8	8	0.8214
OG_12609	3	3	3	1.0
OG_12610	4	4	4	1.0
OG_12611	4	4	4	1.0
OG_12612	3	3	3	1.0
OG_12613	7	7	7	1.0
OG_12614	10	12	12	1.0
OG_12615	5	5	5	1.0
OG_12616	2	2	3	1.0
OG_12617	4	4	5	1.0
OG_12618	3	3	3	1.0
OG_12619	3	3	28	1.0
OG_12620	2	2	3	1.0
OG_12621	3	3	4	1.0
OG_12622	4	4	5	0.6667
OG_12623	3	3	3	1.0
OG_12624	2	2	2	1.0
OG_12625	3	3	3	1.0
OG_12626	2	2	2	1.0
OG_12627	3	3	3	1.0
OG_12628	2	2	2	1.0
OG_12629	2	2	2	1.0
OG_12630	2	2	2	1.0
OG_12631	3	3	3	0.6667
OG_12632	3	3	3	1.0
OG_12633	6	6	6	1.0
OG_12634	2	2	2	1.0
OG_12635	4	4	4	1.0
OG_12636	6	6	6	0.7333
OG_12637	4	4	4	1.0
OG_12638	3	3	3	1.0
OG_12639	2	2	2	1.0
OG_12640	2	2	2	1.0
OG_12641	5	5	5	0.6
OG_12642	2	2	2	1.0
OG_12643	6	6	6	0.6
OG_12644	2	2	2	1.0
OG_12645	4	4	4	1.0
OG_12646	3	3	4	1.0
OG_12647	7	10	10	0.6889
OG_12648	7	10	10	0.8444
OG_12649	5	5	5	1.0
OG_12650	2	2	2	1.0
OG_12651	5	10	10	1.0
OG_12652	6	6	6	0.7333
OG_12653	2	2	2	1.0
OG_12654	4	4	4	1.0
OG_12655	2	4	4	1.0
OG_12656	2	2	2	1.0
OG_12657	4	4	4	0.6667
OG_12658	3	3	3	1.0
OG_12659	3	6	6	0.4667
OG_12660	2	2	2	1.0
OG_12661	2	2	2	1.0
OG_12662	3	3	3	1.0
OG_12663	4	4	4	1.0
OG_12664	2	2	2	1.0
OG_12665	2	2	2	1.0
OG_12666	3	3	3	1.0
OG_12667	3	3	3	1.0
OG_12668	2	2	2	1.0
OG_12669	12	15	26	0.7714
OG_12670	2	2	2	1.0
OG_12671	2	2	2	1.0
OG_12672	2	2	2	1.0
OG_12673	2	2	2	1.0
OG_12674	11	11	11	1.0
OG_12675	6	6	6	1.0
OG_12676	4	4	4	1.0
OG_12677	2	2	2	1.0
OG_12678	2	2	2	1.0
OG_12679	2	2	2	1.0
OG_12680	2	2	3	1.0
OG_12681	5	5	6	1.0
OG_12682	3	3	3	1.0
OG_12683	2	2	2	1.0
OG_12684	2	2	2	1.0
OG_12685	2	2	2	1.0
OG_12686	3	3	3	1.0
OG_12687	2	2	2	1.0
OG_12688	3	3	3	1.0
OG_12689	2	2	2	1.0
OG_12690	6	7	7	0.8571
OG_12691	3	3	3	1.0
OG_12692	3	4	4	1.0
OG_12693	3	3	3	1.0
OG_12694	2	2	2	1.0
OG_12695	2	2	2	1.0
OG_12696	3	3	3	1.0
OG_12697	6	6	6	0.7333
OG_12698	2	2	2	1.0
OG_12699	2	2	2	1.0
OG_12700	2	2	2	1.0
OG_12701	2	2	2	1.0
OG_12702	2	2	2	1.0
OG_12703	2	2	2	1.0
OG_12704	2	2	2	1.0
OG_12705	2	2	2	1.0
OG_12706	4	4	4	1.0
OG_12707	2	2	2	1.0
OG_12708	2	2	2	1.0
OG_12709	4	4	4	1.0
OG_12710	3	3	3	1.0
OG_12711	2	2	2	1.0
OG_12712	12	15	17	0.9429
OG_12713	2	2	2	1.0
OG_12714	2	2	2	1.0
OG_12715	2	3	3	1.0
OG_12716	3	3	3	1.0
OG_12717	2	2	2	1.0
OG_12718	2	2	2	1.0
OG_12719	3	3	3	0.6667
OG_12720	3	3	3	1.0
OG_12721	3	3	3	1.0
OG_12722	2	2	2	1.0
OG_12723	2	2	2	1.0
OG_12724	2	3	3	0.6667
OG_12725	2	2	2	1.0
OG_12726	7	12	12	0.8485
OG_12727	7	26	28	0.9754
OG_12728	3	3	3	1.0
OG_12729	2	2	2	1.0
OG_12730	2	2	2	1.0
OG_12731	2	2	2	1.0
OG_12732	2	2	2	1.0
OG_12733	2	2	2	1.0
OG_12734	8	8	9	1.0
OG_12735	2	2	2	1.0
OG_12736	2	2	2	1.0
OG_12737	2	2	2	1.0
OG_12738	4	4	4	1.0
OG_12739	2	3	3	1.0
OG_12740	3	3	3	1.0
OG_12741	2	2	2	1.0
OG_12742	2	2	2	1.0
OG_12743	6	6	6	0.6
OG_12744	3	3	3	1.0
OG_12745	4	7	7	0.7143
OG_12746	3	3	3	1.0
OG_12747	4	5	5	0.8
OG_12748	3	3	3	1.0
OG_12749	4	4	5	1.0
OG_12750	2	2	2	1.0
OG_12751	2	2	2	1.0
OG_12752	3	3	3	1.0
OG_12753	2	2	2	1.0
OG_12754	2	2	2	1.0
OG_12755	3	3	3	1.0
OG_12756	5	5	5	1.0
OG_12757	2	2	2	1.0
OG_12758	2	2	2	1.0
OG_12759	2	2	2	1.0
OG_12760	2	2	2	1.0
OG_12761	3	3	3	1.0
OG_12762	2	2	2	1.0
OG_12763	2	2	2	1.0
OG_12764	2	2	2	1.0
OG_12765	3	3	3	1.0
OG_12766	3	3	3	1.0
OG_12767	2	2	2	1.0
OG_12768	5	5	5	1.0
OG_12769	7	16	16	0.55
OG_12770	2	4	4	1.0
OG_12771	2	2	2	1.0
OG_12772	2	2	2	1.0
OG_12773	2	2	2	1.0
OG_12774	3	3	3	0.6667
OG_12775	2	2	2	1.0
OG_12776	2	2	2	1.0
OG_12777	2	2	3	1.0
OG_12778	15	20	30	1.0
OG_12779	15	17	23	1.0
OG_12780	13	14	24	1.0
OG_12781	15	18	24	1.0
OG_12782	15	17	22	1.0
OG_12783	2	2	3	1.0
OG_12784	15	17	23	1.0
OG_12785	14	16	21	1.0
OG_12786	13	14	21	1.0
OG_12787	14	19	21	1.0
OG_12788	11	11	12	1.0
OG_12789	15	16	20	1.0
OG_12790	15	20	26	1.0
OG_12791	12	13	16	1.0
OG_12792	15	15	17	1.0
OG_12793	14	14	21	1.0
OG_12794	15	16	19	1.0
OG_12795	15	16	19	1.0
OG_12796	12	14	20	1.0
OG_12797	12	12	13	1.0
OG_12798	15	15	23	1.0
OG_12799	15	16	18	1.0
OG_12800	15	16	18	1.0
OG_12801	15	15	23	1.0
OG_12802	15	22	26	0.7229
OG_12803	9	9	15	1.0
OG_12804	15	15	22	1.0
OG_12805	11	13	13	1.0
OG_12806	15	20	21	1.0
OG_12807	15	15	16	1.0
OG_12808	15	17	18	1.0
OG_12809	15	15	15	1.0
OG_12810	12	12	13	1.0
OG_12811	15	16	20	1.0
OG_12812	15	15	18	0.9714
OG_12813	15	17	19	1.0
OG_12814	15	15	20	1.0
OG_12815	15	15	25	1.0
OG_12816	15	16	18	1.0
OG_12817	14	16	28	1.0
OG_12818	13	14	16	1.0
OG_12819	15	17	22	0.9706
OG_12820	15	15	30	1.0
OG_12821	2	2	2	1.0
OG_12822	14	14	16	1.0
OG_12823	15	16	20	1.0
OG_12824	14	17	20	0.8456
OG_12825	15	17	27	1.0
OG_12826	15	16	20	1.0
OG_12827	13	13	15	1.0
OG_12828	15	17	21	1.0
OG_12829	15	16	35	1.0
OG_12830	15	18	24	1.0
OG_12831	13	13	19	1.0
OG_12832	14	14	20	1.0
OG_12833	15	15	16	1.0
OG_12834	12	12	12	1.0
OG_12835	15	16	21	1.0
OG_12836	12	12	13	1.0
OG_12837	15	18	40	0.8235
OG_12838	13	14	18	1.0
OG_12839	12	16	22	1.0
OG_12840	15	15	15	1.0
OG_12841	15	16	19	1.0
OG_12842	12	12	12	1.0
OG_12843	15	17	17	1.0
OG_12844	3	4	5	0.8333
OG_12845	13	15	18	1.0
OG_12846	12	12	12	1.0
OG_12847	14	15	18	1.0
OG_12848	14	16	23	1.0
OG_12849	15	16	22	1.0
OG_12850	13	16	18	1.0
OG_12851	12	13	13	1.0
OG_12852	8	8	8	1.0
OG_12853	15	15	15	1.0
OG_12854	15	16	22	1.0
OG_12855	15	17	20	1.0
OG_12856	13	14	15	1.0
OG_12857	10	10	11	1.0
OG_12858	2	2	2	1.0
OG_12859	15	16	19	0.9833
OG_12860	15	17	21	1.0
OG_12861	13	13	15	1.0
OG_12862	3	3	3	1.0
OG_12863	15	20	21	0.6105
OG_12864	14	14	18	1.0
OG_12865	14	14	28	1.0
OG_12866	13	14	14	1.0
OG_12867	13	111	115	0.5247
OG_12868	15	15	21	1.0
OG_12869	13	28	37	0.9974
OG_12870	15	23	27	1.0
OG_12871	15	15	16	1.0
OG_12872	15	16	18	1.0
OG_12873	15	15	16	1.0
OG_12874	13	14	16	1.0
OG_12875	15	15	19	1.0
OG_12876	3	3	5	1.0
OG_12877	2	3	4	1.0
OG_12878	15	15	20	1.0
OG_12879	14	15	17	1.0
OG_12880	15	16	21	0.9833
OG_12881	4	4	4	1.0
OG_12882	15	18	25	1.0
OG_12883	15	16	20	1.0
OG_12884	15	17	46	1.0
OG_12885	12	14	23	1.0
OG_12886	15	17	18	1.0
OG_12887	15	16	23	1.0
OG_12888	12	12	19	1.0
OG_12889	15	18	25	1.0
OG_12890	15	16	16	0.9917
OG_12891	2	4	4	0.8333
OG_12892	15	18	23	1.0
OG_12893	15	18	28	1.0
OG_12894	12	12	12	1.0
OG_12895	15	16	17	1.0
OG_12896	15	30	45	0.8805
OG_12897	15	33	35	1.0
OG_12898	15	18	22	0.9935
OG_12899	15	16	18	0.9833
OG_12900	15	15	16	1.0
OG_12901	12	13	18	1.0
OG_12902	13	14	15	1.0
OG_12903	15	15	31	1.0
OG_12904	12	13	14	1.0
OG_12905	3	3	6	1.0
OG_12906	15	17	20	1.0
OG_12907	13	13	18	1.0
OG_12908	3	3	3	1.0
OG_12909	14	15	15	1.0
OG_12910	14	15	16	1.0
OG_12911	15	18	24	0.9935
OG_12912	13	13	16	1.0
OG_12913	14	15	21	1.0
OG_12914	9	9	10	0.9444
OG_12915	2	2	2	1.0
OG_12916	15	15	16	1.0
OG_12917	3	3	3	1.0
OG_12918	15	17	17	1.0
OG_12919	15	15	15	1.0
OG_12920	15	16	19	1.0
OG_12921	15	19	21	1.0
OG_12922	13	16	17	1.0
OG_12923	14	14	16	1.0
OG_12924	14	17	21	1.0
OG_12925	15	15	19	1.0
OG_12926	13	13	13	1.0
OG_12927	15	18	25	0.9804
OG_12928	15	16	23	1.0
OG_12929	15	15	38	1.0
OG_12930	15	26	35	1.0
OG_12931	12	13	19	1.0
OG_12932	15	16	19	1.0
OG_12933	15	17	17	1.0
OG_12934	12	13	18	1.0
OG_12935	15	16	17	1.0
OG_12936	2	3	4	0.6667
OG_12937	14	15	26	0.9714
OG_12938	13	13	18	1.0
OG_12939	13	15	16	1.0
OG_12940	15	18	23	1.0
OG_12941	15	15	21	1.0
OG_12942	14	16	19	1.0
OG_12943	11	12	17	0.9848
OG_12944	14	14	22	1.0
OG_12945	15	19	21	1.0
OG_12946	2	2	2	1.0
OG_12947	15	15	23	1.0
OG_12948	12	12	12	1.0
OG_12949	13	15	16	1.0
OG_12950	12	12	13	1.0
OG_12951	13	14	15	1.0
OG_12952	15	15	18	1.0
OG_12953	12	15	21	1.0
OG_12954	13	13	14	1.0
OG_12955	2	2	2	1.0
OG_12956	15	15	16	1.0
OG_12957	15	16	19	1.0
OG_12958	15	16	16	1.0
OG_12959	15	22	25	1.0
OG_12960	12	12	14	1.0
OG_12961	13	13	15	1.0
OG_12962	5	5	7	1.0
OG_12963	15	15	16	1.0
OG_12964	13	15	15	1.0
OG_12965	9	9	9	1.0
OG_12966	6	6	6	1.0
OG_12967	12	17	18	1.0
OG_12968	6	8	10	0.9643
OG_12969	15	18	20	0.9346
OG_12970	2	2	2	1.0
OG_12971	14	14	16	1.0
OG_12972	11	11	12	1.0
OG_12973	11	12	12	1.0
OG_12974	15	19	23	1.0
OG_12975	15	18	28	0.9673
OG_12976	15	33	41	0.8523
OG_12977	2	6	6	0.8667
OG_12978	12	16	19	1.0
OG_12979	15	15	24	1.0
OG_12980	15	17	22	1.0
OG_12981	15	16	18	1.0
OG_12982	14	16	18	1.0
OG_12983	2	2	3	1.0
OG_12984	15	18	22	0.9281
OG_12985	4	6	6	1.0
OG_12986	15	16	27	1.0
OG_12987	5	5	5	1.0
OG_12988	7	8	8	1.0
OG_12989	15	36	39	0.9556
OG_12990	5	5	5	1.0
OG_12991	7	7	10	1.0
OG_12992	8	8	9	1.0
OG_12993	5	5	5	1.0
OG_12994	4	4	4	1.0
OG_12995	9	9	10	1.0
OG_12996	7	7	7	1.0
OG_12997	5	5	5	1.0
OG_12998	5	6	6	1.0
OG_12999	5	5	5	1.0
OG_13000	9	9	9	0.75
OG_13001	12	15	16	0.8571
OG_13002	13	13	19	0.859
OG_13003	10	22	24	0.8182
OG_13004	11	49	67	0.7287
OG_13005	4	8	10	1.0
OG_13006	12	13	16	0.9744
OG_13007	15	16	26	1.0
OG_13008	9	15	18	0.781
OG_13009	12	36	41	0.9952
OG_13010	14	16	20	1.0
OG_13011	7	12	13	0.7576
OG_13012	2	3	3	0.6667
OG_13013	13	19	26	0.731
OG_13014	4	4	4	1.0
OG_13015	15	16	20	1.0
OG_13016	11	11	14	1.0
OG_13017	2	2	2	1.0
OG_13018	2	3	3	0.6667
OG_13019	11	14	15	0.989
OG_13020	2	2	5	1.0
OG_13021	15	18	20	1.0
OG_13022	3	3	5	0.6667
OG_13023	15	15	18	1.0
OG_13024	2	6	7	0.7333
OG_13025	12	13	26	1.0
OG_13026	13	13	14	1.0
OG_13027	2	2	2	1.0
OG_13028	11	15	16	0.9905
OG_13029	9	21	24	0.9095
OG_13030	8	14	14	0.8242
OG_13031	2	3	3	0.6667
OG_13032	12	54	63	0.8393
OG_13033	2	5	6	0.8
OG_13034	3	7	11	0.9524
OG_13035	3	8	10	1.0
OG_13036	15	16	17	0.9917
OG_13037	14	43	46	0.9037
OG_13038	15	34	41	1.0
OG_13039	11	11	17	1.0
OG_13040	3	4	4	1.0
OG_13041	14	81	134	0.8818
OG_13042	2	2	2	1.0
OG_13043	2	2	2	1.0
OG_13044	2	3	3	0.6667
OG_13045	4	8	8	0.6429
OG_13046	2	2	2	1.0
OG_13047	2	2	14	1.0
OG_13048	2	8	8	0.8929
OG_13049	15	16	17	1.0
OG_13050	12	12	13	1.0
OG_13051	2	2	2	1.0
OG_13052	10	15	19	0.7238
OG_13053	15	15	18	1.0
OG_13054	5	5	7	1.0
OG_13055	11	19	25	0.6491
OG_13056	2	2	10	1.0
OG_13057	4	4	4	0.8333
OG_13058	3	3	3	1.0
OG_13059	9	9	11	1.0
OG_13060	2	2	2	1.0
OG_13061	2	2	2	1.0
OG_13062	2	2	2	1.0
OG_13063	2	2	2	1.0
OG_13064	9	9	9	1.0
OG_13065	14	15	23	1.0
OG_13066	15	15	64	0.9714
OG_13067	2	2	2	1.0
OG_13068	2	2	2	1.0
OG_13069	14	20	24	0.9947
OG_13070	12	16	21	1.0
OG_13071	12	14	15	1.0
OG_13072	5	20	20	0.7526
OG_13073	9	29	38	0.7241
OG_13074	9	9	9	1.0
OG_13075	12	12	13	1.0
OG_13076	3	3	3	1.0
OG_13077	2	2	2	1.0
OG_13078	12	12	12	1.0
OG_13079	6	6	6	1.0
OG_13080	5	6	6	1.0
OG_13081	4	5	5	1.0
OG_13082	7	7	7	1.0
OG_13083	2	2	2	1.0
OG_13084	7	9	9	1.0
OG_13085	4	9	12	1.0
OG_13086	2	2	2	1.0
OG_13087	14	16	17	1.0
OG_13088	3	3	3	1.0
OG_13089	2	2	2	1.0
OG_13090	7	7	9	1.0
OG_13091	6	7	7	1.0
OG_13092	8	8	10	1.0
OG_13093	8	8	8	1.0
OG_13094	3	3	3	1.0
OG_13095	4	4	5	1.0
OG_13096	3	3	3	1.0
OG_13097	15	17	32	1.0
OG_13098	14	15	16	1.0
OG_13099	15	18	22	1.0
OG_13100	5	8	8	0.9643
OG_13101	13	16	18	1.0
OG_13102	15	16	18	1.0
OG_13103	9	9	10	1.0
OG_13104	12	14	18	1.0
OG_13105	13	14	14	1.0
OG_13106	14	19	20	1.0
OG_13107	14	14	16	1.0
OG_13108	15	16	16	1.0
OG_13109	15	18	22	1.0
OG_13110	2	3	4	1.0
OG_13111	12	15	18	1.0
OG_13112	15	16	20	1.0
OG_13113	13	13	15	1.0
OG_13114	15	16	28	1.0
OG_13115	12	13	14	1.0
OG_13116	15	16	21	1.0
OG_13117	13	14	15	0.8681
OG_13118	14	19	21	0.7135
OG_13119	15	16	17	1.0
OG_13120	14	16	22	1.0
OG_13121	15	35	53	0.9899
OG_13122	15	15	16	1.0
OG_13123	15	16	17	1.0
OG_13124	15	16	16	1.0
OG_13125	15	18	26	0.9935
OG_13126	3	4	4	0.8333
OG_13127	9	19	24	1.0
OG_13128	13	15	26	0.9619
OG_13129	2	2	2	1.0
OG_13130	15	15	41	1.0
OG_13131	13	13	16	1.0
OG_13132	10	11	18	1.0
OG_13133	14	14	21	1.0
OG_13134	15	15	16	1.0
OG_13135	2	2	3	1.0
OG_13136	15	18	22	1.0
OG_13137	13	14	21	1.0
OG_13138	2	2	3	1.0
OG_13139	15	16	23	1.0
OG_13140	15	16	19	1.0
OG_13141	14	23	23	0.7628
OG_13142	14	15	18	1.0
OG_13143	3	3	4	1.0
OG_13144	14	16	20	1.0
OG_13145	15	18	28	1.0
OG_13146	2	2	2	1.0
OG_13147	15	17	22	1.0
OG_13148	15	16	17	1.0
OG_13149	15	15	18	1.0
OG_13150	2	2	2	1.0
OG_13151	13	13	21	1.0
OG_13152	2	2	3	1.0
OG_13153	3	3	3	1.0
OG_13154	4	5	8	1.0
OG_13155	2	4	4	1.0
OG_13156	9	9	9	1.0
OG_13157	7	10	10	0.7111
OG_13158	14	16	17	1.0
OG_13159	14	15	20	1.0
OG_13160	14	16	24	1.0
OG_13161	14	14	14	1.0
OG_13162	15	16	20	1.0
OG_13163	2	2	2	1.0
OG_13164	15	17	29	1.0
OG_13165	15	18	22	1.0
OG_13166	15	17	19	1.0
OG_13167	2	2	4	1.0
OG_13168	15	17	34	1.0
OG_13169	15	16	24	1.0
OG_13170	15	17	17	1.0
OG_13171	15	20	24	1.0
OG_13172	13	14	15	1.0
OG_13173	13	13	15	1.0
OG_13174	15	17	17	1.0
OG_13175	15	16	16	1.0
OG_13176	11	12	14	1.0
OG_13177	12	15	17	1.0
OG_13178	2	2	2	1.0
OG_13179	15	17	18	1.0
OG_13180	12	12	13	1.0
OG_13181	15	17	20	1.0
OG_13182	14	14	16	1.0
OG_13183	12	12	16	1.0
OG_13184	12	19	29	0.6667
OG_13185	6	8	8	1.0
OG_13186	15	29	94	0.931
OG_13187	5	5	5	1.0
OG_13188	14	14	14	1.0
OG_13189	11	11	11	1.0
OG_13190	14	14	18	1.0
OG_13191	15	28	35	0.9392
OG_13192	15	16	17	1.0
OG_13193	7	7	8	1.0
OG_13194	2	2	2	1.0
OG_13195	4	4	4	1.0
OG_13196	3	3	3	1.0
OG_13197	6	6	7	1.0
OG_13198	2	2	2	1.0
OG_13199	4	4	4	1.0
OG_13200	5	5	5	1.0
OG_13201	6	6	6	1.0
OG_13202	6	6	6	1.0
OG_13203	5	5	5	0.9
OG_13204	2	2	2	1.0
OG_13205	6	6	6	1.0
OG_13206	4	4	4	1.0
OG_13207	2	2	2	1.0
OG_13208	3	14	15	0.6374
OG_13209	5	5	5	1.0
OG_13210	3	3	3	1.0
OG_13211	8	8	12	1.0
OG_13212	4	4	4	1.0
OG_13213	2	2	2	1.0
OG_13214	5	10	12	1.0
OG_13215	2	2	2	1.0
OG_13216	5	6	6	0.8
OG_13217	6	6	6	1.0
OG_13218	2	2	2	1.0
OG_13219	3	3	3	1.0
OG_13220	8	8	9	1.0
OG_13221	8	8	12	1.0
OG_13222	7	8	9	0.8929
OG_13223	6	6	6	1.0
OG_13224	5	5	5	1.0
OG_13225	9	9	10	1.0
OG_13226	2	2	2	1.0
OG_13227	4	4	4	1.0
OG_13228	7	7	7	1.0
OG_13229	7	7	7	1.0
OG_13230	4	4	4	1.0
OG_13231	10	17	20	1.0
OG_13232	4	4	4	1.0
OG_13233	2	2	2	1.0
OG_13234	2	2	3	1.0
OG_13235	2	2	3	1.0
OG_13236	2	11	17	0.9273
OG_13237	8	20	28	0.9368
OG_13238	2	2	4	1.0
OG_13239	2	2	3	1.0
OG_13240	2	2	3	1.0
OG_13241	2	2	3	1.0
OG_13242	2	2	2	1.0
OG_13243	2	7	7	1.0
OG_13244	13	14	22	1.0
OG_13245	2	2	2	1.0
OG_13246	12	17	19	1.0
OG_13247	2	3	3	0.6667
OG_13248	2	11	11	0.5455
OG_13249	3	3	3	1.0
OG_13250	2	7	7	0.7619
OG_13251	5	21	22	0.4905
OG_13252	2	2	2	1.0
OG_13253	15	18	20	0.8954
OG_13254	7	28	33	0.9206
OG_13255	4	9	9	1.0
OG_13256	3	3	3	1.0
OG_13257	2	2	2	1.0
OG_13258	6	7	8	1.0
OG_13259	4	5	5	1.0
OG_13260	2	2	2	1.0
OG_13261	4	4	4	1.0
OG_13262	3	12	15	0.303
OG_13263	2	2	2	1.0
OG_13264	2	2	2	1.0
OG_13265	2	8	8	0.8571
OG_13266	2	5	5	0.6
OG_13267	6	8	8	0.6429
OG_13268	2	4	4	1.0
OG_13269	2	7	8	0.7619
OG_13270	2	6	6	0.8
OG_13271	2	7	7	0.8571
OG_13272	2	2	2	1.0
OG_13273	2	2	2	1.0
OG_13274	2	3	3	0.6667
OG_13275	2	2	3	1.0
OG_13276	15	15	18	1.0
OG_13277	14	22	25	0.8961
OG_13278	6	17	17	0.625
OG_13279	2	7	7	1.0
OG_13280	3	3	3	1.0
OG_13281	3	3	5	1.0
OG_13282	3	7	7	1.0
OG_13283	3	8	8	0.8571
OG_13284	15	18	26	0.8497
OG_13285	2	2	2	1.0
OG_13286	2	3	3	0.6667
OG_13287	2	2	2	1.0
OG_13288	2	9	12	0.5278
OG_13289	2	2	2	1.0
OG_13290	4	9	10	0.9444
OG_13291	3	4	4	1.0
OG_13292	2	2	2	1.0
OG_13293	2	2	3	1.0
OG_13294	2	2	2	1.0
OG_13295	3	3	3	1.0
OG_13296	9	43	49	0.7298
OG_13297	2	2	2	1.0
OG_13298	2	2	2	1.0
OG_13299	3	5	6	1.0
OG_13300	4	15	17	0.6095
OG_13301	3	4	4	0.8333
OG_13302	2	2	2	1.0
OG_13303	2	2	2	1.0
OG_13304	3	3	3	1.0
OG_13305	2	2	3	1.0
OG_13306	2	12	12	0.5606
OG_13307	3	8	8	1.0
OG_13308	14	17	17	0.9632
OG_13309	2	5	5	1.0
OG_13310	2	2	2	1.0
OG_13311	2	5	8	1.0
OG_13312	5	11	11	1.0
OG_13313	6	8	8	1.0
OG_13314	2	2	6	1.0
OG_13315	3	3	3	1.0
OG_13316	15	15	21	1.0
OG_13317	15	17	20	0.9779
OG_13318	8	14	21	1.0
OG_13319	15	92	122	0.9095
OG_13320	13	15	24	0.8286
OG_13321	12	12	20	1.0
OG_13322	15	22	34	0.9957
OG_13323	15	15	16	1.0
OG_13324	14	15	16	1.0
OG_13325	12	12	16	0.9848
OG_13326	15	15	18	1.0
OG_13327	10	10	10	1.0
OG_13328	12	12	13	0.9848
OG_13329	15	15	20	1.0
OG_13330	10	10	11	1.0
OG_13331	4	4	4	1.0
OG_13332	15	16	22	1.0
OG_13333	2	2	2	1.0
OG_13334	4	4	6	1.0
OG_13335	15	18	19	0.8039
OG_13336	14	20	24	0.7211
OG_13337	3	3	3	1.0
OG_13338	15	16	17	1.0
OG_13339	14	14	25	1.0
OG_13340	2	2	2	1.0
OG_13341	15	17	18	1.0
OG_13342	15	17	30	1.0
OG_13343	14	18	19	0.9739
OG_13344	11	11	11	1.0
OG_13345	15	16	22	1.0
OG_13346	13	14	16	1.0
OG_13347	12	13	19	1.0
OG_13348	15	17	21	1.0
OG_13349	15	15	17	1.0
OG_13350	9	10	13	1.0
OG_13351	10	12	13	0.6667
OG_13352	4	5	5	1.0
OG_13353	4	4	4	1.0
OG_13354	15	16	25	1.0
OG_13355	10	11	11	1.0
OG_13356	14	15	81	1.0
OG_13357	10	10	12	1.0
OG_13358	14	27	32	1.0
OG_13359	4	4	4	1.0
OG_13360	15	15	28	1.0
OG_13361	15	25	31	0.99
OG_13362	11	13	16	1.0
OG_13363	15	18	20	1.0
OG_13364	2	2	2	1.0
OG_13365	15	21	35	0.7524
OG_13366	13	14	17	1.0
OG_13367	15	16	17	1.0
OG_13368	15	15	17	1.0
OG_13369	15	16	17	1.0
OG_13370	15	16	20	1.0
OG_13371	6	9	10	0.6944
OG_13372	15	19	24	1.0
OG_13373	2	2	2	1.0
OG_13374	14	16	16	1.0
OG_13375	7	8	8	1.0
OG_13376	2	2	2	1.0
OG_13377	15	16	18	1.0
OG_13378	15	18	30	1.0
OG_13379	4	4	5	1.0
OG_13380	3	3	3	1.0
OG_13381	2	2	2	1.0
OG_13382	4	4	4	1.0
OG_13383	4	4	5	1.0
OG_13384	3	5	7	1.0
OG_13385	3	3	3	0.6667
OG_13386	2	2	2	1.0
OG_13387	2	2	2	1.0
OG_13388	2	2	2	1.0
OG_13389	3	3	3	1.0
OG_13390	2	2	2	1.0
OG_13391	5	5	7	1.0
OG_13392	2	2	2	1.0
OG_13393	6	6	6	1.0
OG_13394	12	13	14	1.0
OG_13395	8	10	12	0.8
OG_13396	9	18	19	0.9477
OG_13397	5	5	5	1.0
OG_13398	3	3	3	1.0
OG_13399	9	9	10	1.0
OG_13400	4	4	4	1.0
OG_13401	5	5	6	1.0
OG_13402	2	2	2	1.0
OG_13403	5	5	5	1.0
OG_13404	4	8	8	0.8214
OG_13405	2	2	2	1.0
OG_13406	2	2	2	1.0
OG_13407	10	28	30	0.8492
OG_13408	3	3	3	1.0
OG_13409	3	3	3	1.0
OG_13410	2	2	2	1.0
OG_13411	2	2	3	1.0
OG_13412	2	2	2	1.0
OG_13413	2	2	2	1.0
OG_13414	5	5	6	1.0
OG_13415	2	5	6	0.9
OG_13416	2	2	2	1.0
OG_13417	2	3	3	1.0
OG_13418	2	2	2	1.0
OG_13419	2	2	2	1.0
OG_13420	2	2	2	1.0
OG_13421	2	2	2	1.0
OG_13422	15	15	17	1.0
OG_13423	2	2	2	1.0
OG_13424	2	2	2	1.0
OG_13425	5	9	9	0.7778
OG_13426	9	16	19	0.75
OG_13427	4	4	4	1.0
OG_13428	2	2	2	1.0
OG_13429	8	10	22	1.0
OG_13430	5	5	5	1.0
OG_13431	3	3	3	1.0
OG_13432	4	4	4	1.0
OG_13433	5	5	7	0.6
OG_13434	4	4	4	1.0
OG_13435	3	3	3	1.0
OG_13436	2	2	2	1.0
OG_13437	2	2	2	1.0
OG_13438	3	3	3	1.0
OG_13439	6	6	11	1.0
OG_13440	8	11	11	0.7636
OG_13441	3	3	3	1.0
OG_13442	3	3	3	1.0
OG_13443	5	5	6	1.0
OG_13444	6	6	6	1.0
OG_13445	8	9	9	1.0
OG_13446	3	3	3	1.0
OG_13447	4	4	4	1.0
OG_13448	3	3	3	0.6667
OG_13449	2	3	3	0.6667
OG_13450	4	4	4	1.0
OG_13451	2	2	2	1.0
OG_13452	2	2	2	1.0
OG_13453	5	5	5	0.6
OG_13454	3	3	3	1.0
OG_13455	3	3	3	1.0
OG_13456	9	12	15	0.7273
OG_13457	7	11	11	0.6364
OG_13458	2	7	7	1.0
OG_13459	3	3	3	1.0
OG_13460	5	5	6	1.0
OG_13461	2	2	2	1.0
OG_13462	2	2	2	1.0
OG_13463	2	2	2	1.0
OG_13464	2	2	2	1.0
OG_13465	6	6	6	1.0
OG_13466	5	7	7	0.7619
OG_13467	2	2	2	1.0
OG_13468	2	3	3	0.6667
OG_13469	7	7	7	1.0
OG_13470	3	5	5	1.0
OG_13471	8	15	15	0.6
OG_13472	6	14	14	0.5055
OG_13473	2	4	4	1.0
OG_13474	3	7	7	1.0
OG_13475	4	7	7	0.8095
OG_13476	3	5	5	0.7
OG_13477	2	3	3	1.0
OG_13478	7	7	7	1.0
OG_13479	2	3	3	0.6667
OG_13480	3	3	3	1.0
OG_13481	2	2	2	1.0
OG_13482	2	2	2	1.0
OG_13483	2	2	2	1.0
OG_13484	3	3	3	1.0
OG_13485	2	2	2	1.0
OG_13486	3	3	3	1.0
OG_13487	3	3	3	1.0
OG_13488	3	3	3	1.0
OG_13489	3	3	3	1.0
OG_13490	3	3	3	0.6667
OG_13491	4	4	4	1.0
OG_13492	3	3	3	1.0
OG_13493	3	3	3	1.0
OG_13494	3	3	3	0.6667
OG_13495	6	6	6	1.0
OG_13496	4	4	4	0.8333
OG_13497	3	3	3	1.0
OG_13498	5	5	5	1.0
OG_13499	5	5	5	1.0
OG_13500	4	7	8	1.0
OG_13501	2	5	5	0.8
OG_13502	2	11	11	0.8545
OG_13503	2	3	3	1.0
OG_13504	15	15	18	1.0
OG_13505	13	25	26	1.0
OG_13506	2	2	2	1.0
OG_13507	2	3	3	0.6667
OG_13508	3	3	3	1.0
OG_13509	4	4	4	1.0
OG_13510	2	2	2	1.0
OG_13511	6	6	7	1.0
OG_13512	2	2	2	1.0
OG_13513	3	3	3	0.6667
OG_13514	2	2	2	1.0
OG_13515	3	3	3	0.6667
OG_13516	2	2	2	1.0
OG_13517	2	2	2	1.0
OG_13518	2	2	2	1.0
OG_13519	2	2	2	1.0
OG_13520	2	2	2	1.0
OG_13521	2	2	2	1.0
OG_13522	3	5	5	1.0
OG_13523	3	3	3	1.0
OG_13524	14	18	31	0.9608
OG_13525	2	11	15	0.8727
OG_13526	3	3	3	0.6667
OG_13527	4	4	4	1.0
OG_13528	3	3	3	1.0
OG_13529	2	2	2	1.0
OG_13530	3	3	7	1.0
OG_13531	3	3	3	1.0
OG_13532	2	2	2	1.0
OG_13533	8	9	9	1.0
OG_13534	2	2	2	1.0
OG_13535	2	3	3	1.0
OG_13536	4	4	4	1.0
OG_13537	9	24	25	0.7536
OG_13538	5	5	5	1.0
OG_13539	3	3	3	0.6667
OG_13540	3	3	3	1.0
OG_13541	15	17	20	0.8897
OG_13542	5	5	5	1.0
OG_13543	2	2	2	1.0
OG_13544	2	3	3	0.6667
OG_13545	2	2	2	1.0
OG_13546	2	2	2	1.0
OG_13547	2	2	2	1.0
OG_13548	3	3	4	1.0
OG_13549	2	3	3	0.6667
OG_13550	3	3	3	1.0
OG_13551	6	6	7	1.0
OG_13552	2	2	2	1.0
OG_13553	2	2	2	1.0
OG_13554	4	5	13	1.0
OG_13555	2	2	2	1.0
OG_13556	4	4	4	1.0
OG_13557	4	4	4	1.0
OG_13558	5	5	5	1.0
OG_13559	2	2	2	1.0
OG_13560	4	4	4	1.0
OG_13561	2	3	3	0.6667
OG_13562	2	2	2	1.0
OG_13563	5	5	5	1.0
OG_13564	2	2	2	1.0
OG_13565	3	3	3	0.6667
OG_13566	2	2	2	1.0
OG_13567	14	15	17	1.0
OG_13568	12	15	20	0.9905
OG_13569	4	4	4	1.0
OG_13570	6	6	7	1.0
OG_13571	6	6	7	1.0
OG_13572	2	2	2	1.0
OG_13573	3	6	6	1.0
OG_13574	2	2	2	1.0
OG_13575	4	4	4	1.0
OG_13576	4	4	4	1.0
OG_13577	3	3	3	1.0
OG_13578	2	2	2	1.0
OG_13579	2	6	6	0.6
OG_13580	2	2	2	1.0
OG_13581	2	2	2	1.0
OG_13582	2	2	2	1.0
OG_13583	4	4	4	1.0
OG_13584	2	2	2	1.0
OG_13585	2	2	2	1.0
OG_13586	9	31	36	0.7441
OG_13587	4	4	4	1.0
OG_13588	4	4	4	1.0
OG_13589	6	6	9	1.0
OG_13590	2	5	5	0.7
OG_13591	2	2	2	1.0
OG_13592	4	4	4	1.0
OG_13593	2	3	3	0.6667
OG_13594	5	6	8	1.0
OG_13595	2	2	2	1.0
OG_13596	5	5	9	1.0
OG_13597	7	15	20	0.6857
OG_13598	5	5	7	1.0
OG_13599	2	3	3	0.6667
OG_13600	2	2	2	1.0
OG_13601	2	2	2	1.0
OG_13602	2	2	2	1.0
OG_13603	3	3	3	1.0
OG_13604	2	2	2	1.0
OG_13605	3	3	3	1.0
OG_13606	6	8	8	1.0
OG_13607	2	2	3	1.0
OG_13608	2	2	2	1.0
OG_13609	2	2	2	1.0
OG_13610	5	5	5	1.0
OG_13611	5	6	8	0.8667
OG_13612	3	3	3	1.0
OG_13613	3	3	3	0.6667
OG_13614	5	5	5	1.0
OG_13615	4	4	4	1.0
OG_13616	2	2	2	1.0
OG_13617	2	2	2	1.0
OG_13618	3	3	3	1.0
OG_13619	2	2	2	1.0
OG_13620	5	5	8	1.0
OG_13621	2	2	2	1.0
OG_13622	2	2	2	1.0
OG_13623	2	2	2	1.0
OG_13624	4	4	4	1.0
OG_13625	2	2	2	1.0
OG_13626	4	4	4	1.0
OG_13627	2	2	2	1.0
OG_13628	2	2	2	1.0
OG_13629	2	4	4	1.0
OG_13630	2	4	4	1.0
OG_13631	6	6	8	1.0
OG_13632	2	2	2	1.0
OG_13633	15	15	16	1.0
OG_13634	15	17	18	1.0
OG_13635	12	14	19	1.0
OG_13636	15	16	18	1.0
OG_13637	14	15	18	1.0
OG_13638	15	17	17	1.0
OG_13639	14	16	17	1.0
OG_13640	15	16	30	1.0
OG_13641	12	13	13	1.0
OG_13642	14	15	23	1.0
OG_13643	15	18	22	1.0
OG_13644	10	11	12	1.0
OG_13645	11	14	18	1.0
OG_13646	10	10	13	1.0
OG_13647	15	17	21	1.0
OG_13648	3	3	4	1.0
OG_13649	14	17	18	1.0
OG_13650	15	16	22	1.0
OG_13651	14	14	23	1.0
OG_13652	15	18	21	1.0
OG_13653	14	15	21	1.0
OG_13654	14	15	19	1.0
OG_13655	10	11	13	1.0
OG_13656	2	2	3	1.0
OG_13657	14	14	14	1.0
OG_13658	15	16	21	1.0
OG_13659	13	14	16	1.0
OG_13660	14	15	21	1.0
OG_13661	15	15	16	1.0
OG_13662	15	16	17	1.0
OG_13663	3	3	4	1.0
OG_13664	15	15	17	1.0
OG_13665	15	17	20	1.0
OG_13666	15	16	23	1.0
OG_13667	15	15	18	1.0
OG_13668	15	16	25	1.0
OG_13669	12	15	24	0.8762
OG_13670	3	3	6	1.0
OG_13671	15	24	31	0.942
OG_13672	10	12	12	1.0
OG_13673	11	12	12	1.0
OG_13674	12	12	13	1.0
OG_13675	12	12	21	1.0
OG_13676	10	10	15	1.0
OG_13677	4	4	4	1.0
OG_13678	15	23	27	0.6403
OG_13679	12	13	14	1.0
OG_13680	15	16	21	0.9667
OG_13681	2	3	3	1.0
OG_13682	8	10	10	1.0
OG_13683	10	12	18	1.0
OG_13684	15	16	19	1.0
OG_13685	15	16	20	1.0
OG_13686	15	19	26	1.0
OG_13687	12	31	39	0.9118
OG_13688	14	25	39	0.9967
OG_13689	15	16	20	0.975
OG_13690	15	16	19	1.0
OG_13691	14	20	21	0.9895
OG_13692	14	14	16	1.0
OG_13693	15	15	18	1.0
OG_13694	10	10	12	1.0
OG_13695	2	2	2	1.0
OG_13696	14	15	15	1.0
OG_13697	12	12	14	1.0
OG_13698	15	15	15	0.981
OG_13699	13	14	15	1.0
OG_13700	15	18	20	1.0
OG_13701	14	15	17	1.0
OG_13702	12	16	28	0.9667
OG_13703	4	4	4	1.0
OG_13704	15	17	19	1.0
OG_13705	3	3	3	1.0
OG_13706	6	7	7	1.0
OG_13707	6	11	14	0.7818
OG_13708	5	5	5	1.0
OG_13709	10	13	13	0.7308
OG_13710	15	16	30	0.975
OG_13711	5	5	5	1.0
OG_13712	3	3	3	0.6667
OG_13713	7	18	18	0.8301
OG_13714	4	8	8	0.9643
OG_13715	9	9	12	1.0
OG_13716	3	3	3	1.0
OG_13717	15	16	31	1.0
OG_13718	9	9	9	0.7778
OG_13719	10	10	11	1.0
OG_13720	7	9	9	1.0
OG_13721	6	6	6	1.0
OG_13722	4	4	4	1.0
OG_13723	2	4	4	1.0
OG_13724	7	7	8	1.0
OG_13725	3	3	3	1.0
OG_13726	3	4	4	1.0
OG_13727	3	3	3	1.0
OG_13728	8	14	18	1.0
OG_13729	7	14	14	0.9341
OG_13730	10	11	12	1.0
OG_13731	15	18	26	0.7255
OG_13732	8	10	10	1.0
OG_13733	8	9	10	1.0
OG_13734	2	2	3	1.0
OG_13735	2	3	3	0.6667
OG_13736	2	2	2	1.0
OG_13737	3	3	3	0.6667
OG_13738	3	13	15	0.6795
OG_13739	2	4	6	1.0
OG_13740	5	5	5	1.0
OG_13741	2	4	8	1.0
OG_13742	3	6	10	1.0
OG_13743	2	3	5	1.0
OG_13744	4	8	8	0.8571
OG_13745	3	5	8	1.0
OG_13746	3	9	9	0.8889
OG_13747	15	23	41	0.8419
OG_13748	2	4	6	1.0
OG_13749	3	10	18	0.9778
OG_13750	8	12	14	0.9697
OG_13751	2	3	3	0.6667
OG_13752	2	9	9	0.5556
OG_13753	2	2	2	1.0
OG_13754	14	25	26	1.0
OG_13755	4	4	5	1.0
OG_13756	2	8	9	0.9643
OG_13757	2	4	4	0.6667
OG_13758	4	5	6	1.0
OG_13759	14	14	27	1.0
OG_13760	2	10	10	0.7556
OG_13761	9	13	13	0.7308
OG_13762	6	18	22	0.719
OG_13763	3	7	7	1.0
OG_13764	15	28	29	1.0
OG_13765	12	14	18	1.0
OG_13766	2	2	2	1.0
OG_13767	15	20	21	0.7632
OG_13768	2	2	2	1.0
OG_13769	3	3	4	1.0
OG_13770	2	2	2	1.0
OG_13771	3	8	10	0.6786
OG_13772	2	3	3	0.6667
OG_13773	3	7	7	1.0
OG_13774	5	14	14	0.3187
OG_13775	7	25	28	0.6667
OG_13776	2	9	9	0.9722
OG_13777	3	3	3	1.0
OG_13778	2	3	3	1.0
OG_13779	4	16	16	0.575
OG_13780	2	2	2	1.0
OG_13781	7	14	17	1.0
OG_13782	3	7	7	0.9524
OG_13783	2	2	2	1.0
OG_13784	2	2	2	1.0
OG_13785	2	6	8	1.0
OG_13786	2	3	3	0.6667
OG_13787	2	2	2	1.0
OG_13788	2	2	2	1.0
OG_13789	3	3	3	1.0
OG_13790	9	12	12	0.6364
OG_13791	4	14	14	0.4835
OG_13792	4	13	13	0.7692
OG_13793	2	2	2	1.0
OG_13794	2	2	2	1.0
OG_13795	2	2	3	1.0
OG_13796	2	2	2	1.0
OG_13797	3	3	3	1.0
OG_13798	2	2	2	1.0
OG_13799	2	2	2	1.0
OG_13800	2	2	2	1.0
OG_13801	2	4	4	1.0
OG_13802	2	2	2	1.0
OG_13803	2	2	2	1.0
OG_13804	2	2	2	1.0
OG_13805	15	19	22	0.9006
OG_13806	2	2	2	1.0
OG_13807	9	11	11	1.0
OG_13808	14	14	20	1.0
OG_13809	14	14	16	1.0
OG_13810	13	14	15	1.0
OG_13811	12	12	15	1.0
OG_13812	12	12	13	1.0
OG_13813	12	15	17	1.0
OG_13814	12	12	16	1.0
OG_13815	15	17	18	0.8603
OG_13816	14	15	15	1.0
OG_13817	6	8	9	1.0
OG_13818	14	14	14	1.0
OG_13819	15	15	16	1.0
OG_13820	15	15	15	1.0
OG_13821	3	3	3	1.0
OG_13822	15	16	24	1.0
OG_13823	15	20	41	0.9789
OG_13824	11	11	11	1.0
OG_13825	11	11	11	0.8727
OG_13826	12	13	14	1.0
OG_13827	10	12	15	1.0
OG_13828	15	15	18	1.0
OG_13829	15	19	21	1.0
OG_13830	14	15	22	1.0
OG_13831	2	2	3	1.0
OG_13832	12	15	29	1.0
OG_13833	14	18	20	1.0
OG_13834	12	14	17	1.0
OG_13835	15	16	17	1.0
OG_13836	11	11	11	1.0
OG_13837	13	14	22	1.0
OG_13838	14	17	21	1.0
OG_13839	15	16	24	1.0
OG_13840	15	17	19	1.0
OG_13841	15	18	22	1.0
OG_13842	14	16	24	1.0
OG_13843	15	18	24	1.0
OG_13844	15	16	20	1.0
OG_13845	15	18	23	1.0
OG_13846	14	14	15	1.0
OG_13847	15	18	22	1.0
OG_13848	12	12	17	1.0
OG_13849	15	15	23	1.0
OG_13850	2	2	2	1.0
OG_13851	2	2	3	1.0
OG_13852	14	15	19	1.0
OG_13853	12	16	22	1.0
OG_13854	15	15	16	1.0
OG_13855	15	17	25	1.0
OG_13856	13	13	17	1.0
OG_13857	15	16	26	1.0
OG_13858	6	7	8	1.0
OG_13859	2	2	2	1.0
OG_13860	7	7	8	1.0
OG_13861	13	13	38	1.0
OG_13862	6	7	7	1.0
OG_13863	2	2	2	1.0
OG_13864	3	3	4	1.0
OG_13865	3	3	6	1.0
OG_13866	2	2	9	1.0
OG_13867	2	2	4	1.0
OG_13868	2	2	2	1.0
OG_13869	3	3	5	1.0
OG_13870	3	3	4	1.0
OG_13871	2	2	3	1.0
OG_13872	2	2	2	1.0
OG_13873	2	2	2	1.0
OG_13874	2	2	2	1.0
OG_13875	2	3	3	0.6667
OG_13876	3	3	3	1.0
OG_13877	2	2	2	1.0
OG_13878	3	3	3	1.0
OG_13879	2	2	2	1.0
OG_13880	3	3	3	1.0
OG_13881	3	3	5	1.0
OG_13882	3	9	11	1.0
OG_13883	2	2	2	1.0
OG_13884	3	3	3	1.0
OG_13885	3	3	3	1.0
OG_13886	2	3	3	1.0
OG_13887	3	3	3	1.0
OG_13888	2	2	2	1.0
OG_13889	2	2	2	1.0
OG_13890	2	2	2	1.0
OG_13891	2	2	2	1.0
OG_13892	3	3	3	1.0
OG_13893	3	3	3	1.0
OG_13894	2	2	2	1.0
OG_13895	3	3	3	1.0
OG_13896	2	2	2	1.0
OG_13897	2	2	2	1.0
OG_13898	9	9	12	1.0
OG_13899	15	15	16	0.8667
OG_13900	13	13	14	1.0
OG_13901	14	14	14	1.0
OG_13902	15	17	20	1.0
OG_13903	12	12	17	0.9242
OG_13904	14	17	21	1.0
OG_13905	15	15	19	1.0
OG_13906	3	11	16	0.9818
OG_13907	15	15	18	1.0
OG_13908	14	15	16	1.0
OG_13909	13	14	15	1.0
OG_13910	15	15	16	1.0
OG_13911	11	11	11	1.0
OG_13912	14	14	15	1.0
OG_13913	15	17	17	1.0
OG_13914	14	14	20	1.0
OG_13915	12	12	13	1.0
OG_13916	14	17	29	1.0
OG_13917	15	16	17	1.0
OG_13918	14	16	19	1.0
OG_13919	15	15	17	1.0
OG_13920	13	16	16	0.9917
OG_13921	12	12	13	1.0
OG_13922	13	13	15	1.0
OG_13923	15	17	18	1.0
OG_13924	14	15	18	1.0
OG_13925	15	15	18	1.0
OG_13926	15	18	25	0.6993
OG_13927	2	9	11	0.8611
OG_13928	15	15	15	1.0
OG_13929	10	10	34	1.0
OG_13930	3	3	3	0.6667
OG_13931	12	15	17	1.0
OG_13932	14	16	19	1.0
OG_13933	13	15	27	1.0
OG_13934	3	3	3	1.0
OG_13935	15	15	19	1.0
OG_13936	13	13	19	1.0
OG_13937	6	7	9	1.0
OG_13938	15	24	33	0.4601
OG_13939	8	9	9	1.0
OG_13940	10	11	11	0.8909
OG_13941	2	2	6	1.0
OG_13942	12	13	13	1.0
OG_13943	12	13	13	1.0
OG_13944	2	2	3	1.0
OG_13945	2	2	6	1.0
OG_13946	2	2	3	1.0
OG_13947	2	2	3	1.0
OG_13948	2	2	3	1.0
OG_13949	2	2	2	1.0
OG_13950	2	2	2	1.0
OG_13951	2	2	2	1.0
OG_13952	2	2	2	1.0
OG_13953	2	2	2	1.0
OG_13954	2	2	2	1.0
OG_13955	11	12	13	1.0
OG_13956	2	8	10	0.5357
OG_13957	2	12	23	0.7273
OG_13958	2	4	8	0.8333
OG_13959	2	8	14	0.5
OG_13960	12	12	14	1.0
OG_13961	12	18	19	1.0
OG_13962	2	2	2	1.0
OG_13963	2	4	7	1.0
OG_13964	15	17	19	0.9412
OG_13965	2	4	5	1.0
OG_13966	13	13	31	1.0
OG_13967	2	9	11	0.75
OG_13968	2	8	13	0.7857
OG_13969	4	4	4	1.0
OG_13970	2	2	2	1.0
OG_13971	2	2	2	1.0
OG_13972	2	2	2	1.0
OG_13973	2	2	2	1.0
OG_13974	13	17	23	0.8971
OG_13975	8	8	8	1.0
OG_13976	8	10	10	1.0
OG_13977	13	14	17	1.0
OG_13978	2	2	2	1.0
OG_13979	2	3	3	1.0
OG_13980	13	42	42	0.993
OG_13981	11	12	13	1.0
OG_13982	2	2	2	1.0
OG_13983	2	2	2	1.0
OG_13984	7	11	11	1.0
OG_13985	2	3	3	1.0
OG_13986	2	2	2	1.0
OG_13987	2	2	2	1.0
OG_13988	2	2	2	1.0
OG_13989	13	13	15	1.0
OG_13990	12	13	22	1.0
OG_13991	11	12	12	1.0
OG_13992	14	16	22	1.0
OG_13993	11	11	14	1.0
OG_13994	2	2	2	1.0
OG_13995	15	17	17	1.0
OG_13996	15	22	26	0.9481
OG_13997	14	16	19	1.0
OG_13998	2	2	2	1.0
OG_13999	2	2	2	1.0
OG_14000	15	15	16	1.0
OG_14001	13	14	16	1.0
OG_14002	11	12	27	0.8636
OG_14003	4	6	6	1.0
OG_14004	2	2	2	1.0
OG_14005	5	8	8	0.8571
OG_14006	10	11	13	1.0
OG_14007	13	14	15	1.0
OG_14008	4	7	7	0.8095
OG_14009	2	2	2	1.0
OG_14010	6	6	6	1.0
OG_14011	7	7	9	1.0
OG_14012	2	3	3	0.6667
OG_14013	2	3	3	1.0
OG_14014	2	5	6	1.0
OG_14015	10	24	26	0.4239
OG_14016	5	12	13	1.0
OG_14017	3	3	3	1.0
OG_14018	3	3	8	1.0
OG_14019	2	2	2	1.0
OG_14020	2	2	2	1.0
OG_14021	2	2	2	1.0
OG_14022	2	2	2	1.0
OG_14023	2	2	2	1.0
OG_14024	13	16	17	1.0
OG_14025	2	2	2	1.0
OG_14026	2	4	4	0.6667
OG_14027	2	2	2	1.0
OG_14028	2	2	2	1.0
OG_14029	2	2	2	1.0
OG_14030	2	2	2	1.0
OG_14031	2	10	10	0.8889
OG_14032	2	2	2	1.0
OG_14033	2	2	2	1.0
OG_14034	2	2	2	1.0
OG_14035	2	2	3	1.0
OG_14036	2	2	2	1.0
OG_14037	2	2	3	1.0
OG_14038	2	2	2	1.0
OG_14039	2	2	2	1.0
OG_14040	2	4	4	1.0
OG_14041	2	2	2	1.0
OG_14042	2	2	2	1.0
OG_14043	7	12	14	1.0
OG_14044	2	2	2	1.0
OG_14045	2	2	2	1.0
OG_14046	2	3	3	0.6667
OG_14047	13	21	25	1.0
OG_14048	2	2	2	1.0
OG_14049	2	2	2	1.0
OG_14050	2	2	2	1.0
OG_14051	2	2	3	1.0
OG_14052	2	2	2	1.0
OG_14053	15	20	24	1.0
OG_14054	14	14	18	1.0
OG_14055	2	2	2	1.0
OG_14056	2	2	2	1.0
OG_14057	2	2	2	1.0
OG_14058	2	2	2	1.0
OG_14059	15	17	23	1.0
OG_14060	2	2	2	1.0
OG_14061	2	2	2	1.0
OG_14062	15	16	104	1.0
OG_14063	11	11	13	1.0
OG_14064	12	15	18	1.0
OG_14065	15	16	20	1.0
OG_14066	13	14	25	1.0
OG_14067	15	16	21	1.0
OG_14068	15	16	16	1.0
OG_14069	14	16	19	1.0
OG_14070	13	14	15	1.0
OG_14071	2	2	2	1.0
OG_14072	14	16	25	1.0
OG_14073	14	17	18	1.0
OG_14074	15	31	46	0.9097
OG_14075	15	16	18	1.0
OG_14076	11	14	22	0.9121
OG_14077	15	38	49	0.9488
OG_14078	14	16	20	1.0
OG_14079	15	17	18	1.0
OG_14080	15	15	20	1.0
OG_14081	12	13	20	1.0
OG_14082	10	11	16	1.0
OG_14083	15	17	19	1.0
OG_14084	15	15	19	1.0
OG_14085	14	14	14	1.0
OG_14086	2	2	2	1.0
OG_14087	14	14	26	1.0
OG_14088	15	15	17	1.0
OG_14089	13	14	20	1.0
OG_14090	15	15	22	1.0
OG_14091	12	14	15	0.967
OG_14092	14	15	23	1.0
OG_14093	12	14	24	1.0
OG_14094	15	17	21	1.0
OG_14095	15	22	72	0.9697
OG_14096	9	9	9	0.9722
OG_14097	15	17	25	1.0
OG_14098	2	2	2	1.0
OG_14099	11	11	15	1.0
OG_14100	15	43	72	0.9003
OG_14101	13	17	19	0.8971
OG_14102	8	9	11	1.0
OG_14103	15	21	43	1.0
OG_14104	12	13	20	1.0
OG_14105	15	15	18	1.0
OG_14106	15	16	22	1.0
OG_14107	14	14	15	1.0
OG_14108	2	2	2	1.0
OG_14109	2	2	2	1.0
OG_14110	2	2	2	1.0
OG_14111	2	2	2	1.0
OG_14112	4	4	4	1.0
OG_14113	2	2	2	1.0
OG_14114	2	3	3	0.6667
OG_14115	9	12	13	1.0
OG_14116	15	17	26	1.0
OG_14117	6	6	6	1.0
OG_14118	2	2	2	1.0
OG_14119	2	2	2	1.0
OG_14120	4	6	6	1.0
OG_14121	2	2	2	1.0
OG_14122	8	9	10	1.0
OG_14123	3	6	6	1.0
OG_14124	3	3	3	1.0
OG_14125	2	2	2	1.0
OG_14126	2	2	2	1.0
OG_14127	2	2	2	1.0
OG_14128	2	2	2	1.0
OG_14129	2	2	2	1.0
OG_14130	2	2	2	1.0
OG_14131	2	2	2	1.0
OG_14132	5	8	8	1.0
OG_14133	5	5	6	1.0
OG_14134	5	5	5	1.0
OG_14135	6	7	7	0.8571
OG_14136	2	2	2	1.0
OG_14137	2	6	7	0.5333
OG_14138	2	11	13	0.5636
OG_14139	2	5	5	1.0
OG_14140	5	7	8	0.9524
OG_14141	5	11	13	0.9455
OG_14142	15	17	17	1.0
OG_14143	15	16	18	1.0
OG_14144	2	2	2	1.0
OG_14145	15	16	17	1.0
OG_14146	10	10	14	1.0
OG_14147	14	14	23	1.0
OG_14148	15	17	22	1.0
OG_14149	15	21	32	1.0
OG_14150	15	15	16	1.0
OG_14151	10	10	20	1.0
OG_14152	15	18	28	0.8824
OG_14153	15	16	20	1.0
OG_14154	14	17	21	1.0
OG_14155	15	17	23	1.0
OG_14156	2	2	2	1.0
OG_14157	15	16	16	1.0
OG_14158	15	16	18	1.0
OG_14159	13	13	15	1.0
OG_14160	15	15	17	1.0
OG_14161	10	10	11	1.0
OG_14162	3	3	3	1.0
OG_14163	2	2	2	1.0
OG_14164	3	4	5	1.0
OG_14165	6	8	8	0.8571
OG_14166	13	13	20	1.0
OG_14167	14	14	20	1.0
OG_14168	10	10	24	1.0
OG_14169	15	15	19	1.0
OG_14170	8	8	9	1.0
OG_14171	8	13	29	1.0
OG_14172	5	5	5	1.0
OG_14173	15	15	39	1.0
OG_14174	15	17	27	1.0
OG_14175	14	14	22	1.0
OG_14176	12	12	12	1.0
OG_14177	2	2	3	1.0
OG_14178	13	14	20	1.0
OG_14179	15	57	73	0.9486
OG_14180	15	15	32	1.0
OG_14181	12	13	24	1.0
OG_14182	13	20	26	1.0
OG_14183	15	15	34	1.0
OG_14184	12	15	30	1.0
OG_14185	10	17	20	0.9779
OG_14186	15	15	25	1.0
OG_14187	10	17	26	1.0
OG_14188	15	16	20	1.0
OG_14189	15	16	19	1.0
OG_14190	13	14	17	1.0
OG_14191	13	15	15	1.0
OG_14192	11	11	13	1.0
OG_14193	10	17	20	0.9779
OG_14194	15	19	33	1.0
OG_14195	15	19	32	0.9766
OG_14196	11	33	38	0.9773
OG_14197	3	5	5	1.0
OG_14198	13	27	42	1.0
OG_14199	15	25	35	0.9833
OG_14200	14	15	17	1.0
OG_14201	15	15	35	1.0
OG_14202	15	16	24	1.0
OG_14203	15	19	25	1.0
OG_14204	13	14	15	0.8681
OG_14205	15	16	19	1.0
OG_14206	10	10	18	1.0
OG_14207	13	16	28	0.8833
OG_14208	13	13	17	1.0
OG_14209	12	12	18	1.0
OG_14210	15	15	20	1.0
OG_14211	15	18	31	1.0
OG_14212	15	18	22	1.0
OG_14213	14	14	15	1.0
OG_14214	15	28	43	1.0
OG_14215	9	12	20	1.0
OG_14216	15	16	22	1.0
OG_14217	14	14	16	1.0
OG_14218	11	11	12	1.0
OG_14219	14	15	23	1.0
OG_14220	10	10	10	1.0
OG_14221	10	11	11	1.0
OG_14222	11	11	15	0.9818
OG_14223	14	15	15	1.0
OG_14224	15	16	18	1.0
OG_14225	15	15	16	1.0
OG_14226	15	16	22	1.0
OG_14227	13	13	18	1.0
OG_14228	13	15	21	1.0
OG_14229	15	17	22	1.0
OG_14230	4	5	5	1.0
OG_14231	15	16	25	1.0
OG_14232	15	15	17	1.0
OG_14233	10	24	41	1.0
OG_14234	3	3	4	1.0
OG_14235	7	13	22	0.8077
OG_14236	14	14	19	1.0
OG_14237	15	16	21	1.0
OG_14238	12	14	15	1.0
OG_14239	7	9	13	1.0
OG_14240	13	14	18	1.0
OG_14241	13	13	20	1.0
OG_14242	15	16	30	1.0
OG_14243	15	15	26	1.0
OG_14244	15	17	22	0.8162
OG_14245	15	15	22	1.0
OG_14246	14	14	19	1.0
OG_14247	14	16	25	0.8333
OG_14248	15	30	41	0.9356
OG_14249	2	3	4	1.0
OG_14250	14	18	35	0.8758
OG_14251	13	13	16	1.0
OG_14252	12	12	17	1.0
OG_14253	15	16	21	1.0
OG_14254	13	24	26	1.0
OG_14255	13	13	15	1.0
OG_14256	2	2	2	1.0
OG_14257	15	23	34	1.0
OG_14258	2	3	4	1.0
OG_14259	13	18	21	1.0
OG_14260	12	23	34	1.0
OG_14261	13	36	41	0.8952
OG_14262	10	11	14	1.0
OG_14263	13	13	26	1.0
OG_14264	12	18	24	0.9281
OG_14265	15	15	22	1.0
OG_14266	15	16	22	1.0
OG_14267	15	15	19	1.0
OG_14268	15	41	51	1.0
OG_14269	15	25	33	1.0
OG_14270	13	15	24	1.0
OG_14271	15	16	22	1.0
OG_14272	15	19	29	0.9942
OG_14273	12	12	17	1.0
OG_14274	15	18	18	1.0
OG_14275	3	3	3	1.0
OG_14276	11	12	19	1.0
OG_14277	15	18	22	1.0
OG_14278	15	16	19	1.0
OG_14279	15	16	22	0.975
OG_14280	15	23	49	0.8972
OG_14281	14	17	23	1.0
OG_14282	13	14	18	0.989
OG_14283	14	17	26	1.0
OG_14284	12	54	59	0.8931
OG_14285	15	15	17	1.0
OG_14286	13	35	47	1.0
OG_14287	9	13	21	1.0
OG_14288	14	15	26	1.0
OG_14289	15	19	25	1.0
OG_14290	15	27	66	1.0
OG_14291	15	20	25	0.9737
OG_14292	13	13	16	1.0
OG_14293	12	12	15	1.0
OG_14294	12	12	16	1.0
OG_14295	13	13	24	1.0
OG_14296	13	14	17	1.0
OG_14297	14	14	14	1.0
OG_14298	7	18	20	0.9869
OG_14299	12	14	23	1.0
OG_14300	14	17	21	1.0
OG_14301	15	32	40	1.0
OG_14302	12	14	15	0.956
OG_14303	15	15	20	1.0
OG_14304	15	17	20	0.9485
OG_14305	15	46	61	0.9575
OG_14306	6	9	10	1.0
OG_14307	15	18	18	1.0
OG_14308	11	12	15	0.9545
OG_14309	15	18	26	1.0
OG_14310	15	22	31	1.0
OG_14311	15	38	54	1.0
OG_14312	15	15	18	1.0
OG_14313	15	17	24	1.0
OG_14314	15	18	24	1.0
OG_14315	15	15	19	1.0
OG_14316	15	47	62	1.0
OG_14317	10	17	27	1.0
OG_14318	12	14	16	1.0
OG_14319	6	9	11	0.8889
OG_14320	13	14	22	0.8681
OG_14321	13	14	28	1.0
OG_14322	12	12	17	1.0
OG_14323	15	21	21	1.0
OG_14324	14	18	23	0.7647
OG_14325	15	16	23	1.0
OG_14326	13	14	16	1.0
OG_14327	12	12	12	1.0
OG_14328	9	9	11	1.0
OG_14329	14	14	16	1.0
OG_14330	2	2	2	1.0
OG_14331	13	18	35	0.8954
OG_14332	15	15	18	1.0
OG_14333	14	14	15	1.0
OG_14334	4	21	30	1.0
OG_14335	13	14	27	1.0
OG_14336	4	5	17	1.0
OG_14337	10	10	13	1.0
OG_14338	11	22	39	1.0
OG_14339	12	13	14	1.0
OG_14340	15	16	16	0.9917
OG_14341	14	16	22	0.7917
OG_14342	15	16	18	1.0
OG_14343	12	12	17	1.0
OG_14344	10	10	18	1.0
OG_14345	13	13	22	1.0
OG_14346	15	17	38	0.875
OG_14347	15	17	19	1.0
OG_14348	5	12	15	0.7879
OG_14349	15	16	20	1.0
OG_14350	12	20	23	1.0
OG_14351	14	19	20	1.0
OG_14352	15	15	25	0.981
OG_14353	12	12	21	1.0
OG_14354	13	13	17	1.0
OG_14355	14	14	20	1.0
OG_14356	14	14	19	1.0
OG_14357	3	6	6	0.8
OG_14358	15	16	22	1.0
OG_14359	14	14	16	1.0
OG_14360	13	13	18	1.0
OG_14361	14	15	22	0.8952
OG_14362	13	13	19	1.0
OG_14363	13	18	22	1.0
OG_14364	12	19	25	1.0
OG_14365	14	28	35	1.0
OG_14366	15	15	31	1.0
OG_14367	14	15	22	1.0
OG_14368	15	15	24	1.0
OG_14369	15	21	27	0.7524
OG_14370	15	16	22	1.0
OG_14371	15	16	18	1.0
OG_14372	14	17	20	1.0
OG_14373	15	16	25	1.0
OG_14374	3	3	6	1.0
OG_14375	15	16	19	1.0
OG_14376	15	16	24	1.0
OG_14377	15	17	19	1.0
OG_14378	15	15	18	1.0
OG_14379	14	20	20	1.0
OG_14380	14	14	19	1.0
OG_14381	13	13	15	1.0
OG_14382	6	9	15	1.0
OG_14383	15	15	20	1.0
OG_14384	14	35	46	0.958
OG_14385	11	11	14	0.8727
OG_14386	13	13	15	1.0
OG_14387	3	5	11	0.8
OG_14388	14	20	27	1.0
OG_14389	2	2	11	1.0
OG_14390	12	12	13	1.0
OG_14391	12	12	12	1.0
OG_14392	12	13	18	0.8077
OG_14393	15	34	43	1.0
OG_14394	14	28	31	1.0
OG_14395	14	27	37	1.0
OG_14396	13	23	31	1.0
OG_14397	11	14	15	1.0
OG_14398	15	19	22	1.0
OG_14399	5	10	19	1.0
OG_14400	15	18	24	1.0
OG_14401	15	15	21	1.0
OG_14402	15	15	20	1.0
OG_14403	2	2	2	1.0
OG_14404	15	19	30	1.0
OG_14405	15	15	17	1.0
OG_14406	15	17	24	1.0
OG_14407	2	2	2	1.0
OG_14408	13	13	17	1.0
OG_14409	15	16	17	1.0
OG_14410	7	7	8	1.0
OG_14411	15	28	44	1.0
OG_14412	14	14	35	0.9451
OG_14413	15	16	19	1.0
OG_14414	10	37	51	1.0
OG_14415	14	15	18	1.0
OG_14416	12	21	40	1.0
OG_14417	15	17	32	0.8235
OG_14418	15	15	22	1.0
OG_14419	5	5	6	1.0
OG_14420	14	15	24	1.0
OG_14421	11	11	14	1.0
OG_14422	15	21	30	1.0
OG_14423	15	16	23	1.0
OG_14424	13	13	33	1.0
OG_14425	15	16	24	1.0
OG_14426	14	14	22	1.0
OG_14427	13	13	18	1.0
OG_14428	15	15	23	1.0
OG_14429	14	18	21	1.0
OG_14430	13	15	26	1.0
OG_14431	15	15	18	1.0
OG_14432	10	11	13	1.0
OG_14433	12	36	44	0.9206
OG_14434	12	13	20	1.0
OG_14435	15	17	26	1.0
OG_14436	7	8	10	1.0
OG_14437	15	16	28	1.0
OG_14438	6	6	7	1.0
OG_14439	13	24	31	1.0
OG_14440	14	14	17	1.0
OG_14441	15	19	23	1.0
OG_14442	15	15	20	1.0
OG_14443	15	15	34	1.0
OG_14444	15	17	24	0.8235
OG_14445	15	17	24	1.0
OG_14446	15	31	41	0.929
OG_14447	15	22	28	0.8312
OG_14448	12	13	18	1.0
OG_14449	15	15	21	1.0
OG_14450	12	23	25	0.8182
OG_14451	12	16	25	1.0
OG_14452	15	25	26	1.0
OG_14453	2	3	6	1.0
OG_14454	15	17	22	1.0
OG_14455	15	18	26	1.0
OG_14456	12	25	33	0.9233
OG_14457	2	2	4	1.0
OG_14458	15	21	27	0.9762
OG_14459	15	16	22	1.0
OG_14460	15	15	20	1.0
OG_14461	12	12	24	1.0
OG_14462	8	10	11	1.0
OG_14463	12	15	20	0.8857
OG_14464	14	15	16	1.0
OG_14465	11	11	11	1.0
OG_14466	15	55	104	0.8269
OG_14467	12	12	25	1.0
OG_14468	12	13	13	1.0
OG_14469	15	17	23	1.0
OG_14470	10	14	23	1.0
OG_14471	14	14	20	1.0
OG_14472	15	15	58	1.0
OG_14473	6	6	8	1.0
OG_14474	2	5	6	0.6
OG_14475	2	3	3	1.0
OG_14476	7	7	7	1.0
OG_14477	3	3	15	1.0
OG_14478	14	14	17	1.0
OG_14479	12	30	43	1.0
OG_14480	11	11	19	1.0
OG_14481	11	12	22	1.0
OG_14482	14	14	32	1.0
OG_14483	15	16	18	1.0
OG_14484	13	13	25	1.0
OG_14485	12	13	22	1.0
OG_14486	10	10	12	1.0
OG_14487	2	2	2	1.0
OG_14488	14	14	20	1.0
OG_14489	15	16	22	1.0
OG_14490	10	11	11	0.8182
OG_14491	12	16	24	0.9833
OG_14492	15	19	33	1.0
OG_14493	15	16	17	1.0
OG_14494	15	35	73	0.9496
OG_14495	15	15	22	1.0
OG_14496	12	12	26	1.0
OG_14497	15	15	45	1.0
OG_14498	15	15	18	1.0
OG_14499	8	9	9	1.0
OG_14500	14	14	18	1.0
OG_14501	10	12	15	1.0
OG_14502	15	16	23	1.0
OG_14503	11	11	19	1.0
OG_14504	15	16	18	1.0
OG_14505	14	14	21	1.0
OG_14506	14	15	22	1.0
OG_14507	15	21	34	0.9952
OG_14508	14	15	16	1.0
OG_14509	15	18	19	1.0
OG_14510	15	44	54	0.9144
OG_14511	13	13	15	1.0
OG_14512	15	15	19	1.0
OG_14513	13	20	21	1.0
OG_14514	15	15	20	0.8667
OG_14515	15	15	20	1.0
OG_14516	15	34	58	1.0
OG_14517	15	15	28	1.0
OG_14518	12	12	18	1.0
OG_14519	15	15	19	1.0
OG_14520	15	25	29	1.0
OG_14521	5	5	9	1.0
OG_14522	15	19	26	1.0
OG_14523	3	3	7	1.0
OG_14524	15	17	21	1.0
OG_14525	12	13	13	1.0
OG_14526	15	27	36	0.9943
OG_14527	3	3	3	1.0
OG_14528	9	10	13	1.0
OG_14529	14	18	21	1.0
OG_14530	15	19	23	1.0
OG_14531	14	15	20	0.9905
OG_14532	15	18	23	0.8627
OG_14533	13	20	25	1.0
OG_14534	12	12	14	1.0
OG_14535	12	20	25	0.8211
OG_14536	14	14	20	1.0
OG_14537	15	16	23	1.0
OG_14538	15	16	27	1.0
OG_14539	15	16	20	1.0
OG_14540	15	15	31	1.0
OG_14541	12	12	13	1.0
OG_14542	13	16	20	1.0
OG_14543	15	15	18	1.0
OG_14544	15	15	27	1.0
OG_14545	12	12	17	1.0
OG_14546	3	5	6	0.8
OG_14547	14	34	37	0.9964
OG_14548	15	19	22	1.0
OG_14549	14	16	22	1.0
OG_14550	15	17	21	1.0
OG_14551	15	16	35	1.0
OG_14552	10	10	15	1.0
OG_14553	14	18	24	1.0
OG_14554	12	12	18	1.0
OG_14555	15	15	18	1.0
OG_14556	13	13	24	1.0
OG_14557	15	15	19	1.0
OG_14558	13	15	18	1.0
OG_14559	10	28	32	0.9947
OG_14560	3	3	5	1.0
OG_14561	13	13	20	1.0
OG_14562	15	105	122	0.6974
OG_14563	15	19	26	1.0
OG_14564	10	24	27	1.0
OG_14565	12	26	33	0.9815
OG_14566	15	15	75	1.0
OG_14567	15	16	19	1.0
OG_14568	14	14	22	1.0
OG_14569	12	13	17	1.0
OG_14570	14	35	40	1.0
OG_14571	15	18	22	1.0
OG_14572	3	8	12	0.8214
OG_14573	15	56	69	0.9325
OG_14574	14	17	21	1.0
OG_14575	15	36	79	0.5524
OG_14576	15	16	22	0.825
OG_14577	12	16	20	1.0
OG_14578	11	22	31	0.9957
OG_14579	15	15	18	1.0
OG_14580	15	15	16	1.0
OG_14581	15	21	26	1.0
OG_14582	15	20	23	1.0
OG_14583	15	16	23	1.0
OG_14584	15	20	25	1.0
OG_14585	12	18	24	1.0
OG_14586	15	20	22	1.0
OG_14587	15	16	19	1.0
OG_14588	15	15	17	1.0
OG_14589	12	13	17	1.0
OG_14590	15	15	18	1.0
OG_14591	9	19	22	1.0
OG_14592	2	4	6	1.0
OG_14593	12	38	43	0.8179
OG_14594	8	8	8	1.0
OG_14595	13	16	17	1.0
OG_14596	11	25	52	1.0
OG_14597	15	16	21	1.0
OG_14598	12	20	26	0.9421
OG_14599	15	15	22	1.0
OG_14600	15	15	33	1.0
OG_14601	15	16	29	1.0
OG_14602	15	15	19	1.0
OG_14603	5	9	11	1.0
OG_14604	3	4	12	1.0
OG_14605	2	3	4	1.0
OG_14606	4	6	12	1.0
OG_14607	15	16	34	1.0
OG_14608	14	17	26	1.0
OG_14609	13	35	39	1.0
OG_14610	13	21	31	1.0
OG_14611	11	13	17	1.0
OG_14612	15	35	46	1.0
OG_14613	11	31	33	1.0
OG_14614	7	10	10	1.0
OG_14615	15	19	31	1.0
OG_14616	15	17	25	1.0
OG_14617	9	9	20	1.0
OG_14618	12	13	23	1.0
OG_14619	12	14	17	1.0
OG_14620	9	21	26	1.0
OG_14621	4	15	15	0.981
OG_14622	3	4	4	1.0
OG_14623	9	9	18	1.0
OG_14624	15	47	53	0.8686
OG_14625	12	13	16	1.0
OG_14626	15	17	20	1.0
OG_14627	15	16	18	1.0
OG_14628	15	15	18	1.0
OG_14629	10	12	17	0.9848
OG_14630	15	34	53	1.0
OG_14631	15	31	37	0.8516
OG_14632	13	13	15	1.0
OG_14633	13	13	14	1.0
OG_14634	12	12	19	1.0
OG_14635	15	16	20	1.0
OG_14636	15	19	22	1.0
OG_14637	14	25	32	1.0
OG_14638	15	18	25	1.0
OG_14639	14	17	20	1.0
OG_14640	13	15	19	1.0
OG_14641	12	13	17	1.0
OG_14642	14	21	24	1.0
OG_14643	14	16	18	1.0
OG_14644	14	16	23	0.8667
OG_14645	10	10	16	1.0
OG_14646	12	19	22	1.0
OG_14647	13	14	17	0.8791
OG_14648	14	16	19	1.0
OG_14649	15	15	23	1.0
OG_14650	14	21	27	1.0
OG_14651	13	14	15	1.0
OG_14652	12	12	17	1.0
OG_14653	14	14	21	1.0
OG_14654	15	17	28	1.0
OG_14655	15	15	18	1.0
OG_14656	13	32	52	0.7863
OG_14657	15	18	24	1.0
OG_14658	12	12	20	1.0
OG_14659	13	14	22	1.0
OG_14660	11	11	14	1.0
OG_14661	13	15	20	0.7619
OG_14662	15	15	22	1.0
OG_14663	15	15	20	1.0
OG_14664	15	16	18	0.65
OG_14665	7	12	13	1.0
OG_14666	6	7	8	1.0
OG_14667	13	14	18	0.978
OG_14668	6	6	6	1.0
OG_14669	15	15	17	1.0
OG_14670	15	16	17	1.0
OG_14671	15	18	18	1.0
OG_14672	15	16	20	1.0
OG_14673	12	14	25	0.978
OG_14674	15	16	25	1.0
OG_14675	13	13	14	1.0
OG_14676	15	15	19	1.0
OG_14677	15	17	22	1.0
OG_14678	12	14	19	1.0
OG_14679	15	19	25	0.9708
OG_14680	13	14	20	1.0
OG_14681	15	25	35	1.0
OG_14682	12	12	17	1.0
OG_14683	12	12	14	1.0
OG_14684	15	18	21	1.0
OG_14685	15	29	38	1.0
OG_14686	15	16	24	1.0
OG_14687	15	15	18	1.0
OG_14688	15	15	18	1.0
OG_14689	14	14	28	1.0
OG_14690	15	16	21	1.0
OG_14691	15	15	26	1.0
OG_14692	15	17	23	0.8897
OG_14693	8	10	12	1.0
OG_14694	15	15	20	1.0
OG_14695	15	16	29	1.0
OG_14696	14	14	17	1.0
OG_14697	15	20	23	1.0
OG_14698	15	17	22	1.0
OG_14699	10	12	12	1.0
OG_14700	15	16	31	1.0
OG_14701	15	15	18	1.0
OG_14702	14	14	21	1.0
OG_14703	15	15	18	1.0
OG_14704	15	18	23	1.0
OG_14705	15	16	18	1.0
OG_14706	15	18	27	0.817
OG_14707	12	12	15	1.0
OG_14708	14	19	29	1.0
OG_14709	13	15	16	1.0
OG_14710	10	10	11	1.0
OG_14711	11	13	16	1.0
OG_14712	13	14	16	1.0
OG_14713	15	15	19	1.0
OG_14714	12	13	29	1.0
OG_14715	15	16	20	1.0
OG_14716	10	12	19	1.0
OG_14717	10	63	71	0.6047
OG_14718	15	17	18	1.0
OG_14719	14	16	25	1.0
OG_14720	14	14	23	1.0
OG_14721	14	16	20	1.0
OG_14722	10	10	14	1.0
OG_14723	15	19	23	1.0
OG_14724	3	3	3	1.0
OG_14725	15	15	20	1.0
OG_14726	14	15	16	1.0
OG_14727	15	15	21	1.0
OG_14728	15	15	16	1.0
OG_14729	15	16	18	1.0
OG_14730	12	15	21	1.0
OG_14731	13	13	17	1.0
OG_14732	15	17	24	1.0
OG_14733	15	17	26	1.0
OG_14734	12	14	17	1.0
OG_14735	12	13	23	1.0
OG_14736	14	17	21	1.0
OG_14737	15	16	21	1.0
OG_14738	14	15	20	1.0
OG_14739	14	14	15	1.0
OG_14740	13	16	17	1.0
OG_14741	15	15	18	1.0
OG_14742	11	17	20	1.0
OG_14743	15	15	22	1.0
OG_14744	15	15	18	1.0
OG_14745	14	14	17	1.0
OG_14746	14	14	17	1.0
OG_14747	2	2	2	1.0
OG_14748	13	13	25	1.0
OG_14749	15	15	30	1.0
OG_14750	15	17	34	1.0
OG_14751	15	15	19	1.0
OG_14752	15	23	31	1.0
OG_14753	12	12	12	0.9242
OG_14754	15	15	19	0.981
OG_14755	13	16	16	0.9
OG_14756	11	13	13	0.9487
OG_14757	11	12	15	0.9697
OG_14758	13	15	20	0.8857
OG_14759	2	2	4	1.0
OG_14760	15	15	24	1.0
OG_14761	13	14	21	1.0
OG_14762	15	16	26	1.0
OG_14763	15	15	42	1.0
OG_14764	12	13	21	0.9872
OG_14765	11	11	14	1.0
OG_14766	15	15	28	1.0
OG_14767	13	13	20	1.0
OG_14768	15	18	26	1.0
OG_14769	15	15	15	1.0
OG_14770	15	15	18	1.0
OG_14771	12	17	29	1.0
OG_14772	13	14	17	1.0
OG_14773	14	14	16	1.0
OG_14774	14	15	30	0.9905
OG_14775	15	16	22	1.0
OG_14776	12	15	21	1.0
OG_14777	15	16	19	1.0
OG_14778	12	12	18	1.0
OG_14779	15	16	27	1.0
OG_14780	14	15	20	1.0
OG_14781	13	13	20	1.0
OG_14782	11	11	18	1.0
OG_14783	15	15	24	1.0
OG_14784	15	15	16	1.0
OG_14785	14	15	24	1.0
OG_14786	15	16	16	1.0
OG_14787	14	14	17	1.0
OG_14788	12	14	17	1.0
OG_14789	13	13	15	1.0
OG_14790	12	12	14	1.0
OG_14791	7	17	20	0.7647
OG_14792	8	12	17	1.0
OG_14793	8	13	14	1.0
OG_14794	15	15	19	1.0
OG_14795	14	14	15	1.0
OG_14796	10	12	13	1.0
OG_14797	14	15	24	1.0
OG_14798	15	19	26	1.0
OG_14799	10	12	15	1.0
OG_14800	15	15	26	1.0
OG_14801	15	15	19	1.0
OG_14802	13	14	19	1.0
OG_14803	15	17	32	1.0
OG_14804	14	26	27	0.96
OG_14805	10	10	10	1.0
OG_14806	15	15	17	1.0
OG_14807	14	15	23	0.981
OG_14808	15	15	19	1.0
OG_14809	15	16	20	1.0
OG_14810	15	17	19	1.0
OG_14811	15	15	18	1.0
OG_14812	4	6	13	1.0
OG_14813	11	28	29	1.0
OG_14814	12	14	15	1.0
OG_14815	13	13	20	1.0
OG_14816	15	16	17	1.0
OG_14817	15	16	19	1.0
OG_14818	15	29	36	1.0
OG_14819	15	21	28	0.819
OG_14820	15	17	19	1.0
OG_14821	14	25	33	1.0
OG_14822	14	24	30	0.9529
OG_14823	11	13	20	1.0
OG_14824	15	17	23	1.0
OG_14825	13	16	21	1.0
OG_14826	14	16	23	1.0
OG_14827	9	11	19	1.0
OG_14828	12	12	20	1.0
OG_14829	12	17	25	1.0
OG_14830	14	14	19	1.0
OG_14831	15	29	46	1.0
OG_14832	12	13	15	1.0
OG_14833	12	12	15	1.0
OG_14834	15	16	24	0.9833
OG_14835	4	4	8	1.0
OG_14836	15	18	23	1.0
OG_14837	15	33	41	1.0
OG_14838	12	21	29	0.9429
OG_14839	13	13	14	1.0
OG_14840	10	13	16	1.0
OG_14841	11	14	17	1.0
OG_14842	14	17	25	1.0
OG_14843	15	15	16	1.0
OG_14844	15	16	22	0.8917
OG_14845	12	16	18	1.0
OG_14846	14	17	22	1.0
OG_14847	15	22	37	1.0
OG_14848	15	15	26	1.0
OG_14849	15	21	28	1.0
OG_14850	15	15	16	1.0
OG_14851	14	14	27	1.0
OG_14852	15	15	26	1.0
OG_14853	13	13	21	1.0
OG_14854	9	10	13	0.9778
OG_14855	14	16	34	1.0
OG_14856	15	17	22	1.0
OG_14857	13	13	17	0.859
OG_14858	15	17	20	1.0
OG_14859	14	14	20	1.0
OG_14860	12	12	17	1.0
OG_14861	15	16	28	1.0
OG_14862	14	37	58	1.0
OG_14863	14	14	22	1.0
OG_14864	15	15	25	0.7619
OG_14865	15	16	23	1.0
OG_14866	15	16	21	1.0
OG_14867	15	15	17	1.0
OG_14868	15	16	24	1.0
OG_14869	15	17	31	0.9853
OG_14870	14	14	16	1.0
OG_14871	14	14	32	1.0
OG_14872	15	26	32	1.0
OG_14873	15	16	17	1.0
OG_14874	10	10	13	1.0
OG_14875	15	23	28	1.0
OG_14876	15	20	28	0.8632
OG_14877	15	15	18	1.0
OG_14878	14	22	31	1.0
OG_14879	15	49	63	0.909
OG_14880	15	20	38	1.0
OG_14881	13	13	34	1.0
OG_14882	15	16	18	1.0
OG_14883	15	26	31	1.0
OG_14884	15	15	51	1.0
OG_14885	15	15	26	1.0
OG_14886	13	16	17	1.0
OG_14887	15	15	26	1.0
OG_14888	10	10	11	1.0
OG_14889	15	17	28	0.9779
OG_14890	6	7	9	1.0
OG_14891	11	12	14	1.0
OG_14892	13	13	31	1.0
OG_14893	15	17	24	0.9853
OG_14894	12	23	33	1.0
OG_14895	5	5	5	1.0
OG_14896	12	18	19	1.0
OG_14897	12	23	32	1.0
OG_14898	15	15	23	1.0
OG_14899	15	16	22	1.0
OG_14900	15	17	19	0.9706
OG_14901	12	13	15	1.0
OG_14902	7	14	17	0.956
OG_14903	13	13	14	1.0
OG_14904	14	14	16	1.0
OG_14905	9	13	19	1.0
OG_14906	9	16	18	1.0
OG_14907	9	9	11	1.0
OG_14908	15	17	22	1.0
OG_14909	15	15	22	1.0
OG_14910	15	18	30	0.9739
OG_14911	15	19	31	1.0
OG_14912	15	19	23	1.0
OG_14913	12	12	16	1.0
OG_14914	14	15	17	1.0
OG_14915	15	15	19	1.0
OG_14916	15	27	36	0.9858
OG_14917	15	16	26	1.0
OG_14918	15	15	18	1.0
OG_14919	15	15	23	1.0
OG_14920	12	15	21	1.0
OG_14921	15	15	18	1.0
OG_14922	15	16	18	1.0
OG_14923	15	15	30	1.0
OG_14924	15	16	30	1.0
OG_14925	15	16	26	1.0
OG_14926	15	19	30	1.0
OG_14927	13	14	20	1.0
OG_14928	15	15	26	1.0
OG_14929	13	14	17	1.0
OG_14930	11	11	15	1.0
OG_14931	15	15	18	1.0
OG_14932	15	18	19	1.0
OG_14933	14	34	43	1.0
OG_14934	13	15	35	1.0
OG_14935	13	13	15	1.0
OG_14936	14	18	23	1.0
OG_14937	15	16	17	1.0
OG_14938	15	50	55	1.0
OG_14939	13	13	18	1.0
OG_14940	14	14	21	1.0
OG_14941	12	13	20	0.9872
OG_14942	15	22	23	0.9264
OG_14943	15	16	18	1.0
OG_14944	15	15	20	1.0
OG_14945	12	29	37	1.0
OG_14946	11	17	21	0.8824
OG_14947	15	18	25	1.0
OG_14948	13	13	20	1.0
OG_14949	7	7	11	1.0
OG_14950	15	16	19	1.0
OG_14951	13	13	16	1.0
OG_14952	15	16	19	1.0
OG_14953	15	16	17	1.0
OG_14954	13	13	18	1.0
OG_14955	13	16	23	1.0
OG_14956	15	20	22	1.0
OG_14957	15	18	34	0.902
OG_14958	15	16	24	1.0
OG_14959	13	15	24	1.0
OG_14960	13	15	17	1.0
OG_14961	11	11	13	1.0
OG_14962	15	34	43	1.0
OG_14963	15	18	34	1.0
OG_14964	4	22	24	0.5411
OG_14965	14	19	22	1.0
OG_14966	12	12	15	1.0
OG_14967	15	15	21	1.0
OG_14968	15	15	20	1.0
OG_14969	13	15	28	0.9905
OG_14970	14	17	35	1.0
OG_14971	15	15	24	1.0
OG_14972	13	27	43	1.0
OG_14973	15	16	26	1.0
OG_14974	10	17	24	1.0
OG_14975	15	16	27	1.0
OG_14976	14	18	38	1.0
OG_14977	13	14	20	1.0
OG_14978	2	3	3	1.0
OG_14979	14	14	20	1.0
OG_14980	15	16	16	1.0
OG_14981	15	17	24	1.0
OG_14982	10	31	35	0.9441
OG_14983	9	10	12	1.0
OG_14984	15	15	20	1.0
OG_14985	13	13	14	1.0
OG_14986	15	17	29	1.0
OG_14987	15	15	22	1.0
OG_14988	12	12	18	1.0
OG_14989	15	65	88	0.9702
OG_14990	12	20	25	0.8737
OG_14991	6	13	30	1.0
OG_14992	13	16	18	1.0
OG_14993	15	16	21	1.0
OG_14994	15	17	41	1.0
OG_14995	13	17	22	0.9338
OG_14996	12	12	14	1.0
OG_14997	13	15	23	1.0
OG_14998	12	12	19	1.0
OG_14999	13	14	17	1.0
OG_15000	12	20	30	1.0
OG_15001	12	14	16	1.0
OG_15002	15	15	17	1.0
OG_15003	12	12	22	1.0
OG_15004	10	12	13	1.0
OG_15005	15	17	28	1.0
OG_15006	15	16	30	1.0
OG_15007	15	15	19	1.0
OG_15008	15	15	21	1.0
OG_15009	13	13	16	1.0
OG_15010	10	10	14	1.0
OG_15011	12	12	17	1.0
OG_15012	15	16	22	1.0
OG_15013	14	20	27	1.0
OG_15014	10	10	12	1.0
OG_15015	15	19	24	1.0
OG_15016	12	16	18	1.0
OG_15017	15	21	29	0.9381
OG_15018	14	14	15	1.0
OG_15019	15	16	22	1.0
OG_15020	15	15	18	1.0
OG_15021	15	28	42	0.9312
OG_15022	5	6	10	1.0
OG_15023	15	22	32	1.0
OG_15024	3	3	4	1.0
OG_15025	14	18	28	1.0
OG_15026	14	28	30	1.0
OG_15027	15	17	25	1.0
OG_15028	15	15	16	1.0
OG_15029	15	17	18	1.0
OG_15030	13	13	16	1.0
OG_15031	15	21	35	1.0
OG_15032	15	27	32	0.8234
OG_15033	13	14	37	1.0
OG_15034	10	12	15	1.0
OG_15035	2	3	4	1.0
OG_15036	12	28	35	0.8492
OG_15037	13	14	16	1.0
OG_15038	2	2	3	1.0
OG_15039	15	15	17	1.0
OG_15040	11	11	23	1.0
OG_15041	12	12	12	1.0
OG_15042	14	14	17	1.0
OG_15043	15	38	49	1.0
OG_15044	12	62	72	0.8884
OG_15045	15	18	25	1.0
OG_15046	15	17	17	1.0
OG_15047	15	20	30	0.7421
OG_15048	15	18	19	1.0
OG_15049	15	16	20	1.0
OG_15050	15	16	29	1.0
OG_15051	14	15	18	1.0
OG_15052	15	15	23	1.0
OG_15053	14	14	28	1.0
OG_15054	15	17	23	0.8971
OG_15055	13	15	20	1.0
OG_15056	13	14	17	1.0
OG_15057	15	25	42	1.0
OG_15058	15	17	31	1.0
OG_15059	15	18	21	1.0
OG_15060	15	18	28	1.0
OG_15061	12	12	14	1.0
OG_15062	3	3	3	1.0
OG_15063	7	11	13	1.0
OG_15064	11	11	18	1.0
OG_15065	10	11	14	1.0
OG_15066	4	13	18	0.9615
OG_15067	13	14	18	1.0
OG_15068	15	19	25	1.0
OG_15069	11	12	19	1.0
OG_15070	15	16	20	1.0
OG_15071	10	10	12	0.9778
OG_15072	15	16	22	1.0
OG_15073	15	15	37	1.0
OG_15074	15	17	21	1.0
OG_15075	8	9	10	1.0
OG_15076	10	22	41	0.9351
OG_15077	4	7	11	1.0
OG_15078	15	32	39	0.8831
OG_15079	12	20	39	1.0
OG_15080	15	17	31	1.0
OG_15081	14	14	23	1.0
OG_15082	14	15	18	1.0
OG_15083	14	20	59	0.9158
OG_15084	3	3	3	0.6667
OG_15085	15	17	21	1.0
OG_15086	10	11	13	1.0
OG_15087	2	2	6	1.0
OG_15088	15	15	35	1.0
OG_15089	12	13	19	1.0
OG_15090	12	12	14	1.0
OG_15091	15	21	31	1.0
OG_15092	12	12	13	1.0
OG_15093	15	16	19	1.0
OG_15094	13	13	14	1.0
OG_15095	15	16	20	1.0
OG_15096	15	15	18	1.0
OG_15097	13	13	14	1.0
OG_15098	14	16	27	1.0
OG_15099	14	15	17	1.0
OG_15100	12	13	15	1.0
OG_15101	12	14	16	1.0
OG_15102	15	24	33	0.7138
OG_15103	7	13	14	1.0
OG_15104	13	110	130	0.6974
OG_15105	10	10	12	1.0
OG_15106	12	31	37	0.8688
OG_15107	15	16	18	0.9833
OG_15108	15	20	29	0.9789
OG_15109	14	18	19	0.7647
OG_15110	14	20	41	0.8789
OG_15111	2	5	8	1.0
OG_15112	15	16	30	1.0
OG_15113	13	16	21	1.0
OG_15114	11	16	26	1.0
OG_15115	10	13	18	1.0
OG_15116	13	35	36	0.9983
OG_15117	14	23	28	1.0
OG_15118	4	4	4	1.0
OG_15119	15	15	21	1.0
OG_15120	15	15	38	1.0
OG_15121	15	17	24	1.0
OG_15122	14	16	24	1.0
OG_15123	12	12	16	1.0
OG_15124	15	16	18	1.0
OG_15125	13	24	30	1.0
OG_15126	12	12	12	1.0
OG_15127	5	7	8	0.9048
OG_15128	13	13	30	1.0
OG_15129	15	15	17	1.0
OG_15130	15	39	41	0.942
OG_15131	14	15	16	1.0
OG_15132	14	19	24	1.0
OG_15133	15	16	19	1.0
OG_15134	12	12	13	1.0
OG_15135	7	14	15	1.0
OG_15136	15	16	20	1.0
OG_15137	12	12	23	1.0
OG_15138	14	25	38	1.0
OG_15139	13	13	28	1.0
OG_15140	15	16	23	1.0
OG_15141	15	20	24	0.6684
OG_15142	15	15	19	1.0
OG_15143	15	16	27	0.9917
OG_15144	2	3	5	1.0
OG_15145	15	15	24	1.0
OG_15146	5	9	13	1.0
OG_15147	15	20	27	0.6842
OG_15148	14	24	34	1.0
OG_15149	14	14	18	1.0
OG_15150	13	17	21	1.0
OG_15151	14	39	49	0.9474
OG_15152	13	15	23	1.0
OG_15153	15	21	29	1.0
OG_15154	15	16	36	1.0
OG_15155	15	15	17	1.0
OG_15156	15	18	60	1.0
OG_15157	12	12	13	1.0
OG_15158	13	81	108	0.8975
OG_15159	14	24	27	0.9964
OG_15160	15	17	20	1.0
OG_15161	11	12	18	1.0
OG_15162	15	17	19	1.0
OG_15163	14	24	29	0.9674
OG_15164	12	13	15	1.0
OG_15165	12	13	15	1.0
OG_15166	13	14	18	1.0
OG_15167	15	26	32	0.9969
OG_15168	15	19	22	1.0
OG_15169	10	13	13	1.0
OG_15170	13	13	15	1.0
OG_15171	12	14	23	1.0
OG_15172	11	12	15	1.0
OG_15173	13	13	16	1.0
OG_15174	14	15	18	1.0
OG_15175	15	16	20	1.0
OG_15176	12	12	20	1.0
OG_15177	15	27	41	0.9544
OG_15178	12	12	19	1.0
OG_15179	13	16	19	1.0
OG_15180	15	16	21	1.0
OG_15181	15	16	18	1.0
OG_15182	15	16	21	1.0
OG_15183	15	19	30	0.7836
OG_15184	12	16	21	1.0
OG_15185	11	11	12	1.0
OG_15186	15	15	17	1.0
OG_15187	12	12	25	1.0
OG_15188	14	19	21	0.9825
OG_15189	12	12	17	1.0
OG_15190	10	12	14	0.9697
OG_15191	14	15	18	1.0
OG_15192	13	34	43	0.8467
OG_15193	15	17	24	1.0
OG_15194	13	17	21	1.0
OG_15195	15	23	35	1.0
OG_15196	15	15	20	1.0
OG_15197	4	5	7	1.0
OG_15198	15	17	22	0.9926
OG_15199	13	14	18	1.0
OG_15200	12	14	24	1.0
OG_15201	14	20	29	1.0
OG_15202	15	17	23	1.0
OG_15203	15	32	38	1.0
OG_15204	15	16	17	1.0
OG_15205	15	15	23	1.0
OG_15206	13	13	28	1.0
OG_15207	15	18	24	1.0
OG_15208	11	11	24	1.0
OG_15209	15	17	23	1.0
OG_15210	12	13	14	1.0
OG_15211	3	4	4	1.0
OG_15212	12	12	16	1.0
OG_15213	2	2	2	1.0
OG_15214	13	13	17	1.0
OG_15215	15	16	16	1.0
OG_15216	14	23	30	0.7391
OG_15217	14	15	21	1.0
OG_15218	15	18	29	1.0
OG_15219	12	15	19	0.9619
OG_15220	12	17	25	1.0
OG_15221	12	12	15	1.0
OG_15222	15	17	23	1.0
OG_15223	13	13	16	1.0
OG_15224	15	15	17	1.0
OG_15225	15	17	21	1.0
OG_15226	15	17	24	1.0
OG_15227	15	15	18	1.0
OG_15228	13	22	28	0.9913
OG_15229	15	15	25	1.0
OG_15230	13	16	26	0.9417
OG_15231	15	19	20	1.0
OG_15232	13	13	23	1.0
OG_15233	15	15	20	1.0
OG_15234	15	15	18	1.0
OG_15235	15	28	49	1.0
OG_15236	15	15	26	1.0
OG_15237	15	47	72	0.9981
OG_15238	10	14	16	1.0
OG_15239	14	14	20	1.0
OG_15240	15	17	31	0.8015
OG_15241	15	16	17	1.0
OG_15242	13	13	16	1.0
OG_15243	14	21	27	1.0
OG_15244	13	14	29	1.0
OG_15245	15	21	27	0.6619
OG_15246	13	17	19	1.0
OG_15247	15	16	18	1.0
OG_15248	15	18	23	1.0
OG_15249	15	15	16	1.0
OG_15250	11	11	19	1.0
OG_15251	10	10	13	1.0
OG_15252	11	11	15	1.0
OG_15253	8	17	19	1.0
OG_15254	15	15	16	1.0
OG_15255	15	15	20	1.0
OG_15256	14	19	23	0.8596
OG_15257	2	2	3	1.0
OG_15258	14	17	23	1.0
OG_15259	14	14	19	1.0
OG_15260	14	23	25	1.0
OG_15261	15	18	25	1.0
OG_15262	12	13	20	1.0
OG_15263	12	14	19	1.0
OG_15264	15	15	15	1.0
OG_15265	15	15	19	1.0
OG_15266	15	16	17	1.0
OG_15267	12	14	21	1.0
OG_15268	15	17	21	1.0
OG_15269	15	15	22	1.0
OG_15270	12	12	15	1.0
OG_15271	15	18	34	1.0
OG_15272	12	12	14	1.0
OG_15273	14	17	23	0.8676
OG_15274	13	13	25	1.0
OG_15275	15	16	19	1.0
OG_15276	15	17	29	1.0
OG_15277	15	38	65	1.0
OG_15278	12	12	25	1.0
OG_15279	15	17	22	1.0
OG_15280	15	19	20	0.807
OG_15281	12	12	17	1.0
OG_15282	12	14	22	1.0
OG_15283	13	14	19	1.0
OG_15284	14	15	19	1.0
OG_15285	15	16	19	1.0
OG_15286	14	27	34	0.9943
OG_15287	15	28	32	1.0
OG_15288	14	15	21	1.0
OG_15289	9	9	13	1.0
OG_15290	10	10	12	1.0
OG_15291	13	39	48	0.9501
OG_15292	15	45	65	1.0
OG_15293	13	13	15	1.0
OG_15294	12	12	13	1.0
OG_15295	15	15	16	1.0
OG_15296	6	7	10	1.0
OG_15297	14	14	15	1.0
OG_15298	15	16	21	1.0
OG_15299	14	14	25	1.0
OG_15300	2	2	2	1.0
OG_15301	14	14	18	1.0
OG_15302	15	17	23	0.9853
OG_15303	12	15	25	1.0
OG_15304	14	14	23	1.0
OG_15305	13	13	20	1.0
OG_15306	15	16	17	1.0
OG_15307	14	14	14	1.0
OG_15308	13	13	17	1.0
OG_15309	4	7	8	1.0
OG_15310	12	12	14	1.0
OG_15311	14	14	20	1.0
OG_15312	12	13	19	1.0
OG_15313	15	15	15	1.0
OG_15314	15	15	15	1.0
OG_15315	15	16	16	0.9917
OG_15316	15	16	17	1.0
OG_15317	14	15	18	1.0
OG_15318	14	14	16	1.0
OG_15319	14	15	16	1.0
OG_15320	11	12	13	1.0
OG_15321	15	15	18	1.0
OG_15322	15	28	32	0.9683
OG_15323	14	18	19	1.0
OG_15324	14	15	15	1.0
OG_15325	15	16	21	1.0
OG_15326	10	16	16	1.0
OG_15327	7	7	7	1.0
OG_15328	9	10	11	1.0
OG_15329	12	15	17	0.9619
OG_15330	15	15	17	1.0
OG_15331	12	15	15	1.0
OG_15332	12	12	14	1.0
OG_15333	15	15	16	1.0
OG_15334	12	13	14	1.0
OG_15335	2	2	2	1.0
OG_15336	13	13	14	1.0
OG_15337	13	16	23	1.0
OG_15338	15	17	19	1.0
OG_15339	15	15	17	1.0
OG_15340	12	13	18	1.0
OG_15341	14	14	16	1.0
OG_15342	11	11	12	1.0
OG_15343	15	15	17	1.0
OG_15344	15	15	17	1.0
OG_15345	12	12	13	1.0
OG_15346	15	33	37	1.0
OG_15347	15	18	22	1.0
OG_15348	13	15	15	1.0
OG_15349	15	15	16	1.0
OG_15350	12	14	20	1.0
OG_15351	15	15	16	1.0
OG_15352	13	13	13	0.7051
OG_15353	15	15	19	1.0
OG_15354	14	16	17	1.0
OG_15355	13	15	16	1.0
OG_15356	12	13	16	1.0
OG_15357	7	23	27	0.8142
OG_15358	11	11	14	1.0
OG_15359	8	8	9	1.0
OG_15360	15	19	22	1.0
OG_15361	15	18	26	0.8431
OG_15362	12	16	19	1.0
OG_15363	12	13	15	1.0
OG_15364	14	14	14	1.0
OG_15365	12	13	13	1.0
OG_15366	15	15	21	1.0
OG_15367	15	16	17	1.0
OG_15368	12	12	13	1.0
OG_15369	10	10	11	1.0
OG_15370	12	13	14	1.0
OG_15371	11	16	16	1.0
OG_15372	7	10	10	1.0
OG_15373	15	15	16	1.0
OG_15374	13	13	17	1.0
OG_15375	15	15	16	1.0
OG_15376	2	2	2	1.0
OG_15377	15	19	20	1.0
OG_15378	13	14	15	1.0
OG_15379	2	3	3	1.0
OG_15380	15	15	18	1.0
OG_15381	15	15	20	1.0
OG_15382	7	8	8	1.0
OG_15383	15	15	15	1.0
OG_15384	12	13	13	1.0
OG_15385	15	16	17	1.0
OG_15386	10	10	10	1.0
OG_15387	13	14	14	1.0
OG_15388	13	13	13	1.0
OG_15389	12	12	12	1.0
OG_15390	2	2	2	1.0
OG_15391	7	10	14	1.0
OG_15392	13	14	14	1.0
OG_15393	15	15	17	1.0
OG_15394	2	2	2	1.0
OG_15395	14	14	18	1.0
OG_15396	3	4	4	1.0
OG_15397	15	15	20	1.0
OG_15398	15	27	27	1.0
OG_15399	12	15	15	1.0
OG_15400	5	9	10	1.0
OG_15401	15	15	19	1.0
OG_15402	13	15	17	1.0
OG_15403	10	11	11	0.9636
OG_15404	12	16	17	1.0
OG_15405	15	16	19	1.0
OG_15406	10	10	12	1.0
OG_15407	13	13	13	1.0
OG_15408	15	15	17	1.0
OG_15409	14	14	15	0.9451
OG_15410	15	15	19	1.0
OG_15411	13	14	24	0.8681
OG_15412	15	18	19	1.0
OG_15413	15	17	20	1.0
OG_15414	13	16	27	1.0
OG_15415	15	15	16	1.0
OG_15416	9	12	16	0.8636
OG_15417	15	19	19	1.0
OG_15418	15	16	17	1.0
OG_15419	12	12	12	1.0
OG_15420	15	18	22	1.0
OG_15421	4	5	5	1.0
OG_15422	13	13	14	1.0
OG_15423	14	14	14	1.0
OG_15424	15	15	20	1.0
OG_15425	11	11	13	1.0
OG_15426	14	15	16	1.0
OG_15427	12	13	13	1.0
OG_15428	12	12	12	1.0
OG_15429	15	15	15	1.0
OG_15430	13	13	13	1.0
OG_15431	15	21	25	1.0
OG_15432	12	12	12	1.0
OG_15433	3	6	7	0.7333
OG_15434	14	14	14	1.0
OG_15435	15	17	20	1.0
OG_15436	15	18	19	1.0
OG_15437	15	15	15	1.0
OG_15438	15	16	16	1.0
OG_15439	15	16	21	1.0
OG_15440	13	13	17	1.0
OG_15441	2	2	2	1.0
OG_15442	14	16	19	1.0
OG_15443	14	16	16	1.0
OG_15444	10	10	15	1.0
OG_15445	14	15	17	1.0
OG_15446	15	18	23	1.0
OG_15447	14	14	14	1.0
OG_15448	15	15	15	1.0
OG_15449	14	14	18	1.0
OG_15450	10	11	13	1.0
OG_15451	15	16	17	1.0
OG_15452	15	56	57	0.9831
OG_15453	14	16	19	1.0
OG_15454	12	13	15	1.0
OG_15455	14	15	16	1.0
OG_15456	2	2	2	1.0
OG_15457	15	15	17	1.0
OG_15458	14	17	18	1.0
OG_15459	15	15	17	1.0
OG_15460	15	17	18	0.9853
OG_15461	15	26	30	1.0
OG_15462	12	14	14	1.0
OG_15463	7	12	14	1.0
OG_15464	2	2	2	1.0
OG_15465	14	15	23	1.0
OG_15466	15	16	18	1.0
OG_15467	10	11	11	1.0
OG_15468	15	17	20	1.0
OG_15469	12	13	13	1.0
OG_15470	15	15	15	1.0
OG_15471	15	15	16	1.0
OG_15472	15	29	42	0.9828
OG_15473	12	12	13	1.0
OG_15474	10	11	14	1.0
OG_15475	13	13	15	1.0
OG_15476	12	13	13	1.0
OG_15477	15	16	17	1.0
OG_15478	14	14	19	1.0
OG_15479	15	16	20	1.0
OG_15480	13	24	27	1.0
OG_15481	14	38	39	0.9303
OG_15482	13	14	14	1.0
OG_15483	15	17	17	1.0
OG_15484	13	25	26	1.0
OG_15485	14	24	30	1.0
OG_15486	15	15	23	1.0
OG_15487	15	15	16	1.0
OG_15488	14	14	15	1.0
OG_15489	14	15	16	1.0
OG_15490	11	12	13	1.0
OG_15491	12	28	30	0.881
OG_15492	15	16	19	1.0
OG_15493	14	15	18	1.0
OG_15494	14	14	16	1.0
OG_15495	12	13	13	1.0
OG_15496	15	15	16	1.0
OG_15497	12	12	12	1.0
OG_15498	13	13	15	1.0
OG_15499	13	13	15	1.0
OG_15500	2	2	2	1.0
OG_15501	15	15	23	1.0
OG_15502	15	15	15	1.0
OG_15503	15	16	21	1.0
OG_15504	15	15	15	1.0
OG_15505	14	14	18	1.0
OG_15506	13	19	21	1.0
OG_15507	15	17	21	1.0
OG_15508	11	13	13	1.0
OG_15509	12	12	12	1.0
OG_15510	12	15	20	1.0
OG_15511	12	12	16	1.0
OG_15512	9	9	10	1.0
OG_15513	15	16	20	0.95
OG_15514	11	14	14	0.967
OG_15515	13	15	21	0.8952
OG_15516	15	15	16	1.0
OG_15517	15	16	16	1.0
OG_15518	11	11	13	1.0
OG_15519	15	18	20	1.0
OG_15520	13	14	14	1.0
OG_15521	15	15	16	1.0
OG_15522	8	10	11	1.0
OG_15523	13	13	13	1.0
OG_15524	15	16	16	1.0
OG_15525	15	16	18	1.0
OG_15526	15	23	23	1.0
OG_15527	13	13	15	1.0
OG_15528	2	2	5	1.0
OG_15529	15	15	18	1.0
OG_15530	13	13	18	1.0
OG_15531	15	15	17	1.0
OG_15532	14	15	15	1.0
OG_15533	9	14	17	0.8571
OG_15534	15	15	15	1.0
OG_15535	12	13	18	1.0
OG_15536	15	17	17	1.0
OG_15537	14	14	14	1.0
OG_15538	14	15	16	1.0
OG_15539	15	15	16	1.0
OG_15540	15	17	18	1.0
OG_15541	15	17	18	1.0
OG_15542	15	16	16	1.0
OG_15543	14	24	29	1.0
OG_15544	12	16	25	1.0
OG_15545	15	15	17	1.0
OG_15546	12	12	12	1.0
OG_15547	14	14	16	1.0
OG_15548	15	16	18	1.0
OG_15549	14	14	15	0.7033
OG_15550	14	14	14	1.0
OG_15551	13	14	16	1.0
OG_15552	15	15	15	1.0
OG_15553	15	15	15	1.0
OG_15554	13	16	18	1.0
OG_15555	11	12	12	1.0
OG_15556	15	16	19	1.0
OG_15557	11	11	11	1.0
OG_15558	8	8	8	1.0
OG_15559	15	22	22	1.0
OG_15560	10	11	16	1.0
OG_15561	12	12	15	1.0
OG_15562	15	15	17	1.0
OG_15563	15	15	17	1.0
OG_15564	15	16	16	1.0
OG_15565	10	14	16	1.0
OG_15566	15	17	18	1.0
OG_15567	14	21	25	1.0
OG_15568	15	16	18	1.0
OG_15569	15	15	15	1.0
OG_15570	15	15	15	1.0
OG_15571	13	14	14	1.0
OG_15572	15	15	16	1.0
OG_15573	15	16	18	1.0
OG_15574	12	12	13	1.0
OG_15575	15	20	28	0.7105
OG_15576	13	13	16	1.0
OG_15577	15	16	17	1.0
OG_15578	15	16	30	1.0
OG_15579	10	11	12	1.0
OG_15580	4	6	8	1.0
OG_15581	12	12	14	1.0
OG_15582	9	9	9	1.0
OG_15583	9	18	21	0.9739
OG_15584	14	15	16	1.0
OG_15585	2	2	2	1.0
OG_15586	12	12	13	1.0
OG_15587	13	15	16	1.0
OG_15588	14	14	14	1.0
OG_15589	15	15	15	1.0
OG_15590	15	15	19	1.0
OG_15591	15	15	19	1.0
OG_15592	8	9	9	1.0
OG_15593	8	8	8	1.0
OG_15594	11	14	15	1.0
OG_15595	15	16	19	1.0
OG_15596	12	17	21	0.9191
OG_15597	13	13	14	1.0
OG_15598	15	16	17	1.0
OG_15599	15	15	16	1.0
OG_15600	14	15	18	1.0
OG_15601	15	15	15	0.9905
OG_15602	14	16	17	1.0
OG_15603	2	2	3	1.0
OG_15604	13	13	17	1.0
OG_15605	13	13	17	1.0
OG_15606	15	18	23	1.0
OG_15607	15	16	17	1.0
OG_15608	15	16	21	1.0
OG_15609	12	56	66	0.987
OG_15610	11	11	11	1.0
OG_15611	2	3	3	1.0
OG_15612	15	15	15	1.0
OG_15613	15	15	15	1.0
OG_15614	12	14	14	1.0
OG_15615	15	18	20	1.0
OG_15616	15	16	19	1.0
OG_15617	11	13	15	1.0
OG_15618	13	13	22	1.0
OG_15619	15	19	25	1.0
OG_15620	15	25	25	1.0
OG_15621	14	15	16	1.0
OG_15622	12	12	12	1.0
OG_15623	15	15	17	1.0
OG_15624	14	14	15	1.0
OG_15625	15	18	18	1.0
OG_15626	15	18	20	0.9869
OG_15627	15	39	42	0.8785
OG_15628	14	15	16	1.0
OG_15629	15	15	16	1.0
OG_15630	15	15	17	1.0
OG_15631	15	16	16	1.0
OG_15632	15	23	24	1.0
OG_15633	3	4	4	1.0
OG_15634	12	12	12	1.0
OG_15635	2	2	2	1.0
OG_15636	9	13	16	1.0
OG_15637	14	54	69	0.8721
OG_15638	13	19	19	1.0
OG_15639	13	14	14	1.0
OG_15640	15	19	23	1.0
OG_15641	9	9	9	1.0
OG_15642	13	15	18	0.9524
OG_15643	15	20	22	1.0
OG_15644	13	14	15	1.0
OG_15645	14	19	26	1.0
OG_15646	15	18	19	0.8824
OG_15647	15	16	17	1.0
OG_15648	15	15	15	1.0
OG_15649	15	18	18	1.0
OG_15650	15	15	16	1.0
OG_15651	15	20	21	1.0
OG_15652	5	9	10	1.0
OG_15653	15	26	28	0.8492
OG_15654	15	16	17	1.0
OG_15655	14	14	19	1.0
OG_15656	13	14	14	1.0
OG_15657	15	21	24	1.0
OG_15658	15	18	23	1.0
OG_15659	15	15	17	1.0
OG_15660	14	20	22	0.9
OG_15661	13	25	25	1.0
OG_15662	12	12	15	1.0
OG_15663	15	17	20	1.0
OG_15664	11	11	12	1.0
OG_15665	11	11	21	1.0
OG_15666	14	16	16	1.0
OG_15667	13	15	16	0.981
OG_15668	14	15	17	1.0
OG_15669	15	15	15	1.0
OG_15670	14	17	18	1.0
OG_15671	13	16	18	1.0
OG_15672	10	10	11	1.0
OG_15673	15	16	20	1.0
OG_15674	15	16	23	1.0
OG_15675	10	10	10	1.0
OG_15676	15	18	21	1.0
OG_15677	15	15	18	1.0
OG_15678	10	10	10	1.0
OG_15679	12	13	13	1.0
OG_15680	15	19	21	1.0
OG_15681	12	14	17	1.0
OG_15682	12	13	15	1.0
OG_15683	15	15	17	1.0
OG_15684	15	17	17	1.0
OG_15685	14	14	21	1.0
OG_15686	13	14	14	1.0
OG_15687	13	29	37	1.0
OG_15688	14	25	29	1.0
OG_15689	2	5	7	0.9
OG_15690	13	13	13	1.0
OG_15691	15	17	20	1.0
OG_15692	9	9	9	1.0
OG_15693	15	18	20	1.0
OG_15694	12	13	13	1.0
OG_15695	14	20	20	1.0
OG_15696	14	14	14	1.0
OG_15697	14	17	23	1.0
OG_15698	14	14	19	1.0
OG_15699	4	14	21	1.0
OG_15700	15	28	30	0.955
OG_15701	14	16	22	0.95
OG_15702	15	17	19	1.0
OG_15703	15	17	18	1.0
OG_15704	15	22	27	1.0
OG_15705	13	13	20	1.0
OG_15706	15	15	18	1.0
OG_15707	14	14	15	1.0
OG_15708	15	15	22	1.0
OG_15709	15	15	16	1.0
OG_15710	13	13	13	1.0
OG_15711	15	15	16	1.0
OG_15712	14	34	35	1.0
OG_15713	15	15	21	1.0
OG_15714	15	17	21	1.0
OG_15715	15	16	24	1.0
OG_15716	15	16	22	1.0
OG_15717	6	11	12	1.0
OG_15718	12	13	14	1.0
OG_15719	3	3	3	1.0
OG_15720	9	10	10	0.9556
OG_15721	12	19	23	1.0
OG_15722	13	46	54	1.0
OG_15723	4	4	4	1.0
OG_15724	10	12	16	1.0
OG_15725	15	21	21	1.0
OG_15726	15	15	15	1.0
OG_15727	15	18	19	1.0
OG_15728	10	10	10	1.0
OG_15729	15	16	19	1.0
OG_15730	15	17	19	1.0
OG_15731	10	10	11	1.0
OG_15732	15	15	17	1.0
OG_15733	10	11	13	0.8909
OG_15734	2	2	2	1.0
OG_15735	11	13	20	1.0
OG_15736	14	19	19	1.0
OG_15737	13	14	14	1.0
OG_15738	11	11	11	1.0
OG_15739	9	9	9	1.0
OG_15740	13	15	15	1.0
OG_15741	15	16	16	1.0
OG_15742	13	14	14	1.0
OG_15743	15	15	18	1.0
OG_15744	14	14	17	1.0
OG_15745	12	12	14	1.0
OG_15746	15	16	19	1.0
OG_15747	15	17	20	1.0
OG_15748	12	14	15	1.0
OG_15749	15	18	23	1.0
OG_15750	13	13	13	1.0
OG_15751	15	15	18	1.0
OG_15752	15	18	19	0.9542
OG_15753	15	16	17	1.0
OG_15754	15	21	24	1.0
OG_15755	14	14	17	1.0
OG_15756	11	18	20	1.0
OG_15757	13	13	14	1.0
OG_15758	15	16	16	1.0
OG_15759	14	14	16	1.0
OG_15760	15	18	22	1.0
OG_15761	12	13	18	1.0
OG_15762	13	15	15	1.0
OG_15763	15	16	16	1.0
OG_15764	12	12	12	1.0
OG_15765	12	13	14	1.0
OG_15766	5	6	6	1.0
OG_15767	4	9	9	1.0
OG_15768	15	15	17	1.0
OG_15769	13	13	15	1.0
OG_15770	13	13	17	1.0
OG_15771	10	11	11	1.0
OG_15772	14	14	16	1.0
OG_15773	13	13	13	1.0
OG_15774	14	15	22	1.0
OG_15775	8	10	11	1.0
OG_15776	14	14	15	1.0
OG_15777	14	15	16	0.8571
OG_15778	8	10	10	1.0
OG_15779	15	17	38	1.0
OG_15780	12	14	16	1.0
OG_15781	15	15	17	1.0
OG_15782	14	14	18	1.0
OG_15783	14	16	16	1.0
OG_15784	10	10	11	1.0
OG_15785	5	7	7	1.0
OG_15786	2	3	3	1.0
OG_15787	12	12	12	1.0
OG_15788	12	14	14	1.0
OG_15789	15	17	22	1.0
OG_15790	14	16	16	1.0
OG_15791	15	15	16	0.9524
OG_15792	15	16	19	1.0
OG_15793	15	16	16	1.0
OG_15794	12	12	12	1.0
OG_15795	15	16	16	1.0
OG_15796	15	15	16	1.0
OG_15797	14	15	21	1.0
OG_15798	15	15	15	1.0
OG_15799	14	15	15	1.0
OG_15800	11	14	17	1.0
OG_15801	13	17	17	0.9632
OG_15802	12	12	12	1.0
OG_15803	15	19	21	0.9825
OG_15804	15	15	18	1.0
OG_15805	13	13	17	1.0
OG_15806	15	16	17	1.0
OG_15807	14	14	14	1.0
OG_15808	10	11	11	1.0
OG_15809	15	16	17	1.0
OG_15810	15	17	18	1.0
OG_15811	15	16	18	1.0
OG_15812	15	20	27	1.0
OG_15813	15	16	16	1.0
OG_15814	15	16	19	1.0
OG_15815	13	15	15	1.0
OG_15816	15	18	22	0.8954
OG_15817	15	16	19	1.0
OG_15818	15	16	16	1.0
OG_15819	15	16	17	1.0
OG_15820	14	15	21	1.0
OG_15821	9	9	9	1.0
OG_15822	15	17	21	1.0
OG_15823	11	11	11	1.0
OG_15824	10	28	30	1.0
OG_15825	2	2	2	1.0
OG_15826	15	15	17	1.0
OG_15827	15	16	16	1.0
OG_15828	4	5	6	1.0
OG_15829	15	27	28	0.9658
OG_15830	14	14	15	1.0
OG_15831	15	16	23	1.0
OG_15832	14	14	17	1.0
OG_15833	13	13	13	0.859
OG_15834	14	28	34	0.8862
OG_15835	14	14	18	1.0
OG_15836	12	12	12	1.0
OG_15837	15	15	16	1.0
OG_15838	12	23	23	1.0
OG_15839	15	16	22	1.0
OG_15840	3	5	5	1.0
OG_15841	12	14	15	0.978
OG_15842	2	2	3	1.0
OG_15843	15	16	20	1.0
OG_15844	15	15	15	1.0
OG_15845	14	15	18	1.0
OG_15846	2	2	2	1.0
OG_15847	15	15	16	1.0
OG_15848	14	15	20	1.0
OG_15849	12	17	17	1.0
OG_15850	14	20	27	0.8632
OG_15851	15	18	18	1.0
OG_15852	15	20	25	1.0
OG_15853	15	15	16	1.0
OG_15854	14	14	18	1.0
OG_15855	13	14	18	1.0
OG_15856	14	15	15	1.0
OG_15857	15	15	15	1.0
OG_15858	14	14	14	1.0
OG_15859	14	14	14	1.0
OG_15860	14	15	17	1.0
OG_15861	3	5	5	1.0
OG_15862	15	16	16	1.0
OG_15863	15	17	20	1.0
OG_15864	7	7	8	1.0
OG_15865	10	18	19	1.0
OG_15866	14	20	20	1.0
OG_15867	15	17	17	1.0
OG_15868	3	3	3	1.0
OG_15869	11	15	21	1.0
OG_15870	9	10	11	1.0
OG_15871	14	15	15	1.0
OG_15872	8	9	9	1.0
OG_15873	15	18	22	1.0
OG_15874	12	13	14	1.0
OG_15875	15	16	16	1.0
OG_15876	13	13	20	1.0
OG_15877	14	15	15	1.0
OG_15878	3	10	10	1.0
OG_15879	14	15	16	1.0
OG_15880	12	13	13	1.0
OG_15881	2	2	2	1.0
OG_15882	15	15	15	1.0
OG_15883	5	5	5	1.0
OG_15884	12	17	25	0.8897
OG_15885	15	15	18	1.0
OG_15886	8	9	9	1.0
OG_15887	15	15	19	1.0
OG_15888	12	12	12	1.0
OG_15889	4	4	4	1.0
OG_15890	13	13	15	1.0
OG_15891	15	17	18	1.0
OG_15892	15	15	18	0.6762
OG_15893	14	15	15	1.0
OG_15894	14	15	17	1.0
OG_15895	14	14	15	0.989
OG_15896	15	17	18	1.0
OG_15897	12	15	15	1.0
OG_15898	10	11	13	1.0
OG_15899	9	10	10	1.0
OG_15900	11	11	11	1.0
OG_15901	14	15	16	1.0
OG_15902	2	2	2	1.0
OG_15903	15	19	23	1.0
OG_15904	6	9	9	1.0
OG_15905	15	19	23	1.0
OG_15906	15	16	16	1.0
OG_15907	14	15	16	1.0
OG_15908	15	15	20	1.0
OG_15909	15	15	19	1.0
OG_15910	15	15	17	1.0
OG_15911	15	15	16	1.0
OG_15912	11	11	12	1.0
OG_15913	12	12	12	1.0
OG_15914	15	19	21	1.0
OG_15915	15	15	17	1.0
OG_15916	15	18	19	0.9346
OG_15917	15	18	23	0.9412
OG_15918	11	12	13	1.0
OG_15919	15	16	18	1.0
OG_15920	13	13	14	1.0
OG_15921	15	15	16	1.0
OG_15922	15	16	18	1.0
OG_15923	10	10	10	1.0
OG_15924	2	2	2	1.0
OG_15925	15	15	16	1.0
OG_15926	14	14	15	1.0
OG_15927	14	16	16	1.0
OG_15928	15	19	21	1.0
OG_15929	15	15	15	1.0
OG_15930	15	15	16	1.0
OG_15931	12	13	18	1.0
OG_15932	14	14	17	1.0
OG_15933	15	21	23	1.0
OG_15934	14	14	16	1.0
OG_15935	15	15	16	1.0
OG_15936	14	17	18	1.0
OG_15937	15	30	35	1.0
OG_15938	11	11	14	1.0
OG_15939	15	16	16	1.0
OG_15940	13	13	13	1.0
OG_15941	10	20	38	1.0
OG_15942	15	16	18	1.0
OG_15943	11	11	11	1.0
OG_15944	9	9	10	1.0
OG_15945	13	15	16	1.0
OG_15946	15	15	17	1.0
OG_15947	15	17	22	1.0
OG_15948	13	14	15	1.0
OG_15949	4	4	5	1.0
OG_15950	5	6	7	1.0
OG_15951	15	17	18	1.0
OG_15952	13	13	16	1.0
OG_15953	12	13	16	1.0
OG_15954	15	15	18	1.0
OG_15955	15	15	17	1.0
OG_15956	14	14	15	1.0
OG_15957	11	20	24	0.9421
OG_15958	15	16	19	0.9667
OG_15959	14	14	16	1.0
OG_15960	15	18	24	1.0
OG_15961	15	16	16	1.0
OG_15962	15	15	20	1.0
OG_15963	15	15	18	1.0
OG_15964	15	16	18	1.0
OG_15965	13	13	16	1.0
OG_15966	12	12	12	1.0
OG_15967	15	15	15	1.0
OG_15968	15	17	25	1.0
OG_15969	13	13	15	1.0
OG_15970	12	21	22	0.8762
OG_15971	15	16	19	1.0
OG_15972	14	14	19	1.0
OG_15973	14	16	21	1.0
OG_15974	11	15	16	1.0
OG_15975	15	30	32	1.0
OG_15976	15	15	18	1.0
OG_15977	15	16	17	1.0
OG_15978	14	15	16	1.0
OG_15979	10	11	14	1.0
OG_15980	15	16	17	1.0
OG_15981	14	15	16	1.0
OG_15982	4	4	4	1.0
OG_15983	15	16	24	1.0
OG_15984	12	16	16	1.0
OG_15985	13	13	17	1.0
OG_15986	14	18	18	1.0
OG_15987	14	14	16	1.0
OG_15988	7	8	8	1.0
OG_15989	15	15	16	1.0
OG_15990	10	15	15	1.0
OG_15991	9	9	9	1.0
OG_15992	4	4	4	1.0
OG_15993	15	15	17	1.0
OG_15994	11	11	11	1.0
OG_15995	13	15	16	1.0
OG_15996	10	12	13	1.0
OG_15997	9	10	11	1.0
OG_15998	15	15	17	1.0
OG_15999	15	17	19	1.0
OG_16000	15	18	23	1.0
OG_16001	14	15	18	1.0
OG_16002	5	7	10	1.0
OG_16003	15	16	18	1.0
OG_16004	14	14	14	1.0
OG_16005	7	8	8	0.8214
OG_16006	6	6	6	1.0
OG_16007	6	7	8	0.9048
OG_16008	9	9	9	1.0
OG_16009	15	15	18	1.0
OG_16010	14	14	14	1.0
OG_16011	15	17	17	1.0
OG_16012	15	15	15	1.0
OG_16013	11	21	24	1.0
OG_16014	10	10	10	1.0
OG_16015	13	25	27	1.0
OG_16016	15	15	27	1.0
OG_16017	15	15	16	1.0
OG_16018	14	14	20	1.0
OG_16019	14	14	15	1.0
OG_16020	14	22	23	1.0
OG_16021	13	14	17	1.0
OG_16022	15	15	17	1.0
OG_16023	15	15	16	1.0
OG_16024	15	16	19	1.0
OG_16025	15	21	25	1.0
OG_16026	10	10	11	1.0
OG_16027	13	13	20	1.0
OG_16028	13	16	16	1.0
OG_16029	11	11	11	1.0
OG_16030	15	15	15	1.0
OG_16031	15	15	19	1.0
OG_16032	15	18	20	1.0
OG_16033	15	17	19	0.875
OG_16034	14	14	24	1.0
OG_16035	15	16	16	1.0
OG_16036	15	18	18	1.0
OG_16037	12	13	13	1.0
OG_16038	11	21	22	0.7667
OG_16039	15	15	17	1.0
OG_16040	15	16	22	1.0
OG_16041	15	16	17	1.0
OG_16042	13	13	13	1.0
OG_16043	15	15	18	1.0
OG_16044	15	18	22	1.0
OG_16045	15	15	19	1.0
OG_16046	13	14	19	0.7582
OG_16047	13	13	13	1.0
OG_16048	14	15	16	1.0
OG_16049	12	14	18	1.0
OG_16050	14	24	31	1.0
OG_16051	15	15	17	1.0
OG_16052	14	14	20	1.0
OG_16053	13	14	14	1.0
OG_16054	15	15	18	1.0
OG_16055	15	19	26	0.9766
OG_16056	14	16	16	1.0
OG_16057	11	12	12	1.0
OG_16058	15	16	17	1.0
OG_16059	8	8	9	1.0
OG_16060	15	15	16	1.0
OG_16061	11	11	11	1.0
OG_16062	15	30	37	1.0
OG_16063	12	12	13	1.0
OG_16064	15	20	20	0.8947
OG_16065	15	15	19	1.0
OG_16066	12	15	16	0.9619
OG_16067	15	17	18	1.0
OG_16068	13	20	22	1.0
OG_16069	13	23	25	1.0
OG_16070	15	16	17	1.0
OG_16071	15	17	17	1.0
OG_16072	13	14	17	1.0
OG_16073	12	20	20	0.9895
OG_16074	15	15	16	1.0
OG_16075	15	15	16	1.0
OG_16076	15	15	17	1.0
OG_16077	15	15	15	1.0
OG_16078	15	16	17	1.0
OG_16079	15	16	17	1.0
OG_16080	12	13	14	1.0
OG_16081	14	14	15	1.0
OG_16082	14	29	37	0.9975
OG_16083	14	14	14	1.0
OG_16084	12	13	15	0.9872
OG_16085	15	21	23	0.9524
OG_16086	15	17	18	1.0
OG_16087	15	19	24	1.0
OG_16088	13	15	17	0.9905
OG_16089	8	8	8	1.0
OG_16090	14	14	15	1.0
OG_16091	15	19	19	1.0
OG_16092	15	15	20	1.0
OG_16093	15	15	16	1.0
OG_16094	15	17	18	1.0
OG_16095	15	17	22	1.0
OG_16096	15	15	16	1.0
OG_16097	15	15	15	1.0
OG_16098	14	15	15	1.0
OG_16099	14	14	14	1.0
OG_16100	13	14	16	1.0
OG_16101	11	11	13	1.0
OG_16102	15	16	16	1.0
OG_16103	11	11	12	1.0
OG_16104	15	15	17	1.0
OG_16105	15	15	19	1.0
OG_16106	12	12	13	1.0
OG_16107	15	15	16	1.0
OG_16108	10	10	12	1.0
OG_16109	15	15	17	1.0
OG_16110	15	15	15	1.0
OG_16111	2	2	9	1.0
OG_16112	15	16	17	1.0
OG_16113	15	15	16	1.0
OG_16114	15	18	22	1.0
OG_16115	12	26	27	1.0
OG_16116	15	15	15	1.0
OG_16117	15	16	19	1.0
OG_16118	14	14	16	1.0
OG_16119	14	15	18	1.0
OG_16120	15	15	20	1.0
OG_16121	13	14	18	1.0
OG_16122	9	9	9	1.0
OG_16123	15	15	16	1.0
OG_16124	9	11	12	1.0
OG_16125	13	15	25	1.0
OG_16126	15	16	22	1.0
OG_16127	15	15	17	1.0
OG_16128	15	17	18	0.9779
OG_16129	13	13	13	1.0
OG_16130	11	13	14	1.0
OG_16131	13	13	13	1.0
OG_16132	6	6	6	1.0
OG_16133	15	18	19	1.0
OG_16134	13	13	13	1.0
OG_16135	15	15	19	1.0
OG_16136	15	15	15	1.0
OG_16137	15	15	15	1.0
OG_16138	15	15	15	1.0
OG_16139	10	16	20	1.0
OG_16140	9	9	9	1.0
OG_16141	10	11	14	1.0
OG_16142	15	18	18	0.9085
OG_16143	15	17	21	0.875
OG_16144	14	14	14	1.0
OG_16145	15	18	19	1.0
OG_16146	12	12	13	1.0
OG_16147	13	13	25	1.0
OG_16148	15	15	17	1.0
OG_16149	15	15	16	1.0
OG_16150	11	12	12	1.0
OG_16151	15	17	19	0.9853
OG_16152	15	15	16	1.0
OG_16153	14	14	17	1.0
OG_16154	14	14	17	1.0
OG_16155	13	43	49	1.0
OG_16156	14	15	16	1.0
OG_16157	15	17	23	1.0
OG_16158	12	13	13	1.0
OG_16159	15	15	16	1.0
OG_16160	15	15	17	1.0
OG_16161	10	10	10	1.0
OG_16162	10	10	10	1.0
OG_16163	13	13	21	1.0
OG_16164	2	2	3	1.0
OG_16165	15	16	16	1.0
OG_16166	14	15	19	1.0
OG_16167	15	15	15	1.0
OG_16168	12	16	16	1.0
OG_16169	13	13	14	1.0
OG_16170	15	15	25	1.0
OG_16171	15	17	18	1.0
OG_16172	15	15	18	1.0
OG_16173	15	29	31	0.5172
OG_16174	12	14	19	1.0
OG_16175	11	11	15	1.0
OG_16176	3	3	3	1.0
OG_16177	14	14	14	1.0
OG_16178	14	15	17	1.0
OG_16179	13	13	13	1.0
OG_16180	9	11	11	1.0
OG_16181	15	16	16	1.0
OG_16182	15	16	16	1.0
OG_16183	15	16	16	1.0
OG_16184	15	17	22	1.0
OG_16185	12	14	14	1.0
OG_16186	13	13	13	1.0
OG_16187	6	7	7	1.0
OG_16188	15	20	20	1.0
OG_16189	12	13	13	1.0
OG_16190	13	15	15	0.8762
OG_16191	13	14	14	1.0
OG_16192	3	3	3	1.0
OG_16193	12	12	12	1.0
OG_16194	15	15	15	1.0
OG_16195	15	15	16	1.0
OG_16196	14	15	17	1.0
OG_16197	15	16	16	1.0
OG_16198	15	20	20	1.0
OG_16199	7	7	7	1.0
OG_16200	15	17	19	1.0
OG_16201	14	14	14	1.0
OG_16202	15	16	18	1.0
OG_16203	15	16	16	1.0
OG_16204	15	16	16	0.9917
OG_16205	12	12	20	1.0
OG_16206	15	16	16	1.0
OG_16207	15	15	17	1.0
OG_16208	15	16	20	1.0
OG_16209	15	15	21	1.0
OG_16210	15	16	18	1.0
OG_16211	15	15	18	1.0
OG_16212	11	11	11	1.0
OG_16213	15	28	29	1.0
OG_16214	6	18	19	1.0
OG_16215	11	19	22	0.9825
OG_16216	15	15	15	1.0
OG_16217	15	16	19	1.0
OG_16218	9	12	18	1.0
OG_16219	8	31	35	0.7742
OG_16220	15	15	21	1.0
OG_16221	15	17	22	1.0
OG_16222	15	19	20	1.0
OG_16223	13	15	18	1.0
OG_16224	15	18	27	0.8039
OG_16225	13	16	21	1.0
OG_16226	14	14	19	1.0
OG_16227	15	15	15	1.0
OG_16228	9	10	11	1.0
OG_16229	12	13	19	0.7436
OG_16230	2	3	3	1.0
OG_16231	15	16	16	1.0
OG_16232	15	16	21	1.0
OG_16233	15	15	15	1.0
OG_16234	15	17	20	1.0
OG_16235	7	15	16	1.0
OG_16236	14	14	15	1.0
OG_16237	15	15	17	1.0
OG_16238	15	21	23	0.8143
OG_16239	15	16	20	1.0
OG_16240	15	15	15	1.0
OG_16241	15	17	17	1.0
OG_16242	13	13	13	1.0
OG_16243	15	16	20	1.0
OG_16244	13	14	14	1.0
OG_16245	14	26	34	1.0
OG_16246	10	10	11	1.0
OG_16247	13	15	17	0.8857
OG_16248	13	14	20	0.989
OG_16249	2	4	5	1.0
OG_16250	10	10	10	1.0
OG_16251	10	10	10	1.0
OG_16252	15	18	24	0.902
OG_16253	13	14	14	1.0
OG_16254	15	15	15	1.0
OG_16255	14	14	14	1.0
OG_16256	14	14	16	1.0
OG_16257	15	18	20	0.9935
OG_16258	14	17	19	1.0
OG_16259	12	12	23	1.0
OG_16260	15	15	16	1.0
OG_16261	15	17	18	1.0
OG_16262	14	14	14	1.0
OG_16263	12	12	13	1.0
OG_16264	4	5	5	1.0
OG_16265	13	14	15	1.0
OG_16266	4	4	4	1.0
OG_16267	13	15	16	1.0
OG_16268	15	15	15	1.0
OG_16269	15	28	37	0.9868
OG_16270	15	19	29	1.0
OG_16271	14	16	16	1.0
OG_16272	15	20	20	1.0
OG_16273	15	15	17	1.0
OG_16274	12	17	17	1.0
OG_16275	15	16	16	1.0
OG_16276	8	9	9	1.0
OG_16277	14	14	15	1.0
OG_16278	15	15	16	1.0
OG_16279	14	14	14	1.0
OG_16280	15	15	18	1.0
OG_16281	9	16	16	1.0
OG_16282	2	2	2	1.0
OG_16283	15	17	18	1.0
OG_16284	15	16	16	1.0
OG_16285	9	13	13	1.0
OG_16286	10	10	10	1.0
OG_16287	14	14	15	1.0
OG_16288	11	11	13	1.0
OG_16289	15	16	16	1.0
OG_16290	15	25	31	1.0
OG_16291	13	13	18	1.0
OG_16292	15	15	15	1.0
OG_16293	14	14	17	1.0
OG_16294	15	19	19	0.9298
OG_16295	13	47	72	1.0
OG_16296	12	12	13	1.0
OG_16297	15	16	17	1.0
OG_16298	15	15	19	0.8762
OG_16299	13	13	13	1.0
OG_16300	15	15	19	1.0
OG_16301	14	15	15	1.0
OG_16302	15	15	16	1.0
OG_16303	12	13	13	1.0
OG_16304	14	14	16	1.0
OG_16305	15	16	16	1.0
OG_16306	15	15	17	1.0
OG_16307	14	15	19	1.0
OG_16308	12	12	12	1.0
OG_16309	15	15	15	1.0
OG_16310	15	15	17	1.0
OG_16311	15	16	16	1.0
OG_16312	15	28	32	1.0
OG_16313	12	13	13	0.859
OG_16314	13	20	25	0.9947
OG_16315	14	20	20	1.0
OG_16316	15	16	16	1.0
OG_16317	12	12	12	1.0
OG_16318	13	13	13	1.0
OG_16319	11	11	11	1.0
OG_16320	12	20	25	1.0
OG_16321	15	15	17	1.0
OG_16322	15	15	15	1.0
OG_16323	6	6	6	1.0
OG_16324	15	16	18	1.0
OG_16325	12	12	15	0.9545
OG_16326	12	12	14	1.0
OG_16327	14	14	19	1.0
OG_16328	15	16	21	1.0
OG_16329	15	15	15	1.0
OG_16330	15	15	20	0.8095
OG_16331	15	16	17	1.0
OG_16332	12	12	13	1.0
OG_16333	14	14	16	0.956
OG_16334	12	12	13	1.0
OG_16335	14	14	14	1.0
OG_16336	15	15	22	1.0
OG_16337	15	15	18	1.0
OG_16338	13	14	14	1.0
OG_16339	15	16	16	1.0
OG_16340	11	24	24	1.0
OG_16341	14	14	23	0.989
OG_16342	15	16	23	1.0
OG_16343	6	6	8	1.0
OG_16344	11	12	12	1.0
OG_16345	15	18	18	1.0
OG_16346	15	31	34	1.0
OG_16347	15	17	20	1.0
OG_16348	2	2	2	1.0
OG_16349	15	17	19	1.0
OG_16350	12	15	16	1.0
OG_16351	11	13	16	1.0
OG_16352	14	15	15	1.0
OG_16353	15	15	16	1.0
OG_16354	13	13	13	1.0
OG_16355	15	16	19	1.0
OG_16356	15	15	15	1.0
OG_16357	15	15	16	1.0
OG_16358	14	15	19	1.0
OG_16359	14	14	16	1.0
OG_16360	7	8	9	1.0
OG_16361	15	15	15	1.0
OG_16362	15	28	28	1.0
OG_16363	15	15	15	1.0
OG_16364	15	16	20	1.0
OG_16365	12	13	14	1.0
OG_16366	15	15	16	1.0
OG_16367	11	11	12	1.0
OG_16368	15	16	19	1.0
OG_16369	15	19	24	1.0
OG_16370	15	21	27	0.8286
OG_16371	12	13	13	1.0
OG_16372	10	11	11	1.0
OG_16373	15	16	17	1.0
OG_16374	14	17	19	0.9559
OG_16375	15	16	21	1.0
OG_16376	14	16	19	1.0
OG_16377	15	15	15	1.0
OG_16378	14	15	19	1.0
OG_16379	13	23	28	0.7352
OG_16380	15	17	19	1.0
OG_16381	15	19	21	1.0
OG_16382	8	12	12	1.0
OG_16383	12	12	17	0.7576
OG_16384	12	17	17	1.0
OG_16385	15	15	15	1.0
OG_16386	14	14	16	1.0
OG_16387	14	14	19	1.0
OG_16388	15	18	19	0.9085
OG_16389	11	11	14	1.0
OG_16390	2	3	4	1.0
OG_16391	10	10	12	1.0
OG_16392	15	17	20	0.8824
OG_16393	12	12	12	1.0
OG_16394	15	15	20	1.0
OG_16395	15	15	15	1.0
OG_16396	15	15	15	1.0
OG_16397	14	14	21	1.0
OG_16398	15	15	19	1.0
OG_16399	13	23	25	1.0
OG_16400	10	13	14	1.0
OG_16401	15	15	17	1.0
OG_16402	4	5	5	1.0
OG_16403	11	11	12	1.0
OG_16404	14	23	26	1.0
OG_16405	13	13	14	1.0
OG_16406	15	16	17	1.0
OG_16407	15	20	22	0.9053
OG_16408	15	16	17	1.0
OG_16409	14	14	16	1.0
OG_16410	13	20	22	1.0
OG_16411	12	12	12	1.0
OG_16412	3	3	3	1.0
OG_16413	11	13	13	1.0
OG_16414	8	20	23	1.0
OG_16415	10	13	17	1.0
OG_16416	11	11	11	1.0
OG_16417	12	12	12	1.0
OG_16418	12	35	36	0.9345
OG_16419	10	12	14	1.0
OG_16420	12	12	12	1.0
OG_16421	2	2	2	1.0
OG_16422	15	16	18	1.0
OG_16423	15	15	20	1.0
OG_16424	10	16	19	0.9917
OG_16425	15	15	15	1.0
OG_16426	10	10	15	1.0
OG_16427	12	12	24	1.0
OG_16428	13	13	13	1.0
OG_16429	15	18	23	0.9608
OG_16430	10	10	10	1.0
OG_16431	14	14	17	1.0
OG_16432	15	15	16	0.781
OG_16433	12	13	13	1.0
OG_16434	13	15	16	1.0
OG_16435	12	15	15	1.0
OG_16436	15	15	24	1.0
OG_16437	7	11	11	1.0
OG_16438	15	16	16	1.0
OG_16439	13	14	21	1.0
OG_16440	15	15	16	1.0
OG_16441	15	15	16	1.0
OG_16442	14	14	19	1.0
OG_16443	11	11	13	1.0
OG_16444	14	14	16	1.0
OG_16445	15	15	15	1.0
OG_16446	15	15	16	1.0
OG_16447	12	19	20	1.0
OG_16448	15	16	19	1.0
OG_16449	15	17	19	1.0
OG_16450	9	11	11	1.0
OG_16451	15	24	36	1.0
OG_16452	14	14	15	1.0
OG_16453	15	16	17	1.0
OG_16454	10	10	10	1.0
OG_16455	15	15	17	1.0
OG_16456	14	14	15	1.0
OG_16457	6	7	7	1.0
OG_16458	4	12	17	0.9697
OG_16459	3	4	4	1.0
OG_16460	15	16	18	1.0
OG_16461	15	17	26	1.0
OG_16462	15	15	18	1.0
OG_16463	15	15	15	1.0
OG_16464	15	15	18	1.0
OG_16465	15	16	18	1.0
OG_16466	11	12	13	1.0
OG_16467	11	18	20	1.0
OG_16468	14	17	18	1.0
OG_16469	15	16	16	1.0
OG_16470	15	15	17	1.0
OG_16471	14	15	19	1.0
OG_16472	14	17	19	1.0
OG_16473	9	10	10	1.0
OG_16474	15	16	20	1.0
OG_16475	15	15	21	1.0
OG_16476	15	15	18	1.0
OG_16477	15	16	22	1.0
OG_16478	14	18	21	1.0
OG_16479	13	16	21	1.0
OG_16480	14	14	14	1.0
OG_16481	15	28	32	0.9974
OG_16482	6	8	10	1.0
OG_16483	4	7	11	1.0
OG_16484	4	6	14	1.0
OG_16485	9	9	9	1.0
OG_16486	12	12	17	1.0
OG_16487	5	7	7	1.0
OG_16488	14	15	17	1.0
OG_16489	13	19	23	0.8772
OG_16490	2	2	2	1.0
OG_16491	15	17	18	1.0
OG_16492	15	16	19	1.0
OG_16493	15	15	15	1.0
OG_16494	13	14	14	1.0
OG_16495	14	16	16	1.0
OG_16496	12	13	17	1.0
OG_16497	14	15	18	1.0
OG_16498	15	15	24	1.0
OG_16499	15	15	15	1.0
OG_16500	15	15	16	1.0
OG_16501	10	17	17	1.0
OG_16502	15	17	18	1.0
OG_16503	15	18	19	1.0
OG_16504	12	12	14	1.0
OG_16505	15	18	57	1.0
OG_16506	12	12	13	1.0
OG_16507	15	15	17	1.0
OG_16508	14	14	16	1.0
OG_16509	15	16	16	1.0
OG_16510	14	16	19	1.0
OG_16511	14	15	15	1.0
OG_16512	14	15	16	1.0
OG_16513	15	16	17	1.0
OG_16514	13	13	15	1.0
OG_16515	10	10	10	1.0
OG_16516	14	16	18	1.0
OG_16517	15	15	17	1.0
OG_16518	15	15	17	1.0
OG_16519	10	11	11	1.0
OG_16520	15	16	19	1.0
OG_16521	15	16	18	1.0
OG_16522	15	17	17	1.0
OG_16523	15	17	19	1.0
OG_16524	15	15	17	1.0
OG_16525	15	16	16	1.0
OG_16526	15	15	16	1.0
OG_16527	7	10	10	1.0
OG_16528	9	9	9	1.0
OG_16529	9	9	9	0.9444
OG_16530	6	6	6	1.0
OG_16531	10	10	12	1.0
OG_16532	6	6	6	1.0
OG_16533	13	14	16	1.0
OG_16534	13	14	14	1.0
OG_16535	13	13	19	1.0
OG_16536	14	14	16	1.0
OG_16537	15	15	19	1.0
OG_16538	14	16	18	1.0
OG_16539	5	10	11	0.6444
OG_16540	3	3	4	1.0
OG_16541	12	12	14	1.0
OG_16542	15	16	22	1.0
OG_16543	15	17	19	1.0
OG_16544	15	16	18	1.0
OG_16545	15	17	19	1.0
OG_16546	15	16	17	1.0
OG_16547	15	15	15	1.0
OG_16548	13	13	13	1.0
OG_16549	15	16	19	1.0
OG_16550	11	23	26	1.0
OG_16551	10	10	12	1.0
OG_16552	10	10	11	0.8
OG_16553	13	14	19	0.967
OG_16554	2	2	2	1.0
OG_16555	11	11	11	1.0
OG_16556	15	15	16	1.0
OG_16557	15	16	16	1.0
OG_16558	15	16	18	1.0
OG_16559	15	17	17	1.0
OG_16560	15	16	16	1.0
OG_16561	11	11	14	1.0
OG_16562	12	14	15	1.0
OG_16563	15	16	17	1.0
OG_16564	10	10	10	1.0
OG_16565	15	15	18	1.0
OG_16566	15	15	17	1.0
OG_16567	13	13	15	1.0
OG_16568	11	11	12	1.0
OG_16569	12	12	14	1.0
OG_16570	15	15	17	1.0
OG_16571	15	16	18	1.0
OG_16572	11	12	12	1.0
OG_16573	15	16	18	1.0
OG_16574	15	16	18	1.0
OG_16575	15	15	19	1.0
OG_16576	12	13	13	1.0
OG_16577	4	4	4	1.0
OG_16578	10	13	16	1.0
OG_16579	2	2	2	1.0
OG_16580	3	4	4	1.0
OG_16581	15	15	19	1.0
OG_16582	12	12	13	1.0
OG_16583	13	15	18	1.0
OG_16584	11	11	15	1.0
OG_16585	12	12	12	1.0
OG_16586	11	11	11	1.0
OG_16587	14	14	14	1.0
OG_16588	14	14	14	1.0
OG_16589	12	13	13	1.0
OG_16590	10	11	12	1.0
OG_16591	12	12	12	1.0
OG_16592	15	16	18	1.0
OG_16593	15	17	19	1.0
OG_16594	13	13	14	1.0
OG_16595	13	13	15	1.0
OG_16596	13	13	14	1.0
OG_16597	15	15	15	1.0
OG_16598	12	14	19	1.0
OG_16599	15	15	16	1.0
OG_16600	15	16	18	1.0
OG_16601	14	15	16	1.0
OG_16602	13	14	14	1.0
OG_16603	15	15	22	1.0
OG_16604	10	10	15	1.0
OG_16605	14	22	23	1.0
OG_16606	10	14	14	1.0
OG_16607	15	15	18	1.0
OG_16608	15	15	15	1.0
OG_16609	14	18	22	1.0
OG_16610	15	16	17	1.0
OG_16611	15	17	17	1.0
OG_16612	12	12	13	1.0
OG_16613	12	13	15	1.0
OG_16614	14	16	20	1.0
OG_16615	15	15	21	1.0
OG_16616	12	14	15	1.0
OG_16617	15	16	18	1.0
OG_16618	15	15	18	1.0
OG_16619	15	20	23	1.0
OG_16620	15	18	18	0.9935
OG_16621	12	12	12	1.0
OG_16622	13	14	16	1.0
OG_16623	13	24	24	1.0
OG_16624	10	15	17	0.9905
OG_16625	15	19	20	1.0
OG_16626	15	15	16	1.0
OG_16627	15	16	20	1.0
OG_16628	10	10	10	1.0
OG_16629	15	16	22	1.0
OG_16630	12	12	12	1.0
OG_16631	14	14	15	1.0
OG_16632	15	18	20	1.0
OG_16633	14	14	17	1.0
OG_16634	15	15	20	1.0
OG_16635	15	15	15	1.0
OG_16636	12	12	13	1.0
OG_16637	14	14	14	1.0
OG_16638	8	8	10	1.0
OG_16639	15	19	24	0.9825
OG_16640	11	11	15	1.0
OG_16641	15	16	22	1.0
OG_16642	15	16	25	1.0
OG_16643	15	19	26	1.0
OG_16644	15	21	22	0.9762
OG_16645	15	15	16	1.0
OG_16646	13	27	33	1.0
OG_16647	15	16	18	1.0
OG_16648	14	14	15	1.0
OG_16649	8	8	8	1.0
OG_16650	15	17	19	1.0
OG_16651	13	13	13	1.0
OG_16652	13	39	39	0.8489
OG_16653	13	14	14	1.0
OG_16654	11	12	12	1.0
OG_16655	13	14	14	1.0
OG_16656	15	15	22	1.0
OG_16657	15	15	18	1.0
OG_16658	15	16	17	1.0
OG_16659	2	2	2	1.0
OG_16660	15	15	15	1.0
OG_16661	15	21	24	1.0
OG_16662	14	14	15	0.978
OG_16663	12	13	14	1.0
OG_16664	15	15	19	1.0
OG_16665	15	16	23	0.9917
OG_16666	15	16	16	1.0
OG_16667	14	14	14	1.0
OG_16668	14	15	15	1.0
OG_16669	14	16	22	0.7167
OG_16670	15	17	21	0.9926
OG_16671	14	14	14	1.0
OG_16672	14	15	18	1.0
OG_16673	13	15	15	0.9905
OG_16674	15	15	15	1.0
OG_16675	15	18	22	1.0
OG_16676	13	15	15	1.0
OG_16677	9	9	15	1.0
OG_16678	15	17	24	1.0
OG_16679	15	16	18	1.0
OG_16680	15	16	19	1.0
OG_16681	15	15	17	1.0
OG_16682	15	15	15	1.0
OG_16683	9	10	11	1.0
OG_16684	15	16	16	1.0
OG_16685	15	15	15	1.0
OG_16686	2	3	3	1.0
OG_16687	2	2	2	1.0
OG_16688	14	14	16	1.0
OG_16689	15	16	21	1.0
OG_16690	15	17	24	1.0
OG_16691	12	12	12	1.0
OG_16692	15	16	18	1.0
OG_16693	12	46	46	0.9787
OG_16694	3	3	3	1.0
OG_16695	15	16	16	1.0
OG_16696	15	15	15	1.0
OG_16697	15	16	17	0.9917
OG_16698	13	14	16	1.0
OG_16699	13	25	28	1.0
OG_16700	12	12	13	1.0
OG_16701	11	20	23	0.9789
OG_16702	2	3	3	1.0
OG_16703	15	17	19	1.0
OG_16704	11	16	17	1.0
OG_16705	11	13	13	1.0
OG_16706	11	17	20	1.0
OG_16707	12	12	15	1.0
OG_16708	14	15	17	1.0
OG_16709	15	17	20	1.0
OG_16710	15	16	16	1.0
OG_16711	15	18	19	1.0
OG_16712	14	14	17	1.0
OG_16713	12	13	15	1.0
OG_16714	10	10	10	1.0
OG_16715	15	15	16	1.0
OG_16716	2	2	2	1.0
OG_16717	10	11	12	1.0
OG_16718	12	18	18	1.0
OG_16719	15	15	17	1.0
OG_16720	15	16	22	1.0
OG_16721	3	3	3	1.0
OG_16722	14	15	17	1.0
OG_16723	10	15	18	1.0
OG_16724	15	16	17	1.0
OG_16725	15	16	19	1.0
OG_16726	12	12	12	1.0
OG_16727	10	15	15	1.0
OG_16728	15	16	18	1.0
OG_16729	9	10	11	1.0
OG_16730	15	18	22	1.0
OG_16731	10	12	13	1.0
OG_16732	12	12	14	1.0
OG_16733	3	4	5	1.0
OG_16734	15	17	18	1.0
OG_16735	12	20	24	1.0
OG_16736	12	12	12	1.0
OG_16737	15	15	15	1.0
OG_16738	11	11	13	1.0
OG_16739	12	21	21	1.0
OG_16740	2	2	2	1.0
OG_16741	13	14	14	1.0
OG_16742	14	14	16	1.0
OG_16743	14	26	26	0.9662
OG_16744	15	17	20	1.0
OG_16745	15	16	16	1.0
OG_16746	10	10	10	1.0
OG_16747	15	23	26	1.0
OG_16748	12	16	19	0.85
OG_16749	15	15	15	1.0
OG_16750	15	16	16	1.0
OG_16751	13	14	17	1.0
OG_16752	14	16	21	0.9667
OG_16753	10	30	32	0.9632
OG_16754	13	13	17	1.0
OG_16755	15	17	19	1.0
OG_16756	15	15	15	1.0
OG_16757	15	16	17	1.0
OG_16758	12	12	14	1.0
OG_16759	14	15	15	1.0
OG_16760	15	17	17	1.0
OG_16761	10	10	11	1.0
OG_16762	15	17	18	1.0
OG_16763	14	15	15	1.0
OG_16764	13	15	15	1.0
OG_16765	15	18	25	1.0
OG_16766	15	15	15	1.0
OG_16767	15	16	17	1.0
OG_16768	12	12	15	1.0
OG_16769	12	28	30	1.0
OG_16770	12	14	14	1.0
OG_16771	12	17	19	1.0
OG_16772	12	12	16	1.0
OG_16773	15	16	17	1.0
OG_16774	15	15	21	1.0
OG_16775	13	13	13	0.9359
OG_16776	15	16	16	1.0
OG_16777	15	15	17	1.0
OG_16778	15	16	16	1.0
OG_16779	15	22	22	1.0
OG_16780	14	19	28	0.9298
OG_16781	12	12	13	1.0
OG_16782	12	12	12	1.0
OG_16783	3	3	3	1.0
OG_16784	15	18	21	1.0
OG_16785	15	15	18	1.0
OG_16786	15	16	18	1.0
OG_16787	15	22	24	0.9134
OG_16788	15	18	21	1.0
OG_16789	11	11	11	1.0
OG_16790	7	7	8	1.0
OG_16791	15	19	28	0.9591
OG_16792	14	14	16	1.0
OG_16793	15	18	22	0.7451
OG_16794	12	12	12	1.0
OG_16795	15	18	18	1.0
OG_16796	12	12	14	1.0
OG_16797	13	13	13	1.0
OG_16798	12	15	15	1.0
OG_16799	15	16	17	1.0
OG_16800	13	13	16	1.0
OG_16801	12	12	14	1.0
OG_16802	15	20	21	1.0
OG_16803	14	16	18	1.0
OG_16804	15	15	17	1.0
OG_16805	13	14	14	1.0
OG_16806	13	13	14	1.0
OG_16807	15	16	18	1.0
OG_16808	15	15	21	1.0
OG_16809	15	17	21	1.0
OG_16810	15	16	17	1.0
OG_16811	12	12	12	1.0
OG_16812	14	15	16	1.0
OG_16813	15	15	15	1.0
OG_16814	15	33	41	0.9413
OG_16815	15	17	21	1.0
OG_16816	11	12	13	1.0
OG_16817	15	17	17	1.0
OG_16818	15	15	19	1.0
OG_16819	15	15	18	1.0
OG_16820	14	14	18	1.0
OG_16821	15	15	15	1.0
OG_16822	14	18	18	1.0
OG_16823	15	17	21	1.0
OG_16824	15	15	19	1.0
OG_16825	11	11	12	1.0
OG_16826	15	15	19	1.0
OG_16827	15	16	19	1.0
OG_16828	15	16	17	1.0
OG_16829	10	10	10	1.0
OG_16830	12	12	12	1.0
OG_16831	14	14	15	1.0
OG_16832	3	4	4	1.0
OG_16833	11	12	12	1.0
OG_16834	15	15	18	1.0
OG_16835	15	15	19	1.0
OG_16836	14	19	19	1.0
OG_16837	2	2	2	1.0
OG_16838	14	14	14	1.0
OG_16839	14	14	14	1.0
OG_16840	9	12	12	1.0
OG_16841	13	13	13	1.0
OG_16842	12	12	14	1.0
OG_16843	13	13	14	1.0
OG_16844	11	11	15	1.0
OG_16845	10	14	18	1.0
OG_16846	7	7	9	1.0
OG_16847	14	14	14	1.0
OG_16848	14	14	15	1.0
OG_16849	15	16	18	1.0
OG_16850	15	15	15	1.0
OG_16851	12	12	16	1.0
OG_16852	12	14	14	1.0
OG_16853	14	15	17	1.0
OG_16854	15	17	22	1.0
OG_16855	15	27	30	0.9288
OG_16856	13	17	18	1.0
OG_16857	14	15	16	1.0
OG_16858	10	10	11	1.0
OG_16859	13	15	15	1.0
OG_16860	12	12	13	1.0
OG_16861	13	16	17	1.0
OG_16862	10	12	13	1.0
OG_16863	14	14	17	1.0
OG_16864	15	15	15	1.0
OG_16865	15	16	16	1.0
OG_16866	15	15	18	1.0
OG_16867	15	16	17	1.0
OG_16868	5	9	9	1.0
OG_16869	4	13	13	1.0
OG_16870	11	11	13	1.0
OG_16871	12	12	16	1.0
OG_16872	12	24	24	0.9384
OG_16873	8	8	8	1.0
OG_16874	14	14	20	0.8681
OG_16875	15	15	16	1.0
OG_16876	13	13	15	1.0
OG_16877	13	15	15	1.0
OG_16878	3	3	3	1.0
OG_16879	2	2	2	1.0
OG_16880	14	14	21	1.0
OG_16881	12	15	15	1.0
OG_16882	15	16	18	0.8917
OG_16883	13	14	19	1.0
OG_16884	15	15	15	1.0
OG_16885	15	15	15	1.0
OG_16886	11	11	11	1.0
OG_16887	12	13	16	1.0
OG_16888	15	17	24	1.0
OG_16889	15	16	17	1.0
OG_16890	9	10	12	1.0
OG_16891	15	16	18	1.0
OG_16892	12	13	14	1.0
OG_16893	13	14	14	1.0
OG_16894	13	14	18	1.0
OG_16895	13	22	32	1.0
OG_16896	15	15	15	1.0
OG_16897	15	15	17	1.0
OG_16898	15	16	16	1.0
OG_16899	15	15	17	1.0
OG_16900	14	17	17	0.9632
OG_16901	12	12	13	1.0
OG_16902	14	28	30	0.9312
OG_16903	15	17	21	1.0
OG_16904	14	14	14	1.0
OG_16905	12	12	13	1.0
OG_16906	10	10	10	1.0
OG_16907	11	11	11	1.0
OG_16908	15	15	17	1.0
OG_16909	15	16	21	1.0
OG_16910	7	7	7	1.0
OG_16911	15	66	76	0.904
OG_16912	12	12	13	1.0
OG_16913	15	15	17	1.0
OG_16914	13	21	22	1.0
OG_16915	15	15	18	1.0
OG_16916	15	15	15	1.0
OG_16917	15	16	17	1.0
OG_16918	12	14	15	1.0
OG_16919	11	14	19	0.7473
OG_16920	3	8	9	0.9643
OG_16921	15	17	19	1.0
OG_16922	15	16	18	1.0
OG_16923	15	16	18	1.0
OG_16924	14	18	21	1.0
OG_16925	14	14	16	1.0
OG_16926	15	15	18	1.0
OG_16927	15	15	17	1.0
OG_16928	13	13	17	1.0
OG_16929	13	21	22	1.0
OG_16930	13	13	14	1.0
OG_16931	9	20	21	1.0
OG_16932	15	30	31	0.8667
OG_16933	11	11	12	1.0
OG_16934	10	10	14	1.0
OG_16935	14	17	20	1.0
OG_16936	4	7	9	1.0
OG_16937	3	3	3	1.0
OG_16938	14	14	16	1.0
OG_16939	14	15	16	1.0
OG_16940	13	14	15	1.0
OG_16941	15	16	16	1.0
OG_16942	10	10	10	1.0
OG_16943	3	4	4	1.0
OG_16944	15	15	16	1.0
OG_16945	15	19	19	1.0
OG_16946	15	16	18	1.0
OG_16947	15	16	19	1.0
OG_16948	15	17	18	1.0
OG_16949	13	14	19	1.0
OG_16950	13	14	14	1.0
OG_16951	13	19	21	1.0
OG_16952	10	35	36	0.995
OG_16953	2	5	5	0.9
OG_16954	15	15	19	1.0
OG_16955	14	15	16	1.0
OG_16956	6	7	7	1.0
OG_16957	9	11	12	1.0
OG_16958	14	15	18	1.0
OG_16959	13	13	16	1.0
OG_16960	15	15	17	1.0
OG_16961	15	16	17	1.0
OG_16962	4	4	4	1.0
OG_16963	15	17	19	1.0
OG_16964	10	12	13	1.0
OG_16965	15	15	16	1.0
OG_16966	12	14	15	1.0
OG_16967	10	10	10	1.0
OG_16968	11	11	11	1.0
OG_16969	2	2	2	1.0
OG_16970	12	12	16	1.0
OG_16971	15	16	49	1.0
OG_16972	14	14	15	1.0
OG_16973	11	11	13	1.0
OG_16974	8	11	11	1.0
OG_16975	12	18	19	0.9346
OG_16976	14	15	15	1.0
OG_16977	13	13	13	1.0
OG_16978	15	15	15	1.0
OG_16979	10	10	15	1.0
OG_16980	7	8	8	1.0
OG_16981	2	4	4	1.0
OG_16982	15	19	21	1.0
OG_16983	15	16	17	1.0
OG_16984	15	40	44	0.4808
OG_16985	14	16	18	1.0
OG_16986	15	15	17	1.0
OG_16987	9	9	9	1.0
OG_16988	13	36	41	1.0
OG_16989	14	14	15	1.0
OG_16990	12	23	29	1.0
OG_16991	14	15	15	1.0
OG_16992	11	12	12	1.0
OG_16993	12	14	17	1.0
OG_16994	15	16	20	1.0
OG_16995	12	12	14	1.0
OG_16996	14	15	15	1.0
OG_16997	11	11	16	1.0
OG_16998	12	12	12	1.0
OG_16999	11	11	12	1.0
OG_17000	15	16	19	1.0
OG_17001	14	15	16	1.0
OG_17002	15	15	15	1.0
OG_17003	15	17	17	0.8897
OG_17004	15	20	20	1.0
OG_17005	12	14	16	1.0
OG_17006	2	2	2	1.0
OG_17007	15	15	16	1.0
OG_17008	15	18	20	1.0
OG_17009	11	14	14	1.0
OG_17010	15	16	21	1.0
OG_17011	15	15	15	1.0
OG_17012	13	14	14	1.0
OG_17013	7	8	8	0.7857
OG_17014	15	16	16	1.0
OG_17015	15	16	18	1.0
OG_17016	15	16	24	1.0
OG_17017	14	15	15	1.0
OG_17018	15	20	25	1.0
OG_17019	13	13	14	1.0
OG_17020	12	12	13	1.0
OG_17021	14	15	17	1.0
OG_17022	15	15	15	1.0
OG_17023	12	12	21	1.0
OG_17024	12	12	14	1.0
OG_17025	4	4	4	0.5
OG_17026	12	12	13	1.0
OG_17027	10	18	19	1.0
OG_17028	14	17	18	0.8529
OG_17029	15	15	15	1.0
OG_17030	6	6	7	1.0
OG_17031	4	4	4	1.0
OG_17032	15	15	17	0.8762
OG_17033	15	15	16	1.0
OG_17034	12	14	15	1.0
OG_17035	15	15	17	1.0
OG_17036	15	15	19	1.0
OG_17037	13	14	15	1.0
OG_17038	11	11	13	1.0
OG_17039	15	16	17	1.0
OG_17040	12	28	36	0.9524
OG_17041	2	2	2	1.0
OG_17042	11	11	11	1.0
OG_17043	2	2	2	1.0
OG_17044	12	15	15	1.0
OG_17045	5	7	7	1.0
OG_17046	15	17	23	1.0
OG_17047	15	15	16	1.0
OG_17048	15	15	18	1.0
OG_17049	15	15	17	1.0
OG_17050	15	25	27	1.0
OG_17051	15	22	22	0.7359
OG_17052	14	14	15	1.0
OG_17053	12	14	15	1.0
OG_17054	11	11	12	1.0
OG_17055	15	16	20	1.0
OG_17056	12	12	12	1.0
OG_17057	9	9	9	1.0
OG_17058	15	17	20	1.0
OG_17059	15	20	21	1.0
OG_17060	15	15	15	1.0
OG_17061	15	15	17	1.0
OG_17062	15	33	41	1.0
OG_17063	15	17	17	1.0
OG_17064	14	17	26	0.8088
OG_17065	15	15	18	1.0
OG_17066	15	15	16	1.0
OG_17067	15	18	21	1.0
OG_17068	14	15	15	1.0
OG_17069	15	20	28	1.0
OG_17070	15	16	17	1.0
OG_17071	13	13	13	1.0
OG_17072	15	15	16	1.0
OG_17073	15	16	18	1.0
OG_17074	10	10	11	1.0
OG_17075	15	21	21	1.0
OG_17076	10	15	17	1.0
OG_17077	15	15	18	1.0
OG_17078	15	17	27	1.0
OG_17079	15	17	17	1.0
OG_17080	15	18	19	1.0
OG_17081	14	14	16	1.0
OG_17082	15	17	19	1.0
OG_17083	9	11	18	1.0
OG_17084	12	12	12	1.0
OG_17085	15	15	16	1.0
OG_17086	15	16	18	1.0
OG_17087	15	18	22	0.9673
OG_17088	12	14	17	1.0
OG_17089	14	14	16	1.0
OG_17090	12	12	12	1.0
OG_17091	2	2	3	1.0
OG_17092	2	2	4	1.0
OG_17093	10	11	11	0.9273
OG_17094	15	15	17	1.0
OG_17095	15	16	16	1.0
OG_17096	12	17	25	1.0
OG_17097	15	15	28	1.0
OG_17098	15	15	19	1.0
OG_17099	13	13	13	1.0
OG_17100	13	13	17	1.0
OG_17101	10	15	17	1.0
OG_17102	12	12	13	1.0
OG_17103	15	16	18	1.0
OG_17104	15	20	21	0.8789
OG_17105	15	15	17	1.0
OG_17106	12	12	15	1.0
OG_17107	15	15	19	1.0
OG_17108	14	16	16	1.0
OG_17109	13	13	14	0.9872
OG_17110	13	13	13	1.0
OG_17111	13	13	17	1.0
OG_17112	15	17	17	1.0
OG_17113	15	18	18	1.0
OG_17114	14	14	15	1.0
OG_17115	12	13	13	1.0
OG_17116	14	18	19	1.0
OG_17117	10	15	18	1.0
OG_17118	14	16	18	1.0
OG_17119	15	16	19	1.0
OG_17120	15	16	16	1.0
OG_17121	15	16	16	1.0
OG_17122	14	14	14	1.0
OG_17123	11	11	12	1.0
OG_17124	14	16	16	1.0
OG_17125	14	16	18	0.9833
OG_17126	5	6	7	1.0
OG_17127	14	15	15	1.0
OG_17128	15	17	17	1.0
OG_17129	15	17	18	1.0
OG_17130	15	16	16	1.0
OG_17131	15	15	19	1.0
OG_17132	13	13	15	1.0
OG_17133	13	13	13	1.0
OG_17134	15	15	16	1.0
OG_17135	13	14	15	1.0
OG_17136	15	17	20	1.0
OG_17137	10	10	10	1.0
OG_17138	14	14	16	1.0
OG_17139	15	16	19	1.0
OG_17140	15	15	16	1.0
OG_17141	15	16	16	1.0
OG_17142	14	15	16	1.0
OG_17143	12	12	12	1.0
OG_17144	15	16	16	1.0
OG_17145	15	17	19	1.0
OG_17146	15	16	17	1.0
OG_17147	15	17	17	1.0
OG_17148	2	2	2	1.0
OG_17149	2	2	2	1.0
OG_17150	4	4	9	1.0
OG_17151	3	6	12	1.0
OG_17152	9	10	13	1.0
OG_17153	2	2	2	1.0
OG_17154	2	2	2	1.0
OG_17155	2	2	2	1.0
OG_17156	2	2	3	1.0
OG_17157	2	3	3	1.0
OG_17158	2	2	4	1.0
OG_17159	6	6	7	1.0
OG_17160	11	11	17	1.0
OG_17161	6	17	20	0.4779
OG_17162	2	2	2	1.0
OG_17163	2	3	3	1.0
OG_17164	2	6	9	1.0
OG_17165	12	12	13	1.0
OG_17166	2	2	9	1.0
OG_17167	2	2	11	1.0
OG_17168	3	9	15	1.0
OG_17169	2	2	2	1.0
OG_17170	2	2	5	1.0
OG_17171	2	2	2	1.0
OG_17172	3	3	4	0.6667
OG_17173	5	6	6	1.0
OG_17174	2	2	2	1.0
OG_17175	2	2	2	1.0
OG_17176	10	10	11	1.0
OG_17177	15	15	16	1.0
OG_17178	2	3	3	1.0
OG_17179	4	7	8	1.0
OG_17180	2	2	3	1.0
OG_17181	2	4	4	1.0
OG_17182	2	3	3	1.0
OG_17183	2	2	3	1.0
OG_17184	7	9	13	1.0
OG_17185	2	2	2	1.0
OG_17186	4	4	7	1.0
OG_17187	2	2	3	1.0
OG_17188	2	2	4	1.0
OG_17189	2	2	4	1.0
OG_17190	2	2	3	1.0
OG_17191	2	2	3	1.0
OG_17192	2	2	5	1.0
OG_17193	4	7	7	1.0
OG_17194	6	10	10	1.0
OG_17195	7	7	10	1.0
OG_17196	11	26	28	0.7877
OG_17197	8	19	22	0.8129
OG_17198	2	3	5	1.0
OG_17199	2	2	2	1.0
OG_17200	2	2	4	1.0
OG_17201	2	6	7	1.0
OG_17202	9	31	32	0.8473
OG_17203	3	5	5	1.0
OG_17204	2	2	2	1.0
OG_17205	14	14	19	1.0
OG_17206	2	2	3	1.0
OG_17207	2	2	2	1.0
OG_17208	2	2	5	1.0
OG_17209	2	2	2	1.0
OG_17210	10	11	11	1.0
OG_17211	3	3	4	1.0
OG_17212	2	3	3	1.0
OG_17213	8	10	10	0.8222
OG_17214	2	2	2	1.0
OG_17215	7	7	7	1.0
OG_17216	2	3	3	1.0
OG_17217	2	2	2	1.0
OG_17218	3	4	4	1.0
OG_17219	11	11	16	1.0
OG_17220	9	10	10	1.0
OG_17221	8	20	20	1.0
OG_17222	7	10	12	1.0
OG_17223	5	5	5	1.0
OG_17224	3	3	3	1.0
OG_17225	2	2	2	1.0
OG_17226	9	9	9	1.0
OG_17227	9	9	9	1.0
OG_17228	6	7	8	1.0
OG_17229	4	8	9	1.0
OG_17230	2	3	5	0.6667
OG_17231	2	2	2	1.0
OG_17232	7	8	8	1.0
OG_17233	3	3	3	1.0
OG_17234	6	15	16	0.7238
OG_17235	2	4	4	1.0
OG_17236	13	13	18	1.0
OG_17237	2	2	2	1.0
OG_17238	2	2	2	1.0
OG_17239	7	8	9	1.0
OG_17240	2	2	2	1.0
OG_17241	2	2	2	1.0
OG_17242	3	3	3	1.0
OG_17243	3	4	7	1.0
OG_17244	2	2	2	1.0
OG_17245	2	2	2	1.0
OG_17246	2	2	3	1.0
OG_17247	3	3	4	1.0
OG_17248	2	2	2	1.0
OG_17249	2	2	2	1.0
OG_17250	3	3	6	1.0
OG_17251	3	3	3	1.0
OG_17252	2	2	2	1.0
OG_17253	2	3	3	1.0
OG_17254	2	2	2	1.0
OG_17255	2	2	2	1.0
OG_17256	9	10	10	1.0
OG_17257	4	4	4	0.6667
OG_17258	2	2	3	1.0
OG_17259	2	4	4	1.0
OG_17260	7	7	9	1.0
OG_17261	2	2	2	1.0
OG_17262	2	2	2	1.0
OG_17263	2	2	2	1.0
OG_17264	2	2	2	1.0
OG_17265	9	9	10	1.0
OG_17266	2	2	2	1.0
OG_17267	2	3	3	1.0
OG_17268	2	2	2	1.0
OG_17269	2	3	3	0.6667
OG_17270	2	2	6	1.0
OG_17271	2	2	2	1.0
OG_17272	3	3	3	1.0
OG_17273	10	19	20	1.0
OG_17274	2	2	3	1.0
OG_17275	7	7	9	1.0
OG_17276	2	2	2	1.0
OG_17277	14	14	14	1.0
OG_17278	7	7	7	1.0
OG_17279	5	5	5	1.0
OG_17280	2	2	2	1.0
OG_17281	2	2	2	1.0
OG_17282	8	8	8	1.0
OG_17283	2	2	6	1.0
OG_17284	3	3	3	1.0
OG_17285	11	14	15	1.0
OG_17286	3	3	3	1.0
OG_17287	2	2	2	1.0
OG_17288	2	2	2	1.0
OG_17289	2	2	3	1.0
OG_17290	4	6	8	1.0
OG_17291	11	11	12	1.0
OG_17292	3	5	5	1.0
OG_17293	2	2	2	1.0
OG_17294	2	3	5	1.0
OG_17295	2	2	2	1.0
OG_17296	2	2	2	1.0
OG_17297	12	13	13	1.0
OG_17298	13	15	15	0.8762
OG_17299	2	2	2	1.0
OG_17300	5	10	13	0.8667
OG_17301	2	2	2	1.0
OG_17302	2	2	2	1.0
OG_17303	2	2	2	1.0
OG_17304	2	2	2	1.0
OG_17305	8	8	9	1.0
OG_17306	2	3	3	1.0
OG_17307	2	2	4	1.0
OG_17308	8	9	9	1.0
OG_17309	2	2	2	1.0
OG_17310	2	4	4	1.0
OG_17311	2	2	2	1.0
OG_17312	11	11	12	1.0
OG_17313	2	2	2	1.0
OG_17314	6	19	20	0.8129
OG_17315	2	2	2	1.0
OG_17316	11	11	11	1.0
OG_17317	2	3	4	1.0
OG_17318	3	3	3	1.0
OG_17319	2	2	2	1.0
OG_17320	13	14	15	1.0
OG_17321	3	3	3	0.6667
OG_17322	7	7	7	1.0
OG_17323	10	11	12	1.0
OG_17324	2	2	2	1.0
OG_17325	2	3	3	1.0
OG_17326	2	3	3	1.0
OG_17327	2	2	2	1.0
OG_17328	2	2	2	1.0
OG_17329	8	9	9	1.0
OG_17330	3	4	4	1.0
OG_17331	3	3	3	1.0
OG_17332	5	8	8	1.0
OG_17333	2	3	3	1.0
OG_17334	2	2	2	1.0
OG_17335	2	4	4	1.0
OG_17336	2	2	2	1.0
OG_17337	2	6	7	0.8
OG_17338	9	12	12	0.8485
OG_17339	2	2	2	1.0
OG_17340	8	9	9	1.0
OG_17341	2	3	3	1.0
OG_17342	2	2	2	1.0
OG_17343	10	10	10	1.0
OG_17344	5	16	16	0.7667
OG_17345	2	2	2	1.0
OG_17346	3	3	3	1.0
OG_17347	2	4	5	1.0
OG_17348	2	2	2	1.0
OG_17349	5	6	6	1.0
OG_17350	2	3	3	1.0
OG_17351	2	2	3	1.0
OG_17352	2	2	2	1.0
OG_17353	10	10	11	1.0
OG_17354	2	2	2	1.0
OG_17355	2	5	5	1.0
OG_17356	2	2	2	1.0
OG_17357	6	7	7	1.0
OG_17358	2	2	5	1.0
OG_17359	2	2	2	1.0
OG_17360	9	9	9	1.0
OG_17361	2	2	2	1.0
OG_17362	2	3	4	0.6667
OG_17363	2	2	2	1.0
OG_17364	2	3	3	1.0
OG_17365	2	2	2	1.0
OG_17366	2	2	2	1.0
OG_17367	7	9	10	1.0
OG_17368	6	7	8	1.0
OG_17369	3	3	4	1.0
OG_17370	2	2	2	1.0
OG_17371	3	3	8	1.0
OG_17372	2	2	2	1.0
OG_17373	9	9	9	1.0
OG_17374	2	3	4	1.0
OG_17375	9	9	9	1.0
OG_17376	2	2	2	1.0
OG_17377	2	2	3	1.0
OG_17378	7	9	12	1.0
OG_17379	2	2	2	1.0
OG_17380	8	9	9	1.0
OG_17381	9	9	9	1.0
OG_17382	2	2	2	1.0
OG_17383	2	2	2	1.0
OG_17384	2	4	4	1.0
OG_17385	2	2	2	1.0
OG_17386	2	2	2	1.0
OG_17387	2	2	2	1.0
OG_17388	4	4	5	1.0
OG_17389	11	11	11	1.0
OG_17390	5	5	5	1.0
OG_17391	3	3	3	0.6667
OG_17392	2	2	2	1.0
OG_17393	2	2	2	1.0
OG_17394	2	2	2	1.0
OG_17395	10	10	14	1.0
OG_17396	2	2	2	1.0
OG_17397	2	2	2	1.0
OG_17398	2	2	2	1.0
OG_17399	2	2	4	1.0
OG_17400	2	2	2	1.0
OG_17401	14	14	19	1.0
OG_17402	7	7	7	1.0
OG_17403	2	2	2	1.0
OG_17404	3	3	3	1.0
OG_17405	2	2	4	1.0
OG_17406	2	2	3	1.0
OG_17407	9	18	26	0.8039
OG_17408	3	3	3	1.0
OG_17409	5	5	5	1.0
OG_17410	5	17	28	0.9926
OG_17411	8	8	9	1.0
OG_17412	14	15	23	1.0
OG_17413	13	13	13	1.0
OG_17414	5	6	7	1.0
OG_17415	2	3	3	1.0
OG_17416	6	16	16	1.0
OG_17417	2	2	2	1.0
OG_17418	13	14	17	1.0
OG_17419	5	7	7	1.0
OG_17420	4	4	6	1.0
OG_17421	4	4	4	1.0
OG_17422	9	11	11	1.0
OG_17423	8	10	11	1.0
OG_17424	8	8	8	1.0
OG_17425	9	10	10	1.0
OG_17426	8	14	14	1.0
OG_17427	2	2	2	1.0
OG_17428	7	8	8	1.0
OG_17429	4	9	9	0.8333
OG_17430	7	8	8	1.0
OG_17431	11	13	14	1.0
OG_17432	3	5	5	1.0
OG_17433	11	11	12	1.0
OG_17434	8	12	12	1.0
OG_17435	11	13	16	1.0
OG_17436	8	11	11	1.0
OG_17437	10	35	38	0.837
OG_17438	12	39	50	1.0
OG_17439	9	9	9	1.0
OG_17440	12	13	13	1.0
OG_17441	13	14	14	1.0
OG_17442	9	10	11	1.0
OG_17443	11	11	12	1.0
OG_17444	9	13	14	1.0
OG_17445	8	12	12	1.0
OG_17446	14	16	16	1.0
OG_17447	3	4	5	1.0
OG_17448	12	19	20	1.0
OG_17449	9	18	24	0.9935
OG_17450	2	2	2	1.0
OG_17451	11	13	13	1.0
OG_17452	10	11	12	1.0
OG_17453	9	10	10	0.9111
OG_17454	10	10	11	0.9556
OG_17455	2	2	2	1.0
OG_17456	3	4	4	1.0
OG_17457	9	9	9	1.0
OG_17458	10	11	11	1.0
OG_17459	2	2	2	1.0
OG_17460	10	85	90	0.7846
OG_17461	14	14	15	1.0
OG_17462	5	5	5	1.0
OG_17463	8	9	9	1.0
OG_17464	2	3	4	1.0
OG_17465	3	3	7	1.0
OG_17466	2	2	2	1.0
OG_17467	12	14	14	1.0
OG_17468	9	10	12	1.0
OG_17469	10	15	16	1.0
OG_17470	10	13	13	1.0
OG_17471	2	4	4	1.0
OG_17472	4	5	5	1.0
OG_17473	3	14	16	0.9121
OG_17474	2	2	2	1.0
OG_17475	10	29	31	0.8842
OG_17476	5	7	7	1.0
OG_17477	4	7	8	1.0
OG_17478	2	3	3	1.0
OG_17479	2	3	4	1.0
OG_17480	2	4	4	1.0
OG_17481	3	4	4	1.0
OG_17482	2	3	3	1.0
OG_17483	2	2	2	1.0
OG_17484	2	2	2	1.0
OG_17485	2	2	2	1.0
OG_17486	2	3	7	1.0
OG_17487	2	4	4	0.6667
OG_17488	2	3	3	1.0
OG_17489	2	5	5	1.0
OG_17490	7	10	10	0.8444
OG_17491	2	2	2	1.0
OG_17492	3	3	4	1.0
OG_17493	2	2	2	1.0
OG_17494	2	3	3	1.0
OG_17495	7	9	9	1.0
OG_17496	10	12	12	0.8485
OG_17497	7	7	7	1.0
OG_17498	4	5	5	1.0
OG_17499	2	2	2	1.0
OG_17500	2	2	2	1.0
OG_17501	2	2	2	1.0
OG_17502	6	6	6	1.0
OG_17503	3	3	8	1.0
OG_17504	2	2	8	1.0
OG_17505	4	4	9	1.0
OG_17506	2	2	5	1.0
OG_17507	7	7	10	1.0
OG_17508	7	18	23	1.0
OG_17509	3	3	4	1.0
OG_17510	8	9	10	1.0
OG_17511	5	5	9	1.0
OG_17512	5	5	6	0.8
OG_17513	4	4	6	0.6667
OG_17514	8	9	9	1.0
OG_17515	2	2	3	1.0
OG_17516	2	2	2	1.0
OG_17517	2	3	9	0.6667
OG_17518	8	8	9	0.7857
OG_17519	12	13	13	1.0
OG_17520	2	3	7	0.6667
OG_17521	3	3	5	1.0
OG_17522	2	2	2	1.0
OG_17523	2	3	4	1.0
OG_17524	2	2	2	1.0
OG_17525	6	6	6	0.8
OG_17526	6	6	6	1.0
OG_17527	5	5	5	1.0
OG_17528	2	2	2	1.0
OG_17529	2	3	4	1.0
OG_17530	2	2	2	1.0
OG_17531	2	2	2	1.0
OG_17532	9	9	9	1.0
OG_17533	9	9	9	1.0
OG_17534	2	7	7	0.619
OG_17535	2	2	2	1.0
OG_17536	4	4	4	1.0
OG_17537	2	4	6	0.6667
OG_17538	10	10	10	1.0
OG_17539	2	2	2	1.0
OG_17540	3	12	16	0.4091
OG_17541	11	11	11	1.0
OG_17542	4	5	5	1.0
OG_17543	3	3	8	0.6667
OG_17544	4	4	4	1.0
OG_17545	6	7	7	1.0
OG_17546	2	2	2	1.0
OG_17547	10	10	15	1.0
OG_17548	3	3	3	1.0
OG_17549	6	6	6	1.0
OG_17550	2	2	2	1.0
OG_17551	3	3	3	1.0
OG_17552	10	10	10	0.8889
OG_17553	2	2	2	1.0
OG_17554	10	14	14	1.0
OG_17555	8	8	8	1.0
OG_17556	2	2	3	1.0
OG_17557	2	2	2	1.0
OG_17558	4	4	4	1.0
OG_17559	7	7	7	1.0
OG_17560	2	2	2	1.0
OG_17561	10	16	17	0.9917
OG_17562	4	5	6	1.0
OG_17563	2	2	4	1.0
OG_17564	2	2	2	1.0
OG_17565	2	2	2	1.0
OG_17566	7	8	8	1.0
OG_17567	8	8	8	1.0
OG_17568	10	12	12	1.0
OG_17569	3	3	3	1.0
OG_17570	8	9	9	1.0
OG_17571	2	3	3	1.0
OG_17572	10	10	10	1.0
OG_17573	3	3	3	1.0
OG_17574	6	8	8	1.0
OG_17575	9	13	15	1.0
OG_17576	4	5	5	1.0
OG_17577	8	11	11	1.0
OG_17578	9	10	10	1.0
OG_17579	10	15	19	0.7714
OG_17580	12	15	16	1.0
OG_17581	6	6	6	1.0
OG_17582	8	9	9	1.0
OG_17583	12	12	12	1.0
OG_17584	9	10	12	1.0
OG_17585	11	14	14	1.0
OG_17586	13	13	13	1.0
OG_17587	4	6	6	1.0
OG_17588	8	9	9	1.0
OG_17589	5	6	6	1.0
OG_17590	7	7	7	1.0
OG_17591	8	9	9	1.0
OG_17592	2	3	4	1.0
OG_17593	2	3	3	1.0
OG_17594	3	3	6	1.0
OG_17595	2	2	5	1.0
OG_17596	2	3	3	1.0
OG_17597	2	2	2	1.0
OG_17598	4	6	6	1.0
OG_17599	2	6	6	1.0
OG_17600	2	3	3	1.0
OG_17601	2	2	2	1.0
OG_17602	5	6	6	1.0
OG_17603	5	6	6	1.0
OG_17604	2	3	5	1.0
OG_17605	3	5	6	1.0
OG_17606	2	2	3	1.0
OG_17607	2	2	2	1.0
OG_17608	4	10	10	1.0
OG_17609	2	2	2	1.0
OG_17610	2	4	4	1.0
OG_17611	7	7	7	1.0
OG_17612	3	5	5	1.0
OG_17613	2	2	2	1.0
OG_17614	2	3	3	1.0
OG_17615	2	2	2	1.0
OG_17616	2	2	2	1.0
OG_17617	3	4	4	0.6667
OG_17618	7	11	17	0.9091
OG_17619	2	2	4	1.0
OG_17620	4	4	4	1.0
OG_17621	2	4	5	1.0
OG_17622	2	3	3	1.0
OG_17623	8	8	8	1.0
OG_17624	6	6	6	1.0
OG_17625	2	2	2	1.0
OG_17626	2	2	2	1.0
OG_17627	2	2	2	1.0
OG_17628	10	10	11	1.0
OG_17629	2	2	2	1.0
OG_17630	2	2	2	1.0
OG_17631	2	2	2	1.0
OG_17632	2	3	3	1.0
OG_17633	4	8	9	0.8214
OG_17634	5	5	5	1.0
OG_17635	2	2	2	1.0
OG_17636	2	2	2	1.0
OG_17637	2	2	2	1.0
OG_17638	2	2	2	1.0
OG_17639	2	2	2	1.0
OG_17640	8	8	8	1.0
OG_17641	9	9	9	1.0
OG_17642	2	2	2	1.0
OG_17643	4	4	4	1.0
OG_17644	2	4	4	1.0
OG_17645	2	2	2	1.0
OG_17646	7	8	12	1.0
OG_17647	5	6	6	1.0
OG_17648	8	17	17	1.0
OG_17649	10	10	11	1.0
OG_17650	7	14	14	0.6703
OG_17651	4	5	5	1.0
OG_17652	4	4	5	1.0
OG_17653	5	6	6	1.0
OG_17654	6	9	10	1.0
OG_17655	5	7	7	1.0
OG_17656	3	4	4	1.0
OG_17657	7	17	17	0.6324
OG_17658	5	5	5	1.0
OG_17659	7	14	14	0.6154
OG_17660	6	6	6	1.0
OG_17661	8	15	15	1.0
OG_17662	4	9	9	0.7778
OG_17663	5	6	6	1.0
OG_17664	7	27	27	0.7778
OG_17665	7	8	9	1.0
OG_17666	9	12	12	1.0
OG_17667	4	6	6	0.7333
OG_17668	8	18	19	1.0
OG_17669	7	8	8	1.0
OG_17670	7	15	15	1.0
OG_17671	3	5	5	0.9
OG_17672	9	10	10	1.0
OG_17673	7	8	8	1.0
OG_17674	3	3	3	1.0
OG_17675	7	7	7	1.0
OG_17676	3	3	3	1.0
OG_17677	7	14	14	1.0
OG_17678	6	7	7	1.0
OG_17679	6	10	10	0.9778
OG_17680	5	5	5	1.0
OG_17681	7	8	8	1.0
OG_17682	6	7	7	1.0
OG_17683	7	9	9	1.0
OG_17684	7	40	42	0.5885
OG_17685	8	9	9	1.0
OG_17686	4	4	4	1.0
OG_17687	2	2	2	1.0
OG_17688	3	3	3	1.0
OG_17689	5	6	7	1.0
OG_17690	7	7	7	1.0
OG_17691	2	2	2	1.0
OG_17692	3	3	4	1.0
OG_17693	2	4	5	1.0
OG_17694	2	3	3	1.0
OG_17695	2	2	2	1.0
OG_17696	2	2	2	1.0
OG_17697	5	7	9	1.0
OG_17698	3	7	7	1.0
OG_17699	8	12	12	0.6667
OG_17700	3	5	5	1.0
OG_17701	2	2	2	1.0
OG_17702	5	8	8	1.0
OG_17703	2	8	8	1.0
OG_17704	2	3	3	1.0
OG_17705	3	5	7	1.0
OG_17706	3	8	8	1.0
OG_17707	2	2	2	1.0
OG_17708	6	9	11	1.0
OG_17709	3	4	4	1.0
OG_17710	2	2	2	1.0
OG_17711	2	3	3	1.0
OG_17712	3	3	4	1.0
OG_17713	2	3	3	1.0
OG_17714	2	2	2	1.0
OG_17715	8	14	14	1.0
OG_17716	4	4	4	1.0
OG_17717	3	4	4	1.0
OG_17718	3	5	5	1.0
OG_17719	3	6	6	1.0
OG_17720	2	3	3	1.0
OG_17721	2	3	3	1.0
OG_17722	2	4	4	1.0
OG_17723	2	2	2	1.0
OG_17724	2	2	2	1.0
OG_17725	2	2	2	1.0
OG_17726	2	2	2	1.0
OG_17727	7	14	14	1.0
OG_17728	2	2	2	1.0
OG_17729	2	2	2	1.0
OG_17730	3	7	7	1.0
OG_17731	3	4	4	1.0
OG_17732	2	3	3	1.0
OG_17733	4	11	14	1.0
OG_17734	2	2	2	1.0
OG_17735	4	6	9	1.0
OG_17736	2	2	2	1.0
OG_17737	2	2	2	1.0
OG_17738	4	4	4	1.0
OG_17739	2	2	2	1.0
OG_17740	3	4	4	1.0
OG_17741	2	3	3	1.0
OG_17742	2	2	2	1.0
OG_17743	4	6	6	1.0
OG_17744	2	2	4	1.0
OG_17745	2	2	4	1.0
OG_17746	2	2	2	1.0
OG_17747	2	2	3	1.0
OG_17748	2	3	5	1.0
OG_17749	3	4	5	1.0
OG_17750	2	2	3	1.0
OG_17751	2	2	3	1.0
OG_17752	2	3	4	1.0
OG_17753	2	2	5	1.0
OG_17754	3	4	6	1.0
OG_17755	2	3	5	1.0
OG_17756	2	2	3	1.0
OG_17757	3	8	10	0.7857
OG_17758	2	2	4	1.0
OG_17759	2	2	4	1.0
OG_17760	2	3	4	1.0
OG_17761	2	2	2	1.0
OG_17762	2	2	2	1.0
OG_17763	2	2	2	1.0
OG_17764	2	2	3	1.0
OG_17765	2	2	3	1.0
OG_17766	2	6	6	1.0
OG_17767	2	2	2	1.0
OG_17768	2	2	2	1.0
OG_17769	2	4	4	1.0
OG_17770	2	2	2	1.0
OG_17771	2	2	7	1.0
OG_17772	2	2	5	1.0
OG_17773	2	2	6	1.0
OG_17774	2	2	8	1.0
OG_17775	2	2	2	1.0
OG_17776	2	2	3	1.0
OG_17777	2	2	4	1.0
OG_17778	2	2	2	1.0
OG_17779	10	15	16	0.8571
OG_17780	2	2	2	1.0
OG_17781	2	2	5	1.0
OG_17782	2	2	2	1.0
OG_17783	2	2	5	1.0
OG_17784	2	3	6	1.0
OG_17785	2	2	2	1.0
OG_17786	2	2	2	1.0
OG_17787	2	2	2	1.0
OG_17788	2	2	2	1.0
OG_17789	2	2	2	1.0
OG_17790	6	6	8	1.0
OG_17791	2	3	3	1.0
OG_17792	2	2	2	1.0
OG_17793	2	2	2	1.0
OG_17794	2	2	2	1.0
OG_17795	2	2	2	1.0
OG_17796	2	2	6	1.0
OG_17797	2	2	2	1.0
OG_17798	5	6	7	1.0
OG_17799	2	3	3	1.0
OG_17800	2	2	2	1.0
OG_17801	2	2	2	1.0
OG_17802	3	4	4	1.0
OG_17803	2	2	3	1.0
OG_17804	2	2	2	1.0
OG_17805	2	2	3	1.0
OG_17806	3	3	4	1.0
OG_17807	2	2	2	1.0
OG_17808	2	2	2	1.0
OG_17809	2	2	2	1.0
OG_17810	2	2	2	1.0
OG_17811	2	5	6	1.0
OG_17812	2	2	3	1.0
OG_17813	2	2	2	1.0
OG_17814	2	2	2	1.0
OG_17815	2	4	4	1.0
OG_17816	2	2	2	1.0
OG_17817	2	2	2	1.0
OG_17818	3	4	4	1.0
OG_17819	2	2	2	1.0
OG_17820	3	4	4	1.0
OG_17821	2	2	2	1.0
OG_17822	2	2	2	1.0
OG_17823	8	8	8	1.0
OG_17824	2	2	4	1.0
OG_17825	2	2	9	1.0
OG_17826	2	2	2	1.0
OG_17827	2	3	4	1.0
OG_17828	2	3	4	1.0
OG_17829	2	2	2	1.0
OG_17830	2	2	2	1.0
OG_17831	2	2	2	1.0
OG_17832	3	3	3	1.0
OG_17833	2	3	3	0.6667
OG_17834	2	2	2	1.0
OG_17835	2	2	2	1.0
OG_17836	2	2	5	1.0
OG_17837	2	2	2	1.0
OG_17838	2	2	2	1.0
OG_17839	2	2	2	1.0
OG_17840	2	2	2	1.0
OG_17841	2	2	3	1.0
OG_17842	2	2	2	1.0
OG_17843	2	2	3	1.0
OG_17844	2	2	2	1.0
OG_17845	2	2	4	1.0
OG_17846	2	2	3	1.0
OG_17847	2	2	3	1.0
OG_17848	2	2	3	1.0
OG_17849	2	2	2	1.0
OG_17850	2	3	4	1.0
OG_17851	5	7	7	1.0
OG_17852	2	2	2	1.0
OG_17853	2	2	2	1.0
OG_17854	2	2	4	1.0
OG_17855	2	2	2	1.0
OG_17856	3	4	4	0.6667
OG_17857	3	3	4	1.0
OG_17858	2	2	2	1.0
OG_17859	2	5	7	1.0
OG_17860	2	2	2	1.0
OG_17861	2	2	3	1.0
OG_17862	2	2	4	1.0
OG_17863	2	2	2	1.0
OG_17864	2	2	2	1.0
OG_17865	2	2	2	1.0
OG_17866	2	2	2	1.0
OG_17867	3	4	5	1.0
OG_17868	2	6	14	0.6
OG_17869	2	2	2	1.0
OG_17870	2	2	2	1.0
OG_17871	4	5	5	1.0
OG_17872	3	4	5	1.0
OG_17873	2	2	4	1.0
OG_17874	2	2	2	1.0
OG_17875	2	2	2	1.0
OG_17876	2	2	3	1.0
OG_17877	2	2	5	1.0
OG_17878	2	13	17	0.8333
OG_17879	2	15	21	0.5714
OG_17880	2	2	2	1.0
OG_17881	2	2	2	1.0
OG_17882	2	3	5	1.0
OG_17883	3	4	5	1.0
OG_17884	2	4	8	1.0
OG_17885	2	2	4	1.0
OG_17886	2	4	5	1.0
OG_17887	2	3	6	1.0
OG_17888	2	4	4	1.0
OG_17889	2	3	9	1.0
OG_17890	2	2	3	1.0
OG_17891	2	3	3	1.0
OG_17892	2	3	4	1.0
OG_17893	2	2	2	1.0
OG_17894	2	3	3	1.0
OG_17895	3	4	4	1.0
OG_17896	2	3	3	1.0
OG_17897	2	3	3	1.0
OG_17898	2	2	2	1.0
OG_17899	2	3	3	1.0
OG_17900	2	2	2	1.0
OG_17901	2	2	3	1.0
OG_17902	2	4	4	1.0
OG_17903	2	2	9	1.0
OG_17904	2	3	5	0.6667
OG_17905	2	3	3	1.0
OG_17906	2	2	2	1.0
OG_17907	2	2	3	1.0
OG_17908	2	3	4	1.0
OG_17909	2	2	2	1.0
OG_17910	2	2	4	1.0
OG_17911	2	2	2	1.0
OG_17912	2	2	2	1.0
OG_17913	2	3	3	1.0
OG_17914	2	2	2	1.0
OG_17915	2	3	3	1.0
OG_17916	2	2	3	1.0
OG_17917	2	2	4	1.0
OG_17918	2	3	3	1.0
OG_17919	2	4	4	1.0
OG_17920	2	2	2	1.0
OG_17921	2	2	2	1.0
OG_17922	3	4	5	1.0
OG_17923	2	4	4	1.0
OG_17924	2	2	2	1.0
OG_17925	2	2	2	1.0
OG_17926	2	3	4	1.0
OG_17927	2	3	4	1.0
OG_17928	2	2	5	1.0
OG_17929	2	3	5	1.0
OG_17930	2	3	4	1.0
OG_17931	2	3	3	1.0
OG_17932	2	4	4	1.0
OG_17933	2	2	2	1.0
OG_17934	2	3	3	1.0
OG_17935	2	2	2	1.0
OG_17936	2	4	7	1.0
OG_17937	2	2	3	1.0
OG_17938	3	3	4	1.0
OG_17939	3	3	3	1.0
OG_17940	3	3	3	0.6667
OG_17941	2	2	2	1.0
OG_17942	2	2	2	1.0
OG_17943	3	3	3	0.6667
OG_17944	2	2	2	1.0
OG_17945	2	2	2	1.0
OG_17946	2	2	2	1.0
OG_17947	2	2	2	1.0
OG_17948	2	2	2	1.0
OG_17949	2	2	2	1.0
OG_17950	3	3	3	1.0
OG_17951	2	2	3	1.0
OG_17952	6	7	7	1.0
OG_17953	2	2	2	1.0
OG_17954	2	2	2	1.0
OG_17955	2	3	3	0.6667
OG_17956	2	2	2	1.0
OG_17957	2	2	2	1.0
OG_17958	2	2	2	1.0
OG_17959	2	2	2	1.0
OG_17960	3	3	3	1.0
OG_17961	6	8	10	1.0
OG_17962	3	4	4	1.0
OG_17963	6	12	13	1.0
OG_17964	2	2	2	1.0
OG_17965	2	3	3	1.0
OG_17966	2	3	4	1.0
OG_17967	2	5	8	0.8
OG_17968	2	3	3	1.0
OG_17969	6	6	7	1.0
OG_17970	2	2	3	1.0
OG_17971	4	5	7	1.0
OG_17972	2	2	2	1.0
OG_17973	2	2	2	1.0
OG_17974	3	3	4	1.0
OG_17975	3	4	4	1.0
OG_17976	4	5	5	1.0
OG_17977	4	5	7	1.0
OG_17978	6	11	12	1.0
OG_17979	5	5	5	1.0
OG_17980	2	2	2	1.0
OG_17981	5	6	6	1.0
OG_17982	5	5	7	1.0
OG_17983	7	7	8	1.0
OG_17984	2	7	7	1.0
OG_17985	5	6	8	1.0
OG_17986	5	5	5	1.0
OG_17987	2	2	2	1.0
OG_17988	2	2	2	1.0
OG_17989	2	2	2	1.0
OG_17990	2	2	2	1.0
OG_17991	2	2	2	1.0
OG_17992	7	7	8	1.0
OG_17993	2	2	2	1.0
OG_17994	2	4	4	1.0
OG_17995	2	2	2	1.0
OG_17996	2	2	2	1.0
OG_17997	7	7	7	1.0
OG_17998	3	3	3	1.0
OG_17999	3	4	4	1.0
OG_18000	5	5	5	1.0
OG_18001	6	6	6	1.0
OG_18002	5	5	6	0.7
OG_18003	2	2	2	1.0
OG_18004	2	2	2	1.0
OG_18005	6	6	6	1.0
OG_18006	2	2	2	1.0
OG_18007	7	7	7	1.0
OG_18008	2	3	3	1.0
OG_18009	7	7	12	1.0
OG_18010	5	9	9	1.0
OG_18011	5	7	9	1.0
OG_18012	4	4	4	1.0
OG_18013	2	3	3	1.0
OG_18014	3	3	3	1.0
OG_18015	6	6	6	1.0
OG_18016	2	2	2	1.0
OG_18017	3	3	3	1.0
OG_18018	2	2	4	1.0
OG_18019	2	2	2	1.0
OG_18020	2	3	3	1.0
OG_18021	5	6	7	1.0
OG_18022	3	3	3	1.0
OG_18023	2	2	2	1.0
OG_18024	6	6	10	1.0
OG_18025	6	10	11	1.0
OG_18026	4	4	4	1.0
OG_18027	3	3	3	1.0
OG_18028	2	2	2	1.0
OG_18029	5	10	10	1.0
OG_18030	2	2	2	1.0
OG_18031	2	2	2	1.0
OG_18032	2	2	2	1.0
OG_18033	7	7	7	1.0
OG_18034	2	2	2	1.0
OG_18035	2	2	2	1.0
OG_18036	2	3	3	1.0
OG_18037	2	3	3	1.0
OG_18038	5	7	8	1.0
OG_18039	2	3	3	1.0
OG_18040	5	5	5	1.0
OG_18041	3	3	3	1.0
OG_18042	3	3	3	1.0
OG_18043	5	8	8	1.0
OG_18044	2	2	3	1.0
OG_18045	2	3	3	1.0
OG_18046	3	4	4	1.0
OG_18047	2	2	2	1.0
OG_18048	2	2	2	1.0
OG_18049	2	2	2	1.0
OG_18050	3	3	3	1.0
OG_18051	4	4	4	1.0
OG_18052	2	3	4	1.0
OG_18053	2	2	2	1.0
OG_18054	3	6	10	0.9333
OG_18055	5	6	7	1.0
OG_18056	6	7	9	1.0
OG_18057	2	2	3	1.0
OG_18058	4	5	7	1.0
OG_18059	2	3	4	1.0
OG_18060	6	16	21	1.0
OG_18061	4	10	10	1.0
OG_18062	3	3	3	1.0
OG_18063	2	3	3	1.0
OG_18064	2	3	4	1.0
OG_18065	2	2	2	1.0
OG_18066	3	8	8	1.0
OG_18067	3	5	5	0.5
OG_18068	2	5	5	1.0
OG_18069	6	7	7	1.0
OG_18070	5	9	9	1.0
OG_18071	5	6	6	1.0
OG_18072	3	6	9	1.0
OG_18073	3	3	3	1.0
OG_18074	6	18	30	0.634
OG_18075	2	2	2	1.0
OG_18076	4	8	8	0.9286
OG_18077	4	4	6	1.0
OG_18078	4	4	4	1.0
OG_18079	6	8	8	1.0
OG_18080	3	7	7	1.0
OG_18081	2	2	2	1.0
OG_18082	3	4	4	1.0
OG_18083	4	5	5	1.0
OG_18084	4	6	6	1.0
OG_18085	4	4	4	1.0
OG_18086	2	4	4	1.0
OG_18087	4	4	4	1.0
OG_18088	4	5	5	1.0
OG_18089	2	4	4	1.0
OG_18090	3	3	3	1.0
OG_18091	5	7	7	1.0
OG_18092	2	4	4	1.0
OG_18093	2	4	4	1.0
OG_18094	2	7	11	0.619
OG_18095	2	4	4	1.0
OG_18096	3	11	11	0.9636
OG_18097	2	3	3	1.0
OG_18098	3	3	3	1.0
OG_18099	4	4	4	1.0
OG_18100	7	12	14	0.7121
OG_18101	3	4	4	1.0
OG_18102	6	6	6	1.0
OG_18103	4	4	5	1.0
OG_18104	5	7	8	0.8571
OG_18105	3	4	4	1.0
OG_18106	2	3	3	1.0
OG_18107	2	3	3	1.0
OG_18108	4	6	7	1.0
OG_18109	6	7	8	1.0
OG_18110	2	3	3	1.0
OG_18111	3	9	9	1.0
OG_18112	2	2	2	1.0
OG_18113	2	3	3	1.0
OG_18114	2	3	3	1.0
OG_18115	3	7	7	0.9048
OG_18116	3	6	6	1.0
OG_18117	2	5	5	1.0
OG_18118	3	4	4	1.0
OG_18119	2	3	3	1.0
OG_18120	5	13	21	1.0
OG_18121	6	7	7	1.0
OG_18122	6	6	6	1.0
OG_18123	5	5	5	1.0
OG_18124	2	2	2	1.0
OG_18125	3	4	4	1.0
OG_18126	7	11	11	1.0
OG_18127	4	5	6	1.0
OG_18128	2	4	4	1.0
OG_18129	6	7	7	1.0
OG_18130	2	3	3	1.0
OG_18131	4	5	5	1.0
OG_18132	5	7	7	1.0
OG_18133	3	4	4	1.0
OG_18134	2	2	2	1.0
OG_18135	2	2	2	1.0
OG_18136	2	3	3	1.0
OG_18137	4	4	4	1.0
OG_18138	3	8	8	0.7143
OG_18139	4	5	5	1.0
OG_18140	3	4	5	1.0
OG_18141	6	7	7	1.0
OG_18142	2	3	3	1.0
OG_18143	3	3	3	1.0
OG_18144	3	3	3	1.0
OG_18145	3	7	7	0.7619
OG_18146	6	8	8	1.0
OG_18147	4	11	11	1.0
OG_18148	2	2	2	1.0
OG_18149	4	6	6	1.0
OG_18150	2	3	3	1.0
OG_18151	2	3	3	1.0
OG_18152	2	3	3	1.0
OG_18153	2	5	5	1.0
OG_18154	2	3	3	1.0
OG_18155	5	7	7	1.0
OG_18156	2	3	3	1.0
OG_18157	3	4	4	1.0
OG_18158	4	16	16	0.7917
OG_18159	2	2	2	1.0
OG_18160	2	2	2	1.0
OG_18161	2	3	3	1.0
OG_18162	2	3	3	1.0
OG_18163	2	2	2	1.0
OG_18164	2	3	3	1.0
OG_18165	2	2	2	1.0
OG_18166	2	3	3	1.0
OG_18167	2	2	2	1.0
OG_18168	2	2	2	1.0
OG_18169	2	2	2	1.0
OG_18170	5	10	10	1.0
OG_18171	2	2	2	1.0
OG_18172	4	5	5	1.0
OG_18173	4	4	4	1.0
OG_18174	2	3	3	1.0
OG_18175	2	3	6	1.0
OG_18176	2	3	4	1.0
OG_18177	2	2	2	1.0
OG_18178	2	2	2	1.0
OG_18179	2	2	2	1.0
OG_18180	2	2	2	1.0
OG_18181	2	2	2	1.0
OG_18182	2	3	3	1.0
OG_18183	2	2	2	1.0
OG_18184	2	2	2	1.0
OG_18185	2	2	2	1.0
OG_18186	2	2	4	1.0
OG_18187	2	2	2	1.0
OG_18188	2	2	2	1.0
OG_18189	2	4	7	1.0
OG_18190	2	2	2	1.0
OG_18191	2	2	3	1.0
OG_18192	2	3	3	1.0
OG_18193	3	4	4	1.0
OG_18194	2	3	3	1.0
OG_18195	2	2	2	1.0
OG_18196	2	2	2	1.0
OG_18197	2	2	2	1.0
OG_18198	2	2	2	1.0
OG_18199	2	2	2	1.0
OG_18200	2	3	3	1.0
OG_18201	2	2	2	1.0
OG_18202	2	2	2	1.0
OG_18203	2	2	4	1.0
OG_18204	2	2	2	1.0
OG_18205	2	2	2	1.0
OG_18206	2	2	2	1.0
OG_18207	2	5	5	0.9
OG_18208	2	2	2	1.0
OG_18209	2	2	2	1.0
OG_18210	2	2	2	1.0
OG_18211	2	2	2	1.0
OG_18212	2	3	3	1.0
OG_18213	2	2	2	1.0
OG_18214	2	4	5	1.0
OG_18215	2	4	6	0.8333
OG_18216	2	6	10	1.0
OG_18217	2	5	6	1.0
OG_18218	2	8	10	0.9643
OG_18219	2	8	9	1.0
OG_18220	2	3	4	1.0
OG_18221	2	7	7	0.8095
OG_18222	2	4	5	1.0
OG_18223	2	4	5	1.0
OG_18224	2	3	3	1.0
OG_18225	2	5	6	1.0
OG_18226	2	2	2	1.0
OG_18227	2	10	10	0.6889
OG_18228	2	3	3	1.0
OG_18229	2	6	6	1.0
OG_18230	2	2	2	1.0
OG_18231	2	6	6	0.8667
OG_18232	2	2	2	1.0
OG_18233	4	8	8	1.0
OG_18234	2	5	8	1.0
OG_18235	2	3	3	1.0
OG_18236	2	2	2	1.0
OG_18237	2	5	5	1.0
OG_18238	3	4	4	1.0
OG_18239	2	3	3	1.0
OG_18240	2	3	3	1.0
OG_18241	2	3	3	1.0
OG_18242	2	6	6	1.0
OG_18243	2	3	3	1.0
OG_18244	3	5	5	1.0
OG_18245	2	3	3	1.0
OG_18246	5	9	9	1.0
OG_18247	2	5	5	1.0
OG_18248	2	3	3	1.0
OG_18249	2	3	6	1.0
OG_18250	3	4	4	1.0
OG_18251	3	10	14	0.5778
OG_18252	2	2	2	1.0
OG_18253	3	3	4	1.0
OG_18254	2	2	2	1.0
OG_18255	2	2	2	1.0
OG_18256	2	2	2	1.0
OG_18257	3	3	3	1.0
OG_18258	3	3	3	1.0
OG_18259	3	3	3	1.0
OG_18260	2	2	2	1.0
OG_18261	2	2	2	1.0
OG_18262	2	2	2	1.0
OG_18263	2	2	2	1.0
OG_18264	2	2	2	1.0
OG_18265	2	2	2	1.0
OG_18266	2	3	3	1.0
OG_18267	3	4	4	1.0
OG_18268	3	3	3	1.0
OG_18269	2	2	2	1.0
OG_18270	3	4	6	1.0
OG_18271	3	5	8	1.0
OG_18272	2	4	6	0.8333
OG_18273	3	5	6	1.0
OG_18274	2	5	7	1.0
OG_18275	3	7	13	0.4762
OG_18276	2	2	3	1.0
OG_18277	3	5	12	1.0
OG_18278	2	2	2	1.0
OG_18279	3	6	7	1.0
OG_18280	3	3	5	1.0
OG_18281	2	6	6	1.0
OG_18282	3	4	4	1.0
OG_18283	2	2	2	1.0
OG_18284	3	8	9	1.0
OG_18285	3	4	4	1.0
OG_18286	2	3	3	1.0
OG_18287	2	4	4	1.0
OG_18288	2	2	2	1.0
OG_18289	3	3	3	1.0
OG_18290	2	3	3	1.0
OG_18291	3	4	4	1.0
OG_18292	3	4	4	1.0
OG_18293	2	2	3	1.0
OG_18294	2	3	3	1.0
OG_18295	2	2	2	1.0
OG_18296	2	3	3	1.0
OG_18297	2	3	3	1.0
OG_18298	2	2	2	1.0
OG_18299	2	2	2	1.0
OG_18300	2	2	2	1.0
OG_18301	2	2	2	1.0
OG_18302	3	3	3	0.6667
OG_18303	2	2	2	1.0
OG_18304	2	2	2	1.0
OG_18305	2	2	2	1.0
OG_18306	2	2	2	1.0
OG_18307	2	2	2	1.0
OG_18308	2	3	3	1.0
OG_18309	2	3	3	1.0
OG_18310	3	4	4	1.0
OG_18311	2	3	5	1.0
OG_18312	3	4	4	1.0
OG_18313	2	3	3	1.0
OG_18314	2	2	2	1.0
OG_18315	2	2	2	1.0
OG_18316	2	2	2	1.0
OG_18317	2	2	2	1.0
OG_18318	2	2	2	1.0
OG_18319	2	2	2	1.0
OG_18320	2	2	2	1.0
OG_18321	2	2	2	1.0
OG_18322	2	3	3	1.0
OG_18323	2	2	2	1.0
OG_18324	2	2	2	1.0
OG_18325	2	3	3	0.6667
OG_18326	2	2	3	1.0
OG_18327	2	2	2	1.0
OG_18328	2	2	2	1.0
OG_18329	2	2	2	1.0
OG_18330	2	3	3	1.0
OG_18331	2	3	3	0.6667
OG_18332	2	3	3	1.0
OG_18333	2	4	4	1.0
OG_18334	2	2	2	1.0
OG_18335	2	2	2	1.0
OG_18336	2	2	5	1.0
