#OG_name	Amur_proteins.faa	Apoc_proteins.faa	Mcap_proteins.faa	Spis_proteins.faa	Pcom_proteins.faa	Hsym_proteins.faa	Ahya_proteins.faa	Pacu_proteins.faa	Ofav_proteins.faa	Pdam_proteins.faa	Edia_proteins.faa	Nvec_proteins.faa	Acer_proteins.faa	Hvul_proteins.faa	Xesp_proteins.faa
OG_1	4	2	1	2	1	0	5	1	1	2	2	31	3	0	2
OG_2	4	1	1	1	6	2	1	1	1	1	1	2	2	2	1
OG_3	0	0	0	1	1	0	0	1	1	1	0	0	0	0	0
OG_4	2	1	1	1	1	1	1	1	1	2	2	1	1	1	0
OG_5	1	1	1	1	11	4	1	2	1	1	1	3	1	1	1
OG_6	0	6	3	0	3	0	5	0	3	0	2	0	0	0	9
OG_7	2	1	1	4	1	1	3	1	1	2	1	1	2	1	1
OG_8	2	0	0	1	1	0	2	4	1	1	1	1	2	0	1
OG_9	1	1	2	1	2	11	4	2	8	1	3	3	0	3	1
OG_10	0	0	10	0	0	0	2	0	0	0	0	0	1	0	28
OG_11	1	0	1	0	1	1	1	1	1	1	1	1	1	1	1
OG_12	5	1	1	2	1	0	4	1	2	2	1	1	1	0	0
OG_13	2	1	2	1	1	0	1	0	1	1	0	0	1	0	0
OG_14	28	36	32	15	28	3	26	7	11	16	10	11	15	4	14
OG_15	3	1	1	3	1	6	2	1	1	1	3	1	3	2	51
OG_16	8	5	3	5	5	5	3	4	3	4	6	4	7	1	3
OG_17	4	6	4	3	6	1	4	4	7	4	5	7	4	1	1
OG_18	1	1	1	1	1	1	1	1	1	1	1	5	1	3	1
OG_19	1	1	1	1	1	1	1	1	1	1	1	1	1	1	1
OG_20	2	2	2	2	2	2	2	4	2	2	1	4	1	1	1
OG_21	21	1	2	10	2	12	20	19	3	0	2	16	0	0	11
OG_22	2	3	34	0	16	0	2	0	0	0	4	0	1	17	24
OG_23	6	1	3	2	3	1	5	2	2	2	1	2	5	1	5
OG_24	0	0	2	0	0	0	0	0	0	0	0	0	1	0	3
OG_25	4	4	12	0	1	23	19	1	3	0	3	1	19	46	114
OG_26	7	1	1	1	1	2	5	1	1	1	1	3	3	0	0
OG_27	1	0	17	0	0	0	4	0	0	0	0	0	2	0	24
OG_28	2	1	1	1	1	0	1	1	1	1	1	2	1	0	1
OG_29	1	1	1	1	1	2	1	1	1	0	1	2	1	3	1
OG_30	3	3	2	1	1	1	2	1	1	1	1	2	2	1	2
OG_31	1	1	1	1	1	2	1	0	1	1	1	1	1	1	1
OG_32	2	1	0	0	0	0	0	4	0	1	0	0	0	0	0
OG_33	2	5	36	2	9	0	6	1	7	0	7	0	8	0	12
OG_34	1	1	1	1	3	1	2	1	2	2	3	1	1	4	1
OG_35	2	0	2	1	1	1	3	1	1	1	3	1	2	1	0
OG_36	2	2	1	1	1	0	5	1	1	1	1	2	2	0	0
OG_37	3	10	76	2	5	23	10	2	4	0	4	5	19	2	59
OG_38	16	8	8	4	4	0	1	2	4	0	13	0	1	0	47
OG_39	2	3	1	2	1	3	2	1	1	1	1	0	2	1	1
OG_40	2	0	10	0	1	0	1	4	0	0	4	0	0	0	14
OG_41	4	1	1	2	1	0	1	0	1	2	2	2	2	0	0
OG_42	1	1	1	1	1	1	1	1	1	1	1	1	1	0	1
OG_43	3	1	1	1	1	2	4	1	2	1	2	1	3	2	1
OG_44	1	1	1	1	1	1	1	1	1	1	3	1	1	1	1
OG_45	1	1	1	1	1	1	1	1	1	1	3	3	1	3	3
OG_46	1	2	16	0	3	0	3	0	5	0	6	0	3	0	36
OG_47	1	1	2	1	1	1	1	1	4	1	1	3	2	0	1
OG_48	1	2	1	1	1	2	1	1	1	1	1	1	1	2	1
OG_49	4	10	30	0	10	9	14	1	4	0	4	0	2	11	73
OG_50	2	1	1	5	1	0	2	1	0	1	1	0	2	0	1
OG_51	1	1	1	1	1	1	1	1	1	1	1	1	1	1	1
OG_52	8	2	1	2	1	1	1	1	1	1	1	3	4	0	1
OG_53	20	3	36	2	33	0	30	1	15	0	14	5	16	0	31
OG_54	1	1	1	1	1	1	1	1	1	1	1	1	1	1	1
OG_55	16	0	0	0	0	0	4	0	0	0	0	0	6	0	0
OG_56	2	1	1	1	3	0	1	1	1	0	2	1	1	0	0
OG_57	0	0	5	0	2	0	0	0	0	0	0	0	0	0	3
OG_58	1	1	1	2	1	1	1	1	1	1	1	1	1	1	1
OG_59	3	1	1	3	1	2	1	1	2	1	1	0	1	1	1
OG_60	14	4	3	10	3	0	3	3	4	12	4	4	3	0	1
OG_61	1	1	1	2	1	1	1	3	1	5	0	0	1	0	1
OG_62	2	1	1	7	1	0	2	1	1	5	2	1	1	0	0
OG_63	1	1	1	2	1	0	2	1	1	1	1	2	1	0	1
OG_64	1	1	1	1	1	1	1	1	1	1	2	3	1	1	1
OG_65	1	1	1	0	1	0	1	1	1	1	1	1	1	0	0
OG_66	5	4	1	7	1	0	5	1	2	4	1	13	3	0	1
OG_67	11	18	41	10	15	20	20	3	0	1	10	1	26	31	29
OG_68	1	1	1	1	1	0	1	1	1	1	0	0	1	0	0
OG_69	0	0	10	0	1	1	1	0	1	0	0	0	2	0	37
OG_70	2	1	1	1	1	2	1	1	1	1	1	1	1	1	1
OG_71	9	3	7	2	3	7	4	3	3	3	1	5	5	1	2
OG_72	101	8	5	6	11	0	12	3	8	2	0	0	6	0	0
OG_73	4	1	2	10	2	0	4	5	4	8	2	5	3	0	4
OG_74	0	0	0	0	0	0	0	0	0	0	0	0	0	18	10
OG_75	1	1	2	1	1	0	1	1	1	1	1	1	1	0	0
OG_76	2	1	1	4	1	2	1	2	1	2	2	1	1	1	3
OG_77	1	1	1	0	1	0	1	1	1	1	1	1	1	0	1
OG_78	1	1	2	3	1	1	2	1	1	1	1	4	1	1	2
OG_79	1	1	1	1	1	1	1	1	1	1	1	1	1	2	5
OG_80	1	1	1	1	1	1	1	1	1	1	1	1	1	1	2
OG_81	2	1	2	0	1	1	2	0	1	0	0	1	2	0	0
OG_82	1	1	2	1	1	1	1	1	2	1	1	1	1	1	4
OG_83	2	3	1	4	1	0	2	2	2	4	1	0	2	0	0
OG_84	1	0	1	1	1	1	1	1	1	1	1	2	1	1	3
OG_85	0	0	0	0	0	0	3	0	0	0	0	0	1	0	12
OG_86	7	5	2	4	3	0	2	3	2	1	2	1	2	0	0
OG_87	0	37	0	0	7	0	0	0	8	0	8	0	0	0	15
OG_88	2	1	1	1	1	2	2	1	1	1	0	1	2	1	1
OG_89	1	1	1	1	1	0	1	1	1	1	1	1	1	0	1
OG_90	1	1	0	1	1	0	1	1	2	1	2	3	1	0	1
OG_91	1	1	1	1	1	2	1	1	1	1	2	1	1	1	4
OG_92	18	27	1	36	10	6	7	13	33	7	6	2	4	3	6
OG_93	1	1	1	1	1	0	1	1	1	1	0	0	1	0	0
OG_94	2	1	0	2	1	1	1	1	1	1	1	1	1	2	1
OG_95	2	2	20	2	3	0	1	10	6	0	7	0	2	0	22
OG_96	2	4	2	3	8	0	2	3	2	3	2	45	3	0	5
OG_97	4	1	1	1	2	0	5	2	1	1	1	1	2	0	2
OG_98	2	1	1	2	1	2	1	2	2	1	1	3	1	2	4
OG_99	2	1	1	1	1	0	2	1	1	1	0	0	1	0	0
OG_100	2	3	1	2	1	2	2	1	2	1	2	1	2	2	5
OG_101	1	2	2	1	1	0	2	3	0	1	0	2	1	0	0
OG_102	1	1	6	0	0	0	0	0	0	0	0	0	0	0	0
OG_103	1	0	1	0	0	0	1	0	0	0	1	0	1	0	0
OG_104	3	1	1	2	1	1	2	1	1	3	3	8	2	1	1
OG_105	2	1	1	1	1	1	1	1	1	1	1	0	2	2	1
OG_106	5	1	31	0	5	0	14	10	7	1	0	0	3	0	11
OG_107	3	3	1	1	1	1	1	1	1	3	1	1	1	2	1
OG_108	9	5	31	12	8	2	22	0	6	1	9	8	11	0	52
OG_109	1	1	1	3	1	1	1	1	1	1	1	2	1	1	1
OG_110	2	2	2	2	2	7	2	2	2	2	4	10	2	1	20
OG_111	2	1	1	2	1	0	2	1	2	3	2	2	3	0	0
OG_112	1	1	1	1	2	1	1	1	4	1	1	2	1	1	2
OG_113	28	12	9	13	12	23	11	15	21	12	11	11	15	13	13
OG_114	3	1	1	0	1	1	1	1	1	4	1	7	1	0	1
OG_115	0	0	3	0	0	0	0	0	2	0	0	0	0	0	3
OG_116	1	1	1	2	1	0	1	1	1	1	1	2	1	0	1
OG_117	4	6	3	3	3	1	3	3	4	3	2	1	3	0	3
OG_118	1	1	1	1	1	0	2	0	0	1	0	1	1	0	0
OG_119	1	1	1	1	1	4	1	1	2	1	1	1	1	1	1
OG_120	0	0	12	0	4	0	0	1	1	0	5	0	3	0	28
OG_121	4	2	2	3	2	3	3	2	2	3	4	2	3	2	1
OG_122	3	16	43	2	8	3	19	4	8	0	7	9	10	0	44
OG_123	1	1	1	1	1	2	1	1	1	1	1	1	1	2	1
OG_124	456	44	66	94	41	6	95	35	40	36	18	27	79	19	18
OG_125	1	1	1	1	1	1	1	1	1	1	0	1	1	1	1
OG_126	1	2	1	1	1	4	1	1	1	1	2	2	2	1	1
OG_127	2	3	3	4	1	1	3	3	8	5	4	3	3	12	2
OG_128	4	2	2	2	2	0	3	3	6	3	1	2	2	0	0
OG_129	43	139	13	47	3	57	17	7	11	4	31	1	7	5	44
OG_130	21	19	43	3	27	5	15	3	3	2	11	2	32	0	12
OG_131	1	1	1	1	1	1	1	1	2	1	1	3	1	2	1
OG_132	1	0	1	2	1	3	1	1	2	1	1	2	1	1	1
OG_133	41	26	15	11	11	0	6	25	6	3	8	3	2	0	8
OG_134	1	1	1	1	1	7	1	1	1	1	2	1	2	9	0
OG_135	3	4	7	1	3	4	3	8	6	1	2	3	2	1	2
OG_136	1	2	1	2	1	3	1	1	1	1	1	4	3	0	3
OG_137	1	1	1	1	1	1	1	1	1	1	1	1	1	2	1
OG_138	1	2	1	1	1	2	1	0	1	1	1	1	1	1	8
OG_139	0	0	0	0	0	1	0	0	0	0	3	0	0	1	6
OG_140	1	9	1	2	2	0	1	1	2	1	0	0	4	0	0
OG_141	1	1	1	1	1	1	1	1	1	1	1	1	1	1	1
OG_142	3	1	1	4	3	0	3	1	1	1	0	0	4	0	13
OG_143	4	2	1	3	1	6	2	1	1	1	2	1	6	2	1
OG_144	1	1	1	1	1	1	1	1	1	1	1	1	1	0	0
OG_145	0	7	2	3	3	0	0	1	2	1	0	0	0	0	1
OG_146	2	1	1	1	1	0	2	1	1	1	1	1	2	0	1
OG_147	1	1	1	1	1	0	2	1	1	1	2	3	3	0	1
OG_148	2	1	1	4	1	3	1	1	1	1	1	3	1	1	2
OG_149	2	1	1	1	1	1	2	1	1	1	2	1	2	1	2
OG_150	2	1	1	0	2	1	1	2	1	1	2	1	1	2	0
OG_151	4	1	1	1	2	0	1	1	1	1	2	2	1	0	1
OG_152	1	1	1	1	1	4	1	1	1	1	1	5	1	2	2
OG_153	28	7	2	6	5	0	12	8	8	3	4	1	10	0	0
OG_154	0	3	15	1	4	4	3	0	7	0	3	0	4	1	25
OG_155	2	2	1	1	1	1	1	1	1	2	1	3	1	0	1
OG_156	1	2	1	4	1	2	1	2	2	1	1	1	2	3	2
OG_157	6	5	4	4	9	6	3	4	3	4	5	9	4	5	3
OG_158	1	1	1	1	0	0	1	0	0	1	0	0	1	0	0
OG_159	0	16	1	12	9	0	0	5	6	2	5	20	0	0	1
OG_160	1	1	1	1	1	1	1	1	1	1	1	1	1	1	1
OG_161	0	0	1	0	0	0	0	0	0	0	0	0	0	0	3
OG_162	1	0	1	2	1	1	1	6	2	1	1	2	1	1	1
OG_163	2	1	1	2	1	2	1	1	1	1	2	2	1	13	8
OG_164	1	1	1	1	1	1	1	1	1	1	1	7	1	1	1
OG_165	1	1	1	1	1	2	1	1	1	2	1	1	1	2	1
OG_166	6	8	3	7	9	0	3	5	6	2	2	7	3	0	43
OG_167	1	1	1	2	1	1	1	1	1	1	1	2	1	1	3
OG_168	2	1	0	1	1	2	1	1	1	1	1	2	1	0	0
OG_169	5	1	1	2	1	0	1	1	1	1	1	1	1	0	1
OG_170	1	1	1	1	1	0	1	1	0	1	1	2	1	0	1
OG_171	5	3	1	3	2	0	2	2	2	4	1	4	3	0	0
OG_172	1	1	1	1	1	2	2	1	3	1	1	1	2	4	1
OG_173	3	2	1	1	1	2	1	1	1	3	1	1	1	0	3
OG_174	2	1	1	1	1	1	1	1	1	1	1	1	1	1	3
OG_175	4	1	1	3	1	0	2	1	1	1	0	2	2	0	1
OG_176	1	1	1	1	1	0	1	1	1	1	1	1	1	0	1
OG_177	2	1	1	1	1	1	1	1	1	1	2	5	1	0	3
OG_178	1	1	1	1	2	2	1	1	1	1	1	1	1	1	6
OG_179	7	1	14	1	8	0	10	1	0	0	10	0	2	0	12
OG_180	1	1	1	2	1	2	1	1	2	1	3	3	2	2	6
OG_181	2	2	2	1	3	3	3	2	3	3	1	4	2	2	4
OG_182	89	83	30	109	43	4	38	47	40	83	22	30	25	2	29
OG_183	15	5	1	5	5	2	2	2	1	0	0	0	3	0	13
OG_184	1	2	1	1	3	8	1	1	3	2	1	3	3	2	10
OG_185	1	3	2	7	5	0	1	2	1	2	3	2	1	0	11
OG_186	3	2	3	1	1	2	1	1	4	1	1	1	1	1	2
OG_187	1	2	1	3	1	1	1	1	1	1	0	1	1	1	1
OG_188	0	2	11	0	8	0	2	0	2	0	0	0	0	0	0
OG_189	0	6	7	0	6	0	0	11	3	0	0	0	0	15	18
OG_190	2	1	1	1	1	2	1	1	1	1	1	2	1	1	2
OG_191	1	1	1	2	1	3	1	1	2	1	1	1	2	2	1
OG_192	102	38	3	55	83	0	44	68	28	16	40	1	16	1	187
OG_193	1	2	1	1	1	1	1	1	2	1	0	1	1	1	12
OG_194	1	1	1	1	1	0	1	1	1	1	1	1	1	0	0
OG_195	10	2	2	4	2	1	7	2	2	7	3	7	4	1	1
OG_196	3	1	1	1	0	3	2	1	1	1	2	3	1	0	1
OG_197	2	1	1	1	1	1	1	1	1	1	1	1	1	3	1
OG_198	2	1	1	1	1	1	1	1	1	1	1	1	1	2	1
OG_199	2	6	0	6	0	47	3	16	1	1	3	0	2	11	54
OG_200	17	10	16	8	15	1	26	1	0	0	6	0	22	1	0
OG_201	2	1	1	1	1	0	1	1	2	1	0	0	1	0	1
OG_202	2	1	4	1	1	0	1	1	1	1	1	1	1	0	1
OG_203	0	0	2	0	2	0	0	0	0	0	0	0	1	0	5
OG_204	7	1	1	2	1	1	2	1	5	2	1	1	17	1	1
OG_205	1	1	2	1	1	1	1	1	1	1	2	1	1	1	2
OG_206	1	1	1	1	1	2	1	1	1	1	1	2	1	2	1
OG_207	1	1	1	1	2	1	3	1	1	1	1	2	3	0	1
OG_208	0	2	0	0	2	0	0	0	0	0	0	0	0	1	9
OG_209	1	1	1	2	1	2	1	1	1	2	1	2	2	2	1
OG_210	18	1	33	5	7	28	12	0	8	0	14	0	14	0	25
OG_211	2	2	2	0	3	0	0	0	3	0	0	0	0	0	0
OG_212	30	3	3	1	4	11	17	2	2	2	0	3	16	5	10
OG_213	0	0	3	0	5	0	1	1	0	0	1	0	0	0	6
OG_214	0	0	0	0	3	0	4	4	1	0	3	1	4	0	26
OG_215	1	1	1	3	2	2	1	1	2	1	1	1	1	2	6
OG_216	2	1	1	3	1	1	1	1	1	1	1	1	1	0	1
OG_217	2	1	1	1	1	1	2	1	1	1	4	3	1	1	4
OG_218	16	11	8	22	24	13	10	10	10	11	2	1	7	0	6
OG_219	2	5	9	3	0	9	8	1	3	1	4	0	4	2	4
OG_220	134	46	206	25	86	0	18	35	9	3	21	5	5	89	3
OG_221	3	2	2	1	0	1	2	1	2	2	0	1	2	0	1
OG_222	10	4	5	4	4	5	4	3	4	3	3	7	4	3	38
OG_223	1	1	1	1	1	3	1	1	1	1	1	2	1	0	11
OG_224	1	30	34	0	22	0	20	1	1	0	7	0	12	0	15
OG_225	4	1	0	1	1	1	2	1	2	2	1	1	3	1	1
OG_226	2	1	1	1	1	1	1	1	0	1	1	1	1	1	1
OG_227	1	2	10	2	4	0	6	0	0	1	1	0	1	0	5
OG_228	2	2	1	1	2	6	3	1	1	1	1	2	1	0	19
OG_229	12	1	2	1	1	0	1	1	1	6	1	1	0	0	0
OG_230	1	2	2	1	1	1	1	1	3	1	1	1	1	1	1
OG_231	1	2	8	2	1	1	1	1	2	1	2	1	0	3	23
OG_232	2	2	1	1	1	2	2	1	1	1	2	1	2	1	20
OG_233	2	2	6	1	2	1	2	2	2	2	2	2	2	0	0
OG_234	1	1	1	2	1	1	1	2	1	1	2	4	1	3	12
OG_235	1	1	1	1	1	1	2	1	1	1	1	3	1	0	0
OG_236	1	1	1	1	1	1	1	1	1	1	2	2	1	2	1
OG_237	1	1	2	1	1	3	1	1	1	1	1	1	1	1	1
OG_238	1	1	1	1	1	2	1	1	1	2	1	1	1	1	1
OG_239	2	2	1	0	1	0	1	1	2	1	0	0	1	0	1
OG_240	9	6	3	10	9	0	5	14	7	10	4	5	3	1	10
OG_241	1	2	1	1	0	0	1	1	1	1	0	0	2	0	0
OG_242	3	1	2	2	1	1	2	2	1	2	2	1	2	1	1
OG_243	2	2	1	2	1	7	1	1	2	3	2	1	0	4	7
OG_244	2	1	1	1	1	1	1	4	1	2	1	1	1	1	1
OG_245	1	1	2	1	1	1	1	1	1	1	1	1	2	2	1
OG_246	30	25	8	48	32	11	12	28	36	21	5	18	7	9	16
OG_247	4	2	1	2	1	0	1	1	1	2	3	1	1	0	9
OG_248	1	1	1	1	1	1	1	2	1	2	1	1	1	1	1
OG_249	2	75	5	1	16	4	0	5	1	0	3	2	1	11	18
OG_250	2	1	1	2	1	2	1	1	1	1	1	9	1	3	1
OG_251	1	1	1	1	1	1	1	1	2	1	3	2	1	1	1
OG_252	1	1	1	1	1	1	1	1	1	1	1	2	1	2	0
OG_253	1	1	2	0	1	0	2	1	2	1	1	1	1	0	3
OG_254	2	3	3	3	2	1	1	1	1	1	2	1	2	1	10
OG_255	1	1	1	2	1	1	1	1	1	1	0	1	1	1	1
OG_256	0	2	0	0	0	3	0	0	0	0	9	3	0	2	5
OG_257	4	1	3	5	6	1	3	1	2	1	1	1	3	1	1
OG_258	6	3	2	4	2	2	3	1	3	2	1	1	1	1	1
OG_259	1	1	1	1	1	2	1	1	1	1	1	1	1	1	52
OG_260	2	1	1	1	1	2	1	0	1	1	2	13	2	1	1
OG_261	3	1	1	1	1	2	3	1	1	1	1	9	1	4	1
OG_262	1	1	1	1	1	2	1	1	1	1	1	1	1	3	2
OG_263	1	1	2	2	1	1	1	1	1	1	1	1	2	1	1
OG_264	1	1	1	1	1	0	1	1	1	1	1	1	1	0	0
OG_265	1	1	1	1	1	1	1	1	1	1	1	1	1	2	1
OG_266	12	4	4	6	5	3	10	6	7	4	5	2	9	2	8
OG_267	1	1	1	1	1	2	1	1	1	1	1	5	1	1	0
OG_268	0	1	1	1	1	1	1	1	1	1	1	1	1	1	1
OG_269	1	1	2	1	1	2	1	1	2	0	1	1	1	1	1
OG_270	1	0	1	2	2	1	1	1	1	1	1	9	1	1	1
OG_271	1	2	1	1	2	1	1	3	2	1	3	1	1	2	1
OG_272	1	1	1	1	1	1	1	1	1	1	2	1	1	2	1
OG_273	3	6	3	4	11	1	3	3	4	3	3	2	4	1	4
OG_274	21	3	8	13	6	5	26	1	1	3	1	3	16	0	15
OG_275	1	2	1	1	1	2	1	1	1	1	1	1	1	0	1
OG_276	6	3	1	1	1	0	1	1	1	1	0	0	1	0	0
OG_277	10	4	2	2	2	1	5	2	2	1	1	3	2	1	1
OG_278	1	1	1	1	1	2	1	1	1	1	0	2	1	1	1
OG_279	1	1	4	2	2	0	1	1	2	2	1	1	1	0	1
OG_280	1	3	1	3	1	0	1	1	1	1	0	1	1	0	1
OG_281	1	1	1	1	1	2	2	1	1	3	1	1	2	1	2
OG_282	2	1	1	1	1	2	1	1	1	1	1	1	1	0	0
OG_283	4	3	2	1	3	1	2	1	2	2	7	4	2	2	5
OG_284	1	1	1	1	1	1	1	1	1	1	2	1	1	1	1
OG_285	2	1	1	1	1	2	1	1	1	1	1	6	1	0	1
OG_286	1	1	2	1	3	4	1	1	0	1	1	3	2	1	1
OG_287	0	0	0	0	0	5	0	0	0	0	0	0	0	0	4
OG_288	1	1	1	2	1	0	1	1	1	1	1	1	1	0	0
OG_289	1	1	1	1	3	3	1	1	1	1	1	1	1	2	1
OG_290	1	3	1	1	1	0	1	1	1	1	1	2	1	0	1
OG_291	1	2	2	2	2	1	3	2	3	2	2	3	2	1	1
OG_292	2	2	1	1	1	1	2	1	1	1	1	1	4	1	1
OG_293	2	1	1	1	1	1	3	1	1	2	1	1	1	1	2
OG_294	2	1	2	1	1	2	2	1	1	1	1	1	2	2	3
OG_295	28	9	43	1	13	0	18	32	12	2	1	4	19	2	3
OG_296	16	16	14	9	9	1	6	7	17	7	4	3	9	8	3
OG_297	1	1	1	1	1	0	1	1	1	1	1	2	1	0	0
OG_298	1	1	1	3	1	0	1	1	2	1	1	1	1	13	2
OG_299	1	1	1	0	1	1	1	1	1	1	1	0	1	1	2
OG_300	0	5	0	0	7	0	0	0	1	0	2	0	0	0	3
OG_301	18	5	5	20	5	0	6	5	6	16	3	3	7	0	3
OG_302	8	7	8	2	2	2	9	1	1	1	0	0	8	1	2
OG_303	3	2	1	4	11	12	2	1	2	1	4	11	2	5	2
OG_304	1	1	2	1	1	1	1	1	1	2	1	6	1	4	1
OG_305	1	1	1	2	1	2	1	1	1	1	2	7	1	1	2
OG_306	1	1	1	1	1	2	2	1	1	1	1	1	1	1	1
OG_307	2	1	1	0	1	0	1	1	1	1	1	1	1	0	1
OG_308	4	5	2	24	5	0	2	21	0	2	15	0	1	0	48
OG_309	2	1	1	1	1	1	1	1	1	1	1	4	1	1	1
OG_310	1	1	1	1	1	1	1	1	1	1	1	1	1	2	1
OG_311	1	1	1	2	1	1	1	1	1	3	1	4	1	3	4
OG_312	1	1	1	1	1	1	1	1	1	1	1	1	1	1	1
OG_313	1	1	1	1	1	1	1	1	1	1	1	2	1	1	1
OG_314	1	2	1	1	1	4	1	1	1	1	1	3	1	1	1
OG_315	9	2	1	2	1	3	1	1	1	1	1	6	2	1	2
OG_316	1	2	1	2	1	2	2	1	2	1	2	1	1	1	2
OG_317	2	1	0	0	4	0	1	0	3	0	1	7	1	0	0
OG_318	1	3	1	1	1	1	1	1	1	3	1	1	1	2	1
OG_319	14	1	1	4	1	0	3	1	1	7	1	1	2	0	0
OG_320	1	2	1	1	2	0	2	3	3	2	1	0	2	0	0
OG_321	1	2	1	1	1	1	1	1	2	1	0	1	1	0	0
OG_322	2	1	0	1	1	1	1	1	1	1	1	1	1	0	0
OG_323	1	1	1	1	1	0	1	1	1	1	3	8	1	0	0
OG_324	1	1	2	1	2	1	1	2	2	1	2	2	1	1	1
OG_325	1	1	0	1	1	0	1	1	1	1	0	0	1	0	0
OG_326	2	1	1	1	1	1	1	1	1	1	1	1	1	1	1
OG_327	1	2	1	2	1	1	2	1	1	1	1	1	1	1	1
OG_328	2	1	1	1	1	4	3	1	1	1	1	2	1	1	1
OG_329	1	1	1	1	1	0	1	1	1	1	1	2	1	0	0
OG_330	2	1	3	2	1	2	1	3	1	1	2	3	2	2	1
OG_331	2	4	2	2	2	0	2	2	3	2	1	4	2	0	0
OG_332	2	1	1	1	1	0	1	4	1	1	0	0	1	0	0
OG_333	4	0	2	0	0	0	0	0	0	0	0	0	5	0	0
OG_334	1	1	1	1	1	1	1	1	1	1	1	1	1	1	2
OG_335	1	3	2	2	3	0	1	1	1	1	1	2	1	0	1
OG_336	1	1	1	1	1	3	1	1	1	1	1	5	1	2	1
OG_337	1	1	1	1	1	2	2	1	1	1	1	1	2	1	1
OG_338	1	1	1	1	1	6	1	2	1	2	1	1	1	0	0
OG_339	1	1	1	2	1	1	1	1	1	1	1	1	1	1	2
OG_340	1	1	1	1	1	2	1	2	1	1	1	1	1	2	1
OG_341	8	5	4	7	4	5	4	4	5	12	3	6	5	2	0
OG_342	2	1	1	1	1	0	1	2	1	1	1	0	1	0	1
OG_343	1	1	4	2	1	1	1	1	1	1	1	2	1	1	1
OG_344	5	1	0	2	2	0	2	1	2	1	1	1	0	0	0
OG_345	1	1	0	1	1	0	1	1	1	1	0	0	1	0	0
OG_346	3	2	1	1	2	1	2	2	2	1	1	1	2	0	1
OG_347	2	1	0	0	0	0	0	1	1	1	0	0	0	0	0
OG_348	2	1	1	1	2	3	1	1	1	2	1	1	1	2	2
OG_349	8	3	2	1	1	1	2	1	3	1	1	2	2	2	1
OG_350	5	2	1	1	3	0	8	2	1	2	2	1	2	0	3
OG_351	8	2	1	1	1	1	5	2	1	2	2	3	0	3	1
OG_352	1	1	1	1	1	1	1	1	1	1	1	1	1	2	1
OG_353	1	2	1	2	1	1	1	7	1	2	2	1	1	1	1
OG_354	1	1	1	1	1	1	1	1	1	1	1	2	1	1	1
OG_355	42	13	7	1	3	0	3	7	7	2	1	0	6	0	0
OG_356	1	2	1	1	1	0	1	1	1	1	1	2	1	0	1
OG_357	1	1	1	1	1	0	1	1	1	1	0	0	1	0	1
OG_358	4	1	1	1	1	0	2	1	1	2	2	1	3	0	0
OG_359	1	1	2	1	1	1	1	1	1	1	1	3	1	0	2
OG_360	6	2	1	2	2	2	4	2	2	2	2	4	3	6	1
OG_361	1	1	3	2	1	1	1	2	1	2	2	2	1	2	1
OG_362	1	1	1	2	1	0	1	1	1	1	1	2	1	1	1
OG_363	23	2	3	2	1	4	6	2	2	2	2	3	2	8	1
OG_364	2	1	1	1	1	1	1	1	1	2	1	0	1	1	1
OG_365	1	1	1	1	1	1	1	1	1	1	1	1	2	1	1
OG_366	3	1	2	1	3	3	3	1	2	4	2	1	2	3	1
OG_367	3	2	1	3	1	1	2	1	1	3	3	1	2	1	1
OG_368	16	1	1	0	1	0	2	0	2	0	0	0	3	0	0
OG_369	2	1	1	4	1	0	1	1	1	6	1	0	2	0	0
OG_370	4	4	2	1	2	1	2	3	1	1	1	1	2	1	0
OG_371	1	1	1	1	1	0	1	1	1	1	1	1	1	0	0
OG_372	1	1	1	2	1	1	1	1	1	1	1	4	1	1	0
OG_373	5	2	2	5	2	0	2	2	1	2	2	5	2	0	0
OG_374	8	2	1	3	2	4	3	1	1	1	1	0	0	1	0
OG_375	3	2	1	1	1	0	1	1	1	1	1	1	1	0	0
OG_376	1	1	1	1	1	1	1	1	2	1	1	0	1	0	1
OG_377	2	1	1	1	1	4	1	1	2	1	1	1	1	1	1
OG_378	1	1	1	1	1	1	1	11	1	4	1	1	1	1	1
OG_379	1	1	1	1	1	0	1	1	1	1	0	0	1	0	0
OG_380	4	1	2	3	2	0	3	2	2	2	0	0	4	0	0
OG_381	1	1	1	1	1	3	1	1	1	1	2	2	1	1	2
OG_382	2	1	1	1	1	0	1	1	1	8	2	2	1	0	6
OG_383	8	1	1	1	1	3	2	1	5	1	1	3	3	1	2
OG_384	1	7	2	1	1	0	4	4	7	1	9	2	1	0	10
OG_385	1	1	1	1	1	0	2	5	2	1	1	1	2	0	1
OG_386	1	2	2	0	4	0	0	0	0	0	0	0	0	0	0
OG_387	1	0	1	0	4	0	1	0	1	0	0	0	0	0	0
OG_388	3	1	1	1	1	1	2	1	1	1	1	1	3	2	1
OG_389	5	1	0	2	1	6	2	1	1	5	1	3	2	2	0
OG_390	1	1	1	1	1	1	1	1	1	1	1	1	1	0	1
OG_391	4	2	2	5	2	2	4	2	2	4	3	3	4	6	2
OG_392	2	4	2	2	2	2	1	3	3	2	2	2	1	1	3
OG_393	12	2	4	2	2	0	2	2	5	4	3	1	2	0	0
OG_394	1	1	2	1	1	2	1	1	1	1	1	0	1	1	1
OG_395	1	1	1	1	1	1	1	1	1	1	1	0	3	1	1
OG_396	2	1	2	2	2	2	2	1	1	2	1	1	2	1	1
OG_397	1	1	2	1	1	1	1	1	1	2	1	1	1	2	1
OG_398	1	1	0	2	1	1	1	1	2	1	1	3	1	2	1
OG_399	2	1	1	1	1	2	2	1	1	1	0	1	2	1	1
OG_400	1	1	1	1	1	0	1	1	1	1	1	1	1	1	1
OG_401	34	2	2	1	1	5	7	1	1	1	30	1	6	2	4
OG_402	3	0	1	3	1	0	2	1	1	3	1	1	1	0	0
OG_403	1	1	1	1	2	3	1	1	1	1	1	1	1	2	1
OG_404	1	1	1	2	1	0	1	1	1	1	1	0	1	0	0
OG_405	1	1	1	1	1	2	1	1	1	1	2	1	2	3	1
OG_406	1	2	1	1	1	1	1	1	1	1	1	2	1	1	3
OG_407	1	1	1	2	2	1	1	1	1	1	0	1	1	1	2
OG_408	1	1	1	2	1	1	1	1	1	1	1	1	1	1	1
OG_409	2	1	1	1	1	1	1	1	1	1	1	1	1	1	1
OG_410	1	1	1	2	1	2	1	1	1	2	1	1	1	1	1
OG_411	1	2	2	2	1	1	1	1	1	1	1	1	2	2	1
OG_412	2	1	1	2	2	0	3	1	2	1	0	0	3	0	0
OG_413	8	3	3	1	1	2	5	1	1	2	1	0	1	1	0
OG_414	1	1	2	1	1	0	1	1	1	1	0	0	1	0	0
OG_415	7	1	1	3	1	0	1	1	1	3	1	2	1	0	4
OG_416	1	1	1	1	1	2	1	1	1	2	1	2	1	0	1
OG_417	1	1	1	3	1	1	2	1	1	1	1	1	2	1	1
OG_418	2	1	1	1	1	2	0	1	1	1	2	1	2	1	6
OG_419	1	1	1	1	1	1	1	1	1	1	1	0	1	2	1
OG_420	1	1	1	1	1	1	1	1	1	2	1	1	1	1	1
OG_421	1	1	1	1	1	1	1	1	1	2	2	2	1	1	1
OG_422	2	1	2	1	1	1	1	1	2	1	2	1	1	2	1
OG_423	1	1	1	1	1	1	1	1	1	1	1	4	1	2	1
OG_424	2	1	1	1	1	1	2	1	1	1	3	1	2	1	1
OG_425	2	1	1	2	3	2	1	1	1	1	1	1	1	1	3
OG_426	1	2	1	1	2	2	3	1	1	1	1	1	2	1	2
OG_427	1	1	1	1	1	0	1	1	1	1	1	1	1	0	0
OG_428	2	2	1	2	1	0	1	1	1	1	2	0	1	0	2
OG_429	1	1	1	1	2	1	1	1	1	1	1	1	2	1	2
OG_430	1	1	1	1	1	4	1	1	1	1	1	1	1	3	1
OG_431	1	1	1	1	1	2	1	1	2	1	1	1	1	0	0
OG_432	1	1	1	1	2	0	1	1	1	1	1	1	2	0	0
OG_433	5	3	3	10	4	2	3	4	3	8	2	7	3	0	3
OG_434	3	1	1	1	1	0	2	1	1	1	0	0	2	0	0
OG_435	1	1	1	1	1	1	3	1	2	1	1	1	1	1	4
OG_436	5	1	1	1	1	1	1	1	1	2	2	4	1	2	5
OG_437	1	1	1	1	1	2	1	1	1	1	1	3	1	4	0
OG_438	1	1	1	1	1	2	1	1	1	1	1	2	1	7	2
OG_439	1	1	1	1	1	0	1	1	1	2	0	1	1	0	2
OG_440	1	1	1	1	1	1	1	1	1	1	1	1	1	1	1
OG_441	3	1	2	1	7	2	1	1	1	1	1	2	1	1	1
OG_442	1	1	1	1	8	1	1	1	1	1	1	2	1	3	1
OG_443	1	1	1	1	1	0	1	1	1	2	2	2	1	0	6
OG_444	6	5	5	4	3	2	3	3	2	3	3	4	3	3	0
OG_445	4	1	1	7	1	1	1	1	1	4	2	1	1	4	1
OG_446	1	2	1	1	1	2	1	1	1	2	1	1	1	1	2
OG_447	1	1	1	1	0	1	1	1	1	1	1	5	1	1	1
OG_448	6	0	1	1	1	0	3	0	1	1	4	1	1	0	0
OG_449	3	0	1	4	1	0	2	1	1	2	0	1	2	0	1
OG_450	1	1	1	2	3	2	2	1	3	1	1	3	2	1	2
OG_451	1	1	1	2	1	2	1	1	2	2	1	1	1	2	1
OG_452	1	1	1	1	1	1	1	1	1	1	2	1	1	5	1
OG_453	10	11	3	7	4	1	2	4	1	7	3	6	2	1	3
OG_454	1	1	1	2	2	1	1	1	1	1	1	1	1	2	1
OG_455	9	3	2	4	3	5	6	3	5	3	3	6	5	2	2
OG_456	1	1	1	1	1	1	1	1	1	1	2	1	1	3	1
OG_457	5	2	2	3	1	2	2	1	2	1	2	4	2	4	1
OG_458	1	1	2	1	1	1	1	1	1	1	2	1	1	1	1
OG_459	1	1	1	1	1	1	1	1	1	1	1	1	1	2	3
OG_460	2	1	1	1	1	2	2	1	1	1	1	1	2	1	4
OG_461	1	1	1	1	1	0	1	1	1	1	0	0	1	0	1
OG_462	1	1	1	1	1	1	3	1	1	2	4	1	2	1	1
OG_463	2	1	2	1	1	1	1	3	1	1	1	1	2	1	1
OG_464	2	1	1	1	1	1	2	1	1	1	1	1	1	1	1
OG_465	1	1	1	4	1	2	1	1	1	4	1	1	1	1	1
OG_466	3	1	1	1	1	1	1	1	2	2	1	1	1	1	1
OG_467	1	1	1	2	1	0	1	1	1	1	1	1	1	0	0
OG_468	4	2	1	4	2	4	2	2	1	3	3	3	2	3	2
OG_469	1	1	1	2	1	0	1	1	4	1	1	2	1	0	0
OG_470	1	3	1	1	4	1	1	1	2	1	1	3	2	1	1
OG_471	1	1	1	2	1	1	1	1	1	2	2	1	1	1	1
OG_472	1	1	1	1	1	0	1	1	1	1	1	1	1	0	0
OG_473	2	1	1	1	1	4	1	1	2	1	2	2	1	3	2
OG_474	1	1	1	1	1	1	1	1	1	1	1	2	1	1	0
OG_475	1	1	1	2	1	4	1	1	1	1	1	1	2	1	1
OG_476	1	1	0	1	1	0	0	1	1	1	0	0	1	0	0
OG_477	1	2	1	1	2	2	1	1	1	1	1	3	1	2	3
OG_478	5	1	1	1	1	0	1	1	1	1	1	3	1	0	0
OG_479	1	1	1	1	1	1	1	1	1	1	2	1	1	1	1
OG_480	1	1	1	1	1	3	1	2	1	1	1	2	1	3	1
OG_481	1	1	3	1	1	0	2	1	3	1	2	1	1	0	3
OG_482	1	1	2	1	1	0	1	1	2	1	1	1	2	0	3
OG_483	1	1	1	0	1	0	1	1	1	1	0	0	1	0	0
OG_484	2	8	6	1	1	1	2	1	1	2	1	2	2	1	1
OG_485	2	3	2	3	2	1	2	3	3	3	1	1	2	3	1
OG_486	2	1	1	1	1	0	0	1	1	1	0	0	0	0	0
OG_487	1	1	1	3	1	1	1	1	3	2	2	1	1	1	2
OG_488	1	1	2	1	1	1	1	1	2	1	1	2	1	1	1
OG_489	2	2	1	3	2	0	2	2	1	2	2	3	2	0	1
OG_490	1	0	1	0	1	0	1	0	0	0	1	1	1	0	0
OG_491	1	1	1	1	1	2	2	1	1	1	1	1	1	0	1
OG_492	3	1	1	1	1	3	1	1	3	1	2	1	1	1	3
OG_493	2	0	2	1	1	0	2	1	0	1	0	0	2	0	0
OG_494	2	1	2	2	3	0	2	2	1	1	1	1	3	0	1
OG_495	1	1	2	1	1	0	1	1	1	2	1	2	1	0	1
OG_496	3	2	5	2	3	1	3	3	2	2	5	3	2	0	2
OG_497	1	2	2	1	1	0	1	1	1	2	1	2	2	0	0
OG_498	1	1	1	1	1	3	1	1	1	1	1	1	2	1	3
OG_499	2	2	1	1	1	0	1	1	1	1	1	1	1	0	0
OG_500	1	1	1	1	1	1	1	1	1	1	1	1	1	2	1
OG_501	2	1	1	2	1	0	2	1	1	1	2	1	1	0	1
OG_502	17	21	6	12	10	3	3	20	16	12	3	3	6	0	0
OG_503	4	0	5	8	7	3	6	7	6	6	4	5	5	1	5
OG_504	5	2	1	1	1	1	1	1	1	1	4	1	2	2	1
OG_505	2	1	2	1	1	1	2	1	2	1	1	4	2	1	2
OG_506	3	1	3	2	1	0	2	3	1	1	0	0	2	0	0
OG_507	2	0	1	0	0	0	0	0	0	0	0	0	0	0	0
OG_508	3	1	1	1	1	0	1	1	2	1	1	2	2	0	1
OG_509	1	0	1	3	1	0	1	1	2	2	1	2	1	1	1
OG_510	1	0	1	2	1	4	1	1	2	2	0	1	1	1	1
OG_511	3	1	1	1	1	0	2	1	1	2	1	2	1	0	1
OG_512	2	1	1	1	1	3	2	1	1	1	1	4	1	1	1
OG_513	1	1	0	1	0	0	1	0	1	1	0	0	0	0	0
OG_514	1	1	1	1	1	1	1	1	2	1	1	1	1	1	2
OG_515	5	1	1	3	1	0	1	1	1	2	1	4	1	0	0
OG_516	2	1	1	1	1	1	1	1	1	1	0	0	1	1	1
OG_517	1	1	2	1	1	1	1	1	1	1	1	4	1	1	1
OG_518	1	1	1	1	1	0	1	1	1	1	1	1	1	0	0
OG_519	3	1	1	2	1	2	2	1	1	2	4	3	2	2	1
OG_520	1	2	1	2	2	1	1	1	2	2	1	0	1	1	1
OG_521	2	1	1	1	1	2	1	1	1	1	1	0	2	1	1
OG_522	1	3	1	1	1	0	2	1	3	1	0	0	1	0	0
OG_523	17	1	1	0	1	2	3	1	1	1	1	1	3	0	1
OG_524	1	1	1	1	1	1	1	1	1	1	1	1	1	1	1
OG_525	2	1	1	1	1	0	1	1	1	3	0	1	1	0	0
OG_526	1	0	1	1	1	1	1	1	1	1	1	1	1	0	0
OG_527	2	1	0	1	1	0	1	1	1	1	1	1	1	0	0
OG_528	1	2	2	5	2	5	2	2	1	4	1	2	2	1	2
OG_529	1	1	1	1	1	0	1	1	1	1	1	2	1	0	1
OG_530	1	0	1	1	1	3	1	1	1	1	1	2	2	2	1
OG_531	2	1	2	1	2	1	3	2	1	2	1	1	1	2	1
OG_532	1	1	1	1	1	2	2	1	1	1	1	0	1	1	1
OG_533	1	0	1	1	1	1	1	1	1	1	1	1	1	1	1
OG_534	2	1	1	1	1	1	2	1	1	1	4	6	3	3	1
OG_535	2	1	1	2	1	1	2	1	1	1	1	4	2	5	16
OG_536	3	1	1	1	1	2	2	1	2	1	1	4	3	1	1
OG_537	1	1	1	1	1	1	1	1	2	1	0	2	1	2	1
OG_538	1	1	1	1	1	0	2	1	1	1	1	1	2	0	0
OG_539	1	1	0	0	2	1	1	1	1	1	1	1	1	1	1
OG_540	1	1	1	1	1	1	1	1	1	1	2	2	1	1	1
OG_541	2	1	1	1	1	1	2	1	1	2	2	2	2	1	1
OG_542	1	1	1	1	1	1	1	1	1	1	1	1	1	2	1
OG_543	3	2	1	2	1	2	1	1	1	1	1	1	1	1	1
OG_544	1	1	2	1	1	2	1	3	1	1	2	1	1	1	3
OG_545	1	1	2	2	1	1	1	1	2	0	0	1	2	1	1
OG_546	1	1	1	3	1	2	1	1	1	1	1	2	1	3	0
OG_547	1	1	1	1	1	1	1	1	1	1	1	1	1	2	1
OG_548	4	1	1	3	2	2	2	1	1	3	1	4	1	1	1
OG_549	5	3	2	3	2	2	3	2	2	3	2	2	3	1	0
OG_550	5	0	1	4	1	0	3	1	0	1	0	0	0	0	0
OG_551	3	1	3	1	3	0	3	1	2	1	0	0	4	0	0
OG_552	4	1	2	1	1	3	2	1	1	3	1	1	3	1	3
OG_553	4	4	3	6	4	1	3	3	4	4	3	5	3	0	1
OG_554	1	1	1	1	1	2	1	1	2	2	2	1	2	1	1
OG_555	1	2	1	1	1	2	1	1	1	1	2	1	1	3	1
OG_556	11	4	6	8	5	0	3	2	3	3	19	1	3	0	9
OG_557	4	1	1	1	1	7	2	1	2	1	3	4	2	1	0
OG_558	3	1	1	3	1	1	2	1	1	3	8	1	2	1	1
OG_559	1	1	1	1	1	1	1	1	1	1	1	2	1	1	1
OG_560	1	1	1	1	1	1	1	1	1	1	1	1	1	1	1
OG_561	1	1	1	1	1	1	1	2	1	1	1	2	1	1	1
OG_562	1	1	1	3	1	0	1	1	1	1	1	1	1	0	0
OG_563	4	1	1	3	1	2	2	1	1	3	2	1	3	1	1
OG_564	1	1	1	2	1	1	1	1	1	1	1	2	1	1	0
OG_565	7	1	1	2	1	0	1	1	1	3	1	2	1	0	0
OG_566	2	1	2	1	1	2	1	1	2	1	1	2	1	1	1
OG_567	2	1	1	1	1	2	2	1	1	1	1	1	2	0	1
OG_568	1	3	1	1	1	2	1	2	1	1	1	5	1	2	0
OG_569	3	1	1	1	1	2	1	1	2	1	3	1	2	4	1
OG_570	2	2	3	2	2	1	3	2	2	3	2	1	2	1	1
OG_571	1	1	1	1	1	1	1	1	2	1	1	1	1	1	1
OG_572	1	1	1	1	1	1	1	1	1	1	1	3	1	2	1
OG_573	1	1	1	1	1	0	1	1	1	1	2	2	1	0	1
OG_574	104	49	125	16	85	124	30	50	11	2	11	27	20	88	18
OG_575	4	1	1	1	0	0	1	1	1	1	0	0	1	0	0
OG_576	1	1	1	1	1	0	1	1	1	1	1	1	1	0	0
OG_577	2	1	1	1	1	3	1	1	1	1	1	1	1	1	1
OG_578	1	1	1	1	0	1	1	1	2	3	0	3	1	1	1
OG_579	1	1	1	1	1	2	1	1	3	1	1	1	1	1	1
OG_580	2	1	1	2	1	1	1	1	1	2	1	5	1	1	1
OG_581	2	1	0	1	1	0	3	1	1	1	2	1	1	0	0
OG_582	1	1	1	1	1	3	2	1	1	1	1	1	1	1	1
OG_583	4	1	1	1	1	1	1	1	1	1	1	1	1	1	1
OG_584	1	1	1	1	3	5	1	1	1	1	2	1	1	3	2
OG_585	1	0	3	0	0	0	1	0	0	0	0	0	1	0	0
OG_586	2	5	1	1	1	1	1	1	2	1	1	4	1	2	2
OG_587	65	25	10	50	12	25	21	14	21	22	47	36	10	31	26
OG_588	2	1	2	1	1	1	1	1	4	1	1	1	1	1	1
OG_589	1	1	3	1	1	1	1	1	1	1	1	1	1	1	1
OG_590	2	1	2	1	1	0	1	1	1	2	0	1	1	0	0
OG_591	23	6	17	9	10	0	11	7	11	7	7	11	10	2	5
OG_592	4	1	1	4	2	6	1	1	1	3	1	4	2	3	0
OG_593	1	0	0	0	0	0	2	0	0	0	0	0	1	0	0
OG_594	5	1	6	0	1	0	4	2	1	0	3	0	3	0	0
OG_595	1	1	1	1	0	0	1	1	1	1	1	4	1	0	1
OG_596	5	23	0	0	0	11	31	0	2	0	1	5	1	2	3
OG_597	3	1	1	2	1	1	1	1	1	2	1	1	1	2	1
OG_598	42	11	38	5	1	0	3	3	1	2	7	5	0	1	1
OG_599	2	1	1	2	2	1	2	2	1	2	1	3	2	1	1
OG_600	1	1	1	1	1	1	1	3	1	1	1	1	1	0	1
OG_601	2	1	1	1	2	2	1	1	2	1	1	2	2	0	1
OG_602	1	1	1	1	1	2	2	1	1	1	1	2	1	1	4
OG_603	1	0	1	0	1	0	2	0	0	0	0	0	0	0	0
OG_604	6	7	6	3	5	7	2	2	2	2	4	5	1	0	5
OG_605	2	1	1	1	1	2	1	1	1	3	3	1	1	1	1
OG_606	4	0	2	1	1	1	2	1	1	1	1	1	4	1	1
OG_607	2	1	2	1	1	0	1	1	1	2	2	1	1	0	0
OG_608	1	1	1	1	1	1	2	0	1	1	1	4	2	1	1
OG_609	1	1	1	1	1	1	1	1	1	1	1	2	1	0	1
OG_610	1	1	1	2	2	0	1	1	2	1	0	1	1	0	2
OG_611	1	1	1	1	1	1	1	0	1	1	1	1	1	3	1
OG_612	2	1	1	1	1	1	1	1	1	1	1	1	2	1	1
OG_613	1	1	1	3	1	1	1	1	1	3	1	1	1	1	1
OG_614	1	1	1	1	1	3	1	1	1	1	1	1	1	0	1
OG_615	1	1	1	1	1	0	1	0	1	1	1	1	1	0	1
OG_616	1	1	1	1	1	1	2	1	2	1	1	1	1	1	2
OG_617	1	2	5	2	1	4	1	1	1	1	1	1	1	1	1
OG_618	1	13	1	2	1	2	2	1	1	1	2	1	2	4	2
OG_619	1	3	5	2	1	1	1	1	1	1	1	1	1	4	1
OG_620	1	3	0	1	2	1	1	2	1	1	3	1	1	0	0
OG_621	1	1	1	1	1	1	1	1	2	1	1	1	1	1	1
OG_622	3	1	0	1	0	0	2	0	0	0	0	0	2	0	0
OG_623	1	1	1	1	1	0	1	1	1	1	2	1	1	0	1
OG_624	5	1	1	2	1	0	2	1	1	4	1	0	2	0	0
OG_625	1	1	1	1	1	0	1	1	1	1	1	1	1	0	0
OG_626	1	2	2	4	1	0	1	2	2	1	0	0	2	0	0
OG_627	2	3	0	1	3	0	0	1	1	1	3	1	0	0	1
OG_628	7	1	1	9	1	0	2	1	1	6	1	3	1	0	1
OG_629	1	5	2	1	1	0	1	1	1	1	1	1	1	0	1
OG_630	1	1	1	1	1	1	1	1	2	1	1	1	1	2	1
OG_631	1	2	1	1	2	0	1	1	1	1	1	1	1	0	2
OG_632	1	1	1	1	1	9	1	1	1	1	1	1	1	0	0
OG_633	1	1	1	1	1	1	1	1	1	4	1	6	2	1	1
OG_634	3	3	1	4	6	0	3	1	3	1	2	0	3	0	0
OG_635	3	1	3	1	8	6	1	1	1	1	2	3	4	1	4
OG_636	1	1	1	1	1	1	1	1	1	1	1	0	1	2	1
OG_637	2	1	2	1	1	0	1	3	1	3	1	7	1	0	1
OG_638	1	1	1	1	2	1	1	1	2	2	1	4	1	1	6
OG_639	1	1	1	1	1	1	1	1	1	1	1	1	1	1	1
OG_640	1	1	1	1	1	1	1	1	1	1	1	1	1	1	1
OG_641	2	5	2	1	1	2	1	1	2	1	1	1	1	1	2
OG_642	1	1	1	1	1	0	1	1	1	1	1	0	1	0	0
OG_643	19	3	2	0	14	0	0	1	1	0	0	0	3	0	0
OG_644	1	1	0	1	1	2	1	1	1	1	1	3	1	2	1
OG_645	8	3	2	5	4	5	6	3	3	3	5	5	4	7	18
OG_646	1	1	2	2	1	0	1	1	1	1	1	1	1	0	0
OG_647	1	1	1	1	1	0	1	1	1	0	0	0	1	0	0
OG_648	1	1	0	0	2	1	1	1	1	1	0	1	0	0	0
OG_649	1	2	1	2	1	2	1	1	1	1	1	3	1	1	1
OG_650	1	1	1	1	2	0	2	1	2	1	1	1	1	0	0
OG_651	5	2	2	2	2	1	2	2	2	2	2	4	2	0	2
OG_652	1	1	1	1	1	2	1	1	1	4	1	1	1	1	2
OG_653	6	2	1	4	5	1	2	2	2	4	2	3	1	0	2
OG_654	2	1	1	3	2	0	1	1	1	1	1	1	1	0	0
OG_655	3	2	1	8	1	2	3	3	4	4	2	1	3	3	1
OG_656	2	1	3	4	1	0	1	1	1	3	0	0	2	0	0
OG_657	2	1	2	2	1	3	2	1	2	3	1	1	2	5	1
OG_658	1	1	1	0	1	0	1	1	1	1	0	0	1	0	0
OG_659	1	1	3	2	1	1	1	1	1	2	1	1	1	1	1
OG_660	1	1	1	2	1	2	1	1	1	1	1	1	1	0	1
OG_661	1	1	1	1	1	1	1	1	1	1	1	5	1	4	1
OG_662	97	39	92	23	33	3	3	56	12	3	30	4	7	0	4
OG_663	15	1	2	1	1	1	5	1	2	1	1	7	3	4	1
OG_664	1	2	0	1	1	0	1	1	1	1	0	0	0	0	0
OG_665	1	3	1	1	9	1	1	1	3	1	1	1	2	0	1
OG_666	1	1	4	2	2	2	3	2	1	2	0	0	3	1	0
OG_667	1	1	1	0	0	0	1	1	0	1	0	0	1	0	0
OG_668	1	1	1	1	1	0	1	1	1	1	1	1	1	0	1
OG_669	2	3	0	0	0	0	0	0	0	0	1	0	0	0	0
OG_670	1	1	1	1	1	1	1	1	1	1	0	1	3	1	1
OG_671	1	1	1	1	1	0	0	1	2	1	1	1	0	0	0
OG_672	7	8	7	10	8	4	5	7	7	4	4	8	3	2	3
OG_673	47	15	32	9	30	1	11	11	3	5	7	6	13	1	37
OG_674	1	2	1	1	1	0	2	1	1	1	3	2	2	0	0
OG_675	3	1	1	2	1	0	1	1	4	1	1	1	1	0	1
OG_676	1	2	2	2	1	1	1	1	1	1	2	2	1	1	1
OG_677	2	2	1	1	1	1	1	1	2	1	1	3	1	1	0
OG_678	1	1	1	1	3	2	2	1	1	1	2	1	2	0	1
OG_679	1	1	1	1	1	1	1	1	1	1	1	3	1	1	1
OG_680	1	1	1	2	1	0	1	1	1	1	1	1	1	0	0
OG_681	1	1	12	4	1	6	5	2	6	1	1	1	2	2	1
OG_682	1	0	0	0	0	0	0	0	2	0	0	0	0	0	0
OG_683	3	1	1	2	1	0	2	1	1	2	0	1	2	0	1
OG_684	1	1	1	1	1	1	1	1	1	1	1	1	4	1	1
OG_685	3	7	2	2	3	2	1	1	2	2	2	1	4	2	2
OG_686	1	1	1	1	1	1	1	1	1	1	1	1	1	2	1
OG_687	2	0	0	1	1	0	1	1	1	1	1	0	0	0	0
OG_688	1	1	1	2	2	0	1	1	1	1	1	1	1	0	0
OG_689	1	1	1	1	1	2	1	1	1	1	2	1	1	2	3
OG_690	1	1	1	2	1	1	1	1	1	1	2	1	1	1	2
OG_691	2	1	1	1	1	1	1	1	1	1	4	2	2	3	1
OG_692	1	1	1	2	1	2	1	3	2	2	1	1	1	2	1
OG_693	29	1	1	1	1	1	7	2	1	15	1	1	6	0	2
OG_694	16	4	12	1	2	0	7	0	1	0	0	0	7	0	0
OG_695	1	1	1	5	1	1	1	1	1	3	1	1	1	1	1
OG_696	2	1	1	1	2	1	1	2	1	1	1	1	2	2	1
OG_697	2	0	1	1	1	7	2	3	1	1	1	0	2	2	1
OG_698	1	1	1	1	1	3	1	1	1	1	1	1	1	3	1
OG_699	3	1	1	2	1	1	2	1	1	1	1	1	1	3	5
OG_700	2	4	3	4	1	0	2	5	1	0	0	0	2	0	0
OG_701	1	1	1	0	1	1	1	1	1	0	1	2	1	1	1
OG_702	8	1	1	6	1	2	1	1	3	4	2	1	1	1	6
OG_703	1	1	2	1	1	1	1	1	1	1	1	1	1	1	1
OG_704	2	1	1	1	1	2	1	1	1	1	1	4	1	0	1
OG_705	1	1	1	1	1	2	1	1	1	1	2	2	1	2	1
OG_706	5	0	0	0	0	0	0	0	0	0	0	1	1	0	0
OG_707	1	1	1	1	1	1	2	1	1	3	2	2	2	0	0
OG_708	1	1	1	3	1	1	1	1	1	1	1	3	1	1	1
OG_709	8	1	1	1	1	5	2	1	1	1	1	6	2	2	0
OG_710	1	1	1	2	1	1	1	1	1	2	1	3	2	1	1
OG_711	1	1	1	1	1	1	1	1	1	1	1	1	1	2	2
OG_712	16	4	12	13	19	5	27	30	5	0	8	0	16	3	22
OG_713	3	2	0	2	1	9	2	2	3	2	0	2	2	1	1
OG_714	15	1	5	1	1	0	5	1	1	0	1	1	4	0	0
OG_715	88	13	51	74	11	4	10	18	35	17	1	1	18	6	1
OG_716	2	1	1	1	1	1	1	1	1	1	0	1	1	2	1
OG_717	150	58	146	27	146	29	20	109	22	14	46	14	46	0	2
OG_718	3	1	2	2	2	0	3	4	4	1	0	0	3	0	0
OG_719	3	1	1	2	1	1	1	1	1	1	1	2	1	1	1
OG_720	2	1	1	3	1	4	1	1	1	2	1	4	1	1	1
OG_721	1	2	1	1	1	0	1	1	1	1	1	1	3	0	0
OG_722	3	3	3	4	3	1	3	3	3	3	4	3	2	1	1
OG_723	2	1	1	1	1	0	1	1	1	2	0	0	1	0	0
OG_724	2	2	1	2	1	2	1	1	1	3	5	1	1	2	2
OG_725	7	1	1	3	1	0	4	1	1	3	2	6	2	0	1
OG_726	1	4	1	1	4	2	1	1	4	1	3	0	1	9	0
OG_727	1	1	1	1	1	1	1	1	1	1	1	1	1	0	0
OG_728	1	1	16	1	1	2	2	1	0	1	1	2	1	1	1
OG_729	36	14	16	30	13	0	11	4	7	18	0	1	0	0	0
OG_730	1	1	1	2	1	2	1	1	2	1	1	1	1	0	1
OG_731	2	1	1	1	1	1	1	1	1	1	1	1	1	5	1
OG_732	11	2	1	1	1	1	1	1	1	1	12	10	2	2	2
OG_733	8	13	10	10	13	2	9	7	21	5	1	13	6	0	3
OG_734	2	1	1	2	1	1	1	1	2	1	1	3	1	1	1
OG_735	1	1	1	1	1	1	1	1	1	1	1	2	2	1	0
OG_736	1	1	1	1	1	1	2	1	1	1	3	1	1	3	1
OG_737	1	1	1	1	1	2	1	1	1	1	1	1	1	3	1
OG_738	2	1	1	1	3	2	2	1	2	1	1	1	1	1	1
OG_739	6	1	1	2	1	1	1	1	1	2	1	0	1	1	1
OG_740	4	2	2	1	1	1	1	1	2	1	1	1	1	2	0
OG_741	1	1	1	1	1	1	2	1	1	1	1	3	3	2	1
OG_742	2	1	1	2	1	0	3	1	1	2	1	1	2	0	1
OG_743	1	1	1	1	1	0	3	1	1	1	1	1	4	0	0
OG_744	4	1	3	4	1	0	4	1	3	1	1	1	5	0	0
OG_745	23	4	2	3	5	1	9	6	1	1	2	0	1	0	0
OG_746	2	1	1	1	1	0	1	1	1	1	1	3	1	0	0
OG_747	86	0	3	0	0	1	9	0	0	0	9	3	13	0	8
OG_748	2	0	2	1	1	1	1	1	1	1	1	1	1	1	1
OG_749	1	1	1	1	1	0	2	1	1	5	0	0	2	0	0
OG_750	2	2	1	3	2	0	3	1	1	3	1	1	3	0	0
OG_751	9	1	0	2	2	0	1	1	1	1	0	1	2	0	3
OG_752	1	1	1	1	5	2	1	1	2	1	1	3	1	1	1
OG_753	5	1	1	4	1	3	4	1	1	4	1	0	1	1	1
OG_754	2	1	1	1	1	1	1	1	0	1	1	1	2	1	1
OG_755	1	1	1	3	1	1	1	2	1	1	1	1	1	4	1
OG_756	3	2	1	3	1	3	2	1	2	3	2	3	2	2	1
OG_757	1	1	1	1	1	0	3	0	1	2	0	0	0	0	0
OG_758	1	1	1	1	1	1	1	1	1	1	1	1	1	2	1
OG_759	2	1	1	1	1	0	1	1	1	1	1	4	1	0	1
OG_760	2	1	1	1	2	0	1	1	1	1	2	2	1	0	3
OG_761	6	6	5	5	5	0	4	5	5	5	6	6	5	1	2
OG_762	1	1	1	1	1	3	2	1	1	1	1	2	1	1	1
OG_763	1	1	1	1	1	1	1	1	1	2	1	1	1	2	1
OG_764	2	1	1	1	1	7	1	1	1	1	1	0	1	1	2
OG_765	3	0	3	2	2	1	4	1	3	1	3	1	2	0	4
OG_766	1	2	1	1	2	2	1	1	1	1	1	2	2	6	0
OG_767	1	1	2	1	1	2	1	1	1	1	1	1	1	1	1
OG_768	1	1	1	1	1	0	1	1	1	2	0	1	1	0	0
OG_769	1	1	1	1	1	1	1	1	1	1	2	2	1	1	1
OG_770	1	1	0	3	1	1	1	1	1	3	1	5	1	1	1
OG_771	1	1	1	1	1	1	1	1	2	2	1	0	1	2	1
OG_772	2	1	1	2	1	0	1	1	1	1	0	0	1	0	0
OG_773	1	1	1	1	1	1	2	1	1	1	1	1	1	1	1
OG_774	1	2	1	2	1	2	2	2	3	5	0	0	1	0	0
OG_775	1	1	1	1	1	0	1	1	1	1	0	1	1	0	1
OG_776	2	2	1	3	7	0	3	2	4	2	0	0	1	0	0
OG_777	1	1	0	1	1	0	1	1	1	1	0	0	2	0	0
OG_778	1	1	1	1	1	3	1	1	1	2	1	1	1	1	1
OG_779	1	1	1	1	1	1	1	1	1	1	1	1	1	4	1
OG_780	1	1	1	1	1	1	1	1	1	2	1	1	1	1	1
OG_781	2	1	1	1	1	1	1	1	1	1	1	1	1	1	1
OG_782	3	1	1	3	1	1	2	1	2	3	2	6	1	1	5
OG_783	2	1	1	1	1	1	1	1	1	2	1	0	0	0	1
OG_784	1	1	1	1	1	2	1	1	1	1	1	1	1	2	0
OG_785	3	3	4	4	2	1	4	3	4	3	2	3	3	4	0
OG_786	2	1	1	4	1	0	5	1	2	2	1	1	2	0	0
OG_787	1	2	2	1	1	2	1	1	1	1	1	1	1	0	0
OG_788	6	1	1	1	4	1	4	1	1	3	1	1	2	2	3
OG_789	1	1	1	1	1	2	1	1	1	1	1	1	1	1	3
OG_790	4	1	1	1	1	3	2	1	1	2	0	5	2	1	1
OG_791	1	1	1	1	1	1	1	4	2	1	1	1	1	1	1
OG_792	1	2	1	1	1	1	1	1	4	1	1	2	2	1	1
OG_793	4	1	1	2	1	3	3	1	2	1	1	5	4	1	1
OG_794	2	2	1	1	1	2	1	1	2	4	1	1	1	1	1
OG_795	2	3	1	1	1	1	2	1	1	1	2	3	3	3	2
OG_796	1	2	1	1	1	2	1	2	1	1	1	1	1	3	1
OG_797	1	1	1	0	1	1	1	1	2	1	1	1	1	1	1
OG_798	2	1	1	1	1	1	2	1	1	1	0	1	2	0	0
OG_799	2	1	1	2	6	1	1	1	1	1	3	3	1	1	3
OG_800	7	1	1	1	1	1	3	1	2	1	3	1	1	1	3
OG_801	1	1	1	1	1	0	0	1	1	1	1	1	1	0	0
OG_802	1	1	0	1	1	0	1	1	1	2	0	0	1	0	0
OG_803	1	1	1	1	1	1	1	1	1	2	1	1	1	1	1
OG_804	1	1	1	1	1	4	1	1	1	1	1	1	1	0	1
OG_805	3	1	2	2	1	0	2	1	1	1	0	0	1	0	0
OG_806	1	0	1	1	1	0	1	1	0	1	0	0	1	0	0
OG_807	1	1	1	1	1	1	1	1	1	1	1	1	5	1	3
OG_808	3	0	6	5	1	5	1	1	2	4	1	1	1	1	0
OG_809	2	0	1	1	1	1	1	1	1	1	1	1	1	1	1
OG_810	1	1	1	1	1	1	1	1	1	1	1	1	1	1	0
OG_811	4	1	1	3	1	1	1	1	2	1	1	0	1	1	1
OG_812	1	1	1	1	1	1	1	1	1	1	2	1	1	1	1
OG_813	1	1	1	1	1	2	1	1	1	1	2	1	1	2	1
OG_814	1	1	1	1	1	1	1	1	1	1	1	2	1	1	0
OG_815	1	1	2	1	1	1	1	1	1	2	1	1	1	1	0
OG_816	3	1	2	1	1	0	2	1	1	1	1	1	4	0	0
OG_817	1	1	1	1	1	1	1	1	1	1	1	1	1	2	2
OG_818	2	1	2	1	1	1	2	1	1	1	1	0	2	1	1
OG_819	1	3	1	3	4	0	1	3	3	2	4	5	2	0	1
OG_820	1	1	1	1	1	0	1	1	1	1	3	2	1	0	1
OG_821	5	1	1	2	1	0	4	1	1	1	1	0	2	0	1
OG_822	1	1	2	1	1	0	1	1	1	1	0	3	2	0	0
OG_823	390	190	20	126	40	8	45	36	81	86	91	27	91	3	4
OG_824	7	1	1	3	2	1	8	1	2	1	1	1	1	1	1
OG_825	2	1	2	1	1	1	2	1	2	2	2	6	2	2	4
OG_826	3	2	2	1	1	7	1	1	1	2	2	6	1	2	3
OG_827	7	0	1	1	3	2	1	2	1	1	1	1	2	3	1
OG_828	2	1	2	1	1	2	1	1	1	2	1	1	1	1	2
OG_829	3	0	1	2	1	4	1	2	1	4	1	3	1	2	1
OG_830	1	0	0	0	0	0	1	0	0	0	0	0	2	0	0
OG_831	2	1	9	1	2	1	3	1	1	1	1	2	2	1	2
OG_832	2	1	1	1	1	1	1	1	3	1	1	2	1	1	1
OG_833	10	1	1	3	3	1	1	1	1	3	1	1	1	1	3
OG_834	1	1	1	2	1	1	1	1	2	1	1	1	1	1	2
OG_835	1	0	2	1	1	4	2	5	1	2	1	2	1	1	1
OG_836	1	0	1	1	1	1	1	1	1	1	1	1	1	1	1
OG_837	1	1	1	2	1	1	1	2	2	2	1	1	1	4	1
OG_838	1	1	1	1	1	0	1	1	1	1	1	1	1	0	1
OG_839	1	1	1	1	1	0	1	1	1	1	1	1	1	0	0
OG_840	6	2	6	0	0	0	12	3	4	1	6	0	1	0	0
OG_841	1	1	1	1	0	1	1	0	1	1	1	0	1	0	0
OG_842	1	1	1	1	1	3	1	1	1	1	1	0	1	1	1
OG_843	3	1	1	1	1	0	1	2	3	1	1	1	2	0	0
OG_844	2	1	1	5	1	0	1	1	1	8	1	4	1	0	0
OG_845	1	1	1	2	1	3	1	2	4	2	1	1	1	1	1
OG_846	2	3	2	2	1	1	2	1	3	1	1	5	2	0	0
OG_847	2	2	3	1	1	0	2	1	1	1	0	0	2	0	0
OG_848	1	2	1	1	1	1	1	1	1	2	1	1	1	1	1
OG_849	1	1	2	3	1	0	2	1	1	1	0	0	1	0	0
OG_850	1	1	1	1	5	1	1	1	1	1	1	1	1	1	1
OG_851	16	3	1	1	1	1	5	1	4	1	2	21	5	1	2
OG_852	1	1	1	1	1	1	1	2	1	1	1	1	1	1	1
OG_853	2	1	1	1	1	1	2	1	1	1	1	1	2	2	1
OG_854	1	1	1	1	1	0	1	1	1	1	1	0	2	0	0
OG_855	1	1	1	1	1	1	1	4	1	1	1	3	1	1	0
OG_856	1	1	1	2	1	1	1	1	1	1	1	3	1	0	0
OG_857	6	1	1	3	2	6	6	1	1	1	3	9	4	1	2
OG_858	1	2	1	0	2	1	1	1	2	1	2	1	1	2	1
OG_859	1	1	1	1	2	1	2	1	2	1	1	5	1	1	2
OG_860	2	1	2	3	1	0	1	1	1	3	1	1	1	0	1
OG_861	1	1	1	1	0	1	1	1	1	1	1	1	1	1	1
OG_862	2	1	2	1	1	0	1	1	1	1	1	7	2	0	1
OG_863	1	1	1	2	1	1	1	1	1	1	1	2	1	1	1
OG_864	1	0	1	5	1	1	1	1	1	1	1	1	1	1	1
OG_865	12	3	5	7	9	1	4	3	3	4	1	1	2	1	0
OG_866	6	4	0	0	7	4	1	1	1	1	0	0	0	0	4
OG_867	7	0	0	0	0	0	1	0	0	0	0	0	1	0	0
OG_868	3	1	1	1	1	1	1	1	1	1	1	1	1	1	1
OG_869	1	1	1	1	1	1	1	1	1	1	1	1	1	1	1
OG_870	1	1	4	1	2	0	1	1	1	1	0	0	2	0	0
OG_871	1	1	1	1	1	0	1	1	1	1	0	0	1	0	0
OG_872	1	1	1	1	1	2	1	1	1	1	1	3	1	5	0
OG_873	1	1	2	1	1	3	1	1	2	1	2	1	1	1	1
OG_874	1	2	1	1	1	1	1	1	2	1	2	1	1	2	1
OG_875	1	1	0	1	0	0	1	1	1	1	1	0	1	0	0
OG_876	1	1	1	1	1	2	1	1	1	1	1	1	1	2	1
OG_877	1	1	1	1	1	1	1	1	1	1	1	1	1	0	1
OG_878	1	1	1	1	1	0	1	1	1	1	1	1	1	0	1
OG_879	6	1	1	1	1	0	1	1	1	1	1	1	1	0	0
OG_880	1	1	2	4	1	0	1	1	1	1	2	1	1	0	1
OG_881	3	1	1	1	0	0	1	1	1	1	2	2	1	0	0
OG_882	2	1	1	2	2	1	2	1	1	1	1	2	3	1	0
OG_883	1	1	1	1	1	0	1	1	1	1	2	0	1	0	0
OG_884	1	2	1	2	1	2	1	1	1	1	2	1	1	1	1
OG_885	1	2	1	1	1	0	1	1	2	1	3	1	1	0	0
OG_886	1	1	1	1	1	2	1	1	2	3	1	2	1	1	1
OG_887	1	1	1	1	1	1	0	1	1	1	1	1	1	1	1
OG_888	1	1	1	1	1	1	1	1	1	1	1	1	1	0	0
OG_889	1	1	1	2	1	1	1	1	1	1	2	0	1	1	1
OG_890	1	2	0	3	1	0	1	2	2	2	0	0	1	0	0
OG_891	2	1	1	1	1	1	2	1	1	1	1	3	2	1	1
OG_892	2	1	1	1	1	0	1	1	4	1	1	0	1	0	0
OG_893	1	1	1	1	1	1	2	1	1	1	1	1	2	1	1
OG_894	2	2	1	1	3	0	2	1	1	2	0	2	2	0	0
OG_895	2	2	2	2	1	3	2	1	2	2	1	4	2	6	0
OG_896	1	0	1	1	1	0	1	1	1	1	1	0	1	0	0
OG_897	3	1	1	3	3	0	1	3	1	1	2	7	1	0	5
OG_898	1	1	1	1	1	1	1	1	1	1	2	4	1	1	4
OG_899	1	1	1	1	1	1	1	1	1	1	1	3	1	1	1
OG_900	1	0	2	3	0	0	0	1	0	0	3	0	0	0	1
OG_901	12	1	2	2	2	0	4	2	2	2	0	0	2	0	0
OG_902	11	10	2	5	16	0	5	10	9	6	3	9	3	0	4
OG_903	2	3	3	2	2	0	1	2	2	1	0	0	1	0	0
OG_904	14	1	1	0	1	0	3	1	1	1	0	0	1	0	0
OG_905	3	1	1	1	1	1	3	1	3	3	1	1	2	3	1
OG_906	1	0	1	2	1	0	1	1	1	1	1	2	1	0	0
OG_907	26	17	3	0	4	0	11	1	9	2	0	1	1	0	0
OG_908	1	1	1	0	1	0	1	1	1	0	1	1	1	0	1
OG_909	1	2	1	2	1	1	1	1	1	1	2	1	1	1	1
OG_910	33	25	6	23	7	6	7	35	12	12	9	3	9	2	5
OG_911	28	28	12	26	3	26	19	23	25	26	2	10	9	3	8
OG_912	5	0	0	0	0	0	0	2	0	0	0	0	0	0	0
OG_913	4	1	1	1	1	5	3	1	1	1	1	1	1	0	0
OG_914	2	1	1	3	1	1	3	1	1	1	2	2	3	2	0
OG_915	1	2	1	1	2	2	1	1	1	1	1	4	1	4	1
OG_916	12	5	7	9	2	0	5	16	8	9	0	1	3	0	0
OG_917	2	1	2	1	1	0	1	1	1	1	2	1	1	0	1
OG_918	2	1	1	1	1	4	2	1	1	1	2	1	2	3	0
OG_919	1	1	1	1	1	7	2	1	1	1	2	1	2	1	1
OG_920	1	2	1	1	1	0	1	1	3	1	1	3	1	0	1
OG_921	3	6	4	4	4	1	4	4	5	4	4	4	3	0	45
OG_922	4	0	1	1	1	1	2	1	2	2	2	2	3	3	2
OG_923	1	1	1	0	2	1	1	1	1	1	1	3	1	2	1
OG_924	1	1	1	1	1	1	1	1	1	1	1	2	1	1	1
OG_925	1	1	1	1	1	1	1	1	2	1	1	1	1	4	2
OG_926	1	1	1	2	1	1	2	1	1	1	1	1	1	2	1
OG_927	2	0	1	1	2	1	1	1	1	1	1	1	1	1	1
OG_928	2	1	1	2	1	2	1	1	1	1	1	1	1	1	0
OG_929	1	1	1	0	1	1	1	1	1	0	1	1	1	1	1
OG_930	1	1	3	2	1	1	1	1	2	1	1	1	1	2	1
OG_931	1	1	1	2	1	3	1	1	1	1	1	1	1	1	1
OG_932	2	3	0	1	0	0	5	4	2	1	0	0	1	0	0
OG_933	1	1	1	1	1	3	1	1	1	1	1	2	1	1	1
OG_934	6	4	2	4	5	8	2	3	3	4	1	3	2	6	0
OG_935	4	1	1	1	2	1	3	1	1	1	1	3	2	3	1
OG_936	1	0	1	1	0	0	3	1	0	2	0	0	1	0	0
OG_937	6	5	5	2	4	0	11	2	3	2	2	0	4	0	0
OG_938	6	3	1	6	1	0	2	2	1	4	4	3	2	0	0
OG_939	1	1	1	1	1	1	1	1	2	1	2	2	1	2	3
OG_940	2	3	1	2	2	0	2	2	2	2	4	4	2	0	1
OG_941	4	1	2	1	4	0	1	1	1	1	2	1	1	0	0
OG_942	1	1	1	2	1	0	1	1	1	0	2	0	1	0	1
OG_943	1	1	1	2	1	3	1	1	1	1	2	1	1	2	0
OG_944	1	1	1	2	1	0	1	1	1	3	2	1	1	0	0
OG_945	1	3	1	2	1	0	2	0	2	0	1	0	1	0	0
OG_946	3	1	1	1	1	4	2	1	1	1	1	1	2	2	3
OG_947	24	1	4	4	1	2	3	3	2	1	0	1	1	2	1
OG_948	1	1	1	4	4	3	1	2	1	2	2	3	1	1	2
OG_949	60	64	23	20	25	26	15	23	19	9	18	20	14	20	29
OG_950	5	2	0	1	2	0	1	3	1	2	0	0	4	0	0
OG_951	3	1	1	1	1	0	1	1	2	1	1	2	1	0	1
OG_952	4	1	1	1	1	0	1	1	1	1	1	2	1	0	0
OG_953	1	1	1	2	1	0	3	1	1	2	2	1	2	0	1
OG_954	1	0	1	1	0	0	2	1	1	1	0	0	1	0	0
OG_955	1	1	1	6	1	0	1	1	1	11	1	1	1	1	1
OG_956	1	1	1	2	1	2	1	1	1	1	2	1	1	1	2
OG_957	1	0	1	1	1	0	1	1	1	1	1	1	1	0	0
OG_958	1	2	1	3	1	3	1	1	1	1	1	1	1	3	2
OG_959	1	1	1	2	1	4	4	1	1	3	0	3	1	2	1
OG_960	1	1	1	1	1	1	1	1	2	1	1	1	1	0	1
OG_961	2	2	1	2	1	1	1	1	1	1	1	3	1	0	0
OG_962	2	2	1	3	1	1	2	5	1	2	4	1	1	0	1
OG_963	1	3	2	1	2	1	1	1	2	1	1	1	1	1	2
OG_964	1	0	1	1	1	0	1	3	0	0	0	0	1	0	0
OG_965	1	1	1	1	1	4	1	1	1	1	1	1	1	1	0
OG_966	4	2	1	1	1	2	1	1	1	1	1	2	1	1	0
OG_967	2	1	0	1	1	0	1	1	1	0	0	0	1	0	0
OG_968	2	1	1	2	1	1	2	1	1	2	3	4	3	2	1
OG_969	1	0	1	1	1	1	1	1	1	1	1	1	1	0	2
OG_970	1	1	1	1	1	1	1	1	1	1	1	7	1	2	1
OG_971	2	1	1	1	1	1	2	1	1	1	2	1	3	3	1
OG_972	9	3	1	3	2	15	1	4	5	4	3	4	2	3	1
OG_973	10	2	2	4	2	0	2	3	2	4	1	1	1	0	0
OG_974	1	1	1	1	1	2	1	1	1	1	2	2	1	2	2
OG_975	1	1	1	1	1	1	1	2	1	1	1	1	1	2	1
OG_976	1	1	1	1	1	1	1	1	1	1	1	1	1	2	1
OG_977	2	2	1	1	2	2	2	1	1	1	3	1	0	4	1
OG_978	1	1	1	1	1	1	1	1	1	1	1	1	1	1	1
OG_979	2	1	1	3	1	0	1	1	0	0	0	1	1	0	0
OG_980	2	1	1	2	1	1	1	1	1	1	1	1	1	0	0
OG_981	3	1	1	1	1	1	1	1	1	1	1	2	1	0	1
OG_982	12	5	4	6	4	6	4	5	5	6	6	8	4	1	1
OG_983	1	2	1	0	1	2	1	2	1	1	1	1	1	2	1
OG_984	3	1	1	2	1	3	1	1	1	2	1	1	1	2	1
OG_985	1	1	1	1	1	1	1	1	1	1	1	1	1	2	1
OG_986	2	1	2	2	1	1	1	1	1	1	1	1	1	2	1
OG_987	2	1	1	2	1	0	2	1	3	2	1	1	2	0	1
OG_988	1	1	1	1	0	1	1	1	1	1	2	2	1	2	0
OG_989	1	1	2	3	1	2	1	1	1	1	1	1	1	1	1
OG_990	1	1	1	1	1	4	1	1	1	1	1	5	1	1	1
OG_991	2	2	1	1	1	1	1	1	2	1	2	2	1	1	2
OG_992	2	1	1	1	1	1	1	1	1	2	1	2	1	3	2
OG_993	1	1	1	1	1	1	2	1	1	1	1	0	1	2	1
OG_994	3	3	2	5	7	3	2	2	6	2	1	1	2	0	1
OG_995	1	1	1	3	1	2	1	2	1	1	1	1	1	1	1
OG_996	2	1	1	1	1	2	1	1	1	1	1	1	1	7	1
OG_997	1	1	1	1	1	0	1	1	1	1	1	3	1	0	0
OG_998	1	1	2	1	1	2	1	1	1	1	2	1	2	1	1
OG_999	2	1	1	2	1	3	1	1	1	1	2	1	1	0	1
OG_1000	2	1	1	1	1	1	1	1	1	1	1	1	1	1	2
OG_1001	2	1	1	1	1	1	1	2	1	1	3	1	1	1	1
OG_1002	2	1	1	1	1	3	1	1	1	1	2	1	1	1	1
OG_1003	1	1	1	1	1	1	1	1	1	1	2	2	1	1	2
OG_1004	1	1	1	1	1	1	1	1	1	5	1	2	1	0	0
OG_1005	3	0	1	1	1	0	1	1	1	1	3	2	1	1	1
OG_1006	12	3	1	12	4	0	1	1	3	5	0	0	1	0	0
OG_1007	1	0	1	1	1	1	2	1	1	3	2	3	2	2	1
OG_1008	5	1	4	5	7	3	3	8	5	2	4	0	4	0	11
OG_1009	1	1	1	1	1	1	1	5	1	0	1	3	1	1	1
OG_1010	1	1	1	1	4	2	1	1	2	1	2	1	1	1	1
OG_1011	1	1	1	1	1	1	1	1	1	1	1	1	1	1	0
OG_1012	2	1	1	3	2	0	4	1	1	2	2	1	1	0	0
OG_1013	1	2	1	2	1	4	1	1	2	1	1	1	2	1	1
OG_1014	2	1	1	1	1	0	2	1	0	1	3	3	1	0	0
OG_1015	1	1	1	1	1	1	1	1	1	1	1	8	1	4	1
OG_1016	1	1	1	1	1	0	1	1	1	1	0	0	1	0	0
OG_1017	2	1	1	1	1	2	2	1	1	1	1	1	0	0	2
OG_1018	18	1	1	8	1	6	5	2	2	6	1	3	5	3	2
OG_1019	1	0	1	1	1	1	1	1	1	1	1	2	1	1	1
OG_1020	1	0	2	0	0	0	1	0	0	0	0	0	2	0	0
OG_1021	8	28	2	5	5	9	3	5	3	4	7	3	2	1	5
OG_1022	2	4	1	1	1	1	1	1	2	1	3	1	2	1	2
OG_1023	4	2	0	1	2	1	2	1	2	2	2	2	1	3	6
OG_1024	1	1	1	1	1	2	1	1	1	1	1	1	1	2	1
OG_1025	1	1	1	1	1	1	1	1	1	1	1	1	1	1	2
OG_1026	2	1	2	3	1	2	1	1	1	1	1	1	2	0	0
OG_1027	2	1	1	1	1	0	1	1	0	0	0	0	1	0	0
OG_1028	3	1	1	5	1	4	1	1	3	1	3	1	1	2	1
OG_1029	1	1	1	1	1	3	1	1	1	1	1	1	1	2	1
OG_1030	1	1	3	1	1	4	2	1	1	1	2	1	2	0	0
OG_1031	1	3	1	2	1	0	1	1	1	1	1	1	1	0	1
OG_1032	6	3	3	6	4	0	4	3	4	4	0	0	4	0	1
OG_1033	1	1	1	1	1	0	1	1	2	1	0	1	1	0	0
OG_1034	2	3	2	1	1	1	3	3	1	2	2	1	2	1	1
OG_1035	1	1	1	1	1	2	1	1	1	1	1	2	1	1	1
OG_1036	1	1	1	2	1	2	1	1	1	1	1	1	1	3	1
OG_1037	2	2	3	7	3	0	2	3	2	4	1	1	3	1	3
OG_1038	5	1	1	2	1	2	3	1	1	2	1	1	1	2	1
OG_1039	2	1	0	1	1	0	2	1	1	0	0	0	1	0	0
OG_1040	1	1	1	2	1	1	1	1	1	1	3	1	1	1	1
OG_1041	1	1	1	1	1	1	1	1	1	1	1	1	1	1	1
OG_1042	1	1	1	3	1	1	1	1	0	1	1	1	1	1	1
OG_1043	15	3	3	6	4	0	3	3	3	4	3	3	4	5	1
OG_1044	2	2	1	1	1	3	1	1	1	1	1	1	1	2	1
OG_1045	1	2	1	2	1	2	2	1	2	1	1	1	1	1	1
OG_1046	1	1	1	3	1	1	1	1	1	1	1	1	1	0	1
OG_1047	2	1	1	1	1	0	1	1	2	1	1	1	1	0	1
OG_1048	1	1	1	1	1	1	1	2	1	1	2	3	1	1	1
OG_1049	2	1	1	1	1	1	1	1	1	1	1	3	1	1	1
OG_1050	12	2	1	1	1	1	1	1	1	5	2	3	1	1	0
OG_1051	6	1	1	1	1	1	1	1	1	1	1	1	1	1	2
OG_1052	2	1	2	1	1	3	2	1	1	1	1	1	2	2	0
OG_1053	2	1	1	1	1	0	1	1	1	1	1	2	1	0	0
OG_1054	3	1	1	3	1	0	1	1	1	2	2	1	1	0	0
OG_1055	2	1	1	1	1	1	2	2	2	1	1	1	2	1	1
OG_1056	1	1	1	2	2	2	1	1	1	1	2	7	2	1	2
OG_1057	1	1	1	1	1	0	1	1	1	0	1	6	1	0	1
OG_1058	1	1	1	3	0	2	1	1	1	1	1	2	1	2	1
OG_1059	4	1	1	1	2	2	1	1	1	1	2	1	1	1	1
OG_1060	1	1	1	1	1	1	1	2	3	1	1	2	1	4	0
OG_1061	1	1	1	1	1	0	1	1	1	1	1	0	1	0	0
OG_1062	1	1	1	1	1	3	1	1	1	1	1	1	1	1	2
OG_1063	1	1	2	1	1	1	1	2	1	1	2	1	1	1	0
OG_1064	1	1	1	2	1	1	4	2	1	2	0	1	2	1	1
OG_1065	12	1	1	1	0	0	7	2	1	1	0	0	4	0	0
OG_1066	3	1	1	1	1	1	1	1	1	1	2	1	1	1	1
OG_1067	2	1	1	1	1	1	1	1	1	1	1	1	1	2	1
OG_1068	6	5	3	5	5	0	4	2	4	4	1	0	3	0	5
OG_1069	1	1	1	3	1	1	1	1	1	1	1	1	1	1	1
OG_1070	2	1	1	1	1	1	1	1	1	1	2	4	1	2	1
OG_1071	1	1	1	1	1	0	1	1	1	1	1	1	1	0	1
OG_1072	1	1	1	0	1	0	1	1	1	1	0	2	1	0	0
OG_1073	3	1	1	1	1	0	2	1	1	1	16	1	1	0	0
OG_1074	1	1	1	1	1	1	3	1	2	1	1	1	3	1	2
OG_1075	3	1	2	1	1	3	1	1	1	1	1	1	1	0	1
OG_1076	1	0	1	1	1	0	1	1	1	3	0	1	1	0	0
OG_1077	1	7	3	3	1	0	1	4	6	4	4	3	2	0	1
OG_1078	2	1	0	2	1	0	0	2	1	3	1	2	3	0	0
OG_1079	1	1	1	2	1	2	1	1	1	1	1	1	1	1	1
OG_1080	2	3	1	1	2	1	1	1	1	1	1	1	1	2	1
OG_1081	3	1	3	0	4	2	3	2	0	2	0	1	2	1	1
OG_1082	1	2	1	1	1	1	2	1	1	1	1	2	1	0	0
OG_1083	1	1	2	1	1	4	1	1	1	1	1	1	1	2	1
OG_1084	2	1	1	1	1	1	2	1	1	2	1	4	1	3	1
OG_1085	1	1	1	1	1	4	1	1	1	1	1	1	1	1	1
OG_1086	6	1	1	1	1	2	3	1	1	1	1	0	3	1	3
OG_1087	1	1	1	1	3	2	2	1	1	1	1	4	1	1	0
OG_1088	1	1	1	1	1	1	1	1	0	1	2	2	1	2	1
OG_1089	1	1	1	1	3	0	1	1	1	1	1	2	1	0	2
OG_1090	7	1	3	3	2	0	4	2	1	1	1	1	2	0	0
OG_1091	1	3	1	2	1	2	1	1	4	1	1	2	2	2	1
OG_1092	1	1	1	1	1	2	1	1	1	1	0	4	1	2	1
OG_1093	17	1	1	1	2	0	2	1	1	1	0	1	6	0	0
OG_1094	2	1	1	0	1	0	1	1	1	0	1	1	1	0	1
OG_1095	1	1	1	1	1	1	1	1	1	1	1	1	1	2	2
OG_1096	2	1	1	1	1	1	1	1	1	1	1	1	1	4	1
OG_1097	4	2	5	5	8	3	4	2	3	3	2	10	3	3	2
OG_1098	3	1	1	1	2	0	1	1	1	1	0	0	2	1	0
OG_1099	1	1	1	1	1	0	1	1	1	1	0	1	1	0	0
OG_1100	2	2	1	3	2	0	1	1	1	1	1	1	1	0	0
OG_1101	1	1	1	1	2	0	1	1	0	1	0	0	1	0	0
OG_1102	1	1	1	1	1	1	1	1	2	1	1	1	1	2	1
OG_1103	1	1	1	1	1	0	1	1	1	1	1	1	1	0	1
OG_1104	1	1	1	1	1	1	1	1	2	1	1	1	1	1	1
OG_1105	1	1	1	1	1	1	2	1	1	1	0	1	1	1	1
OG_1106	1	1	0	2	1	2	2	1	1	1	1	2	1	2	1
OG_1107	1	1	1	1	1	1	2	1	2	1	1	1	1	4	1
OG_1108	1	1	0	1	1	0	1	1	1	1	0	1	1	2	0
OG_1109	1	0	1	1	1	0	1	1	1	1	3	0	1	0	1
OG_1110	44	23	13	58	25	2	20	45	14	29	42	26	9	3	14
OG_1111	2	1	0	2	1	2	1	1	1	2	1	1	1	1	1
OG_1112	1	1	1	1	1	0	1	1	1	1	0	1	1	0	0
OG_1113	2	3	1	0	1	0	1	1	1	1	0	3	1	0	0
OG_1114	2	2	1	1	1	0	1	1	1	1	1	1	1	0	0
OG_1115	7	1	1	3	2	1	1	1	1	3	1	1	0	2	2
OG_1116	4	3	4	5	3	1	4	4	3	3	1	1	4	1	3
OG_1117	1	1	1	1	1	2	1	1	1	2	1	2	1	1	1
OG_1118	287	70	25	109	36	16	25	21	38	112	11	33	19	9	14
OG_1119	6	1	2	3	2	0	1	2	1	1	2	0	1	0	0
OG_1120	4	5	15	0	5	0	11	0	2	1	0	0	7	0	0
OG_1121	3	0	0	0	1	0	0	0	0	0	0	0	0	0	0
OG_1122	1	1	1	1	1	1	1	2	1	1	2	2	2	0	2
OG_1123	3	2	5	0	0	0	3	0	5	0	0	0	0	0	0
OG_1124	4	2	1	3	1	4	3	1	1	3	2	1	2	2	1
OG_1125	2	1	1	1	1	1	1	1	2	1	1	1	1	1	1
OG_1126	1	1	1	1	1	0	1	1	1	2	1	1	1	0	0
OG_1127	12	1	1	4	1	1	2	1	1	1	1	1	2	1	1
OG_1128	6	2	4	1	3	1	1	1	1	1	2	2	5	2	1
OG_1129	3	1	1	1	1	1	2	2	1	1	1	1	3	2	3
OG_1130	37	3	2	1	1	1	17	1	1	1	1	1	7	2	1
OG_1131	40	11	14	4	19	2	22	5	9	4	2	4	19	4	4
OG_1132	1	1	1	2	0	0	1	1	1	1	1	1	1	1	0
OG_1133	1	1	2	4	1	0	1	1	1	3	1	1	1	0	0
OG_1134	3	1	1	1	1	1	3	1	1	2	1	1	1	1	1
OG_1135	46	43	50	7	39	0	3	20	4	2	14	6	0	0	1
OG_1136	12	2	17	3	9	0	9	4	2	0	6	0	8	0	0
OG_1137	7	2	1	1	1	0	3	1	2	1	0	2	4	0	2
OG_1138	4	2	1	2	1	1	5	1	1	0	1	3	1	1	1
OG_1139	78	100	21	62	23	0	30	18	37	56	15	30	30	0	0
OG_1140	24	14	24	1	11	0	1	4	5	0	2	0	1	0	0
OG_1141	2	3	1	1	1	2	3	1	3	1	2	1	2	3	0
OG_1142	1	1	1	2	1	2	2	1	1	1	1	2	1	1	2
OG_1143	16	8	6	9	12	8	7	6	7	7	9	6	7	1	0
OG_1144	1	1	1	1	1	1	1	1	1	1	1	1	1	1	1
OG_1145	2	1	1	2	1	1	1	1	1	1	2	1	1	4	2
OG_1146	2	1	1	1	1	1	2	1	2	1	1	1	2	1	1
OG_1147	2	0	1	1	1	1	1	1	2	2	1	1	1	1	1
OG_1148	1	1	1	1	1	1	1	1	1	2	1	1	1	1	1
OG_1149	1	1	1	1	1	1	1	1	1	1	1	1	1	1	0
OG_1150	1	1	1	0	2	0	1	2	1	1	1	0	1	0	0
OG_1151	1	1	1	2	1	1	1	1	1	1	1	2	3	1	2
OG_1152	2	1	3	1	2	1	1	1	1	1	1	1	2	1	1
OG_1153	1	1	1	1	1	3	1	1	1	1	1	1	3	1	6
OG_1154	1	3	1	1	1	2	2	1	1	1	1	1	2	1	1
OG_1155	5	1	1	1	1	2	2	1	1	1	1	1	3	1	1
OG_1156	39	18	21	12	26	2	4	8	16	7	31	16	9	6	15
OG_1157	2	1	1	3	1	3	1	2	1	1	2	2	1	1	2
OG_1158	10	2	3	4	2	1	1	4	1	2	1	1	1	0	1
OG_1159	2	1	1	2	1	0	1	1	1	2	0	3	1	0	0
OG_1160	1	1	0	1	0	0	1	1	1	1	0	0	1	0	0
OG_1161	2	1	1	1	1	1	2	1	1	1	1	1	2	3	0
OG_1162	1	1	1	1	1	1	1	1	1	1	1	13	1	2	1
OG_1163	1	1	1	4	1	1	2	1	1	1	1	1	1	2	3
OG_1164	1	1	1	1	1	0	1	1	1	1	0	1	1	0	2
OG_1165	4	1	1	2	1	2	2	1	1	2	2	4	2	1	1
OG_1166	1	1	2	1	1	0	1	1	1	1	1	1	1	0	0
OG_1167	1	1	1	1	1	1	1	1	1	1	1	2	1	1	1
OG_1168	1	1	1	5	2	1	1	1	2	1	1	1	1	1	1
OG_1169	1	1	1	1	6	1	1	1	1	1	1	2	1	3	0
OG_1170	9	1	1	1	1	0	1	1	1	5	1	0	1	0	1
OG_1171	1	2	1	1	1	3	1	1	1	1	4	1	1	2	1
OG_1172	2	1	1	1	1	1	1	1	1	1	0	1	1	0	1
OG_1173	2	1	1	4	1	1	1	1	1	1	1	2	1	1	1
OG_1174	1	1	1	1	2	0	1	1	1	1	1	4	1	0	1
OG_1175	1	0	1	1	2	1	1	1	2	1	1	2	1	1	1
OG_1176	2	0	1	0	0	0	1	1	1	2	0	0	2	0	0
OG_1177	1	1	1	1	1	0	2	1	1	1	2	6	1	0	1
OG_1178	2	2	3	1	1	1	2	1	1	3	3	1	2	2	1
OG_1179	3	1	1	1	1	1	2	1	1	1	1	2	2	1	1
OG_1180	3	3	1	4	3	0	2	5	5	5	4	1	3	0	2
OG_1181	1	1	1	1	1	3	1	1	1	1	1	1	1	3	1
OG_1182	1	2	1	1	1	1	1	4	1	1	3	1	2	1	1
OG_1183	1	1	1	1	1	1	1	2	1	1	0	1	1	1	0
OG_1184	1	1	1	1	1	4	1	1	1	0	1	1	2	0	1
OG_1185	1	3	1	2	2	1	1	1	1	1	1	2	1	1	1
OG_1186	1	1	2	1	1	0	1	1	1	1	2	1	0	0	0
OG_1187	2	1	2	1	1	1	1	1	1	1	2	1	1	1	0
OG_1188	1	1	1	2	1	0	1	1	1	1	0	1	1	0	0
OG_1189	4	4	6	7	5	5	4	4	5	6	4	11	4	0	8
OG_1190	1	6	1	2	1	3	1	1	2	4	1	1	1	2	2
OG_1191	1	1	1	1	1	1	1	1	1	1	1	1	1	1	1
OG_1192	1	3	1	1	2	2	1	1	1	1	0	2	1	1	1
OG_1193	1	1	1	1	1	0	1	1	1	1	1	1	1	0	1
OG_1194	1	1	1	1	1	1	2	1	1	2	3	2	1	3	1
OG_1195	5	2	1	1	1	1	1	1	1	1	1	1	1	1	2
OG_1196	1	1	1	1	1	1	1	2	1	0	2	1	1	1	1
OG_1197	1	1	0	1	0	0	1	0	0	1	0	0	1	0	0
OG_1198	4	2	1	1	1	1	2	1	1	1	1	1	1	2	1
OG_1199	2	1	1	1	1	2	1	0	1	2	1	2	1	1	0
OG_1200	12	30	9	2	0	0	1	0	1	0	8	0	4	0	0
OG_1201	3	0	0	0	3	6	3	0	0	0	0	0	2	7	2
OG_1202	1	1	1	1	1	0	1	1	1	1	1	1	1	0	0
OG_1203	1	0	0	1	1	0	0	0	0	1	0	0	0	0	0
OG_1204	2	1	2	4	2	3	3	3	2	2	2	2	3	1	1
OG_1205	1	1	1	1	1	0	1	1	1	2	1	1	1	0	2
OG_1206	1	1	1	1	1	1	1	1	1	1	2	1	2	1	2
OG_1207	1	1	2	1	1	1	2	1	1	3	2	2	2	1	1
OG_1208	4	1	1	1	1	1	1	1	1	1	1	2	1	0	0
OG_1209	8	1	18	4	7	6	22	7	0	0	1	3	14	0	3
OG_1210	1	2	1	2	1	1	1	1	1	2	1	3	4	3	1
OG_1211	1	1	1	1	1	1	2	1	1	1	1	1	1	0	1
OG_1212	1	1	1	1	1	2	1	1	1	1	0	1	1	0	0
OG_1213	1	1	1	1	1	1	1	1	1	1	1	1	1	1	1
OG_1214	1	1	1	1	1	2	1	1	1	1	1	1	2	0	1
OG_1215	1	4	1	1	1	1	1	1	1	1	1	1	1	1	1
OG_1216	1	1	1	1	1	1	1	1	1	1	1	1	1	1	1
OG_1217	2	3	2	2	2	0	2	2	3	2	0	0	2	0	0
OG_1218	1	1	1	1	1	1	1	1	1	1	1	3	1	1	0
OG_1219	7	3	22	0	17	0	4	0	1	0	3	0	0	8	8
OG_1220	1	0	1	0	1	0	1	0	0	0	0	0	1	0	0
OG_1221	1	2	1	1	1	0	2	1	1	1	1	4	1	0	0
OG_1222	1	2	1	5	1	1	1	2	1	5	2	3	1	2	1
OG_1223	5	1	1	1	1	1	0	1	2	0	1	1	1	2	1
OG_1224	3	1	1	1	3	0	1	1	1	1	1	1	1	0	3
OG_1225	1	1	2	2	1	2	1	1	1	2	1	2	1	3	1
OG_1226	1	1	1	1	1	1	1	3	1	1	1	2	1	2	1
OG_1227	1	1	3	1	1	2	1	1	1	1	0	1	1	1	1
OG_1228	2	1	1	1	1	1	1	1	1	1	1	2	2	1	1
OG_1229	1	2	1	3	1	0	2	4	4	1	0	8	1	0	0
OG_1230	1	2	1	1	1	2	1	1	1	1	1	4	2	1	1
OG_1231	1	5	2	2	2	1	1	1	4	2	2	4	1	3	1
OG_1232	1	1	1	2	2	0	1	4	3	4	1	1	1	0	0
OG_1233	2	1	1	2	2	1	0	1	1	1	1	3	1	1	1
OG_1234	1	1	1	1	2	1	1	2	1	0	1	2	1	0	1
OG_1235	1	0	1	1	1	0	1	1	1	1	0	1	1	0	1
OG_1236	2	1	1	3	1	0	1	2	2	1	1	1	1	0	1
OG_1237	1	0	1	1	1	1	1	3	1	1	1	1	1	1	1
OG_1238	1	1	1	1	1	1	1	1	1	1	1	1	1	4	1
OG_1239	4	1	1	1	2	1	1	1	1	4	1	6	1	1	1
OG_1240	10	1	1	1	3	2	4	1	1	1	2	1	2	1	1
OG_1241	1	1	2	2	1	3	1	1	1	1	1	2	1	1	1
OG_1242	2	5	2	6	3	0	4	5	7	5	4	1	4	1	11
OG_1243	1	1	1	1	1	1	1	1	2	1	2	1	1	1	1
OG_1244	1	1	1	1	1	1	1	1	1	1	1	1	1	2	1
OG_1245	1	2	1	1	3	1	2	2	4	1	2	3	3	1	1
OG_1246	2	1	2	1	1	1	2	1	1	1	1	5	2	0	1
OG_1247	4	1	1	1	4	0	6	4	4	0	2	1	6	0	0
OG_1248	7	1	1	1	1	1	4	1	1	1	1	1	3	1	1
OG_1249	1	1	1	1	1	0	1	1	1	1	0	0	1	0	0
OG_1250	3	1	1	2	1	1	3	1	1	1	2	1	3	3	1
OG_1251	2	1	1	1	1	1	1	1	1	1	2	0	1	4	1
OG_1252	1	1	1	1	1	0	1	1	1	1	1	2	1	0	0
OG_1253	1	1	1	1	1	1	1	1	1	1	1	2	1	1	1
OG_1254	6	1	1	4	1	3	4	1	1	2	2	1	2	1	1
OG_1255	1	1	4	6	4	0	2	4	1	2	2	0	3	0	1
OG_1256	1	1	2	1	1	1	1	1	1	1	1	1	1	1	1
OG_1257	1	0	6	0	0	0	0	0	0	0	0	0	0	0	0
OG_1258	1	3	1	1	1	1	1	1	1	1	1	3	1	1	2
OG_1259	2	1	2	1	1	10	1	1	1	1	1	1	2	2	1
OG_1260	4	2	3	7	1	0	1	2	2	1	4	1	1	0	1
OG_1261	1	1	1	1	1	2	1	1	1	1	1	1	2	3	1
OG_1262	4	1	1	2	1	1	2	1	1	1	1	1	2	2	1
OG_1263	4	1	4	5	1	1	4	1	1	4	1	3	3	14	2
OG_1264	2	1	3	1	1	0	4	1	1	1	2	0	4	0	0
OG_1265	1	1	2	2	1	1	1	1	1	1	1	1	1	1	0
OG_1266	2	1	2	3	1	6	1	1	1	2	0	1	1	0	0
OG_1267	1	3	1	1	3	1	1	1	2	2	1	1	1	1	3
OG_1268	1	1	1	2	1	1	2	1	2	1	1	1	2	1	3
OG_1269	2	1	1	1	1	0	1	1	1	1	1	1	1	0	1
OG_1270	1	2	1	1	1	1	1	1	2	1	1	2	0	2	2
OG_1271	8	3	2	10	3	7	2	1	2	3	3	1	5	7	2
OG_1272	3	2	1	1	1	0	1	1	1	2	1	1	1	0	0
OG_1273	1	1	1	1	1	1	1	1	1	2	1	3	1	0	1
OG_1274	2	1	1	1	1	3	3	1	1	1	1	1	2	2	1
OG_1275	6	1	6	2	2	0	8	2	2	2	0	0	4	0	6
OG_1276	1	1	3	1	1	1	2	1	1	2	1	5	1	2	1
OG_1277	2	1	1	1	1	1	1	1	1	2	1	5	1	1	2
OG_1278	1	1	1	1	1	0	1	1	1	1	1	1	1	0	0
OG_1279	1	0	1	1	1	0	1	1	1	1	1	1	2	1	0
OG_1280	1	0	1	1	1	0	1	1	1	2	1	1	1	1	0
OG_1281	1	1	1	2	1	0	1	1	1	4	0	0	1	0	0
OG_1282	1	1	1	2	1	0	1	1	1	1	0	1	1	0	0
OG_1283	1	1	1	1	1	1	1	1	1	1	0	1	3	1	2
OG_1284	1	1	1	1	1	2	1	1	1	1	1	1	1	1	1
OG_1285	1	1	1	1	0	0	1	0	1	1	0	0	1	0	0
OG_1286	3	1	1	1	1	1	4	1	3	1	1	1	2	2	1
OG_1287	1	1	1	1	1	1	1	1	1	1	1	1	1	1	1
OG_1288	2	1	2	1	1	0	4	1	2	1	1	3	2	0	1
OG_1289	5	1	1	1	1	1	1	1	1	1	2	1	2	0	1
OG_1290	1	1	1	1	1	0	1	1	1	0	1	1	1	0	1
OG_1291	4	2	2	3	3	1	6	2	2	1	2	3	6	1	0
OG_1292	2	0	0	2	1	0	1	1	1	0	1	1	2	0	0
OG_1293	1	1	1	1	2	1	1	1	1	0	1	1	1	1	1
OG_1294	2	1	1	7	1	3	1	1	1	1	1	1	1	1	1
OG_1295	1	1	1	4	2	2	1	1	1	3	3	4	1	1	0
OG_1296	3	1	1	1	1	0	1	1	1	1	0	1	1	0	0
OG_1297	8	2	2	4	3	4	3	2	2	3	3	2	2	0	1
OG_1298	1	1	1	1	1	0	1	1	1	1	1	1	1	0	0
OG_1299	2	1	2	1	2	2	4	1	1	2	2	1	1	2	1
OG_1300	1	2	1	1	3	0	1	1	1	1	1	2	1	0	3
OG_1301	1	1	1	1	1	1	1	1	1	1	1	0	1	1	0
OG_1302	5	2	2	2	3	2	2	2	5	2	2	3	2	2	1
OG_1303	1	1	2	1	1	1	1	1	1	1	4	3	1	1	1
OG_1304	8	1	2	1	1	1	1	1	1	2	1	3	1	2	1
OG_1305	1	1	1	1	1	1	1	1	1	0	1	2	1	2	1
OG_1306	1	1	1	1	1	0	1	1	1	0	1	5	1	0	0
OG_1307	1	1	1	1	1	6	1	1	1	1	1	1	1	1	1
OG_1308	2	2	1	1	1	1	2	1	2	1	1	1	3	0	0
OG_1309	2	1	1	1	1	1	2	1	1	2	2	1	2	1	0
OG_1310	1	1	1	1	1	1	1	1	3	2	1	1	1	1	1
OG_1311	2	1	1	2	1	1	2	1	1	1	1	1	1	1	1
OG_1312	2	5	2	4	2	1	3	2	2	3	7	5	3	1	2
OG_1313	1	1	1	1	1	0	1	1	1	0	1	1	2	0	0
OG_1314	2	1	1	1	1	1	1	1	2	1	1	1	1	1	0
OG_1315	10	3	2	3	2	0	2	2	3	5	1	1	2	0	0
OG_1316	1	1	1	2	1	1	2	1	1	2	1	1	2	1	1
OG_1317	2	3	1	6	1	1	1	1	2	2	1	5	1	3	1
OG_1318	1	1	1	1	1	1	1	1	1	1	1	1	1	2	1
OG_1319	1	1	1	1	1	0	1	1	0	0	0	0	1	0	0
OG_1320	1	1	0	1	1	1	1	1	1	1	1	1	1	1	1
OG_1321	1	2	11	1	1	1	1	2	1	1	1	1	1	2	1
OG_1322	1	1	8	1	0	0	1	0	1	1	0	0	1	0	0
OG_1323	2	1	1	1	1	1	1	1	1	1	1	1	1	3	1
OG_1324	3	1	0	1	0	0	2	0	0	1	0	0	0	0	0
OG_1325	2	1	1	1	1	2	1	1	2	1	1	1	1	1	2
OG_1326	1	2	2	1	1	0	1	1	1	1	0	1	1	1	1
OG_1327	2	1	1	1	1	2	2	2	1	5	1	1	2	2	1
OG_1328	3	1	1	2	1	0	1	1	1	1	1	4	1	1	0
OG_1329	1	1	1	1	1	1	1	1	1	1	1	1	1	1	0
OG_1330	5	1	0	1	1	0	1	1	2	1	1	0	1	0	0
OG_1331	1	1	1	1	1	1	1	1	1	1	1	3	1	1	1
OG_1332	2	1	6	1	1	0	2	0	2	0	0	0	3	0	0
OG_1333	1	1	1	1	1	0	2	1	1	1	1	1	2	0	0
OG_1334	5	1	1	1	1	2	1	1	1	1	1	2	1	0	0
OG_1335	8	5	2	6	6	0	2	10	7	0	0	0	1	0	0
OG_1336	2	1	1	2	1	1	2	1	2	2	1	1	2	1	1
OG_1337	1	1	1	1	1	3	1	1	1	3	1	2	1	0	2
OG_1338	2	1	1	1	0	0	1	1	1	1	1	1	2	0	0
OG_1339	1	1	1	1	1	1	1	1	1	2	1	5	1	1	1
OG_1340	29	3	15	7	7	8	18	6	11	19	3	3	11	4	7
OG_1341	1	1	1	1	1	1	1	1	1	1	1	3	1	1	1
OG_1342	1	2	2	4	1	2	2	1	2	3	1	1	2	3	1
OG_1343	2	1	1	2	1	4	1	1	1	1	1	1	1	3	1
OG_1344	2	0	1	1	1	6	2	1	2	2	1	5	2	3	1
OG_1345	1	1	1	1	1	1	1	1	1	1	3	1	1	2	1
OG_1346	2	0	0	0	0	0	1	0	0	0	0	0	3	0	0
OG_1347	2	0	1	1	1	1	2	1	1	1	1	1	1	0	1
OG_1348	1	1	1	0	1	0	1	5	1	1	0	0	1	0	0
OG_1349	1	1	1	1	1	4	1	1	1	1	1	1	1	0	0
OG_1350	2	1	1	2	1	2	1	1	1	1	4	1	1	2	1
OG_1351	1	1	2	1	1	1	1	1	1	1	1	1	1	1	1
OG_1352	4	1	2	2	1	0	1	1	1	1	1	1	1	0	1
OG_1353	1	1	1	1	1	0	1	1	1	1	1	1	1	0	0
OG_1354	1	1	1	1	1	1	2	1	1	1	1	1	2	1	1
OG_1355	1	1	1	1	1	5	1	1	1	1	2	1	1	2	0
OG_1356	1	1	1	1	1	1	1	19	1	2	2	3	1	3	1
OG_1357	1	1	1	1	1	1	1	1	3	1	1	2	1	1	1
OG_1358	1	1	1	2	1	3	1	1	2	2	1	1	1	0	1
OG_1359	4	1	1	6	1	0	3	5	1	4	1	0	3	2	11
OG_1360	1	1	1	2	1	0	1	1	1	2	1	1	1	2	1
OG_1361	3	1	1	1	1	0	1	1	1	1	1	1	1	0	1
OG_1362	1	1	2	1	1	0	1	0	1	2	0	0	1	0	1
OG_1363	1	1	1	1	1	0	2	1	3	1	1	1	2	4	1
OG_1364	1	1	1	1	1	1	1	1	1	1	1	5	1	0	1
OG_1365	4	1	1	1	1	2	3	1	1	1	1	1	4	1	4
OG_1366	1	1	1	1	1	1	1	1	1	1	1	1	1	1	1
OG_1367	1	1	2	0	2	0	1	1	3	0	1	0	1	0	0
OG_1368	1	1	1	2	1	5	1	1	1	0	2	2	1	1	1
OG_1369	6	2	12	8	9	0	6	3	8	4	2	10	7	0	3
OG_1370	1	1	1	2	1	1	4	1	1	0	1	2	1	3	1
OG_1371	26	11	14	18	22	29	18	13	16	12	3	5	14	0	14
OG_1372	1	3	1	2	1	0	2	1	3	1	0	0	2	0	0
OG_1373	1	3	1	9	1	0	1	4	1	4	1	3	1	0	1
OG_1374	1	1	1	1	1	1	1	1	1	1	1	1	1	1	1
OG_1375	3	1	1	2	1	4	2	1	1	1	3	1	2	0	1
OG_1376	1	1	3	2	1	1	5	1	1	1	0	1	4	1	0
OG_1377	1	1	1	2	1	2	1	1	1	0	1	1	1	0	2
OG_1378	2	2	2	2	2	1	3	2	2	0	2	2	2	4	1
OG_1379	6	1	1	2	1	2	4	1	1	2	6	1	4	3	0
OG_1380	1	1	1	1	1	0	1	1	1	1	2	1	1	0	0
OG_1381	4	1	1	5	1	1	1	1	1	1	1	5	1	1	1
OG_1382	1	1	2	1	1	1	1	1	1	1	2	2	1	0	1
OG_1383	1	1	1	1	1	0	2	1	1	1	1	1	1	0	0
OG_1384	3	0	1	2	1	0	2	1	0	3	6	2	1	0	0
OG_1385	21	1	1	0	2	2	12	1	2	1	1	2	4	6	1
OG_1386	1	1	1	1	1	1	1	1	1	1	1	1	1	1	1
OG_1387	1	1	1	1	2	0	1	1	1	1	1	1	1	0	2
OG_1388	2	2	1	1	1	1	3	1	1	3	1	1	2	1	1
OG_1389	1	1	2	1	1	3	1	1	1	1	0	1	1	0	1
OG_1390	1	1	1	2	1	1	1	2	2	1	2	1	1	1	2
OG_1391	10	2	1	2	1	7	2	1	1	1	1	2	0	16	4
OG_1392	2	1	2	1	1	1	2	1	1	1	2	3	2	2	1
OG_1393	7	1	1	2	1	0	1	1	1	1	0	1	1	0	0
OG_1394	7	2	8	1	4	6	13	2	6	1	4	1	16	1	35
OG_1395	1	1	3	3	1	1	1	1	2	1	1	1	1	0	0
OG_1396	2	1	1	1	1	6	1	1	1	1	2	2	1	1	1
OG_1397	1	2	9	3	3	1	2	3	3	4	2	1	1	2	3
OG_1398	1	1	5	2	1	5	1	1	1	1	1	2	1	1	2
OG_1399	1	1	1	1	1	2	1	1	1	1	1	1	1	1	2
OG_1400	1	1	1	1	1	1	1	1	1	1	1	1	1	1	1
OG_1401	1	1	1	1	1	2	1	1	1	1	1	1	1	1	1
OG_1402	1	3	1	1	1	1	1	1	1	1	1	1	1	1	0
OG_1403	3	1	1	4	1	4	2	2	1	1	1	1	3	2	1
OG_1404	3	2	1	0	1	0	1	1	1	1	1	1	2	0	0
OG_1405	1	1	1	1	1	2	1	1	2	1	1	1	2	1	1
OG_1406	1	1	1	1	1	0	1	1	1	1	0	1	1	0	0
OG_1407	1	0	1	1	1	1	1	1	1	2	2	1	2	1	1
OG_1408	1	1	1	1	1	1	1	1	1	1	1	0	0	0	1
OG_1409	8	1	1	1	1	3	1	1	1	1	1	11	1	1	2
OG_1410	2	3	4	2	4	0	2	3	3	3	2	4	2	0	0
OG_1411	4	1	1	4	1	0	1	1	1	1	0	0	2	0	1
OG_1412	2	1	2	2	1	0	2	1	1	4	2	2	2	0	4
OG_1413	1	1	1	0	1	0	1	3	1	1	0	0	1	0	0
OG_1414	1	1	1	1	2	1	1	1	2	1	1	1	2	4	1
OG_1415	1	1	3	2	1	1	1	1	1	1	1	1	1	1	2
OG_1416	2	1	1	3	2	3	1	1	1	1	1	1	1	2	0
OG_1417	1	1	1	1	1	1	1	2	1	1	1	2	1	0	0
OG_1418	2	2	3	1	3	0	1	1	1	1	2	2	1	0	0
OG_1419	1	1	1	1	1	1	1	1	2	1	1	1	1	2	2
OG_1420	1	1	1	1	1	1	1	1	2	2	1	1	1	1	1
OG_1421	30	19	27	1	21	0	165	12	17	0	7	2	29	0	1
OG_1422	8	6	12	7	9	15	8	7	12	7	9	3	12	17	3
OG_1423	2	1	1	1	1	1	1	2	1	2	2	2	1	1	1
OG_1424	1	1	1	1	1	1	1	1	1	1	1	1	1	2	1
OG_1425	1	1	1	1	1	4	1	1	1	1	1	1	1	1	0
OG_1426	1	1	3	1	1	1	1	1	1	2	1	1	1	1	1
OG_1427	15	6	6	9	5	5	8	6	9	10	7	11	8	1	3
OG_1428	3	1	1	2	1	1	2	1	1	2	2	7	1	3	1
OG_1429	2	4	1	1	1	2	3	1	5	1	1	2	3	2	1
OG_1430	9	1	1	6	1	3	2	1	1	1	1	1	2	0	1
OG_1431	11	2	4	5	3	1	7	3	3	6	1	4	6	1	0
OG_1432	1	1	0	1	3	1	2	1	1	1	1	3	1	3	1
OG_1433	1	1	1	1	1	1	1	1	1	1	1	1	1	3	8
OG_1434	1	2	1	2	1	1	3	1	1	2	2	1	2	0	2
OG_1435	1	1	1	0	1	0	1	1	1	1	1	1	2	0	1
OG_1436	2	1	1	2	2	1	1	1	1	3	2	3	1	0	1
OG_1437	1	1	2	2	1	1	1	1	1	1	1	1	1	0	6
OG_1438	2	1	1	1	4	3	4	2	2	2	0	2	3	2	1
OG_1439	2	3	2	3	1	2	5	1	2	1	1	1	0	1	0
OG_1440	2	2	1	1	1	2	1	2	2	6	1	1	3	1	2
OG_1441	4	1	2	4	1	0	1	1	1	1	2	1	1	0	1
OG_1442	2	2	1	2	1	4	4	1	1	1	1	12	4	2	2
OG_1443	1	1	0	2	2	2	1	1	1	1	1	3	1	1	1
OG_1444	2	1	1	1	1	1	1	1	1	1	1	1	1	1	1
OG_1445	1	1	3	1	1	1	1	1	1	1	1	1	1	1	1
OG_1446	1	1	0	1	0	0	0	0	1	1	0	1	0	0	0
OG_1447	1	1	1	2	1	3	1	1	2	1	2	1	1	1	1
OG_1448	2	1	1	0	1	0	1	2	1	0	0	1	1	0	0
OG_1449	1	1	2	1	1	1	2	1	2	1	1	3	2	3	1
OG_1450	2	1	4	1	1	1	1	1	2	1	1	1	1	1	1
OG_1451	1	1	1	2	1	0	1	1	1	1	1	1	1	0	2
OG_1452	1	1	1	1	1	1	1	1	1	1	1	1	1	1	1
OG_1453	1	1	1	1	1	1	2	1	1	1	1	1	1	1	1
OG_1454	1	2	1	1	1	1	1	1	1	1	1	3	1	1	1
OG_1455	1	1	1	1	1	1	1	1	1	1	2	2	1	3	3
OG_1456	1	0	0	1	1	0	0	1	0	1	1	1	0	0	0
OG_1457	1	1	1	1	2	3	1	1	3	1	6	1	1	0	1
OG_1458	3	2	3	1	1	2	1	1	1	2	1	0	1	2	2
OG_1459	1	1	1	1	1	2	1	1	1	1	2	2	1	1	1
OG_1460	1	1	2	1	1	2	1	0	1	1	1	3	2	8	0
OG_1461	1	1	1	1	1	1	1	1	1	1	1	1	1	2	1
OG_1462	1	1	1	1	1	1	2	1	1	1	1	1	1	2	2
OG_1463	3	1	1	5	1	1	2	2	1	2	2	3	1	1	1
OG_1464	1	1	1	1	1	7	1	1	1	1	1	1	1	1	1
OG_1465	1	1	1	1	1	2	2	1	1	1	1	1	2	1	1
OG_1466	1	1	2	1	1	1	1	1	1	1	0	2	1	1	1
OG_1467	1	1	1	0	1	0	2	1	1	0	1	1	2	1	0
OG_1468	2	1	1	1	1	0	1	1	1	1	1	1	1	0	1
OG_1469	1	1	1	1	1	0	1	1	1	1	1	1	1	0	0
OG_1470	1	1	1	1	1	0	1	1	1	1	1	0	1	0	0
OG_1471	1	1	1	2	1	0	2	1	1	1	1	1	2	0	2
OG_1472	1	1	1	2	1	2	1	1	2	2	2	1	1	2	3
OG_1473	1	1	1	1	1	0	1	1	1	2	1	1	1	0	1
OG_1474	1	1	1	1	1	1	1	1	1	1	1	2	1	1	1
OG_1475	4	1	1	2	6	1	1	1	1	1	1	1	0	1	1
OG_1476	5	0	1	7	1	0	1	1	1	1	2	1	1	0	0
OG_1477	1	0	1	1	1	1	2	1	2	1	1	3	1	1	1
OG_1478	2	1	1	1	1	4	1	1	1	1	0	1	1	0	1
OG_1479	1	1	1	1	3	1	1	1	1	1	1	9	1	1	1
OG_1480	1	1	1	1	1	1	1	1	1	1	1	2	1	2	1
OG_1481	1	2	1	0	3	0	2	2	2	0	0	0	2	0	0
OG_1482	2	1	1	1	1	1	1	1	2	1	1	1	1	2	1
OG_1483	0	0	0	0	0	0	0	0	0	0	0	0	0	8	6
OG_1484	1	1	1	1	1	0	1	1	1	1	0	0	2	0	0
OG_1485	1	1	1	1	1	1	1	1	1	1	0	1	1	1	0
OG_1486	6	1	1	3	1	0	1	2	1	3	1	2	0	0	0
OG_1487	6	1	1	4	1	4	3	1	1	1	1	3	3	0	1
OG_1488	10	3	5	4	2	0	6	3	4	4	3	3	5	9	6
OG_1489	4	1	2	1	1	2	2	2	1	1	5	1	1	1	1
OG_1490	1	1	1	1	1	1	1	1	1	2	1	1	1	1	3
OG_1491	2	1	1	2	1	1	2	1	1	1	2	3	3	2	1
OG_1492	1	1	2	1	1	1	1	1	1	1	1	2	1	1	1
OG_1493	118	22	28	89	28	13	16	27	23	28	15	18	13	13	12
OG_1494	2	1	1	1	1	0	1	1	1	1	1	1	1	0	1
OG_1495	1	1	2	1	2	0	1	1	2	1	1	0	1	0	1
OG_1496	1	1	1	1	1	0	1	1	1	1	1	1	1	0	1
OG_1497	1	1	1	1	1	0	1	1	1	1	1	1	1	0	1
OG_1498	1	1	0	1	1	0	1	1	1	1	2	1	1	0	0
OG_1499	5	1	1	5	1	2	3	1	1	6	1	5	1	0	2
OG_1500	1	1	1	2	2	1	1	1	2	1	1	1	1	1	1
OG_1501	1	2	1	2	1	1	1	2	2	2	2	0	1	1	1
OG_1502	231	377	33	138	49	28	47	24	96	191	13	25	25	13	13
OG_1503	10	32	76	4	83	0	0	11	1	3	14	17	1	0	0
OG_1504	6	3	3	4	3	2	8	3	4	3	2	14	4	1	31
OG_1505	3	1	1	1	1	0	1	1	1	1	1	0	2	0	1
OG_1506	1	1	1	1	1	0	1	1	1	1	0	0	1	0	0
OG_1507	36	19	6	25	11	0	16	1	8	2	3	0	16	2	6
OG_1508	2	0	1	2	1	2	1	1	1	2	1	1	1	1	1
OG_1509	2	1	0	4	1	0	2	1	1	1	1	1	1	0	1
OG_1510	2	1	1	1	1	1	1	1	1	1	1	1	1	1	1
OG_1511	3	1	2	1	1	3	3	1	2	1	1	1	2	0	1
OG_1512	3	1	1	1	1	1	1	1	1	2	1	3	1	3	1
OG_1513	1	1	2	1	2	1	1	1	1	1	4	1	1	1	1
OG_1514	4	1	1	2	1	1	1	1	1	1	1	1	2	1	1
OG_1515	1	0	1	0	2	0	1	0	2	0	1	1	1	0	0
OG_1516	1	2	1	1	1	0	1	1	1	1	1	1	1	0	0
OG_1517	2	1	2	1	3	3	2	1	3	2	1	1	1	2	1
OG_1518	3	1	1	1	1	2	2	1	3	1	0	1	1	2	0
OG_1519	2	1	1	3	1	1	1	1	1	1	1	4	1	0	1
OG_1520	2	1	1	1	2	0	2	1	1	1	0	0	1	1	0
OG_1521	1	1	1	2	1	1	1	1	1	1	1	1	1	0	1
OG_1522	2	2	1	2	1	2	1	1	1	1	1	1	2	1	1
OG_1523	1	1	1	2	1	1	1	1	1	1	1	1	1	7	1
OG_1524	100	40	36	30	14	2	38	32	7	6	19	19	20	5	5
OG_1525	1	1	4	1	3	0	1	1	2	1	0	0	2	0	0
OG_1526	4	1	1	1	1	0	1	1	0	0	0	0	1	0	0
OG_1527	1	2	2	1	1	1	1	1	2	1	1	1	1	1	1
OG_1528	2	1	1	3	1	0	1	1	1	2	3	2	2	0	0
OG_1529	1	1	1	3	0	1	1	1	1	1	1	4	2	1	1
OG_1530	2	1	2	2	1	6	2	2	2	7	1	1	1	6	1
OG_1531	2	2	0	2	1	1	2	1	1	1	0	1	3	1	1
OG_1532	1	1	1	1	1	1	1	1	2	1	2	4	2	1	1
OG_1533	2	1	0	1	1	1	1	1	1	1	1	1	1	3	1
OG_1534	1	2	1	2	2	2	3	1	3	2	1	2	3	1	1
OG_1535	1	1	1	1	1	1	1	1	2	1	1	5	1	1	1
OG_1536	1	1	1	1	1	0	1	1	1	1	1	1	1	0	0
OG_1537	4	1	1	4	1	0	1	1	1	2	0	1	1	0	0
OG_1538	21	13	79	3	36	1	28	12	10	0	8	0	14	0	41
OG_1539	3	1	1	1	1	1	1	1	1	1	1	0	1	1	0
OG_1540	1	1	1	1	1	0	1	1	1	1	2	1	1	0	0
OG_1541	1	3	17	2	1	3	2	1	2	1	1	3	1	2	0
OG_1542	1	4	1	1	1	1	2	1	3	1	2	1	3	1	1
OG_1543	1	1	1	1	1	2	1	1	1	1	3	1	2	2	1
OG_1544	1	1	1	1	1	0	1	1	0	1	1	1	1	0	3
OG_1545	5	1	1	7	1	0	1	1	1	1	0	1	1	0	0
OG_1546	1	1	1	1	1	1	1	1	1	1	1	1	1	3	1
OG_1547	5	1	4	2	2	2	2	3	1	5	2	2	2	4	2
OG_1548	2	1	1	1	1	1	1	2	1	1	1	1	1	1	2
OG_1549	1	1	3	1	2	0	1	1	2	1	0	0	2	0	0
OG_1550	2	1	1	3	1	1	2	1	1	2	1	1	1	1	1
OG_1551	1	1	1	1	1	2	1	1	1	1	1	1	1	0	1
OG_1552	3	1	1	1	1	2	1	1	1	1	1	1	2	1	1
OG_1553	2	3	1	1	1	1	1	1	1	1	2	5	1	2	1
OG_1554	1	1	0	1	1	1	1	1	1	1	2	0	1	1	2
OG_1555	1	2	0	1	1	2	1	1	3	1	1	5	1	2	0
OG_1556	7	1	4	0	7	0	5	2	5	1	3	3	4	0	0
OG_1557	3	1	2	1	1	2	1	2	1	1	1	1	1	1	1
OG_1558	1	1	1	1	1	2	1	1	1	1	2	1	1	2	0
OG_1559	1	2	1	1	1	0	2	1	1	1	1	0	0	0	0
OG_1560	2	8	2	6	4	1	2	6	9	4	7	2	3	2	0
OG_1561	2	1	1	1	1	3	1	0	1	1	0	3	1	0	0
OG_1562	1	1	1	1	1	1	0	1	1	1	1	1	1	1	1
OG_1563	1	1	2	2	1	1	1	2	2	1	1	1	2	2	0
OG_1564	2	3	1	1	11	2	2	1	1	1	3	2	2	1	1
OG_1565	1	1	1	1	1	1	1	1	1	1	1	4	1	1	2
OG_1566	1	1	1	1	2	0	1	1	1	2	0	0	1	0	0
OG_1567	1	1	1	1	1	4	2	1	1	1	1	1	2	1	1
OG_1568	1	1	1	1	1	1	1	1	1	1	0	1	1	0	1
OG_1569	18	7	27	8	13	1	12	11	11	11	2	2	9	2	8
OG_1570	2	1	1	1	1	3	1	1	1	1	2	1	1	2	2
OG_1571	4	1	1	2	1	2	2	1	1	3	0	2	2	1	1
OG_1572	1	1	1	1	1	1	1	1	1	3	1	3	2	1	2
OG_1573	4	2	3	3	2	3	4	3	3	3	3	2	5	7	2
OG_1574	8	2	9	6	6	2	8	2	5	1	1	2	6	1	3
OG_1575	1	1	1	1	1	1	2	1	1	1	1	2	2	0	0
OG_1576	1	1	1	1	1	0	1	1	1	1	0	2	1	0	0
OG_1577	1	1	1	2	1	1	1	1	3	2	2	1	1	1	1
OG_1578	2	1	1	1	1	0	1	1	1	2	0	0	1	0	0
OG_1579	1	2	1	2	4	1	1	2	2	2	1	1	1	2	1
OG_1580	2	1	1	1	1	1	2	1	1	1	2	2	2	1	1
OG_1581	1	1	1	3	1	0	1	1	1	1	1	2	1	0	0
OG_1582	2	1	1	3	1	0	1	1	1	1	0	0	1	0	1
OG_1583	1	3	1	1	1	1	1	1	1	1	2	1	1	1	1
OG_1584	6	5	5	9	5	6	5	4	7	9	8	12	6	1	4
OG_1585	4	1	6	3	2	2	8	5	2	0	1	0	3	0	2
OG_1586	1	4	1	1	4	0	0	1	1	1	2	2	2	0	0
OG_1587	3	2	1	2	2	2	2	1	1	3	18	7	2	2	1
OG_1588	8	1	1	6	1	1	2	1	1	3	2	8	2	1	0
OG_1589	1	1	2	1	1	2	1	1	1	2	1	1	1	2	2
OG_1590	1	1	1	1	1	1	1	1	1	1	1	2	1	2	2
OG_1591	1	2	2	1	1	0	1	1	1	1	1	0	0	0	0
OG_1592	2	1	1	2	1	2	1	1	1	1	1	1	2	1	1
OG_1593	3	2	2	2	1	1	1	1	1	2	1	2	1	2	1
OG_1594	1	3	1	1	1	1	1	1	1	1	1	2	1	1	1
OG_1595	1	2	2	1	1	1	1	1	1	1	1	2	1	0	0
OG_1596	3	1	1	1	1	1	3	1	2	1	4	1	2	1	2
OG_1597	1	1	1	1	1	1	3	1	7	1	3	1	1	1	1
OG_1598	5	1	4	2	1	4	1	2	1	1	1	2	1	0	2
OG_1599	2	1	1	1	1	1	1	1	1	1	0	1	1	2	0
OG_1600	11	1	1	3	1	3	5	1	1	4	5	10	3	4	2
OG_1601	2	1	1	1	1	0	1	1	1	2	0	0	1	0	0
OG_1602	3	0	1	2	1	1	2	0	1	5	3	3	2	1	1
OG_1603	3	1	1	2	1	1	1	1	1	3	1	1	1	4	3
OG_1604	1	1	1	1	1	1	1	1	1	1	1	2	1	1	1
OG_1605	1	1	1	1	1	1	1	1	1	1	1	0	1	3	1
OG_1606	2	3	2	1	2	1	1	1	1	1	2	4	1	1	2
OG_1607	2	1	1	2	1	1	2	1	1	1	2	4	1	4	1
OG_1608	8	4	3	2	1	1	1	1	1	1	2	1	4	1	1
OG_1609	4	1	1	1	0	2	1	1	2	1	2	3	2	2	1
OG_1610	2	2	1	5	2	0	5	2	1	2	3	1	2	0	0
OG_1611	1	0	1	2	1	14	2	1	1	1	1	1	1	1	1
OG_1612	1	1	1	1	1	0	1	1	1	1	1	1	1	0	1
OG_1613	1	1	1	1	1	1	1	1	1	1	1	1	1	3	1
OG_1614	1	1	1	1	1	1	1	1	1	1	1	1	1	1	1
OG_1615	1	2	4	1	1	2	2	1	1	2	1	2	1	1	1
OG_1616	2	1	1	2	1	0	1	1	1	1	1	1	1	0	1
OG_1617	1	1	2	2	1	0	2	1	1	1	1	6	2	0	0
OG_1618	39	8	27	5	24	0	17	10	26	12	2	2	12	0	0
OG_1619	7	1	1	1	1	1	2	0	1	1	1	1	1	3	1
OG_1620	2	1	1	1	2	1	1	1	2	2	2	2	1	2	1
OG_1621	5	1	0	1	1	1	2	1	4	1	1	3	1	0	2
OG_1622	1	1	1	1	1	1	2	1	1	1	2	1	2	0	1
OG_1623	1	3	1	1	2	2	1	1	1	1	2	3	1	1	1
OG_1624	1	3	1	1	1	1	1	1	1	1	1	2	1	2	1
OG_1625	1	1	3	1	1	2	2	1	1	1	1	1	1	1	1
OG_1626	2	1	2	1	1	4	1	1	1	2	1	1	1	2	1
OG_1627	1	1	2	1	1	0	0	1	0	0	0	0	0	0	1
OG_1628	1	1	1	2	1	1	1	1	1	2	2	4	1	4	1
OG_1629	2	3	2	0	3	1	2	2	2	1	1	1	3	1	2
OG_1630	1	1	1	1	1	1	1	1	1	1	1	2	1	2	1
OG_1631	3	2	1	1	1	1	1	1	2	2	2	1	1	1	1
OG_1632	1	1	1	1	1	2	1	1	1	1	1	1	1	1	1
OG_1633	1	2	1	1	1	3	1	1	5	1	2	1	0	3	1
OG_1634	1	1	1	1	1	5	1	1	1	1	1	1	2	2	1
OG_1635	4	1	1	2	1	1	2	1	1	1	1	2	2	1	1
OG_1636	1	1	1	1	1	2	0	2	1	1	3	1	1	1	1
OG_1637	2	0	1	6	0	0	1	1	1	1	0	0	1	0	0
OG_1638	1	1	1	1	1	1	1	1	1	1	1	1	1	1	4
OG_1639	2	1	1	1	1	0	1	1	2	1	1	0	1	0	1
OG_1640	3	1	1	2	1	1	2	1	2	1	1	3	1	1	1
OG_1641	1	1	1	1	1	1	1	1	1	1	1	1	1	1	0
OG_1642	2	2	1	1	1	2	1	1	1	1	1	4	1	3	1
OG_1643	2	1	1	1	2	1	1	1	2	3	1	1	1	1	0
OG_1644	7	6	4	1	6	1	1	1	5	1	4	0	5	4	11
OG_1645	1	2	2	2	2	2	1	2	2	2	0	1	1	1	0
OG_1646	4	1	1	2	1	0	2	1	1	2	4	3	1	0	0
OG_1647	1	1	1	1	1	1	2	1	1	1	2	1	1	2	0
OG_1648	7	1	2	1	1	2	1	1	1	4	2	6	1	0	1
OG_1649	1	1	0	1	1	2	1	1	1	1	1	2	1	1	1
OG_1650	1	1	1	1	1	7	1	1	1	1	1	1	2	1	1
OG_1651	2	2	3	2	2	3	2	1	1	3	3	5	2	2	1
OG_1652	2	1	1	1	1	1	2	1	1	1	1	1	2	1	0
OG_1653	1	1	1	1	1	3	1	1	1	1	1	2	1	3	1
OG_1654	1	1	2	3	1	5	1	1	1	1	1	2	1	2	2
OG_1655	1	1	13	1	1	1	1	1	1	1	4	1	1	1	1
OG_1656	1	1	2	1	1	4	1	1	1	1	1	2	1	0	0
OG_1657	1	1	1	1	2	2	1	1	1	1	1	5	1	1	1
OG_1658	1	1	1	1	1	1	1	1	1	1	1	1	1	1	0
OG_1659	3	1	1	1	1	0	1	1	1	3	1	1	1	0	1
OG_1660	1	1	2	1	1	1	1	1	1	1	0	0	1	1	1
OG_1661	1	1	1	2	1	2	1	1	1	1	1	1	1	1	1
OG_1662	2	2	2	2	3	1	2	0	2	2	4	4	4	0	1
OG_1663	1	1	1	1	1	2	1	1	1	1	1	1	1	1	1
OG_1664	2	2	1	1	1	3	1	1	1	0	2	1	1	3	1
OG_1665	1	1	0	2	1	1	1	1	1	1	0	1	0	0	0
OG_1666	1	1	1	1	1	6	1	1	1	1	1	1	1	2	1
OG_1667	13	1	5	1	1	1	1	1	1	1	2	1	1	2	2
OG_1668	43	17	16	13	15	0	13	15	16	18	5	11	17	0	0
OG_1669	1	1	1	1	1	1	0	1	1	1	1	0	0	1	0
OG_1670	89	80	41	5	24	25	29	5	4	4	6	12	13	18	1
OG_1671	1	1	1	1	1	1	1	1	1	1	0	1	1	0	1
OG_1672	2	1	2	1	3	1	2	1	1	2	1	1	2	1	1
OG_1673	1	1	1	1	1	1	1	1	1	1	1	1	1	1	1
OG_1674	2	1	3	2	5	0	2	1	1	1	0	0	2	0	0
OG_1675	14	7	3	5	6	0	16	7	13	8	4	0	18	0	0
OG_1676	3	2	1	1	1	1	1	1	2	1	2	1	3	0	1
OG_1677	2	1	2	2	1	2	2	2	3	0	3	2	2	1	1
OG_1678	2	1	1	2	2	1	2	1	1	2	2	2	2	1	1
OG_1679	1	1	1	1	1	2	1	1	1	1	1	1	1	1	1
OG_1680	5	1	1	5	2	3	1	1	1	2	1	6	1	2	2
OG_1681	1	1	1	2	1	0	0	1	1	1	0	1	2	0	0
OG_1682	1	1	1	1	1	1	1	1	1	1	0	0	1	0	2
OG_1683	1	1	1	1	1	1	1	1	1	1	1	0	1	1	1
OG_1684	1	1	1	1	1	1	1	1	1	1	1	0	1	2	1
OG_1685	2	1	1	2	1	1	2	1	1	3	1	1	2	1	5
OG_1686	1	1	1	2	1	0	2	1	1	1	0	0	2	0	0
OG_1687	1	1	1	1	1	3	1	1	1	1	1	1	1	0	1
OG_1688	2	1	1	1	1	1	1	1	1	1	1	1	1	1	1
OG_1689	1	1	1	1	1	1	2	1	1	1	2	2	1	1	3
OG_1690	17	8	8	17	10	2	8	9	9	15	9	9	7	1	2
OG_1691	1	1	1	1	1	1	1	1	1	1	1	1	1	3	1
OG_1692	1	1	1	1	1	0	1	1	1	2	0	0	1	0	0
OG_1693	1	1	2	1	1	3	1	1	0	1	1	2	1	1	1
OG_1694	1	1	1	1	1	1	1	1	1	1	2	2	1	1	1
OG_1695	1	1	3	2	1	4	1	1	1	1	1	3	1	1	1
OG_1696	1	1	1	1	1	0	1	1	2	1	2	2	1	0	1
OG_1697	1	1	1	1	1	0	1	1	1	1	1	1	1	0	1
OG_1698	2	1	1	0	1	0	0	1	1	1	2	0	0	0	0
OG_1699	2	3	1	3	1	0	2	1	1	1	1	2	2	0	0
OG_1700	1	1	1	1	1	0	1	1	0	1	0	0	1	0	0
OG_1701	2	1	1	4	1	0	1	1	1	1	1	2	2	0	0
OG_1702	2	1	1	1	1	1	1	1	1	1	1	1	1	1	1
OG_1703	1	1	1	3	1	3	1	1	1	1	1	1	1	1	1
OG_1704	1	1	1	2	1	1	2	1	1	1	2	1	4	4	2
OG_1705	1	1	2	1	2	1	1	1	1	1	1	2	1	1	1
OG_1706	1	1	1	1	1	1	1	1	1	1	1	2	1	2	2
OG_1707	2	1	1	1	1	0	1	10	1	0	2	4	1	0	1
OG_1708	1	1	3	2	1	0	2	1	1	1	1	9	2	1	1
OG_1709	4	2	4	3	2	1	2	3	2	3	2	4	2	1	1
OG_1710	1	1	1	1	1	1	1	1	1	1	1	1	2	0	1
OG_1711	1	2	2	3	1	1	1	2	1	2	1	4	1	1	1
OG_1712	1	1	1	1	1	1	1	1	1	1	1	4	1	1	1
OG_1713	1	1	1	1	1	1	1	1	1	1	1	1	1	2	1
OG_1714	1	1	1	3	0	0	1	1	1	1	0	0	2	0	0
OG_1715	1	1	1	1	1	0	1	1	1	1	1	1	1	0	0
OG_1716	1	1	2	1	1	1	1	1	1	1	1	1	1	1	1
OG_1717	3	1	1	1	1	1	2	1	1	1	1	0	1	1	1
OG_1718	1	1	1	1	1	1	1	1	1	1	1	3	1	1	1
OG_1719	2	1	1	1	1	1	1	1	1	1	2	4	1	1	1
OG_1720	3	1	1	1	1	1	1	1	1	1	1	4	1	1	1
OG_1721	1	1	1	1	1	1	1	1	1	1	1	1	1	1	1
OG_1722	1	1	1	1	1	2	1	1	1	1	1	1	1	0	1
OG_1723	5	2	1	1	6	0	1	1	3	1	2	0	1	0	0
OG_1724	2	1	1	1	0	0	1	1	1	1	1	2	1	0	1
OG_1725	1	1	3	2	4	0	1	0	2	3	0	0	1	0	2
OG_1726	1	1	1	1	1	2	1	1	1	1	1	0	1	1	2
OG_1727	2	1	0	3	1	0	2	1	0	2	1	1	1	0	1
OG_1728	1	1	3	1	1	8	1	1	1	2	1	1	2	2	1
OG_1729	2	1	1	1	1	2	0	1	2	2	2	6	1	2	1
OG_1730	1	1	1	1	1	1	1	1	1	1	1	1	1	1	6
OG_1731	2	1	1	2	1	4	1	1	1	1	1	1	1	3	1
OG_1732	2	1	1	1	2	2	2	1	1	1	1	1	1	1	1
OG_1733	1	1	1	0	0	0	1	1	1	1	1	0	1	0	0
OG_1734	1	2	1	1	1	1	1	1	1	1	1	1	1	2	1
OG_1735	1	1	1	1	1	1	1	1	1	1	1	7	1	0	1
OG_1736	1	1	1	1	1	3	1	1	1	1	3	7	1	2	0
OG_1737	3	1	1	1	3	1	1	1	1	1	3	5	2	1	1
OG_1738	2	1	1	4	1	2	2	1	1	1	1	5	2	1	1
OG_1739	6	1	1	2	3	6	3	2	2	4	2	3	3	1	9
OG_1740	2	3	1	1	1	0	1	1	4	2	1	4	1	0	0
OG_1741	2	1	1	0	1	2	1	1	1	3	1	1	1	1	0
OG_1742	1	2	1	3	1	1	2	2	1	4	0	3	1	1	1
OG_1743	2	1	1	6	1	0	1	1	1	4	0	2	1	0	0
OG_1744	1	1	1	0	1	1	1	1	1	1	1	1	1	1	0
OG_1745	1	1	1	2	1	5	1	1	1	1	1	1	1	1	2
OG_1746	1	1	1	2	1	4	1	1	1	1	1	1	3	7	8
OG_1747	1	1	1	1	1	1	2	1	1	1	3	4	2	1	1
OG_1748	1	1	2	1	1	2	1	1	2	1	1	3	2	1	0
OG_1749	2	1	1	1	1	0	2	1	1	1	1	1	3	0	1
OG_1750	1	1	1	1	1	4	1	1	1	1	1	1	1	2	1
OG_1751	1	0	1	1	1	1	1	1	1	1	1	1	1	2	1
OG_1752	2	0	1	3	1	1	1	1	2	1	1	1	1	1	1
OG_1753	1	0	1	1	1	2	1	1	1	4	1	6	1	2	1
OG_1754	2	2	1	1	1	1	2	2	1	1	1	3	4	4	4
OG_1755	1	1	3	1	1	1	1	1	2	2	3	1	2	2	1
OG_1756	1	1	1	1	1	0	2	1	1	0	2	1	1	0	0
OG_1757	29	97	195	36	190	8	23	57	16	12	44	24	29	4	2
OG_1758	1	1	1	1	0	2	0	1	1	1	0	1	0	2	1
OG_1759	7	1	1	1	1	0	1	1	1	4	1	1	1	0	0
OG_1760	1	1	1	1	1	1	1	1	1	2	1	2	1	2	1
OG_1761	1	2	1	1	1	1	1	1	1	2	1	3	1	0	1
OG_1762	3	1	0	2	1	0	1	1	1	3	0	1	2	0	0
OG_1763	1	1	1	1	1	1	1	1	1	2	1	0	1	1	0
OG_1764	1	1	1	1	1	3	2	1	1	1	1	1	1	1	1
OG_1765	1	1	2	1	1	0	1	1	1	1	2	2	1	1	1
OG_1766	2	1	0	1	1	0	2	1	1	2	0	0	2	0	0
OG_1767	4	2	1	1	1	0	2	1	1	1	0	0	4	0	0
OG_1768	1	1	1	3	1	0	1	3	1	3	1	1	2	0	0
OG_1769	2	1	1	1	1	1	1	1	1	3	0	1	1	1	1
OG_1770	4	5	3	3	4	4	5	3	6	3	7	10	4	2	2
OG_1771	2	1	1	2	1	8	2	1	3	1	1	2	2	3	1
OG_1772	2	2	2	1	1	1	1	1	1	2	1	1	1	0	1
OG_1773	1	1	1	2	1	1	1	1	1	1	1	4	1	1	1
OG_1774	1	1	1	1	1	1	1	1	1	1	1	1	1	2	1
OG_1775	2	1	1	1	1	1	1	1	1	1	1	2	1	1	1
OG_1776	5	2	9	1	1	3	1	1	1	1	2	1	2	1	1
OG_1777	4	3	9	6	3	3	3	3	4	3	3	3	3	1	2
OG_1778	2	1	2	1	1	1	1	1	1	1	1	2	1	2	3
OG_1779	2	8	2	11	4	0	2	6	2	4	0	0	1	3	4
OG_1780	1	5	1	0	1	0	0	1	1	1	2	1	1	0	0
OG_1781	59	2	2	19	0	0	13	7	3	0	0	0	1	0	0
OG_1782	1	1	1	1	2	1	1	1	1	1	1	0	1	1	1
OG_1783	1	1	1	2	0	0	1	1	1	1	1	1	1	0	0
OG_1784	1	1	1	2	2	1	1	1	1	1	1	2	1	2	1
OG_1785	2	1	2	2	2	1	2	2	3	2	2	2	2	1	1
OG_1786	1	1	1	1	1	0	2	1	1	1	1	1	2	0	0
OG_1787	1	1	1	1	1	1	2	1	1	1	1	0	1	1	1
OG_1788	1	1	1	1	1	1	1	1	1	1	2	1	1	1	1
OG_1789	0	6	33	0	1	11	1	0	1	0	6	1	0	70	5
OG_1790	3	3	2	9	4	12	2	1	1	2	5	2	2	0	1
OG_1791	6	1	1	4	1	0	1	1	1	1	1	6	1	0	1
OG_1792	4	1	1	1	1	1	2	1	2	2	1	3	3	0	1
OG_1793	1	1	2	1	1	1	1	1	1	1	1	1	1	1	1
OG_1794	2	1	1	1	1	3	1	1	3	3	1	2	1	2	2
OG_1795	4	0	1	1	1	1	1	1	1	2	1	1	2	1	2
OG_1796	2	1	1	1	1	2	1	1	1	1	1	1	1	1	1
OG_1797	1	1	1	1	1	1	1	1	2	1	1	1	1	1	1
OG_1798	3	1	1	1	1	1	1	1	1	2	1	1	1	0	1
OG_1799	1	2	1	2	1	1	2	1	1	1	3	1	1	1	2
OG_1800	2	1	1	1	1	0	1	1	1	1	1	2	1	0	0
OG_1801	3	1	1	1	1	1	1	1	2	1	0	1	1	1	1
OG_1802	2	1	1	3	1	2	2	1	2	3	1	8	2	4	1
OG_1803	1	1	1	1	1	1	1	1	1	2	1	1	3	0	1
OG_1804	1	1	1	1	1	1	1	1	1	1	1	0	1	0	0
OG_1805	1	1	1	1	1	1	2	1	1	1	1	2	2	1	1
OG_1806	2	1	1	1	1	1	1	1	1	1	1	6	1	3	1
OG_1807	1	1	1	1	1	1	1	1	1	1	1	4	2	2	1
OG_1808	1	0	1	1	1	0	1	1	1	1	0	1	1	0	0
OG_1809	1	1	1	1	2	0	1	1	2	1	1	1	1	0	0
OG_1810	2	1	1	5	1	5	2	1	1	3	2	5	2	2	1
OG_1811	2	3	2	1	3	1	2	1	1	1	2	2	2	2	12
OG_1812	2	1	1	1	1	1	1	1	1	1	0	1	1	1	0
OG_1813	2	0	1	2	1	1	1	1	1	1	1	1	1	2	1
OG_1814	1	1	1	2	1	5	1	1	1	1	3	4	1	3	1
OG_1815	1	1	1	1	1	1	1	1	1	1	1	1	1	1	1
OG_1816	1	0	3	1	1	1	1	1	1	1	1	3	1	2	2
OG_1817	2	1	1	2	1	1	4	1	1	1	2	1	2	2	1
OG_1818	1	1	2	1	2	0	1	1	1	2	1	2	1	0	1
OG_1819	15	0	3	7	1	1	4	1	3	5	16	1	5	1	0
OG_1820	1	1	3	1	1	1	1	1	1	1	3	2	1	1	1
OG_1821	4	0	1	1	1	3	2	1	1	1	1	1	2	2	1
OG_1822	3	2	2	2	1	0	1	3	2	2	1	1	1	0	0
OG_1823	1	0	1	1	1	1	2	1	1	1	1	1	1	1	1
OG_1824	1	1	1	1	1	1	1	6	1	1	1	1	2	1	1
OG_1825	1	1	1	1	1	2	1	1	1	1	1	1	1	1	1
OG_1826	1	1	1	2	1	1	1	1	1	1	3	3	1	0	1
OG_1827	1	0	1	1	1	5	2	1	2	1	1	1	1	2	1
OG_1828	2	2	4	1	1	1	1	1	3	2	3	5	1	3	4
OG_1829	1	15	1	1	1	0	2	1	2	1	6	0	2	0	0
OG_1830	1	1	1	1	1	0	0	2	1	1	0	0	1	0	0
OG_1831	2	2	2	3	2	1	2	2	2	2	2	1	2	0	0
OG_1832	3	0	2	0	3	0	2	0	1	0	1	0	2	0	0
OG_1833	1	1	1	1	1	1	1	1	1	1	1	1	1	1	3
OG_1834	1	1	1	1	1	0	1	0	1	1	0	1	1	0	0
OG_1835	2	2	1	2	1	2	2	1	1	2	1	2	2	1	0
OG_1836	1	1	2	1	1	1	1	1	1	1	2	6	1	4	1
OG_1837	2	2	1	2	1	1	2	1	1	1	1	5	1	1	2
OG_1838	1	2	2	2	1	4	1	1	1	1	1	0	1	1	1
OG_1839	1	0	0	0	0	0	1	0	0	0	0	0	1	0	0
OG_1840	1	2	2	1	1	1	1	1	2	1	4	1	1	3	2
OG_1841	4	4	5	3	3	2	2	2	3	2	2	2	2	9	1
OG_1842	1	1	1	2	1	0	1	1	1	1	2	3	1	1	1
OG_1843	8	1	1	8	1	8	4	1	1	7	3	11	6	3	1
OG_1844	2	1	1	1	2	1	1	1	1	1	1	1	1	1	1
OG_1845	1	1	1	1	1	0	1	1	1	1	0	1	1	0	0
OG_1846	4	2	3	2	1	0	3	1	3	1	1	5	3	0	1
OG_1847	1	1	2	1	1	1	1	1	3	1	1	2	1	4	1
OG_1848	1	1	1	1	1	1	1	2	1	1	1	2	1	2	1
OG_1849	1	1	2	4	1	1	1	1	1	1	1	1	1	2	1
OG_1850	2	1	1	4	1	1	2	1	1	1	0	1	2	0	1
OG_1851	3	1	1	3	1	0	1	1	1	3	1	2	1	0	1
OG_1852	1	1	1	1	1	1	1	1	4	1	1	1	1	1	1
OG_1853	4	1	1	2	1	1	1	1	1	1	1	3	1	1	1
OG_1854	2	1	1	2	0	1	1	1	2	1	1	1	1	1	2
OG_1855	2	1	1	1	1	1	1	1	1	1	1	1	1	4	1
OG_1856	3	1	1	1	1	0	1	1	1	1	1	1	1	0	1
OG_1857	3	2	1	1	1	0	1	1	1	1	1	2	1	0	3
OG_1858	2	1	1	1	1	2	2	1	1	2	1	1	2	3	1
OG_1859	14	1	1	6	1	4	1	1	1	5	1	1	2	3	1
OG_1860	3	1	1	1	1	1	1	1	1	1	1	1	1	1	1
OG_1861	1	0	1	3	1	1	1	1	2	1	1	1	2	1	0
OG_1862	1	2	1	1	1	1	2	1	1	4	2	1	1	1	1
OG_1863	2	1	1	2	1	1	1	1	1	2	1	1	2	1	2
OG_1864	1	1	1	0	1	0	1	1	1	1	0	0	1	0	0
OG_1865	3	1	1	1	1	0	2	1	1	1	1	1	2	0	1
OG_1866	3	1	1	1	1	6	2	1	2	1	1	1	2	1	1
OG_1867	2	1	1	2	1	2	1	1	1	2	1	2	3	1	1
OG_1868	3	2	2	2	2	7	2	2	2	2	2	1	2	1	1
OG_1869	1	1	1	1	1	1	1	1	2	1	1	1	1	2	1
OG_1870	4	1	1	1	1	1	1	1	1	1	1	1	1	1	1
OG_1871	1	1	2	1	1	1	1	1	1	1	0	1	1	1	1
OG_1872	3	1	1	1	1	0	2	1	1	1	0	0	0	0	0
OG_1873	1	1	1	1	1	1	1	1	1	1	2	3	1	1	1
OG_1874	1	1	2	2	1	7	1	1	1	1	2	1	1	4	2
OG_1875	1	1	1	1	1	0	1	1	1	0	1	1	1	0	1
OG_1876	2	2	2	1	1	1	1	1	1	1	2	1	3	3	1
OG_1877	1	1	1	1	0	1	0	1	0	1	1	1	1	1	2
OG_1878	1	1	1	1	1	1	1	1	1	1	1	1	1	1	1
OG_1879	1	1	1	1	1	1	1	1	1	1	0	2	1	1	1
OG_1880	3	1	1	2	1	1	1	1	1	1	1	1	1	1	0
OG_1881	1	1	1	1	5	6	1	1	1	1	2	1	1	3	0
OG_1882	2	2	2	5	3	2	2	3	2	5	3	8	2	1	1
OG_1883	1	1	1	2	1	1	1	1	1	1	1	1	1	1	1
OG_1884	2	1	1	1	1	1	1	1	1	1	1	7	1	1	1
OG_1885	1	1	1	1	1	1	1	1	1	1	1	1	1	1	1
OG_1886	1	2	1	1	1	1	1	1	1	1	1	1	1	1	1
OG_1887	2	1	1	1	1	2	1	1	1	1	1	1	1	1	1
OG_1888	2	1	1	1	1	1	1	1	1	2	1	2	1	1	1
OG_1889	3	1	1	1	1	3	3	1	1	1	2	1	3	1	1
OG_1890	2	1	0	3	1	0	1	1	1	1	0	2	1	0	0
OG_1891	1	1	1	1	1	4	1	1	1	1	1	1	2	1	1
OG_1892	2	1	1	1	1	2	1	1	1	1	2	1	1	1	1
OG_1893	1	1	1	1	1	1	1	1	1	1	1	0	1	1	2
OG_1894	2	1	1	1	1	1	1	1	1	1	1	1	1	1	1
OG_1895	1	1	1	1	1	1	1	1	1	1	1	1	1	1	1
OG_1896	4	1	1	2	2	0	1	1	3	1	1	1	3	0	0
OG_1897	1	1	1	1	1	2	1	1	1	1	2	6	1	1	1
OG_1898	1	1	0	1	1	0	1	1	1	1	1	3	1	0	0
OG_1899	12	1	1	10	3	1	4	2	1	9	5	1	1	2	1
OG_1900	1	1	1	1	3	1	1	2	1	1	1	1	2	1	2
OG_1901	2	3	2	2	2	1	2	3	4	6	2	6	2	1	1
OG_1902	1	1	1	1	1	0	1	1	1	1	1	0	1	1	0
OG_1903	1	1	1	1	1	1	1	1	1	1	1	5	1	1	1
OG_1904	1	1	1	1	1	3	1	1	1	1	1	1	1	1	2
OG_1905	1	0	1	1	5	1	1	1	0	1	0	0	2	0	0
OG_1906	1	1	1	1	1	2	1	1	1	0	0	1	1	1	1
OG_1907	1	1	1	1	1	3	1	1	1	1	1	1	1	1	1
OG_1908	3	1	1	2	1	2	2	1	1	2	1	1	2	2	1
OG_1909	2	1	1	1	1	0	2	1	1	1	1	4	1	0	2
OG_1910	1	1	1	1	1	6	1	1	1	1	3	1	1	1	2
OG_1911	2	1	1	0	1	0	1	1	1	1	0	0	1	0	0
OG_1912	14	0	0	0	0	0	0	0	0	0	0	0	1	0	0
OG_1913	2	1	1	2	1	1	1	1	4	1	1	2	1	3	3
OG_1914	1	1	2	1	1	1	1	1	1	1	1	1	1	0	0
OG_1915	2	1	1	3	1	3	2	1	2	1	1	1	2	1	1
OG_1916	2	3	3	2	3	1	3	3	4	2	2	4	3	2	2
OG_1917	17	4	2	7	3	0	3	5	4	14	0	2	3	0	1
OG_1918	1	1	1	1	1	1	1	1	1	1	1	1	1	1	1
OG_1919	1	1	2	1	1	0	1	1	1	1	0	0	1	0	0
OG_1920	1	1	1	0	1	0	1	0	0	0	1	0	1	0	0
OG_1921	10	7	6	4	1	0	15	2	2	2	0	0	19	0	0
OG_1922	1	1	1	2	1	4	1	1	1	1	3	2	1	2	1
OG_1923	2	2	1	2	1	0	1	1	1	1	1	1	3	0	0
OG_1924	1	1	1	1	1	0	1	0	1	1	2	1	1	0	0
OG_1925	1	1	1	1	1	1	1	1	1	1	1	1	1	1	1
OG_1926	3	1	1	1	1	0	1	1	2	1	2	1	1	0	0
OG_1927	1	0	1	2	1	1	1	1	1	1	0	1	1	1	1
OG_1928	2	1	1	1	1	0	1	1	1	1	1	2	1	0	0
OG_1929	1	1	2	1	1	1	1	1	1	1	3	1	1	0	1
OG_1930	1	1	1	1	1	1	1	1	1	1	1	1	1	0	1
OG_1931	1	1	1	1	0	2	1	1	1	1	1	1	1	1	1
OG_1932	1	1	1	4	1	1	1	1	1	1	1	4	1	1	1
OG_1933	8	6	6	4	6	1	6	5	8	5	3	0	6	0	2
OG_1934	12	22	3	6	9	0	1	3	5	12	0	0	2	0	0
OG_1935	2	2	1	1	1	1	1	1	2	1	1	1	3	1	1
OG_1936	1	1	1	1	1	1	1	1	1	1	1	3	1	1	1
OG_1937	2	1	3	1	2	1	2	1	1	1	1	1	1	3	1
OG_1938	1	1	1	1	1	2	1	1	1	2	1	1	1	0	1
OG_1939	1	1	1	2	1	1	1	1	1	1	1	2	1	1	1
OG_1940	60	14	33	2	25	154	14	5	9	0	4	1	8	41	1
OG_1941	4	0	1	1	1	0	2	1	2	3	2	1	2	0	0
OG_1942	1	2	2	4	1	3	1	1	2	2	1	1	1	2	1
OG_1943	1	1	1	1	1	0	1	1	1	1	1	1	1	0	0
OG_1944	2	2	1	2	3	1	1	1	1	2	1	1	2	2	0
OG_1945	3	2	2	2	1	0	1	1	1	2	0	0	1	0	0
OG_1946	2	1	1	1	1	1	1	1	1	1	1	1	1	1	0
OG_1947	1	1	1	2	0	2	1	2	2	2	2	2	1	2	1
OG_1948	1	1	1	2	1	1	1	1	1	2	1	0	1	1	1
OG_1949	1	1	1	1	1	1	1	1	1	1	1	0	1	3	0
OG_1950	8	1	1	7	1	7	2	1	5	5	1	6	2	3	2
OG_1951	1	1	1	1	1	1	1	4	1	1	1	1	1	0	2
OG_1952	1	1	1	2	1	2	1	2	1	2	2	1	2	2	1
OG_1953	1	1	2	2	1	2	2	1	2	1	1	1	1	1	1
OG_1954	1	1	0	1	1	1	1	1	1	1	1	2	1	1	1
OG_1955	3	1	1	1	1	1	1	1	1	1	2	1	2	1	1
OG_1956	4	2	2	1	1	0	2	0	1	1	11	3	2	0	0
OG_1957	1	1	1	1	1	2	1	1	1	1	1	1	1	1	1
OG_1958	4	4	2	3	2	0	2	2	3	3	1	7	1	0	1
OG_1959	2	1	2	5	1	1	1	1	3	2	2	3	1	1	1
OG_1960	2	1	0	1	1	1	1	1	1	1	2	3	2	1	1
OG_1961	1	1	3	1	1	2	1	1	1	1	1	2	1	0	1
OG_1962	1	1	1	4	1	1	1	1	1	1	1	1	1	1	1
OG_1963	1	3	1	2	1	1	1	1	1	1	3	1	2	2	1
OG_1964	2	1	1	1	1	2	1	1	2	6	2	1	0	1	1
OG_1965	2	1	1	2	1	1	1	2	1	1	1	1	1	1	1
OG_1966	1	2	2	1	1	3	1	1	1	1	1	6	1	1	2
OG_1967	1	1	1	1	1	0	1	1	1	3	0	3	1	0	0
OG_1968	8	1	0	7	1	0	2	1	2	5	1	1	2	0	2
OG_1969	2	1	1	1	1	2	1	1	1	1	1	1	2	1	0
OG_1970	8	3	2	6	3	1	2	3	2	4	1	4	2	2	0
OG_1971	1	1	1	1	1	1	1	1	1	3	0	1	1	1	0
OG_1972	1	2	2	1	1	1	1	1	1	2	3	2	1	2	3
OG_1973	31	11	16	11	11	4	12	4	7	10	13	14	28	3	1
OG_1974	1	1	1	2	1	1	2	1	1	2	1	5	2	1	1
OG_1975	1	2	2	5	1	2	1	1	1	2	4	3	2	2	1
OG_1976	1	1	1	1	1	1	2	1	1	1	1	1	2	1	1
OG_1977	2	3	2	3	4	4	2	3	2	3	1	1	2	22	1
OG_1978	7	1	1	1	2	1	3	1	1	1	0	3	4	0	2
OG_1979	3	1	1	4	1	1	1	1	2	5	2	1	1	1	1
OG_1980	7	3	1	1	1	1	4	1	3	1	2	1	2	0	0
OG_1981	4	1	2	5	2	0	2	1	1	3	2	2	2	0	1
OG_1982	1	5	1	4	7	5	1	2	4	1	4	11	1	1	0
OG_1983	4	1	1	1	1	0	1	1	1	1	1	1	1	0	0
OG_1984	2	1	1	4	1	0	1	1	1	3	0	0	1	0	1
OG_1985	2	1	0	1	1	1	2	1	2	1	1	4	2	1	1
OG_1986	1	0	0	0	0	0	2	0	0	0	0	0	2	0	0
OG_1987	1	1	1	1	1	1	1	1	1	1	1	1	1	2	1
OG_1988	2	2	3	2	1	0	2	2	1	1	1	1	1	0	0
OG_1989	2	2	2	1	1	1	1	1	1	1	1	1	2	1	2
OG_1990	15	8	7	11	15	0	11	8	9	11	2	1	7	0	13
OG_1991	1	1	1	1	1	2	1	1	1	1	2	1	1	1	1
OG_1992	10	1	1	4	1	0	2	2	2	1	0	4	2	0	0
OG_1993	1	1	1	1	1	0	1	1	1	1	2	1	1	0	0
OG_1994	3	1	1	5	2	0	1	1	1	1	1	0	1	0	0
OG_1995	1	1	1	1	1	1	1	1	1	1	0	0	1	1	1
OG_1996	1	2	1	1	1	2	1	1	1	1	1	1	1	2	1
OG_1997	40	54	90	31	100	6	12	72	9	14	5	5	6	15	26
OG_1998	2	1	1	1	1	1	1	4	1	1	1	1	1	1	0
OG_1999	1	1	1	1	1	1	2	1	3	1	1	3	1	4	1
OG_2000	1	2	1	1	4	0	1	1	2	1	1	1	1	4	1
OG_2001	1	1	1	1	1	0	2	1	1	1	2	1	1	0	0
OG_2002	2	1	1	1	1	1	1	1	1	1	1	1	1	1	1
OG_2003	1	1	1	1	1	1	1	1	1	2	1	2	1	1	0
OG_2004	1	1	1	1	1	0	1	1	1	1	2	1	2	0	0
OG_2005	1	1	1	1	1	2	1	1	1	1	1	3	1	1	1
OG_2006	1	1	1	1	1	1	4	1	1	1	1	2	0	1	1
OG_2007	9	3	5	3	1	0	7	0	1	0	0	3	0	0	0
OG_2008	4	0	6	0	0	0	1	0	0	0	0	0	1	0	0
OG_2009	1	1	1	1	1	1	1	1	1	1	1	1	1	3	1
OG_2010	1	1	4	1	1	0	1	1	1	1	1	1	1	0	0
OG_2011	1	2	3	1	4	1	1	1	1	2	1	2	1	1	1
OG_2012	3	2	1	1	1	0	1	4	1	1	1	1	1	0	1
OG_2013	1	1	3	1	1	0	0	1	1	1	0	0	1	0	0
OG_2014	1	1	1	1	1	0	1	1	2	1	0	0	1	4	1
OG_2015	1	1	0	3	2	0	1	2	1	1	0	0	1	0	0
OG_2016	1	1	1	1	1	1	1	1	1	2	1	4	1	1	1
OG_2017	1	1	1	1	1	1	1	1	1	1	3	1	1	1	1
OG_2018	1	1	1	1	1	1	1	1	1	1	1	1	1	1	1
OG_2019	1	1	1	1	1	1	1	1	1	1	0	1	1	1	1
OG_2020	4	1	1	1	1	1	1	1	1	2	1	1	1	1	1
OG_2021	1	1	1	1	1	2	1	1	1	1	1	1	1	1	1
OG_2022	1	9	1	1	3	0	1	1	3	1	0	0	1	0	0
OG_2023	1	1	1	1	3	2	1	1	2	1	2	1	1	7	3
OG_2024	1	1	1	1	1	0	1	1	1	1	1	1	1	0	0
OG_2025	2	1	2	2	1	1	2	1	1	4	0	0	2	1	1
OG_2026	1	1	1	1	1	0	1	1	1	2	1	2	1	3	0
OG_2027	4	1	1	2	1	2	3	1	1	1	2	1	2	1	1
OG_2028	4	1	1	1	1	1	1	1	1	1	1	1	1	0	1
OG_2029	1	1	1	1	1	1	2	1	2	1	1	1	2	2	1
OG_2030	2	17	2	2	11	1	3	2	6	2	3	6	2	5	6
OG_2031	2	1	1	1	1	1	1	1	1	1	1	1	1	1	1
OG_2032	2	1	1	1	1	1	1	1	1	1	1	1	1	1	1
OG_2033	9	0	1	0	2	0	3	1	0	2	0	6	2	0	0
OG_2034	1	2	4	2	1	2	1	2	1	1	1	2	2	1	1
OG_2035	4	1	1	1	2	0	3	1	1	1	0	0	1	0	0
OG_2036	1	1	1	4	2	1	2	1	5	1	2	1	4	1	0
OG_2037	5	1	1	1	1	1	2	1	1	0	1	0	2	0	1
OG_2038	4	1	2	1	1	1	1	1	1	2	1	1	1	6	3
OG_2039	3	1	1	1	1	3	2	1	1	1	3	1	2	2	1
OG_2040	1	1	1	1	1	1	4	1	1	1	1	2	1	2	1
OG_2041	2	1	1	0	1	0	1	1	1	2	1	1	1	0	0
OG_2042	1	1	0	1	1	0	1	1	1	1	0	2	1	0	0
OG_2043	1	1	2	1	1	0	1	1	1	1	1	1	1	0	0
OG_2044	11	4	4	13	4	0	4	4	4	9	1	4	5	0	0
OG_2045	4	1	1	1	1	0	1	1	1	2	1	1	1	0	0
OG_2046	3	1	1	5	1	4	1	1	1	1	2	2	1	0	0
OG_2047	7	1	1	1	1	0	2	1	1	5	2	2	2	0	0
OG_2048	1	1	2	2	1	3	2	1	1	1	0	4	2	1	1
OG_2049	1	1	1	1	1	1	1	1	1	1	1	1	1	1	1
OG_2050	1	1	1	1	1	1	1	2	1	1	1	2	1	1	1
OG_2051	15	8	4	5	4	0	7	10	6	4	12	0	6	0	0
OG_2052	2	1	1	1	2	0	1	1	1	2	0	1	1	0	0
OG_2053	21	0	6	0	0	0	2	0	0	0	0	0	16	0	0
OG_2054	1	2	1	0	1	0	2	0	0	0	0	0	0	0	0
OG_2055	2	1	1	1	1	3	1	1	1	1	1	1	1	1	1
OG_2056	1	1	0	2	2	7	3	1	2	1	1	1	2	1	0
OG_2057	21	0	1	0	0	0	14	0	0	0	0	0	14	0	0
OG_2058	2	2	2	3	2	0	1	3	4	3	0	0	3	0	3
OG_2059	2	1	1	1	1	1	2	1	1	1	1	2	3	1	1
OG_2060	1	1	1	1	1	1	2	1	1	2	2	4	2	1	1
OG_2061	1	1	1	1	1	1	1	1	1	1	1	0	1	1	1
OG_2062	2	1	1	1	1	1	2	1	1	1	3	1	1	1	1
OG_2063	2	0	3	1	2	1	2	2	3	2	1	2	2	1	0
OG_2064	1	1	1	1	1	1	2	2	2	1	1	1	1	1	1
OG_2065	1	1	1	3	1	0	1	1	1	1	1	1	1	0	0
OG_2066	1	1	1	2	1	1	1	1	1	1	2	0	1	3	1
OG_2067	1	2	1	2	1	1	2	1	2	2	1	1	2	1	1
OG_2068	1	1	1	1	1	2	1	1	1	1	1	2	1	1	1
OG_2069	2	2	1	3	1	0	2	1	1	3	2	2	2	0	2
OG_2070	1	2	1	1	1	1	2	1	1	1	1	3	1	1	1
OG_2071	2	1	1	1	0	1	1	1	1	1	1	1	2	0	0
OG_2072	5	4	1	1	1	0	2	5	1	1	1	0	2	0	0
OG_2073	1	1	1	1	1	0	1	1	1	1	2	1	1	0	1
OG_2074	1	2	1	1	1	1	1	1	2	1	1	3	1	1	0
OG_2075	2	1	1	1	1	0	1	1	1	1	1	1	1	0	0
OG_2076	7	2	2	2	2	1	2	2	2	2	1	2	2	0	1
OG_2077	2	1	1	3	2	0	2	1	1	1	1	0	2	0	0
OG_2078	13	6	9	3	13	0	7	6	10	1	1	1	6	0	0
OG_2079	3	2	1	2	1	1	2	2	1	2	1	1	1	0	0
OG_2080	2	1	1	1	1	0	2	1	1	1	0	0	2	0	0
OG_2081	1	0	1	1	0	0	2	0	1	1	0	0	1	0	0
OG_2082	1	2	1	3	1	1	1	1	2	1	1	1	1	2	1
OG_2083	30	32	54	12	1	0	5	27	3	1	7	8	1	0	0
OG_2084	1	1	1	1	1	1	1	1	2	2	1	1	1	1	1
OG_2085	2	4	4	1	2	0	5	3	3	1	4	2	7	0	6
OG_2086	1	1	1	1	1	0	1	1	1	1	1	7	1	0	0
OG_2087	1	3	1	0	1	0	1	1	3	1	0	0	1	0	0
OG_2088	1	1	1	1	1	0	2	2	1	1	1	1	1	0	0
OG_2089	1	1	1	1	1	0	1	5	1	1	1	0	1	0	0
OG_2090	1	1	1	1	1	2	1	1	1	1	1	1	1	1	1
OG_2091	1	1	1	1	1	2	2	1	1	1	1	1	1	2	1
OG_2092	26	3	66	6	10	2	12	0	3	0	9	0	11	0	0
OG_2093	1	2	1	1	1	2	1	1	2	1	2	2	1	1	1
OG_2094	3	1	2	2	1	2	3	1	1	1	1	3	2	1	0
OG_2095	2	1	4	1	0	1	2	1	1	2	1	2	2	2	1
OG_2096	1	1	1	1	0	1	1	1	1	1	1	1	1	1	1
OG_2097	2	1	1	1	1	1	1	1	2	1	1	1	1	1	1
OG_2098	1	1	1	2	2	1	2	1	1	1	1	1	1	1	1
OG_2099	30	14	12	17	10	8	11	7	7	14	3	3	11	5	6
OG_2100	1	1	1	2	1	0	1	1	1	2	2	0	1	0	1
OG_2101	2	0	1	1	1	0	1	1	1	2	0	0	2	0	0
OG_2102	1	1	0	1	1	1	1	1	1	1	1	1	1	1	1
OG_2103	1	1	1	4	1	0	1	1	1	1	0	0	0	0	0
OG_2104	2	3	1	2	1	0	1	1	1	1	1	0	1	0	1
OG_2105	1	1	1	1	1	1	1	1	2	1	1	1	1	3	0
OG_2106	1	1	1	1	1	1	1	1	1	1	1	1	1	2	1
OG_2107	1	1	1	2	1	1	1	1	1	1	1	1	1	1	1
OG_2108	1	2	3	1	1	3	2	1	3	1	1	1	0	3	1
OG_2109	3	1	1	1	1	2	2	1	2	2	2	1	2	5	3
OG_2110	1	1	2	2	1	4	1	1	1	1	2	3	1	1	1
OG_2111	6	1	1	1	1	0	1	1	1	1	1	2	2	0	1
OG_2112	2	1	2	1	1	3	1	1	0	1	1	0	1	1	1
OG_2113	2	1	1	1	1	0	1	1	1	1	2	1	1	0	1
OG_2114	5	1	1	1	3	0	2	1	1	1	0	3	2	0	0
OG_2115	1	1	1	3	1	1	1	1	2	1	1	1	1	1	1
OG_2116	15	1	1	0	1	2	2	4	2	1	1	4	2	1	1
OG_2117	1	1	1	1	1	1	1	1	1	1	1	1	2	1	1
OG_2118	6	1	1	1	1	0	1	1	1	2	0	0	1	0	0
OG_2119	1	1	1	3	1	1	2	1	1	3	1	1	1	1	1
OG_2120	1	1	1	1	1	2	1	1	1	1	1	1	1	3	1
OG_2121	9	0	0	1	1	0	4	0	6	0	0	0	1	0	0
OG_2122	1	1	1	1	1	3	1	1	1	1	1	1	1	5	2
OG_2123	1	1	1	2	2	0	1	1	1	1	1	0	1	0	0
OG_2124	1	1	1	1	2	5	1	1	1	2	2	1	1	2	0
OG_2125	1	1	0	1	1	0	0	0	0	1	1	0	0	0	0
OG_2126	5	1	1	1	2	0	1	1	1	2	0	0	2	0	0
OG_2127	1	1	1	1	1	1	1	1	1	1	2	2	1	1	14
OG_2128	2	1	2	1	1	0	1	1	1	2	1	2	1	0	0
OG_2129	61	2	10	12	4	0	13	10	4	5	0	0	16	0	1
OG_2130	1	1	1	1	1	1	1	1	2	1	1	3	1	2	1
OG_2131	1	1	1	3	1	0	1	1	4	1	2	2	1	0	0
OG_2132	2	1	1	1	1	3	2	1	1	1	1	2	1	1	1
OG_2133	1	1	1	3	1	0	1	1	1	2	1	2	1	0	0
OG_2134	4	1	1	1	1	2	1	1	1	1	2	4	3	1	4
OG_2135	1	1	1	2	1	6	1	1	1	1	2	2	2	0	1
OG_2136	1	6	1	1	3	0	1	3	5	3	3	6	1	0	0
OG_2137	5	1	1	4	1	0	1	1	1	3	1	2	1	0	1
OG_2138	0	0	0	0	0	0	0	0	0	0	0	0	0	1	4
OG_2139	1	1	1	1	1	0	1	1	1	1	1	0	0	0	0
OG_2140	2	1	1	1	1	0	2	1	0	2	1	2	2	0	0
OG_2141	1	1	1	1	1	1	1	1	1	1	2	1	1	1	1
OG_2142	3	2	2	3	2	15	2	2	2	2	2	3	2	4	1
OG_2143	5	1	1	1	1	1	1	1	1	1	0	1	1	2	2
OG_2144	1	1	1	1	1	0	1	1	3	1	2	2	1	0	1
OG_2145	2	1	2	2	1	2	1	1	1	1	1	2	1	1	1
OG_2146	1	2	1	1	1	1	2	1	1	1	2	1	1	2	1
OG_2147	1	1	1	1	1	1	1	1	1	1	1	2	1	1	0
OG_2148	2	1	2	1	1	1	1	1	1	1	1	1	1	1	1
OG_2149	1	1	0	1	1	0	0	1	1	1	1	0	0	0	0
OG_2150	1	2	1	1	1	0	2	1	2	1	1	1	1	0	1
OG_2151	1	1	1	1	1	2	1	1	1	1	1	1	1	1	1
OG_2152	1	1	1	1	1	1	1	1	1	1	1	4	1	2	1
OG_2153	1	1	1	1	1	0	2	1	1	1	1	1	1	0	1
OG_2154	1	1	3	1	1	6	1	1	1	1	1	1	1	1	1
OG_2155	0	0	0	0	0	0	0	0	0	0	0	1	0	1	7
OG_2156	2	1	1	1	1	1	2	1	1	1	1	1	1	1	1
OG_2157	1	1	11	1	1	1	3	1	1	1	1	1	1	2	1
OG_2158	1	1	1	1	1	1	1	1	1	1	1	1	1	1	1
OG_2159	1	1	2	2	1	1	1	1	1	1	1	3	1	3	1
OG_2160	2	1	1	2	1	1	1	1	1	1	1	2	1	0	0
OG_2161	1	2	1	1	2	1	2	1	3	1	1	1	2	5	1
OG_2162	1	0	1	1	1	2	1	1	1	1	1	2	1	5	1
OG_2163	2	0	1	2	1	1	1	1	1	1	1	1	1	1	1
OG_2164	3	2	2	2	2	2	2	2	2	2	1	1	2	1	0
OG_2165	1	0	0	1	1	0	2	1	1	1	1	1	2	0	1
OG_2166	1	1	1	3	1	2	2	1	4	3	1	6	4	1	1
OG_2167	10	2	1	4	2	2	5	2	2	4	8	16	4	4	1
OG_2168	1	1	1	1	1	1	3	1	1	1	2	1	1	1	1
OG_2169	3	29	4	24	17	0	6	8	13	7	3	0	10	0	2
OG_2170	4	2	1	1	1	1	4	1	1	1	2	1	2	1	1
OG_2171	2	3	2	4	2	1	2	2	2	2	2	4	3	2	1
OG_2172	1	1	1	1	1	0	1	1	1	1	1	1	1	0	1
OG_2173	1	1	1	1	1	1	1	1	2	3	2	1	1	1	0
OG_2174	20	2	1	0	1	1	3	1	2	1	2	1	2	1	1
OG_2175	2	1	1	1	1	2	3	9	2	1	1	4	2	0	0
OG_2176	1	4	1	1	4	2	2	1	1	3	4	0	3	1	2
OG_2177	1	1	1	1	1	0	2	1	1	2	1	1	1	0	0
OG_2178	2	2	1	2	1	1	2	1	2	1	1	3	3	1	1
OG_2179	4	1	1	3	1	0	2	1	1	5	1	1	2	0	0
OG_2180	1	1	1	4	1	1	1	1	1	1	2	1	1	1	1
OG_2181	1	2	1	1	1	2	1	1	2	1	2	2	2	1	2
OG_2182	4	1	2	1	1	1	2	1	1	2	2	1	4	3	1
OG_2183	1	1	1	1	1	2	1	1	1	1	1	1	1	1	1
OG_2184	1	1	1	1	1	1	1	1	3	2	1	2	1	1	1
OG_2185	1	1	1	1	1	1	1	1	1	1	1	1	1	7	1
OG_2186	1	1	1	1	1	1	1	1	1	1	1	1	1	1	2
OG_2187	1	1	1	0	1	0	1	0	1	0	0	0	1	0	0
OG_2188	1	1	2	2	1	2	3	2	1	1	0	1	1	1	0
OG_2189	5	1	1	1	1	1	3	2	2	1	2	1	3	0	0
OG_2190	1	1	1	2	2	1	1	1	1	1	1	2	2	1	1
OG_2191	1	1	2	1	2	1	1	1	2	1	1	1	2	2	1
OG_2192	1	1	3	1	1	0	1	1	1	1	1	1	1	0	1
OG_2193	1	1	1	1	1	1	2	1	1	5	2	2	1	2	2
OG_2194	1	2	1	1	1	0	1	1	1	1	1	1	1	0	1
OG_2195	1	1	1	1	1	1	1	1	1	1	1	1	1	1	1
OG_2196	1	1	1	1	0	0	1	1	1	1	1	1	1	0	0
OG_2197	1	1	0	1	3	0	1	1	2	1	1	1	3	1	1
OG_2198	2	2	2	1	1	1	1	1	1	1	2	1	1	3	3
OG_2199	1	2	1	1	1	1	1	1	1	1	1	1	1	1	3
OG_2200	1	2	1	1	0	0	1	2	1	1	0	0	1	0	0
OG_2201	1	1	3	3	3	0	1	1	1	2	0	0	1	0	0
OG_2202	6	1	1	1	1	1	3	1	1	5	1	0	3	2	1
OG_2203	24	1	1	1	1	0	13	1	1	3	0	3	4	0	0
OG_2204	3	1	1	1	1	0	1	1	1	1	1	1	0	0	0
OG_2205	1	1	1	2	1	1	1	1	2	5	1	1	1	1	1
OG_2206	1	1	1	1	1	0	2	1	0	1	0	2	1	0	0
OG_2207	7	1	1	2	1	1	2	1	1	1	1	1	2	2	4
OG_2208	1	3	2	1	2	1	2	2	2	2	1	1	3	0	1
OG_2209	2	2	1	7	2	1	1	5	2	7	1	0	1	1	0
OG_2210	1	1	1	3	1	1	2	1	1	1	2	1	1	1	2
OG_2211	1	1	1	1	1	1	1	1	1	4	2	1	1	2	0
OG_2212	1	1	1	1	1	1	1	1	1	1	1	1	1	1	1
OG_2213	2	3	1	4	2	2	4	2	2	4	2	1	3	2	2
OG_2214	3	1	1	4	1	5	2	1	2	3	4	14	2	3	2
OG_2215	1	1	1	2	1	2	1	1	1	1	0	1	1	1	1
OG_2216	6	1	1	2	1	4	1	1	1	1	1	1	2	1	2
OG_2217	3	1	1	2	1	1	2	1	1	1	2	0	1	1	1
OG_2218	2	1	5	1	1	2	1	1	1	1	1	4	1	1	1
OG_2219	2	3	8	0	4	0	1	11	0	1	0	0	7	0	0
OG_2220	1	1	1	2	1	0	1	1	1	2	1	0	2	0	0
OG_2221	1	1	4	0	1	7	1	1	1	1	1	3	1	1	0
OG_2222	5	1	1	7	1	0	1	1	1	4	0	1	1	0	0
OG_2223	1	1	1	1	1	2	1	1	1	2	1	1	1	1	3
OG_2224	3	2	1	5	1	0	4	1	2	6	1	10	3	0	1
OG_2225	1	1	1	1	1	1	1	1	1	2	1	1	2	3	2
OG_2226	1	1	1	1	1	1	1	1	1	1	1	1	1	0	1
OG_2227	1	1	1	1	1	1	1	1	1	1	1	0	1	1	4
OG_2228	2	1	1	1	1	1	2	2	1	1	1	1	2	1	0
OG_2229	1	1	1	1	1	1	1	1	1	1	1	1	1	1	0
OG_2230	1	1	1	1	1	1	2	1	1	1	1	0	2	2	1
OG_2231	1	1	1	1	1	0	1	1	1	1	1	2	1	1	0
OG_2232	1	1	1	1	1	0	1	1	1	1	1	2	1	0	1
OG_2233	1	1	1	1	1	2	1	1	1	1	1	1	1	1	1
OG_2234	8	3	3	6	3	10	5	4	5	11	3	2	5	2	1
OG_2235	1	2	1	1	1	2	1	1	2	2	0	1	1	5	2
OG_2236	1	1	1	1	1	2	1	1	1	1	1	1	1	5	0
OG_2237	1	1	1	1	1	1	1	1	1	1	2	7	1	0	0
OG_2238	3	3	1	3	3	0	2	2	0	3	4	5	2	0	0
OG_2239	2	1	2	1	1	0	1	0	1	1	1	1	2	0	0
OG_2240	1	1	1	1	1	1	1	1	1	1	0	1	1	1	1
OG_2241	1	1	2	1	1	1	1	1	2	1	1	1	1	0	1
OG_2242	2	2	6	3	2	0	5	2	3	2	2	1	4	0	1
OG_2243	1	1	1	1	1	2	1	1	1	1	2	1	1	3	1
OG_2244	1	2	2	2	1	0	1	2	2	2	0	1	0	0	2
OG_2245	3	1	1	1	2	2	3	1	1	3	2	2	5	2	4
OG_2246	1	2	1	1	1	1	1	1	1	1	1	4	1	1	1
OG_2247	1	1	3	1	1	1	2	1	1	1	1	0	2	1	0
OG_2248	2	1	1	1	1	1	1	1	1	1	3	1	1	2	1
OG_2249	1	1	1	1	1	0	1	1	1	1	2	1	2	0	0
OG_2250	2	1	1	1	1	0	2	1	1	1	0	4	4	0	0
OG_2251	5	3	4	1	2	5	1	1	1	5	4	3	2	1	1
OG_2252	1	1	0	1	1	0	1	1	1	0	1	1	1	0	0
OG_2253	6	2	8	1	2	1	3	2	1	2	4	2	4	1	0
OG_2254	1	1	1	1	1	1	1	1	1	1	1	1	1	1	2
OG_2255	1	1	0	1	1	1	1	1	1	2	1	1	1	1	1
OG_2256	1	1	1	2	1	2	1	1	1	2	1	1	1	1	1
OG_2257	3	1	1	1	1	1	2	1	1	2	1	3	1	1	0
OG_2258	1	1	1	1	1	3	1	1	1	1	2	1	1	2	2
OG_2259	1	1	1	1	1	1	1	1	1	1	0	2	1	1	1
OG_2260	2	1	1	3	1	1	1	1	1	1	0	1	1	2	0
OG_2261	3	1	1	0	1	0	1	1	1	1	1	1	1	0	0
OG_2262	1	1	1	2	1	3	1	1	1	1	1	1	1	2	1
OG_2263	1	1	1	1	1	1	1	1	1	1	1	0	1	1	2
OG_2264	3	2	2	2	1	6	1	2	1	3	6	3	1	0	3
OG_2265	1	1	1	1	1	0	1	1	0	1	1	1	1	1	3
OG_2266	1	1	1	1	1	2	1	1	1	1	2	1	1	1	1
OG_2267	1	2	1	1	2	1	1	1	1	1	4	1	1	1	2
OG_2268	1	1	1	1	1	1	1	1	1	1	1	1	1	1	1
OG_2269	1	1	1	1	1	1	1	1	1	1	2	5	1	1	1
OG_2270	2	1	4	2	1	2	2	1	2	3	2	1	2	2	2
OG_2271	1	1	1	3	1	1	1	1	1	1	1	1	2	3	1
OG_2272	2	1	1	1	1	0	1	1	2	1	1	1	1	0	1
OG_2273	2	1	2	1	1	1	1	1	2	1	2	1	1	2	1
OG_2274	1	1	2	1	1	2	1	1	2	3	1	2	1	2	1
OG_2275	1	1	4	1	1	4	1	1	1	1	2	1	1	1	1
OG_2276	1	1	1	2	1	1	2	1	1	1	1	2	2	2	0
OG_2277	1	1	1	1	1	1	1	1	1	1	4	1	1	2	2
OG_2278	2	1	1	1	3	1	1	1	2	1	1	3	1	1	1
OG_2279	2	1	1	1	1	0	2	1	1	1	0	1	1	0	1
OG_2280	2	3	5	3	1	2	2	1	3	2	1	2	2	3	1
OG_2281	2	1	1	1	1	1	1	1	1	1	2	3	1	1	1
OG_2282	1	1	1	1	3	1	1	1	2	0	1	1	1	0	1
OG_2283	1	1	1	1	1	3	1	1	1	1	1	8	1	1	1
OG_2284	2	1	1	3	1	0	1	1	1	1	0	1	1	0	0
OG_2285	2	1	1	2	1	1	1	1	2	2	2	1	1	1	1
OG_2286	1	3	1	3	1	3	2	1	1	2	1	2	2	1	1
OG_2287	5	1	1	5	2	0	1	1	3	1	1	0	3	0	0
OG_2288	24	4	5	4	8	9	7	4	5	7	4	4	7	3	3
OG_2289	2	2	1	1	1	3	1	1	1	1	1	2	1	0	1
OG_2290	6	1	2	1	1	0	1	1	1	1	1	5	1	0	1
OG_2291	1	2	1	1	1	1	1	1	1	1	1	1	1	2	1
OG_2292	2	1	1	3	1	1	2	1	1	1	2	4	2	2	1
OG_2293	1	1	1	1	1	1	1	1	0	1	1	0	1	0	0
OG_2294	2	1	1	1	1	1	1	1	1	1	1	1	1	2	1
OG_2295	1	1	1	2	1	1	1	1	1	1	1	1	1	0	1
OG_2296	3	1	1	1	1	1	1	1	1	3	1	1	1	1	1
OG_2297	1	1	1	1	1	1	1	1	1	1	2	3	1	1	9
OG_2298	1	1	1	1	1	1	1	1	1	1	1	1	1	1	1
OG_2299	2	1	1	1	1	1	3	1	1	1	1	11	2	1	1
OG_2300	1	1	1	1	2	1	2	1	1	3	0	1	2	0	2
OG_2301	1	1	0	1	1	0	1	1	1	1	0	0	3	0	0
OG_2302	1	1	1	1	1	1	1	1	1	1	1	1	3	0	0
OG_2303	2	1	2	1	1	0	2	1	1	1	0	0	2	0	0
OG_2304	6	2	0	0	2	0	0	1	5	1	0	0	2	0	0
OG_2305	1	3	1	3	1	1	1	2	3	3	3	2	1	4	0
OG_2306	2	1	1	1	1	2	1	1	1	1	1	1	1	1	1
OG_2307	3	1	1	2	1	1	1	1	1	1	1	1	1	1	1
OG_2308	2	1	1	1	1	2	1	1	1	1	1	3	1	1	1
OG_2309	2	2	2	1	1	2	1	1	1	1	2	2	1	2	2
OG_2310	1	1	0	1	1	0	1	0	1	1	0	0	1	5	0
OG_2311	2	1	1	3	1	0	1	1	1	1	1	1	1	0	0
OG_2312	2	0	0	0	0	0	3	0	0	0	0	0	2	0	0
OG_2313	2	5	1	1	1	1	2	1	1	1	2	1	1	2	0
OG_2314	2	1	1	1	1	0	1	1	1	1	1	1	1	0	0
OG_2315	1	0	1	1	1	1	1	1	1	1	0	1	1	1	1
OG_2316	1	1	1	2	1	2	1	1	1	1	2	1	1	1	10
OG_2317	1	1	1	2	1	0	1	0	1	1	1	1	1	0	8
OG_2318	1	1	1	2	1	0	2	1	1	1	1	1	2	2	1
OG_2319	1	1	1	2	1	2	1	1	1	1	2	3	1	1	2
OG_2320	1	1	1	1	1	1	1	1	1	1	1	2	1	2	3
OG_2321	2	1	1	1	1	2	3	1	1	1	0	2	1	0	0
OG_2322	3	1	1	2	1	1	2	1	1	2	2	7	1	1	1
OG_2323	1	1	1	1	1	1	1	1	1	1	2	1	1	1	1
OG_2324	4	2	1	1	1	1	1	2	2	1	1	1	2	4	1
OG_2325	1	3	1	4	2	1	1	1	1	2	1	2	5	1	0
OG_2326	1	1	1	1	1	0	1	1	1	1	0	0	1	0	0
OG_2327	2	1	1	3	2	1	1	1	1	1	5	3	1	1	2
OG_2328	1	2	1	1	1	1	1	1	1	1	0	2	1	1	1
OG_2329	1	0	1	1	1	1	1	1	1	2	1	1	1	1	1
OG_2330	3	1	0	2	1	1	1	1	1	1	1	2	1	1	0
OG_2331	1	1	1	4	1	0	1	1	1	1	1	1	2	0	0
OG_2332	2	1	1	1	3	1	2	1	1	1	1	4	3	2	0
OG_2333	2	1	1	2	2	2	2	2	1	3	1	1	3	4	5
OG_2334	1	1	1	1	1	1	1	1	1	1	1	1	1	1	1
OG_2335	1	1	1	1	1	1	3	1	1	1	1	3	2	1	1
OG_2336	1	3	1	3	1	3	1	1	2	2	2	2	1	1	1
OG_2337	1	1	1	1	1	2	1	1	1	1	2	5	1	2	1
OG_2338	1	1	2	1	1	1	1	1	2	1	2	2	0	1	1
OG_2339	1	1	1	2	1	0	1	1	1	1	1	2	1	0	0
OG_2340	2	1	1	2	1	1	2	1	1	1	1	1	1	1	3
OG_2341	1	1	1	1	1	0	1	0	2	1	1	1	1	0	0
OG_2342	1	1	2	1	1	1	1	1	1	1	1	3	2	2	1
OG_2343	2	1	1	2	1	2	1	2	2	1	2	0	1	1	0
OG_2344	1	1	1	1	1	1	1	2	1	1	1	0	1	1	1
OG_2345	1	1	1	1	1	0	1	1	2	1	1	1	1	0	0
OG_2346	2	1	1	1	1	1	2	1	1	1	1	2	2	1	3
OG_2347	1	1	1	1	1	1	1	1	2	1	2	1	1	2	1
OG_2348	1	1	1	1	1	2	1	1	1	1	4	1	1	1	1
OG_2349	2	2	1	1	1	1	3	1	0	1	1	2	1	4	1
OG_2350	1	1	1	1	1	1	1	1	1	1	1	4	1	1	1
OG_2351	1	1	1	1	1	3	1	1	1	1	2	1	1	3	1
OG_2352	1	2	1	1	2	1	1	1	3	2	3	1	1	1	0
OG_2353	2	2	1	1	2	1	1	2	1	3	1	1	1	1	2
OG_2354	1	1	1	1	1	2	2	1	2	1	1	2	2	3	1
OG_2355	1	1	1	1	1	1	1	1	1	1	1	1	1	1	1
OG_2356	2	1	1	4	1	2	1	1	1	2	1	1	2	6	1
OG_2357	1	1	1	1	1	0	1	1	1	1	1	0	1	0	0
OG_2358	23	0	3	0	0	0	17	0	0	0	0	0	8	0	0
OG_2359	1	2	1	1	1	1	1	1	1	1	1	1	1	1	0
OG_2360	2	3	1	2	1	1	3	1	1	1	1	1	2	1	1
OG_2361	3	1	1	1	2	0	2	1	1	1	1	1	1	0	0
OG_2362	2	1	1	2	1	1	1	1	2	2	1	1	1	1	1
OG_2363	1	1	1	1	1	0	1	1	1	1	1	1	1	0	1
OG_2364	1	1	1	1	1	0	1	1	1	1	0	0	0	0	0
OG_2365	2	0	1	1	1	0	1	1	1	2	1	0	1	0	0
OG_2366	1	1	1	4	1	1	1	1	1	5	2	1	2	3	0
OG_2367	1	3	1	2	1	3	1	1	3	1	1	2	2	2	1
OG_2368	2	1	1	1	1	1	1	1	1	1	1	3	1	1	1
OG_2369	7	6	9	10	7	7	7	6	8	6	7	3	7	7	16
OG_2370	1	1	1	1	1	0	1	1	1	1	2	1	1	0	1
OG_2371	1	1	1	0	2	0	1	1	1	0	0	0	1	0	0
OG_2372	2	1	1	0	2	0	1	0	1	0	0	0	1	0	0
OG_2373	2	1	1	1	4	0	0	1	1	0	1	1	1	0	1
OG_2374	2	2	1	1	0	0	1	1	1	1	0	0	1	0	0
OG_2375	4	2	1	1	1	1	2	1	1	1	1	1	2	1	1
OG_2376	1	1	1	1	1	1	1	1	1	1	2	6	1	1	3
OG_2377	1	1	1	1	1	1	1	1	1	1	1	1	1	1	1
OG_2378	2	1	1	2	1	3	1	1	1	1	1	1	1	0	0
OG_2379	2	1	1	1	1	1	1	1	1	1	1	1	1	1	7
OG_2380	2	1	2	1	1	0	2	1	0	2	1	2	3	0	0
OG_2381	1	1	2	1	1	0	1	0	1	1	0	0	1	0	0
OG_2382	1	1	1	1	2	0	1	2	2	1	0	3	1	0	0
OG_2383	1	1	1	1	1	1	1	1	1	1	1	2	1	1	1
OG_2384	1	1	1	1	1	0	1	1	1	1	1	1	2	0	0
OG_2385	2	1	1	1	1	1	1	3	1	3	1	1	1	1	1
OG_2386	4	1	1	2	1	1	0	1	2	1	2	2	1	2	2
OG_2387	1	1	1	1	1	1	1	1	1	1	1	1	1	1	1
OG_2388	1	1	2	2	2	0	1	1	2	2	1	3	1	0	0
OG_2389	1	1	1	1	1	4	1	1	1	1	1	1	1	2	1
OG_2390	1	1	1	1	1	2	1	1	1	1	1	1	1	2	2
OG_2391	3	1	1	1	1	1	1	1	1	1	2	1	1	1	0
OG_2392	1	1	1	1	2	2	1	1	1	1	1	2	1	2	1
OG_2393	1	2	1	1	1	3	1	1	1	2	1	1	1	2	1
OG_2394	1	2	2	1	5	0	1	1	2	1	1	1	1	0	0
OG_2395	1	1	1	1	1	0	1	1	1	1	0	1	1	0	0
OG_2396	1	1	1	1	1	2	1	1	1	1	1	1	1	1	1
OG_2397	1	1	1	1	1	1	2	1	1	1	1	2	1	1	2
OG_2398	1	1	1	1	1	3	1	1	1	2	1	1	1	1	1
OG_2399	1	1	1	1	1	0	1	1	1	1	0	0	0	0	1
OG_2400	2	2	1	3	1	1	1	1	1	3	2	2	1	1	1
OG_2401	1	1	1	1	1	0	1	1	1	1	2	2	1	0	2
OG_2402	3	1	1	1	1	0	1	1	1	1	0	0	1	0	0
OG_2403	1	1	1	1	1	0	1	1	1	1	1	1	1	0	0
OG_2404	1	1	1	1	1	3	1	1	1	1	1	1	1	1	1
OG_2405	1	1	0	1	1	0	1	1	1	1	2	1	1	0	0
OG_2406	1	1	1	0	1	1	2	1	1	0	1	2	1	1	1
OG_2407	1	1	1	1	1	4	1	1	1	1	1	1	1	0	1
OG_2408	1	1	1	1	1	0	1	1	1	1	2	2	1	0	0
OG_2409	3	1	1	1	1	1	1	1	1	1	1	3	1	0	1
OG_2410	1	1	1	1	1	1	1	3	2	1	1	1	1	1	1
OG_2411	1	0	1	1	2	2	2	1	1	1	0	1	1	1	2
OG_2412	1	1	1	2	1	0	2	1	1	2	1	1	2	0	2
OG_2413	1	1	1	2	1	3	1	1	2	2	1	2	1	0	3
OG_2414	1	1	8	1	1	2	1	1	1	1	1	1	1	0	1
OG_2415	1	1	1	1	1	1	1	1	1	1	1	1	1	1	1
OG_2416	1	1	1	1	1	0	2	1	1	1	0	1	2	0	0
OG_2417	1	1	1	1	1	0	1	1	1	1	0	0	1	0	0
OG_2418	2	1	0	1	1	2	1	1	1	1	3	3	1	1	1
OG_2419	3	1	1	1	1	1	1	1	1	1	1	1	1	1	2
OG_2420	1	1	1	1	1	1	1	1	1	1	1	1	1	1	1
OG_2421	2	2	1	2	1	3	2	2	1	4	1	1	3	0	0
OG_2422	1	1	1	1	1	0	1	2	1	2	1	1	1	0	1
OG_2423	1	1	2	1	1	0	1	1	1	1	1	2	1	0	1
OG_2424	1	1	1	1	1	2	1	1	1	1	1	1	1	1	1
OG_2425	1	1	1	1	1	1	1	1	1	1	1	1	1	1	2
OG_2426	1	1	1	2	1	0	1	1	1	1	0	2	1	1	1
OG_2427	6	1	2	1	1	3	1	2	1	0	1	1	1	3	1
OG_2428	4	1	2	1	1	2	1	1	1	1	1	0	1	1	1
OG_2429	1	1	1	1	2	1	1	1	1	2	1	1	2	1	1
OG_2430	4	1	2	2	1	1	2	1	1	2	2	3	3	5	1
OG_2431	1	1	1	1	1	1	1	1	3	1	2	4	1	1	2
OG_2432	1	1	1	1	1	1	1	1	1	1	1	2	1	1	1
OG_2433	3	1	1	1	1	3	1	1	1	1	1	3	1	1	1
OG_2434	1	2	1	2	1	1	1	1	1	1	1	2	1	1	1
OG_2435	1	0	1	1	3	0	1	1	4	1	1	1	1	0	0
OG_2436	1	1	1	1	1	0	1	1	1	1	1	0	1	0	0
OG_2437	2	1	1	1	1	0	1	1	2	1	1	1	1	0	1
OG_2438	6	1	1	1	1	0	1	1	1	1	2	4	2	0	0
OG_2439	3	4	3	6	4	3	3	4	4	4	3	4	3	3	1
OG_2440	1	1	1	1	1	0	1	2	1	1	0	1	1	0	0
OG_2441	1	1	2	1	1	0	2	1	1	1	2	1	1	0	0
OG_2442	1	1	1	1	1	1	1	1	1	1	1	3	1	1	2
OG_2443	1	1	1	2	1	1	1	1	1	2	1	3	1	5	1
OG_2444	2	1	1	1	1	0	1	1	1	1	1	3	1	0	0
OG_2445	1	1	1	1	1	2	2	1	3	1	1	1	1	1	1
OG_2446	40	16	19	30	11	0	19	21	11	27	1	1	20	0	0
OG_2447	3	1	0	0	1	0	1	1	1	1	1	0	1	0	0
OG_2448	1	1	1	3	1	2	1	1	1	1	1	0	1	1	1
OG_2449	1	1	1	1	1	0	1	1	1	1	0	1	1	0	0
OG_2450	1	1	1	1	2	3	1	1	1	1	2	1	1	1	1
OG_2451	4	1	1	3	1	1	1	1	1	1	1	3	3	1	0
OG_2452	2	1	1	1	1	1	1	1	0	1	1	1	1	1	1
OG_2453	2	3	1	1	1	1	2	1	1	1	1	3	3	1	2
OG_2454	5	2	1	1	1	1	1	1	1	1	1	1	1	0	1
OG_2455	3	1	1	2	1	1	1	1	1	2	1	2	1	1	1
OG_2456	1	1	1	2	2	0	1	1	1	2	1	2	1	0	0
OG_2457	1	2	1	2	1	0	1	1	1	1	0	0	1	0	0
OG_2458	4	1	1	1	1	1	4	1	1	1	1	3	3	2	1
OG_2459	1	1	1	1	1	2	1	1	2	1	1	5	2	2	1
OG_2460	1	1	1	1	1	0	0	1	0	1	0	0	1	0	0
OG_2461	1	1	1	2	1	1	1	1	1	2	1	2	1	1	1
OG_2462	1	1	0	1	1	0	1	1	1	1	0	0	1	0	1
OG_2463	1	1	5	1	2	2	1	1	1	1	1	0	1	1	2
OG_2464	1	1	1	1	1	1	1	1	1	2	1	2	1	1	2
OG_2465	1	1	1	1	1	1	1	1	1	1	1	1	1	1	1
OG_2466	1	2	1	0	1	0	1	1	2	0	0	0	1	0	0
OG_2467	3	1	1	3	1	1	2	1	2	1	2	1	5	1	1
OG_2468	5	1	0	6	1	0	1	0	1	1	1	0	0	0	0
OG_2469	1	1	1	1	1	1	1	1	1	1	4	1	1	1	1
OG_2470	1	0	2	1	1	6	1	2	1	1	1	1	3	1	1
OG_2471	2	1	0	1	2	8	2	1	1	1	3	1	3	3	1
OG_2472	1	1	1	1	1	1	1	1	0	1	1	4	1	1	1
OG_2473	2	1	1	2	1	1	1	1	1	2	1	1	1	0	0
OG_2474	3	1	1	4	1	2	1	0	1	1	0	1	1	1	0
OG_2475	1	1	1	1	1	1	1	1	1	1	1	2	1	3	1
OG_2476	1	1	1	1	1	1	0	1	1	1	1	1	1	0	2
OG_2477	1	1	1	1	1	1	2	1	1	1	1	1	2	1	1
OG_2478	5	5	5	7	2	0	4	5	10	13	1	0	3	0	0
OG_2479	1	1	1	1	1	0	1	1	1	1	1	1	1	0	0
OG_2480	1	0	1	3	1	0	1	1	1	1	1	2	1	1	1
OG_2481	1	1	1	1	1	4	2	1	1	1	1	2	2	0	1
OG_2482	3	1	4	1	1	3	1	2	2	2	2	2	0	0	1
OG_2483	2	1	1	2	2	0	2	1	1	1	2	2	2	0	1
OG_2484	2	1	1	1	4	1	1	1	1	1	2	1	1	0	1
OG_2485	6	3	2	9	3	5	4	3	3	3	3	2	4	1	0
OG_2486	1	1	1	1	1	0	1	1	1	1	1	1	1	0	1
OG_2487	1	1	1	1	1	1	1	1	1	1	4	1	1	3	1
OG_2488	2	1	1	1	1	2	2	1	1	1	1	1	1	1	1
OG_2489	1	1	1	1	2	2	1	1	1	1	1	1	1	1	0
OG_2490	1	2	1	1	1	1	2	1	1	1	1	4	1	2	1
OG_2491	3	2	1	6	2	0	1	2	2	7	3	4	1	0	1
OG_2492	3	3	4	1	4	2	3	1	1	1	2	3	3	0	1
OG_2493	18	4	10	20	9	0	9	8	13	2	2	2	8	0	5
OG_2494	1	0	1	1	1	0	1	2	1	2	1	1	2	0	0
OG_2495	1	1	1	1	1	1	1	1	2	1	1	1	1	0	2
OG_2496	12	1	2	1	1	3	1	1	0	1	1	2	1	1	1
OG_2497	3	2	1	1	2	0	2	1	1	1	0	0	1	0	0
OG_2498	6	6	12	4	6	0	0	0	0	2	4	1	2	0	0
OG_2499	22	27	12	23	19	1	12	11	20	18	14	16	7	2	3
OG_2500	0	1	0	1	1	1	0	1	1	1	0	0	0	0	1
OG_2501	1	1	1	1	1	1	1	1	1	1	1	2	1	2	26
OG_2502	1	1	1	1	1	0	1	1	1	1	1	1	1	0	0
OG_2503	7	1	1	2	3	0	9	1	2	1	0	1	3	0	0
OG_2504	1	2	1	1	1	1	1	1	2	1	2	1	1	3	0
OG_2505	1	1	1	1	1	2	1	1	1	1	2	1	3	0	1
OG_2506	1	1	1	1	1	1	1	1	1	1	2	1	1	0	1
OG_2507	4	3	1	4	1	3	1	2	2	1	3	1	2	2	1
OG_2508	2	3	1	3	2	1	2	1	1	2	1	1	1	1	1
OG_2509	2	1	2	1	2	0	1	1	1	1	1	1	1	0	0
OG_2510	1	1	1	1	1	1	1	1	2	1	1	1	1	1	1
OG_2511	1	4	1	1	1	5	1	2	3	2	1	1	1	5	1
OG_2512	2	1	2	1	2	1	0	1	1	1	1	2	3	0	1
OG_2513	2	1	1	1	1	1	2	1	1	1	2	1	2	3	1
OG_2514	1	1	1	1	1	1	1	1	1	1	1	1	1	1	1
OG_2515	1	1	1	1	1	1	1	1	1	1	1	1	1	1	0
OG_2516	1	1	1	1	1	1	1	1	3	1	2	3	2	3	0
OG_2517	1	1	1	2	1	0	1	1	1	1	0	4	1	0	1
OG_2518	1	1	1	1	1	1	1	1	2	1	1	1	1	3	1
OG_2519	3	1	1	3	1	3	3	1	1	1	1	1	2	1	1
OG_2520	1	2	1	1	1	2	3	1	2	2	1	2	3	1	1
OG_2521	12	3	18	3	16	2	0	2	0	1	0	0	0	0	0
OG_2522	1	1	1	1	1	0	1	1	1	1	0	0	1	0	0
OG_2523	10	3	6	0	2	0	9	0	4	0	0	0	5	0	0
OG_2524	1	0	7	0	0	0	2	5	0	0	0	0	1	0	0
OG_2525	1	2	2	2	1	1	1	2	3	2	2	2	1	1	1
OG_2526	1	1	1	1	1	1	1	1	1	1	1	1	1	1	1
OG_2527	3	1	1	1	1	1	3	1	1	1	1	1	4	0	0
OG_2528	2	1	1	2	1	0	1	1	1	1	2	1	1	0	0
OG_2529	1	1	1	1	1	1	1	1	1	1	0	1	1	1	0
OG_2530	4	1	3	2	1	0	2	1	1	1	1	2	3	0	1
OG_2531	1	2	1	2	1	0	2	3	2	2	2	2	1	0	1
OG_2532	2	1	1	1	1	1	1	1	3	1	1	1	1	1	1
OG_2533	2	1	3	1	1	2	1	1	2	1	2	1	1	2	2
OG_2534	1	1	1	1	1	0	1	1	2	2	0	0	1	0	0
OG_2535	1	1	1	1	1	1	1	1	3	1	2	1	2	2	2
OG_2536	1	1	1	1	0	1	3	1	1	1	0	4	3	0	0
OG_2537	1	1	2	0	1	0	1	1	1	2	0	0	0	0	0
OG_2538	1	1	1	0	1	1	1	1	1	1	1	1	1	1	1
OG_2539	2	2	2	1	1	1	1	1	1	2	1	1	1	1	1
OG_2540	2	1	1	2	1	1	1	1	1	1	2	6	2	2	1
OG_2541	1	1	1	2	1	0	1	1	1	2	1	1	1	0	1
OG_2542	5	2	2	3	3	1	2	3	2	2	3	2	2	1	4
OG_2543	2	1	0	2	1	0	1	1	1	1	1	1	2	0	1
OG_2544	2	1	1	1	1	1	1	1	1	1	1	2	2	1	1
OG_2545	1	1	1	1	1	1	1	1	1	1	1	3	1	1	1
OG_2546	1	1	1	1	1	1	1	1	1	1	0	1	1	0	0
OG_2547	2	1	1	1	1	1	2	1	1	2	1	2	1	1	2
OG_2548	1	1	1	2	1	1	1	1	1	1	1	5	1	2	1
OG_2549	1	1	1	1	4	1	1	1	1	1	3	1	1	1	1
OG_2550	2	1	1	1	1	0	1	1	1	1	1	0	1	0	0
OG_2551	1	1	1	1	1	1	1	1	2	1	2	1	2	0	1
OG_2552	3	1	1	2	2	1	1	1	1	2	2	1	1	2	1
OG_2553	1	3	5	4	2	0	2	2	3	3	1	0	2	0	0
OG_2554	1	1	1	1	1	0	1	1	1	1	0	0	1	0	0
OG_2555	1	2	0	1	1	3	2	1	7	1	1	1	2	2	1
OG_2556	1	1	4	2	1	1	1	2	1	1	1	1	1	16	2
OG_2557	1	1	1	2	1	1	1	5	1	1	0	1	1	1	1
OG_2558	10	1	1	4	1	13	3	1	1	4	1	4	3	7	1
OG_2559	1	2	1	1	1	0	2	1	1	1	1	1	1	0	1
OG_2560	1	2	1	2	2	0	1	1	2	1	0	1	1	0	1
OG_2561	1	0	1	1	1	1	1	1	1	1	1	1	1	0	1
OG_2562	8	4	3	4	7	1	4	5	4	6	2	5	1	2	3
OG_2563	1	1	1	1	1	0	1	1	1	1	1	2	1	0	1
OG_2564	1	2	1	1	1	0	1	1	0	2	1	0	1	0	0
OG_2565	2	1	1	1	1	2	3	1	1	1	1	8	3	1	1
OG_2566	7	1	2	4	1	2	8	1	2	1	2	2	1	2	0
OG_2567	2	0	4	2	1	0	1	2	1	1	1	0	1	0	0
OG_2568	7	1	1	1	1	2	4	1	0	2	2	2	2	0	1
OG_2569	1	1	1	1	2	1	1	1	1	2	4	1	1	2	1
OG_2570	1	1	1	1	2	1	1	1	2	1	1	1	2	2	1
OG_2571	4	1	1	1	1	2	1	1	1	1	0	1	1	1	1
OG_2572	1	1	0	1	1	1	1	1	1	1	1	2	1	1	1
OG_2573	1	1	0	4	1	1	1	1	1	1	1	1	1	1	2
OG_2574	1	1	1	1	1	1	1	1	1	1	1	7	1	1	3
OG_2575	1	1	0	2	1	2	1	1	2	1	1	1	2	1	1
OG_2576	6	1	1	1	1	1	1	1	1	1	1	5	1	1	1
OG_2577	12	1	1	0	2	0	6	1	1	1	0	1	5	0	0
OG_2578	3	1	1	1	1	2	1	1	1	2	0	1	2	2	3
OG_2579	2	1	1	1	1	0	2	1	1	1	0	1	2	0	0
OG_2580	4	1	1	1	1	1	0	2	1	1	1	1	2	1	1
OG_2581	1	1	1	1	1	2	4	1	1	1	1	1	1	1	1
OG_2582	1	1	1	1	1	0	1	1	1	1	1	1	1	0	0
OG_2583	1	1	1	2	1	2	1	5	2	2	1	0	2	3	1
OG_2584	6	10	6	6	7	0	4	8	5	7	0	2	2	0	0
OG_2585	1	0	1	2	1	1	1	1	1	2	1	2	1	1	1
OG_2586	3	1	5	1	1	1	1	1	2	1	1	1	1	4	1
OG_2587	2	1	1	1	1	1	1	1	2	1	1	6	1	1	1
OG_2588	1	1	1	1	1	2	1	1	1	1	0	1	1	1	1
OG_2589	2	1	1	1	1	0	1	1	1	1	0	0	1	0	1
OG_2590	2	1	1	1	1	1	2	1	1	2	2	1	2	2	1
OG_2591	56	25	24	22	11	0	10	21	29	22	4	8	7	2	1
OG_2592	1	1	1	1	1	0	1	1	1	1	1	1	1	0	0
OG_2593	1	1	1	0	1	1	1	1	1	1	1	1	1	1	1
OG_2594	1	1	1	2	1	1	1	1	1	1	1	1	2	0	1
OG_2595	2	0	0	0	1	0	3	1	0	0	0	0	6	0	0
OG_2596	4	1	1	0	1	1	1	1	1	1	1	1	2	2	1
OG_2597	2	3	2	4	3	2	4	6	4	3	2	2	5	1	1
OG_2598	2	1	1	1	1	2	2	1	1	1	1	1	2	0	1
OG_2599	1	1	1	1	1	1	1	1	1	2	1	1	2	1	1
OG_2600	2	1	2	1	1	1	2	1	1	1	1	1	2	2	1
OG_2601	1	1	1	1	1	1	1	1	1	1	2	1	1	1	1
OG_2602	1	1	1	1	1	0	3	2	1	1	1	1	3	0	1
OG_2603	1	1	1	2	1	2	1	1	1	1	1	14	2	1	1
OG_2604	1	1	3	1	1	0	3	1	1	1	2	1	1	0	1
OG_2605	1	2	1	1	1	1	1	1	1	1	1	2	1	0	0
OG_2606	3	1	1	2	1	1	2	1	1	2	1	6	2	1	1
OG_2607	1	0	2	1	0	1	0	0	0	1	1	0	0	0	0
OG_2608	1	1	2	1	1	1	2	2	1	1	1	7	1	1	0
OG_2609	1	0	1	1	1	1	1	1	4	1	1	2	1	2	1
OG_2610	1	1	1	1	1	1	2	1	1	1	1	1	2	1	1
OG_2611	30	10	11	13	7	1	13	13	10	12	7	4	5	0	3
OG_2612	21	1	6	1	4	1	4	1	1	1	1	24	9	1	1
OG_2613	7	1	2	1	1	2	1	1	3	1	1	1	1	2	1
OG_2614	3	1	1	1	1	1	0	1	1	1	1	1	1	1	1
OG_2615	2	1	1	2	2	0	1	6	1	1	1	1	1	0	1
OG_2616	1	1	1	0	1	2	1	1	1	1	1	1	2	1	1
OG_2617	1	2	1	1	1	1	1	1	1	1	1	1	1	1	1
OG_2618	1	1	1	1	1	2	1	1	1	1	1	1	1	4	1
OG_2619	1	1	1	1	1	0	2	1	1	1	1	1	1	0	0
OG_2620	2	2	1	1	1	1	2	1	1	2	2	3	2	3	1
OG_2621	1	1	1	1	1	0	2	1	1	1	1	0	1	0	0
OG_2622	1	2	1	1	1	0	1	1	1	1	0	0	1	0	0
OG_2623	1	3	1	1	1	2	1	1	1	0	1	0	1	1	0
OG_2624	1	1	0	1	1	1	1	1	1	1	1	1	1	1	1
OG_2625	1	1	1	1	1	2	1	1	1	1	1	1	1	2	1
OG_2626	2	1	2	1	1	0	2	1	2	1	1	7	1	0	1
OG_2627	1	1	1	1	2	1	1	1	1	1	1	1	2	1	1
OG_2628	1	1	1	1	1	0	1	1	1	1	2	3	1	0	0
OG_2629	1	1	1	2	1	1	1	1	1	2	1	4	1	0	0
OG_2630	1	1	1	1	1	0	1	1	1	1	1	1	1	0	0
OG_2631	1	1	1	1	1	1	1	2	1	1	1	1	1	1	1
OG_2632	1	1	1	1	1	0	1	1	1	1	2	1	1	0	0
OG_2633	1	1	1	1	1	1	1	1	1	1	1	1	1	1	1
OG_2634	1	2	1	3	1	1	1	1	1	1	1	1	1	1	1
OG_2635	1	1	1	1	3	2	1	1	1	1	1	1	1	1	1
OG_2636	9	3	1	1	1	0	3	2	1	1	0	7	2	0	0
OG_2637	21	6	4	1	2	0	7	2	1	5	0	0	2	0	0
OG_2638	17	16	6	7	6	0	11	3	1	2	2	1	6	0	0
OG_2639	1	1	1	1	1	1	1	1	1	1	3	1	1	2	1
OG_2640	1	2	1	1	1	0	1	1	2	1	0	1	0	0	0
OG_2641	1	2	0	1	4	0	1	1	3	0	0	1	1	0	0
OG_2642	1	1	1	1	1	2	1	1	1	1	1	2	1	0	1
OG_2643	2	1	1	1	1	1	1	1	2	1	2	1	1	0	1
OG_2644	1	1	1	1	1	1	1	1	1	1	0	1	1	1	0
OG_2645	1	1	2	1	2	0	2	1	0	1	1	0	2	0	0
OG_2646	1	1	1	1	1	1	1	1	2	1	1	1	1	1	1
OG_2647	1	1	1	1	1	1	1	1	1	1	2	2	1	1	2
OG_2648	1	1	1	1	1	2	1	1	1	1	1	0	1	1	1
OG_2649	4	1	2	1	1	2	5	1	1	1	1	2	3	1	2
OG_2650	9	1	1	1	1	1	7	1	1	1	1	1	6	1	0
OG_2651	1	1	1	1	1	6	1	0	1	1	1	1	1	3	1
OG_2652	1	1	1	1	1	2	1	1	1	1	1	2	1	3	1
OG_2653	2	1	1	2	1	0	3	1	2	1	3	2	1	0	0
OG_2654	4	2	1	1	2	0	1	1	1	1	0	0	1	0	0
OG_2655	1	1	0	1	1	0	1	1	1	1	2	2	1	0	0
OG_2656	1	1	1	1	1	0	1	2	1	1	1	1	1	0	0
OG_2657	1	3	1	1	1	1	1	1	1	1	1	1	1	0	1
OG_2658	4	3	1	7	1	4	2	1	2	1	5	14	1	3	1
OG_2659	3	2	2	2	2	0	2	2	3	3	3	2	2	0	1
OG_2660	1	1	1	1	1	1	1	2	1	1	1	4	0	1	4
OG_2661	11	11	7	4	12	1	10	11	6	5	8	0	1	1	2
OG_2662	5	1	0	3	1	0	0	0	1	5	1	1	1	0	0
OG_2663	1	1	0	1	1	1	1	1	2	1	1	1	1	1	1
OG_2664	1	1	3	1	1	0	1	1	1	1	0	1	1	0	1
OG_2665	1	1	1	1	2	1	1	1	1	2	1	1	1	1	1
OG_2666	1	1	1	2	1	2	2	1	1	1	1	2	3	1	1
OG_2667	1	1	1	1	1	2	1	5	1	1	1	1	1	1	1
OG_2668	1	1	1	2	1	2	1	2	1	2	3	0	1	3	1
OG_2669	1	1	1	1	1	2	1	1	1	1	1	1	2	0	1
OG_2670	23	2	12	2	4	19	4	2	1	1	3	1	1	33	23
OG_2671	4	0	1	0	0	0	1	0	0	0	0	0	0	0	0
OG_2672	1	0	5	1	2	2	5	1	1	1	1	2	3	1	1
OG_2673	1	1	7	1	2	2	1	1	1	1	2	1	1	2	0
OG_2674	1	1	1	2	2	1	2	1	1	1	1	1	2	2	1
OG_2675	2	1	1	3	1	7	2	1	1	2	5	8	2	3	4
OG_2676	3	1	1	3	1	1	2	1	2	4	1	1	1	2	1
OG_2677	2	2	1	2	2	1	1	1	1	1	1	2	2	1	1
OG_2678	1	1	1	1	1	0	1	1	1	2	0	0	1	0	0
OG_2679	3	1	0	1	2	0	0	2	0	0	0	0	0	0	0
OG_2680	1	1	1	2	2	2	1	2	1	2	2	1	1	2	1
OG_2681	2	1	1	2	1	2	1	1	1	3	1	1	1	1	1
OG_2682	7	1	0	1	1	0	2	2	1	1	0	0	1	0	0
OG_2683	5	1	1	2	1	5	4	1	1	1	2	3	3	1	1
OG_2684	3	1	2	2	1	0	1	1	1	1	0	1	1	0	0
OG_2685	2	1	1	1	1	1	1	1	1	1	0	3	1	1	1
OG_2686	1	1	1	1	1	1	1	1	1	1	0	1	1	2	1
OG_2687	1	1	1	1	1	0	1	2	2	2	1	1	1	1	1
OG_2688	3	4	2	4	2	0	2	2	2	2	0	1	2	0	3
OG_2689	1	1	1	2	1	1	1	1	1	2	1	2	1	1	1
OG_2690	1	1	1	1	1	2	1	1	1	1	2	7	1	1	2
OG_2691	1	1	2	0	1	1	1	1	1	1	1	1	1	2	1
OG_2692	1	1	1	1	1	3	1	1	2	3	1	1	1	2	1
OG_2693	1	1	1	1	1	0	1	1	1	1	0	1	1	0	0
OG_2694	2	1	1	1	1	0	1	1	1	1	1	6	1	0	1
OG_2695	1	1	1	1	1	1	1	1	4	2	0	4	1	1	1
OG_2696	2	1	1	1	1	2	1	1	1	1	1	1	1	1	1
OG_2697	1	1	1	1	1	1	1	1	1	1	1	1	1	2	1
OG_2698	1	1	1	1	1	1	1	3	1	1	1	1	1	1	1
OG_2699	2	1	1	2	3	0	1	2	1	1	1	1	1	0	0
OG_2700	1	1	1	1	1	0	1	1	1	1	0	0	1	0	0
OG_2701	1	1	1	2	1	0	2	1	1	1	1	1	1	0	0
OG_2702	1	0	1	1	1	1	1	1	1	1	1	1	1	3	1
OG_2703	1	2	1	1	2	3	1	1	2	1	1	1	1	0	2
OG_2704	2	1	1	3	1	3	1	1	2	1	1	3	2	1	1
OG_2705	4	0	1	2	1	3	2	1	1	6	1	2	2	1	1
OG_2706	1	1	1	1	1	8	1	1	1	1	1	1	1	0	0
OG_2707	18	18	27	6	40	7	34	5	13	5	14	0	13	1	9
OG_2708	1	3	1	1	1	1	1	1	1	1	1	1	1	1	1
OG_2709	1	0	1	1	1	1	1	1	1	1	1	1	1	1	1
OG_2710	5	1	1	1	1	0	2	1	1	1	1	2	2	0	0
OG_2711	1	1	1	4	1	0	1	2	1	2	1	1	1	0	0
OG_2712	2	1	0	1	1	0	1	1	1	1	1	3	1	0	0
OG_2713	1	1	1	1	1	1	1	4	1	1	1	1	1	1	1
OG_2714	3	1	1	3	1	1	2	1	1	2	0	1	1	1	0
OG_2715	1	1	1	2	2	1	2	1	1	1	0	0	1	1	0
OG_2716	1	1	1	2	1	2	1	0	1	1	4	0	1	2	1
OG_2717	8	0	2	0	0	0	3	0	0	0	0	0	7	0	0
OG_2718	2	1	1	1	1	3	2	1	1	2	2	1	3	1	2
OG_2719	2	1	3	1	1	1	1	1	1	2	4	3	1	1	2
OG_2720	2	1	2	1	1	11	1	1	1	1	3	1	2	1	1
OG_2721	75	10	50	6	23	0	13	42	11	2	1	0	27	0	0
OG_2722	1	1	0	1	1	1	1	1	3	1	1	1	1	1	1
OG_2723	1	1	1	3	1	2	1	1	1	1	1	4	1	0	0
OG_2724	1	1	1	1	1	1	1	1	1	1	0	5	1	1	1
OG_2725	2	1	1	1	1	0	2	2	1	3	0	0	2	0	0
OG_2726	1	1	0	2	1	0	1	1	1	1	0	1	1	0	1
OG_2727	1	1	4	1	1	0	1	1	2	1	1	0	2	0	1
OG_2728	1	1	1	1	1	0	1	2	1	1	1	1	1	0	0
OG_2729	3	1	1	2	1	0	1	1	2	1	0	0	1	0	0
OG_2730	1	4	1	1	2	3	1	2	1	1	1	2	1	1	0
OG_2731	3	1	3	3	1	8	2	1	1	3	2	9	2	3	2
OG_2732	1	1	1	1	1	0	1	1	1	1	1	3	1	0	0
OG_2733	2	1	1	1	1	1	1	1	1	1	1	1	1	2	1
OG_2734	2	1	1	1	1	1	1	1	1	1	1	2	1	1	1
OG_2735	5	1	3	2	1	0	4	2	2	2	0	2	6	0	4
OG_2736	2	1	1	3	1	2	1	1	1	1	1	1	1	1	0
OG_2737	3	3	7	0	3	0	4	2	2	1	1	2	0	0	0
OG_2738	1	1	3	2	2	4	1	1	1	2	1	1	1	3	0
OG_2739	1	1	1	1	1	4	1	1	2	1	2	4	2	1	1
OG_2740	1	3	2	3	2	1	2	3	3	3	2	1	2	0	1
OG_2741	1	1	1	1	1	1	2	1	1	1	2	6	1	1	1
OG_2742	1	1	1	1	1	1	1	1	1	2	2	1	1	1	0
OG_2743	3	3	3	3	6	2	3	3	4	3	2	2	3	2	1
OG_2744	4	1	1	3	5	2	1	1	1	1	2	5	2	3	1
OG_2745	4	2	1	6	1	0	1	4	2	2	0	0	1	0	0
OG_2746	8	1	1	1	1	2	1	1	1	1	1	1	2	2	1
OG_2747	1	2	2	4	2	1	1	1	2	4	2	4	1	1	1
OG_2748	2	1	1	1	1	0	1	1	1	1	0	0	1	0	0
OG_2749	48	18	68	45	34	22	39	50	20	6	37	1	28	26	3
OG_2750	2	1	1	1	1	1	1	1	1	1	1	1	2	1	1
OG_2751	7	1	1	2	1	6	2	1	1	1	1	4	2	1	1
OG_2752	1	1	1	1	1	0	1	1	1	1	0	0	2	0	0
OG_2753	1	1	1	3	1	0	1	1	1	1	1	1	2	0	1
OG_2754	1	1	1	1	1	0	1	1	1	1	1	1	1	0	0
OG_2755	2	1	1	3	1	1	1	1	1	2	1	1	1	2	0
OG_2756	1	1	1	1	1	3	1	0	1	1	1	2	1	0	2
OG_2757	2	5	4	3	6	0	2	6	4	1	0	4	2	0	0
OG_2758	2	1	1	1	1	3	3	2	1	1	2	1	4	2	1
OG_2759	1	1	1	1	1	1	1	1	1	1	1	1	1	1	2
OG_2760	1	1	1	1	1	3	1	1	1	1	1	1	1	0	1
OG_2761	3	1	2	3	2	1	1	1	2	1	1	1	1	1	1
OG_2762	1	0	1	1	1	0	1	1	1	4	1	0	1	0	0
OG_2763	1	1	1	1	1	1	1	2	1	1	2	1	2	1	1
OG_2764	5	1	1	1	1	0	2	1	1	1	1	1	1	0	0
OG_2765	2	1	1	2	1	1	1	0	2	2	1	1	1	1	1
OG_2766	2	1	2	2	1	0	2	1	1	2	5	3	1	0	2
OG_2767	7	1	6	2	1	3	2	1	1	1	2	4	2	2	1
OG_2768	4	2	3	2	1	1	5	2	1	1	2	5	4	1	1
OG_2769	1	1	2	1	1	2	1	1	1	1	1	1	1	1	1
OG_2770	1	1	1	2	1	1	1	1	1	1	1	1	1	1	1
OG_2771	1	4	1	1	1	1	2	1	1	2	2	1	2	1	1
OG_2772	1	1	1	1	1	0	1	2	1	1	1	1	2	0	1
OG_2773	1	1	1	1	1	1	1	1	1	2	1	2	1	1	1
OG_2774	1	1	1	1	1	5	1	1	1	1	1	1	1	2	1
OG_2775	1	1	2	1	1	1	2	1	1	2	2	2	1	1	1
OG_2776	1	2	0	0	3	0	1	0	1	0	0	0	1	0	0
OG_2777	1	1	1	1	1	3	1	1	3	1	1	3	1	1	1
OG_2778	1	2	1	1	1	1	1	1	1	1	1	1	1	1	1
OG_2779	1	4	1	1	2	2	1	1	3	1	2	1	1	2	4
OG_2780	1	1	1	1	1	0	1	1	1	1	2	1	1	0	1
OG_2781	2	2	3	1	2	0	1	1	1	1	3	2	1	0	3
OG_2782	1	1	1	1	1	3	1	1	1	1	1	1	1	2	1
OG_2783	1	1	3	1	1	1	2	1	1	1	1	1	1	1	1
OG_2784	1	1	1	1	1	3	1	1	1	1	1	1	1	1	1
OG_2785	3	4	1	1	1	3	2	1	1	1	2	1	2	1	0
OG_2786	3	1	1	6	1	2	1	1	2	1	1	2	1	4	1
OG_2787	1	1	1	1	1	2	1	1	2	1	2	2	1	1	2
OG_2788	1	1	1	1	1	1	1	1	1	1	0	1	1	1	1
OG_2789	3	6	5	3	2	0	3	3	4	3	1	0	3	0	3
OG_2790	2	3	1	2	1	1	2	1	1	2	1	6	1	1	3
OG_2791	1	1	1	1	1	2	1	1	1	2	2	1	1	0	1
OG_2792	1	1	1	2	1	1	1	1	1	2	1	1	1	1	1
OG_2793	3	2	1	3	1	1	1	1	1	1	1	2	1	3	1
OG_2794	1	1	1	0	1	0	1	0	1	0	0	0	2	0	0
OG_2795	1	2	1	2	2	3	1	1	1	1	1	3	1	4	3
OG_2796	1	1	1	1	1	1	2	1	1	1	1	0	0	1	0
OG_2797	10	0	0	0	0	0	1	0	0	0	0	0	2	0	0
OG_2798	2	1	1	3	1	0	2	1	1	1	2	4	1	0	0
OG_2799	6	1	1	1	1	1	3	1	1	1	1	1	3	0	0
OG_2800	1	1	1	1	1	1	1	1	1	1	1	1	1	1	1
OG_2801	1	1	1	2	1	1	1	2	1	1	0	0	1	0	0
OG_2802	4	1	2	1	4	0	6	3	7	2	2	0	3	0	0
OG_2803	2	1	1	1	1	2	1	1	1	1	1	3	1	2	3
OG_2804	2	2	2	1	2	1	2	4	2	2	1	2	3	4	1
OG_2805	1	1	1	2	1	0	1	1	1	1	1	2	1	0	1
OG_2806	1	1	3	1	1	1	1	1	1	2	1	2	1	3	1
OG_2807	2	1	1	4	2	4	3	1	1	2	1	1	2	1	1
OG_2808	5	2	1	1	1	0	3	1	1	1	1	1	5	0	1
OG_2809	1	1	1	2	2	2	1	1	2	3	1	1	1	1	1
OG_2810	9	2	2	3	2	0	3	2	2	3	3	7	3	0	0
OG_2811	2	1	1	1	1	0	1	1	1	0	0	0	1	0	0
OG_2812	1	1	1	1	1	1	1	1	1	1	1	3	1	1	1
OG_2813	1	1	1	4	1	6	2	1	1	1	2	2	2	1	2
OG_2814	1	1	1	1	1	0	1	1	0	1	1	1	1	0	1
OG_2815	2	1	1	1	1	0	1	1	1	4	1	2	1	0	0
OG_2816	4	1	2	1	1	0	1	1	1	1	1	4	1	0	0
OG_2817	2	1	1	3	1	1	2	1	1	1	1	1	1	1	1
OG_2818	1	0	1	1	1	0	1	0	1	1	0	0	1	0	0
OG_2819	1	0	3	1	3	3	1	3	1	3	1	1	1	3	1
OG_2820	4	0	0	1	2	0	3	1	1	1	0	0	3	0	0
OG_2821	2	1	1	1	1	1	2	1	1	1	2	1	1	1	1
OG_2822	30	1	1	4	1	0	5	2	1	2	1	1	6	0	2
OG_2823	1	1	1	2	3	3	1	1	1	2	1	6	2	1	1
OG_2824	1	1	1	1	1	1	1	1	1	1	1	1	1	1	1
OG_2825	1	1	2	1	1	1	1	1	1	1	2	1	1	0	1
OG_2826	1	1	1	1	1	1	1	2	1	1	1	1	1	1	0
OG_2827	1	6	1	2	1	1	1	1	1	1	1	1	1	0	1
OG_2828	1	1	1	1	1	4	1	1	1	1	1	3	1	3	1
OG_2829	2	1	1	2	1	2	1	1	1	1	1	1	1	1	1
OG_2830	1	0	4	0	0	0	2	0	0	0	0	0	2	0	0
OG_2831	1	1	1	0	1	1	1	2	1	1	1	1	1	2	1
OG_2832	2	1	1	2	1	0	1	1	1	2	0	0	1	0	0
OG_2833	2	1	1	1	2	1	1	1	1	1	3	1	1	1	2
OG_2834	3	2	1	2	1	15	1	1	2	2	2	1	3	4	0
OG_2835	1	1	1	2	1	3	2	1	1	3	1	6	2	5	1
OG_2836	4	1	1	2	8	5	2	1	1	1	1	2	2	2	0
OG_2837	1	2	1	1	1	1	1	1	1	1	1	3	1	1	1
OG_2838	2	1	2	1	1	1	2	1	1	3	1	1	2	1	2
OG_2839	2	2	1	2	4	0	1	1	1	1	1	1	1	0	1
OG_2840	2	1	1	1	10	1	2	1	2	2	1	6	2	1	2
OG_2841	1	1	1	3	2	1	1	1	1	1	1	2	1	1	1
OG_2842	1	1	2	0	1	1	1	1	1	1	0	1	1	1	0
OG_2843	2	1	2	2	1	1	3	1	1	2	2	1	2	1	0
OG_2844	3	2	1	6	2	2	1	2	3	4	3	1	1	2	1
OG_2845	1	1	1	1	1	1	1	1	1	1	0	1	1	1	1
OG_2846	4	2	2	3	1	3	2	1	1	1	1	2	3	2	1
OG_2847	3	1	2	1	1	2	1	1	1	1	0	1	1	1	1
OG_2848	1	1	1	1	1	3	1	1	1	2	7	1	1	1	1
OG_2849	1	1	2	1	1	1	1	1	1	1	1	1	1	1	2
OG_2850	8	1	1	4	1	0	1	1	1	3	0	1	1	0	0
OG_2851	1	1	1	1	1	1	1	2	1	1	1	1	2	1	2
OG_2852	2	1	1	1	2	0	1	1	1	1	1	1	2	0	1
OG_2853	3	2	2	3	1	1	2	2	2	1	2	2	3	1	1
OG_2854	2	1	1	2	1	0	1	1	1	1	0	0	1	0	0
OG_2855	3	2	1	2	1	1	1	1	1	1	2	1	1	2	1
OG_2856	1	1	2	1	3	0	2	1	2	2	1	2	1	0	0
OG_2857	1	1	2	5	1	1	2	1	1	2	2	1	2	1	1
OG_2858	1	1	1	1	1	0	1	1	1	1	1	1	1	0	2
OG_2859	1	0	1	0	2	0	1	0	0	0	0	0	1	0	0
OG_2860	1	1	2	1	3	0	1	1	1	1	0	0	1	6	9
OG_2861	4	3	1	1	2	1	2	2	1	2	0	1	2	0	1
OG_2862	2	1	1	2	1	2	1	1	1	4	0	2	1	2	2
OG_2863	2	1	1	1	1	1	1	1	3	1	1	1	1	2	1
OG_2864	1	1	2	1	1	0	2	1	1	2	0	0	1	0	0
OG_2865	1	1	1	2	1	3	1	1	2	2	3	6	1	1	1
OG_2866	1	1	1	1	1	1	3	1	1	1	1	1	1	1	1
OG_2867	3	2	2	3	7	3	3	2	2	2	1	2	3	1	0
OG_2868	3	1	4	1	2	1	2	1	1	1	1	1	2	3	0
OG_2869	1	1	2	1	1	0	1	1	1	1	2	2	1	0	1
OG_2870	1	1	1	1	1	0	1	1	1	1	2	1	1	0	1
OG_2871	1	1	1	1	1	1	1	1	1	1	1	1	3	1	3
OG_2872	4	1	1	1	1	0	3	1	1	1	0	0	6	0	0
OG_2873	1	1	1	1	1	2	1	1	1	1	1	1	1	2	0
OG_2874	6	1	1	2	1	1	2	1	1	1	2	1	2	1	2
OG_2875	1	1	1	2	1	5	2	1	1	2	1	1	1	1	2
OG_2876	1	1	1	1	1	4	1	1	1	1	1	1	1	0	0
OG_2877	4	1	1	3	1	1	2	1	1	4	1	1	3	1	2
OG_2878	1	1	2	1	2	1	1	1	1	5	1	1	1	2	1
OG_2879	1	1	1	3	1	1	0	1	2	2	1	1	2	1	1
OG_2880	1	1	20	4	1	2	0	1	2	1	2	1	0	2	1
OG_2881	1	1	1	1	2	0	3	1	1	1	1	1	4	0	0
OG_2882	1	1	1	1	1	0	1	1	1	3	0	0	0	0	2
OG_2883	1	1	4	0	2	0	0	0	1	0	1	1	1	0	0
OG_2884	1	2	2	2	3	1	2	3	3	2	2	5	2	1	2
OG_2885	1	1	1	0	1	1	1	1	1	1	0	0	1	2	1
OG_2886	1	0	0	0	0	0	2	1	0	0	0	0	0	0	0
OG_2887	1	1	2	1	1	1	1	1	1	1	2	1	2	1	1
OG_2888	1	1	1	1	1	1	1	1	1	1	1	2	1	0	1
OG_2889	1	1	1	1	1	2	1	1	2	1	3	3	1	0	0
OG_2890	2	2	1	2	2	0	2	1	1	2	2	1	2	1	1
OG_2891	1	1	2	2	1	3	2	2	1	0	1	1	1	1	0
OG_2892	1	1	1	1	1	3	1	1	1	1	0	0	1	1	1
OG_2893	1	2	1	2	1	0	0	1	2	1	0	2	0	0	0
OG_2894	1	1	1	1	1	1	1	1	1	1	1	1	1	1	1
OG_2895	5	2	1	1	1	2	3	1	1	1	1	2	3	1	1
OG_2896	1	1	1	1	1	0	1	1	1	1	1	1	1	0	1
OG_2897	2	1	3	1	1	1	2	1	1	1	1	5	2	1	1
OG_2898	1	1	1	1	1	3	1	1	1	1	1	0	1	0	0
OG_2899	1	1	2	1	3	1	1	1	1	1	3	1	1	1	1
OG_2900	1	1	1	1	1	0	1	1	1	1	1	1	1	0	1
OG_2901	14	14	12	6	12	0	3	3	10	4	0	0	5	0	3
OG_2902	1	1	1	1	1	0	1	2	1	1	1	1	1	0	3
OG_2903	1	1	1	1	1	2	1	1	1	1	1	2	1	2	1
OG_2904	2	5	1	2	3	0	1	2	2	2	2	1	1	0	1
OG_2905	2	1	1	1	1	3	1	1	1	1	1	1	1	3	3
OG_2906	2	3	2	2	1	2	1	2	3	1	1	2	1	1	1
OG_2907	1	1	1	1	1	1	1	1	1	1	1	1	2	1	1
OG_2908	1	1	1	1	1	0	1	0	1	1	0	0	1	0	0
OG_2909	3	1	1	3	1	1	2	1	1	1	1	1	2	1	2
OG_2910	2	1	1	1	1	1	2	1	1	1	1	1	2	1	1
OG_2911	1	1	1	1	1	1	1	0	1	1	1	1	1	2	2
OG_2912	1	2	1	2	2	2	1	2	2	2	4	5	1	0	1
OG_2913	1	2	0	1	1	1	1	1	1	1	2	1	1	2	1
OG_2914	1	3	1	1	1	3	1	1	1	2	1	2	1	2	1
OG_2915	1	1	1	2	1	1	1	1	1	1	1	1	1	1	1
OG_2916	1	2	1	1	2	1	1	1	1	1	1	1	1	1	1
OG_2917	1	2	1	3	1	0	1	1	1	1	2	1	1	0	0
OG_2918	4	3	8	3	4	0	2	3	3	4	1	4	2	0	0
OG_2919	1	1	1	1	1	0	1	1	1	1	3	1	1	0	0
OG_2920	2	1	1	2	1	3	3	1	2	1	1	5	3	1	3
OG_2921	2	1	1	1	2	1	2	1	1	2	0	3	2	1	2
OG_2922	1	2	2	1	1	2	1	1	1	1	2	4	1	2	1
OG_2923	1	1	1	3	1	1	1	1	1	2	1	3	1	1	1
OG_2924	2	1	1	1	1	1	1	1	1	2	1	1	1	1	1
OG_2925	1	1	1	3	1	1	1	1	2	1	2	3	1	1	2
OG_2926	3	0	1	2	1	1	1	1	1	1	0	2	1	1	1
OG_2927	2	1	3	2	1	2	1	1	2	2	2	10	1	1	1
OG_2928	2	1	1	1	1	1	1	1	1	2	1	9	1	3	3
OG_2929	2	3	4	0	4	0	2	4	3	2	0	4	1	0	2
OG_2930	8	4	10	3	8	5	7	3	2	5	1	2	3	0	5
OG_2931	2	1	1	1	1	2	1	1	1	1	1	1	1	1	1
OG_2932	13	7	3	4	3	0	1	4	2	5	0	0	1	0	0
OG_2933	3	1	1	1	1	5	1	1	1	2	0	2	1	1	0
OG_2934	1	1	1	1	1	2	1	1	2	1	1	2	1	1	1
OG_2935	1	1	1	1	1	1	1	1	1	2	2	1	3	1	1
OG_2936	1	1	1	1	1	1	1	1	1	1	1	1	1	3	1
OG_2937	1	1	1	1	1	1	1	1	2	1	0	2	1	1	1
OG_2938	1	2	2	2	1	3	1	1	1	1	1	2	1	1	0
OG_2939	1	2	1	2	1	1	1	1	0	1	1	1	1	1	1
OG_2940	1	1	1	1	1	1	1	1	1	1	1	0	1	1	1
OG_2941	1	1	1	1	1	2	1	1	1	1	1	3	2	3	1
OG_2942	1	1	1	1	1	1	1	1	1	1	2	1	1	3	1
OG_2943	3	2	2	2	2	3	2	2	2	2	2	3	2	3	1
OG_2944	2	1	1	1	1	2	2	1	1	1	1	0	1	0	1
OG_2945	24	26	8	20	28	5	16	18	15	16	14	2	16	0	1
OG_2946	1	1	2	1	2	1	1	1	1	1	1	1	1	0	2
OG_2947	1	1	1	1	1	1	1	1	1	1	2	1	1	1	1
OG_2948	1	2	1	2	2	1	2	4	1	1	3	2	2	4	1
OG_2949	3	4	3	6	5	1	4	4	2	4	0	0	1	0	0
OG_2950	10	1	1	2	1	1	4	5	3	1	1	1	5	1	1
OG_2951	1	1	1	2	1	2	1	2	1	2	1	1	1	1	1
OG_2952	1	1	2	1	1	1	1	1	1	1	2	1	1	1	1
OG_2953	1	1	1	1	1	1	1	1	3	1	1	1	1	1	1
OG_2954	2	1	1	1	2	1	1	1	1	1	1	0	2	0	1
OG_2955	2	1	1	1	1	7	1	1	1	1	1	1	2	2	1
OG_2956	1	1	1	1	1	1	1	1	1	1	1	1	1	1	2
OG_2957	3	3	3	3	2	1	4	2	3	2	3	2	3	2	1
OG_2958	2	1	1	1	1	1	2	1	1	1	1	3	2	1	1
OG_2959	1	1	1	1	1	2	1	1	1	1	1	5	1	1	5
OG_2960	4	1	1	2	1	2	3	1	2	2	0	3	2	1	3
OG_2961	1	1	1	2	1	2	1	1	2	1	1	1	3	2	1
OG_2962	3	2	2	1	2	0	2	4	0	1	0	1	2	0	2
OG_2963	2	1	1	2	1	1	1	1	1	2	2	1	1	1	1
OG_2964	2	1	1	2	1	1	2	1	1	1	3	1	2	1	1
OG_2965	1	1	3	1	1	1	1	1	1	1	1	1	1	1	0
OG_2966	2	0	1	2	1	0	2	1	1	1	1	2	1	0	1
OG_2967	2	2	1	1	1	1	0	1	1	1	1	1	2	1	1
OG_2968	1	1	1	1	1	4	2	1	1	1	1	2	1	1	1
OG_2969	1	1	1	1	1	1	1	1	1	1	3	1	1	1	5
OG_2970	7	1	1	1	1	0	2	1	2	1	2	3	2	0	2
OG_2971	2	1	1	2	1	2	1	1	4	1	1	1	1	1	1
OG_2972	1	1	1	2	1	0	1	1	1	2	1	0	1	0	0
OG_2973	2	2	0	1	2	1	1	1	1	2	1	1	1	1	1
OG_2974	1	1	1	3	1	0	1	1	1	1	1	2	1	0	1
OG_2975	1	1	1	1	1	1	1	1	1	1	2	1	1	1	1
OG_2976	1	1	2	2	1	1	1	1	1	1	1	1	1	1	1
OG_2977	1	1	2	1	1	2	1	1	2	1	1	1	2	2	1
OG_2978	1	2	1	3	1	4	1	1	1	2	1	1	1	1	1
OG_2979	5	1	3	1	1	1	3	0	1	1	3	3	3	1	1
OG_2980	1	1	4	1	1	0	1	1	1	1	1	1	1	0	1
OG_2981	1	1	1	1	1	0	1	2	3	1	1	1	1	0	1
OG_2982	1	2	1	2	1	1	1	4	3	3	2	3	1	2	1
OG_2983	1	2	2	2	2	3	2	2	2	2	2	6	2	3	0
OG_2984	1	1	1	1	1	1	2	1	1	1	2	1	4	0	1
OG_2985	1	1	1	1	0	0	1	1	0	1	1	0	1	0	0
OG_2986	9	0	1	5	1	0	5	1	2	10	1	6	5	0	1
OG_2987	2	4	2	1	1	0	0	0	3	2	0	1	1	0	0
OG_2988	1	1	1	2	1	3	1	1	1	1	2	3	2	1	1
OG_2989	1	1	2	1	2	1	1	1	1	1	0	2	1	1	1
OG_2990	1	1	1	1	1	0	0	1	1	1	0	0	1	0	0
OG_2991	5	1	1	3	1	0	1	2	1	1	0	0	1	0	1
OG_2992	1	1	1	2	1	3	1	3	2	1	4	3	1	1	1
OG_2993	1	1	1	1	1	1	1	1	1	1	2	1	1	3	1
OG_2994	1	1	1	1	8	3	1	1	1	1	1	4	2	1	1
OG_2995	1	1	1	1	1	0	1	1	1	1	2	1	1	0	0
OG_2996	7	1	1	6	1	3	7	1	1	6	1	6	6	1	1
OG_2997	1	1	1	1	1	1	4	1	1	1	2	6	1	1	1
OG_2998	1	1	1	0	0	0	0	1	1	0	0	0	1	0	0
OG_2999	2	0	1	1	1	1	1	2	1	2	1	1	2	0	2
OG_3000	1	1	1	0	1	1	2	0	1	1	1	1	2	1	0
OG_3001	1	1	1	1	1	1	1	1	3	3	4	1	1	1	1
OG_3002	1	1	1	1	1	1	1	1	1	1	1	2	1	1	0
OG_3003	3	2	1	2	1	4	1	1	3	5	2	4	2	1	0
OG_3004	1	1	1	1	1	0	1	1	1	1	0	0	1	2	0
OG_3005	1	1	0	1	1	1	1	1	1	1	1	0	1	0	1
OG_3006	1	1	1	1	0	1	1	1	1	1	1	1	1	2	2
OG_3007	2	1	0	1	1	2	1	1	1	1	1	2	1	1	1
OG_3008	4	0	1	1	1	1	2	1	2	3	1	5	2	1	2
OG_3009	1	1	1	1	2	1	0	1	1	1	1	1	1	1	0
OG_3010	2	1	1	4	1	0	1	1	2	3	1	0	1	0	1
OG_3011	1	2	1	1	1	1	1	1	1	1	1	3	1	1	2
OG_3012	1	1	1	1	1	1	1	1	1	1	1	1	1	1	0
OG_3013	1	1	1	2	1	0	1	1	1	1	0	0	1	0	0
OG_3014	1	2	0	2	1	0	1	1	1	2	0	0	1	0	0
OG_3015	1	1	3	2	1	1	1	1	1	1	1	1	1	1	1
OG_3016	1	1	1	1	1	10	3	1	1	1	2	5	2	5	1
OG_3017	3	4	10	0	2	0	6	0	4	0	0	0	9	0	0
OG_3018	1	1	1	2	1	2	1	1	1	1	10	4	1	0	1
OG_3019	3	1	1	3	1	1	1	1	1	3	1	1	1	1	1
OG_3020	1	2	2	1	1	0	1	1	1	1	0	0	1	0	0
OG_3021	1	2	4	1	5	1	5	3	3	1	1	0	7	1	0
OG_3022	2	1	1	3	1	3	2	1	1	2	1	1	2	1	1
OG_3023	1	0	1	0	1	0	1	0	0	0	0	0	1	0	0
OG_3024	1	1	1	1	2	0	3	2	1	0	0	0	2	0	0
OG_3025	1	1	1	1	1	2	1	1	2	3	2	1	1	2	1
OG_3026	2	2	2	3	2	1	2	2	2	3	1	1	2	0	2
OG_3027	7	1	2	6	1	5	3	1	1	2	1	1	3	1	1
OG_3028	1	0	1	1	1	0	1	1	1	2	1	1	1	1	1
OG_3029	2	1	1	1	1	0	1	1	1	1	0	1	1	0	0
OG_3030	2	1	1	1	1	3	1	1	2	3	2	2	1	2	1
OG_3031	2	1	1	1	1	1	1	1	3	1	1	1	1	2	1
OG_3032	1	1	1	1	1	3	1	1	1	1	1	2	1	2	1
OG_3033	2	1	1	1	1	3	1	1	1	1	1	6	1	0	1
OG_3034	1	1	1	1	1	1	1	1	1	1	1	1	1	2	1
OG_3035	2	1	1	1	1	1	2	1	1	1	1	1	2	1	0
OG_3036	1	1	1	1	1	1	1	1	1	2	1	3	1	0	0
OG_3037	4	0	1	0	0	1	2	0	0	0	1	1	1	2	0
OG_3038	3	1	1	1	1	2	2	2	1	1	1	1	1	1	1
OG_3039	3	1	1	1	2	1	1	1	1	1	2	1	1	1	1
OG_3040	2	1	1	1	1	2	1	1	1	2	1	1	1	2	1
OG_3041	2	1	1	1	2	1	1	1	1	1	1	1	1	1	0
OG_3042	2	1	1	2	1	0	1	1	1	1	1	1	1	0	0
OG_3043	1	1	1	1	1	1	1	1	2	1	2	1	1	2	0
OG_3044	1	1	1	1	1	1	1	1	1	1	6	2	2	1	1
OG_3045	3	3	3	2	2	1	2	1	1	1	4	2	1	0	1
OG_3046	3	1	1	1	1	1	1	1	2	1	1	1	1	2	1
OG_3047	2	1	2	1	1	1	2	1	1	4	1	1	1	2	1
OG_3048	2	1	1	1	1	1	1	1	1	1	1	2	1	0	1
OG_3049	2	1	1	1	1	1	2	1	0	1	1	1	1	0	0
OG_3050	2	1	1	1	1	2	1	1	1	1	1	3	1	3	1
OG_3051	1	1	1	1	2	4	1	1	1	1	1	2	1	1	1
OG_3052	1	1	1	1	1	2	1	1	2	1	2	2	2	1	0
OG_3053	1	1	1	1	1	1	1	1	1	1	1	1	1	1	1
OG_3054	1	1	1	1	1	1	1	1	1	2	2	0	1	1	1
OG_3055	1	1	1	1	1	0	1	1	1	2	1	1	2	0	1
OG_3056	2	2	1	3	1	1	2	1	2	2	1	1	2	1	1
OG_3057	2	1	1	1	1	0	1	1	2	1	2	0	1	0	0
OG_3058	3	1	2	1	3	3	3	2	2	1	4	0	3	2	1
OG_3059	1	1	1	1	1	1	1	1	1	1	1	1	1	1	1
OG_3060	1	1	1	1	2	2	1	1	1	4	1	4	1	1	1
OG_3061	1	1	1	1	2	0	1	1	1	1	0	0	1	0	0
OG_3062	1	1	1	2	1	2	1	1	1	1	1	2	1	1	1
OG_3063	1	1	1	1	1	1	1	1	1	1	1	1	1	2	1
OG_3064	2	1	1	1	1	2	2	1	2	1	3	1	2	1	11
OG_3065	2	2	2	1	1	3	1	1	1	1	2	4	1	1	4
OG_3066	1	1	1	1	1	1	2	1	1	2	1	2	1	1	0
OG_3067	1	1	1	1	1	1	1	1	1	1	1	1	1	0	1
OG_3068	1	1	1	1	1	1	2	1	1	1	1	1	2	1	1
OG_3069	1	1	1	1	1	0	1	1	1	1	1	0	1	0	1
OG_3070	2	1	2	1	2	2	2	1	1	1	1	1	3	1	0
OG_3071	16	9	74	5	39	0	34	11	4	1	6	0	4	0	11
OG_3072	2	0	2	1	1	0	1	1	1	1	1	1	1	0	1
OG_3073	38	26	107	3	44	7	78	49	1	1	38	12	61	30	0
OG_3074	6	4	3	1	4	0	7	2	3	2	3	7	3	0	0
OG_3075	3	1	1	1	1	0	0	1	1	1	0	0	0	0	0
OG_3076	1	1	1	1	1	1	1	1	2	1	1	1	1	2	1
OG_3077	2	1	2	2	1	1	1	1	1	1	1	1	2	2	1
OG_3078	1	1	1	1	1	3	1	1	1	1	1	2	1	1	1
OG_3079	1	1	2	2	1	3	3	0	0	0	0	0	3	0	0
OG_3080	4	1	2	1	1	2	2	1	1	1	1	3	2	4	3
OG_3081	3	3	2	4	3	0	4	3	3	9	0	1	2	0	0
OG_3082	1	1	1	1	1	0	1	1	1	1	0	0	2	0	0
OG_3083	1	1	1	1	1	3	2	2	3	1	1	1	2	0	1
OG_3084	1	1	1	2	3	0	1	1	1	2	0	1	1	0	0
OG_3085	1	1	1	2	1	1	1	1	1	1	1	1	1	1	1
OG_3086	1	1	0	0	1	2	1	1	0	0	1	1	1	0	0
OG_3087	5	4	3	5	4	0	4	4	13	4	2	2	4	0	1
OG_3088	1	1	1	1	1	2	1	1	1	1	1	1	1	1	1
OG_3089	1	1	1	1	1	0	1	1	1	1	1	2	1	0	1
OG_3090	2	1	1	1	1	0	1	1	1	1	0	1	1	0	1
OG_3091	1	1	1	1	1	1	1	1	1	1	0	1	1	1	1
OG_3092	2	1	1	1	1	1	1	1	1	1	1	2	1	1	1
OG_3093	2	1	1	1	1	1	1	1	1	1	1	2	2	2	1
OG_3094	1	1	1	1	1	1	1	1	2	1	2	1	1	0	1
OG_3095	4	1	1	2	1	1	1	1	1	2	1	1	1	1	2
OG_3096	2	2	2	2	1	0	2	1	3	1	1	5	2	0	0
OG_3097	40	9	25	4	0	1	0	10	1	0	3	0	0	0	3
OG_3098	2	1	1	2	1	1	2	3	1	1	1	1	2	2	1
OG_3099	1	2	1	0	1	0	2	2	2	2	2	1	1	0	0
OG_3100	15	12	19	11	4	0	18	8	10	7	2	1	10	0	0
OG_3101	1	1	1	1	1	1	1	1	1	1	1	2	1	2	1
OG_3102	1	2	2	0	2	0	1	1	1	1	0	0	1	0	0
OG_3103	3	8	2	1	4	1	2	1	5	1	2	1	3	2	1
OG_3104	1	1	2	1	2	2	1	1	5	3	2	1	1	2	1
OG_3105	5	2	4	3	2	0	2	1	2	2	1	1	2	0	0
OG_3106	3	1	1	3	1	0	1	1	1	1	3	1	1	0	0
OG_3107	2	1	1	1	1	1	1	2	1	1	1	1	2	2	1
OG_3108	2	1	1	2	1	1	1	1	3	1	1	2	2	0	0
OG_3109	2	5	1	1	0	2	1	1	2	1	1	1	1	4	1
OG_3110	1	1	1	1	1	1	1	1	1	1	1	0	1	3	1
OG_3111	2	1	1	1	1	1	2	1	2	1	1	1	1	1	1
OG_3112	1	1	1	1	1	0	1	1	1	1	3	5	1	0	0
OG_3113	5	1	1	2	1	2	3	1	2	1	1	2	3	0	1
OG_3114	1	1	1	1	1	8	1	1	1	1	1	3	2	2	1
OG_3115	2	12	1	1	2	0	3	1	2	1	1	1	1	0	0
OG_3116	1	1	1	1	1	2	1	1	2	1	1	2	2	1	1
OG_3117	2	1	1	2	1	2	2	1	1	2	1	0	1	1	1
OG_3118	2	1	1	2	1	1	1	1	2	1	1	1	2	1	4
OG_3119	4	0	1	2	1	0	2	1	1	4	2	5	1	0	0
OG_3120	2	2	1	1	1	2	1	1	1	1	1	1	1	1	1
OG_3121	51	19	16	19	16	2	11	13	14	14	15	7	11	1	2
OG_3122	1	1	1	1	1	2	3	1	2	1	0	0	0	0	0
OG_3123	1	1	1	1	1	0	1	1	1	1	1	1	2	0	1
OG_3124	7	2	3	0	2	0	2	9	1	0	1	1	4	0	0
OG_3125	3	2	1	1	1	1	2	1	1	2	1	1	2	1	1
OG_3126	3	1	1	2	1	0	2	1	1	1	0	0	2	0	0
OG_3127	1	1	1	1	1	1	1	1	1	1	1	1	1	1	1
OG_3128	1	1	1	0	1	0	1	1	1	1	1	0	1	0	1
OG_3129	1	1	1	1	1	1	1	1	1	1	1	5	1	1	1
OG_3130	1	1	1	1	1	0	1	1	0	1	0	0	1	0	0
OG_3131	2	1	1	1	1	1	1	1	1	2	1	2	1	1	1
OG_3132	1	1	1	1	1	1	1	1	1	1	1	1	1	1	1
OG_3133	2	1	1	1	1	1	1	1	2	1	1	3	1	1	1
OG_3134	5	2	0	3	2	0	0	1	1	3	2	6	1	0	0
OG_3135	2	2	2	1	2	1	1	1	1	1	1	1	1	1	2
OG_3136	2	1	14	2	1	0	1	1	2	2	1	0	1	0	1
OG_3137	1	1	1	1	1	1	1	1	1	1	1	1	1	13	1
OG_3138	1	1	1	2	1	3	1	1	2	1	1	1	1	0	1
OG_3139	1	1	1	1	1	2	1	1	1	1	1	2	1	2	4
OG_3140	1	0	1	0	0	0	1	0	0	0	0	0	1	0	0
OG_3141	1	5	1	1	1	1	1	1	1	1	2	1	1	2	0
OG_3142	4	1	1	7	1	2	2	1	1	4	4	2	2	1	1
OG_3143	2	1	1	1	1	1	1	1	1	1	1	1	1	1	1
OG_3144	1	2	1	1	0	0	0	1	1	1	0	0	0	0	0
OG_3145	4	1	1	2	1	1	1	3	1	1	3	1	1	0	3
OG_3146	1	1	1	1	1	1	2	1	1	1	1	0	2	2	0
OG_3147	2	3	1	1	1	2	2	1	1	1	1	1	1	2	2
OG_3148	1	1	1	1	3	3	1	2	2	2	1	2	1	1	2
OG_3149	1	0	1	1	2	0	0	1	1	1	1	1	1	0	0
OG_3150	2	1	1	1	1	1	1	1	1	2	4	1	2	2	1
OG_3151	1	1	1	1	1	4	1	1	2	2	1	5	1	1	1
OG_3152	1	1	1	1	1	1	1	1	1	2	1	5	1	0	1
OG_3153	1	0	1	2	1	1	1	1	1	1	2	1	1	1	1
OG_3154	1	1	1	1	1	1	2	1	1	1	3	1	1	1	1
OG_3155	1	1	1	1	1	1	1	1	2	1	1	1	1	1	0
OG_3156	2	1	1	1	1	0	1	1	1	1	0	1	1	0	0
OG_3157	1	1	1	1	1	1	1	1	1	2	1	1	1	1	2
OG_3158	2	1	1	2	1	2	2	1	1	2	2	2	2	1	2
OG_3159	1	1	1	1	1	1	1	1	1	1	2	1	1	1	1
OG_3160	1	1	1	1	1	1	1	1	2	1	1	1	1	1	1
OG_3161	8	7	7	2	7	0	5	2	7	2	3	4	3	0	5
OG_3162	1	1	2	2	1	1	1	1	1	1	1	1	1	1	1
OG_3163	1	1	1	1	1	1	1	1	1	1	1	2	1	1	1
OG_3164	2	1	1	5	2	2	2	1	1	2	1	3	1	3	1
OG_3165	1	1	1	1	1	0	1	1	1	1	1	0	1	0	0
OG_3166	7	3	0	0	2	1	4	1	2	0	0	11	2	0	0
OG_3167	1	2	1	1	1	1	1	1	1	1	1	1	1	1	0
OG_3168	1	1	1	1	1	0	1	1	1	1	1	2	1	0	1
OG_3169	1	3	1	4	1	1	1	2	1	2	1	3	1	1	1
OG_3170	1	1	1	1	1	1	1	1	1	1	1	1	2	1	1
OG_3171	1	1	1	3	1	1	1	1	1	0	1	1	1	1	1
OG_3172	2	1	1	2	1	1	1	1	1	1	1	2	1	1	1
OG_3173	1	1	1	1	1	3	0	1	1	1	2	1	1	1	1
OG_3174	1	1	2	1	1	1	1	1	1	1	1	1	1	1	1
OG_3175	1	2	1	2	2	1	1	2	1	2	2	1	1	0	1
OG_3176	1	1	1	1	1	1	2	2	1	4	1	1	2	1	1
OG_3177	2	4	2	0	1	0	1	2	1	1	0	0	1	0	0
OG_3178	2	1	1	1	1	1	1	1	1	1	2	1	1	1	2
OG_3179	1	1	1	1	1	0	1	3	1	1	1	0	1	0	1
OG_3180	2	2	1	1	2	1	1	1	1	1	1	2	2	1	1
OG_3181	1	1	1	1	1	1	1	1	1	1	2	1	1	0	1
OG_3182	1	1	1	3	1	4	1	1	1	1	1	1	2	1	1
OG_3183	1	1	1	0	1	2	1	1	1	2	2	1	2	0	1
OG_3184	1	1	1	1	1	1	1	1	1	1	1	1	2	2	0
OG_3185	2	1	1	1	0	0	1	1	1	2	2	1	1	0	1
OG_3186	1	3	2	2	1	0	1	3	2	2	0	7	2	0	0
OG_3187	1	1	1	1	1	1	1	1	1	1	1	1	1	1	1
OG_3188	1	1	1	1	1	1	1	1	1	1	1	1	1	1	2
OG_3189	1	1	1	1	1	0	1	1	1	1	0	0	1	0	0
OG_3190	1	2	1	1	1	1	1	1	1	1	1	1	1	1	0
OG_3191	1	1	1	1	1	1	1	1	1	1	1	1	1	1	1
OG_3192	4	1	1	1	1	2	1	1	2	1	1	5	2	2	1
OG_3193	3	1	1	5	1	0	2	1	1	2	1	0	1	0	0
OG_3194	1	1	1	0	1	1	1	1	1	1	1	0	1	1	1
OG_3195	1	0	1	1	1	1	1	1	1	1	1	1	1	1	1
OG_3196	18	1	1	1	1	1	4	1	1	1	1	1	2	1	1
OG_3197	4	4	1	2	4	2	1	1	1	1	1	1	1	7	1
OG_3198	1	1	1	1	1	2	1	1	1	2	1	1	1	1	2
OG_3199	2	1	1	2	1	1	1	1	1	2	2	1	1	1	1
OG_3200	1	1	1	1	2	0	1	1	1	1	1	2	1	0	0
OG_3201	1	1	1	1	1	1	1	1	1	1	1	1	1	1	1
OG_3202	5	1	1	2	0	0	1	1	1	2	1	2	1	0	0
OG_3203	5	1	2	1	1	3	1	2	1	1	1	4	1	1	1
OG_3204	1	1	1	1	1	1	1	1	2	1	1	1	1	1	1
OG_3205	2	1	1	1	2	0	1	1	2	1	1	2	1	0	1
OG_3206	2	1	2	1	1	0	1	1	1	1	1	2	2	0	1
OG_3207	1	1	2	1	1	1	1	1	1	1	2	2	1	1	1
OG_3208	1	2	2	1	1	1	1	1	3	2	2	1	1	1	0
OG_3209	2	2	1	1	1	0	1	1	1	2	3	2	1	0	0
OG_3210	1	1	1	1	1	0	1	1	1	0	1	0	1	0	0
OG_3211	3	1	0	3	1	2	1	1	1	3	3	6	1	2	1
OG_3212	2	1	4	2	1	1	1	1	1	3	3	1	1	1	1
OG_3213	4	1	1	1	1	1	3	1	1	3	1	2	2	1	1
OG_3214	1	1	1	1	1	1	1	1	1	1	1	1	1	1	1
OG_3215	1	1	1	1	1	1	1	1	1	1	1	0	1	1	1
OG_3216	2	1	1	1	1	2	1	1	1	1	1	2	1	0	1
OG_3217	1	1	1	1	1	1	1	1	1	1	2	1	1	0	1
OG_3218	1	2	1	2	1	2	1	1	4	1	0	1	1	2	1
OG_3219	2	1	1	2	1	1	1	1	1	1	1	1	2	1	1
OG_3220	1	1	1	1	1	1	1	1	1	1	1	1	1	2	1
OG_3221	2	1	1	1	1	0	1	1	1	1	0	4	1	0	0
OG_3222	1	1	1	1	2	1	1	1	2	1	0	1	2	2	1
OG_3223	2	1	1	1	1	0	2	0	1	2	1	1	2	0	0
OG_3224	1	1	1	1	1	3	1	1	1	1	1	0	1	3	2
OG_3225	2	3	2	4	1	1	2	1	1	4	1	7	2	2	1
OG_3226	1	0	1	1	1	1	1	1	1	1	2	2	1	1	1
OG_3227	5	0	1	1	1	1	3	1	1	1	1	1	3	0	1
OG_3228	1	1	1	1	1	0	1	1	1	1	1	1	1	0	0
OG_3229	1	1	2	1	1	0	1	1	1	1	2	1	1	0	0
OG_3230	1	2	1	1	1	2	1	1	1	1	2	6	2	4	2
OG_3231	2	3	1	1	1	2	1	2	2	1	0	1	0	2	1
OG_3232	1	1	1	1	2	2	1	1	1	2	1	3	2	1	1
OG_3233	3	3	4	3	3	0	3	2	3	1	2	1	2	0	0
OG_3234	1	1	1	4	1	1	1	2	3	2	3	1	1	2	3
OG_3235	2	3	0	2	1	0	4	4	6	3	1	2	4	0	0
OG_3236	3	1	2	3	2	0	1	1	2	6	0	0	1	0	1
OG_3237	1	2	1	4	2	1	1	1	1	2	1	1	1	1	1
OG_3238	1	0	1	4	1	0	1	1	0	2	1	2	1	0	1
OG_3239	1	1	1	1	2	2	1	1	1	1	1	1	1	2	1
OG_3240	1	1	1	1	1	5	1	1	1	1	1	1	1	1	1
OG_3241	1	1	1	1	1	3	1	1	1	2	1	1	1	1	1
OG_3242	1	1	1	2	1	1	2	1	1	1	1	1	1	3	1
OG_3243	1	1	1	1	2	1	1	1	2	1	0	1	1	1	1
OG_3244	1	1	1	1	1	0	1	1	1	1	0	1	1	0	0
OG_3245	3	1	1	1	1	0	1	1	1	4	1	7	1	0	0
OG_3246	1	1	1	1	1	4	0	1	1	1	1	1	0	1	3
OG_3247	2	1	1	1	1	1	2	1	1	1	4	3	2	1	1
OG_3248	1	1	1	1	1	0	1	1	1	1	1	1	1	0	0
OG_3249	2	1	1	1	1	0	2	1	1	1	2	1	2	0	1
OG_3250	1	1	2	1	2	1	1	1	1	1	1	2	3	0	1
OG_3251	2	1	1	1	1	2	1	1	1	2	2	1	2	1	3
OG_3252	2	1	1	1	1	0	1	1	1	1	1	1	2	0	0
OG_3253	1	1	1	1	1	1	1	1	1	1	2	2	1	1	1
OG_3254	1	2	1	2	1	0	1	1	1	1	0	0	1	0	0
OG_3255	2	3	2	2	2	4	1	1	4	1	1	1	1	6	0
OG_3256	2	1	1	1	1	2	2	0	3	1	0	1	3	1	2
OG_3257	1	1	1	2	1	2	0	0	1	2	1	1	1	0	1
OG_3258	1	2	0	0	0	0	2	0	0	0	0	0	1	0	0
OG_3259	1	1	1	3	1	0	2	1	1	5	1	0	2	0	0
OG_3260	1	2	1	1	1	11	2	2	0	1	1	0	2	1	0
OG_3261	2	1	1	2	1	0	2	1	1	1	1	3	1	0	1
OG_3262	1	1	1	1	1	0	1	1	1	1	0	2	1	0	0
OG_3263	1	1	1	1	1	2	1	1	1	1	2	1	1	3	1
OG_3264	1	2	1	1	2	2	1	1	1	2	3	1	2	1	1
OG_3265	2	1	6	1	1	1	2	1	1	1	1	1	1	1	0
OG_3266	1	1	1	2	1	1	1	3	0	3	1	1	1	1	1
OG_3267	1	2	1	3	0	6	1	1	1	2	3	4	1	2	0
OG_3268	1	1	1	1	1	1	1	1	1	1	1	1	1	1	1
OG_3269	3	1	1	3	1	2	1	1	1	2	1	1	1	2	1
OG_3270	2	1	1	1	2	0	1	1	1	1	1	1	2	0	0
OG_3271	1	1	1	2	1	2	1	1	1	1	1	1	1	1	0
OG_3272	1	1	1	3	2	1	1	1	1	1	3	1	0	1	1
OG_3273	2	2	3	0	3	0	2	0	0	1	1	0	2	0	0
OG_3274	1	0	1	1	1	0	1	1	1	1	1	0	1	0	0
OG_3275	4	1	2	1	1	2	1	1	1	1	1	1	1	20	1
OG_3276	2	2	1	2	2	0	2	2	3	2	1	1	2	0	0
OG_3277	3	1	2	1	1	0	2	1	1	1	1	4	1	0	0
OG_3278	2	1	1	2	1	2	1	1	1	1	1	2	1	1	1
OG_3279	1	1	1	1	1	1	1	1	1	1	1	0	1	0	1
OG_3280	1	1	2	1	1	1	1	1	1	1	1	1	1	4	1
OG_3281	1	1	1	1	1	1	1	1	1	1	1	1	2	1	1
OG_3282	4	1	0	2	1	2	2	1	1	1	1	1	3	1	0
OG_3283	1	1	1	1	1	1	1	1	1	1	4	1	1	1	1
OG_3284	1	0	1	1	1	1	2	1	2	1	4	1	2	1	1
OG_3285	1	0	1	1	1	2	2	1	1	1	1	1	1	2	1
OG_3286	1	1	1	2	1	10	1	1	1	1	1	1	1	1	1
OG_3287	2	2	1	1	1	2	1	1	1	3	1	1	1	2	1
OG_3288	2	1	2	1	2	1	1	1	2	1	2	9	1	0	3
OG_3289	1	1	1	1	1	2	1	1	1	1	1	1	1	0	1
OG_3290	1	2	1	1	2	2	1	1	1	1	1	1	1	1	1
OG_3291	1	1	1	2	1	2	1	1	1	2	1	1	1	0	1
OG_3292	1	1	1	2	1	0	1	1	1	1	2	1	1	0	1
OG_3293	2	1	1	1	1	4	3	1	1	1	1	1	2	0	1
OG_3294	1	1	1	1	1	1	2	1	1	1	1	1	2	2	1
OG_3295	1	1	1	1	1	0	1	2	1	1	0	1	1	0	1
OG_3296	1	1	1	1	1	0	1	1	1	1	1	1	1	0	1
OG_3297	1	1	1	2	1	2	1	1	1	1	0	3	1	0	0
OG_3298	3	1	1	1	1	1	2	1	1	1	1	1	3	5	1
OG_3299	2	1	1	2	1	1	2	1	1	1	1	1	2	3	1
OG_3300	3	1	1	1	1	5	2	1	0	1	1	2	2	0	2
OG_3301	1	2	1	2	1	7	1	1	0	1	1	5	1	2	1
OG_3302	1	2	1	1	1	0	1	1	1	1	1	1	1	2	0
OG_3303	2	2	1	3	1	2	1	1	1	2	1	1	1	0	1
OG_3304	1	1	1	1	1	0	1	1	1	1	1	1	1	0	0
OG_3305	1	0	1	3	1	1	1	1	1	3	1	1	1	2	1
OG_3306	1	1	1	1	1	2	1	1	1	1	1	1	1	1	1
OG_3307	1	1	9	2	3	1	1	1	1	1	2	3	3	1	1
OG_3308	1	1	6	1	1	2	1	1	1	1	1	1	1	1	1
OG_3309	1	1	1	2	1	0	2	1	1	1	1	4	1	0	1
OG_3310	1	1	1	1	1	2	1	1	1	1	2	5	2	1	1
OG_3311	2	1	0	1	1	1	2	1	1	1	0	1	1	1	1
OG_3312	2	2	1	1	2	1	2	1	1	1	1	1	2	1	1
OG_3313	1	1	1	1	1	0	0	1	1	0	0	0	0	0	0
OG_3314	9	1	1	1	1	0	2	1	1	0	1	5	2	1	1
OG_3315	12	1	1	3	1	2	4	1	1	6	0	1	5	0	0
OG_3316	1	1	3	2	3	1	2	2	1	1	2	1	1	4	1
OG_3317	1	1	1	1	1	2	1	2	1	1	1	3	1	2	1
OG_3318	1	1	1	1	1	1	2	1	1	1	0	1	2	1	1
OG_3319	1	1	1	1	1	1	1	1	3	1	1	1	1	2	1
OG_3320	1	1	1	1	1	1	1	1	1	1	2	3	1	1	0
OG_3321	1	1	1	1	1	1	2	1	1	1	1	1	2	0	1
OG_3322	4	0	3	0	6	4	5	0	8	0	0	3	3	0	2
OG_3323	9	0	1	3	1	0	3	1	1	3	1	3	4	0	0
OG_3324	6	5	3	6	6	0	6	5	6	6	1	0	4	0	0
OG_3325	1	1	1	1	1	0	1	1	1	1	0	0	1	0	0
OG_3326	2	1	2	2	1	0	1	1	1	0	1	2	1	0	1
OG_3327	1	1	1	1	1	0	1	1	1	1	1	18	1	0	6
OG_3328	1	1	1	3	1	2	1	1	1	2	1	1	1	1	1
OG_3329	1	0	1	1	1	0	1	1	3	1	1	1	2	0	0
OG_3330	2	1	1	1	1	2	1	1	2	1	1	1	1	1	5
OG_3331	1	0	1	2	1	3	1	1	1	1	1	1	1	1	11
OG_3332	1	0	3	1	1	2	1	1	1	1	1	1	1	1	1
OG_3333	1	2	2	1	1	4	3	1	2	4	1	1	0	1	2
OG_3334	2	1	1	1	1	0	1	1	1	2	1	2	2	0	1
OG_3335	2	3	1	3	1	1	2	1	1	4	0	3	2	13	1
OG_3336	1	3	1	1	1	1	1	1	1	1	1	1	2	1	1
OG_3337	1	1	1	1	5	2	1	1	1	1	2	3	1	1	2
OG_3338	4	1	1	2	1	2	4	1	2	1	1	1	3	0	4
OG_3339	1	1	1	1	1	1	1	1	1	1	1	1	1	2	1
OG_3340	2	1	1	2	1	1	1	1	1	1	1	1	1	4	1
OG_3341	2	1	1	1	1	2	1	1	1	1	1	1	1	3	1
OG_3342	1	1	1	1	1	0	1	0	1	1	0	0	1	0	0
OG_3343	1	2	2	2	3	0	1	2	2	2	2	3	1	0	1
OG_3344	1	1	0	1	1	0	0	1	0	1	0	0	1	0	0
OG_3345	1	2	1	1	1	1	1	1	1	1	1	2	1	1	1
OG_3346	3	1	1	0	1	0	1	1	1	1	1	1	1	0	0
OG_3347	2	1	1	1	1	1	1	1	1	1	1	2	1	2	1
OG_3348	1	1	1	1	3	1	1	1	1	1	1	1	1	1	1
OG_3349	2	1	2	2	1	0	1	1	1	1	0	1	1	0	0
OG_3350	1	0	1	2	0	0	2	1	0	1	0	0	1	0	0
OG_3351	1	1	1	1	1	1	1	1	1	1	1	1	1	1	1
OG_3352	1	1	1	1	1	0	1	1	3	1	3	1	2	0	1
OG_3353	1	1	1	1	1	2	1	1	1	3	0	1	2	1	1
OG_3354	1	1	1	2	1	2	1	1	1	1	0	1	1	1	1
OG_3355	1	1	2	1	1	1	1	1	3	1	1	1	1	3	1
OG_3356	8	1	7	1	3	26	5	1	1	1	9	2	3	6	4
OG_3357	4	1	2	1	1	0	2	1	1	1	1	1	2	0	1
OG_3358	1	3	6	2	1	1	1	1	1	1	1	2	1	1	0
OG_3359	1	1	1	2	1	3	1	1	8	1	1	1	1	3	1
OG_3360	5	1	1	1	1	4	1	1	1	1	0	3	1	1	0
OG_3361	1	3	2	1	1	2	1	1	1	1	1	5	1	1	1
OG_3362	3	1	2	4	2	2	2	1	1	1	1	1	3	0	1
OG_3363	1	1	0	1	2	0	1	1	1	1	0	0	1	0	4
OG_3364	1	1	1	1	1	1	1	1	1	1	1	1	1	0	1
OG_3365	5	1	1	3	1	1	1	1	1	5	1	2	1	0	2
OG_3366	3	1	5	2	2	0	2	1	1	1	1	1	2	0	1
OG_3367	1	1	1	2	1	2	1	1	1	1	1	2	1	2	1
OG_3368	1	2	1	2	1	9	1	2	2	2	2	1	2	3	1
OG_3369	3	1	2	1	1	0	1	1	1	1	0	0	3	0	0
OG_3370	1	1	1	1	1	0	1	1	1	1	0	1	3	0	0
OG_3371	1	2	1	1	1	3	1	1	1	1	2	3	1	0	2
OG_3372	1	1	1	1	1	1	1	1	1	1	3	2	1	1	1
OG_3373	2	1	1	1	1	1	1	1	2	3	1	0	1	1	1
OG_3374	1	1	1	1	1	0	1	1	1	1	1	1	1	0	1
OG_3375	1	1	1	1	1	0	2	1	1	1	0	1	1	0	0
OG_3376	3	1	1	1	1	0	1	1	1	1	0	0	0	0	0
OG_3377	1	1	1	1	1	0	1	1	1	2	1	0	1	0	0
OG_3378	2	1	1	1	0	1	1	1	1	1	1	1	1	2	1
OG_3379	2	1	1	1	1	0	1	1	2	1	1	1	2	0	1
OG_3380	4	1	1	3	1	0	1	1	1	1	1	1	1	0	1
OG_3381	1	1	2	1	1	1	1	1	1	1	2	3	1	0	1
OG_3382	1	1	1	1	1	0	1	2	1	1	1	2	2	0	0
OG_3383	1	2	2	1	1	1	1	1	2	2	1	3	2	3	2
OG_3384	1	3	1	1	2	3	1	1	2	1	1	1	1	2	1
OG_3385	8	2	2	2	1	3	5	2	2	2	2	1	5	0	1
OG_3386	3	2	1	1	3	2	1	1	1	1	4	4	1	2	1
OG_3387	1	1	1	1	1	3	1	1	1	1	2	1	1	0	0
OG_3388	2	1	1	2	1	1	2	1	1	2	1	1	1	1	1
OG_3389	4	1	1	1	1	1	2	1	1	1	2	3	2	1	0
OG_3390	2	2	1	3	4	2	2	2	2	3	1	1	1	1	1
OG_3391	1	1	1	1	1	0	1	1	2	1	1	1	1	0	1
OG_3392	2	1	1	2	1	2	1	1	1	2	1	1	1	1	1
OG_3393	1	0	0	1	1	1	1	1	1	1	1	1	1	1	1
OG_3394	1	1	1	1	1	0	1	0	0	1	0	0	1	0	0
OG_3395	3	1	1	1	1	4	2	1	1	2	1	2	2	1	2
OG_3396	5	0	3	0	0	0	3	1	0	0	0	0	2	0	0
OG_3397	1	1	1	1	1	0	1	1	1	2	1	1	2	0	1
OG_3398	1	1	1	1	1	0	1	1	1	1	1	0	1	0	1
OG_3399	1	0	0	1	1	1	2	1	1	1	1	1	1	2	1
OG_3400	3	2	1	2	1	1	2	1	1	1	1	3	2	2	3
OG_3401	1	8	1	1	1	6	2	1	1	1	1	1	3	1	2
OG_3402	4	2	2	1	1	5	6	1	2	1	2	2	3	4	5
OG_3403	1	0	1	1	1	0	1	1	1	1	2	1	1	0	0
OG_3404	2	1	1	1	1	1	1	1	1	1	2	0	1	1	1
OG_3405	1	1	1	3	1	0	1	1	1	1	1	1	1	0	0
OG_3406	2	1	1	1	1	2	1	1	1	3	3	1	1	1	1
OG_3407	3	2	1	1	1	4	1	1	2	2	1	1	2	1	1
OG_3408	2	1	1	1	1	0	1	1	2	1	1	0	1	0	0
OG_3409	2	1	1	3	1	1	1	1	1	1	1	1	1	0	1
OG_3410	1	0	0	1	1	0	1	1	1	1	0	1	0	0	0
OG_3411	7	1	1	6	1	6	1	1	1	1	1	1	1	3	0
OG_3412	4	1	1	1	1	2	6	1	1	2	4	1	0	2	0
OG_3413	1	3	1	1	1	0	1	1	1	1	1	0	2	0	0
OG_3414	4	1	3	1	1	0	1	1	2	1	0	0	1	0	0
OG_3415	1	1	1	1	1	1	1	1	0	1	1	1	1	1	1
OG_3416	19	6	6	22	10	0	5	4	3	13	2	5	5	0	12
OG_3417	3	2	0	0	1	0	1	1	1	1	0	0	0	0	0
OG_3418	1	1	1	1	1	1	1	0	1	1	1	5	1	3	1
OG_3419	1	1	2	1	2	4	1	1	1	1	1	1	1	1	3
OG_3420	2	1	2	3	1	1	1	1	1	1	1	3	1	0	1
OG_3421	1	1	1	1	2	1	3	1	1	1	1	5	1	1	1
OG_3422	1	1	1	1	2	0	1	1	1	2	0	1	1	0	0
OG_3423	1	1	1	1	1	1	1	1	1	1	1	1	1	1	1
OG_3424	1	1	1	1	1	1	1	1	1	1	1	1	1	1	1
OG_3425	2	1	1	2	1	1	1	1	1	1	1	2	1	0	1
OG_3426	7	1	1	1	1	0	4	1	2	1	2	1	1	0	0
OG_3427	1	1	1	3	1	0	0	1	1	1	1	2	0	0	0
OG_3428	6	1	2	1	1	0	2	1	3	5	1	1	2	0	1
OG_3429	2	3	2	1	1	4	1	1	1	2	0	2	1	1	1
OG_3430	1	2	1	0	1	0	1	1	1	1	0	0	1	0	0
OG_3431	4	1	0	2	1	1	2	1	1	1	0	1	2	2	1
OG_3432	1	2	2	1	1	0	1	1	1	1	2	1	1	0	1
OG_3433	6	3	1	1	0	0	4	2	0	0	0	0	2	0	0
OG_3434	1	1	3	1	1	3	1	1	1	1	1	2	1	1	2
OG_3435	2	1	1	1	1	0	1	1	1	2	0	0	1	0	1
OG_3436	1	1	1	1	1	2	1	1	1	1	1	2	1	1	1
OG_3437	1	1	1	1	2	2	2	1	1	1	2	3	2	1	1
OG_3438	1	1	1	1	1	2	1	1	1	1	1	2	1	2	1
OG_3439	2	1	1	1	1	6	1	1	1	1	1	1	1	1	3
OG_3440	2	1	1	4	1	1	2	1	1	5	1	3	1	2	2
OG_3441	1	2	4	2	1	1	1	1	2	1	1	2	1	1	1
OG_3442	1	1	1	1	1	1	1	1	3	1	1	1	1	0	2
OG_3443	2	1	1	1	1	1	2	0	1	0	1	0	4	0	0
OG_3444	1	1	1	1	1	0	1	1	1	1	1	1	1	0	0
OG_3445	2	1	1	2	1	3	1	1	1	1	3	1	1	1	1
OG_3446	14	2	4	6	4	4	3	7	3	4	6	0	4	2	0
OG_3447	1	1	0	2	0	2	1	0	1	1	0	1	1	0	0
OG_3448	1	1	0	0	1	0	0	1	1	1	0	0	3	0	0
OG_3449	14	6	6	6	4	1	9	8	1	6	2	0	10	0	1
OG_3450	1	0	0	1	0	2	0	0	0	1	0	0	0	2	1
OG_3451	1	0	0	1	0	2	0	0	0	1	0	0	0	3	0
OG_3452	1	0	0	1	0	2	0	0	0	1	0	0	0	0	0
OG_3453	1	0	0	1	0	2	0	0	0	1	0	1	0	0	5
OG_3454	1	0	0	1	0	3	0	0	0	1	0	0	0	7	0
OG_3455	1	0	0	1	0	0	0	0	0	1	0	0	0	0	1
OG_3456	5	3	2	6	1	0	1	1	1	10	1	3	2	0	1
OG_3457	1	2	2	1	2	1	1	1	1	1	2	1	1	1	1
OG_3458	1	1	1	1	4	3	1	2	1	4	1	6	1	1	1
OG_3459	0	2	0	1	1	0	0	1	1	1	0	0	0	0	0
OG_3460	3	5	3	0	1	0	1	4	3	4	0	0	0	0	2
OG_3461	0	2	1	0	2	0	1	2	1	1	0	0	2	0	0
OG_3462	2	45	0	4	12	0	1	7	28	9	0	0	1	0	0
OG_3463	7	1	1	2	1	3	2	1	1	1	2	6	2	0	2
OG_3464	10	151	76	9	16	36	25	6	6	0	11	2	9	7	16
OG_3465	1	2	1	2	2	0	2	2	1	1	0	1	1	0	1
OG_3466	1	1	4	0	0	0	0	2	2	0	0	1	1	0	0
OG_3467	13	149	17	36	62	3	15	19	29	18	9	5	14	4	2
OG_3468	0	4	0	0	0	0	0	0	1	0	0	0	0	0	0
OG_3469	0	5	0	0	0	0	0	0	0	0	0	0	0	0	1
OG_3470	2	1	1	1	1	1	1	1	1	1	1	1	2	2	1
OG_3471	0	1	0	1	1	0	0	1	2	1	0	0	0	0	0
OG_3472	0	2	2	2	1	0	2	2	2	2	1	2	2	1	6
OG_3473	0	1	2	0	1	0	0	0	0	0	0	0	0	0	0
OG_3474	1	1	1	2	1	1	1	1	1	1	1	3	1	1	1
OG_3475	0	1	0	1	1	1	0	2	1	2	3	1	0	0	4
OG_3476	4	2	10	7	5	0	6	8	6	6	2	0	4	0	1
OG_3477	2	1	1	1	1	2	3	1	1	5	1	1	3	1	1
OG_3478	0	1	1	1	1	1	1	1	1	0	1	2	1	2	2
OG_3479	1	1	2	1	1	1	1	1	1	1	1	1	1	1	2
OG_3480	0	3	0	0	0	0	0	0	1	0	0	0	0	1	0
OG_3481	0	2	3	0	1	0	0	0	3	0	0	0	0	0	0
OG_3482	7	9	2	9	6	6	8	7	7	10	9	5	8	1	1
OG_3483	1	1	2	1	1	0	1	1	1	1	0	0	1	0	1
OG_3484	0	13	0	0	1	0	0	0	0	0	0	0	0	0	0
OG_3485	9	8	5	9	14	1	5	5	2	1	2	0	4	2	1
OG_3486	4	1	1	1	1	0	1	1	1	4	1	1	1	0	0
OG_3487	1	1	1	1	1	2	3	1	1	1	1	4	2	2	1
OG_3488	0	4	1	0	0	0	0	0	2	0	0	0	0	0	0
OG_3489	0	8	0	1	0	0	0	2	2	1	2	7	0	0	0
OG_3490	5	11	3	7	3	0	2	6	10	9	2	2	2	0	0
OG_3491	5	5	5	6	4	1	6	4	4	4	4	4	5	0	4
OG_3492	37	128	75	35	21	3	34	43	34	23	24	11	21	2	7
OG_3493	5	2	1	1	1	0	2	1	1	1	1	1	1	0	8
OG_3494	1	1	1	1	1	0	3	1	1	1	0	0	1	0	0
OG_3495	0	3	0	0	0	0	0	0	8	0	0	0	0	0	0
OG_3496	0	9	0	0	11	0	0	1	0	1	1	0	0	0	0
OG_3497	0	1	1	0	0	0	0	3	0	0	0	0	0	0	2
OG_3498	20	108	245	46	55	16	20	88	11	1	61	30	7	58	1
OG_3499	0	2	1	0	0	0	0	1	0	0	0	0	1	0	0
OG_3500	0	1	5	0	0	0	0	0	0	0	0	0	1	0	0
OG_3501	1	4	2	1	1	5	1	1	3	1	1	1	1	3	1
OG_3502	1	2	2	3	2	4	0	0	0	0	7	0	0	1	0
OG_3503	2	5	1	2	3	4	8	4	3	3	1	0	4	1	2
OG_3504	8	8	4	2	6	2	4	1	7	1	0	0	2	1	3
OG_3505	0	1	1	0	1	0	1	1	1	0	0	0	1	0	0
OG_3506	0	3	0	0	2	0	0	4	5	4	1	1	0	0	0
OG_3507	15	40	14	39	23	46	23	34	40	31	22	49	8	44	19
OG_3508	0	1	1	1	1	0	1	0	1	0	0	2	1	0	0
OG_3509	2	7	2	3	2	0	2	4	8	5	2	2	2	0	2
OG_3510	30	43	12	16	65	1	27	9	8	13	5	4	13	1	38
OG_3511	11	38	14	27	19	26	16	21	23	24	39	32	10	9	3
OG_3512	2	7	29	0	6	1	13	5	0	0	14	0	7	0	3
OG_3513	0	1	0	1	1	0	0	1	0	1	0	0	0	0	0
OG_3514	3	9	2	8	5	0	2	11	9	4	0	0	0	0	0
OG_3515	1	1	1	1	1	0	1	1	1	2	0	0	1	0	1
OG_3516	0	1	3	1	1	0	0	1	1	1	0	0	0	0	0
OG_3517	10	17	38	7	36	2	7	35	4	0	7	3	20	7	3
OG_3518	14	45	14	16	12	0	19	8	17	14	14	4	13	0	7
OG_3519	0	6	0	0	0	0	0	1	0	0	0	0	0	0	0
OG_3520	32	94	287	8	200	8	126	142	16	12	123	14	75	23	0
OG_3521	0	19	0	0	0	0	0	8	0	0	0	0	0	9	1
OG_3522	0	1	1	0	1	0	1	6	1	0	0	1	1	0	0
OG_3523	0	1	0	1	1	0	0	1	1	1	1	0	0	0	0
OG_3524	3	3	3	3	3	6	3	1	1	1	2	1	3	1	3
OG_3525	4	2	8	2	0	0	4	1	1	1	0	2	1	0	0
OG_3526	1	4	12	0	4	0	6	0	1	0	4	0	5	0	0
OG_3527	0	2	0	0	1	0	0	1	1	0	0	0	0	0	0
OG_3528	23	19	10	12	7	4	7	13	9	10	10	15	7	2	3
OG_3529	0	1	0	1	0	0	0	0	1	1	0	0	0	0	0
OG_3530	1	1	2	0	3	0	2	0	1	0	0	0	0	0	0
OG_3531	1	1	1	2	1	1	2	1	1	1	1	1	1	4	1
OG_3532	5	37	53	8	27	3	29	2	13	4	19	2	18	0	0
OG_3533	3	54	123	6	42	0	20	4	7	0	2	5	8	1	2
OG_3534	1	3	4	1	6	5	2	3	4	3	3	2	2	2	1
OG_3535	1	10	7	2	4	3	2	4	12	9	2	1	2	3	2
OG_3536	0	5	0	0	1	0	0	0	0	0	0	0	0	0	0
OG_3537	5	12	12	3	7	0	6	4	12	3	0	0	3	0	0
OG_3538	2	14	11	6	2	0	0	0	7	0	0	3	0	0	0
OG_3539	0	11	1	2	1	0	0	2	0	3	0	0	0	0	0
OG_3540	0	1	1	0	0	0	1	2	1	0	1	1	1	0	0
OG_3541	46	28	41	4	27	0	44	51	20	7	14	0	28	19	0
OG_3542	16	29	15	11	23	13	7	6	8	7	3	2	6	4	18
OG_3543	43	20	19	9	22	0	18	18	0	2	6	1	15	0	2
OG_3544	2	2	4	3	2	1	3	2	2	2	1	2	1	2	0
OG_3545	1	16	9	2	10	6	2	3	9	2	3	1	4	1	0
OG_3546	0	3	0	1	0	0	1	0	0	0	0	0	2	0	0
OG_3547	1	1	1	1	1	0	1	1	1	1	1	0	1	0	0
OG_3548	0	37	0	1	4	6	0	0	6	0	11	4	0	0	0
OG_3549	0	46	0	0	10	5	0	0	0	1	8	4	0	23	5
OG_3550	0	40	18	0	21	12	0	0	3	0	36	1	0	0	0
OG_3551	4	366	48	0	45	0	25	23	26	0	18	3	9	5	0
OG_3552	1	1	6	1	1	1	1	1	1	1	1	1	1	1	2
OG_3553	2	36	6	24	16	1	1	10	7	8	1	1	2	1	1
OG_3554	2	1	1	1	1	0	2	1	1	1	0	1	2	0	0
OG_3555	0	4	0	1	2	0	0	3	3	3	1	1	0	0	1
OG_3556	1	1	2	2	1	14	1	1	2	1	6	7	3	10	1
OG_3557	1	1	1	0	1	0	1	1	1	0	0	1	1	0	0
OG_3558	0	2	1	0	1	0	0	0	0	0	0	0	0	0	0
OG_3559	2	1	1	0	1	0	2	1	1	1	0	1	1	0	1
OG_3560	0	2	0	2	1	0	0	1	1	1	0	0	0	0	0
OG_3561	1	1	1	1	1	0	1	1	1	1	0	0	1	0	0
OG_3562	0	1	1	2	0	0	0	1	4	1	1	1	0	0	0
OG_3563	0	6	1	0	0	0	0	0	2	0	0	0	0	0	0
OG_3564	1	5	3	0	3	0	3	0	0	0	0	0	0	0	0
OG_3565	23	53	11	46	21	3	6	19	37	65	3	22	8	6	2
OG_3566	16	9	8	10	11	9	4	12	5	4	19	17	4	3	8
OG_3567	1	9	1	1	1	0	0	1	2	1	0	0	0	0	0
OG_3568	0	2	0	1	0	0	0	0	1	0	0	0	0	0	0
OG_3569	7	17	1	6	6	0	5	8	7	7	1	0	3	0	0
OG_3570	2	4	4	4	4	0	2	4	4	4	3	2	2	1	0
OG_3571	2	1	1	2	1	0	1	1	1	1	1	2	1	0	0
OG_3572	62	74	32	16	32	4	19	18	38	15	32	17	17	2	27
OG_3573	75	96	14	38	55	2	70	34	70	25	6	18	5	0	1
OG_3574	1	1	1	1	1	0	1	1	1	3	1	0	1	0	0
OG_3575	1	2	1	1	1	0	1	1	1	1	1	1	1	0	0
OG_3576	0	5	18	0	5	0	0	0	0	0	1	0	0	0	0
OG_3577	1	1	1	1	1	1	1	1	1	1	2	1	2	1	1
OG_3578	1	2	2	1	1	0	3	1	1	1	1	1	1	0	0
OG_3579	1	2	1	1	2	1	2	2	2	1	1	1	3	1	2
OG_3580	2	1	2	3	1	1	1	1	1	1	1	1	2	1	0
OG_3581	2	1	1	1	1	2	1	1	1	1	1	1	1	0	2
OG_3582	2	1	1	1	2	0	2	1	1	1	1	2	2	2	4
OG_3583	0	2	0	0	1	0	0	1	0	0	2	0	0	0	0
OG_3584	0	1	1	0	1	0	0	0	2	0	2	0	0	2	0
OG_3585	2	2	1	1	1	1	1	1	1	1	1	1	2	2	1
OG_3586	3	1	1	0	1	0	1	0	1	0	1	1	1	0	8
OG_3587	1	1	1	1	1	0	1	0	0	2	0	0	1	0	0
OG_3588	0	4	0	1	2	0	0	1	2	1	1	2	0	0	0
OG_3589	1	55	10	0	0	0	0	0	2	0	11	0	0	0	1
OG_3590	61	45	18	14	30	22	23	12	27	21	30	22	2	7	34
OG_3591	1	1	1	1	1	1	1	2	1	1	1	1	1	1	2
OG_3592	18	8	30	4	45	0	7	13	4	2	6	2	12	0	0
OG_3593	26	158	201	17	27	25	44	47	14	3	34	9	35	3	10
OG_3594	0	9	4	0	1	0	0	4	9	1	0	0	0	0	0
OG_3595	2	1	1	2	1	2	2	2	2	1	1	4	2	1	2
OG_3596	0	1	0	1	0	1	0	2	2	1	1	1	0	4	1
OG_3597	0	3	2	2	2	3	1	1	1	1	2	1	0	1	1
OG_3598	0	2	3	5	5	0	0	2	2	2	0	0	0	0	0
OG_3599	0	4	0	0	6	0	0	1	1	0	0	0	0	0	0
OG_3600	36	76	38	56	47	11	28	26	47	45	20	32	16	2	6
OG_3601	0	3	0	0	0	0	0	1	2	0	0	0	0	0	0
OG_3602	4	4	1	3	1	2	3	1	1	1	2	2	5	2	1
OG_3603	1	1	1	1	1	0	2	1	1	1	0	1	1	0	0
OG_3604	0	1	2	1	1	0	0	1	0	1	1	1	0	0	0
OG_3605	4	1	1	0	1	0	2	1	1	1	2	2	3	0	0
OG_3606	14	321	67	5	10	27	14	10	17	13	42	0	14	72	102
OG_3607	1	1	1	1	1	0	1	1	1	1	2	1	1	0	0
OG_3608	1	1	1	1	1	0	1	1	1	1	0	0	1	0	0
OG_3609	7	31	3	8	26	0	10	17	12	12	4	14	5	1	1
OG_3610	21	48	24	10	20	1	11	11	41	13	2	6	11	3	5
OG_3611	0	9	0	4	2	0	0	4	2	5	0	0	0	0	0
OG_3612	1	1	1	1	3	0	1	1	1	1	1	1	1	1	0
OG_3613	4	9	3	4	0	0	2	3	0	2	0	0	2	0	0
OG_3614	1	2	1	1	2	0	1	1	1	1	1	1	1	0	1
OG_3615	29	156	66	15	11	4	13	25	20	4	9	26	6	2	9
OG_3616	6	12	0	6	52	61	5	0	4	6	5	7	3	0	1
OG_3617	1	1	1	1	0	0	1	2	0	0	1	0	0	0	0
OG_3618	0	1	1	1	1	0	0	1	1	1	1	1	1	0	1
OG_3619	1	1	1	1	2	1	1	1	1	1	1	1	1	1	0
OG_3620	0	1	0	1	1	0	0	1	1	1	0	0	0	0	0
OG_3621	0	2	4	0	1	0	0	0	1	0	1	0	0	0	1
OG_3622	1	1	1	1	2	1	1	1	1	1	0	1	2	1	0
OG_3623	1	1	2	1	1	2	1	1	1	2	1	0	1	1	1
OG_3624	0	1	1	1	1	1	0	3	1	3	2	1	0	1	1
OG_3625	0	1	0	0	1	0	0	1	1	0	0	0	0	0	0
OG_3626	1	2	1	1	1	0	1	2	1	1	1	1	1	0	0
OG_3627	18	13	11	6	15	7	12	9	9	11	11	8	12	4	8
OG_3628	0	1	2	0	1	0	1	1	1	0	1	0	1	0	0
OG_3629	0	1	9	0	0	0	6	0	3	0	2	0	0	0	0
OG_3630	2	2	1	1	1	0	1	1	1	1	1	4	1	0	0
OG_3631	0	1	1	0	0	0	0	0	2	0	0	0	0	0	0
OG_3632	1	1	1	2	1	0	1	1	1	1	2	1	1	0	0
OG_3633	0	1	4	0	0	0	0	0	0	0	0	0	0	0	0
OG_3634	10	3	1	5	2	4	1	2	4	6	2	4	1	0	1
OG_3635	19	27	21	14	29	15	14	8	19	12	1	3	13	17	0
OG_3636	1	4	1	3	4	0	1	4	1	2	0	0	2	0	0
OG_3637	0	1	1	0	0	0	1	1	1	1	0	0	1	0	0
OG_3638	0	1	1	1	2	0	0	1	1	1	0	0	0	0	0
OG_3639	5	10	2	7	6	3	7	12	4	10	5	8	5	1	0
OG_3640	0	1	1	0	1	0	1	1	1	1	1	0	2	0	0
OG_3641	1	1	1	1	1	1	1	1	1	1	1	1	1	1	1
OG_3642	10	8	6	9	8	6	10	4	7	7	9	7	3	2	6
OG_3643	0	2	0	0	1	0	0	0	1	0	2	1	0	1	6
OG_3644	24	9	4	17	13	0	4	2	8	22	0	3	3	0	0
OG_3645	1	2	2	1	1	4	1	1	1	1	1	2	1	2	1
OG_3646	1	1	1	1	1	0	1	1	1	2	1	2	1	0	0
OG_3647	2	2	1	2	2	1	1	8	4	3	1	1	1	1	2
OG_3648	2	2	1	2	1	0	1	3	0	0	0	0	1	0	1
OG_3649	0	3	0	1	3	0	0	1	0	0	0	0	0	3	1
OG_3650	9	1	1	4	1	3	1	1	1	1	1	6	1	1	0
OG_3651	13	15	21	47	17	45	8	12	22	7	11	22	7	2	5
OG_3652	2	2	1	1	1	1	1	1	1	1	1	2	1	1	1
OG_3653	2	1	1	1	0	0	1	1	2	1	1	2	1	0	0
OG_3654	0	1	1	2	1	0	0	1	3	1	0	0	0	0	0
OG_3655	3	10	3	5	6	0	3	4	5	6	5	4	4	0	0
OG_3656	5	4	2	4	1	0	6	2	3	1	0	0	1	0	0
OG_3657	0	1	0	1	1	0	0	1	1	1	0	0	0	0	0
OG_3658	0	2	0	2	2	0	0	1	1	1	0	0	0	0	0
OG_3659	1	1	1	2	1	2	1	3	1	0	0	3	1	0	0
OG_3660	2	1	3	1	1	0	1	1	1	1	1	1	1	0	0
OG_3661	0	1	1	0	1	1	0	1	1	1	1	2	2	3	0
OG_3662	1	1	1	1	1	0	1	1	1	0	1	1	1	0	1
OG_3663	0	1	0	3	1	0	0	1	1	1	1	7	0	0	0
OG_3664	13	20	80	6	31	1	21	20	2	0	16	4	33	22	2
OG_3665	0	1	0	1	1	0	0	1	1	1	0	0	0	0	0
OG_3666	3	1	1	2	1	2	1	1	1	1	1	1	1	0	1
OG_3667	1	21	0	0	14	0	0	1	8	4	2	0	0	0	0
OG_3668	0	2	2	0	0	0	0	0	1	0	0	0	0	0	0
OG_3669	0	2	0	2	2	0	0	1	2	1	2	1	0	0	0
OG_3670	0	4	2	2	5	0	0	2	6	1	0	0	0	0	0
OG_3671	0	6	0	0	1	0	1	0	0	0	0	0	1	0	0
OG_3672	1	1	2	1	1	1	1	1	1	1	1	1	1	1	1
OG_3673	32	185	353	26	113	46	111	130	28	8	35	13	54	87	7
OG_3674	7	11	7	12	4	2	5	10	10	7	8	2	6	0	15
OG_3675	0	37	3	1	2	0	8	0	4	0	25	0	3	0	0
OG_3676	1	1	1	1	1	2	1	1	1	1	1	1	1	1	1
OG_3677	4	4	4	3	3	1	5	3	5	3	3	3	4	1	1
OG_3678	0	2	4	0	1	0	1	0	0	0	1	0	1	0	0
OG_3679	0	3	0	1	0	0	0	2	2	1	0	0	0	0	0
OG_3680	0	1	1	1	1	1	1	1	1	4	0	0	1	1	2
OG_3681	0	1	0	1	1	0	1	1	1	1	0	0	1	0	0
OG_3682	1	2	2	0	0	0	1	1	2	1	6	7	1	0	0
OG_3683	0	1	0	1	2	0	1	1	1	0	1	0	0	0	0
OG_3684	1	1	2	1	1	1	1	1	1	0	1	2	2	0	1
OG_3685	1	1	3	0	5	0	1	1	1	1	0	0	1	0	0
OG_3686	8	2	1	4	1	0	1	1	1	2	1	1	1	0	2
OG_3687	1	5	1	1	1	3	1	1	1	1	1	4	1	1	1
OG_3688	6	1	0	5	1	0	2	1	1	2	1	2	2	0	0
OG_3689	0	1	1	0	1	0	1	1	1	0	1	1	1	0	0
OG_3690	6	2	2	7	2	3	5	2	2	5	2	3	4	4	0
OG_3691	0	1	0	0	1	0	0	1	1	1	0	0	0	0	0
OG_3692	0	2	1	2	2	2	0	2	2	1	1	1	0	1	0
OG_3693	2	1	1	1	1	0	2	1	1	2	1	1	1	2	1
OG_3694	12	1	1	1	1	1	5	1	3	1	1	3	5	4	5
OG_3695	3	1	1	2	1	2	1	1	1	1	1	3	1	2	0
OG_3696	0	1	5	0	5	0	1	0	0	0	0	0	2	0	0
OG_3697	8	2	2	2	1	3	1	1	1	1	3	1	4	3	1
OG_3698	18	5	5	8	3	4	7	4	5	4	4	3	8	0	0
OG_3699	4	9	15	2	10	5	1	0	0	1	3	0	0	0	0
OG_3700	8	3	1	7	3	8	3	2	1	5	1	4	2	2	3
OG_3701	2	11	16	0	1	0	7	0	8	0	6	0	2	0	0
OG_3702	18	15	21	14	24	13	10	12	10	11	37	46	9	1	19
OG_3703	0	2	1	2	3	0	1	1	4	1	0	1	0	0	0
OG_3704	1	2	1	1	1	2	1	2	2	2	2	1	1	3	2
OG_3705	0	2	1	0	1	0	1	1	3	0	0	0	1	0	0
OG_3706	1	1	1	1	2	2	1	1	1	1	1	2	1	4	1
OG_3707	9	10	7	6	7	2	9	9	10	6	6	3	5	2	5
OG_3708	1	2	2	1	1	0	1	1	1	1	1	1	0	0	1
OG_3709	0	1	1	1	1	0	1	1	0	1	0	0	1	0	0
OG_3710	13	33	16	17	25	0	10	21	24	19	8	14	9	2	19
OG_3711	13	5	1	3	5	0	3	1	3	2	18	8	1	0	0
OG_3712	0	1	1	0	1	0	1	1	1	0	1	2	1	0	0
OG_3713	0	1	1	1	1	0	1	1	1	1	0	0	1	0	0
OG_3714	0	1	1	3	1	2	2	1	1	1	1	1	2	1	1
OG_3715	5	1	1	2	1	2	3	1	2	0	1	1	3	2	1
OG_3716	0	2	0	0	1	0	2	1	1	1	0	0	1	0	0
OG_3717	0	1	0	1	1	0	0	1	1	1	0	0	0	0	1
OG_3718	1	1	1	1	1	0	1	1	1	2	1	1	1	0	1
OG_3719	1	1	1	1	1	1	1	1	1	1	1	1	1	0	1
OG_3720	0	1	1	1	1	2	1	1	1	1	1	1	1	1	0
OG_3721	4	2	2	3	2	1	3	1	2	5	1	6	3	0	1
OG_3722	0	1	1	1	1	0	1	2	1	1	1	1	1	0	1
OG_3723	4	1	1	1	1	0	1	1	1	1	0	1	1	0	0
OG_3724	1	1	0	1	1	0	1	1	1	1	0	0	1	0	1
OG_3725	0	1	1	2	1	0	1	0	1	1	0	0	1	0	0
OG_3726	1	2	1	1	2	1	1	1	1	1	1	1	1	1	6
OG_3727	1	1	0	5	1	0	1	1	0	3	0	0	1	0	0
OG_3728	3	7	8	3	1	0	1	4	5	2	0	2	1	0	0
OG_3729	2	27	17	0	27	9	7	12	0	0	11	0	7	7	2
OG_3730	0	17	1	0	3	0	0	0	1	0	3	4	0	2	0
OG_3731	1	1	1	1	1	0	1	1	1	1	0	0	1	0	0
OG_3732	1	2	3	2	2	2	1	1	2	1	1	3	1	0	1
OG_3733	3	5	0	1	1	2	2	1	3	2	1	2	2	2	0
OG_3734	2	1	1	1	1	1	2	1	4	1	1	1	2	0	1
OG_3735	1	3	1	1	1	3	1	1	3	1	3	1	1	2	10
OG_3736	0	3	1	9	1	0	0	3	3	5	1	0	0	0	0
OG_3737	0	1	0	3	0	0	0	3	1	1	0	0	0	0	0
OG_3738	4	11	4	6	9	0	8	7	9	3	6	7	3	0	6
OG_3739	1	1	1	1	1	1	1	1	2	1	1	1	1	3	1
OG_3740	2	1	1	1	1	1	1	1	1	1	1	2	1	1	1
OG_3741	2	2	1	1	1	0	1	1	1	1	2	1	1	0	1
OG_3742	0	6	2	2	1	0	0	2	4	3	1	0	0	0	0
OG_3743	103	97	30	86	57	15	43	74	54	76	20	23	33	15	9
OG_3744	0	23	7	1	12	0	0	7	5	0	10	0	1	2	0
OG_3745	7	31	14	11	24	12	10	5	17	12	4	11	10	4	21
OG_3746	1	3	2	2	2	1	1	2	2	2	3	2	1	0	3
OG_3747	2	18	8	4	7	0	2	8	10	5	6	3	2	1	31
OG_3748	17	23	10	3	3	8	9	14	4	1	4	14	3	0	1
OG_3749	2	4	0	1	5	0	4	4	16	0	0	0	7	0	0
OG_3750	0	2	2	0	1	0	0	3	3	0	0	0	0	0	0
OG_3751	1	1	1	1	1	0	1	1	1	1	1	1	2	0	0
OG_3752	3	1	1	1	1	0	1	1	4	1	0	0	1	0	0
OG_3753	1	2	1	1	1	0	1	1	3	1	1	1	0	0	0
OG_3754	0	1	1	0	1	0	1	1	1	1	0	1	1	0	0
OG_3755	0	40	0	0	1	0	0	0	3	0	8	1	0	1	0
OG_3756	0	2	1	0	1	0	1	2	1	0	1	0	1	0	0
OG_3757	5	7	6	8	14	7	6	6	4	3	5	3	5	3	1
OG_3758	0	5	0	0	1	0	1	6	0	1	1	0	0	1	2
OG_3759	12	24	8	22	20	17	10	11	7	15	10	9	9	2	8
OG_3760	2	1	1	1	1	1	1	1	1	1	1	1	1	1	1
OG_3761	2	1	1	1	1	1	1	1	1	1	1	1	1	1	1
OG_3762	1	1	5	1	1	0	1	1	1	1	0	1	1	0	0
OG_3763	0	4	5	0	0	1	0	0	0	0	1	0	0	0	0
OG_3764	0	3	3	0	0	0	3	0	0	0	0	0	0	0	0
OG_3765	8	4	4	8	5	0	5	9	7	6	0	2	7	0	0
OG_3766	3	6	5	5	5	6	4	4	5	6	2	7	6	1	0
OG_3767	0	1	1	1	1	0	1	1	1	1	0	0	1	0	0
OG_3768	0	1	0	0	0	0	0	0	1	0	1	1	0	0	0
OG_3769	4	3	1	4	9	0	1	3	1	1	0	0	1	0	0
OG_3770	49	59	45	17	19	7	30	12	12	16	4	0	11	0	20
OG_3771	78	73	20	35	54	22	27	17	23	27	32	25	36	3	13
OG_3772	0	4	1	0	2	0	3	1	2	0	0	0	3	0	0
OG_3773	0	1	0	0	1	0	0	1	1	0	0	0	0	0	0
OG_3774	1	1	1	1	1	3	1	1	1	1	0	0	2	1	0
OG_3775	0	1	1	0	1	3	1	1	1	0	1	0	1	2	1
OG_3776	2	1	1	2	1	0	1	1	0	2	0	0	1	0	1
OG_3777	4	23	9	4	13	0	8	13	5	4	1	4	5	0	0
OG_3778	0	1	1	1	1	1	1	1	1	1	1	1	1	1	0
OG_3779	0	3	0	0	0	0	0	0	0	0	1	0	0	0	7
OG_3780	0	11	0	0	0	0	0	0	1	0	0	0	0	0	0
OG_3781	0	4	0	0	6	0	1	0	1	0	2	0	1	0	0
OG_3782	1	1	1	2	1	1	1	1	1	1	1	1	1	0	0
OG_3783	3	1	1	7	1	6	0	1	2	1	2	1	0	1	1
OG_3784	1	27	60	1	26	0	19	3	1	1	12	6	7	0	1
OG_3785	6	1	1	5	1	2	1	1	1	3	2	3	2	1	2
OG_3786	3	1	1	1	1	0	1	1	1	1	0	3	1	0	0
OG_3787	1	2	1	2	1	1	1	1	1	1	1	1	1	0	1
OG_3788	11	9	7	10	7	13	6	6	11	5	7	7	5	2	5
OG_3789	0	1	1	0	1	3	0	1	1	0	1	2	0	2	1
OG_3790	6	15	2	8	9	0	1	7	10	9	1	1	1	0	0
OG_3791	1	14	43	0	18	0	1	1	0	0	6	4	6	0	0
OG_3792	3	12	7	4	5	0	3	6	3	5	4	0	1	0	0
OG_3793	2	1	1	1	1	0	1	1	1	1	1	1	2	0	3
OG_3794	0	4	0	0	1	0	0	4	1	1	0	0	0	0	0
OG_3795	0	1	1	0	0	0	1	0	1	0	0	0	1	0	0
OG_3796	1	1	1	1	1	1	1	2	2	2	1	1	2	1	1
OG_3797	9	15	3	2	12	0	7	2	1	1	0	0	5	0	1
OG_3798	0	1	0	0	0	0	0	0	0	0	1	0	0	2	0
OG_3799	9	35	7	41	30	13	1	15	6	39	34	10	9	7	9
OG_3800	0	1	0	0	1	0	3	2	2	1	0	0	1	0	0
OG_3801	1	1	1	2	1	1	1	1	1	1	1	4	1	1	1
OG_3802	2	2	1	0	6	0	1	1	1	0	0	0	1	0	0
OG_3803	0	1	0	1	0	0	0	1	1	1	0	0	0	0	0
OG_3804	1	1	1	1	1	8	3	1	2	9	1	14	2	1	2
OG_3805	0	2	0	1	0	0	0	1	2	2	0	0	0	0	0
OG_3806	1	2	1	1	1	1	1	1	1	1	1	4	1	2	4
OG_3807	0	1	0	1	4	0	0	2	1	1	0	0	0	0	0
OG_3808	1	1	1	1	1	3	1	1	1	1	1	2	1	1	1
OG_3809	0	1	1	0	1	1	1	1	1	0	1	1	1	1	1
OG_3810	0	9	0	1	14	0	0	1	1	1	8	1	0	0	0
OG_3811	1	5	1	2	3	0	1	3	1	2	3	1	1	0	0
OG_3812	0	1	0	0	1	0	0	1	1	1	0	0	0	0	0
OG_3813	0	1	0	4	0	3	0	1	1	1	0	0	0	0	0
OG_3814	5	2	2	6	2	11	4	2	2	3	1	3	4	0	2
OG_3815	0	1	0	0	0	0	0	0	2	0	0	0	0	0	0
OG_3816	0	1	1	0	1	2	1	1	1	0	1	0	1	4	1
OG_3817	14	22	0	11	0	0	0	3	15	7	0	0	4	0	0
OG_3818	1	1	1	1	1	22	1	1	2	1	2	1	1	3	1
OG_3819	0	2	1	0	2	0	0	2	2	0	1	0	0	0	0
OG_3820	0	1	0	1	0	0	0	1	1	1	0	0	0	0	0
OG_3821	1	1	1	9	1	1	1	5	1	8	1	1	1	10	0
OG_3822	20	115	160	57	95	38	21	97	19	3	27	41	34	6	4
OG_3823	0	4	3	0	3	0	0	5	0	0	0	2	0	0	0
OG_3824	1	4	1	1	1	3	2	1	2	1	1	5	2	1	2
OG_3825	2	2	1	1	1	0	1	1	1	3	0	1	1	0	0
OG_3826	34	54	11	25	47	14	15	33	20	32	8	17	13	8	11
OG_3827	2	4	4	3	9	1	2	3	3	3	1	3	2	1	1
OG_3828	0	4	1	1	2	2	1	1	1	2	1	1	1	1	1
OG_3829	5	29	3	3	1	0	1	5	9	6	0	0	1	0	0
OG_3830	1	2	1	1	1	2	2	1	1	1	1	2	1	4	1
OG_3831	0	9	1	0	0	0	0	0	6	0	0	0	0	0	0
OG_3832	0	1	1	1	1	0	1	4	1	1	0	0	1	0	0
OG_3833	2	1	2	1	1	1	2	1	1	1	1	2	1	0	0
OG_3834	0	7	0	0	1	0	0	0	0	0	0	0	0	0	0
OG_3835	0	1	1	1	1	0	0	1	1	1	0	1	0	0	0
OG_3836	1	1	1	1	1	1	0	0	1	1	0	0	0	0	0
OG_3837	1	1	1	1	2	1	1	1	1	1	1	1	1	0	1
OG_3838	10	30	38	0	10	0	32	7	3	0	2	0	19	1	0
OG_3839	0	1	0	1	0	0	0	0	1	1	0	0	0	0	0
OG_3840	1	2	1	1	1	0	2	0	1	1	0	1	2	0	0
OG_3841	2	7	1	2	1	0	0	2	3	4	1	1	0	0	0
OG_3842	7	19	4	3	1	0	7	1	1	1	1	0	8	0	0
OG_3843	0	16	0	0	4	0	0	3	7	2	0	0	0	0	0
OG_3844	5	11	12	5	12	5	13	9	10	8	5	3	13	0	8
OG_3845	1	3	2	1	1	1	1	1	2	1	9	2	1	37	2
OG_3846	4	13	71	2	13	0	28	8	17	2	3	0	8	0	0
OG_3847	7	84	160	12	72	1	19	82	8	2	47	16	32	7	4
OG_3848	6	1	2	1	1	0	1	1	1	2	1	4	1	0	1
OG_3849	11	12	5	10	7	3	5	6	8	4	16	85	6	0	0
OG_3850	6	10	4	10	4	1	5	3	6	6	1	3	6	0	0
OG_3851	0	2	1	6	0	0	0	1	1	1	1	0	0	0	0
OG_3852	1	2	1	1	1	1	2	1	1	1	1	2	2	0	0
OG_3853	1	1	1	1	1	1	1	1	1	2	1	2	1	1	1
OG_3854	0	46	0	0	1	0	0	0	1	0	0	0	0	0	0
OG_3855	3	29	0	2	7	0	6	3	7	2	1	4	3	0	0
OG_3856	0	4	24	0	6	0	2	1	0	0	1	0	0	0	0
OG_3857	0	1	1	1	1	0	0	1	1	1	1	0	0	0	0
OG_3858	3	3	1	2	2	1	2	2	1	3	4	5	2	2	1
OG_3859	0	1	1	0	0	0	1	1	0	0	0	0	1	0	0
OG_3860	16	2	2	2	2	13	3	2	3	2	1	1	2	0	0
OG_3861	2	2	1	2	1	0	1	2	2	1	0	0	1	0	0
OG_3862	0	1	1	1	1	1	2	1	1	1	2	2	1	1	0
OG_3863	0	3	0	0	2	0	0	2	3	2	0	1	0	0	0
OG_3864	1	1	1	1	1	5	1	1	1	1	1	0	1	7	0
OG_3865	1	1	1	1	1	0	1	1	1	1	0	2	2	0	0
OG_3866	0	1	1	1	1	3	1	1	1	1	1	1	1	1	2
OG_3867	0	4	2	0	0	0	0	0	0	0	0	0	1	0	0
OG_3868	1	1	1	3	1	2	1	2	1	4	1	1	1	1	4
OG_3869	8	18	3	7	2	0	4	9	13	8	12	1	0	0	0
OG_3870	5	19	5	9	40	0	3	2	24	2	5	0	1	0	1
OG_3871	0	2	1	1	1	0	1	1	2	0	0	0	2	0	1
OG_3872	3	1	1	1	1	0	1	1	1	2	0	0	0	0	0
OG_3873	11	7	6	4	4	3	6	5	4	4	6	3	6	0	1
OG_3874	1	1	1	1	1	0	1	1	1	1	0	2	1	0	1
OG_3875	0	1	0	2	0	0	0	1	1	0	0	0	0	0	0
OG_3876	50	27	16	50	21	7	12	18	26	48	5	19	12	3	11
OG_3877	0	3	1	2	2	0	2	1	1	1	2	2	1	0	0
OG_3878	0	1	0	1	1	0	0	1	1	1	0	0	0	0	0
OG_3879	0	14	1	7	3	0	0	1	4	1	0	0	0	0	4
OG_3880	0	2	1	1	1	0	1	1	1	1	0	0	1	0	0
OG_3881	0	3	2	0	0	0	0	2	2	4	1	0	2	0	1
OG_3882	0	3	0	0	11	0	0	0	2	0	1	0	0	0	0
OG_3883	1	12	29	4	14	0	2	4	9	1	18	2	3	3	1
OG_3884	1	2	1	1	1	0	1	3	3	1	1	0	1	0	0
OG_3885	0	1	1	6	1	0	2	1	1	3	2	6	1	0	1
OG_3886	0	34	0	0	0	0	0	0	1	0	0	1	0	0	0
OG_3887	1	3	1	1	2	1	1	1	2	2	2	2	2	1	1
OG_3888	0	2	1	4	2	0	1	2	1	2	0	0	1	0	0
OG_3889	0	4	2	1	3	2	3	2	3	1	2	2	2	2	2
OG_3890	0	1	0	0	0	0	0	0	9	0	0	0	0	0	0
OG_3891	3	3	2	1	1	0	2	2	4	1	0	0	1	0	0
OG_3892	4	9	7	10	10	4	2	5	7	6	5	7	1	0	0
OG_3893	0	1	1	0	1	2	1	2	1	0	1	1	1	0	1
OG_3894	14	26	20	6	7	0	5	1	12	7	2	4	9	0	5
OG_3895	1	13	12	3	6	0	1	12	5	10	0	0	0	0	0
OG_3896	2	1	1	1	1	2	2	1	1	1	1	2	2	0	1
OG_3897	1	1	1	1	1	1	1	1	1	1	1	1	1	1	1
OG_3898	2	7	3	3	5	0	4	2	2	1	1	0	2	0	0
OG_3899	0	1	1	0	1	0	1	1	0	0	0	0	0	0	0
OG_3900	2	5	2	1	6	1	1	2	2	1	1	2	1	1	0
OG_3901	0	1	1	1	1	0	1	1	1	1	1	1	1	0	0
OG_3902	3	2	1	2	2	0	5	2	2	1	1	1	3	0	1
OG_3903	0	1	0	0	0	0	0	0	1	0	0	0	0	0	0
OG_3904	0	17	0	3	1	0	0	0	0	0	2	0	0	0	1
OG_3905	1	1	1	1	1	5	1	1	1	1	1	1	1	5	0
OG_3906	0	3	4	0	0	0	0	0	0	0	0	0	0	0	0
OG_3907	4	1	2	2	1	0	2	1	1	3	1	0	2	0	0
OG_3908	0	3	0	3	1	0	0	2	2	4	1	1	0	0	0
OG_3909	0	5	1	1	1	0	0	0	2	1	2	1	0	0	0
OG_3910	5	2	5	2	2	0	4	10	0	3	0	0	3	0	0
OG_3911	1	1	1	1	1	0	1	1	1	1	0	0	1	0	0
OG_3912	1	4	1	1	1	0	1	1	2	1	0	0	1	0	0
OG_3913	2	11	4	8	5	1	2	9	11	6	2	2	4	0	0
OG_3914	1	1	1	1	1	0	1	2	1	1	1	2	1	0	0
OG_3915	1	1	1	1	1	1	2	1	1	2	2	6	1	1	1
OG_3916	0	1	0	0	1	0	0	1	0	1	0	1	0	0	0
OG_3917	1	1	4	1	1	2	1	2	1	1	1	2	2	2	1
OG_3918	0	3	1	0	0	0	0	0	0	0	0	0	0	0	0
OG_3919	0	1	3	0	0	0	0	0	0	0	0	0	0	0	0
OG_3920	0	2	2	2	2	0	1	2	0	0	0	1	0	1	0
OG_3921	3	18	7	2	23	1	4	3	6	1	5	5	4	6	0
OG_3922	6	8	7	10	8	3	7	8	7	11	5	8	8	0	2
OG_3923	0	4	4	0	4	0	1	0	2	0	0	0	1	0	0
OG_3924	3	54	55	1	56	19	16	0	1	0	30	1	32	114	19
OG_3925	0	4	3	1	1	0	0	1	0	0	0	0	0	0	3
OG_3926	2	105	51	0	28	15	16	5	21	1	11	1	4	1	0
OG_3927	1	1	1	1	1	1	1	1	1	1	1	1	1	1	1
OG_3928	8	49	3	10	0	7	11	2	15	0	17	4	6	57	5
OG_3929	0	1	0	1	0	0	0	1	1	0	1	0	0	0	0
OG_3930	89	35	39	18	33	6	30	44	19	19	12	3	7	0	2
OG_3931	0	1	2	2	1	0	0	1	2	2	0	0	0	0	0
OG_3932	2	3	2	1	6	1	1	1	4	1	4	0	2	0	0
OG_3933	0	1	0	0	0	0	0	0	0	0	1	1	0	7	0
OG_3934	4	1	3	1	1	0	1	1	1	1	1	1	1	0	0
OG_3935	2	2	1	4	1	0	2	1	2	3	2	2	2	0	2
OG_3936	1	1	1	2	2	0	1	1	1	1	2	0	1	0	0
OG_3937	2	1	1	1	1	0	4	1	1	1	1	3	4	0	1
OG_3938	0	3	0	0	1	0	0	0	0	0	0	0	0	0	0
OG_3939	21	32	17	34	19	3	9	20	15	24	18	21	9	1	8
OG_3940	0	2	1	1	3	2	1	1	1	1	3	1	1	1	0
OG_3941	34	27	75	49	22	3	10	22	15	11	27	52	16	5	0
OG_3942	0	1	0	0	0	0	0	0	4	0	0	0	0	0	0
OG_3943	3	2	1	2	2	2	2	1	2	1	2	3	1	0	1
OG_3944	2	11	8	9	3	0	2	5	5	4	2	0	2	0	1
OG_3945	0	7	1	0	0	0	0	0	0	0	0	0	0	0	0
OG_3946	1	5	0	1	2	0	1	1	2	1	0	0	1	0	0
OG_3947	28	34	12	27	34	3	18	17	27	15	34	12	8	13	3
OG_3948	5	1	1	1	1	0	1	1	1	4	2	1	1	0	0
OG_3949	2	1	1	2	2	0	2	1	1	1	0	0	1	0	0
OG_3950	1	14	4	6	1	0	2	3	7	1	0	0	1	0	0
OG_3951	55	15	10	35	14	0	8	7	14	23	5	24	10	0	1
OG_3952	1	1	2	1	1	1	2	1	1	1	0	1	1	0	1
OG_3953	0	1	0	1	1	0	0	1	1	1	1	0	0	1	0
OG_3954	1	3	1	1	2	1	1	1	1	1	2	2	1	2	1
OG_3955	2	23	2	5	7	1	2	5	8	4	1	6	2	1	1
OG_3956	0	2	0	0	0	0	2	0	0	0	1	0	0	0	0
OG_3957	1	12	1	0	0	0	1	0	2	0	0	0	1	0	0
OG_3958	2	2	1	1	2	0	1	1	1	1	0	0	1	0	0
OG_3959	0	2	0	1	1	0	0	1	1	2	1	3	0	0	0
OG_3960	0	1	1	2	1	2	1	1	1	1	1	1	1	1	1
OG_3961	7	2	14	0	4	0	2	1	9	0	0	0	8	0	1
OG_3962	10	2	1	1	1	0	2	1	1	2	2	3	1	0	0
OG_3963	1	1	1	2	1	0	2	1	1	1	1	1	1	0	0
OG_3964	10	37	7	10	11	0	9	7	29	9	3	3	8	0	0
OG_3965	20	19	13	14	21	4	13	15	20	13	16	15	8	2	3
OG_3966	5	26	6	7	12	0	3	13	20	11	14	6	7	1	1
OG_3967	41	12	8	24	8	12	20	11	11	2	1	1	12	4	57
OG_3968	0	1	0	0	1	0	0	1	1	0	0	0	0	0	0
OG_3969	0	1	1	3	6	2	0	2	1	1	1	1	0	1	0
OG_3970	2	2	1	2	1	23	1	1	2	2	2	7	1	16	6
OG_3971	23	7	1	12	6	0	1	2	11	10	0	7	1	0	0
OG_3972	1	1	1	2	1	0	1	1	2	1	1	4	2	0	2
OG_3973	3	1	1	1	1	0	1	1	1	3	0	0	1	0	0
OG_3974	0	1	1	1	1	0	1	1	1	0	1	1	1	1	0
OG_3975	8	16	4	10	10	1	5	3	9	2	6	15	1	1	0
OG_3976	1	1	1	1	1	0	1	1	1	1	0	1	1	0	0
OG_3977	0	27	19	1	4	0	3	9	0	0	7	0	5	0	0
OG_3978	1	1	1	3	1	0	1	1	1	1	0	1	1	0	1
OG_3979	0	2	0	3	1	0	0	1	2	2	0	0	0	0	0
OG_3980	9	132	139	20	91	44	69	36	11	2	10	9	34	17	0
OG_3981	1	3	3	1	0	1	2	0	4	0	5	0	3	0	20
OG_3982	0	1	0	0	1	0	0	0	2	0	3	0	1	0	0
OG_3983	5	1	2	4	2	0	1	4	1	2	0	1	0	0	0
OG_3984	0	1	1	0	1	0	0	1	1	1	0	1	0	0	0
OG_3985	1	1	1	1	1	1	1	1	1	1	1	1	2	1	1
OG_3986	0	2	1	1	1	0	0	1	1	2	1	2	0	0	0
OG_3987	1	1	1	3	1	0	1	1	1	1	1	2	1	0	0
OG_3988	3	12	2	2	6	1	1	2	6	1	1	7	2	0	0
OG_3989	0	1	1	1	1	0	0	1	1	1	1	0	0	0	0
OG_3990	3	5	1	4	5	0	3	3	8	5	6	6	3	0	0
OG_3991	0	9	1	0	0	0	0	0	0	0	0	0	0	0	0
OG_3992	2	2	1	2	1	1	1	1	1	3	1	1	3	1	1
OG_3993	0	2	0	2	3	1	0	1	1	1	1	1	0	4	1
OG_3994	0	56	0	0	7	9	0	2	0	0	2	1	0	0	7
OG_3995	2	2	2	2	2	1	3	2	2	2	2	2	3	1	2
OG_3996	2	8	11	0	13	0	7	2	5	0	2	1	7	0	3
OG_3997	0	3	4	0	0	0	0	0	1	0	0	0	0	0	0
OG_3998	0	2	0	5	1	0	0	1	1	1	0	0	0	0	0
OG_3999	10	10	32	2	19	0	15	8	0	2	17	12	7	50	0
OG_4000	31	51	18	25	48	6	21	23	33	24	15	16	12	3	5
OG_4001	1	1	1	2	1	0	1	1	2	1	3	3	1	0	0
OG_4002	3	2	2	1	3	0	1	1	1	1	0	2	1	0	0
OG_4003	3	5	9	6	7	4	4	2	2	5	5	13	4	5	1
OG_4004	2	1	1	1	1	1	2	1	1	2	2	1	2	1	0
OG_4005	1	1	1	2	1	1	1	2	1	1	2	0	1	1	1
OG_4006	5	11	4	17	11	0	2	10	6	14	3	10	3	0	1
OG_4007	7	24	7	15	10	0	9	17	23	8	26	2	10	0	1
OG_4008	33	19	55	99	29	22	18	75	27	51	18	20	11	7	15
OG_4009	0	5	0	0	1	0	0	1	3	2	9	5	0	0	0
OG_4010	0	1	1	1	1	0	0	1	1	1	1	1	0	0	0
OG_4011	2	1	1	1	1	0	2	1	1	1	1	1	2	0	1
OG_4012	32	2	1	1	2	0	8	4	3	5	3	0	7	0	0
OG_4013	0	21	1	0	0	0	0	6	0	1	0	0	2	0	0
OG_4014	4	19	4	8	5	1	3	7	7	6	8	7	3	2	0
OG_4015	1	1	1	1	1	0	1	1	1	1	1	1	1	0	0
OG_4016	0	1	0	0	1	1	0	1	1	1	2	3	0	3	1
OG_4017	0	4	0	0	1	0	0	1	0	1	0	0	0	0	0
OG_4018	0	14	3	1	7	0	2	0	0	0	0	0	1	0	0
OG_4019	17	15	8	13	9	10	11	8	9	17	26	22	10	15	36
OG_4020	2	1	2	1	1	1	1	1	1	1	1	1	1	1	1
OG_4021	3	23	4	1	11	0	3	3	3	7	1	12	2	0	0
OG_4022	10	166	227	5	158	2	47	404	17	5	127	17	23	27	9
OG_4023	0	36	4	1	10	0	0	18	8	0	11	4	1	4	0
OG_4024	1	12	0	2	12	0	0	16	4	0	5	0	5	0	0
OG_4025	0	6	0	0	4	0	0	2	6	0	0	0	0	0	0
OG_4026	7	9	7	8	4	0	2	2	6	2	3	4	2	0	0
OG_4027	1	6	0	0	3	0	0	16	2	3	3	0	4	0	0
OG_4028	13	7	7	10	14	8	13	10	3	5	14	7	10	0	4
OG_4029	25	37	7	0	9	19	23	9	14	1	10	1	2	1	2
OG_4030	1	2	0	1	1	1	1	1	1	1	1	1	1	1	1
OG_4031	1	3	1	2	1	1	3	2	3	1	5	1	1	1	1
OG_4032	61	31	7	24	22	0	64	2	6	10	8	5	3	0	4
OG_4033	48	58	18	44	25	9	21	24	12	32	14	23	15	18	2
OG_4034	10	14	5	7	19	15	7	9	11	5	9	7	4	11	12
OG_4035	0	1	0	1	1	0	0	0	1	0	0	0	0	0	0
OG_4036	1	1	1	4	1	3	1	1	1	2	1	1	2	0	0
OG_4037	6	3	1	2	1	4	2	1	2	2	2	1	3	0	1
OG_4038	1	1	1	2	1	0	1	1	2	1	1	2	3	0	0
OG_4039	1	5	3	1	1	3	1	1	1	1	1	3	1	3	1
OG_4040	0	1	0	0	1	0	0	1	3	1	1	2	0	0	0
OG_4041	1	1	1	1	1	1	1	1	1	1	1	0	2	1	1
OG_4042	43	55	28	22	50	35	26	30	43	15	13	14	9	11	13
OG_4043	4	2	1	3	1	1	4	2	1	3	2	2	2	1	18
OG_4044	0	2	0	0	0	0	0	1	1	1	0	0	0	0	0
OG_4045	2	18	1	0	0	34	0	0	2	0	5	0	14	0	0
OG_4046	2	1	1	1	1	1	1	1	1	1	1	1	1	1	1
OG_4047	1	3	3	1	15	2	1	1	0	0	1	4	2	1	1
OG_4048	0	1	1	1	1	1	1	1	1	1	1	1	1	1	0
OG_4049	1	9	11	0	0	0	3	0	3	0	0	0	1	0	0
OG_4050	0	11	9	0	25	7	3	1	7	1	5	9	1	0	0
OG_4051	0	4	0	0	0	0	0	1	1	0	0	0	0	0	0
OG_4052	2	1	0	4	5	1	4	2	10	1	1	4	2	1	0
OG_4053	1	1	1	1	1	0	1	1	1	1	1	2	1	0	0
OG_4054	0	1	0	0	0	0	0	0	0	0	1	1	0	0	0
OG_4055	6	25	19	11	23	6	9	11	10	11	12	5	11	5	1
OG_4056	0	4	6	0	0	0	0	1	0	0	0	0	1	0	0
OG_4057	0	1	1	0	1	0	1	0	0	0	1	1	1	0	0
OG_4058	1	1	1	0	1	0	2	1	1	1	0	0	1	0	0
OG_4059	1	1	1	2	1	0	1	2	2	1	1	2	1	0	2
OG_4060	2	18	15	3	12	2	3	9	9	5	11	3	1	1	4
OG_4061	4	5	5	6	3	0	5	4	4	1	0	0	3	0	0
OG_4062	2	1	1	2	1	4	1	1	1	1	1	2	1	3	0
OG_4063	0	3	0	1	0	0	0	1	1	2	0	0	0	0	0
OG_4064	0	1	0	0	1	0	0	1	1	0	0	1	0	0	0
OG_4065	1	2	8	1	2	0	2	0	1	0	2	0	1	0	0
OG_4066	43	39	30	43	27	21	12	24	14	23	15	21	10	7	5
OG_4067	2	2	10	1	8	2	1	2	2	2	1	0	1	1	1
OG_4068	1	2	1	2	2	2	2	4	6	4	1	3	2	1	2
OG_4069	8	39	18	10	27	6	11	8	29	13	26	16	7	1	12
OG_4070	2	1	2	1	1	1	1	1	3	1	1	1	1	1	1
OG_4071	0	118	11	40	26	127	0	11	3	1	28	3	0	47	15
OG_4072	2	1	1	1	1	0	1	1	2	1	2	0	1	0	0
OG_4073	33	26	89	2	23	12	28	8	11	1	9	16	28	0	1
OG_4074	1	1	1	1	1	1	1	1	1	1	1	1	1	2	1
OG_4075	0	1	1	1	1	0	0	5	0	2	0	0	0	0	2
OG_4076	1	2	1	1	2	0	2	0	0	1	0	0	2	0	0
OG_4077	3	5	0	0	2	5	4	0	1	0	0	8	0	1	1
OG_4078	122	62	52	36	26	7	30	33	44	13	75	38	19	0	43
OG_4079	1	4	1	1	1	0	1	1	0	1	0	0	1	0	0
OG_4080	0	2	1	1	1	0	0	1	1	1	0	0	0	0	0
OG_4081	0	1	0	1	1	0	0	1	1	1	0	0	0	0	0
OG_4082	1	1	1	2	1	5	1	1	1	1	1	4	1	2	1
OG_4083	0	6	0	2	5	0	0	2	7	2	1	1	0	0	0
OG_4084	8	3	2	4	5	1	5	1	3	5	2	3	5	1	2
OG_4085	0	1	6	0	2	0	5	0	0	0	1	0	1	0	0
OG_4086	13	44	1	11	4	0	1	5	9	12	0	10	6	0	0
OG_4087	1	4	1	3	2	0	2	1	3	1	1	0	0	0	0
OG_4088	1	1	1	1	1	0	1	1	1	1	0	0	1	0	0
OG_4089	1	1	0	1	1	0	1	1	0	1	1	1	0	0	1
OG_4090	1	2	1	1	1	0	1	1	1	1	1	2	1	0	0
OG_4091	0	12	0	2	0	0	0	4	4	3	0	0	0	0	0
OG_4092	0	2	0	1	1	1	0	1	1	1	1	1	0	2	0
OG_4093	0	1	0	1	1	0	0	1	1	1	0	1	0	0	0
OG_4094	3	9	29	0	0	0	1	3	2	0	3	0	1	0	0
OG_4095	0	11	4	0	2	0	0	0	0	0	0	0	0	0	0
OG_4096	0	2	1	0	0	0	0	1	0	0	0	0	1	0	0
OG_4097	6	6	3	9	6	9	2	5	6	6	4	10	3	0	0
OG_4098	1	1	1	1	1	0	1	1	1	1	1	0	2	0	0
OG_4099	0	7	1	1	1	0	0	3	1	0	0	0	1	0	0
OG_4100	0	2	0	0	0	0	1	0	0	0	0	0	0	0	0
OG_4101	0	1	2	4	3	0	1	1	1	2	2	1	1	0	0
OG_4102	2	8	1	0	10	0	13	0	4	1	0	1	8	0	1
OG_4103	0	4	3	2	1	0	0	12	1	3	0	0	1	1	14
OG_4104	0	1	1	1	1	0	0	1	1	1	0	1	0	0	0
OG_4105	2	4	4	0	5	0	3	0	1	0	2	0	0	0	0
OG_4106	1	7	8	0	9	3	2	5	1	0	4	0	1	30	1
OG_4107	3	1	2	1	1	0	1	1	1	1	0	0	1	0	0
OG_4108	1	1	1	1	1	1	1	1	1	1	0	1	1	1	1
OG_4109	1	1	2	1	1	1	1	2	1	1	1	1	1	2	1
OG_4110	11	4	5	15	6	0	5	4	4	6	7	9	5	0	0
OG_4111	0	5	6	0	1	0	0	0	1	0	0	0	0	0	0
OG_4112	0	1	0	0	1	0	1	0	0	0	0	0	1	0	0
OG_4113	25	85	2	9	61	4	3	10	39	19	25	3	2	0	1
OG_4114	4	8	3	5	6	8	3	9	7	5	8	3	1	7	1
OG_4115	5	1	1	2	0	0	1	1	1	2	2	0	1	0	0
OG_4116	0	1	4	0	13	0	0	0	4	0	1	1	2	0	0
OG_4117	0	1	1	1	1	2	0	1	1	1	0	0	0	0	0
OG_4118	0	2	4	1	3	0	2	1	4	1	0	0	0	0	0
OG_4119	5	4	7	1	3	0	5	5	3	0	0	1	1	0	0
OG_4120	3	1	1	2	1	0	1	1	1	1	1	1	2	0	1
OG_4121	13	19	17	12	26	5	18	11	33	9	8	8	17	5	3
OG_4122	1	2	1	1	1	3	1	1	1	1	1	5	2	2	0
OG_4123	3	3	2	1	1	2	1	1	1	1	0	0	1	2	1
OG_4124	3	10	3	7	1	0	5	1	3	9	0	1	1	0	0
OG_4125	0	13	0	0	0	0	0	2	7	0	5	0	0	0	0
OG_4126	0	1	4	0	4	0	7	1	1	0	1	3	5	0	0
OG_4127	5	56	146	1	27	5	33	12	20	0	62	1	57	40	37
OG_4128	1	1	1	1	1	0	1	1	1	1	0	0	0	0	0
OG_4129	2	2	1	1	1	0	1	1	1	1	0	0	1	0	0
OG_4130	0	9	7	0	1	0	2	2	5	0	2	0	1	0	0
OG_4131	0	1	1	1	1	1	1	5	1	1	0	1	1	1	1
OG_4132	0	5	0	0	0	0	1	0	0	0	0	0	0	0	0
OG_4133	4	8	1	1	9	4	0	8	3	0	4	10	1	66	2
OG_4134	0	1	1	1	1	0	1	1	1	1	0	1	1	0	0
OG_4135	6	27	7	0	3	0	6	27	4	0	9	8	1	0	0
OG_4136	2	5	2	5	3	3	2	6	6	5	3	4	2	0	0
OG_4137	0	1	1	1	1	0	1	1	1	1	1	1	1	0	1
OG_4138	1	1	1	1	1	0	1	1	1	1	1	1	1	0	0
OG_4139	3	1	0	3	10	3	5	0	0	0	1	1	2	0	1
OG_4140	0	3	0	1	0	0	0	3	0	1	0	0	0	0	0
OG_4141	1	21	1	35	6	0	4	16	10	8	2	4	1	4	0
OG_4142	57	10	10	18	5	0	9	17	4	4	4	2	10	0	0
OG_4143	5	18	29	0	7	0	13	3	0	1	7	0	12	10	0
OG_4144	1	1	1	1	1	2	1	1	1	2	1	1	1	4	1
OG_4145	2	1	1	3	1	3	1	1	2	2	1	3	1	2	1
OG_4146	0	27	0	0	1	2	0	1	7	0	7	4	0	14	31
OG_4147	0	2	3	0	2	0	0	0	0	0	0	0	0	0	0
OG_4148	1	2	1	1	1	0	1	0	1	2	1	1	1	0	0
OG_4149	0	2	0	0	0	0	0	2	3	2	0	0	0	0	0
OG_4150	1	1	1	1	1	3	1	1	1	1	1	1	1	1	0
OG_4151	1	1	1	1	2	0	1	1	1	1	0	0	1	0	0
OG_4152	1	1	1	1	1	0	1	1	1	1	0	0	1	0	0
OG_4153	11	1	1	2	1	0	4	1	2	4	0	0	4	0	0
OG_4154	2	8	5	1	2	42	0	3	0	0	3	25	1	162	1
OG_4155	0	1	0	0	1	0	0	0	2	0	0	1	0	0	0
OG_4156	1	1	1	1	1	1	2	1	1	1	1	1	2	1	1
OG_4157	2	1	1	3	1	1	2	1	1	1	1	1	2	3	0
OG_4158	3	4	1	0	3	0	2	0	2	0	0	0	0	0	0
OG_4159	0	1	0	1	2	0	0	1	1	1	2	1	0	0	0
OG_4160	0	1	4	1	1	1	0	0	1	0	2	0	2	0	6
OG_4161	2	8	3	4	6	1	2	4	7	3	6	6	2	2	0
OG_4162	0	3	1	0	2	0	0	0	4	0	0	0	0	0	0
OG_4163	1	3	1	1	1	0	1	1	1	1	1	0	1	0	0
OG_4164	0	1	0	1	1	0	0	1	1	1	0	0	0	0	0
OG_4165	0	3	1	0	4	0	0	0	1	0	0	0	0	0	0
OG_4166	3	1	1	1	1	0	1	1	0	1	1	1	1	0	0
OG_4167	0	6	0	0	2	0	1	3	4	0	0	0	1	0	0
OG_4168	0	1	0	1	3	0	0	2	1	1	0	3	0	0	0
OG_4169	13	25	13	23	17	8	14	19	19	20	8	11	8	4	8
OG_4170	0	14	0	13	2	0	0	3	2	6	0	0	0	0	0
OG_4171	0	1	1	1	1	1	1	1	1	1	0	1	1	1	7
OG_4172	1	3	1	1	2	1	1	1	1	1	1	1	1	1	1
OG_4173	2	1	1	1	1	0	1	2	1	1	1	0	3	0	0
OG_4174	1	1	1	1	1	1	1	1	1	1	0	1	1	2	1
OG_4175	0	8	0	1	1	0	0	1	2	2	0	0	0	0	0
OG_4176	0	11	4	10	4	0	5	21	10	4	1	13	0	1	0
OG_4177	0	2	1	0	0	0	0	0	4	0	1	0	0	0	2
OG_4178	6	29	10	14	13	0	6	13	11	10	2	8	4	1	0
OG_4179	7	4	1	3	2	0	5	2	1	1	1	0	4	0	0
OG_4180	8	10	10	11	8	8	10	14	10	2	3	5	5	0	5
OG_4181	1	4	1	2	1	1	1	1	2	1	0	2	2	1	1
OG_4182	0	2	2	1	2	0	2	1	1	0	2	4	1	0	0
OG_4183	4	5	2	4	4	2	2	3	2	3	6	1	2	4	0
OG_4184	0	1	1	3	1	0	1	1	0	0	0	0	1	0	0
OG_4185	1	3	1	2	1	0	1	1	1	1	0	1	1	0	0
OG_4186	1	1	2	1	1	1	1	1	1	1	3	1	1	3	1
OG_4187	0	9	1	0	2	0	0	0	0	0	2	0	0	0	0
OG_4188	0	3	2	2	2	0	0	2	2	1	0	1	0	0	0
OG_4189	3	26	4	4	30	0	2	5	16	7	0	3	2	0	0
OG_4190	0	2	0	0	0	0	0	7	1	0	0	2	0	0	0
OG_4191	0	1	0	4	0	0	0	1	1	1	0	2	0	0	0
OG_4192	1	2	1	1	0	0	2	2	1	3	0	3	1	0	0
OG_4193	0	1	0	1	2	1	0	1	1	1	1	1	0	0	1
OG_4194	1	1	1	4	1	1	1	1	1	1	1	1	1	1	0
OG_4195	5	3	2	3	1	12	3	2	1	1	2	2	3	3	2
OG_4196	5	1	1	1	3	3	2	1	1	1	1	1	4	1	1
OG_4197	4	4	0	1	2	0	1	1	0	0	0	0	1	0	0
OG_4198	2	2	3	2	3	1	1	1	1	1	1	1	2	1	2
OG_4199	48	112	44	49	41	33	23	39	51	15	25	17	25	16	8
OG_4200	2	4	1	3	1	4	1	1	1	1	1	0	2	0	1
OG_4201	1	1	1	1	2	0	1	1	1	1	1	0	1	0	1
OG_4202	1	1	1	2	1	0	1	2	1	1	0	0	1	0	0
OG_4203	0	1	1	1	2	0	0	1	1	1	1	2	0	0	0
OG_4204	0	3	2	0	1	0	1	0	1	0	0	0	1	0	0
OG_4205	2	1	1	1	1	0	2	1	1	1	1	4	2	0	0
OG_4206	1	1	1	3	1	0	1	1	1	1	1	2	1	0	1
OG_4207	0	3	0	1	1	0	0	1	0	1	0	0	0	0	0
OG_4208	1	2	2	1	1	0	1	1	3	2	2	2	1	0	0
OG_4209	0	1	0	1	1	0	0	1	1	0	2	2	0	0	0
OG_4210	11	12	3	1	6	7	4	11	0	0	8	0	1	23	5
OG_4211	1	1	1	2	1	0	1	1	1	1	1	1	0	0	0
OG_4212	1	1	2	1	1	0	1	1	1	1	2	1	1	0	1
OG_4213	0	2	0	1	1	0	0	1	3	1	0	2	0	0	0
OG_4214	1	1	0	1	1	0	0	0	1	1	0	0	0	0	0
OG_4215	1	3	2	1	1	0	1	1	1	1	3	2	1	0	1
OG_4216	2	1	1	1	1	1	1	1	1	1	1	1	1	1	1
OG_4217	4	2	3	6	2	2	3	3	3	5	5	16	3	1	11
OG_4218	0	2	0	3	1	3	0	2	0	1	1	3	0	5	0
OG_4219	0	1	1	1	1	0	2	1	1	1	0	1	1	0	1
OG_4220	0	1	1	1	0	0	0	1	1	1	1	1	0	0	0
OG_4221	0	1	1	0	1	0	1	1	1	0	0	1	1	1	1
OG_4222	5	10	7	9	7	0	2	7	12	11	1	3	2	0	0
OG_4223	1	1	2	1	2	0	1	1	1	1	0	0	1	0	0
OG_4224	2	2	1	1	1	3	1	1	1	1	0	1	1	1	1
OG_4225	0	2	0	0	0	0	0	0	4	0	0	0	0	0	0
OG_4226	23	32	53	3	24	0	1	3	2	3	6	6	2	0	0
OG_4227	48	101	369	1	122	1	116	99	18	6	49	5	87	16	0
OG_4228	0	2	0	0	3	0	0	3	2	2	0	0	0	0	0
OG_4229	1	2	1	1	1	1	1	1	2	1	1	1	1	2	1
OG_4230	0	1	2	0	1	0	0	0	1	0	1	0	0	0	0
OG_4231	3	2	3	1	2	1	3	2	2	2	1	1	3	1	1
OG_4232	2	2	1	1	1	4	2	1	2	1	2	1	2	0	7
OG_4233	2	4	6	6	2	0	1	2	7	0	0	0	1	4	0
OG_4234	1	1	1	1	1	6	2	1	2	1	1	6	1	3	2
OG_4235	6	3	2	0	1	0	2	1	2	2	1	0	1	0	2
OG_4236	10	18	8	32	9	2	9	14	8	12	1	4	8	0	0
OG_4237	3	5	1	2	2	0	1	3	3	1	2	0	1	1	0
OG_4238	0	2	1	0	1	0	1	0	1	0	0	0	1	0	0
OG_4239	1	2	1	2	2	0	1	2	2	1	1	1	1	0	0
OG_4240	2	21	2	8	10	0	2	5	6	3	0	0	0	0	0
OG_4241	0	2	0	2	0	0	0	0	1	0	0	0	0	0	0
OG_4242	3	2	2	3	9	0	3	2	2	2	1	1	4	1	1
OG_4243	1	2	3	3	2	3	1	3	2	1	2	4	1	3	3
OG_4244	0	2	2	0	1	0	1	1	0	0	0	1	1	0	0
OG_4245	84	10	6	24	12	1	13	21	23	7	22	8	16	1	2
OG_4246	0	2	0	0	1	0	0	1	1	0	0	0	0	0	0
OG_4247	2	10	23	9	33	0	10	24	4	0	5	7	16	23	0
OG_4248	4	1	1	1	2	6	2	1	1	4	3	2	2	4	1
OG_4249	1	1	1	1	1	2	2	1	1	1	1	6	1	2	2
OG_4250	1	1	1	1	1	0	1	1	1	1	2	1	1	0	0
OG_4251	46	33	10	19	19	23	10	21	29	14	23	31	9	12	6
OG_4252	2	1	1	1	1	0	1	1	1	1	0	2	1	0	0
OG_4253	0	3	3	1	1	3	3	1	1	1	1	1	2	2	1
OG_4254	13	6	2	2	2	0	6	2	6	5	2	5	10	0	0
OG_4255	21	26	21	33	51	60	13	14	18	11	16	4	22	24	1
OG_4256	0	1	1	2	2	1	2	1	1	1	1	1	1	1	1
OG_4257	5	6	1	5	4	0	5	9	9	3	0	1	3	0	0
OG_4258	4	8	5	5	4	1	4	5	10	8	6	5	4	1	0
OG_4259	1	6	1	2	3	0	1	9	5	1	0	1	2	0	0
OG_4260	10	9	2	6	1	0	1	1	1	7	1	2	1	0	2
OG_4261	2	36	41	4	34	4	35	22	2	0	25	0	18	0	1
OG_4262	5	19	16	0	9	0	10	6	0	0	4	0	5	1	0
OG_4263	1	1	1	1	1	0	1	1	0	1	0	0	1	0	0
OG_4264	1	2	1	1	1	5	1	1	1	5	1	2	2	0	1
OG_4265	2	4	15	0	2	5	9	6	3	0	4	1	3	0	0
OG_4266	3	2	1	1	1	1	1	1	2	1	1	1	1	0	0
OG_4267	5	8	3	4	3	0	2	2	4	2	3	9	3	0	2
OG_4268	1	2	1	1	1	0	1	1	1	1	0	1	1	1	1
OG_4269	0	52	0	0	8	5	0	2	0	0	3	2	0	9	0
OG_4270	0	8	2	3	2	0	0	3	2	3	3	1	0	0	0
OG_4271	0	6	2	1	8	0	0	1	4	1	0	0	0	0	0
OG_4272	2	2	2	1	5	1	3	1	1	1	1	3	1	3	2
OG_4273	5	1	1	4	2	1	1	1	1	2	1	3	0	0	1
OG_4274	0	13	18	0	6	0	5	2	4	0	7	3	7	0	0
OG_4275	0	6	4	5	2	0	0	10	0	5	0	0	0	5	0
OG_4276	0	1	1	1	1	1	0	1	0	1	1	0	1	1	1
OG_4277	2	1	1	2	1	2	2	1	1	2	3	3	2	1	0
OG_4278	0	3	0	1	0	0	0	1	3	1	0	0	0	0	0
OG_4279	0	1	0	3	2	0	0	1	2	4	0	0	0	0	0
OG_4280	0	14	1	0	2	0	0	1	1	0	0	2	1	0	0
OG_4281	0	2	0	1	0	0	0	1	1	1	0	0	0	0	0
OG_4282	1	2	1	1	1	1	1	1	1	1	0	3	1	1	1
OG_4283	26	4	2	7	4	0	9	6	4	4	0	0	8	0	0
OG_4284	0	2	2	0	1	0	0	0	0	0	0	0	0	0	0
OG_4285	1	2	2	2	1	0	1	3	2	2	1	1	1	0	0
OG_4286	0	5	0	1	2	0	5	0	1	0	2	0	1	0	0
OG_4287	3	2	1	2	1	3	3	1	1	6	2	4	2	3	1
OG_4288	2	1	1	1	1	0	1	1	1	1	0	0	1	0	0
OG_4289	4	1	1	1	0	2	4	1	1	1	2	2	2	3	1
OG_4290	0	24	18	0	7	0	15	7	2	0	5	0	10	0	0
OG_4291	18	47	9	1	47	0	2	11	2	1	16	1	3	1	16
OG_4292	4	4	19	1	5	0	13	8	1	1	0	0	2	0	0
OG_4293	6	7	11	0	2	37	1	0	0	0	4	1	0	14	0
OG_4294	1	8	1	1	8	0	1	1	0	1	6	1	2	0	0
OG_4295	0	1	1	1	1	1	1	1	1	1	1	4	1	2	1
OG_4296	0	1	1	0	1	1	1	1	1	0	1	0	1	1	2
OG_4297	12	1	1	7	1	0	1	1	2	1	7	16	1	0	0
OG_4298	0	1	6	1	0	2	0	1	1	1	1	1	0	1	0
OG_4299	0	23	32	1	11	2	3	5	8	0	6	2	0	1	0
OG_4300	1	1	1	1	1	4	1	1	1	1	2	2	1	0	1
OG_4301	1	2	1	2	1	0	1	1	2	1	0	3	1	0	0
OG_4302	5	12	2	5	5	6	7	5	8	4	6	3	4	8	9
OG_4303	0	4	0	0	0	0	0	1	3	0	0	0	0	0	0
OG_4304	4	4	1	0	5	1	2	1	4	1	1	4	1	0	1
OG_4305	0	1	2	0	1	1	6	4	3	1	1	2	5	1	1
OG_4306	2	2	1	1	1	1	1	1	2	1	1	1	1	1	1
OG_4307	3	2	1	1	1	1	1	1	1	1	1	1	5	1	1
OG_4308	0	1	0	1	2	0	0	1	1	1	1	1	0	0	2
OG_4309	0	1	0	1	0	0	0	1	0	3	0	0	0	0	0
OG_4310	2	1	1	2	1	1	2	1	1	1	1	1	1	1	1
OG_4311	3	1	0	0	0	0	7	0	1	0	0	0	0	0	3
OG_4312	0	1	0	1	1	0	0	1	1	1	0	0	0	0	0
OG_4313	2	1	1	2	1	0	1	1	1	1	0	3	1	0	0
OG_4314	2	8	6	4	6	5	3	2	5	0	5	0	2	0	2
OG_4315	0	20	0	0	0	0	0	0	0	0	2	0	0	0	0
OG_4316	0	5	1	7	2	0	0	4	3	2	0	0	0	0	0
OG_4317	1	1	2	2	1	4	1	1	1	1	1	2	1	1	1
OG_4318	0	1	0	1	1	0	0	0	0	0	0	0	0	0	1
OG_4319	0	29	0	0	1	3	0	0	0	0	0	1	0	0	0
OG_4320	20	45	14	27	42	10	13	42	48	32	3	11	22	15	4
OG_4321	0	2	0	1	1	0	0	2	1	2	0	1	0	0	1
OG_4322	0	1	0	1	1	0	0	1	1	1	1	0	0	0	0
OG_4323	0	1	0	1	1	0	0	2	1	0	1	0	0	0	2
OG_4324	27	34	27	30	28	10	19	29	30	24	30	23	21	4	13
OG_4325	0	8	4	5	5	0	0	0	8	0	0	0	0	0	1
OG_4326	0	1	1	1	1	0	1	1	1	1	1	1	1	0	0
OG_4327	27	46	5	0	2	0	15	0	2	0	8	2	5	4	1
OG_4328	29	21	8	5	32	0	8	3	12	4	3	1	4	0	0
OG_4329	4	7	5	6	7	1	4	7	11	2	4	0	2	4	1
OG_4330	0	2	0	3	2	0	0	1	0	1	0	0	0	0	0
OG_4331	9	44	203	13	58	38	40	100	3	4	27	10	28	15	11
OG_4332	0	18	3	0	29	0	1	0	1	0	6	1	0	0	0
OG_4333	5	3	1	5	2	12	1	5	3	5	2	3	1	4	1
OG_4334	11	32	4	40	28	1	4	28	15	10	32	9	6	1	1
OG_4335	1	1	1	2	1	0	1	1	1	1	1	1	1	1	0
OG_4336	7	10	6	5	8	0	4	4	7	4	8	7	4	0	1
OG_4337	2	14	3	7	6	0	1	4	4	3	8	4	3	0	0
OG_4338	0	2	0	1	0	0	0	1	0	2	0	0	0	0	0
OG_4339	1	1	3	1	1	1	1	1	1	1	1	1	1	1	1
OG_4340	0	5	1	3	2	1	0	2	6	3	2	2	0	1	0
OG_4341	1	1	1	1	1	1	1	1	1	2	2	1	1	1	1
OG_4342	1	1	30	14	4	0	8	4	0	0	5	0	16	0	0
OG_4343	0	9	1	3	1	1	1	7	1	1	1	1	1	0	0
OG_4344	3	20	0	0	13	6	6	1	3	0	1	3	1	0	0
OG_4345	4	11	14	3	8	13	2	1	12	1	4	2	2	4	0
OG_4346	2	1	1	1	1	2	1	1	3	1	1	5	1	1	1
OG_4347	37	20	9	18	17	4	8	11	31	15	4	6	8	2	5
OG_4348	1	1	1	2	1	2	1	1	1	1	1	1	1	2	0
OG_4349	16	30	11	22	32	18	6	13	19	22	3	7	6	0	16
OG_4350	0	1	2	2	3	1	10	1	1	1	2	1	1	1	1
OG_4351	2	12	7	1	8	5	1	1	6	1	1	1	1	0	1
OG_4352	1	2	4	3	1	0	1	7	1	1	0	1	1	0	0
OG_4353	0	1	2	0	1	1	1	1	1	0	1	2	1	1	0
OG_4354	0	1	1	1	1	1	0	1	1	0	0	0	0	1	2
OG_4355	2	1	1	1	1	0	2	1	1	1	1	1	2	0	0
OG_4356	0	1	0	3	1	0	0	1	1	1	1	0	0	0	0
OG_4357	90	45	35	53	62	14	17	42	37	26	20	12	21	31	25
OG_4358	4	13	8	1	7	0	3	0	7	0	5	0	3	0	3
OG_4359	0	1	1	2	1	0	0	1	1	1	0	0	0	0	0
OG_4360	0	1	0	1	1	0	1	1	1	0	0	0	1	0	0
OG_4361	2	1	1	3	2	1	1	1	1	1	3	1	1	2	1
OG_4362	5	1	1	5	1	1	3	1	1	7	1	5	3	2	1
OG_4363	0	6	1	2	2	2	0	3	3	3	5	5	0	1	2
OG_4364	13	19	10	10	8	25	3	10	19	9	2	23	1	19	1
OG_4365	0	1	0	1	1	1	0	1	1	1	1	1	0	2	1
OG_4366	8	18	15	7	4	0	12	0	13	9	10	7	10	0	1
OG_4367	0	1	1	2	2	1	0	1	1	1	3	0	0	0	1
OG_4368	1	2	1	1	1	0	1	1	1	1	3	11	1	0	1
OG_4369	0	2	0	1	0	5	0	4	12	2	0	0	0	0	0
OG_4370	0	1	1	1	1	1	2	1	1	1	1	1	2	1	1
OG_4371	1	1	1	0	1	0	1	1	1	0	1	0	1	0	0
OG_4372	28	35	112	15	99	3	31	61	3	8	4	1	34	11	8
OG_4373	0	1	0	0	0	0	0	1	1	1	0	0	0	0	0
OG_4374	0	1	0	1	1	0	0	1	1	1	1	1	0	0	0
OG_4375	2	2	1	0	1	2	2	1	0	2	2	5	1	2	0
OG_4376	1	1	3	1	1	2	1	1	1	1	1	5	1	1	3
OG_4377	0	8	0	0	0	0	0	0	5	0	0	0	0	0	0
OG_4378	0	1	1	0	1	0	1	1	1	0	0	0	1	0	0
OG_4379	0	1	0	1	1	1	1	1	1	1	1	2	1	0	0
OG_4380	4	2	1	3	2	1	2	1	0	1	1	1	1	1	0
OG_4381	0	1	0	1	1	0	0	1	1	1	0	0	0	0	0
OG_4382	0	1	1	0	0	0	0	1	1	1	0	0	0	0	0
OG_4383	1	2	1	2	2	1	1	1	1	2	0	1	1	4	1
OG_4384	32	55	8	46	10	10	2	4	6	26	2	0	3	1	3
OG_4385	0	1	0	1	1	0	0	1	1	0	0	0	0	0	0
OG_4386	1	13	2	0	2	3	3	3	10	1	0	1	2	0	24
OG_4387	3	11	3	12	5	0	4	10	7	8	5	4	3	0	1
OG_4388	0	1	1	1	1	0	1	1	1	0	1	2	0	0	0
OG_4389	13	10	7	11	8	0	7	9	10	16	3	3	5	0	3
OG_4390	0	1	0	0	1	0	0	1	1	1	1	0	0	0	0
OG_4391	1	1	1	2	1	0	1	1	2	1	0	0	1	0	1
OG_4392	2	5	2	1	2	0	3	1	2	1	3	2	2	0	0
OG_4393	3	10	16	0	2	0	3	0	5	0	0	0	1	0	0
OG_4394	11	59	113	2	60	2	33	18	16	0	25	5	27	0	0
OG_4395	3	1	1	3	2	0	1	1	1	2	1	2	1	0	0
OG_4396	3	1	1	1	2	1	1	1	1	1	1	3	2	1	5
OG_4397	1	1	1	1	1	3	2	1	1	1	2	1	1	0	8
OG_4398	3	27	1	2	5	0	7	5	9	4	0	15	5	0	0
OG_4399	4	2	3	1	1	2	5	5	2	1	1	1	1	4	1
OG_4400	66	18	17	52	16	1	11	18	21	33	7	21	11	1	1
OG_4401	0	1	0	2	0	0	0	3	1	1	0	0	0	0	0
OG_4402	1	2	1	2	1	3	1	1	2	1	1	1	1	1	2
OG_4403	1	2	1	1	1	1	1	1	1	1	2	1	1	1	0
OG_4404	0	1	1	0	1	0	1	1	1	0	0	0	1	0	0
OG_4405	1	1	3	1	1	1	1	1	1	1	2	2	1	0	1
OG_4406	0	1	2	0	1	0	1	0	1	0	0	0	1	0	0
OG_4407	0	4	0	0	0	0	0	0	1	0	0	0	0	0	0
OG_4408	2	3	7	1	1	0	2	1	1	1	1	1	2	0	0
OG_4409	0	2	0	0	0	0	0	0	2	0	0	0	0	0	0
OG_4410	0	1	0	1	1	1	0	1	1	2	1	1	0	0	2
OG_4411	0	8	0	1	2	0	0	2	1	5	0	0	0	0	0
OG_4412	0	10	0	0	0	0	0	0	2	0	0	0	0	0	0
OG_4413	1	4	2	2	2	0	1	1	3	1	1	3	2	0	0
OG_4414	35	21	71	17	40	0	34	16	14	2	9	1	37	3	7
OG_4415	4	9	5	4	4	0	4	8	6	6	0	4	3	0	1
OG_4416	10	1	1	1	1	0	1	1	2	1	0	0	1	0	0
OG_4417	3	1	1	1	1	1	2	1	1	1	1	2	2	1	0
OG_4418	0	8	5	1	9	0	3	0	0	0	4	0	5	0	0
OG_4419	2	2	1	1	1	0	1	1	0	1	1	0	1	0	0
OG_4420	8	10	13	11	7	3	8	9	14	8	10	12	8	8	5
OG_4421	0	1	1	1	1	1	1	1	1	2	1	0	1	1	1
OG_4422	10	10	9	11	11	4	7	11	10	8	7	4	9	0	3
OG_4423	1	1	1	1	1	0	1	1	1	1	0	0	1	0	0
OG_4424	4	9	2	0	3	0	0	2	5	1	0	0	0	0	0
OG_4425	0	1	1	0	1	0	1	0	1	0	0	0	1	0	0
OG_4426	2	3	2	3	1	0	2	2	5	1	2	1	1	0	0
OG_4427	23	28	16	26	51	0	7	31	21	8	10	13	9	2	0
OG_4428	0	5	0	0	9	0	4	0	0	0	0	0	0	0	0
OG_4429	0	1	0	0	0	0	0	3	2	0	0	0	0	0	0
OG_4430	0	2	0	0	1	0	0	1	2	0	0	0	0	0	0
OG_4431	20	8	48	14	13	9	22	2	3	2	5	0	14	23	0
OG_4432	2	1	1	1	1	1	1	1	1	2	0	1	1	1	1
OG_4433	0	1	0	1	1	0	2	2	2	1	2	0	1	0	0
OG_4434	1	4	0	1	9	0	0	6	9	4	0	0	0	0	1
OG_4435	0	1	1	1	1	1	1	1	1	1	1	1	1	1	1
OG_4436	8	8	6	8	10	0	4	8	9	10	2	1	4	0	2
OG_4437	2	1	1	1	1	0	2	1	1	1	1	1	1	0	0
OG_4438	0	2	0	1	1	0	0	1	1	1	0	0	0	0	0
OG_4439	0	1	0	0	2	0	0	1	1	2	0	0	0	0	0
OG_4440	0	1	1	2	1	0	0	2	1	6	1	2	2	0	0
OG_4441	1	1	1	1	2	1	1	1	1	1	1	1	1	1	1
OG_4442	0	1	0	0	0	0	0	0	2	0	0	0	0	0	0
OG_4443	0	1	1	0	1	0	2	0	2	0	0	0	1	0	0
OG_4444	0	3	0	12	0	0	0	3	0	2	0	0	0	0	0
OG_4445	1	1	1	1	1	1	1	1	1	1	1	1	1	1	1
OG_4446	3	1	1	6	1	0	1	1	1	4	2	1	1	0	0
OG_4447	17	34	12	27	18	17	3	15	16	13	20	7	7	37	17
OG_4448	3	3	1	1	1	0	3	1	1	1	4	1	3	0	1
OG_4449	0	1	1	0	0	0	0	1	0	0	0	0	0	0	1
OG_4450	0	1	0	1	1	0	0	1	1	1	0	0	0	0	0
OG_4451	1	2	1	0	1	0	2	0	1	0	0	0	1	0	0
OG_4452	5	2	1	6	1	0	1	1	1	5	1	1	1	0	1
OG_4453	30	23	17	9	4	2	8	3	6	1	34	2	10	4	0
OG_4454	0	1	1	0	1	0	1	1	1	0	1	1	1	0	0
OG_4455	2	3	0	0	0	0	1	1	2	0	0	0	1	0	0
OG_4456	0	1	0	1	0	0	0	1	1	2	0	1	0	0	0
OG_4457	1	15	2	13	5	1	1	13	21	23	1	3	1	1	1
OG_4458	53	82	36	51	27	6	22	31	55	46	45	47	20	8	14
OG_4459	0	10	1	0	3	0	0	0	0	0	0	0	0	0	0
OG_4460	0	5	1	0	2	9	0	0	4	0	0	3	0	0	0
OG_4461	0	1	0	2	1	4	0	1	1	1	1	0	0	0	0
OG_4462	7	6	2	1	4	8	0	3	2	1	2	3	0	2	9
OG_4463	0	9	0	0	7	0	0	0	0	0	0	0	0	0	0
OG_4464	0	1	1	1	2	0	0	1	1	1	0	0	0	0	0
OG_4465	0	3	0	3	4	0	0	1	2	0	1	0	0	0	0
OG_4466	12	2	1	6	1	3	2	1	2	1	6	11	1	1	2
OG_4467	1	2	2	1	3	3	3	2	4	1	2	3	2	2	0
OG_4468	0	3	1	1	1	0	0	2	1	1	0	0	0	0	0
OG_4469	0	2	0	5	0	0	0	2	0	2	0	0	0	0	1
OG_4470	0	3	0	0	2	0	0	0	3	0	1	0	0	0	0
OG_4471	1	1	1	1	1	1	1	1	2	1	1	1	1	2	0
OG_4472	3	7	2	1	3	0	1	2	1	1	0	0	2	0	0
OG_4473	0	1	1	1	1	0	1	1	1	1	1	0	1	0	0
OG_4474	1	1	1	2	1	0	2	1	1	1	1	1	1	0	0
OG_4475	2	1	1	1	1	0	2	1	1	1	1	3	2	1	1
OG_4476	5	12	14	3	11	0	62	11	6	1	0	0	11	0	0
OG_4477	35	81	7	32	8	10	12	7	9	35	0	0	8	1	1
OG_4478	4	4	3	0	3	0	2	0	0	0	0	0	2	7	0
OG_4479	1	1	1	1	1	0	4	1	1	1	1	2	1	0	2
OG_4480	1	1	2	1	1	0	1	1	1	1	1	5	2	0	0
OG_4481	0	1	1	0	1	0	1	1	1	0	2	0	1	0	1
OG_4482	5	1	1	2	1	5	2	2	1	1	1	2	1	2	1
OG_4483	1	8	4	1	2	0	2	7	5	1	0	1	3	0	0
OG_4484	3	2	1	4	1	0	1	3	1	4	4	3	1	0	3
OG_4485	2	2	1	2	1	2	3	1	1	1	2	1	2	3	1
OG_4486	0	1	1	1	1	1	3	1	0	1	1	1	4	1	1
OG_4487	1	1	0	1	1	0	1	1	1	1	2	1	3	0	3
OG_4488	1	2	2	1	3	0	2	1	2	1	1	2	1	0	0
OG_4489	6	12	6	18	6	0	7	9	7	6	0	0	11	0	0
OG_4490	34	69	38	17	30	0	9	13	27	7	15	2	12	0	31
OG_4491	3	2	1	0	16	4	3	0	3	0	3	1	3	1	0
OG_4492	0	2	0	0	1	0	0	0	1	0	1	3	1	2	0
OG_4493	0	4	4	0	4	0	1	0	1	0	0	0	0	0	0
OG_4494	11	10	8	14	9	9	5	7	6	11	15	24	5	7	1
OG_4495	3	2	2	2	2	0	2	2	4	1	2	3	2	1	1
OG_4496	3	2	1	2	3	1	1	1	2	2	1	1	1	1	1
OG_4497	0	1	1	2	1	0	0	3	1	3	0	0	0	0	0
OG_4498	3	7	2	0	5	0	0	2	9	2	0	6	1	0	0
OG_4499	0	4	12	1	2	0	1	3	3	1	1	1	1	0	0
OG_4500	21	28	40	3	27	8	0	14	1	1	6	0	3	0	0
OG_4501	1	6	2	1	6	0	1	1	1	1	0	0	2	0	0
OG_4502	12	21	22	8	30	27	9	13	20	11	9	9	10	9	5
OG_4503	8	40	16	1	3	0	18	8	4	1	8	0	5	0	0
OG_4504	1	8	1	1	5	2	5	1	1	2	1	3	3	2	2
OG_4505	1	1	1	1	1	0	1	1	1	1	1	3	1	0	0
OG_4506	64	121	32	104	45	25	17	26	43	64	56	31	14	24	96
OG_4507	15	3	3	10	3	2	6	3	3	4	1	3	4	2	0
OG_4508	3	2	0	7	1	0	2	4	3	2	0	0	1	0	0
OG_4509	2	2	1	2	2	0	2	1	2	1	1	2	2	0	1
OG_4510	0	2	0	1	1	0	0	2	1	1	0	0	0	0	0
OG_4511	0	23	6	0	10	0	4	2	2	0	2	0	1	0	0
OG_4512	17	14	11	16	14	18	9	13	11	12	9	9	9	13	11
OG_4513	0	2	1	1	1	0	2	1	1	1	1	1	2	0	3
OG_4514	1	1	1	1	1	0	1	1	1	1	1	1	1	0	0
OG_4515	0	7	0	0	1	0	1	6	4	1	0	0	1	0	0
OG_4516	0	8	7	0	0	0	1	0	0	0	0	0	0	0	0
OG_4517	0	6	31	3	6	0	8	2	3	0	3	0	3	0	0
OG_4518	1	2	1	1	1	0	1	1	4	1	1	0	0	0	4
OG_4519	30	17	7	23	16	2	10	20	7	27	10	23	9	2	3
OG_4520	1	34	15	2	0	0	1	1	6	1	0	0	1	0	1
OG_4521	3	3	1	3	3	0	1	1	1	6	0	0	3	0	0
OG_4522	2	1	1	1	1	0	2	1	1	1	1	2	2	0	0
OG_4523	0	1	3	1	1	2	3	1	1	1	3	1	3	1	0
OG_4524	3	6	9	0	8	0	14	12	3	2	4	0	3	0	0
OG_4525	6	1	1	1	1	0	1	1	1	1	1	0	1	0	1
OG_4526	0	8	0	0	3	3	0	2	2	2	1	0	0	0	0
OG_4527	6	11	33	10	36	8	4	14	8	6	4	8	4	5	2
OG_4528	0	1	0	0	3	0	0	0	0	0	0	0	0	0	0
OG_4529	0	8	6	1	5	4	5	2	0	0	1	0	1	0	0
OG_4530	0	4	0	5	1	0	0	1	1	3	0	0	0	0	0
OG_4531	2	1	1	1	1	4	1	1	2	1	1	1	0	0	0
OG_4532	10	20	27	9	21	0	14	8	15	5	2	3	6	0	9
OG_4533	7	1	1	3	1	10	2	1	1	3	2	4	2	3	1
OG_4534	1	1	1	0	1	0	1	1	1	0	0	0	1	0	0
OG_4535	0	1	4	0	0	0	1	1	2	0	1	0	0	0	0
OG_4536	0	1	1	0	0	0	1	0	0	0	0	0	2	0	0
OG_4537	4	17	5	6	11	7	6	11	15	11	8	15	6	6	2
OG_4538	0	1	1	0	1	0	1	1	1	0	0	0	1	0	0
OG_4539	1	1	1	1	1	0	1	1	1	1	1	1	1	0	0
OG_4540	0	2	0	0	2	0	0	0	0	0	0	4	0	1	0
OG_4541	5	1	1	1	1	5	2	1	2	2	4	1	1	2	1
OG_4542	0	3	2	0	0	0	2	0	3	0	0	0	2	0	0
OG_4543	1	3	0	1	2	0	1	1	3	1	4	0	1	0	0
OG_4544	1	2	2	1	1	3	1	1	2	1	3	1	1	0	1
OG_4545	3	2	1	0	1	0	1	0	0	0	1	0	2	0	0
OG_4546	1	2	1	1	1	1	1	2	2	1	1	1	1	0	0
OG_4547	1	1	2	1	1	0	2	1	1	1	1	2	1	0	0
OG_4548	1	1	1	2	1	0	1	1	1	1	1	1	1	0	0
OG_4549	0	3	1	2	1	0	0	2	5	2	0	0	0	0	0
OG_4550	3	11	31	4	10	0	0	2	3	0	0	0	7	0	0
OG_4551	1	1	1	1	1	0	1	1	1	0	0	1	0	0	0
OG_4552	3	2	3	5	2	2	2	2	2	2	0	0	2	0	0
OG_4553	0	1	1	0	1	0	2	1	1	0	0	0	1	0	0
OG_4554	4	2	1	2	1	1	1	1	1	3	2	3	1	3	1
OG_4555	1	1	1	1	1	1	1	1	1	1	1	3	1	1	1
OG_4556	2	1	1	2	1	0	1	1	1	2	1	1	2	0	0
OG_4557	4	1	1	2	1	3	2	1	1	2	1	1	2	1	1
OG_4558	2	2	1	2	1	0	1	1	2	1	1	0	1	0	1
OG_4559	2	4	3	1	1	3	3	3	4	1	1	1	1	3	1
OG_4560	0	1	1	1	1	0	1	0	1	1	0	0	1	0	0
OG_4561	2	2	1	1	2	13	3	1	1	3	2	4	3	2	2
OG_4562	2	1	1	4	1	0	1	1	0	4	1	1	1	0	0
OG_4563	1	1	1	1	1	1	1	1	1	1	2	1	1	1	1
OG_4564	0	4	5	2	3	0	3	9	1	2	0	0	2	0	0
OG_4565	2	1	1	1	1	1	1	1	1	1	1	1	1	1	4
OG_4566	0	1	1	0	1	0	0	1	0	0	0	0	2	0	0
OG_4567	0	1	1	0	0	0	0	1	0	0	0	0	0	0	0
OG_4568	8	1	12	1	9	2	9	1	0	0	0	0	14	0	2
OG_4569	0	1	1	0	2	1	1	0	1	0	1	2	1	0	1
OG_4570	4	2	1	1	1	0	2	1	2	3	2	5	1	0	1
OG_4571	1	1	1	1	1	1	1	1	1	1	1	2	1	1	0
OG_4572	0	2	1	0	0	0	0	0	1	0	0	0	0	0	0
OG_4573	0	5	1	0	0	0	0	0	0	0	0	0	0	0	0
OG_4574	1	1	1	2	1	1	1	1	1	1	1	1	1	1	1
OG_4575	4	2	1	2	1	0	2	1	1	2	0	0	2	0	0
OG_4576	1	8	2	1	1	0	1	2	5	1	0	0	2	0	0
OG_4577	0	3	0	15	3	0	0	7	2	4	0	0	0	0	0
OG_4578	1	1	1	1	1	0	2	1	1	1	1	1	2	0	0
OG_4579	22	37	12	23	16	31	14	18	29	16	21	11	12	16	13
OG_4580	7	9	2	5	5	9	2	2	3	3	4	0	1	0	0
OG_4581	1	1	1	2	1	0	1	0	1	0	0	1	1	0	0
OG_4582	1	1	1	1	1	0	1	1	1	3	1	1	1	0	0
OG_4583	3	8	17	1	5	0	1	4	2	0	3	0	4	0	0
OG_4584	6	7	7	14	5	0	2	7	9	6	2	2	4	1	22
OG_4585	0	5	6	0	10	0	0	0	1	0	0	0	0	0	0
OG_4586	0	6	17	1	15	0	14	2	4	0	4	0	5	0	0
OG_4587	0	29	14	0	28	0	1	10	8	0	0	0	0	0	13
OG_4588	1	1	1	1	1	0	1	1	1	1	0	0	1	0	0
OG_4589	1	2	0	0	0	0	1	0	2	0	0	0	4	0	0
OG_4590	1	1	1	1	2	1	1	1	1	1	1	1	1	0	1
OG_4591	0	7	0	1	0	0	0	0	1	1	0	0	0	0	0
OG_4592	0	4	5	0	1	0	1	2	1	0	0	0	1	0	0
OG_4593	0	5	0	0	0	0	0	0	1	0	2	4	0	0	0
OG_4594	1	2	7	0	0	0	0	5	0	0	0	0	2	0	0
OG_4595	7	2	3	2	2	0	0	3	5	0	1	0	0	0	0
OG_4596	6	2	6	1	1	1	2	1	1	2	1	1	1	0	1
OG_4597	1	1	1	1	1	1	1	1	1	1	1	1	1	0	1
OG_4598	0	9	3	0	2	0	0	2	3	1	7	0	0	0	0
OG_4599	1	2	1	0	0	0	4	0	1	0	0	0	1	0	0
OG_4600	1	2	11	0	3	7	0	0	3	0	0	0	1	0	0
OG_4601	0	1	9	0	6	0	3	0	2	0	0	0	7	0	0
OG_4602	0	6	8	0	2	0	0	3	1	0	1	0	0	0	0
OG_4603	29	39	18	35	24	0	9	17	6	5	3	5	27	5	2
OG_4604	2	2	1	4	2	3	1	2	4	4	3	2	1	0	0
OG_4605	0	5	0	0	0	0	4	0	0	0	2	0	0	0	0
OG_4606	6	13	23	0	22	0	17	1	5	0	6	0	12	0	0
OG_4607	1	2	2	0	1	0	1	0	4	0	0	0	4	0	0
OG_4608	0	8	56	0	12	0	7	0	1	0	1	0	3	0	0
OG_4609	3	2	2	2	2	1	2	2	2	2	1	1	2	1	1
OG_4610	0	2	0	1	2	0	0	0	2	2	0	0	0	0	0
OG_4611	7	12	14	2	9	2	5	3	10	2	1	2	2	0	5
OG_4612	0	2	10	0	0	0	0	0	0	0	0	0	0	0	0
OG_4613	5	16	31	0	10	0	1	0	32	0	6	5	3	0	0
OG_4614	0	10	13	0	8	0	0	0	3	0	0	0	0	0	0
OG_4615	0	4	0	4	0	0	0	2	0	2	0	0	0	0	0
OG_4616	1	3	6	1	2	0	3	11	1	0	3	0	3	0	0
OG_4617	1	2	2	1	1	2	1	1	1	1	1	0	1	2	1
OG_4618	0	3	5	0	3	3	2	1	5	0	2	0	2	4	0
OG_4619	17	1	31	1	15	0	24	6	0	0	3	0	18	0	16
OG_4620	1	2	3	0	0	0	0	0	1	0	3	0	0	0	0
OG_4621	51	38	31	34	8	6	27	8	16	16	7	3	10	1	1
OG_4622	0	10	0	1	0	0	0	1	0	1	0	0	0	0	0
OG_4623	2	2	2	1	3	1	1	1	1	3	2	12	2	2	3
OG_4624	0	8	0	0	0	0	0	1	4	0	0	0	0	0	0
OG_4625	0	3	4	0	1	0	1	0	1	0	0	0	1	0	0
OG_4626	30	12	39	1	15	0	18	0	5	0	10	0	4	4	0
OG_4627	2	10	1	4	7	1	1	4	4	1	3	1	2	0	0
OG_4628	3	10	8	6	1	0	6	3	1	1	2	0	3	0	0
OG_4629	1	2	1	1	1	2	3	2	2	1	1	4	3	1	2
OG_4630	1	5	6	0	0	0	8	0	1	0	1	0	13	0	0
OG_4631	0	7	0	0	3	0	0	6	1	0	1	0	0	0	0
OG_4632	0	1	3	0	0	0	1	1	1	0	0	0	0	0	0
OG_4633	2	4	2	2	2	8	2	3	3	2	5	3	2	4	2
OG_4634	4	10	3	0	10	0	9	3	0	1	3	1	2	0	0
OG_4635	25	24	10	18	28	12	21	20	20	15	15	9	9	1	8
OG_4636	16	16	9	18	9	0	7	11	10	12	8	11	7	6	2
OG_4637	0	1	3	2	0	0	0	0	0	0	0	0	0	0	0
OG_4638	4	10	20	1	5	2	4	2	3	0	3	12	4	3	6
OG_4639	0	1	0	1	1	0	0	1	1	2	0	1	0	0	0
OG_4640	0	1	6	1	24	1	7	14	22	0	1	1	5	0	36
OG_4641	0	11	12	1	4	3	2	7	2	1	0	0	5	5	20
OG_4642	12	14	46	0	2	43	15	1	4	0	6	1	5	147	3
OG_4643	3	5	8	0	2	0	1	0	0	0	0	0	1	2	0
OG_4644	4	28	5	15	17	0	5	3	7	10	0	0	4	0	1
OG_4645	0	1	0	1	0	0	0	0	1	1	0	1	0	0	0
OG_4646	6	14	9	1	13	26	13	2	0	0	2	0	0	0	13
OG_4647	3	3	17	0	3	0	5	0	19	0	3	1	0	0	0
OG_4648	1	1	1	1	1	0	1	1	1	1	2	3	1	1	1
OG_4649	0	3	1	0	5	0	2	0	0	0	0	0	1	0	0
OG_4650	0	1	2	0	0	0	0	0	2	0	0	0	0	0	0
OG_4651	54	32	23	3	7	3	0	9	5	1	20	0	2	0	8
OG_4652	1	1	1	0	1	0	0	1	1	0	0	0	0	0	0
OG_4653	6	4	3	3	2	4	3	2	3	2	6	4	2	1	0
OG_4654	7	9	23	1	8	1	0	1	5	0	2	2	2	0	0
OG_4655	52	35	84	18	45	119	62	13	30	8	16	11	54	8	9
OG_4656	3	2	27	0	1	0	0	5	0	0	0	0	1	0	0
OG_4657	0	1	1	0	0	0	1	0	0	0	0	0	0	0	0
OG_4658	0	1	0	1	1	0	0	1	1	1	0	0	0	0	0
OG_4659	0	8	2	2	5	0	0	4	2	4	0	0	0	1	0
OG_4660	0	2	5	2	3	0	3	2	4	2	0	0	4	0	0
OG_4661	5	3	2	3	2	0	2	1	3	2	2	1	4	0	0
OG_4662	0	1	0	1	1	0	0	1	0	1	1	2	0	0	0
OG_4663	1	8	22	0	11	0	3	0	0	0	0	1	0	0	2
OG_4664	7	11	2	5	6	4	1	4	4	6	5	2	2	0	1
OG_4665	0	1	0	1	1	1	0	1	1	1	2	1	0	1	1
OG_4666	1	4	4	0	2	0	3	0	4	0	0	0	3	0	0
OG_4667	0	3	0	0	1	0	0	0	0	0	0	0	0	0	0
OG_4668	10	22	52	3	8	82	7	11	4	2	3	0	0	3	31
OG_4669	1	2	1	1	1	0	2	0	1	2	0	0	1	0	0
OG_4670	0	3	1	1	5	0	0	1	4	2	0	0	1	0	0
OG_4671	0	14	4	1	3	6	1	1	1	3	6	1	3	0	19
OG_4672	0	3	12	0	2	5	5	1	1	0	4	0	0	0	0
OG_4673	0	1	2	0	8	0	2	0	1	0	0	0	0	0	0
OG_4674	0	10	5	2	3	0	1	2	9	1	0	0	1	0	0
OG_4675	0	2	1	1	1	1	0	1	1	1	1	1	0	2	0
OG_4676	4	1	2	3	1	5	1	1	1	2	2	3	1	0	0
OG_4677	2	17	105	7	31	3	15	30	16	3	7	1	15	1	4
OG_4678	0	1	1	1	1	1	1	1	1	2	2	5	1	1	1
OG_4679	7	3	3	2	2	1	4	2	2	2	2	1	2	0	0
OG_4680	0	6	0	0	0	0	0	0	2	0	0	0	0	0	0
OG_4681	0	1	1	1	2	0	1	1	1	1	1	2	1	0	0
OG_4682	0	8	22	0	16	14	0	0	5	0	6	1	0	0	0
OG_4683	0	1	0	0	2	0	1	0	0	0	0	0	0	0	0
OG_4684	0	1	0	0	4	0	0	1	0	1	0	2	0	0	0
OG_4685	0	9	13	0	27	3	1	0	5	0	0	0	1	0	0
OG_4686	1	1	2	1	1	1	1	1	1	1	1	3	1	7	1
OG_4687	0	2	0	2	1	0	0	1	1	1	4	0	0	0	0
OG_4688	3	3	1	2	1	0	1	1	2	1	0	0	1	0	0
OG_4689	0	2	19	2	9	0	0	0	3	0	6	0	0	0	0
OG_4690	2	2	4	8	2	0	3	0	2	0	1	2	0	0	0
OG_4691	0	1	1	0	2	0	0	0	0	0	1	0	0	0	0
OG_4692	0	1	0	1	0	0	0	0	1	0	0	0	0	0	0
OG_4693	5	2	2	0	2	3	2	1	2	1	1	2	3	1	2
OG_4694	3	5	0	2	2	0	1	2	4	0	0	0	1	0	0
OG_4695	1	1	1	2	1	1	1	1	1	2	1	1	2	1	1
OG_4696	0	5	9	0	9	10	8	1	0	0	1	0	7	0	4
OG_4697	1	6	1	1	7	5	2	4	5	2	2	13	1	0	0
OG_4698	0	12	27	0	7	0	15	0	11	0	0	0	2	0	0
OG_4699	3	3	1	7	12	0	3	5	5	2	1	1	3	0	0
OG_4700	5	5	1	5	1	0	1	2	5	2	0	0	1	0	0
OG_4701	1	1	1	1	1	3	1	1	1	1	1	1	1	3	1
OG_4702	2	1	1	1	1	0	1	1	1	1	3	5	1	0	0
OG_4703	13	19	7	0	6	3	1	6	4	3	3	0	5	110	0
OG_4704	2	8	46	6	16	22	2	1	1	0	3	3	2	0	0
OG_4705	3	3	9	0	3	0	2	0	0	0	3	0	3	0	0
OG_4706	0	1	10	0	2	0	1	5	3	0	0	0	1	0	1
OG_4707	22	14	6	7	7	9	5	6	9	5	0	1	7	1	6
OG_4708	0	3	0	1	0	0	0	0	1	0	0	0	0	0	0
OG_4709	6	6	7	11	7	0	7	4	9	5	5	0	7	0	0
OG_4710	0	1	3	0	0	0	0	13	1	0	1	0	1	0	0
OG_4711	3	14	5	4	9	0	3	4	9	6	7	4	4	0	5
OG_4712	21	8	7	30	8	0	12	9	14	12	1	3	9	3	14
OG_4713	7	29	6	28	48	0	5	23	25	9	0	0	2	11	0
OG_4714	44	29	142	14	40	5	59	2	14	0	24	5	42	0	0
OG_4715	0	5	6	0	0	0	1	0	0	0	0	0	0	0	0
OG_4716	16	2	2	1	1	1	2	1	1	1	1	1	5	1	3
OG_4717	1	1	1	1	1	0	0	1	1	1	0	0	0	0	0
OG_4718	4	1	1	1	1	0	2	5	1	1	1	1	2	0	0
OG_4719	1	1	1	1	1	1	1	4	1	1	2	1	1	1	1
OG_4720	2	12	27	0	11	4	7	26	22	1	9	4	14	0	0
OG_4721	40	130	381	16	89	6	96	123	2	4	90	5	50	42	0
OG_4722	0	4	6	0	1	0	3	0	0	0	3	0	0	0	0
OG_4723	1	2	1	1	2	0	1	1	2	1	0	0	1	0	0
OG_4724	0	4	0	0	1	0	0	0	0	0	0	0	0	0	0
OG_4725	2	7	29	0	8	0	2	1	1	1	2	0	6	0	0
OG_4726	1	1	1	1	1	1	1	1	1	1	4	3	1	0	2
OG_4727	0	3	1	0	1	0	11	0	3	0	1	0	5	0	0
OG_4728	0	1	1	1	1	0	1	1	1	1	0	0	2	0	0
OG_4729	18	8	9	9	0	0	0	15	1	1	11	1	8	0	0
OG_4730	7	2	15	9	45	0	6	10	2	2	2	0	6	0	1
OG_4731	1	1	1	2	1	0	1	1	1	1	1	1	1	0	0
OG_4732	32	43	42	1	12	2	5	22	7	5	20	6	9	2	0
OG_4733	3	7	3	0	5	0	4	0	3	0	0	0	13	0	0
OG_4734	0	1	0	0	4	0	0	0	0	0	0	0	0	0	0
OG_4735	1	8	4	4	5	0	1	4	4	2	2	5	1	0	1
OG_4736	2	2	13	0	0	0	0	11	1	3	3	0	8	2	2
OG_4737	9	35	19	19	15	1	6	9	11	6	5	4	2	0	0
OG_4738	0	8	3	0	1	0	4	0	0	0	1	0	3	0	0
OG_4739	0	1	1	0	1	0	1	1	1	0	0	1	1	0	1
OG_4740	0	17	2	0	22	0	0	3	8	0	0	0	1	0	0
OG_4741	0	1	1	1	1	0	0	1	1	0	2	0	0	0	0
OG_4742	0	14	2	0	4	0	0	0	1	0	0	3	0	1	2
OG_4743	0	1	0	0	1	0	0	1	1	0	0	0	0	0	0
OG_4744	0	1	0	1	0	0	0	1	3	1	0	1	0	0	0
OG_4745	1	1	3	3	1	0	1	2	1	2	0	0	1	0	0
OG_4746	2	6	8	1	13	0	4	3	5	1	4	0	6	0	0
OG_4747	0	2	1	0	1	0	6	0	7	0	0	0	12	0	0
OG_4748	0	1	1	0	0	0	3	0	0	0	0	0	1	0	0
OG_4749	1	1	4	0	2	0	7	0	0	0	0	0	3	0	0
OG_4750	3	33	63	0	33	0	4	3	9	0	2	0	8	7	0
OG_4751	0	2	10	0	0	0	0	0	0	0	0	0	0	0	0
OG_4752	0	3	0	0	2	0	0	2	0	0	0	0	0	0	0
OG_4753	0	5	1	0	0	0	1	0	0	0	0	0	0	0	0
OG_4754	2	12	4	8	12	4	5	15	11	6	9	2	2	2	0
OG_4755	0	3	1	0	0	0	2	0	0	0	0	0	1	0	0
OG_4756	1	1	1	1	1	0	1	1	1	1	1	1	1	0	1
OG_4757	0	6	8	0	2	0	5	1	1	1	1	0	2	0	0
OG_4758	1	1	1	1	1	0	1	1	1	2	1	1	0	0	0
OG_4759	0	3	4	2	7	0	1	0	4	0	0	0	1	0	0
OG_4760	4	6	71	1	26	1	8	4	1	0	1	7	4	24	8
OG_4761	1	1	2	1	1	2	1	1	1	1	1	1	1	1	1
OG_4762	1	2	1	3	1	1	1	1	1	2	0	2	2	0	0
OG_4763	3	25	84	2	36	1	14	3	1	0	11	5	4	8	4
OG_4764	0	2	0	0	1	0	0	0	1	0	0	0	0	0	0
OG_4765	2	5	4	9	5	0	2	4	3	5	3	5	0	0	0
OG_4766	0	3	2	0	1	0	0	0	1	0	11	0	0	0	0
OG_4767	0	10	10	0	9	0	2	0	3	0	0	0	5	0	0
OG_4768	0	4	19	0	1	0	0	0	0	0	1	0	0	0	0
OG_4769	2	3	24	1	23	5	4	1	1	1	0	0	2	3	0
OG_4770	0	1	7	0	0	0	0	1	3	0	0	0	0	0	1
OG_4771	18	15	80	18	11	49	19	2	1	5	17	3	0	85	20
OG_4772	0	0	10	0	0	0	2	0	0	0	0	0	5	0	0
OG_4773	0	0	4	0	0	0	0	0	1	0	0	0	0	0	0
OG_4774	1	1	1	1	1	0	1	1	2	2	0	0	1	0	3
OG_4775	0	8	17	0	9	0	6	1	5	0	4	0	2	0	6
OG_4776	7	15	129	3	37	19	26	3	17	0	10	0	20	0	0
OG_4777	0	0	4	0	1	0	4	0	2	0	0	0	5	0	0
OG_4778	9	7	70	5	21	0	0	16	1	0	2	6	0	6	0
OG_4779	8	11	97	8	28	3	43	16	13	2	14	5	51	0	7
OG_4780	2	8	26	0	1	8	11	0	2	0	2	0	9	21	0
OG_4781	3	1	1	5	1	1	2	1	1	1	1	4	3	1	1
OG_4782	1	1	1	2	1	0	1	1	1	1	0	0	1	0	0
OG_4783	1	1	2	0	2	0	3	0	0	0	0	0	0	0	0
OG_4784	2	2	12	0	4	0	0	0	0	0	8	0	1	0	0
OG_4785	1	3	29	2	1	0	3	4	5	0	0	0	1	0	0
OG_4786	3	16	61	5	27	39	25	29	7	1	18	1	14	44	30
OG_4787	14	23	181	22	68	2	28	50	0	2	45	21	33	64	6
OG_4788	2	10	40	1	10	20	19	5	5	0	12	2	8	0	3
OG_4789	2	1	1	1	1	0	1	1	2	3	2	1	2	0	1
OG_4790	8	0	5	0	0	0	3	3	0	0	0	0	0	0	0
OG_4791	45	12	10	10	18	18	17	9	11	11	10	23	11	15	9
OG_4792	8	23	74	6	16	0	2	15	1	0	1	2	4	0	0
OG_4793	0	7	36	0	0	0	3	0	1	0	2	11	0	0	0
OG_4794	12	1	8	5	1	0	5	1	1	1	1	1	6	0	0
OG_4795	1	1	2	1	1	0	2	1	1	1	1	1	1	0	0
OG_4796	17	32	27	16	16	45	10	14	25	12	18	19	7	42	19
OG_4797	1	0	1	1	1	0	1	1	1	1	0	1	1	0	0
OG_4798	16	45	187	15	73	1	30	75	3	2	38	13	19	6	4
OG_4799	1	7	29	2	5	1	0	16	17	0	7	0	3	0	0
OG_4800	3	6	48	4	31	3	16	33	6	5	14	2	1	1	0
OG_4801	1	1	1	1	1	0	1	1	1	1	1	1	1	0	0
OG_4802	0	2	17	0	7	0	5	1	0	0	0	0	0	0	0
OG_4803	5	0	30	10	3	1	9	0	3	0	2	0	20	36	2
OG_4804	5	4	7	2	4	4	7	2	2	2	4	4	7	4	2
OG_4805	5	1	1	1	1	1	3	1	1	1	1	1	1	3	2
OG_4806	0	1	1	0	1	0	1	1	1	1	0	0	1	0	0
OG_4807	5	48	34	1	3	22	1	6	2	0	14	22	2	25	1
OG_4808	0	0	5	0	0	0	1	0	0	0	0	0	1	0	0
OG_4809	1	1	25	2	10	110	6	11	2	1	0	0	2	25	0
OG_4810	1	0	7	0	2	0	2	2	1	0	0	0	0	0	0
OG_4811	5	1	3	1	1	1	1	1	2	2	1	1	1	1	8
OG_4812	19	10	26	2	14	18	12	1	2	2	10	0	15	0	10
OG_4813	0	10	24	0	7	0	2	0	1	0	0	1	0	0	0
OG_4814	2	8	11	0	4	0	20	0	1	0	1	0	14	0	0
OG_4815	1	1	2	1	1	1	1	1	1	1	3	1	1	1	1
OG_4816	1	0	3	1	2	0	0	2	1	0	3	0	2	0	0
OG_4817	16	8	31	1	11	0	10	4	2	1	1	0	4	0	0
OG_4818	0	8	37	0	2	0	11	1	0	0	0	0	2	1	0
OG_4819	1	0	1	6	1	1	1	1	3	1	2	2	2	1	0
OG_4820	1	1	13	2	1	1	1	1	2	1	1	1	1	5	1
OG_4821	0	1	6	0	1	0	0	1	1	0	0	0	0	0	0
OG_4822	1	2	19	1	3	0	6	0	0	0	4	0	4	0	0
OG_4823	0	0	9	0	0	0	2	0	1	0	0	0	2	0	0
OG_4824	1	1	11	0	0	0	5	1	0	0	0	0	0	0	0
OG_4825	4	8	50	11	13	13	13	11	12	0	4	1	14	8	30
OG_4826	12	16	19	9	25	3	9	9	11	8	5	5	8	3	17
OG_4827	3	0	27	0	5	1	0	0	0	0	1	0	3	0	0
OG_4828	0	1	6	0	6	0	0	0	1	0	1	0	0	0	0
OG_4829	0	0	3	0	0	0	0	1	0	0	0	0	1	0	0
OG_4830	35	22	84	35	29	0	30	32	8	4	13	2	42	6	13
OG_4831	1	0	1	0	1	0	1	0	0	0	0	0	1	0	0
OG_4832	17	4	44	1	1	0	1	1	4	0	8	4	6	0	0
OG_4833	0	0	2	0	0	0	1	0	0	0	0	0	0	0	0
OG_4834	3	2	13	0	0	0	3	25	0	0	0	0	0	2	4
OG_4835	5	2	6	0	0	20	1	1	0	0	6	0	0	22	2
OG_4836	15	7	38	3	9	0	5	5	2	0	3	1	3	0	0
OG_4837	0	6	45	5	12	9	4	25	1	0	9	0	2	21	1
OG_4838	0	0	5	0	0	0	2	0	0	0	0	0	0	0	0
OG_4839	0	5	27	1	19	0	7	4	3	0	3	0	0	0	0
OG_4840	0	5	34	4	16	7	1	9	5	0	0	6	0	163	30
OG_4841	2	15	19	0	9	7	11	3	1	0	10	1	1	18	1
OG_4842	0	0	40	0	7	0	3	0	0	0	0	4	0	0	0
OG_4843	11	4	20	9	7	1	1	0	1	1	4	2	7	0	0
OG_4844	0	1	9	0	1	0	0	0	0	0	0	0	0	0	0
OG_4845	5	5	12	3	7	2	4	4	5	5	10	3	5	3	2
OG_4846	0	4	1	0	4	0	0	0	0	0	1	0	0	0	0
OG_4847	1	1	1	1	1	0	1	1	1	1	0	0	1	0	0
OG_4848	6	1	1	1	1	1	1	1	3	2	1	4	1	2	2
OG_4849	0	0	5	0	1	0	1	0	0	0	0	0	0	0	0
OG_4850	1	0	9	0	6	4	2	0	0	0	1	0	0	23	0
OG_4851	1	1	1	1	1	0	2	1	1	1	1	1	2	0	0
OG_4852	0	0	7	0	4	0	5	0	0	0	0	0	0	0	1
OG_4853	1	1	3	0	1	0	1	1	1	1	0	0	2	0	0
OG_4854	1	3	2	10	3	0	1	6	2	4	4	0	1	0	1
OG_4855	0	2	8	9	1	0	1	9	3	4	0	0	0	0	0
OG_4856	1	1	2	3	1	2	4	1	2	2	2	3	3	11	4
OG_4857	1	1	6	1	3	0	3	3	0	1	0	0	2	0	0
OG_4858	36	41	15	36	22	2	16	23	26	36	3	16	24	2	4
OG_4859	0	0	8	0	1	0	0	0	0	0	0	0	0	0	0
OG_4860	0	0	3	0	1	0	2	0	0	0	0	0	0	0	0
OG_4861	2	2	3	0	0	0	0	0	0	0	0	0	0	0	0
OG_4862	10	9	28	0	17	9	14	16	2	1	4	3	10	0	32
OG_4863	0	3	12	1	19	33	7	3	3	0	1	0	6	1	3
OG_4864	4	10	38	1	14	0	18	12	14	0	11	0	16	11	0
OG_4865	0	26	87	1	17	0	20	6	21	0	14	1	11	0	0
OG_4866	23	39	63	24	39	23	15	24	25	14	23	16	14	14	9
OG_4867	0	0	2	2	2	1	2	2	2	2	1	2	2	1	1
OG_4868	1	1	2	1	1	0	1	1	1	1	1	2	1	0	0
OG_4869	14	1	22	0	8	0	11	5	2	0	0	0	12	0	0
OG_4870	14	22	64	3	16	0	18	1	12	0	1	0	13	9	0
OG_4871	0	0	6	0	1	0	1	0	0	0	0	0	0	0	0
OG_4872	0	7	21	0	2	0	2	11	0	0	1	0	4	0	0
OG_4873	2	5	67	3	2	5	4	2	0	0	3	2	20	2	4
OG_4874	0	5	21	0	1	3	1	0	4	0	2	0	1	1	0
OG_4875	28	39	142	28	59	19	60	53	9	9	42	0	55	21	3
OG_4876	0	0	6	0	0	0	0	0	1	0	0	0	0	0	0
OG_4877	2	4	10	0	0	0	5	0	0	0	0	0	2	0	0
OG_4878	8	26	127	12	32	7	39	35	8	2	33	15	25	445	2
OG_4879	48	11	26	27	29	7	7	13	20	13	7	14	14	11	14
OG_4880	1	1	12	0	0	0	4	0	1	0	12	5	1	0	0
OG_4881	0	0	3	0	1	0	0	0	0	0	0	0	0	0	0
OG_4882	1	2	3	3	1	0	5	13	2	2	0	1	5	0	0
OG_4883	0	4	12	0	3	0	5	0	0	0	2	0	1	0	0
OG_4884	1	0	1	1	1	0	1	1	1	2	1	1	1	0	0
OG_4885	7	12	73	3	29	10	17	16	2	0	6	3	11	0	0
OG_4886	0	0	8	0	15	0	1	3	0	0	0	0	0	0	0
OG_4887	0	1	25	1	10	2	7	10	0	0	0	3	1	0	0
OG_4888	2	1	2	2	1	0	0	2	2	2	0	1	0	0	0
OG_4889	0	1	1	1	1	1	1	1	1	1	1	1	0	1	0
OG_4890	0	0	1	0	0	0	2	0	0	0	0	0	1	0	0
OG_4891	22	37	49	8	38	0	24	19	2	1	7	2	15	65	6
OG_4892	0	0	7	0	3	0	1	3	0	0	4	0	0	0	0
OG_4893	3	1	2	1	1	0	1	1	1	1	0	1	2	0	0
OG_4894	15	10	28	11	20	31	18	8	8	1	13	3	15	0	14
OG_4895	3	13	24	4	6	0	3	6	6	5	3	2	1	0	2
OG_4896	0	2	3	1	2	0	1	3	2	1	0	0	1	0	0
OG_4897	8	22	183	3	48	0	27	19	0	2	12	5	14	53	2
OG_4898	0	1	7	0	3	0	1	0	0	0	0	0	1	0	0
OG_4899	1	1	1	1	1	3	1	1	1	1	1	2	1	1	1
OG_4900	0	0	3	0	0	0	0	0	1	0	0	0	0	0	0
OG_4901	0	0	2	0	5	0	1	0	1	0	0	0	3	0	0
OG_4902	1	1	3	1	1	1	1	1	2	1	2	1	1	1	9
OG_4903	25	24	28	3	52	10	1	6	6	2	8	1	9	0	0
OG_4904	1	1	1	1	1	0	1	1	1	1	1	0	1	0	0
OG_4905	0	0	10	0	0	0	0	0	1	0	0	0	0	0	0
OG_4906	20	16	68	3	42	2	18	16	10	0	11	3	20	0	3
OG_4907	0	0	2	0	1	0	1	0	0	0	0	0	0	0	0
OG_4908	0	6	2	0	5	0	0	10	4	2	3	3	0	0	0
OG_4909	48	23	61	32	10	5	25	3	10	14	17	9	15	1	1
OG_4910	0	0	6	0	0	0	1	0	0	0	0	0	0	0	0
OG_4911	9	1	22	3	6	41	7	1	0	0	8	0	0	5	7
OG_4912	1	1	2	1	1	1	1	1	1	1	1	2	1	0	1
OG_4913	1	3	13	0	5	0	11	7	2	0	3	0	9	0	4
OG_4914	1	0	4	0	0	0	1	0	1	0	0	0	0	0	0
OG_4915	1	2	17	0	0	0	0	0	3	0	3	1	0	0	0
OG_4916	1	3	12	6	14	1	0	7	6	1	5	2	3	0	0
OG_4917	1	0	34	0	9	0	18	2	3	0	2	0	16	0	5
OG_4918	9	16	28	8	22	0	14	10	6	1	21	0	12	0	1
OG_4919	2	15	13	1	16	5	4	9	12	2	9	11	3	0	2
OG_4920	0	0	7	0	2	0	0	0	0	0	0	0	0	0	0
OG_4921	0	0	7	0	0	0	0	1	0	0	0	0	0	0	0
OG_4922	6	1	4	0	4	0	3	1	4	0	0	0	0	0	0
OG_4923	1	1	3	1	1	1	1	1	1	1	2	1	1	2	1
OG_4924	1	0	16	0	3	0	0	0	0	0	0	0	0	14	0
OG_4925	1	1	1	1	1	2	1	1	1	1	1	1	1	0	0
OG_4926	0	2	24	0	2	0	2	5	0	0	0	0	0	0	0
OG_4927	0	0	12	0	0	0	0	0	0	0	0	0	0	0	1
OG_4928	5	2	2	4	1	0	2	1	1	2	3	2	2	2	0
OG_4929	0	27	57	0	21	0	11	2	6	1	0	1	5	7	0
OG_4930	4	1	1	2	1	0	2	1	1	1	2	1	2	0	0
OG_4931	0	2	20	0	1	0	3	0	12	0	0	0	2	0	0
OG_4932	0	5	14	0	4	0	0	0	0	0	1	0	0	0	0
OG_4933	0	2	6	0	1	0	1	0	0	0	0	0	0	0	0
OG_4934	0	2	9	0	1	0	8	0	0	0	0	0	3	0	0
OG_4935	6	3	3	5	4	0	4	5	4	5	2	7	4	1	1
OG_4936	1	3	12	2	3	0	3	4	3	2	0	0	1	0	0
OG_4937	0	3	10	2	4	0	0	0	0	0	0	0	2	0	0
OG_4938	8	11	24	2	2	0	26	6	1	1	0	4	6	17	1
OG_4939	8	0	47	0	0	0	9	1	0	1	10	0	20	0	0
OG_4940	4	4	60	4	29	2	18	29	3	0	1	1	7	13	0
OG_4941	0	8	13	0	0	0	1	2	1	0	3	0	1	0	0
OG_4942	1	0	13	3	0	0	11	0	2	0	1	1	3	0	0
OG_4943	0	7	20	0	0	0	0	1	2	1	0	0	0	0	0
OG_4944	4	1	19	2	1	3	2	1	1	3	8	5	2	1	1
OG_4945	0	0	21	0	0	20	0	0	0	0	0	0	0	0	1
OG_4946	27	10	5	40	11	0	15	1	6	2	11	0	7	0	5
OG_4947	3	0	8	1	0	0	3	1	7	1	1	0	5	0	0
OG_4948	31	27	15	42	25	1	7	19	17	23	3	2	4	21	6
OG_4949	33	12	35	27	6	13	57	1	8	1	5	1	27	61	0
OG_4950	0	0	4	0	2	0	0	0	0	0	0	0	1	0	0
OG_4951	8	11	65	1	20	0	36	19	1	1	4	1	11	0	0
OG_4952	1	0	5	0	0	0	4	0	1	0	0	0	0	0	0
OG_4953	4	2	24	7	15	2	15	4	2	4	9	1	14	1	0
OG_4954	2	1	2	1	1	1	2	1	0	1	1	1	2	1	0
OG_4955	0	2	4	0	0	0	0	0	1	0	0	0	0	0	0
OG_4956	0	0	15	0	2	0	1	7	0	0	0	0	1	0	0
OG_4957	0	0	14	0	0	1	6	0	0	0	3	0	4	0	0
OG_4958	12	3	23	5	9	8	3	6	3	2	1	0	3	0	0
OG_4959	0	1	14	0	0	0	10	0	7	0	5	0	9	0	0
OG_4960	6	5	39	7	8	1	11	29	0	1	10	3	14	28	24
OG_4961	0	3	6	0	4	0	0	4	0	0	0	0	0	0	0
OG_4962	0	0	3	0	0	0	0	0	0	0	0	0	1	0	0
OG_4963	2	16	10	1	3	0	11	0	0	0	0	0	7	1	0
OG_4964	4	0	2	0	0	0	0	0	0	0	0	0	5	0	0
OG_4965	1	1	1	1	1	0	1	1	1	2	0	0	0	0	0
OG_4966	1	1	1	1	0	0	0	1	1	1	0	0	1	0	0
OG_4967	12	3	7	7	12	9	8	6	4	5	4	16	6	6	4
OG_4968	1	2	4	1	1	1	1	1	1	1	1	1	1	1	1
OG_4969	1	1	2	2	1	0	3	1	1	1	1	4	1	0	2
OG_4970	3	2	3	1	4	0	1	2	1	1	1	1	2	0	0
OG_4971	60	11	141	12	29	25	69	25	7	5	18	1	33	68	22
OG_4972	0	1	30	0	5	1	3	1	2	0	1	0	13	0	1
OG_4973	0	0	2	0	0	0	0	0	1	0	0	0	0	0	0
OG_4974	1	0	1	1	1	1	1	1	1	1	1	1	1	0	2
OG_4975	11	0	11	0	0	0	3	2	0	1	0	0	12	0	0
OG_4976	1	1	3	1	1	0	2	2	2	1	1	2	1	0	0
OG_4977	0	0	2	0	1	0	0	3	0	0	0	0	0	0	0
OG_4978	3	10	6	0	3	0	11	0	1	0	0	0	5	0	0
OG_4979	0	1	3	0	2	0	2	0	0	0	1	0	0	0	0
OG_4980	0	0	2	0	1	0	0	3	0	0	0	0	0	0	0
OG_4981	1	1	6	1	2	0	1	0	1	0	2	0	6	0	0
OG_4982	0	0	3	0	0	0	8	2	1	0	1	1	1	0	0
OG_4983	0	1	4	0	2	0	0	0	0	1	0	0	1	0	0
OG_4984	1	0	1	0	0	0	2	0	0	0	0	0	4	0	0
OG_4985	0	7	3	0	1	0	6	1	3	0	0	0	0	0	0
OG_4986	0	0	4	0	0	0	0	0	0	0	1	0	0	0	0
OG_4987	5	35	88	0	62	4	34	11	10	0	20	1	22	16	15
OG_4988	11	14	25	5	16	9	7	9	6	1	8	1	11	44	11
OG_4989	3	0	9	0	0	1	1	0	0	0	0	0	3	0	1
OG_4990	0	1	3	3	1	6	0	2	1	1	0	0	0	0	0
OG_4991	9	0	29	0	0	0	9	0	0	0	2	0	18	0	0
OG_4992	5	1	47	3	4	0	6	22	16	1	0	0	2	0	0
OG_4993	2	3	2	2	3	0	2	2	2	3	4	4	3	0	0
OG_4994	0	6	30	0	7	0	12	13	0	0	3	2	15	0	0
OG_4995	3	8	9	0	7	0	10	0	2	0	2	0	7	0	0
OG_4996	7	7	8	9	9	1	4	4	6	5	3	3	8	16	3
OG_4997	3	0	6	0	5	0	10	1	5	0	7	0	0	0	0
OG_4998	15	22	27	9	14	4	9	10	24	9	15	17	8	2	1
OG_4999	0	7	4	0	0	0	6	0	2	0	0	0	0	0	0
OG_5000	1	23	95	0	32	22	10	0	11	0	4	0	19	0	0
OG_5001	2	0	7	0	5	0	6	1	10	0	0	0	1	0	2
OG_5002	1	2	1	0	3	0	6	0	1	0	2	0	1	0	0
OG_5003	5	4	30	2	0	0	4	4	0	0	2	0	2	0	0
OG_5004	0	1	3	0	0	0	1	0	0	0	0	0	0	0	0
OG_5005	2	1	12	0	1	0	8	2	5	0	6	0	3	0	0
OG_5006	4	7	30	1	2	0	2	3	1	0	2	0	0	3	0
OG_5007	0	1	2	0	1	0	1	1	0	0	0	0	1	0	0
OG_5008	0	1	1	0	0	1	1	1	1	0	1	1	1	0	0
OG_5009	2	2	17	2	5	0	2	0	4	0	1	0	0	0	0
OG_5010	2	4	21	0	9	0	3	0	0	0	1	0	5	0	0
OG_5011	0	0	1	0	3	0	0	0	0	0	0	0	0	0	0
OG_5012	0	2	13	0	0	0	0	0	2	0	0	0	0	0	2
OG_5013	20	2	17	0	5	0	2	9	0	0	3	0	7	9	0
OG_5014	4	2	24	4	13	7	9	5	1	2	8	1	3	80	27
OG_5015	0	1	5	0	12	0	1	8	0	0	0	0	0	0	0
OG_5016	1	0	6	0	0	0	1	0	0	0	0	0	0	0	0
OG_5017	8	9	49	10	4	1	3	7	6	4	0	0	2	3	0
OG_5018	0	7	15	4	7	5	0	3	4	0	0	0	0	1	0
OG_5019	8	0	3	10	5	2	5	2	3	6	4	5	5	0	0
OG_5020	3	3	5	5	2	0	1	4	3	3	0	0	0	0	0
OG_5021	1	1	1	1	1	1	1	4	1	1	1	3	1	2	2
OG_5022	0	3	19	2	3	0	1	6	2	0	3	0	3	0	0
OG_5023	0	2	17	2	4	0	0	1	1	1	0	1	0	0	11
OG_5024	0	2	2	0	1	0	1	2	0	0	0	1	2	0	1
OG_5025	1	1	1	1	1	0	1	1	1	1	4	3	1	0	4
OG_5026	0	4	8	0	0	0	0	1	0	0	0	0	0	0	0
OG_5027	4	3	6	1	2	0	2	1	4	1	0	1	9	0	0
OG_5028	16	6	9	4	12	0	9	6	5	7	4	5	10	0	2
OG_5029	13	0	6	6	4	0	14	7	1	0	1	0	5	0	53
OG_5030	1	1	2	1	1	0	1	1	1	1	1	1	1	0	1
OG_5031	5	0	3	1	1	7	2	1	1	2	1	2	2	2	1
OG_5032	3	1	3	0	16	0	1	1	0	0	0	0	0	0	0
OG_5033	12	1	1	1	1	4	1	1	1	2	1	7	1	1	1
OG_5034	1	2	2	1	2	1	0	1	1	3	2	2	1	1	1
OG_5035	0	1	3	0	2	0	1	0	0	0	1	0	2	0	0
OG_5036	1	1	1	1	1	1	1	1	1	2	1	1	2	0	1
OG_5037	1	5	27	0	11	0	13	2	4	0	1	0	1	0	0
OG_5038	26	3	22	0	20	0	23	0	6	0	2	0	0	0	0
OG_5039	11	1	1	3	1	0	2	2	1	3	4	2	2	0	2
OG_5040	2	1	3	1	1	0	1	2	1	0	0	1	2	0	0
OG_5041	3	2	4	2	3	0	1	6	3	4	2	0	2	0	0
OG_5042	0	3	24	1	4	0	4	0	7	1	6	2	1	0	0
OG_5043	0	0	4	0	1	0	0	0	0	0	0	0	0	0	0
OG_5044	0	6	1	1	0	0	3	2	2	1	0	0	3	0	0
OG_5045	5	0	22	4	3	0	3	1	2	0	0	3	2	0	0
OG_5046	0	2	4	0	1	0	2	0	0	0	1	0	0	0	0
OG_5047	2	1	2	1	1	2	1	1	1	1	2	1	2	1	1
OG_5048	0	2	1	0	0	0	0	0	5	0	0	0	0	0	0
OG_5049	1	1	1	1	1	3	1	1	1	1	1	2	0	1	1
OG_5050	15	5	9	7	17	17	7	12	12	8	4	10	7	5	6
OG_5051	16	13	26	22	24	7	14	4	6	8	2	1	14	11	18
OG_5052	0	0	4	0	0	0	0	0	0	0	0	0	1	0	0
OG_5053	0	1	4	0	0	0	0	0	0	0	0	0	0	0	0
OG_5054	5	2	11	7	20	7	6	3	3	5	13	1	4	0	5
OG_5055	1	9	54	1	53	0	4	4	27	2	6	0	5	0	0
OG_5056	0	0	5	0	27	0	9	2	5	0	0	0	0	0	0
OG_5057	0	0	13	0	0	0	0	0	0	0	1	0	0	0	0
OG_5058	0	3	22	7	2	0	1	2	0	1	1	1	0	0	1
OG_5059	0	3	7	0	12	23	7	3	7	0	11	0	1	0	4
OG_5060	0	0	17	0	11	0	0	0	0	0	0	0	0	0	0
OG_5061	1	1	2	1	1	1	1	1	1	1	0	0	1	1	0
OG_5062	4	0	3	0	0	0	8	0	0	0	0	1	2	0	0
OG_5063	1	1	1	1	1	0	1	1	1	1	0	1	1	0	1
OG_5064	0	0	7	1	7	0	4	0	0	0	1	0	5	0	0
OG_5065	3	7	20	2	9	3	7	0	4	0	7	3	5	0	14
OG_5066	2	1	1	3	1	1	1	1	1	1	1	1	2	2	1
OG_5067	0	0	9	0	0	0	1	0	0	0	0	0	1	0	0
OG_5068	1	1	1	1	1	0	1	1	1	1	0	1	1	0	0
OG_5069	0	4	6	0	0	0	0	0	0	0	0	0	0	0	0
OG_5070	1	1	1	2	1	2	1	1	1	1	1	4	1	1	1
OG_5071	2	3	2	1	1	0	1	1	2	3	1	0	1	0	0
OG_5072	2	11	32	1	2	0	0	15	4	1	2	1	1	0	0
OG_5073	2	1	1	1	2	0	1	1	0	1	0	0	1	0	0
OG_5074	0	2	6	0	0	0	0	0	0	0	1	0	2	0	0
OG_5075	2	1	3	2	1	0	2	1	3	1	1	0	3	0	0
OG_5076	2	1	3	2	1	1	2	2	1	2	1	2	2	0	1
OG_5077	3	38	39	20	53	10	26	29	25	17	13	25	16	6	5
OG_5078	1	1	3	1	1	1	2	1	1	1	3	1	1	1	3
OG_5079	0	1	2	3	1	1	0	1	1	1	2	1	0	2	0
OG_5080	0	0	4	0	0	0	1	0	0	0	0	0	2	0	1
OG_5081	14	17	40	9	17	0	9	19	3	1	29	12	15	20	4
OG_5082	0	0	7	0	0	0	0	0	0	0	2	7	0	0	0
OG_5083	0	7	1	0	0	0	0	0	1	0	3	0	1	0	0
OG_5084	1	1	43	1	12	0	7	2	7	0	7	0	4	2	0
OG_5085	0	2	37	0	4	0	10	3	1	0	1	0	4	0	0
OG_5086	0	0	8	0	9	0	0	0	5	0	0	0	1	0	0
OG_5087	4	7	8	3	7	1	5	5	7	6	0	2	4	0	1
OG_5088	5	5	8	0	4	0	2	3	1	1	4	0	0	0	0
OG_5089	5	1	16	0	2	0	3	6	3	1	7	3	0	0	0
OG_5090	1	0	2	1	1	1	1	1	1	1	1	1	1	1	1
OG_5091	0	6	12	1	3	0	0	1	2	0	3	0	0	0	0
OG_5092	1	0	4	0	1	0	2	0	0	0	0	0	0	0	0
OG_5093	0	0	11	1	0	0	0	0	0	0	0	0	0	0	1
OG_5094	0	1	1	1	1	0	0	1	1	1	0	0	0	0	0
OG_5095	0	0	7	0	6	0	0	1	8	0	1	0	0	0	0
OG_5096	2	1	4	6	4	5	8	1	1	1	1	1	3	0	1
OG_5097	1	1	1	1	1	1	1	1	1	1	1	3	1	2	1
OG_5098	3	1	3	0	1	0	1	0	1	0	0	0	2	0	0
OG_5099	2	1	23	1	1	1	2	2	2	1	3	2	2	4	1
OG_5100	0	0	4	0	2	0	0	0	0	0	0	0	2	0	0
OG_5101	0	7	13	0	1	0	12	0	1	0	0	0	0	0	0
OG_5102	6	3	37	0	3	0	0	0	6	0	3	0	0	0	0
OG_5103	1	1	1	1	2	0	1	1	1	3	1	1	1	0	1
OG_5104	1	0	3	0	1	0	1	0	0	0	0	0	1	0	0
OG_5105	9	12	19	4	11	4	3	12	1	1	3	1	4	5	4
OG_5106	5	6	4	3	2	0	1	1	5	1	8	6	1	0	0
OG_5107	2	1	11	3	5	0	3	30	1	1	2	0	2	0	0
OG_5108	0	0	1	0	1	0	2	0	0	0	0	0	0	0	0
OG_5109	1	1	15	1	1	3	2	1	1	1	1	4	2	1	2
OG_5110	0	5	22	0	3	3	10	1	9	1	3	0	14	0	0
OG_5111	0	1	1	1	0	0	0	1	1	3	1	1	0	0	0
OG_5112	0	0	10	0	0	0	0	0	0	0	1	0	2	0	0
OG_5113	0	1	6	0	4	0	1	1	2	2	0	1	1	0	0
OG_5114	0	3	5	6	6	0	0	1	5	1	0	0	0	0	4
OG_5115	0	2	8	0	6	9	7	0	6	0	5	0	3	0	0
OG_5116	0	20	16	0	1	0	4	0	1	0	0	0	3	0	0
OG_5117	6	4	9	0	3	0	7	3	2	1	2	0	16	0	0
OG_5118	0	0	1	0	4	0	1	0	1	0	0	0	1	0	0
OG_5119	0	0	13	0	3	0	2	0	0	0	0	0	5	1	0
OG_5120	3	0	7	1	0	0	3	0	2	0	1	0	3	0	0
OG_5121	2	1	1	1	1	1	1	1	1	1	2	0	1	1	2
OG_5122	7	1	3	2	1	0	4	1	2	1	2	2	3	0	0
OG_5123	3	1	26	0	1	2	1	0	2	0	1	1	1	1	2
OG_5124	0	0	6	0	1	0	1	1	0	0	0	0	6	0	0
OG_5125	2	2	7	3	3	2	3	4	4	4	3	2	4	8	0
OG_5126	7	6	29	1	9	0	16	1	15	1	2	5	10	0	4
OG_5127	3	1	1	1	1	1	1	1	1	1	2	1	2	0	1
OG_5128	1	1	12	2	1	1	1	1	1	1	1	3	1	1	1
OG_5129	1	11	13	0	14	0	0	0	8	0	5	3	1	0	0
OG_5130	1	15	14	4	23	0	5	13	43	0	22	9	11	1	0
OG_5131	3	2	4	1	1	0	1	2	1	3	2	3	4	0	4
OG_5132	0	0	6	0	0	0	1	0	0	0	0	0	1	0	0
OG_5133	0	0	2	0	0	0	1	0	0	0	0	0	5	0	0
OG_5134	4	1	6	2	2	0	1	5	0	2	0	0	4	44	2
OG_5135	3	1	6	0	6	0	8	0	2	0	0	0	2	0	0
OG_5136	1	1	4	1	1	13	1	1	2	1	0	5	1	10	1
OG_5137	0	2	8	0	1	3	4	0	0	0	1	0	1	0	0
OG_5138	4	3	5	0	6	0	13	5	1	0	0	0	1	0	0
OG_5139	1	3	6	0	3	0	6	0	1	0	1	0	4	0	0
OG_5140	0	3	9	0	0	0	0	0	0	0	1	0	0	0	0
OG_5141	1	1	1	2	1	0	1	1	1	0	0	0	1	0	0
OG_5142	1	1	4	4	2	4	1	2	1	1	1	9	1	3	2
OG_5143	0	1	4	0	1	0	0	0	5	0	0	1	0	0	0
OG_5144	0	0	2	1	1	0	5	0	0	0	0	0	0	0	0
OG_5145	0	0	19	0	1	0	1	0	0	0	0	0	4	0	1
OG_5146	36	7	37	19	23	0	19	5	0	1	8	0	31	3	1
OG_5147	2	1	16	1	1	1	1	1	1	1	1	1	1	2	1
OG_5148	2	1	3	3	1	0	1	1	1	1	1	3	1	0	2
OG_5149	0	4	15	5	0	7	0	0	0	0	1	0	1	0	0
OG_5150	4	5	6	3	1	5	8	1	1	0	0	0	8	0	2
OG_5151	0	1	17	0	2	0	0	0	0	0	0	0	1	0	0
OG_5152	0	0	13	0	1	0	6	0	0	0	0	0	3	0	0
OG_5153	0	1	5	0	0	0	0	0	2	0	0	0	0	0	0
OG_5154	0	1	2	0	4	0	0	0	1	0	0	0	6	0	0
OG_5155	0	0	5	4	1	1	5	1	5	1	1	3	4	0	2
OG_5156	1	1	4	0	4	0	3	0	1	0	1	3	0	0	0
OG_5157	6	9	10	10	15	0	12	6	6	3	1	6	7	0	11
OG_5158	5	7	7	4	10	2	4	6	5	7	7	8	5	4	7
OG_5159	3	2	23	0	5	0	9	0	0	0	2	0	23	0	0
OG_5160	0	1	7	0	0	4	1	0	0	0	0	0	0	38	0
OG_5161	0	0	4	1	0	0	2	2	0	0	0	0	1	0	0
OG_5162	10	1	71	7	25	99	14	21	13	5	10	3	6	70	1
OG_5163	34	13	22	10	11	7	13	8	17	15	4	9	9	0	13
OG_5164	0	0	6	0	2	0	1	1	0	0	0	0	0	0	0
OG_5165	0	0	8	7	4	0	1	6	1	0	1	1	8	1	0
OG_5166	0	9	11	0	1	0	0	0	0	0	0	0	0	0	0
OG_5167	0	7	3	0	3	0	0	1	8	0	0	0	0	0	0
OG_5168	1	3	24	1	3	1	3	8	1	1	1	1	3	2	1
OG_5169	2	0	14	0	1	0	1	4	1	0	0	0	0	1	0
OG_5170	6	17	6	16	8	16	8	6	7	17	15	11	9	11	1
OG_5171	0	3	12	2	3	0	1	2	1	0	0	0	2	0	0
OG_5172	9	8	53	9	24	0	32	7	7	0	14	1	23	0	1
OG_5173	0	1	4	0	0	0	0	0	0	0	0	0	0	0	0
OG_5174	36	18	9	22	11	21	10	12	16	17	14	15	11	11	7
OG_5175	0	2	15	0	2	0	4	0	0	0	0	0	0	0	0
OG_5176	0	14	37	0	6	3	18	4	7	1	6	0	0	9	0
OG_5177	1	1	1	1	1	1	1	1	1	1	2	1	1	1	1
OG_5178	0	1	1	4	1	2	1	1	1	5	1	5	1	0	0
OG_5179	1	1	2	1	1	3	1	1	1	1	2	5	1	1	1
OG_5180	0	0	5	0	0	0	5	0	0	0	0	0	2	0	0
OG_5181	0	9	5	0	3	0	0	0	3	0	0	0	1	0	0
OG_5182	1	2	1	1	2	0	0	1	1	1	0	0	3	0	0
OG_5183	1	2	2	1	1	0	1	1	3	1	3	1	2	0	0
OG_5184	2	4	24	0	6	1	18	6	3	0	5	2	17	74	0
OG_5185	0	1	2	0	2	0	0	0	3	0	0	0	0	0	0
OG_5186	0	0	8	0	4	0	0	1	0	0	0	0	0	0	0
OG_5187	0	0	7	0	0	0	0	0	1	0	0	0	0	0	0
OG_5188	3	0	5	0	3	4	3	0	0	0	2	0	0	7	0
OG_5189	6	1	16	1	1	1	9	1	1	1	1	2	5	2	1
OG_5190	0	9	17	0	3	0	0	1	1	0	1	0	6	0	0
OG_5191	1	1	1	1	1	0	1	1	1	1	0	0	1	0	0
OG_5192	0	1	4	0	4	14	6	0	0	0	2	0	1	0	0
OG_5193	16	2	18	0	4	0	4	1	11	0	2	0	4	0	0
OG_5194	10	0	37	4	23	0	13	7	3	0	1	0	9	0	9
OG_5195	13	2	57	11	15	91	2	26	1	1	7	10	11	41	20
OG_5196	0	0	8	0	1	0	1	0	1	0	0	0	0	0	0
OG_5197	1	5	3	2	2	1	0	3	2	1	3	3	0	2	4
OG_5198	3	0	2	1	0	0	0	0	0	0	0	0	0	0	0
OG_5199	0	0	20	0	7	0	0	3	0	0	0	0	0	0	0
OG_5200	2	1	3	3	1	7	1	1	1	3	1	2	2	9	1
OG_5201	0	0	13	0	1	0	0	0	0	0	3	0	0	0	0
OG_5202	1	1	3	2	1	1	2	2	2	1	7	1	1	0	0
OG_5203	3	0	5	0	1	4	6	0	0	0	0	0	0	11	0
OG_5204	10	4	25	0	13	0	6	5	15	0	3	4	0	0	0
OG_5205	36	20	40	63	13	50	44	16	0	5	23	7	23	58	17
OG_5206	2	1	2	1	1	0	1	1	1	1	0	0	1	0	0
OG_5207	3	2	5	2	2	0	3	0	1	0	0	0	0	0	0
OG_5208	2	1	3	1	1	1	1	1	1	1	1	1	1	0	1
OG_5209	1	1	31	1	1	2	1	1	1	1	1	1	1	1	1
OG_5210	1	0	5	0	0	0	5	0	0	1	0	0	1	0	0
OG_5211	0	0	15	1	0	0	0	0	1	0	0	0	0	0	0
OG_5212	1	3	13	0	6	0	11	0	0	0	4	0	17	0	0
OG_5213	0	0	9	0	4	0	3	0	0	0	0	0	6	0	0
OG_5214	0	0	5	0	0	0	2	0	1	0	0	0	1	0	0
OG_5215	2	1	1	1	1	1	2	1	1	1	3	1	1	1	1
OG_5216	4	6	30	0	7	2	9	1	6	0	12	0	14	68	0
OG_5217	1	0	3	0	2	0	0	0	0	0	0	0	0	0	0
OG_5218	1	1	1	1	1	0	1	1	1	1	2	1	1	1	0
OG_5219	35	35	119	24	94	4	28	32	10	1	17	7	12	0	16
OG_5220	2	1	4	1	2	4	2	1	1	1	0	0	1	0	1
OG_5221	9	18	118	4	64	19	49	18	2	1	15	7	34	2	11
OG_5222	4	1	2	2	9	0	3	1	1	1	0	1	6	0	1
OG_5223	0	1	7	0	0	0	0	0	0	0	1	0	0	0	0
OG_5224	0	2	13	0	0	0	0	0	0	0	0	0	0	0	0
OG_5225	0	0	21	4	4	0	0	15	8	3	0	0	0	0	1
OG_5226	0	0	1	1	0	0	0	0	0	1	0	0	0	0	0
OG_5227	3	1	2	3	1	0	1	2	1	1	2	1	1	1	0
OG_5228	1	1	1	1	1	0	1	1	0	1	0	1	1	0	1
OG_5229	1	2	1	0	1	0	1	1	2	3	0	2	1	0	0
OG_5230	0	0	7	0	0	0	0	2	1	0	0	0	1	0	0
OG_5231	2	1	4	1	1	1	1	1	2	2	1	3	1	3	1
OG_5232	0	2	2	8	2	13	0	2	2	2	1	3	0	5	0
OG_5233	0	2	16	1	9	11	12	45	18	2	6	0	5	8	41
OG_5234	0	0	12	0	1	0	0	0	0	0	0	0	0	0	0
OG_5235	0	0	4	0	0	0	0	0	1	0	0	0	0	0	0
OG_5236	3	1	3	0	3	0	1	1	0	2	0	1	1	0	0
OG_5237	1	2	25	6	3	0	6	11	4	1	1	0	10	0	5
OG_5238	3	1	5	0	1	0	5	0	0	0	1	0	0	0	0
OG_5239	1	1	1	3	1	4	1	2	1	4	3	7	1	0	0
OG_5240	0	7	3	0	4	0	0	0	4	0	0	0	0	0	0
OG_5241	2	0	7	6	4	0	2	2	1	1	4	11	0	0	0
OG_5242	12	1	2	2	1	2	2	1	2	1	1	1	1	1	1
OG_5243	18	7	68	5	18	7	27	1	3	0	12	13	16	0	0
OG_5244	8	14	70	3	35	43	19	22	3	1	42	9	14	20	0
OG_5245	0	0	4	0	2	0	2	0	0	0	0	0	2	0	0
OG_5246	1	1	2	1	2	0	1	2	1	1	1	1	2	7	1
OG_5247	3	1	2	2	1	3	2	11	1	3	4	3	2	1	1
OG_5248	2	22	50	3	27	1	12	10	19	1	3	0	8	8	3
OG_5249	1	1	17	1	1	0	2	1	1	1	1	2	2	0	0
OG_5250	0	1	10	0	5	0	0	0	2	0	0	0	0	0	0
OG_5251	0	0	1	1	2	0	2	1	1	1	2	2	2	0	0
OG_5252	0	2	8	0	3	0	0	0	0	0	0	0	0	0	0
OG_5253	0	0	2	0	1	0	1	0	1	0	0	0	0	0	0
OG_5254	3	5	3	1	2	0	3	1	1	1	0	0	3	0	0
OG_5255	0	0	2	0	0	0	0	0	1	0	0	0	0	0	0
OG_5256	0	0	2	0	0	0	1	2	2	0	0	0	0	0	0
OG_5257	7	3	15	7	26	0	5	4	1	1	0	0	3	71	14
OG_5258	14	3	5	1	1	0	5	2	4	1	2	10	1	0	0
OG_5259	1	3	7	0	7	0	0	0	1	0	3	1	0	0	0
OG_5260	0	9	9	0	0	0	0	0	0	0	2	0	1	0	0
OG_5261	0	4	11	0	4	0	1	0	0	0	0	0	0	0	0
OG_5262	0	0	42	0	5	0	4	1	6	0	1	0	6	7	24
OG_5263	1	1	21	1	3	0	3	9	4	2	1	0	13	1	0
OG_5264	5	0	22	0	1	0	1	1	0	0	3	1	0	0	0
OG_5265	6	1	14	0	8	2	6	3	0	1	10	18	4	0	0
OG_5266	1	2	1	2	1	0	1	1	1	1	0	1	1	0	0
OG_5267	0	0	7	1	0	0	0	0	0	0	0	0	0	0	0
OG_5268	23	30	157	11	51	19	62	45	4	2	1	1	34	76	12
OG_5269	0	4	27	3	19	0	8	8	1	1	0	0	3	0	0
OG_5270	32	17	68	4	28	4	17	8	6	0	6	2	12	0	7
OG_5271	4	2	8	12	6	0	3	11	4	5	4	1	7	0	0
OG_5272	3	0	13	0	4	0	8	1	0	0	3	0	4	0	0
OG_5273	0	0	1	3	1	0	1	1	1	1	1	0	1	0	0
OG_5274	1	1	1	1	1	0	1	1	0	1	1	1	1	0	1
OG_5275	1	3	8	0	2	1	10	0	2	0	0	1	2	0	0
OG_5276	3	2	19	1	6	0	7	2	6	0	2	1	4	0	0
OG_5277	0	0	10	0	8	0	0	3	0	0	0	0	1	2	0
OG_5278	14	3	22	1	21	8	8	0	0	0	3	0	3	0	1
OG_5279	1	1	1	1	1	1	1	1	1	1	1	1	1	1	1
OG_5280	0	0	10	0	1	0	0	0	1	0	0	0	0	0	0
OG_5281	1	15	19	1	3	0	0	1	0	0	3	0	6	0	0
OG_5282	2	8	4	0	2	0	5	0	2	0	3	0	0	0	12
OG_5283	0	0	2	0	0	0	0	2	0	2	0	0	0	0	0
OG_5284	1	3	8	0	1	1	8	6	3	0	1	0	2	1	1
OG_5285	1	1	1	1	1	0	1	1	1	1	1	1	1	0	0
OG_5286	0	1	36	10	0	0	0	6	4	1	0	0	0	0	0
OG_5287	1	2	3	0	0	0	0	5	0	0	0	0	0	0	0
OG_5288	12	9	24	0	5	0	10	0	3	0	2	0	4	0	0
OG_5289	2	1	5	1	1	2	1	1	1	1	1	2	1	1	1
OG_5290	28	11	103	1	30	8	21	5	3	0	6	1	10	0	0
OG_5291	3	0	2	1	1	0	1	1	1	1	0	0	1	0	0
OG_5292	3	0	14	0	8	0	6	1	2	0	8	1	6	0	0
OG_5293	2	2	1	1	1	2	1	1	1	2	2	2	1	1	0
OG_5294	0	3	6	0	1	0	0	0	0	0	0	0	0	0	0
OG_5295	7	4	36	0	5	0	3	0	2	0	0	0	4	0	0
OG_5296	6	2	12	0	5	0	0	0	4	0	8	1	4	0	0
OG_5297	0	2	6	0	0	0	0	0	0	0	0	0	1	0	0
OG_5298	3	1	31	0	40	0	8	0	0	0	8	5	5	0	7
OG_5299	0	1	7	0	0	0	0	0	0	0	0	0	0	0	0
OG_5300	1	2	5	1	3	1	1	1	1	1	1	1	8	1	1
OG_5301	0	1	4	0	2	0	0	0	1	0	0	0	0	0	0
OG_5302	20	5	10	3	2	0	4	3	13	15	1	6	3	0	1
OG_5303	0	1	1	1	1	0	1	1	1	1	1	1	1	0	0
OG_5304	1	1	10	2	6	0	1	1	2	1	1	3	1	0	6
OG_5305	0	0	6	0	2	0	0	0	0	0	0	0	0	0	0
OG_5306	0	2	10	1	4	0	0	0	0	0	0	0	0	0	0
OG_5307	12	12	13	10	13	4	10	10	12	12	6	20	10	11	3
OG_5308	0	0	4	0	1	0	0	0	0	0	0	0	0	0	0
OG_5309	8	6	19	1	1	0	11	5	1	1	0	0	5	0	0
OG_5310	2	3	3	1	3	0	4	3	2	2	4	2	4	0	0
OG_5311	4	3	3	1	2	3	4	1	2	4	1	1	3	1	1
OG_5312	1	0	1	1	2	1	1	1	0	0	1	2	1	1	0
OG_5313	2	1	1	1	1	0	1	1	1	1	2	2	1	1	1
OG_5314	11	1	1	1	1	0	2	1	1	2	0	0	1	0	0
OG_5315	2	4	26	0	2	0	7	1	0	0	1	0	3	0	1
OG_5316	0	0	3	0	0	0	1	0	0	0	0	0	1	0	0
OG_5317	1	1	15	1	2	2	1	1	1	1	3	0	1	0	3
OG_5318	1	1	1	1	1	2	1	0	1	1	0	4	1	0	1
OG_5319	3	0	10	0	1	0	20	0	0	0	3	0	2	3	0
OG_5320	0	1	4	0	0	25	4	0	0	0	0	0	2	14	16
OG_5321	0	11	36	9	48	0	0	25	17	0	0	0	0	0	0
OG_5322	0	1	1	0	1	1	1	1	1	1	1	0	1	4	1
OG_5323	3	5	4	1	15	0	0	0	2	0	4	0	3	0	0
OG_5324	0	1	12	0	6	27	4	2	1	0	2	0	0	3	10
OG_5325	1	0	1	1	7	0	1	1	1	1	1	1	1	0	0
OG_5326	21	5	3	3	2	0	9	1	2	3	0	0	6	0	0
OG_5327	0	0	9	0	0	0	0	1	0	0	0	0	0	0	0
OG_5328	4	2	8	2	5	0	0	5	1	3	6	0	1	0	0
OG_5329	2	1	6	0	2	0	5	0	2	0	1	1	3	0	0
OG_5330	2	9	20	0	16	0	16	3	10	0	2	0	17	0	0
OG_5331	1	1	11	2	1	47	1	2	1	1	1	1	1	42	2
OG_5332	13	3	50	1	1	3	5	1	4	2	2	4	4	4	1
OG_5333	0	0	4	0	1	0	0	0	0	0	0	0	0	0	0
OG_5334	0	2	13	0	6	0	2	1	0	0	0	0	0	0	0
OG_5335	0	0	1	0	4	0	1	0	0	0	0	0	1	0	0
OG_5336	0	0	3	0	1	0	0	0	0	0	0	0	0	0	0
OG_5337	0	1	1	0	1	1	1	1	2	1	0	1	0	0	0
OG_5338	1	0	9	1	0	0	4	7	0	0	0	0	10	0	3
OG_5339	0	1	11	0	0	0	0	0	4	0	1	0	2	0	0
OG_5340	2	3	1	1	1	0	3	1	3	1	1	1	2	0	1
OG_5341	3	1	3	1	1	2	1	1	1	1	1	1	1	1	1
OG_5342	9	2	11	5	7	6	8	7	1	1	3	0	12	0	35
OG_5343	0	0	19	0	17	0	3	11	1	1	1	0	0	0	0
OG_5344	3	6	36	0	0	0	9	2	5	0	7	0	4	0	0
OG_5345	1	0	7	0	1	0	2	0	0	0	0	0	1	0	0
OG_5346	3	1	1	4	1	0	1	1	1	2	0	0	1	0	0
OG_5347	2	0	5	0	0	0	10	0	3	0	2	0	1	0	0
OG_5348	0	0	27	0	1	0	2	0	0	0	0	0	2	0	0
OG_5349	0	0	18	0	9	0	3	3	0	0	0	1	5	4	0
OG_5350	0	0	4	0	0	0	0	0	4	0	0	0	0	0	0
OG_5351	0	13	31	0	1	0	0	0	1	0	3	0	2	0	0
OG_5352	3	1	1	0	0	0	1	1	1	1	0	0	1	0	0
OG_5353	1	5	1	1	1	0	1	1	1	1	2	3	1	0	0
OG_5354	0	4	19	0	16	0	4	9	0	0	0	0	0	0	0
OG_5355	0	0	3	0	0	0	1	0	0	0	0	0	1	0	0
OG_5356	0	0	1	0	1	0	2	1	0	0	0	1	2	0	0
OG_5357	13	1	9	14	3	1	2	5	3	3	2	1	4	1	1
OG_5358	1	1	10	0	0	0	0	0	0	0	0	0	0	0	0
OG_5359	0	0	1	0	0	0	0	0	0	0	0	0	0	0	1
OG_5360	38	9	27	107	42	1	12	50	20	14	2	3	8	1	16
OG_5361	107	13	81	20	55	7	115	28	11	2	76	1	35	0	1
OG_5362	3	11	7	22	10	1	2	7	29	5	0	0	4	0	2
OG_5363	0	2	2	1	1	0	0	0	1	0	1	1	0	2	0
OG_5364	0	0	1	0	0	0	1	0	0	0	0	0	4	0	0
OG_5365	0	6	2	1	1	0	1	3	2	2	0	0	1	0	0
OG_5366	6	5	2	5	4	0	1	1	5	12	0	0	1	0	0
OG_5367	3	1	6	0	0	0	4	0	1	0	2	0	3	0	0
OG_5368	5	1	29	7	28	6	8	0	15	0	2	0	9	0	7
OG_5369	1	0	7	0	4	0	1	0	2	0	2	0	0	0	0
OG_5370	3	3	10	0	0	0	6	2	0	0	3	0	8	1	0
OG_5371	0	1	1	0	0	0	0	2	0	0	1	0	0	0	0
OG_5372	0	0	5	0	1	0	0	5	3	0	4	0	3	0	0
OG_5373	0	0	1	0	1	0	0	1	1	0	0	0	2	0	0
OG_5374	0	1	5	0	0	0	0	1	0	0	0	0	0	0	0
OG_5375	1	5	7	1	4	1	1	2	2	2	5	5	2	0	0
OG_5376	1	0	1	0	2	3	1	0	0	0	1	1	1	4	2
OG_5377	0	0	1	0	1	0	0	0	0	0	1	3	0	0	1
OG_5378	0	2	3	3	3	1	1	6	2	3	2	2	1	0	0
OG_5379	5	2	11	0	5	0	6	0	2	0	0	0	1	0	0
OG_5380	1	0	9	0	2	0	2	7	0	0	2	0	4	0	0
OG_5381	1	7	26	0	0	0	0	0	4	0	4	1	7	0	0
OG_5382	0	2	2	0	3	0	0	3	1	0	0	0	0	0	0
OG_5383	0	4	8	0	2	0	0	0	1	0	1	0	0	0	0
OG_5384	0	1	2	1	2	0	0	4	1	1	0	0	0	2	0
OG_5385	0	0	5	0	1	0	2	0	0	0	0	0	0	0	0
OG_5386	1	1	2	2	1	0	1	1	1	1	2	1	1	0	0
OG_5387	2	14	45	5	18	0	8	3	30	0	14	0	12	0	0
OG_5388	2	1	2	1	5	0	1	1	1	1	1	1	2	0	2
OG_5389	0	0	1	0	0	0	6	0	0	0	0	0	1	0	0
OG_5390	1	1	2	1	1	1	1	1	0	1	1	1	1	1	0
OG_5391	0	0	2	0	0	0	0	0	1	0	0	0	0	0	7
OG_5392	0	0	5	0	1	0	0	0	1	0	0	0	0	0	0
OG_5393	0	8	29	4	31	0	1	3	10	0	6	2	7	0	0
OG_5394	1	0	1	1	1	0	1	1	2	4	0	2	1	0	0
OG_5395	0	0	1	0	1	0	2	0	0	0	0	0	0	0	0
OG_5396	0	12	7	2	18	16	0	14	6	7	0	1	0	28	3
OG_5397	1	0	8	1	4	0	14	0	0	0	0	0	5	0	0
OG_5398	21	111	79	2	85	1	50	33	23	2	16	4	19	33	0
OG_5399	0	0	6	0	1	0	2	2	0	0	0	0	1	0	0
OG_5400	0	1	1	0	0	0	1	1	1	0	1	3	1	0	0
OG_5401	4	1	1	1	1	0	2	1	1	2	0	0	0	0	0
OG_5402	1	1	10	1	1	1	1	1	1	1	1	2	1	1	2
OG_5403	1	0	5	0	0	0	5	0	0	0	0	0	4	0	0
OG_5404	1	1	2	1	5	1	1	1	3	1	1	2	2	4	1
OG_5405	0	4	30	5	9	0	2	2	5	0	1	1	4	0	0
OG_5406	2	2	8	0	1	0	2	0	10	0	4	0	3	0	0
OG_5407	7	1	7	0	1	3	1	1	2	5	1	4	1	1	0
OG_5408	4	0	1	1	1	0	2	1	1	1	0	0	2	0	0
OG_5409	0	1	17	0	1	0	1	1	0	0	0	0	1	0	0
OG_5410	8	6	36	1	21	1	2	10	0	2	10	2	4	0	0
OG_5411	1	0	2	1	1	1	1	1	2	1	1	1	1	2	1
OG_5412	17	35	48	10	59	0	2	9	2	3	0	0	2	2	12
OG_5413	2	5	20	1	1	0	1	0	2	0	1	1	5	0	0
OG_5414	1	1	1	1	1	2	1	1	1	1	1	2	1	1	1
OG_5415	0	2	1	1	2	1	1	2	2	2	1	2	1	2	0
OG_5416	7	23	47	6	9	19	38	15	0	2	15	12	4	23	4
OG_5417	0	1	15	0	7	0	3	0	0	0	0	0	10	0	0
OG_5418	0	1	1	5	5	0	1	5	0	2	0	0	1	0	0
OG_5419	0	0	1	0	0	0	4	0	0	0	0	0	0	0	0
OG_5420	2	7	2	6	9	0	3	12	6	5	0	0	1	0	0
OG_5421	2	6	17	2	2	0	10	7	2	0	0	1	7	0	0
OG_5422	8	2	57	0	9	2	16	0	1	0	8	3	24	0	3
OG_5423	0	0	5	0	2	0	0	1	0	0	0	0	0	0	0
OG_5424	0	0	2	0	0	0	0	0	0	0	1	0	0	1	0
OG_5425	4	2	1	3	1	3	2	1	3	1	0	1	1	1	1
OG_5426	3	8	16	4	12	0	5	9	7	7	2	2	5	0	1
OG_5427	16	8	30	26	14	14	17	11	17	11	13	13	12	3	1
OG_5428	53	10	63	5	15	0	14	11	3	2	1	16	4	0	0
OG_5429	1	1	2	1	1	0	1	2	1	1	1	1	1	0	0
OG_5430	0	0	4	0	2	0	0	1	0	0	0	0	0	0	0
OG_5431	0	1	25	0	8	0	1	9	1	0	0	2	1	0	0
OG_5432	13	6	7	16	7	0	4	7	12	6	3	2	5	0	0
OG_5433	0	1	2	0	2	0	0	0	0	0	0	0	0	0	0
OG_5434	1	1	2	1	1	0	1	1	2	1	4	1	1	1	1
OG_5435	2	1	14	1	1	2	1	2	1	3	3	1	2	13	2
OG_5436	5	1	44	1	26	0	9	5	8	0	23	17	15	0	1
OG_5437	0	1	7	0	0	0	1	2	2	0	0	0	1	0	0
OG_5438	0	1	1	1	1	0	1	1	1	1	0	0	1	1	0
OG_5439	4	1	3	0	1	0	2	0	1	0	1	0	4	0	0
OG_5440	3	2	1	2	1	0	2	1	3	1	2	4	3	0	0
OG_5441	0	3	3	0	6	0	2	2	6	0	0	0	1	0	0
OG_5442	4	3	38	3	23	0	4	0	4	0	7	10	6	0	7
OG_5443	1	1	6	2	3	0	5	0	0	0	0	0	1	0	0
OG_5444	0	6	20	0	6	0	1	0	1	0	0	0	1	0	0
OG_5445	1	1	1	1	1	4	1	1	1	1	1	1	1	1	1
OG_5446	0	5	8	0	1	0	3	1	4	0	0	0	7	0	0
OG_5447	8	10	20	0	19	8	13	7	12	0	5	7	9	0	0
OG_5448	3	1	4	1	1	0	1	1	1	3	0	2	2	1	0
OG_5449	0	0	3	0	1	0	0	0	0	0	0	0	0	0	0
OG_5450	6	0	35	0	23	0	11	8	2	1	0	0	12	0	2
OG_5451	0	1	2	0	0	0	0	0	0	0	0	0	0	0	0
OG_5452	1	1	1	1	1	0	1	1	1	1	1	0	1	0	0
OG_5453	4	1	1	1	1	1	4	1	1	1	2	2	2	3	1
OG_5454	0	1	2	0	1	0	2	4	2	0	1	2	1	0	0
OG_5455	1	0	1	0	9	0	1	0	0	0	0	0	1	0	0
OG_5456	2	12	17	0	2	0	0	0	11	0	4	0	4	0	0
OG_5457	0	0	2	0	0	0	2	0	0	0	0	0	3	0	0
OG_5458	22	10	7	8	7	12	14	0	5	0	6	2	20	12	0
OG_5459	5	4	1	1	2	1	1	1	1	1	0	2	1	1	1
OG_5460	0	0	1	1	1	0	0	1	1	1	0	5	0	0	0
OG_5461	0	0	1	0	0	0	0	0	3	0	0	1	0	1	0
OG_5462	1	1	1	1	1	1	1	1	1	1	1	1	1	1	1
OG_5463	0	0	10	0	0	0	1	0	0	0	0	0	0	0	0
OG_5464	1	1	11	1	1	1	1	1	1	1	2	1	1	2	1
OG_5465	1	1	1	1	1	0	1	1	1	1	2	1	1	0	1
OG_5466	2	1	3	1	1	1	4	1	2	5	4	7	3	3	1
OG_5467	0	0	3	0	6	0	0	0	1	0	0	0	0	0	0
OG_5468	2	0	4	0	1	0	3	1	1	2	3	0	1	0	0
OG_5469	0	0	4	0	0	0	1	0	0	0	0	0	0	0	0
OG_5470	13	8	11	6	11	1	11	10	19	7	5	3	8	1	1
OG_5471	0	1	7	0	1	0	0	0	0	0	0	0	0	0	0
OG_5472	0	0	6	2	0	0	9	3	5	1	0	0	1	0	8
OG_5473	2	1	4	1	11	0	4	1	1	1	0	0	5	0	0
OG_5474	1	1	3	1	1	0	5	1	0	1	1	1	0	0	0
OG_5475	7	5	4	6	6	0	4	6	5	7	4	7	5	0	3
OG_5476	0	2	4	0	4	0	0	1	1	0	0	0	0	0	0
OG_5477	0	1	5	0	1	0	3	0	2	0	1	0	0	0	0
OG_5478	7	1	3	1	4	0	2	1	1	1	2	1	1	0	1
OG_5479	0	0	3	0	1	0	0	0	0	0	0	0	0	0	0
OG_5480	0	0	7	0	0	0	0	0	0	0	0	0	0	3	0
OG_5481	4	4	14	1	5	0	2	1	0	2	2	1	0	0	0
OG_5482	1	0	1	0	1	0	3	0	1	0	0	0	3	0	0
OG_5483	0	1	8	0	2	0	2	0	0	0	3	0	0	0	0
OG_5484	9	2	8	0	1	0	5	3	0	0	0	0	5	0	1
OG_5485	1	12	11	9	3	1	2	2	7	1	0	0	0	1	1
OG_5486	12	2	12	0	12	0	13	3	0	0	3	2	3	0	0
OG_5487	0	0	2	0	0	0	0	1	1	0	0	0	0	0	0
OG_5488	0	1	3	0	0	0	1	0	3	0	0	0	1	0	0
OG_5489	7	6	6	5	20	0	23	2	0	1	4	0	3	3	0
OG_5490	2	1	1	1	1	0	1	1	3	1	1	4	1	1	1
OG_5491	0	3	3	0	4	1	0	3	1	2	1	1	0	0	0
OG_5492	3	2	4	2	2	4	2	2	2	2	2	2	3	2	2
OG_5493	0	1	9	0	9	0	7	0	0	0	0	1	0	0	0
OG_5494	1	4	9	0	4	0	5	0	0	0	5	0	3	0	0
OG_5495	15	1	1	5	1	0	1	1	3	1	0	0	1	0	0
OG_5496	3	9	15	9	4	0	3	7	6	9	4	2	4	0	2
OG_5497	1	1	1	2	1	0	1	1	1	1	1	1	1	0	0
OG_5498	0	0	7	0	0	0	7	0	0	0	0	0	10	0	0
OG_5499	0	1	1	0	1	0	1	1	0	0	1	0	3	0	0
OG_5500	2	1	3	1	1	3	1	1	2	2	1	3	1	2	1
OG_5501	3	2	14	2	3	5	4	3	3	2	1	4	2	1	1
OG_5502	1	10	8	0	16	0	0	10	1	0	5	0	10	0	0
OG_5503	0	0	3	0	0	0	0	0	0	0	0	1	0	7	0
OG_5504	0	2	8	0	1	0	7	0	0	0	0	0	4	0	1
OG_5505	0	0	7	0	6	0	1	1	1	0	0	0	5	0	0
OG_5506	0	0	13	0	0	0	1	0	0	0	0	0	0	0	0
OG_5507	6	1	9	2	6	6	11	0	0	0	1	0	0	0	0
OG_5508	1	0	1	1	0	0	1	1	1	1	0	0	1	0	0
OG_5509	0	1	3	0	13	0	0	0	2	0	0	0	0	0	0
OG_5510	0	0	8	0	0	0	0	2	1	0	0	0	0	0	0
OG_5511	1	1	2	3	1	3	0	1	2	1	7	3	1	2	1
OG_5512	2	1	1	1	1	0	1	1	1	1	1	1	1	1	0
OG_5513	1	1	2	0	0	0	1	1	1	1	3	1	1	0	2
OG_5514	0	2	19	0	11	0	1	0	2	0	0	0	5	0	0
OG_5515	1	3	4	2	3	1	1	3	4	2	2	2	3	0	1
OG_5516	10	3	5	7	2	0	5	2	1	1	0	0	9	0	0
OG_5517	0	2	4	0	0	0	0	0	0	0	0	0	0	0	0
OG_5518	4	1	16	0	6	0	3	6	1	0	2	0	2	0	0
OG_5519	3	2	26	0	15	0	1	9	5	0	0	0	3	0	0
OG_5520	1	7	30	3	19	4	8	3	0	0	17	2	8	137	5
OG_5521	1	0	17	1	19	1	14	2	0	0	3	1	7	0	0
OG_5522	108	29	58	77	33	9	16	37	28	27	37	31	21	0	36
OG_5523	1	1	1	1	2	12	2	5	1	1	1	0	2	11	1
OG_5524	2	2	5	1	1	3	2	1	3	5	4	4	1	2	2
OG_5525	0	3	14	0	2	0	3	0	3	0	0	0	0	0	0
OG_5526	3	0	2	0	0	0	3	0	0	0	0	0	2	0	0
OG_5527	0	0	4	0	0	0	0	0	0	0	0	0	1	0	0
OG_5528	0	3	31	0	15	3	12	5	5	0	2	4	7	0	2
OG_5529	0	1	6	1	6	0	0	0	0	0	0	0	0	0	0
OG_5530	0	0	6	0	1	0	0	0	2	0	0	0	0	0	0
OG_5531	12	1	1	1	1	1	1	3	1	1	1	1	1	1	1
OG_5532	0	2	13	0	30	0	0	0	0	0	1	0	0	0	0
OG_5533	1	1	9	1	3	0	9	0	5	0	0	0	4	0	0
OG_5534	2	2	15	0	8	0	5	5	2	0	3	1	0	1	0
OG_5535	0	1	1	0	1	0	2	1	0	0	0	0	0	0	0
OG_5536	1	1	1	2	1	0	1	0	1	1	1	0	1	0	1
OG_5537	0	0	1	2	1	0	0	1	0	0	0	0	0	0	0
OG_5538	0	0	6	0	16	0	5	0	0	0	5	0	7	0	0
OG_5539	0	1	1	0	2	0	1	0	1	0	1	0	1	0	0
OG_5540	13	44	24	15	56	36	15	32	41	15	13	5	19	1	38
OG_5541	1	1	1	1	1	0	2	0	1	1	1	1	1	0	0
OG_5542	8	1	6	0	0	0	0	0	9	0	3	0	3	0	0
OG_5543	1	4	2	0	1	0	2	0	0	0	1	10	0	0	0
OG_5544	0	1	4	0	9	0	10	4	2	1	0	0	0	0	0
OG_5545	10	1	12	2	8	7	2	2	4	3	6	3	3	7	4
OG_5546	0	1	11	0	1	0	0	0	4	0	1	0	0	0	0
OG_5547	0	0	13	0	7	0	15	5	1	0	7	0	3	0	7
OG_5548	1	5	3	14	2	0	1	5	1	3	0	0	2	0	0
OG_5549	6	7	18	3	21	1	4	1	3	4	1	2	8	0	3
OG_5550	0	9	11	0	16	0	1	2	9	0	0	0	7	0	0
OG_5551	1	0	5	0	9	0	2	9	2	1	2	1	4	0	0
OG_5552	1	12	26	0	11	3	5	1	1	0	10	1	2	2	1
OG_5553	2	2	2	1	1	2	2	2	2	2	2	2	2	0	0
OG_5554	1	1	7	1	1	0	2	2	1	1	0	1	1	0	0
OG_5555	1	1	7	0	0	0	1	1	0	0	1	0	3	0	3
OG_5556	25	4	59	4	32	27	26	4	3	2	3	2	13	2	4
OG_5557	1	1	1	1	2	1	1	1	1	1	0	1	1	1	1
OG_5558	0	1	4	6	1	0	0	8	1	1	0	0	0	0	0
OG_5559	0	1	11	0	0	0	0	1	3	0	0	0	0	0	0
OG_5560	2	3	1	1	1	5	2	1	1	2	2	4	13	5	1
OG_5561	0	5	3	0	6	0	2	1	0	0	0	0	1	0	0
OG_5562	10	3	23	7	7	2	8	0	2	1	1	9	7	0	0
OG_5563	5	3	39	3	27	0	3	1	1	1	15	1	3	0	0
OG_5564	3	3	8	0	2	0	0	0	0	0	3	0	0	0	0
OG_5565	12	11	26	1	10	0	12	5	0	1	1	0	5	0	5
OG_5566	0	1	1	0	1	0	1	1	1	0	0	1	1	0	0
OG_5567	1	0	1	1	1	0	1	2	1	1	1	1	2	0	0
OG_5568	0	0	2	0	1	0	3	0	0	0	1	0	2	0	0
OG_5569	0	1	2	0	0	0	1	1	0	0	0	0	0	0	0
OG_5570	11	4	18	0	1	0	49	1	4	0	0	0	2	0	0
OG_5571	1	1	2	0	4	0	1	0	1	0	0	0	1	0	0
OG_5572	2	5	2	5	3	6	3	4	1	1	0	2	2	3	0
OG_5573	1	1	2	1	1	1	1	1	1	2	2	3	1	3	3
OG_5574	1	0	1	2	1	0	0	1	1	1	0	0	0	0	0
OG_5575	0	1	13	0	1	0	0	0	0	0	0	0	0	0	0
OG_5576	2	1	9	0	2	0	1	0	0	0	2	0	1	0	0
OG_5577	0	0	19	0	2	0	2	0	0	0	3	0	0	0	1
OG_5578	2	2	9	8	9	0	2	11	4	2	0	0	4	0	0
OG_5579	2	1	2	1	2	2	2	1	2	1	1	1	3	1	1
OG_5580	0	0	7	0	0	0	1	2	0	0	0	0	0	0	0
OG_5581	5	2	12	0	6	1	1	11	0	2	1	0	0	0	2
OG_5582	0	0	3	0	3	1	2	0	0	0	2	0	5	0	1
OG_5583	1	0	5	0	2	0	3	0	3	0	0	0	3	0	0
OG_5584	0	0	6	0	6	0	0	0	0	0	0	0	0	0	0
OG_5585	0	0	1	0	0	0	0	1	1	0	0	0	1	0	0
OG_5586	1	2	4	2	1	2	1	1	5	1	1	1	3	1	2
OG_5587	6	0	22	2	13	0	8	2	0	0	0	0	9	2	0
OG_5588	3	2	7	3	3	0	4	2	6	2	1	8	4	0	10
OG_5589	8	0	5	0	0	1	19	0	0	0	1	0	3	0	1
OG_5590	0	0	2	0	0	0	1	0	0	0	0	0	0	0	0
OG_5591	2	0	7	0	0	0	1	2	3	0	1	0	0	0	0
OG_5592	0	1	1	1	1	0	0	1	1	2	0	1	0	0	0
OG_5593	2	2	11	0	5	0	9	3	0	0	2	1	7	1	1
OG_5594	0	0	4	0	0	0	1	0	0	0	0	0	0	0	0
OG_5595	0	3	2	1	1	1	2	1	1	1	0	2	1	1	1
OG_5596	35	20	31	24	21	5	16	27	31	20	16	22	19	6	2
OG_5597	0	1	1	0	1	0	1	1	1	1	1	2	1	0	1
OG_5598	0	0	1	0	2	0	2	1	0	0	0	0	1	0	0
OG_5599	2	2	2	4	1	1	2	1	2	2	1	3	2	4	1
OG_5600	48	40	30	96	25	59	12	51	20	32	56	48	20	33	64
OG_5601	2	1	12	1	0	0	11	1	2	1	4	5	5	0	0
OG_5602	0	0	1	0	5	0	0	0	0	0	0	0	0	0	0
OG_5603	3	1	1	4	1	0	1	1	3	2	0	4	1	0	0
OG_5604	1	1	5	2	1	1	1	1	1	1	1	1	2	1	2
OG_5605	1	3	4	5	1	0	1	2	3	3	1	1	1	0	0
OG_5606	13	13	68	5	17	21	17	7	27	5	31	2	2	0	3
OG_5607	12	5	8	5	8	0	6	4	4	7	2	2	5	0	1
OG_5608	1	1	1	1	1	0	0	1	1	0	0	1	0	0	0
OG_5609	0	1	5	0	2	0	0	0	0	0	1	1	0	0	0
OG_5610	0	0	1	0	1	0	0	1	1	0	0	2	0	1	0
OG_5611	2	2	3	2	1	1	2	1	1	7	1	1	1	1	1
OG_5612	0	0	1	0	0	0	0	5	0	0	0	0	0	0	0
OG_5613	0	0	4	0	0	0	1	0	0	0	0	0	2	0	0
OG_5614	1	1	2	1	0	1	1	1	1	2	1	1	1	1	2
OG_5615	0	1	3	0	0	0	0	0	0	0	0	0	0	0	0
OG_5616	2	1	1	1	1	1	1	1	1	1	1	1	1	0	1
OG_5617	10	1	20	0	6	0	4	0	11	0	0	0	1	0	1
OG_5618	12	1	20	1	12	3	20	9	1	0	7	3	10	1	4
OG_5619	0	1	9	0	0	0	0	0	0	0	0	0	0	0	0
OG_5620	4	3	30	0	7	0	9	1	1	2	0	1	4	0	0
OG_5621	2	1	13	0	1	0	1	0	10	0	1	0	1	0	0
OG_5622	20	0	3	0	1	0	7	0	0	0	1	0	3	0	0
OG_5623	2	1	2	1	1	1	2	1	2	1	1	1	1	1	1
OG_5624	1	1	2	0	0	0	0	2	1	0	0	0	1	0	0
OG_5625	0	2	15	0	1	0	0	1	1	0	2	0	0	0	0
OG_5626	1	4	2	3	1	1	1	2	1	2	2	1	1	2	1
OG_5627	0	7	15	0	13	0	0	0	13	0	0	0	0	0	0
OG_5628	1	3	2	1	1	1	1	1	2	1	1	2	1	2	1
OG_5629	1	0	1	0	1	2	1	0	0	0	0	0	4	0	0
OG_5630	0	3	9	0	10	0	3	13	4	0	0	0	6	0	10
OG_5631	2	1	1	6	1	0	0	2	1	2	0	0	0	0	0
OG_5632	2	1	1	3	1	2	1	1	1	3	1	1	1	1	1
OG_5633	0	0	8	1	0	0	0	3	0	0	0	0	0	0	0
OG_5634	0	16	28	0	5	0	14	4	20	0	8	0	11	8	0
OG_5635	0	0	1	0	5	0	0	0	0	0	0	0	0	0	0
OG_5636	0	0	6	0	1	0	0	3	1	0	0	0	0	1	0
OG_5637	0	1	3	1	1	0	1	0	1	0	0	0	0	0	0
OG_5638	0	7	11	1	5	0	25	0	0	0	1	0	16	1	0
OG_5639	0	0	3	0	1	0	1	0	0	0	0	0	0	0	0
OG_5640	0	4	4	0	0	0	5	0	1	0	0	0	5	0	0
OG_5641	0	0	6	0	2	0	0	0	0	0	0	0	0	0	0
OG_5642	5	2	4	4	6	8	4	5	2	5	2	5	3	10	2
OG_5643	1	9	32	0	11	0	4	3	0	0	0	0	0	6	0
OG_5644	2	7	22	0	1	0	1	7	9	2	0	1	2	0	1
OG_5645	0	1	1	1	2	0	1	1	0	1	0	0	1	0	0
OG_5646	14	19	14	9	14	4	9	8	21	10	14	19	10	2	1
OG_5647	2	12	15	2	11	0	5	6	9	0	2	0	2	0	0
OG_5648	5	1	1	1	1	1	2	1	1	1	1	1	3	1	2
OG_5649	0	0	12	0	6	0	0	1	0	0	0	0	0	0	0
OG_5650	2	4	1	4	5	0	1	5	11	4	1	2	1	0	2
OG_5651	2	2	1	1	1	1	1	1	1	2	1	2	1	1	1
OG_5652	1	1	3	4	1	0	1	1	1	2	1	2	1	0	1
OG_5653	2	0	9	1	17	0	7	2	3	0	0	0	7	0	0
OG_5654	2	1	1	2	1	0	1	1	1	2	1	0	1	0	0
OG_5655	2	2	15	1	1	0	0	0	4	0	1	0	3	0	11
OG_5656	1	1	2	1	2	4	0	1	1	1	1	1	1	4	2
OG_5657	1	1	1	1	3	0	2	1	1	1	2	0	2	0	0
OG_5658	0	2	33	0	7	0	9	0	9	0	2	0	1	0	0
OG_5659	1	1	1	1	1	0	1	1	1	1	1	2	1	0	0
OG_5660	4	7	1	4	13	0	14	3	1	1	7	0	7	0	0
OG_5661	0	1	2	1	1	2	1	3	2	1	1	0	0	2	0
OG_5662	0	1	0	5	0	0	0	3	0	1	0	0	0	0	0
OG_5663	2	2	4	37	6	0	2	24	13	30	0	0	1	0	0
OG_5664	3	3	2	12	2	2	2	4	5	4	2	2	3	0	1
OG_5665	2	1	1	3	1	2	1	1	1	0	2	1	1	1	2
OG_5666	5	4	1	10	1	3	7	5	6	6	2	3	3	1	1
OG_5667	0	1	0	2	0	0	0	2	0	1	0	0	0	0	0
OG_5668	11	23	13	33	13	4	9	14	21	12	10	7	6	5	0
OG_5669	0	0	0	1	0	1	0	0	0	0	0	0	0	4	0
OG_5670	0	2	0	1	2	1	0	0	8	0	2	1	0	3	0
OG_5671	2	1	1	1	2	2	1	1	1	3	1	3	1	2	1
OG_5672	0	1	0	3	5	0	0	1	1	1	1	2	0	0	0
OG_5673	4	36	52	42	53	2	2	10	75	15	22	8	2	66	4
OG_5674	0	0	0	1	0	0	0	2	1	1	0	0	0	0	0
OG_5675	4	1	1	1	1	0	3	1	1	2	1	1	3	0	0
OG_5676	2	2	1	1	1	1	1	1	1	2	1	2	1	1	0
OG_5677	0	1	0	2	3	0	0	2	2	4	0	0	0	0	0
OG_5678	1	1	1	2	1	0	1	1	1	1	0	1	1	0	0
OG_5679	0	1	0	1	1	0	0	1	1	2	0	0	0	0	0
OG_5680	11	3	6	30	3	6	3	23	11	17	5	11	4	6	2
OG_5681	1	2	1	3	0	0	1	2	4	2	0	0	1	0	0
OG_5682	4	12	4	15	3	2	2	11	11	13	13	37	2	12	8
OG_5683	0	0	0	1	3	1	2	1	0	1	1	1	0	0	0
OG_5684	24	20	8	20	20	20	13	25	12	8	14	22	20	14	14
OG_5685	4	4	2	2	3	5	5	1	5	1	2	3	1	6	1
OG_5686	1	1	1	1	1	1	1	1	1	1	1	2	1	1	1
OG_5687	0	0	0	1	2	0	0	1	1	1	0	0	0	0	0
OG_5688	3	1	1	1	2	0	3	1	1	1	0	1	1	0	0
OG_5689	0	5	0	1	0	0	0	3	3	3	2	0	0	0	0
OG_5690	4	1	1	1	1	0	1	1	1	2	1	3	1	0	0
OG_5691	2	3	1	2	3	2	1	1	2	3	2	8	1	3	0
OG_5692	6	1	3	9	2	0	3	2	4	2	0	12	2	0	0
OG_5693	1	1	1	1	1	0	1	1	1	1	1	1	1	0	0
OG_5694	12	13	7	19	8	9	6	7	11	16	8	9	6	9	2
OG_5695	1	1	1	1	1	2	1	1	1	1	0	1	1	5	1
OG_5696	0	1	0	1	1	0	0	1	1	1	0	0	0	0	0
OG_5697	2	1	2	2	1	1	2	1	1	2	1	2	2	1	0
OG_5698	0	1	0	2	1	5	0	3	3	3	0	0	0	3	0
OG_5699	2	3	3	3	2	0	2	3	3	2	2	1	2	0	0
OG_5700	2	1	1	2	1	0	1	1	1	1	0	0	1	0	0
OG_5701	0	2	0	3	3	0	0	1	4	2	0	0	0	0	0
OG_5702	0	1	1	1	1	0	1	1	1	0	0	0	1	0	0
OG_5703	5	1	1	2	1	0	4	1	2	1	9	0	2	0	0
OG_5704	3	3	2	5	6	0	3	9	0	1	1	0	3	0	0
OG_5705	0	0	0	1	1	1	1	1	0	1	0	1	1	1	1
OG_5706	6	6	4	11	10	2	6	7	3	7	5	3	5	4	18
OG_5707	0	9	6	17	6	0	0	10	9	10	0	0	0	0	1
OG_5708	0	7	3	17	7	0	0	6	6	9	0	0	0	0	0
OG_5709	24	11	4	10	8	1	4	11	9	17	3	7	5	1	1
OG_5710	1	2	1	1	3	0	1	2	2	2	4	9	2	2	0
OG_5711	0	0	0	2	0	0	0	4	0	0	0	0	0	0	0
OG_5712	0	0	0	1	1	0	0	2	1	1	0	1	0	0	0
OG_5713	0	1	0	1	1	0	0	1	1	1	2	0	0	0	0
OG_5714	2	3	2	1	0	0	1	1	1	4	0	0	1	0	0
OG_5715	6	14	13	30	25	4	4	16	20	6	7	0	1	0	8
OG_5716	3	2	1	2	1	3	4	5	1	1	2	1	3	1	2
OG_5717	7	1	1	1	1	14	1	1	1	1	1	1	1	0	0
OG_5718	1	1	1	2	1	0	1	1	1	1	1	1	1	0	0
OG_5719	0	9	0	6	7	0	0	4	4	3	0	0	0	0	0
OG_5720	0	2	0	1	2	0	0	1	1	1	0	0	0	0	0
OG_5721	7	1	1	1	1	1	2	1	1	1	1	0	3	0	0
OG_5722	0	1	0	1	1	1	0	2	2	3	0	0	0	1	0
OG_5723	1	2	0	3	2	0	1	1	1	2	0	0	0	0	0
OG_5724	1	1	1	1	1	1	1	1	1	1	1	1	1	2	1
OG_5725	1	1	1	1	2	3	1	1	1	1	2	1	1	0	1
OG_5726	2	2	0	2	12	0	6	0	1	0	0	0	0	0	0
OG_5727	2	11	1	14	11	0	1	6	9	2	0	0	1	0	0
OG_5728	9	9	12	18	6	11	4	7	10	3	8	0	3	1	1
OG_5729	3	4	6	14	3	1	3	4	3	5	1	1	2	0	0
OG_5730	0	1	0	5	0	0	0	4	1	0	0	0	0	0	0
OG_5731	2	1	1	3	1	0	1	1	1	1	1	4	1	0	1
OG_5732	2	1	2	2	1	1	2	1	1	1	4	3	2	1	1
OG_5733	0	1	0	1	1	0	0	1	1	1	0	0	0	0	0
OG_5734	3	1	1	2	1	1	1	1	2	1	1	1	1	6	2
OG_5735	0	2	0	2	0	0	0	3	1	2	1	6	0	0	8
OG_5736	2	1	1	2	1	1	2	1	1	1	1	0	2	1	1
OG_5737	0	2	0	5	0	0	0	4	3	2	1	0	0	0	0
OG_5738	0	1	0	3	1	0	0	2	3	1	0	0	0	0	0
OG_5739	0	1	0	1	0	0	0	1	1	1	0	0	0	0	0
OG_5740	0	1	0	2	0	0	1	0	0	2	0	0	1	0	0
OG_5741	0	1	0	2	2	0	0	1	2	1	0	0	0	1	0
OG_5742	1	2	1	1	1	1	1	1	2	1	5	3	1	1	1
OG_5743	1	1	1	2	1	1	1	1	1	1	1	2	1	2	1
OG_5744	0	3	2	16	13	0	0	11	17	9	0	0	0	0	1
OG_5745	1	1	1	1	1	0	1	1	1	1	1	1	1	0	1
OG_5746	2	0	1	1	1	2	2	1	1	1	1	1	1	1	6
OG_5747	3	1	1	3	1	3	4	1	1	3	1	1	3	3	1
OG_5748	4	0	2	3	1	0	1	4	2	4	4	4	0	5	4
OG_5749	14	6	7	9	7	16	8	7	7	4	6	7	8	0	5
OG_5750	2	4	2	14	6	0	4	24	6	11	6	0	3	0	0
OG_5751	2	1	1	1	1	0	1	2	1	1	2	3	1	0	0
OG_5752	1	1	1	1	1	0	2	1	1	1	3	2	1	0	0
OG_5753	3	1	1	1	1	2	1	2	2	1	3	2	1	1	4
OG_5754	0	1	0	2	0	0	0	1	0	2	0	0	0	0	0
OG_5755	1	1	0	1	1	0	1	1	2	1	1	1	1	0	1
OG_5756	4	1	1	2	1	0	1	1	2	1	0	0	2	0	0
OG_5757	0	1	0	1	0	0	0	1	1	2	0	0	0	0	0
OG_5758	0	1	0	1	0	0	0	1	1	2	0	0	0	0	0
OG_5759	1	1	0	1	1	1	1	2	2	1	2	2	1	2	2
OG_5760	1	1	1	2	1	2	1	1	1	1	2	1	1	2	1
OG_5761	15	4	3	10	1	0	8	3	2	1	0	0	7	0	0
OG_5762	16	11	7	10	6	1	11	7	7	4	3	5	10	2	6
OG_5763	5	1	1	2	1	1	5	1	1	2	1	1	2	1	2
OG_5764	0	1	0	1	0	0	0	1	2	1	0	1	0	0	0
OG_5765	1	1	1	1	2	0	1	1	1	0	1	1	1	0	0
OG_5766	1	2	1	2	1	2	1	3	2	3	1	5	1	1	1
OG_5767	123	39	17	73	33	8	29	32	35	19	25	33	29	5	3
OG_5768	7	1	1	6	1	1	1	1	1	2	1	1	1	0	2
OG_5769	0	1	0	3	2	0	0	1	1	1	3	1	0	0	0
OG_5770	1	1	1	1	2	2	1	1	1	1	1	3	1	1	2
OG_5771	2	2	1	2	1	0	1	1	1	1	1	1	1	0	0
OG_5772	0	0	0	1	1	0	0	1	2	1	0	0	0	0	0
OG_5773	1	0	4	2	3	0	1	2	2	2	0	0	1	0	0
OG_5774	5	1	2	1	1	1	7	1	1	2	1	2	2	1	1
OG_5775	0	2	1	2	1	0	1	0	0	1	0	0	1	0	0
OG_5776	2	1	1	5	1	0	1	1	1	1	1	3	1	0	0
OG_5777	0	1	0	3	1	0	0	2	2	2	0	0	0	0	0
OG_5778	2	0	0	1	0	0	0	1	0	0	0	0	2	1	1
OG_5779	1	1	1	1	1	1	1	1	1	1	1	0	1	3	0
OG_5780	0	0	0	1	1	1	0	1	1	1	1	1	0	1	0
OG_5781	1	2	1	2	2	2	1	2	4	4	2	5	1	2	2
OG_5782	0	1	1	1	1	0	1	2	1	1	1	0	0	0	0
OG_5783	4	1	1	1	1	0	1	1	1	2	0	0	1	0	0
OG_5784	1	1	1	1	1	7	1	1	2	2	1	1	1	1	1
OG_5785	4	1	1	1	1	1	2	1	2	1	1	0	5	0	0
OG_5786	15	7	16	16	8	4	4	11	8	8	0	0	8	1	0
OG_5787	3	1	1	2	2	0	2	1	1	1	1	4	2	0	0
OG_5788	0	0	0	0	0	13	0	0	0	0	0	0	0	1	0
OG_5789	1	1	1	2	1	0	2	1	1	1	0	0	3	0	3
OG_5790	15	7	20	12	11	0	5	8	5	9	2	2	5	0	2
OG_5791	3	4	3	2	6	0	5	3	2	1	0	1	4	2	29
OG_5792	3	0	1	4	1	0	2	2	2	1	2	5	1	0	12
OG_5793	0	1	0	1	1	0	0	1	2	1	2	0	0	0	0
OG_5794	2	1	0	1	1	0	1	1	1	1	1	1	2	0	2
OG_5795	0	0	0	7	0	0	0	0	0	1	0	0	0	0	0
OG_5796	1	1	1	2	1	0	1	1	2	1	1	1	1	0	0
OG_5797	1	2	1	1	6	0	3	1	1	1	0	0	2	0	0
OG_5798	0	0	0	1	0	0	0	1	1	0	0	0	0	0	0
OG_5799	1	2	1	2	1	0	1	1	1	2	1	4	2	0	1
OG_5800	2	1	1	1	1	0	1	0	1	1	0	0	4	0	0
OG_5801	1	1	1	1	1	0	2	1	1	2	1	0	2	0	1
OG_5802	2	1	1	6	1	0	2	2	2	3	2	8	2	2	0
OG_5803	0	0	0	6	0	0	0	5	0	2	0	0	0	0	0
OG_5804	1	0	0	2	1	1	1	1	1	1	3	1	1	0	0
OG_5805	1	1	1	1	1	1	1	1	2	2	1	1	1	0	1
OG_5806	1	1	1	1	1	1	1	1	1	1	1	1	1	1	1
OG_5807	0	1	1	1	1	1	1	1	1	1	1	2	1	1	0
OG_5808	0	2	0	6	1	0	0	2	1	4	0	0	0	0	0
OG_5809	1	0	1	2	1	1	1	1	1	1	1	1	1	2	1
OG_5810	3	1	3	2	1	2	4	2	3	2	1	4	7	0	1
OG_5811	4	1	1	1	1	0	2	1	1	1	2	2	2	0	0
OG_5812	4	3	32	5	6	0	0	2	1	2	1	2	0	2	0
OG_5813	4	1	2	4	1	3	2	1	2	3	3	3	3	1	2
OG_5814	1	1	1	2	1	0	1	1	2	1	0	0	1	0	0
OG_5815	10	7	9	19	0	0	4	4	4	6	0	0	7	0	0
OG_5816	13	4	6	7	6	2	7	4	9	3	2	6	29	0	0
OG_5817	1	1	0	1	1	1	0	1	1	1	1	1	0	0	0
OG_5818	1	1	1	1	1	1	1	1	1	1	3	1	1	1	1
OG_5819	1	1	1	1	1	0	1	1	1	2	1	0	1	0	0
OG_5820	1	1	1	1	1	3	1	1	1	1	1	4	1	4	1
OG_5821	0	1	0	1	0	0	0	1	0	1	0	0	0	0	0
OG_5822	0	2	0	1	1	1	0	1	1	1	1	1	0	1	0
OG_5823	3	2	1	2	1	4	1	1	2	1	1	4	2	3	1
OG_5824	3	16	5	19	13	2	4	10	13	12	4	3	4	2	2
OG_5825	4	2	2	2	3	3	3	2	7	1	2	2	2	2	0
OG_5826	0	1	0	1	1	0	0	1	1	1	0	2	0	0	0
OG_5827	0	0	0	1	0	0	0	1	0	1	0	0	0	0	0
OG_5828	3	3	1	3	2	0	1	2	4	3	0	1	1	0	0
OG_5829	2	2	1	1	1	0	2	3	2	1	0	0	1	0	0
OG_5830	1	1	1	1	2	1	1	1	1	1	1	2	1	2	1
OG_5831	5	0	1	1	1	1	2	1	1	1	1	1	2	2	1
OG_5832	1	1	1	1	1	0	1	1	1	0	1	4	1	0	0
OG_5833	1	3	4	6	2	0	2	3	2	4	0	1	3	0	0
OG_5834	1	0	2	4	2	3	1	3	1	8	1	1	1	2	2
OG_5835	1	4	1	3	1	2	1	2	2	5	4	4	1	1	1
OG_5836	1	1	1	3	1	0	1	1	1	0	1	1	1	0	1
OG_5837	1	1	1	1	1	1	1	1	1	1	1	1	1	1	0
OG_5838	0	0	0	1	0	0	0	4	0	2	0	0	0	0	0
OG_5839	5	1	0	2	1	0	1	1	1	1	0	1	1	0	0
OG_5840	24	17	16	25	21	2	12	18	40	12	17	1	15	5	4
OG_5841	2	1	1	4	1	2	1	1	1	2	1	1	1	0	1
OG_5842	0	1	0	2	1	10	0	1	2	1	0	1	0	2	2
OG_5843	5	2	2	1	1	0	2	1	1	2	0	0	2	0	0
OG_5844	1	3	2	3	1	0	1	4	2	2	2	0	1	0	0
OG_5845	1	1	2	2	1	0	2	1	1	2	0	0	2	0	0
OG_5846	1	6	1	2	5	0	1	2	3	2	0	0	1	0	0
OG_5847	6	2	1	1	0	0	1	1	2	1	0	0	0	0	0
OG_5848	0	1	1	2	1	0	0	1	2	1	0	0	0	0	0
OG_5849	0	0	0	2	1	0	0	0	0	0	1	0	0	0	0
OG_5850	0	1	0	1	1	0	0	1	1	1	0	0	0	0	0
OG_5851	2	2	1	3	1	1	1	1	2	3	8	1	2	10	3
OG_5852	3	4	5	4	4	2	3	4	4	5	1	2	4	4	2
OG_5853	0	1	0	10	3	0	0	2	1	4	0	0	0	0	0
OG_5854	0	0	0	2	0	0	0	3	0	2	0	0	0	0	0
OG_5855	0	2	0	2	0	0	0	2	1	0	0	0	0	0	0
OG_5856	2	1	1	1	1	1	3	2	1	1	1	1	3	1	0
OG_5857	0	13	0	4	3	0	0	4	14	4	1	3	0	0	0
OG_5858	2	1	1	1	1	2	1	1	1	1	1	6	1	1	3
OG_5859	2	1	1	1	1	2	2	1	2	1	0	2	2	1	1
OG_5860	5	37	16	56	16	0	3	17	14	29	9	4	3	0	29
OG_5861	4	3	1	3	1	10	1	1	2	2	1	2	2	1	0
OG_5862	1	1	1	1	1	0	1	1	1	1	0	0	1	0	0
OG_5863	3	1	1	6	1	2	5	1	1	3	1	1	3	4	1
OG_5864	0	2	0	1	1	0	0	0	1	0	5	0	0	0	0
OG_5865	0	1	0	1	0	0	0	1	1	1	1	2	0	0	0
OG_5866	0	1	0	1	2	0	0	2	3	3	1	1	0	0	0
OG_5867	1	6	11	5	2	0	1	8	5	4	0	2	1	0	0
OG_5868	0	0	0	1	0	0	0	1	1	1	1	1	0	0	0
OG_5869	5	1	1	3	1	2	0	1	1	3	3	2	0	0	1
OG_5870	0	4	0	3	8	0	0	3	2	2	6	0	0	0	0
OG_5871	0	1	0	2	0	0	3	6	0	0	0	0	0	0	0
OG_5872	0	0	0	6	0	0	0	11	6	1	0	0	0	0	0
OG_5873	10	30	12	20	23	36	7	31	17	18	12	25	9	19	4
OG_5874	3	2	1	2	1	0	2	1	1	0	1	2	2	0	0
OG_5875	28	1	1	1	1	0	4	1	1	1	9	10	1	0	1
OG_5876	2	4	0	2	6	0	1	3	3	2	0	0	1	0	0
OG_5877	1	1	1	2	1	3	1	1	1	1	1	2	1	6	1
OG_5878	4	3	3	2	2	0	2	2	2	3	2	7	2	0	6
OG_5879	15	4	3	9	5	0	8	3	4	3	1	0	9	0	0
OG_5880	21	11	14	33	14	1	20	24	20	19	8	5	20	2	1
OG_5881	0	1	0	1	1	0	0	1	1	3	0	1	0	0	0
OG_5882	2	1	1	2	1	0	2	2	1	1	0	4	2	2	0
OG_5883	1	0	0	1	1	0	1	0	1	1	0	2	0	0	0
OG_5884	0	4	0	5	0	0	0	3	4	1	0	0	0	0	0
OG_5885	6	6	2	22	18	0	1	9	3	4	1	2	3	0	0
OG_5886	7	2	3	16	5	0	2	9	3	9	0	0	3	0	0
OG_5887	21	9	5	12	5	5	7	10	7	5	7	30	7	1	1
OG_5888	1	8	15	24	7	6	0	15	5	4	0	0	1	1	0
OG_5889	5	2	3	9	1	0	7	11	1	5	0	0	3	0	0
OG_5890	8	2	2	9	8	0	4	3	3	3	1	1	4	0	4
OG_5891	63	18	12	56	76	1	10	26	28	13	8	19	12	2	0
OG_5892	1	1	1	3	1	0	1	1	1	1	1	0	1	0	0
OG_5893	15	10	10	20	27	11	7	28	22	12	7	14	6	9	1
OG_5894	1	1	1	1	1	0	1	1	1	2	0	0	1	0	0
OG_5895	0	0	0	10	0	0	0	11	0	3	0	0	0	0	0
OG_5896	0	1	1	2	1	3	0	1	1	1	1	4	0	1	1
OG_5897	11	1	4	1	4	0	1	1	3	1	0	1	1	0	1
OG_5898	15	4	6	28	11	0	2	1	7	4	0	1	0	0	0
OG_5899	1	1	1	2	1	2	2	3	1	1	1	1	1	6	0
OG_5900	0	0	0	6	0	0	0	5	0	1	0	0	0	0	0
OG_5901	1	3	1	1	1	0	1	1	1	1	0	0	1	0	0
OG_5902	0	1	1	0	1	0	3	1	1	0	1	1	3	0	0
OG_5903	1	1	0	0	5	0	1	2	1	1	1	0	1	0	0
OG_5904	0	0	2	0	6	0	0	0	0	0	1	0	0	0	0
OG_5905	3	0	1	1	1	1	1	1	1	1	1	1	1	1	1
OG_5906	10	11	23	1	22	1	14	7	14	1	0	1	5	0	0
OG_5907	6	1	16	1	25	0	4	8	0	1	4	0	5	0	0
OG_5908	0	0	0	0	1	0	1	1	0	0	0	0	1	0	0
OG_5909	0	0	2	0	1	0	2	1	0	0	0	4	1	1	0
OG_5910	12	5	16	2	4	3	10	31	7	2	2	0	6	0	0
OG_5911	0	0	2	0	2	14	1	1	0	0	2	1	1	0	1
OG_5912	3	3	1	3	3	7	1	3	4	7	3	2	1	0	0
OG_5913	9	2	2	1	16	3	4	1	1	2	2	2	3	1	0
OG_5914	2	4	19	16	51	3	5	12	12	8	2	3	3	0	1
OG_5915	1	7	22	1	9	0	4	0	5	0	1	1	5	0	0
OG_5916	0	1	0	0	1	0	0	1	1	1	2	3	0	0	0
OG_5917	0	14	1	3	7	0	0	3	3	2	1	0	0	0	0
OG_5918	1	5	0	0	7	0	1	0	2	0	0	0	0	0	0
OG_5919	0	1	0	0	12	0	0	3	2	0	3	0	1	0	0
OG_5920	0	2	6	0	8	0	0	0	2	0	0	0	0	0	0
OG_5921	7	5	2	9	5	0	2	3	5	3	4	5	2	0	0
OG_5922	1	1	9	1	13	1	1	1	1	1	2	0	2	0	1
OG_5923	5	1	1	3	2	0	16	1	1	1	0	3	3	0	0
OG_5924	1	5	1	3	7	0	3	2	1	2	3	1	2	0	0
OG_5925	2	2	3	3	2	0	2	2	1	4	1	1	2	0	0
OG_5926	2	2	4	1	4	0	7	29	2	0	2	1	2	0	0
OG_5927	1	0	2	0	9	0	2	0	0	0	0	0	0	0	0
OG_5928	0	1	0	0	8	0	1	0	0	0	3	0	0	0	0
OG_5929	2	0	1	1	2	0	1	0	0	0	0	0	1	0	0
OG_5930	1	0	1	0	1	0	1	1	1	0	1	1	1	0	0
OG_5931	0	0	4	0	2	0	1	0	3	0	0	0	3	0	0
OG_5932	0	0	0	2	1	0	0	0	1	1	0	0	0	0	0
OG_5933	0	1	1	0	2	0	0	2	1	0	2	1	0	0	0
OG_5934	0	1	0	2	1	0	0	1	0	1	0	0	0	0	0
OG_5935	6	2	3	3	12	0	2	7	7	2	16	3	1	0	1
OG_5936	10	1	3	2	3	0	6	1	1	1	0	0	7	0	0
OG_5937	1	1	1	1	1	2	1	1	3	1	3	1	1	4	3
OG_5938	7	1	4	1	9	1	7	1	3	1	2	0	2	0	5
OG_5939	2	2	0	0	4	0	3	0	0	0	4	1	4	0	0
OG_5940	21	7	6	18	10	1	9	7	7	12	5	1	9	0	10
OG_5941	1	3	3	0	7	19	1	1	1	3	0	6	3	5	0
OG_5942	3	2	1	0	10	0	13	0	0	0	0	0	14	0	0
OG_5943	0	0	1	0	9	0	0	0	1	0	0	0	0	0	0
OG_5944	0	0	4	0	1	0	1	0	0	0	0	0	3	0	0
OG_5945	3	13	2	5	17	0	1	3	15	3	2	4	1	14	5
OG_5946	0	0	0	0	5	1	0	1	0	0	4	0	0	0	0
OG_5947	0	3	4	0	8	0	1	0	2	0	0	0	1	0	0
OG_5948	1	3	2	2	4	0	1	1	2	2	0	0	1	0	0
OG_5949	1	2	1	5	5	0	0	23	0	0	1	1	0	0	0
OG_5950	12	2	1	15	2	0	1	2	2	9	2	5	1	0	0
OG_5951	16	8	26	0	42	0	2	2	0	1	13	1	3	0	0
OG_5952	1	3	0	0	7	0	0	0	0	0	0	0	1	0	0
OG_5953	4	1	1	1	4	1	2	1	1	1	2	0	2	2	1
OG_5954	1	1	1	3	2	1	2	1	1	1	2	1	3	3	1
OG_5955	4	2	1	3	4	2	8	3	3	2	5	1	1	3	0
OG_5956	0	19	1	0	20	4	0	1	7	6	0	0	0	0	0
OG_5957	0	1	1	0	3	0	2	0	0	0	0	0	0	0	0
OG_5958	0	0	0	0	1	0	1	0	0	0	0	1	1	1	0
OG_5959	0	1	0	1	1	0	0	1	1	0	1	6	1	0	0
OG_5960	1	4	1	2	2	0	1	4	4	4	0	0	1	0	0
OG_5961	18	6	15	5	31	13	14	7	19	6	11	9	14	11	2
OG_5962	0	1	1	2	2	0	0	1	1	1	0	0	0	0	0
OG_5963	0	0	0	0	1	0	1	1	0	0	0	0	0	0	0
OG_5964	0	0	0	0	4	0	0	0	0	0	0	0	1	0	0
OG_5965	8	11	2	1	25	7	6	6	10	5	4	2	2	6	0
OG_5966	2	1	1	1	2	0	1	1	1	1	1	0	1	0	0
OG_5967	2	1	1	1	2	0	1	1	1	1	1	1	2	1	0
OG_5968	0	2	5	0	5	0	5	0	0	0	0	0	4	0	0
OG_5969	0	1	0	0	12	0	0	5	0	0	1	0	2	0	0
OG_5970	1	1	1	0	9	3	1	1	1	2	1	2	2	1	2
OG_5971	2	0	0	0	10	2	0	0	0	0	0	0	0	0	3
OG_5972	32	1	5	3	14	3	20	12	3	0	9	3	14	7	6
OG_5973	0	5	0	0	9	0	0	0	15	0	3	1	0	0	0
OG_5974	1	1	4	1	5	0	1	1	1	1	1	3	2	1	0
OG_5975	8	2	2	4	7	0	4	2	2	2	2	2	3	0	0
OG_5976	13	12	1	2	2	0	1	1	2	1	0	1	1	0	1
OG_5977	1	1	2	1	2	0	3	1	1	4	0	1	1	0	0
OG_5978	12	1	1	1	17	0	2	9	1	2	1	1	1	0	0
OG_5979	1	1	1	2	1	1	1	1	1	1	1	1	1	1	1
OG_5980	2	1	3	2	1	1	1	1	1	1	4	2	1	1	0
OG_5981	7	0	1	0	13	0	2	0	0	0	0	0	1	0	0
OG_5982	1	3	2	1	6	1	2	3	4	1	3	2	2	8	10
OG_5983	0	2	1	0	2	0	0	0	10	0	0	0	0	0	0
OG_5984	0	0	1	0	2	0	0	0	0	0	0	0	0	0	0
OG_5985	3	8	2	3	7	0	3	3	5	4	2	4	3	0	0
OG_5986	7	3	12	2	23	46	8	2	1	0	1	0	6	14	0
OG_5987	0	0	0	0	4	0	0	0	1	0	0	0	0	0	0
OG_5988	3	1	1	1	3	1	1	4	1	1	1	2	1	0	1
OG_5989	1	1	1	1	1	0	1	1	2	1	0	0	0	0	0
OG_5990	1	1	2	1	2	0	3	1	1	1	0	0	1	1	0
OG_5991	0	8	25	0	11	0	11	12	0	1	0	3	7	0	0
OG_5992	1	2	2	2	1	0	1	1	2	5	0	5	1	0	0
OG_5993	1	1	0	1	2	1	2	1	1	1	2	0	2	2	1
OG_5994	1	1	1	1	13	1	1	1	1	1	1	1	1	3	2
OG_5995	0	1	1	1	1	0	1	1	1	2	1	2	1	0	0
OG_5996	0	1	10	0	7	0	0	0	0	0	0	0	0	0	0
OG_5997	0	0	1	0	6	0	1	0	1	0	1	0	0	0	0
OG_5998	7	22	46	1	15	20	31	9	0	1	16	0	1	0	0
OG_5999	1	1	1	1	2	1	1	1	1	1	1	1	1	1	4
OG_6000	2	3	4	2	9	0	3	2	3	3	1	2	2	0	0
OG_6001	3	2	3	4	4	9	2	1	3	3	1	5	1	12	1
OG_6002	0	0	4	0	2	0	3	0	1	0	0	0	4	0	0
OG_6003	1	1	1	1	3	0	1	1	1	1	1	2	1	1	0
OG_6004	29	13	25	11	43	0	26	13	15	1	34	9	4	0	0
OG_6005	1	1	1	1	1	1	1	1	1	1	0	1	1	1	1
OG_6006	0	5	1	0	1	0	1	0	0	0	0	0	1	0	0
OG_6007	0	0	0	0	2	0	2	0	1	0	0	0	0	0	0
OG_6008	0	4	2	0	9	0	4	0	0	0	1	0	0	0	0
OG_6009	0	0	0	0	1	0	5	0	0	0	2	0	2	0	0
OG_6010	0	1	0	0	2	0	0	1	1	0	0	0	0	0	0
OG_6011	2	6	7	1	11	1	5	4	4	1	2	4	7	2	1
OG_6012	37	12	12	35	18	14	15	18	19	32	13	19	16	2	3
OG_6013	5	14	12	14	21	0	3	28	7	9	6	4	1	1	9
OG_6014	1	1	2	1	2	0	1	1	1	1	1	1	1	0	1
OG_6015	0	1	0	5	1	0	0	1	1	2	0	0	0	0	0
OG_6016	1	1	1	1	1	0	2	1	1	1	0	0	1	0	0
OG_6017	2	2	0	1	1	0	2	1	2	1	0	0	2	0	0
OG_6018	0	1	0	2	3	0	0	1	2	1	0	0	0	0	0
OG_6019	1	1	0	3	1	0	0	1	1	2	0	0	1	0	0
OG_6020	1	6	2	5	14	7	5	15	3	5	2	0	3	0	0
OG_6021	1	1	1	1	1	0	1	1	0	1	0	0	1	0	0
OG_6022	3	1	1	5	1	0	0	0	1	3	3	0	0	0	0
OG_6023	0	0	2	0	2	0	0	0	0	0	0	0	0	0	0
OG_6024	0	1	0	4	1	1	0	1	1	4	2	4	0	2	0
OG_6025	1	2	1	1	2	0	2	1	2	2	2	3	2	1	2
OG_6026	1	1	1	3	1	0	0	1	1	2	2	1	0	0	0
OG_6027	0	3	0	0	9	0	0	4	0	0	0	0	0	0	0
OG_6028	0	1	2	1	2	0	0	1	1	5	0	0	0	0	0
OG_6029	2	2	1	2	2	2	1	1	1	1	1	4	0	3	0
OG_6030	1	1	1	2	4	0	1	1	1	0	1	2	1	0	0
OG_6031	0	2	1	0	2	0	2	1	1	1	0	0	2	0	0
OG_6032	1	1	0	1	3	0	1	1	0	1	0	0	1	0	0
OG_6033	0	2	6	4	9	0	0	2	4	2	0	0	0	0	1
OG_6034	0	14	0	0	15	0	0	6	9	0	0	0	0	0	0
OG_6035	6	2	5	2	4	3	5	2	4	0	0	1	4	3	2
OG_6036	0	5	0	2	7	0	0	1	0	1	0	0	0	1	0
OG_6037	0	0	7	0	7	0	6	2	1	0	0	0	2	0	0
OG_6038	0	1	1	0	8	0	0	1	0	0	0	0	1	0	0
OG_6039	6	17	6	4	19	6	4	1	11	6	3	2	4	11	2
OG_6040	2	2	5	0	6	0	4	7	0	0	1	0	4	0	0
OG_6041	0	2	0	0	12	0	0	1	8	0	0	0	0	0	0
OG_6042	1	1	1	3	2	2	0	1	1	1	3	1	1	0	0
OG_6043	23	9	9	8	13	3	15	13	7	6	8	15	15	4	1
OG_6044	0	1	0	0	1	0	0	0	0	0	2	1	0	0	1
OG_6045	1	1	4	3	2	1	1	1	1	1	2	1	1	0	2
OG_6046	0	0	0	0	15	0	1	0	0	0	1	0	0	0	0
OG_6047	0	1	0	0	1	0	0	0	1	0	0	0	0	0	0
OG_6048	4	2	2	1	12	0	2	1	1	3	0	3	1	1	7
OG_6049	17	7	5	6	13	11	9	9	7	6	6	15	5	2	9
OG_6050	1	1	1	0	2	0	1	1	1	1	1	1	1	0	0
OG_6051	0	3	1	0	1	0	0	1	3	0	1	1	0	0	0
OG_6052	0	2	0	3	17	0	0	1	2	0	0	0	0	0	0
OG_6053	3	4	4	0	7	0	11	16	3	1	1	0	1	0	0
OG_6054	1	1	1	1	1	8	1	1	1	1	1	2	1	2	0
OG_6055	0	0	1	0	4	0	4	3	1	0	0	0	2	0	0
OG_6056	0	4	0	4	5	0	0	3	1	1	0	0	0	1	1
OG_6057	1	1	1	2	2	0	3	1	1	1	2	1	2	0	0
OG_6058	8	19	34	6	34	6	73	38	7	1	4	0	29	38	2
OG_6059	3	5	7	3	11	0	0	6	6	4	3	5	0	0	9
OG_6060	1	1	1	1	1	0	1	1	1	2	1	1	1	2	1
OG_6061	7	12	2	13	13	0	8	30	23	11	3	3	1	0	0
OG_6062	0	1	0	0	1	0	0	1	6	0	1	0	0	0	0
OG_6063	0	8	0	10	6	0	0	6	4	9	8	1	0	0	0
OG_6064	21	6	0	1	52	52	10	2	1	0	29	0	1	50	1
OG_6065	1	1	1	0	2	1	1	8	1	3	1	3	1	1	1
OG_6066	1	1	1	1	1	1	1	1	1	1	1	2	1	0	1
OG_6067	2	1	1	1	1	0	1	1	1	1	2	2	1	0	0
OG_6068	1	3	0	1	1	0	0	2	2	2	0	0	1	0	0
OG_6069	5	7	10	3	12	0	5	3	3	1	15	0	9	0	7
OG_6070	0	6	10	0	34	0	8	0	24	0	23	4	0	0	0
OG_6071	4	0	3	0	1	3	1	0	0	0	0	0	1	1	0
OG_6072	0	3	0	0	14	0	0	0	1	0	0	2	0	0	0
OG_6073	0	0	1	1	4	1	2	0	5	0	0	2	1	0	0
OG_6074	1	2	1	1	7	1	1	2	1	2	0	2	1	1	1
OG_6075	0	0	0	0	7	0	0	1	1	0	0	0	0	0	0
OG_6076	0	1	2	0	1	0	0	0	0	0	0	0	0	0	0
OG_6077	0	4	1	1	3	0	0	1	9	1	2	0	0	0	0
OG_6078	7	4	6	6	7	8	4	10	10	6	10	4	5	0	0
OG_6079	1	1	1	1	2	2	1	1	1	1	1	3	2	2	1
OG_6080	1	1	1	2	6	1	1	1	3	1	4	2	1	2	1
OG_6081	0	0	0	1	2	0	0	1	0	2	0	0	0	0	0
OG_6082	8	1	1	5	2	0	1	1	1	1	3	6	1	0	3
OG_6083	0	2	2	1	3	0	1	0	4	1	0	0	1	0	0
OG_6084	1	1	1	1	1	0	1	0	1	1	1	1	1	0	1
OG_6085	5	2	3	4	2	1	3	1	2	3	1	1	3	4	0
OG_6086	1	2	1	1	17	0	1	1	2	1	12	1	1	0	1
OG_6087	8	8	6	11	11	16	8	9	10	9	2	15	6	8	2
OG_6088	1	4	0	0	13	0	0	2	1	0	7	10	1	0	0
OG_6089	0	39	0	0	8	1	0	0	7	0	3	0	0	0	15
OG_6090	2	2	2	2	4	0	1	1	2	1	1	1	1	0	0
OG_6091	0	1	0	1	2	0	0	5	3	6	3	0	0	0	0
OG_6092	0	0	2	0	28	0	0	0	39	0	0	0	1	0	0
OG_6093	0	0	1	0	2	0	1	5	0	0	2	4	1	2	0
OG_6094	0	0	1	0	2	0	0	3	2	0	0	0	0	0	0
OG_6095	0	10	1	0	3	23	0	0	0	0	4	0	0	0	0
OG_6096	1	1	1	1	1	0	1	1	1	1	1	0	1	1	1
OG_6097	0	0	2	0	2	0	0	0	0	0	0	0	0	0	0
OG_6098	0	0	0	0	1	2	0	0	0	0	1	1	0	1	0
OG_6099	0	19	22	0	6	0	0	14	2	0	0	0	0	14	0
OG_6100	19	21	10	19	15	14	9	18	19	17	7	11	9	2	2
OG_6101	2	1	1	0	1	0	1	0	1	1	0	0	2	0	0
OG_6102	0	6	0	1	2	0	0	0	1	1	0	0	0	0	0
OG_6103	5	1	2	0	8	0	3	0	0	0	2	3	0	0	0
OG_6104	0	0	0	0	1	4	2	0	0	0	0	0	2	3	0
OG_6105	0	3	0	2	3	0	0	1	1	1	0	0	0	0	0
OG_6106	12	9	8	13	11	7	8	8	6	8	3	4	7	7	3
OG_6107	1	1	1	1	3	0	1	0	1	0	0	0	1	0	0
OG_6108	1	2	1	1	7	0	1	1	1	2	3	5	1	0	0
OG_6109	3	0	6	0	10	0	9	5	3	0	0	0	4	0	0
OG_6110	6	6	2	3	18	23	3	4	4	3	13	5	5	5	22
OG_6111	0	0	0	0	1	0	0	1	1	0	0	0	0	0	0
OG_6112	0	1	0	1	3	3	0	3	1	1	1	2	0	2	1
OG_6113	5	8	1	4	20	0	8	0	3	1	1	0	7	0	0
OG_6114	4	8	1	2	2	1	3	1	3	1	1	2	2	6	11
OG_6115	0	2	3	14	6	0	0	2	1	1	0	0	0	0	0
OG_6116	3	8	1	2	3	0	1	2	8	5	0	0	1	0	0
OG_6117	36	37	28	36	42	2	19	27	18	15	43	28	10	2	41
OG_6118	13	7	13	8	11	0	4	2	4	3	2	1	8	0	0
OG_6119	0	2	0	2	3	0	0	1	5	2	0	0	0	0	0
OG_6120	0	3	3	0	4	0	3	0	1	0	0	0	2	0	0
OG_6121	1	1	0	1	4	0	0	0	1	1	0	1	0	0	0
OG_6122	13	4	25	1	2	0	7	3	1	0	2	1	1	1	14
OG_6123	13	1	1	5	2	0	4	2	1	2	0	0	6	0	0
OG_6124	0	1	0	0	1	0	1	0	2	0	0	0	2	0	0
OG_6125	3	0	15	2	25	10	9	1	1	2	5	1	13	40	0
OG_6126	1	1	2	1	1	0	1	1	1	1	1	1	1	0	0
OG_6127	3	0	14	2	4	0	6	9	8	0	3	0	0	0	1
OG_6128	0	0	2	0	2	0	2	0	1	0	0	0	0	0	0
OG_6129	2	2	2	2	2	14	2	2	2	3	0	2	2	6	1
OG_6130	0	0	0	0	2	0	0	0	0	0	1	0	0	0	0
OG_6131	0	0	0	0	2	0	3	0	1	0	0	0	10	0	0
OG_6132	0	0	2	0	2	0	0	1	0	0	2	0	0	0	0
OG_6133	0	1	1	2	3	0	0	1	6	1	0	0	0	0	0
OG_6134	1	1	1	1	2	0	2	1	1	1	1	2	1	0	0
OG_6135	0	0	0	0	3	0	1	0	0	0	0	0	1	0	0
OG_6136	0	4	0	0	6	0	7	0	2	0	0	0	0	0	1
OG_6137	2	6	2	2	5	0	2	2	5	2	3	1	2	0	0
OG_6138	2	1	9	3	2	0	5	4	1	0	0	0	1	0	0
OG_6139	0	0	0	1	6	0	0	1	0	2	0	0	0	0	0
OG_6140	0	0	1	0	2	0	0	0	0	0	0	0	0	0	0
OG_6141	1	5	0	0	4	0	0	0	0	0	0	0	6	0	0
OG_6142	1	1	1	1	1	1	3	1	1	1	1	0	3	1	1
OG_6143	2	1	1	3	3	3	2	1	1	1	3	2	1	3	1
OG_6144	2	2	1	1	6	2	2	1	1	1	1	1	1	2	1
OG_6145	6	1	1	1	1	1	2	1	1	1	1	3	6	0	1
OG_6146	2	2	1	2	2	0	1	1	1	5	0	0	1	0	0
OG_6147	34	17	16	36	17	1	15	16	14	37	5	10	15	0	2
OG_6148	8	0	8	2	5	18	8	0	0	0	1	0	0	1	0
OG_6149	2	12	9	6	6	1	4	16	6	10	2	0	2	12	0
OG_6150	0	4	4	0	11	0	16	3	3	1	0	0	9	0	42
OG_6151	0	0	14	2	16	0	0	2	3	0	2	0	0	0	0
OG_6152	0	2	23	0	18	20	2	1	4	0	10	5	3	0	0
OG_6153	2	0	4	2	7	1	11	0	9	1	0	0	4	0	0
OG_6154	0	2	1	0	3	0	0	0	0	0	0	0	0	0	0
OG_6155	52	8	6	30	10	12	8	7	9	32	7	14	7	12	6
OG_6156	0	12	12	0	54	0	0	17	16	0	2	2	0	0	1
OG_6157	0	30	0	4	4	0	0	14	5	10	16	0	0	0	0
OG_6158	3	1	1	1	1	8	1	1	1	1	3	3	1	1	1
OG_6159	0	0	1	0	1	0	2	0	0	0	0	0	4	0	0
OG_6160	1	1	1	1	2	3	2	1	1	1	2	2	2	3	1
OG_6161	0	14	0	1	19	0	0	4	0	1	0	0	0	0	0
OG_6162	2	1	1	1	1	0	9	3	1	1	0	0	4	3	4
OG_6163	5	0	7	5	7	3	6	5	5	5	7	1	5	9	0
OG_6164	1	2	1	1	1	1	1	1	0	1	0	1	0	0	0
OG_6165	0	4	2	1	6	0	2	2	2	2	0	0	1	0	0
OG_6166	2	0	2	1	7	0	1	0	1	0	0	0	1	0	0
OG_6167	0	3	0	0	2	0	0	0	3	0	4	0	0	0	0
OG_6168	0	0	2	0	4	0	1	0	0	0	3	0	0	0	0
OG_6169	1	1	1	1	1	1	1	2	1	1	2	3	1	1	0
OG_6170	8	0	14	2	7	5	3	0	6	1	7	0	6	0	0
OG_6171	0	1	1	4	1	0	0	0	2	0	0	0	0	0	0
OG_6172	18	19	7	18	12	8	8	11	9	23	1	8	6	32	5
OG_6173	0	0	0	0	1	0	0	1	1	1	1	0	0	0	0
OG_6174	0	6	12	0	6	0	3	0	10	0	2	0	5	0	0
OG_6175	0	2	0	0	4	0	0	1	0	1	0	0	0	0	0
OG_6176	0	7	5	0	3	0	0	2	0	0	3	0	0	0	0
OG_6177	7	7	6	18	8	0	4	12	10	11	16	15	7	0	0
OG_6178	1	2	2	1	2	0	1	6	3	5	1	4	1	0	0
OG_6179	0	0	0	0	6	0	1	0	0	0	0	0	4	0	0
OG_6180	11	9	17	0	22	0	10	0	2	0	10	0	10	0	0
OG_6181	2	1	1	2	1	0	1	1	1	2	3	1	1	0	2
OG_6182	10	2	4	3	8	0	4	0	4	0	0	0	10	0	0
OG_6183	0	0	0	0	5	0	0	0	0	0	0	0	0	0	6
OG_6184	1	2	1	3	15	2	1	2	1	1	1	2	1	1	1
OG_6185	19	3	3	9	9	0	8	10	6	4	2	0	5	0	0
OG_6186	0	0	4	4	12	0	0	1	0	0	0	0	0	0	1
OG_6187	0	23	0	1	20	0	5	0	1	0	0	0	4	0	0
OG_6188	0	0	4	0	2	0	1	0	0	0	0	0	0	0	0
OG_6189	71	27	14	45	29	0	11	27	19	12	8	0	8	0	0
OG_6190	7	1	4	3	13	0	8	5	17	1	5	0	2	6	1
OG_6191	4	1	1	1	2	1	2	2	3	1	8	4	2	4	1
OG_6192	2	0	5	1	5	0	0	12	2	0	3	0	2	0	0
OG_6193	0	3	3	0	11	0	4	1	0	1	1	0	1	0	0
OG_6194	0	16	4	5	6	0	8	2	0	1	3	1	6	0	0
OG_6195	3	3	2	2	3	0	2	1	4	3	2	2	2	0	1
OG_6196	1	1	1	2	2	0	1	1	1	1	1	1	1	0	3
OG_6197	2	6	8	1	2	0	8	0	3	0	1	0	3	0	0
OG_6198	8	2	3	6	4	3	3	4	2	4	2	6	2	2	2
OG_6199	1	1	1	1	1	2	2	1	1	1	1	1	2	0	0
OG_6200	2	4	1	3	4	0	3	3	4	3	2	3	3	0	1
OG_6201	0	0	11	0	6	0	0	1	0	0	0	0	0	0	0
OG_6202	0	0	0	0	1	0	1	0	1	0	0	0	1	0	0
OG_6203	4	0	0	0	7	0	5	1	0	0	0	0	3	0	0
OG_6204	3	4	16	0	6	0	3	4	0	0	3	0	4	0	0
OG_6205	1	1	2	0	3	0	1	1	1	0	1	1	1	0	0
OG_6206	19	1	11	0	29	0	9	0	15	0	0	2	15	2	19
OG_6207	3	1	1	3	2	2	1	2	3	3	2	2	1	3	0
OG_6208	0	3	7	0	10	0	1	0	5	0	0	0	2	0	0
OG_6209	1	8	0	2	13	0	2	8	4	1	0	0	0	0	0
OG_6210	1	1	1	1	10	0	1	1	1	1	2	1	1	0	0
OG_6211	0	1	0	0	1	0	0	1	1	1	0	0	0	0	1
OG_6212	4	1	5	6	12	0	4	5	2	1	1	1	2	0	2
OG_6213	2	1	1	1	2	3	1	1	4	1	1	8	1	4	1
OG_6214	0	0	3	0	2	0	1	0	2	0	1	0	1	0	0
OG_6215	0	0	0	0	3	0	0	2	1	0	0	0	0	0	0
OG_6216	0	1	5	3	1	0	2	0	1	0	0	0	0	4	0
OG_6217	1	3	1	1	4	0	1	4	1	4	1	1	1	0	0
OG_6218	29	17	13	17	54	19	16	28	14	15	10	27	7	1	90
OG_6219	1	1	1	2	1	0	3	1	1	1	1	1	2	0	0
OG_6220	3	1	1	4	2	0	2	1	1	0	0	5	1	0	0
OG_6221	4	4	4	4	17	0	3	2	7	3	2	2	3	0	0
OG_6222	4	0	0	0	1	0	1	0	1	0	0	0	1	0	0
OG_6223	2	0	1	1	2	1	1	1	1	1	2	1	1	1	0
OG_6224	1	1	2	1	2	3	1	1	1	1	0	0	1	2	0
OG_6225	0	0	1	0	1	0	0	0	0	0	0	0	0	0	0
OG_6226	8	2	33	1	11	0	14	2	5	0	11	2	11	0	40
OG_6227	2	1	1	2	11	4	1	1	1	1	1	4	1	0	1
OG_6228	8	26	6	7	28	0	5	10	8	3	0	1	4	0	0
OG_6229	0	6	0	0	1	0	1	0	0	0	0	3	0	0	0
OG_6230	0	3	0	0	1	0	4	0	2	0	0	0	0	0	0
OG_6231	2	1	1	2	1	4	1	1	1	4	4	1	2	4	3
OG_6232	0	0	0	0	1	0	2	2	0	0	0	0	0	0	0
OG_6233	0	7	0	3	1	0	0	2	3	2	0	0	0	0	0
OG_6234	4	33	9	35	26	1	8	3	27	27	5	2	6	0	4
OG_6235	1	3	6	1	4	0	5	0	2	0	1	0	1	0	0
OG_6236	0	0	0	0	1	0	0	1	1	2	0	0	0	0	0
OG_6237	1	0	1	1	1	0	0	1	1	1	2	3	0	0	0
OG_6238	2	4	3	4	5	2	3	2	6	6	2	9	5	2	18
OG_6239	26	17	15	0	5	1	13	4	5	1	7	16	8	0	0
OG_6240	2	1	1	1	1	0	1	1	1	1	0	0	2	0	0
OG_6241	1	1	1	1	6	2	1	1	3	2	5	2	0	2	3
OG_6242	5	2	4	3	14	2	3	2	3	4	4	2	4	4	0
OG_6243	5	1	1	2	1	0	2	2	1	2	0	0	2	0	0
OG_6244	1	1	1	1	1	1	1	1	1	1	0	1	1	0	0
OG_6245	0	20	2	9	28	1	0	0	15	3	5	1	0	0	1
OG_6246	11	10	5	10	12	0	9	6	12	9	4	4	8	0	0
OG_6247	1	0	8	0	11	0	5	0	0	0	0	0	3	0	0
OG_6248	0	0	3	0	2	0	0	0	0	0	0	0	0	0	0
OG_6249	1	1	1	1	7	3	1	1	1	1	1	1	1	1	1
OG_6250	2	8	19	1	13	0	14	0	5	0	2	0	9	0	0
OG_6251	0	4	18	0	8	0	1	0	0	0	0	0	0	0	0
OG_6252	2	3	1	5	3	3	2	2	2	3	2	1	3	4	1
OG_6253	5	1	8	0	7	0	3	1	0	0	0	0	0	0	0
OG_6254	1	1	1	0	2	1	2	0	1	0	1	1	1	0	1
OG_6255	0	0	0	0	1	0	0	2	0	0	0	0	0	0	0
OG_6256	0	1	1	0	1	0	1	1	1	0	0	0	0	0	0
OG_6257	1	5	7	3	4	10	0	0	0	0	0	0	1	0	0
OG_6258	7	2	0	0	3	0	8	4	2	1	6	0	5	0	0
OG_6259	0	1	8	0	8	0	1	0	0	0	0	0	0	0	0
OG_6260	12	7	4	7	8	1	8	7	5	5	4	3	6	3	5
OG_6261	2	2	2	1	3	2	2	2	3	2	1	2	2	0	3
OG_6262	2	2	1	2	2	1	1	1	1	1	2	1	3	5	111
OG_6263	13	1	1	12	1	0	1	1	1	6	1	9	1	0	0
OG_6264	11	7	4	8	5	0	5	6	7	7	3	9	6	0	2
OG_6265	5	3	4	5	17	0	2	4	2	7	4	7	2	0	0
OG_6266	0	2	0	1	2	0	0	1	1	1	0	1	0	0	1
OG_6267	35	15	55	4	40	2	22	7	6	1	4	1	18	9	0
OG_6268	1	1	1	2	1	1	1	0	1	1	1	1	1	0	1
OG_6269	7	7	24	3	40	2	16	26	9	1	4	4	11	0	2
OG_6270	15	5	1	3	8	0	13	4	6	6	0	0	11	0	0
OG_6271	1	1	1	2	3	0	3	2	1	1	2	3	1	0	0
OG_6272	0	0	8	1	1	0	3	0	1	0	0	0	1	0	0
OG_6273	1	1	1	1	1	1	1	1	1	1	1	1	1	1	1
OG_6274	0	1	0	0	1	0	0	0	1	0	3	0	0	0	0
OG_6275	7	1	2	5	6	0	8	1	3	1	1	0	5	0	1
OG_6276	9	16	14	2	12	0	3	1	12	2	3	2	4	6	12
OG_6277	0	1	1	0	1	0	1	1	0	2	1	0	1	0	0
OG_6278	1	4	4	4	12	2	1	6	6	1	1	2	2	0	0
OG_6279	3	14	8	40	27	0	10	19	19	1	2	14	5	0	0
OG_6280	1	16	11	0	9	0	0	6	7	2	8	0	0	0	0
OG_6281	1	0	1	0	1	0	1	0	0	0	0	0	1	0	0
OG_6282	1	1	4	2	1	0	1	0	1	1	5	1	0	0	0
OG_6283	12	5	5	18	6	14	5	5	5	9	9	14	4	0	0
OG_6284	13	2	1	3	2	2	3	1	1	5	2	8	3	2	2
OG_6285	1	1	2	1	3	0	1	1	2	2	2	2	2	0	1
OG_6286	1	1	1	1	1	0	1	1	1	2	0	0	1	0	0
OG_6287	1	4	1	1	3	0	1	1	1	1	3	10	1	0	0
OG_6288	3	3	1	2	3	0	2	2	0	0	0	0	1	0	0
OG_6289	1	1	1	1	2	0	1	1	1	1	0	0	1	0	0
OG_6290	0	7	12	5	5	0	0	1	1	0	0	1	0	0	4
OG_6291	1	2	0	5	20	0	14	3	0	1	2	0	5	7	22
OG_6292	1	1	1	1	1	0	1	1	0	1	0	0	1	0	0
OG_6293	11	11	0	4	11	0	6	20	11	6	0	2	2	0	0
OG_6294	0	9	0	1	14	0	0	0	3	0	0	0	1	0	0
OG_6295	9	10	3	26	21	0	6	15	6	10	0	0	0	2	0
OG_6296	0	2	0	2	7	0	1	3	2	6	2	0	1	0	2
OG_6297	17	7	10	8	18	1	4	17	6	3	1	3	2	0	5
OG_6298	1	1	1	1	3	1	1	1	1	2	2	4	2	4	2
OG_6299	23	8	7	5	14	1	8	12	15	6	7	7	23	2	1
OG_6300	10	4	0	1	11	0	1	2	3	13	1	1	3	0	0
OG_6301	3	1	2	1	8	0	4	2	1	3	1	0	1	0	0
OG_6302	1	1	1	1	10	1	1	1	1	1	2	1	2	2	1
OG_6303	2	3	3	3	4	1	3	3	4	3	0	2	3	3	0
OG_6304	4	9	16	3	12	5	9	6	12	1	16	0	5	10	0
OG_6305	0	2	1	1	1	0	0	1	1	1	0	0	0	0	0
OG_6306	1	1	1	1	1	1	1	5	2	5	1	2	1	1	0
OG_6307	3	7	2	5	3	0	4	5	17	5	6	5	3	0	0
OG_6308	0	11	0	1	2	0	0	0	0	0	1	2	0	0	0
OG_6309	0	2	0	1	1	0	1	1	2	1	0	0	1	0	0
OG_6310	0	1	3	0	4	0	0	0	1	0	0	0	0	0	0
OG_6311	5	9	8	0	19	0	6	6	12	1	0	0	7	0	0
OG_6312	0	2	0	1	3	0	0	1	1	1	3	0	0	0	0
OG_6313	0	0	1	0	1	0	1	0	0	0	0	0	1	0	0
OG_6314	2	1	1	1	6	0	1	1	3	1	0	0	1	0	0
OG_6315	2	4	3	2	8	0	2	2	3	0	8	0	2	0	1
OG_6316	0	0	0	0	0	2	0	0	0	0	0	0	0	2	3
OG_6317	1	1	1	1	1	1	1	1	5	1	2	2	1	0	1
OG_6318	5	2	2	3	2	18	2	2	2	2	6	3	3	4	1
OG_6319	0	0	0	0	0	8	0	0	0	0	0	0	0	1	0
OG_6320	1	1	2	1	1	2	1	2	2	1	0	0	1	1	2
OG_6321	2	2	1	1	1	1	1	1	1	2	1	1	1	1	1
OG_6322	5	1	1	4	1	7	1	1	1	3	1	3	1	1	1
OG_6323	5	1	1	2	1	9	2	1	1	6	3	4	2	1	1
OG_6324	0	1	1	0	0	1	0	0	1	0	2	3	0	1	0
OG_6325	2	1	1	4	1	0	3	1	1	1	1	0	4	0	0
OG_6326	0	0	0	0	0	3	0	0	0	0	1	0	0	3	2
OG_6327	0	0	0	0	0	10	0	0	0	0	0	0	0	3	0
OG_6328	3	4	2	3	2	3	3	2	3	4	7	8	2	2	6
OG_6329	2	1	1	2	1	2	1	1	1	3	1	0	1	1	1
OG_6330	3	1	1	1	2	36	1	1	1	1	1	1	1	26	9
OG_6331	0	0	0	0	0	0	0	0	0	0	0	0	0	2	1
OG_6332	3	3	3	3	3	3	3	3	3	4	3	2	4	3	0
OG_6333	1	1	1	1	1	1	1	1	1	1	1	1	1	2	1
OG_6334	7	1	1	1	1	28	1	1	1	2	2	3	1	19	0
OG_6335	2	4	2	2	3	8	2	2	3	1	5	10	2	7	2
OG_6336	8	7	4	6	3	10	5	15	3	5	3	11	6	1	3
OG_6337	0	0	0	0	0	1	0	0	0	0	1	1	0	0	1
OG_6338	8	3	3	6	2	15	2	3	3	3	2	3	3	6	8
OG_6339	0	0	0	0	0	5	0	0	0	0	0	0	0	2	5
OG_6340	0	0	0	0	0	26	0	0	0	0	0	0	0	5	0
OG_6341	2	0	4	0	5	15	0	0	0	0	0	0	0	1	1
OG_6342	4	2	2	3	1	3	2	1	1	1	2	2	1	0	0
OG_6343	2	2	2	3	2	2	2	2	2	3	2	1	2	1	3
OG_6344	5	6	3	4	3	7	4	4	5	4	6	8	6	3	3
OG_6345	0	2	1	0	1	3	3	4	5	3	0	0	3	9	0
OG_6346	0	0	0	0	0	6	0	0	0	0	0	0	0	5	0
OG_6347	0	0	0	0	0	5	0	0	0	0	0	0	0	2	0
OG_6348	3	1	1	6	1	1	1	1	1	1	2	1	2	1	1
OG_6349	1	1	1	1	1	1	1	1	1	1	1	1	1	1	1
OG_6350	1	1	1	1	1	1	1	1	2	1	1	1	2	0	1
OG_6351	0	1	1	0	8	37	3	0	2	0	0	0	0	14	0
OG_6352	3	1	1	2	1	3	1	8	1	1	1	2	2	2	1
OG_6353	0	1	1	1	1	1	0	2	1	1	1	1	0	1	1
OG_6354	4	14	8	1	11	87	1	7	4	4	14	17	1	84	1
OG_6355	1	0	1	1	1	1	1	1	1	2	1	1	1	0	1
OG_6356	0	0	0	0	0	5	0	0	0	0	0	0	0	7	3
OG_6357	18	12	8	17	16	4	11	7	14	11	29	34	5	3	4
OG_6358	1	1	1	1	1	4	1	1	1	1	1	1	1	1	2
OG_6359	1	6	2	1	4	8	1	1	2	0	4	7	1	3	1
OG_6360	1	1	1	1	1	14	1	1	1	1	3	2	1	5	0
OG_6361	2	1	1	1	1	1	1	1	1	1	1	1	1	2	1
OG_6362	0	0	0	0	0	6	0	0	0	0	0	0	0	4	0
OG_6363	0	3	1	0	0	11	0	0	0	0	0	0	0	0	0
OG_6364	1	1	2	1	1	2	1	1	1	1	1	1	1	1	0
OG_6365	6	1	3	4	1	13	3	1	2	1	1	18	3	13	0
OG_6366	1	1	1	1	1	18	2	1	1	1	2	2	1	10	0
OG_6367	0	0	0	0	0	6	0	0	0	0	1	3	0	8	5
OG_6368	1	1	1	0	1	2	1	1	1	1	0	0	1	3	1
OG_6369	3	3	1	4	2	13	2	2	2	3	5	4	3	39	1
OG_6370	5	1	13	1	1	1	2	1	2	1	1	4	2	0	1
OG_6371	0	0	0	0	0	6	0	0	0	0	1	1	0	1	0
OG_6372	0	1	1	1	1	1	1	1	1	1	3	1	1	1	0
OG_6373	0	0	0	0	0	18	0	0	0	0	0	0	0	19	0
OG_6374	0	0	0	0	0	2	0	0	0	0	0	0	0	3	0
OG_6375	2	0	1	1	1	3	1	1	1	1	1	3	1	1	0
OG_6376	4	1	2	4	2	2	3	2	2	2	3	2	3	1	2
OG_6377	0	0	0	0	0	1	0	0	0	0	0	0	0	4	0
OG_6378	0	12	1	0	1	11	0	4	12	0	15	2	9	0	0
OG_6379	0	0	0	0	0	14	0	0	0	0	0	0	0	10	0
OG_6380	1	1	1	1	1	1	2	1	1	1	1	2	3	2	1
OG_6381	1	2	1	1	1	2	1	1	1	1	1	2	1	1	1
OG_6382	1	1	1	1	1	1	2	1	2	1	1	2	1	1	2
OG_6383	0	0	0	0	0	1	0	0	0	0	0	0	0	2	3
OG_6384	22	3	2	9	2	19	2	2	5	4	0	3	3	8	1
OG_6385	0	0	0	0	0	0	0	0	0	0	0	3	0	1	0
OG_6386	0	1	1	1	1	10	0	1	1	1	1	0	0	0	1
OG_6387	1	0	0	1	0	1	0	0	0	1	0	0	0	0	2
OG_6388	16	5	6	12	5	8	5	5	6	11	5	6	6	7	1
OG_6389	1	3	0	0	1	19	1	0	1	0	0	0	1	0	0
OG_6390	0	0	0	0	0	3	0	0	0	0	0	0	0	5	0
OG_6391	1	3	1	2	1	67	1	10	2	0	5	3	1	65	1
OG_6392	2	1	1	3	1	2	1	1	1	1	1	2	1	0	0
OG_6393	1	0	1	1	1	1	1	1	1	1	1	1	1	3	1
OG_6394	7	1	1	4	1	3	6	1	3	3	2	3	2	1	1
OG_6395	0	0	1	0	1	3	1	3	1	2	1	1	1	1	0
OG_6396	0	0	0	0	0	145	0	0	0	0	0	0	0	21	0
OG_6397	2	1	1	1	2	1	3	1	2	2	1	1	0	1	1
OG_6398	0	0	0	0	0	10	0	0	0	0	0	0	0	10	0
OG_6399	7	3	1	2	3	13	1	3	2	5	1	1	1	0	8
OG_6400	1	23	0	21	2	6	0	13	6	8	13	20	2	0	1
OG_6401	1	0	1	1	1	15	1	1	1	1	1	0	1	2	3
OG_6402	6	1	1	1	1	7	1	1	1	1	2	2	2	1	1
OG_6403	0	0	0	0	0	6	0	4	0	0	0	0	0	0	0
OG_6404	0	0	0	0	0	12	0	0	0	0	0	0	0	3	0
OG_6405	0	0	0	0	0	14	0	0	0	0	0	0	0	0	1
OG_6406	1	3	2	2	2	1	2	2	2	1	1	1	3	1	3
OG_6407	4	11	5	7	13	3	9	5	7	3	9	9	7	2	2
OG_6408	1	1	1	2	1	1	1	2	2	2	0	1	1	1	1
OG_6409	1	1	1	1	1	4	1	1	2	0	1	2	1	1	2
OG_6410	3	1	1	4	1	3	2	1	1	3	2	1	2	0	1
OG_6411	2	1	1	3	15	0	1	1	1	2	5	5	1	0	0
OG_6412	1	1	1	2	1	1	1	1	1	2	2	1	1	1	1
OG_6413	1	2	2	3	1	2	1	3	1	1	5	8	1	2	3
OG_6414	2	1	1	3	1	2	2	1	2	2	2	2	2	1	1
OG_6415	0	0	0	0	0	2	0	0	0	0	3	2	0	1	1
OG_6416	1	1	1	1	1	1	1	1	1	1	2	0	1	0	1
OG_6417	2	2	2	1	1	2	1	1	1	1	1	4	1	0	1
OG_6418	0	0	0	0	0	3	0	1	1	1	0	0	0	1	0
OG_6419	1	1	1	1	1	2	1	1	6	1	8	1	1	0	0
OG_6420	1	2	2	2	2	3	2	3	2	2	1	4	2	1	2
OG_6421	3	1	1	2	1	2	1	1	3	1	1	1	1	0	1
OG_6422	1	1	1	1	1	3	1	1	1	1	1	1	1	0	1
OG_6423	3	1	2	2	1	6	1	0	1	7	1	1	1	6	1
OG_6424	1	1	1	1	1	8	1	1	1	1	0	0	1	5	8
OG_6425	7	1	1	1	1	1	3	1	2	3	1	5	2	0	8
OG_6426	1	1	1	1	1	1	1	1	1	1	1	1	1	1	1
OG_6427	0	2	0	1	1	0	0	1	2	1	0	1	0	0	0
OG_6428	3	3	2	2	8	5	3	2	7	2	0	0	3	0	0
OG_6429	0	0	0	0	0	4	0	0	0	0	0	0	0	2	0
OG_6430	2	2	1	2	1	1	1	1	1	2	0	2	1	1	1
OG_6431	2	1	1	1	1	1	1	1	1	1	3	1	1	0	1
OG_6432	0	0	0	0	0	4	0	0	0	0	3	4	0	3	2
OG_6433	1	1	1	1	1	2	1	1	1	1	2	1	1	0	2
OG_6434	1	1	1	2	1	4	1	1	2	1	1	1	2	1	0
OG_6435	1	1	1	1	1	2	1	1	1	1	1	9	2	0	1
OG_6436	0	0	0	0	0	3	0	0	0	0	0	0	0	4	2
OG_6437	2	1	1	3	1	2	2	1	1	3	2	7	2	0	1
OG_6438	0	0	0	0	0	16	0	0	0	0	0	0	0	7	0
OG_6439	2	1	1	2	1	7	6	1	2	2	1	1	2	1	1
OG_6440	1	1	1	1	1	1	1	1	1	2	3	1	1	1	1
OG_6441	2	1	1	1	1	1	1	1	1	1	1	3	1	0	1
OG_6442	0	0	0	0	0	1	0	0	0	0	1	4	0	0	5
OG_6443	0	0	0	0	0	8	0	0	0	0	0	0	0	4	1
OG_6444	0	0	0	0	0	5	0	0	0	0	1	0	0	2	0
OG_6445	0	0	0	0	0	6	0	0	0	0	0	0	0	4	0
OG_6446	1	1	1	1	1	1	1	1	1	1	1	0	1	3	1
OG_6447	1	1	1	1	1	1	1	2	1	1	1	1	1	1	1
OG_6448	1	1	1	2	1	1	1	7	1	2	1	1	1	2	1
OG_6449	2	1	1	3	1	2	3	1	1	1	1	1	2	3	0
OG_6450	1	1	1	1	1	1	1	1	1	1	1	2	1	0	1
OG_6451	0	0	0	0	0	8	0	0	0	0	0	0	0	0	4
OG_6452	0	0	0	0	0	18	0	0	0	0	0	0	0	1	0
OG_6453	39	10	15	10	14	1	13	14	20	10	11	6	13	2	1
OG_6454	0	0	0	0	0	10	0	0	0	0	0	0	0	9	0
OG_6455	0	0	0	0	0	5	0	0	0	0	0	0	0	5	0
OG_6456	10	1	2	4	2	8	5	1	2	1	1	3	4	1	2
OG_6457	0	0	0	0	0	2	0	0	0	0	0	0	0	2	1
OG_6458	1	1	1	0	1	1	1	1	1	1	0	0	1	0	0
OG_6459	1	2	1	1	1	2	1	1	1	3	1	1	1	1	3
OG_6460	1	1	1	3	1	3	1	1	1	1	1	1	1	0	7
OG_6461	0	0	1	0	0	2	0	0	2	0	1	2	0	0	0
OG_6462	9	1	1	3	1	2	1	1	1	5	1	1	1	2	1
OG_6463	12	1	1	1	1	1	5	1	1	1	1	1	3	1	0
OG_6464	1	2	1	1	2	1	1	1	2	1	1	2	1	0	0
OG_6465	1	2	2	3	3	1	3	1	1	4	1	5	1	1	1
OG_6466	1	1	1	2	1	2	1	4	1	1	1	1	1	1	1
OG_6467	0	0	0	1	0	12	0	0	0	0	0	0	0	2	0
OG_6468	1	1	1	1	1	1	1	1	1	1	2	1	1	0	1
OG_6469	2	1	1	1	1	8	1	1	1	1	1	1	1	1	1
OG_6470	0	0	0	0	0	2	0	0	0	0	0	0	0	6	0
OG_6471	1	1	1	1	1	2	1	1	1	1	0	0	1	1	1
OG_6472	1	1	1	1	1	1	1	1	1	1	1	2	1	5	1
OG_6473	1	1	0	1	0	0	1	1	0	1	0	0	0	0	0
OG_6474	1	1	0	2	1	18	2	1	2	2	2	4	1	19	0
OG_6475	0	0	0	0	0	1	0	0	0	0	1	6	0	1	1
OG_6476	1	1	1	3	2	3	1	1	1	1	1	6	1	0	1
OG_6477	0	0	0	0	0	3	0	0	0	0	0	0	0	3	0
OG_6478	1	1	1	1	1	0	1	1	1	1	0	0	1	0	0
OG_6479	1	2	1	1	1	1	2	1	1	1	1	1	3	0	1
OG_6480	2	3	2	3	2	1	3	2	2	1	3	2	3	0	1
OG_6481	1	2	1	0	1	1	1	3	1	1	2	1	1	2	1
OG_6482	0	1	0	0	0	1	0	0	2	0	2	1	0	1	1
OG_6483	2	1	1	1	1	3	1	2	1	1	1	2	2	2	2
OG_6484	1	1	1	1	1	1	2	1	1	1	1	1	1	0	0
OG_6485	2	1	1	1	1	7	3	1	2	3	1	1	3	1	3
OG_6486	1	1	1	1	1	4	1	1	1	1	1	4	1	0	1
OG_6487	2	1	1	1	1	0	3	2	1	2	1	0	2	0	0
OG_6488	1	1	1	3	1	1	1	1	1	1	1	2	2	1	1
OG_6489	0	1	0	0	0	11	0	0	0	0	0	3	0	6	0
OG_6490	0	1	1	1	1	1	1	1	1	1	2	1	1	1	0
OG_6491	2	1	1	1	1	3	2	1	1	1	2	1	2	1	1
OG_6492	1	1	2	1	1	1	2	1	1	1	1	4	1	0	0
OG_6493	1	1	1	1	1	1	1	1	1	1	2	2	1	0	1
OG_6494	1	1	1	1	1	4	1	1	1	2	1	1	1	7	2
OG_6495	0	6	1	0	12	4	1	0	1	0	31	0	0	14	0
OG_6496	0	4	8	0	4	7	0	0	1	0	3	0	0	0	0
OG_6497	1	1	1	3	1	1	1	1	1	1	1	1	1	1	1
OG_6498	1	1	1	1	1	3	0	1	1	1	1	0	1	3	0
OG_6499	1	1	1	1	1	2	2	1	1	1	1	1	1	0	0
OG_6500	14	2	2	4	2	2	6	2	2	4	2	3	1	1	5
OG_6501	3	1	1	3	1	6	3	1	1	1	2	2	1	1	3
OG_6502	2	1	2	1	1	2	1	1	1	3	1	1	1	1	1
OG_6503	2	3	5	2	3	6	1	2	6	2	3	1	1	2	0
OG_6504	0	0	1	0	0	0	6	0	0	0	0	0	0	0	0
OG_6505	0	1	0	0	0	0	2	0	0	0	0	0	3	0	0
OG_6506	19	0	50	12	20	0	49	9	2	3	16	1	31	0	0
OG_6507	0	0	1	0	1	0	2	0	0	0	0	0	1	0	0
OG_6508	0	0	0	0	0	0	2	0	0	0	0	0	1	0	0
OG_6509	10	1	18	6	13	0	20	11	0	2	6	1	17	0	0
OG_6510	6	2	1	1	1	3	8	1	1	1	2	2	3	2	1
OG_6511	0	1	4	0	0	0	5	0	1	0	0	0	1	0	0
OG_6512	3	0	5	0	7	0	17	0	0	0	0	0	7	0	7
OG_6513	1	2	1	2	4	0	2	1	1	1	1	2	2	0	0
OG_6514	6	1	3	0	8	0	15	2	1	0	2	5	5	0	0
OG_6515	1	12	37	2	31	5	12	10	14	1	12	1	6	1	15
OG_6516	8	3	0	0	0	3	12	0	2	0	0	0	2	6	0
OG_6517	11	1	3	1	1	40	13	1	2	2	1	1	1	10	1
OG_6518	0	1	3	0	0	0	7	0	0	0	0	0	2	0	0
OG_6519	0	0	4	0	0	0	1	0	0	0	0	0	0	0	0
OG_6520	1	1	1	1	1	0	1	1	1	1	1	3	1	0	1
OG_6521	4	1	3	0	1	0	3	0	0	1	4	0	0	0	0
OG_6522	1	2	3	2	1	10	2	3	2	2	2	3	2	0	0
OG_6523	2	1	3	2	1	0	1	1	1	1	1	1	1	0	1
OG_6524	0	1	2	1	2	0	2	0	2	0	0	0	2	0	0
OG_6525	0	0	3	0	0	0	2	0	0	0	0	0	0	0	0
OG_6526	6	0	3	0	4	0	21	0	1	0	0	0	5	0	0
OG_6527	3	3	3	6	3	3	4	1	4	5	2	2	3	7	1
OG_6528	5	3	0	0	4	0	4	0	4	0	0	0	0	0	0
OG_6529	3	1	0	0	2	0	11	0	0	0	0	0	0	3	0
OG_6530	1	1	3	0	1	0	5	6	1	2	0	0	4	0	0
OG_6531	0	2	5	1	1	0	6	7	0	1	1	1	1	0	2
OG_6532	2	1	3	0	0	0	9	0	0	0	0	0	1	0	0
OG_6533	8	5	0	6	2	0	2	9	5	5	0	0	2	0	3
OG_6534	4	0	0	0	0	0	5	2	1	0	0	0	0	0	0
OG_6535	2	1	1	1	1	0	1	1	1	2	0	1	1	0	0
OG_6536	0	0	1	0	0	0	2	0	0	0	0	0	2	0	0
OG_6537	7	16	16	0	4	0	13	0	3	0	0	0	2	0	0
OG_6538	3	0	12	0	4	1	7	4	8	1	1	1	6	0	12
OG_6539	0	10	17	0	25	10	15	3	9	1	2	0	6	0	0
OG_6540	0	0	0	0	0	0	3	0	0	0	0	0	4	0	0
OG_6541	0	0	0	0	0	0	3	0	0	0	0	0	1	0	0
OG_6542	0	0	2	0	0	0	1	3	2	0	0	0	0	0	2
OG_6543	0	1	0	0	0	0	2	0	0	0	0	0	1	0	0
OG_6544	4	1	2	1	1	1	2	1	6	1	2	9	1	2	1
OG_6545	0	0	3	0	2	0	2	0	2	0	0	0	0	0	0
OG_6546	0	1	3	0	0	0	2	0	0	0	3	0	0	0	1
OG_6547	2	3	0	1	3	0	3	3	1	1	4	1	3	0	0
OG_6548	2	1	21	0	0	0	7	0	3	0	0	0	9	10	0
OG_6549	1	11	5	0	1	1	1	7	5	0	0	0	1	0	0
OG_6550	3	0	13	0	4	3	5	3	6	0	1	0	1	0	0
OG_6551	1	4	20	0	5	0	10	5	0	0	2	0	4	0	5
OG_6552	0	0	0	0	0	0	5	0	0	0	0	0	1	0	0
OG_6553	0	1	6	0	4	0	1	2	2	0	5	0	1	0	0
OG_6554	48	23	86	17	47	29	52	33	28	2	20	17	26	5	123
OG_6555	13	1	1	1	1	0	8	1	1	1	0	1	5	0	0
OG_6556	0	0	0	0	0	0	1	0	0	0	0	0	3	0	0
OG_6557	1	14	3	0	13	0	4	5	2	0	2	2	1	0	0
OG_6558	0	1	0	0	0	0	4	0	0	0	3	0	0	0	0
OG_6559	10	23	18	30	8	33	22	1	1	5	16	1	10	74	1
OG_6560	5	3	1	2	1	2	3	1	8	2	3	2	1	3	2
OG_6561	0	0	0	0	0	0	1	0	1	1	0	0	2	0	0
OG_6562	1	1	1	1	1	0	1	1	1	1	0	0	1	0	0
OG_6563	1	1	1	1	1	0	1	1	1	1	0	0	1	1	0
OG_6564	0	0	0	1	0	0	1	1	2	0	0	0	1	0	0
OG_6565	0	1	0	0	0	0	1	1	1	0	1	2	1	0	0
OG_6566	6	1	1	1	1	1	4	1	1	1	1	1	2	1	1
OG_6567	5	9	2	7	8	3	1	11	8	11	13	1	5	0	5
OG_6568	1	0	3	1	0	0	2	0	0	0	0	0	1	0	0
OG_6569	1	0	4	0	2	0	4	4	1	1	3	1	1	0	0
OG_6570	2	2	1	1	7	3	5	2	2	3	3	2	1	1	2
OG_6571	0	0	9	0	10	0	9	3	0	0	2	0	1	0	0
OG_6572	0	2	8	0	0	0	1	0	1	0	0	0	2	0	0
OG_6573	6	1	1	2	1	1	3	2	1	1	1	3	13	1	0
OG_6574	0	0	0	0	0	0	6	0	0	0	0	0	1	0	0
OG_6575	0	2	1	1	0	0	1	1	0	0	0	0	1	0	0
OG_6576	0	6	9	0	1	0	13	3	0	0	0	0	0	0	0
OG_6577	1	12	21	2	3	5	7	5	3	1	7	0	12	7	0
OG_6578	21	12	11	0	3	1	37	2	6	0	11	3	10	0	3
OG_6579	2	1	1	1	1	0	1	1	1	1	1	0	1	0	0
OG_6580	2	1	1	1	1	2	6	1	1	1	1	1	2	1	1
OG_6581	1	1	4	4	2	0	1	3	1	3	0	0	1	0	0
OG_6582	0	0	0	0	0	0	1	0	0	0	0	1	1	1	0
OG_6583	5	1	0	2	3	0	2	0	1	0	0	0	2	0	0
OG_6584	1	1	1	1	1	1	1	1	1	1	1	0	1	1	1
OG_6585	17	0	0	2	0	0	2	0	0	0	1	3	0	0	1
OG_6586	7	5	8	8	5	0	3	3	6	2	0	0	3	0	0
OG_6587	8	11	24	11	6	1	11	5	0	1	3	0	8	0	1
OG_6588	15	3	19	2	3	0	8	2	4	2	4	6	1	0	1
OG_6589	0	0	0	0	1	0	7	0	0	0	0	0	1	0	0
OG_6590	1	5	1	1	3	0	1	0	4	1	1	0	0	0	1
OG_6591	3	3	4	3	2	3	3	3	4	2	3	3	4	5	2
OG_6592	5	5	41	18	13	0	12	7	25	2	12	11	8	0	1
OG_6593	1	1	0	0	0	0	3	0	0	0	2	0	0	0	0
OG_6594	1	1	1	1	1	1	1	1	1	1	1	0	1	2	1
OG_6595	0	4	1	0	0	0	1	2	3	0	0	0	1	0	0
OG_6596	2	1	1	4	1	2	4	1	1	1	0	1	2	2	1
OG_6597	1	1	1	1	1	1	1	1	1	1	1	1	1	1	1
OG_6598	2	0	2	0	0	0	5	0	0	0	0	0	0	0	0
OG_6599	44	12	14	4	14	0	23	6	0	1	3	4	6	47	0
OG_6600	0	3	8	1	10	0	7	3	1	1	0	0	4	0	0
OG_6601	0	1	1	0	0	0	1	0	0	0	0	0	1	0	0
OG_6602	4	0	0	0	0	0	7	0	0	0	0	0	1	0	0
OG_6603	13	19	15	10	17	1	17	10	19	9	3	6	8	0	0
OG_6604	11	2	4	3	4	1	11	4	5	2	1	1	8	1	1
OG_6605	9	1	12	2	1	0	15	5	8	0	0	0	8	0	0
OG_6606	13	4	18	2	6	0	8	17	1	2	1	0	12	44	1
OG_6607	1	1	1	1	1	1	2	1	1	1	1	1	2	0	0
OG_6608	0	1	0	0	6	0	1	0	0	0	0	0	0	0	0
OG_6609	2	2	1	1	1	0	2	1	1	1	4	3	2	0	0
OG_6610	2	1	1	2	1	0	1	2	1	1	1	3	1	0	0
OG_6611	0	2	0	2	3	0	1	1	1	2	0	0	0	0	0
OG_6612	6	6	6	9	6	8	6	7	6	8	2	2	6	1	1
OG_6613	0	0	0	0	0	0	2	0	0	0	0	0	4	0	0
OG_6614	0	1	3	0	1	0	1	0	0	0	0	0	0	0	0
OG_6615	0	0	2	0	0	0	2	0	0	0	0	0	2	0	0
OG_6616	0	4	3	0	3	0	3	0	0	0	4	0	1	0	0
OG_6617	1	7	9	0	7	0	3	10	1	0	3	0	3	7	0
OG_6618	4	0	7	2	4	0	8	0	2	0	3	2	6	0	64
OG_6619	1	6	5	2	18	8	12	5	2	1	1	6	3	16	0
OG_6620	0	0	0	0	1	0	1	0	1	0	1	0	1	0	0
OG_6621	3	1	2	1	2	0	5	1	2	1	0	0	4	0	1
OG_6622	2	1	1	2	1	0	1	2	2	1	1	1	0	9	0
OG_6623	2	6	4	0	6	0	4	2	2	0	0	0	1	0	0
OG_6624	0	3	1	0	1	0	1	2	2	0	0	0	1	0	0
OG_6625	2	1	1	1	1	3	9	0	0	0	1	0	2	0	0
OG_6626	0	0	0	2	0	0	0	5	0	1	0	0	0	0	0
OG_6627	3	3	4	5	3	8	5	5	5	6	3	3	5	0	0
OG_6628	2	1	1	2	1	2	2	23	1	1	1	1	2	2	1
OG_6629	0	1	1	2	0	0	0	3	1	3	0	0	0	0	0
OG_6630	0	0	6	0	2	0	3	6	0	0	0	0	2	0	0
OG_6631	2	10	1	6	4	0	1	9	3	6	0	0	5	0	0
OG_6632	0	8	0	2	0	0	0	7	8	3	0	0	0	0	0
OG_6633	0	0	1	0	1	0	0	7	0	1	0	0	0	6	0
OG_6634	2	1	2	5	1	1	2	16	2	2	1	1	2	2	1
OG_6635	1	0	1	0	1	0	0	4	0	0	0	0	0	0	0
OG_6636	0	0	4	0	0	0	0	5	0	0	0	0	1	0	0
OG_6637	0	1	1	6	1	0	0	6	1	0	0	0	0	0	0
OG_6638	0	0	4	1	4	0	0	4	1	4	0	0	0	0	3
OG_6639	0	0	0	0	0	0	0	3	1	0	0	0	0	0	0
OG_6640	0	1	0	4	0	0	0	1	1	1	0	1	0	0	0
OG_6641	0	1	0	0	1	0	0	2	1	3	0	6	0	0	0
OG_6642	4	4	1	2	5	7	2	2	3	1	0	0	2	0	0
OG_6643	0	14	3	4	1	0	0	15	8	1	0	0	0	0	0
OG_6644	1	1	1	1	2	2	1	5	2	3	2	1	4	3	19
OG_6645	0	0	0	3	0	0	0	2	0	1	0	0	0	0	0
OG_6646	0	0	0	1	0	0	0	4	0	0	0	0	0	0	0
OG_6647	0	0	0	0	0	0	2	16	1	0	0	0	1	0	0
OG_6648	5	5	6	9	7	0	4	7	4	5	0	4	5	0	0
OG_6649	0	0	0	3	0	0	0	9	0	0	0	0	0	12	0
OG_6650	0	5	4	13	2	2	0	19	3	3	5	1	0	0	0
OG_6651	0	2	0	2	0	0	0	2	1	0	0	0	0	0	0
OG_6652	0	1	0	0	0	0	0	3	1	4	0	0	0	0	0
OG_6653	0	0	0	7	0	0	0	11	0	1	0	0	0	0	0
OG_6654	0	1	1	1	1	0	0	1	1	1	0	1	0	0	0
OG_6655	4	2	2	0	2	0	4	7	0	0	0	0	0	0	0
OG_6656	0	0	4	0	0	0	4	9	0	1	0	0	2	0	0
OG_6657	1	1	1	3	1	1	1	13	1	0	1	1	1	1	1
OG_6658	3	2	2	1	2	3	3	2	3	1	4	5	3	0	0
OG_6659	0	1	2	0	2	0	4	10	2	0	2	0	0	0	0
OG_6660	1	1	1	1	1	0	1	1	1	1	1	1	1	3	0
OG_6661	0	0	0	1	0	0	0	6	0	1	0	0	0	0	0
OG_6662	0	0	0	0	0	0	0	6	6	0	0	0	0	0	0
OG_6663	0	1	0	0	1	0	0	1	1	1	0	0	0	0	0
OG_6664	1	1	1	1	1	1	2	1	1	1	1	1	2	0	2
OG_6665	5	12	3	1	2	0	5	27	4	2	13	3	1	0	0
OG_6666	1	1	1	1	1	1	1	23	4	1	1	1	1	0	1
OG_6667	0	2	0	1	2	0	0	20	4	2	0	0	0	0	0
OG_6668	0	1	0	2	1	0	0	2	5	1	0	0	0	0	0
OG_6669	0	0	0	0	0	0	0	10	0	2	0	0	0	0	0
OG_6670	2	1	1	1	1	0	1	1	1	1	0	0	1	0	0
OG_6671	3	1	1	1	1	3	2	3	4	3	1	2	2	0	2
OG_6672	1	2	3	3	2	1	2	1	2	4	1	1	1	0	0
OG_6673	0	1	0	0	0	0	0	2	0	0	0	0	0	0	0
OG_6674	1	1	1	0	1	2	1	1	1	1	1	3	1	0	1
OG_6675	0	1	1	0	0	0	0	12	0	0	0	0	0	0	0
OG_6676	0	0	1	0	1	0	0	2	0	0	0	0	0	0	0
OG_6677	1	1	1	1	1	1	1	1	1	2	1	1	1	1	0
OG_6678	1	1	1	1	1	1	1	51	1	4	4	3	1	2	3
OG_6679	9	1	2	13	2	0	4	14	1	12	1	1	3	2	3
OG_6680	0	5	0	1	4	0	1	2	3	3	0	0	0	0	0
OG_6681	0	4	1	2	1	0	1	1	4	1	1	1	1	3	0
OG_6682	3	3	1	8	2	1	4	3	3	2	4	7	4	2	1
OG_6683	0	0	0	0	0	4	0	1	0	0	3	1	0	0	0
OG_6684	5	1	1	1	1	2	4	7	2	1	1	1	2	2	1
OG_6685	8	0	1	2	1	0	2	1	3	2	6	2	1	0	1
OG_6686	0	2	0	0	0	0	0	2	2	0	0	0	0	1	0
OG_6687	1	1	2	1	1	0	1	2	2	1	4	1	1	0	0
OG_6688	4	3	5	0	9	0	0	15	0	2	2	0	0	0	4
OG_6689	11	8	2	5	6	0	3	16	1	5	4	5	1	1	0
OG_6690	6	2	7	9	1	3	4	6	2	3	4	0	6	0	0
OG_6691	2	1	1	3	6	1	2	13	5	1	1	1	2	2	1
OG_6692	0	4	12	9	6	0	1	16	6	3	0	0	0	0	0
OG_6693	1	1	1	0	1	0	1	1	1	0	1	1	1	0	0
OG_6694	0	0	2	0	1	0	0	1	0	0	0	0	1	0	0
OG_6695	1	1	1	2	2	2	1	13	12	7	3	1	0	2	2
OG_6696	0	0	2	0	1	0	1	4	1	0	0	0	1	0	0
OG_6697	0	0	0	0	1	0	0	3	0	0	2	0	0	0	0
OG_6698	2	2	13	0	2	0	0	5	1	0	1	0	1	0	0
OG_6699	0	3	0	2	2	0	0	4	0	0	0	0	0	0	0
OG_6700	10	0	1	3	1	0	2	2	5	1	0	0	2	0	0
OG_6701	0	0	0	3	0	0	0	19	0	0	0	0	0	0	0
OG_6702	5	3	10	2	9	0	3	2	1	0	2	2	2	0	0
OG_6703	0	3	0	12	4	0	0	14	7	11	4	8	0	0	1
OG_6704	0	0	1	0	0	0	0	5	0	3	0	0	0	0	0
OG_6705	3	1	1	3	1	1	2	2	3	3	1	1	2	1	2
OG_6706	0	4	0	0	0	0	0	1	0	0	0	0	0	0	0
OG_6707	1	1	1	2	1	0	1	8	4	1	0	0	1	0	0
OG_6708	18	8	7	12	8	0	14	17	14	3	3	12	15	0	0
OG_6709	1	4	11	0	8	0	1	12	10	4	3	0	2	0	0
OG_6710	2	0	1	4	4	0	2	2	2	1	0	3	1	0	0
OG_6711	0	0	1	0	3	0	0	6	0	0	0	0	0	0	0
OG_6712	0	1	0	0	0	0	0	1	0	1	0	0	0	0	0
OG_6713	2	1	1	1	1	1	1	1	1	1	1	1	1	1	0
OG_6714	2	1	0	1	1	0	1	1	1	1	0	1	0	0	0
OG_6715	1	1	5	1	2	0	3	2	0	0	0	0	1	0	0
OG_6716	3	37	6	4	36	10	0	41	9	14	1	0	1	1	2
OG_6717	0	2	1	1	1	0	1	2	1	1	1	1	1	0	0
OG_6718	0	2	0	2	0	0	0	3	1	4	0	3	0	0	0
OG_6719	0	5	3	2	7	0	0	12	2	0	0	0	0	0	0
OG_6720	1	1	3	0	19	0	0	7	3	0	1	0	2	0	0
OG_6721	3	2	1	1	1	1	2	8	1	2	1	1	2	1	1
OG_6722	5	10	6	6	8	3	6	13	6	6	3	10	6	2	0
OG_6723	11	6	2	6	2	0	1	13	6	4	0	0	1	0	0
OG_6724	0	6	4	6	6	0	0	11	3	3	0	1	0	0	0
OG_6725	3	1	1	1	1	0	2	1	1	1	0	0	1	0	1
OG_6726	2	1	3	1	0	1	3	5	2	0	0	0	9	2	0
OG_6727	0	3	1	1	1	6	0	3	4	2	1	1	0	0	0
OG_6728	2	6	2	7	7	0	2	14	5	16	0	0	2	0	0
OG_6729	48	13	17	31	12	10	15	20	15	26	6	16	9	2	3
OG_6730	2	13	6	11	6	7	7	17	6	12	5	4	6	3	0
OG_6731	17	7	4	17	6	9	4	13	11	15	1	7	4	8	0
OG_6732	1	1	1	1	1	0	1	1	1	1	1	1	1	9	0
OG_6733	2	4	1	2	1	0	2	1	3	2	1	1	2	0	0
OG_6734	1	1	2	0	1	0	1	1	1	0	0	0	1	0	0
OG_6735	0	0	0	0	0	0	0	4	2	1	0	0	0	0	0
OG_6736	0	0	1	0	0	0	0	5	0	0	0	0	0	0	0
OG_6737	1	8	27	4	13	6	0	19	10	1	14	0	13	25	0
OG_6738	1	1	2	1	1	1	1	1	1	1	1	1	1	0	2
OG_6739	0	0	0	1	0	0	0	3	0	0	0	0	0	0	0
OG_6740	1	1	1	0	1	0	0	1	1	1	1	1	0	0	0
OG_6741	22	1	3	2	4	0	6	5	2	5	9	6	4	0	0
OG_6742	0	5	1	1	3	0	0	2	3	2	0	0	0	0	0
OG_6743	2	6	8	8	6	1	4	18	9	5	7	11	0	0	6
OG_6744	0	2	0	0	2	0	0	6	1	0	0	0	0	0	0
OG_6745	2	1	2	1	1	2	1	12	1	0	4	3	2	1	2
OG_6746	0	1	0	0	0	0	0	1	0	0	1	0	0	2	0
OG_6747	0	1	1	1	0	0	2	23	4	0	1	0	1	0	0
OG_6748	1	1	3	1	1	0	1	21	1	1	3	0	1	0	6
OG_6749	5	5	0	1	4	0	2	6	2	4	0	2	3	0	0
OG_6750	0	1	0	1	1	0	0	1	1	2	1	2	0	0	0
OG_6751	14	7	8	9	12	0	7	6	8	12	1	9	4	0	0
OG_6752	0	1	0	1	1	0	0	1	1	0	0	0	0	0	0
OG_6753	9	4	2	1	1	2	6	38	1	0	3	2	9	1	1
OG_6754	0	1	0	2	1	0	0	1	0	2	0	0	0	0	0
OG_6755	0	4	1	1	3	0	0	6	1	2	1	1	0	0	0
OG_6756	1	4	17	0	10	0	20	12	6	1	9	0	6	9	0
OG_6757	4	2	2	3	2	0	2	2	2	2	1	3	2	0	0
OG_6758	0	1	0	0	1	0	0	1	1	2	1	1	0	0	0
OG_6759	2	0	1	1	1	5	1	3	1	1	1	1	2	1	1
OG_6760	0	0	1	1	1	1	1	1	1	1	1	1	1	3	1
OG_6761	2	1	1	1	1	0	1	2	1	3	1	1	1	0	2
OG_6762	0	0	0	0	0	0	0	8	0	2	0	0	0	0	0
OG_6763	0	5	6	2	1	0	0	3	5	0	0	0	0	0	0
OG_6764	5	6	9	2	6	0	16	6	3	0	1	0	1	0	0
OG_6765	17	0	4	2	5	0	2	12	3	1	0	0	4	0	0
OG_6766	1	1	1	3	1	0	1	2	1	1	1	1	1	0	0
OG_6767	1	2	0	2	2	0	1	2	2	2	2	7	0	0	0
OG_6768	3	5	3	0	4	2	8	2	8	1	5	13	2	6	0
OG_6769	23	7	6	13	5	23	41	48	9	1	10	13	5	0	45
OG_6770	1	1	3	0	2	0	0	1	0	0	0	0	1	0	0
OG_6771	9	1	1	1	2	0	4	10	1	1	0	0	3	0	0
OG_6772	2	8	0	4	5	0	1	4	7	4	17	8	1	0	0
OG_6773	5	1	2	6	2	0	3	1	1	3	10	1	2	0	0
OG_6774	0	9	1	0	1	0	0	3	2	0	4	1	2	0	0
OG_6775	22	1	2	1	1	0	3	2	1	0	0	0	2	0	0
OG_6776	0	1	1	1	1	0	1	1	1	1	0	0	1	0	0
OG_6777	12	9	6	6	11	0	7	17	10	4	4	5	7	0	1
OG_6778	0	4	0	0	5	0	0	4	3	3	1	0	0	0	0
OG_6779	2	2	17	5	4	3	5	8	7	7	9	6	0	0	1
OG_6780	7	1	2	0	3	0	2	3	3	1	0	0	0	10	0
OG_6781	0	0	3	3	0	0	2	3	1	0	4	0	0	0	0
OG_6782	0	1	2	4	3	0	0	2	0	2	0	0	1	0	0
OG_6783	2	8	1	3	2	0	0	4	4	1	0	0	1	0	0
OG_6784	0	1	0	0	0	0	0	1	2	1	0	0	0	0	0
OG_6785	0	1	5	0	3	0	3	2	2	0	0	0	0	0	0
OG_6786	5	7	2	11	5	1	2	10	4	12	5	2	2	1	2
OG_6787	1	2	0	0	2	0	1	4	0	0	0	0	1	0	0
OG_6788	2	1	1	2	1	2	1	1	5	2	2	2	1	0	1
OG_6789	0	1	0	0	0	0	0	1	2	1	0	0	0	0	0
OG_6790	0	1	1	1	1	0	0	1	1	0	0	0	0	0	0
OG_6791	1	1	2	1	1	0	3	1	1	1	0	1	1	0	1
OG_6792	4	1	1	2	1	0	2	1	1	1	1	1	1	0	1
OG_6793	1	1	1	4	1	0	1	2	2	1	1	1	1	0	16
OG_6794	5	1	1	2	1	0	1	1	1	2	0	0	1	0	0
OG_6795	2	1	1	3	1	0	2	1	1	1	0	0	1	0	0
OG_6796	0	1	0	2	1	0	0	9	3	1	2	0	0	0	0
OG_6797	2	2	3	2	1	0	1	2	2	1	0	0	1	0	0
OG_6798	1	1	1	1	1	0	1	1	4	0	1	4	1	0	0
OG_6799	50	6	9	8	9	1	13	5	5	5	1	1	12	0	0
OG_6800	0	2	1	0	3	0	2	4	1	0	1	0	0	0	0
OG_6801	3	1	1	3	1	0	1	3	1	1	1	1	1	0	0
OG_6802	0	0	0	0	2	0	0	6	0	0	0	0	0	0	0
OG_6803	1	5	13	2	2	0	4	2	2	2	2	4	4	0	0
OG_6804	22	8	5	18	6	0	5	7	9	9	3	9	7	0	1
OG_6805	1	1	0	1	1	0	1	1	1	1	0	0	0	0	1
OG_6806	1	1	1	1	1	2	2	10	1	1	1	1	2	1	1
OG_6807	0	0	0	0	0	0	0	4	0	0	0	5	0	0	0
OG_6808	2	2	1	1	2	1	2	2	1	1	1	2	1	1	1
OG_6809	20	11	10	17	12	5	8	18	13	21	8	21	8	2	1
OG_6810	0	1	0	1	1	0	0	2	0	2	0	0	0	0	0
OG_6811	1	1	1	3	1	0	1	1	3	1	0	0	1	0	1
OG_6812	2	1	0	1	0	1	2	1	1	1	1	1	1	0	0
OG_6813	1	7	1	2	5	0	1	5	12	1	2	1	1	0	0
OG_6814	13	1	2	1	1	0	4	1	1	1	3	5	4	0	0
OG_6815	6	10	6	12	10	7	4	11	12	9	2	4	5	11	5
OG_6816	1	5	1	0	0	0	1	0	6	0	0	0	2	0	0
OG_6817	8	10	6	12	11	5	9	9	14	12	9	8	9	1	1
OG_6818	0	2	1	0	2	0	9	0	5	0	1	0	1	0	0
OG_6819	1	0	1	1	1	1	1	1	1	1	1	0	0	4	0
OG_6820	2	1	1	0	1	0	4	1	1	1	1	1	2	0	0
OG_6821	7	2	3	4	4	0	4	2	10	2	3	2	3	0	0
OG_6822	2	1	1	5	2	0	1	1	3	3	4	1	1	0	1
OG_6823	0	1	0	1	1	0	0	1	1	1	1	1	0	0	0
OG_6824	5	6	11	0	9	0	7	0	11	0	0	0	9	0	0
OG_6825	3	3	3	7	3	2	5	3	4	7	3	4	5	2	1
OG_6826	1	1	1	2	2	0	2	1	3	1	1	2	2	0	0
OG_6827	1	1	1	1	1	1	1	1	4	1	1	1	2	0	3
OG_6828	1	0	1	0	1	0	1	0	1	0	0	0	1	0	0
OG_6829	0	3	1	0	3	0	0	0	2	0	0	0	0	0	0
OG_6830	1	1	1	1	1	0	1	1	1	1	0	0	1	0	1
OG_6831	8	13	4	3	9	1	2	5	8	6	1	0	5	2	1
OG_6832	2	1	1	1	1	0	1	1	1	1	1	1	1	0	0
OG_6833	2	1	1	1	1	1	1	1	2	1	3	1	2	1	4
OG_6834	13	14	7	11	9	2	7	6	15	9	3	7	9	1	1
OG_6835	0	6	2	2	3	0	0	1	3	5	3	1	0	0	0
OG_6836	5	1	1	9	1	0	1	1	2	4	1	1	1	0	1
OG_6837	0	2	4	0	1	0	1	1	2	2	0	0	1	0	0
OG_6838	1	3	2	3	3	0	2	3	9	4	2	2	2	1	0
OG_6839	0	3	1	0	2	0	6	7	5	0	0	0	9	0	0
OG_6840	0	0	1	0	1	0	1	1	1	0	0	0	1	0	0
OG_6841	10	2	1	1	0	3	14	3	2	2	2	1	3	1	1
OG_6842	3	1	1	1	1	0	2	1	2	0	0	0	3	0	0
OG_6843	7	22	1	7	5	0	10	8	18	5	10	13	6	0	12
OG_6844	1	1	1	1	0	0	2	1	1	1	0	0	2	0	0
OG_6845	3	1	2	0	1	0	1	0	1	0	5	0	1	0	1
OG_6846	3	2	2	0	2	4	3	1	2	1	2	2	2	4	0
OG_6847	0	1	0	3	0	0	0	4	6	3	0	0	0	0	6
OG_6848	0	1	1	4	1	0	0	1	2	1	0	0	0	0	0
OG_6849	27	16	13	26	17	0	12	16	16	25	8	21	12	0	0
OG_6850	28	23	13	8	7	1	22	7	13	5	7	4	18	0	0
OG_6851	7	5	0	1	0	0	6	0	5	1	0	0	4	0	0
OG_6852	10	20	13	15	22	1	4	11	19	15	2	1	4	0	25
OG_6853	4	2	1	3	1	2	2	1	2	1	4	1	2	3	1
OG_6854	20	12	6	7	14	0	6	1	13	4	2	4	9	0	0
OG_6855	0	2	0	0	2	0	0	1	10	1	0	0	0	0	0
OG_6856	2	1	1	1	1	1	2	1	4	1	4	2	0	1	1
OG_6857	4	7	3	1	1	1	0	1	6	1	1	1	1	1	0
OG_6858	1	2	3	0	3	0	0	0	1	0	0	0	0	0	0
OG_6859	0	0	10	0	0	8	1	0	5	0	4	0	0	0	4
OG_6860	1	4	2	0	7	0	1	0	7	1	1	0	1	0	4
OG_6861	0	2	0	7	2	0	0	2	9	5	0	0	0	0	0
OG_6862	0	4	0	1	0	0	0	2	1	1	0	1	0	0	0
OG_6863	2	4	8	2	1	1	0	1	14	1	2	3	0	0	0
OG_6864	1	1	1	3	2	1	1	1	1	1	2	1	1	1	1
OG_6865	1	1	1	0	1	0	1	0	1	0	1	1	2	0	0
OG_6866	0	1	0	1	0	0	0	1	3	1	1	0	0	0	0
OG_6867	2	0	3	0	1	0	3	0	6	0	1	0	0	0	0
OG_6868	43	26	9	52	22	0	18	47	25	18	8	4	15	0	3
OG_6869	1	2	1	1	1	2	1	1	20	2	2	1	1	3	1
OG_6870	2	5	2	2	3	0	2	15	12	2	2	3	2	0	2
OG_6871	2	4	2	3	1	0	2	1	2	1	1	0	2	0	0
OG_6872	1	5	5	0	1	0	1	0	7	0	6	1	0	0	0
OG_6873	0	0	5	0	0	0	0	0	2	0	0	0	0	0	0
OG_6874	2	3	3	5	3	0	4	3	5	3	4	3	3	0	0
OG_6875	1	1	10	0	8	0	0	0	2	0	0	0	0	0	0
OG_6876	0	3	6	0	0	0	0	2	2	0	1	0	0	0	0
OG_6877	0	4	2	3	3	1	3	5	4	3	3	5	4	1	1
OG_6878	0	8	0	4	0	0	0	0	20	10	0	0	0	0	0
OG_6879	39	46	27	24	53	10	22	28	20	21	15	11	22	3	9
OG_6880	6	4	2	13	2	0	2	3	2	3	3	11	1	0	0
OG_6881	2	3	1	1	1	0	1	1	2	2	0	1	1	0	0
OG_6882	18	8	9	17	7	0	4	7	14	10	1	9	3	0	7
OG_6883	1	7	9	2	6	0	7	1	12	1	2	0	1	0	0
OG_6884	0	3	1	2	3	0	1	1	1	1	1	0	1	0	1
OG_6885	3	3	1	2	1	1	2	1	1	1	3	1	3	2	1
OG_6886	0	1	1	1	0	0	1	1	1	1	0	0	1	0	0
OG_6887	0	0	0	2	0	0	0	1	1	1	0	0	0	0	0
OG_6888	2	1	1	2	1	1	2	1	8	1	1	2	2	1	0
OG_6889	12	3	2	8	5	2	3	3	5	4	4	2	2	1	2
OG_6890	1	2	21	1	1	4	2	2	2	1	2	4	3	1	1
OG_6891	1	3	0	1	0	0	0	1	2	2	0	0	1	0	0
OG_6892	0	0	0	0	0	1	0	0	4	0	0	0	2	0	0
OG_6893	0	1	0	0	0	0	0	2	1	1	0	0	0	0	0
OG_6894	10	7	6	3	6	0	1	1	7	0	0	0	4	0	0
OG_6895	1	1	1	1	1	0	1	1	2	1	1	1	1	2	0
OG_6896	1	1	1	1	1	0	1	1	1	1	1	1	1	0	1
OG_6897	0	3	0	0	1	0	0	0	2	0	0	0	0	0	0
OG_6898	2	1	1	1	1	0	2	1	2	1	0	0	2	0	0
OG_6899	3	2	1	0	2	0	1	0	2	0	1	1	1	0	0
OG_6900	3	1	1	0	2	0	3	2	5	1	1	0	0	2	0
OG_6901	1	6	1	5	1	0	1	5	8	1	1	2	1	0	0
OG_6902	1	1	2	1	1	0	1	2	1	1	1	2	1	0	1
OG_6903	0	1	7	1	7	0	0	0	4	0	0	1	0	0	0
OG_6904	2	0	1	2	0	2	2	1	2	3	1	0	1	1	1
OG_6905	0	4	16	0	20	0	0	0	14	0	10	1	1	0	0
OG_6906	0	2	0	1	3	0	0	1	1	1	0	0	0	0	0
OG_6907	1	0	1	1	1	0	1	1	2	1	0	1	2	0	0
OG_6908	0	6	0	0	0	0	0	0	2	0	0	0	0	0	0
OG_6909	4	1	1	1	1	0	2	1	5	0	2	1	2	0	0
OG_6910	0	0	0	1	1	0	0	1	1	1	0	1	0	0	0
OG_6911	2	0	1	2	1	2	2	1	1	4	1	2	8	2	1
OG_6912	13	21	18	6	12	0	2	8	25	7	3	9	5	0	0
OG_6913	2	3	1	1	2	1	1	1	2	2	1	1	1	1	1
OG_6914	1	1	1	1	1	0	2	1	2	1	1	1	3	0	0
OG_6915	0	2	0	0	0	0	0	2	6	0	0	0	0	0	0
OG_6916	24	19	5	15	20	1	3	4	27	1	16	28	6	2	4
OG_6917	1	2	0	0	2	0	1	0	1	0	0	0	0	0	0
OG_6918	7	4	4	7	6	8	3	6	7	5	4	3	2	0	1
OG_6919	3	2	3	4	1	0	0	3	2	1	0	0	1	0	0
OG_6920	11	1	1	4	2	2	2	3	3	4	4	4	3	6	1
OG_6921	8	2	1	3	1	0	2	3	2	4	0	0	3	0	0
OG_6922	1	0	1	1	2	0	1	5	3	4	2	1	1	2	1
OG_6923	1	1	1	1	1	0	1	1	2	1	1	1	1	0	0
OG_6924	0	6	0	1	0	0	0	2	11	2	0	0	0	0	0
OG_6925	1	1	2	1	1	0	1	1	1	1	0	1	1	0	0
OG_6926	0	0	0	0	0	0	0	0	2	0	4	0	0	0	0
OG_6927	1	1	0	1	2	1	1	1	2	1	1	1	1	4	1
OG_6928	3	1	19	0	13	0	3	5	3	1	2	2	8	1	0
OG_6929	1	1	1	1	1	1	1	1	4	1	1	2	2	2	1
OG_6930	7	5	2	7	4	0	3	3	9	2	0	0	2	0	0
OG_6931	0	2	0	0	2	0	0	3	6	3	0	0	0	1	0
OG_6932	1	1	0	0	0	0	1	1	1	0	1	1	0	0	1
OG_6933	12	10	1	4	1	0	16	1	5	1	2	0	8	0	0
OG_6934	0	0	0	1	0	0	0	1	1	1	0	0	0	0	0
OG_6935	1	3	1	0	1	0	1	1	5	1	0	0	2	0	0
OG_6936	0	4	1	1	4	0	0	4	2	1	5	2	0	0	0
OG_6937	56	13	10	16	27	0	13	8	18	5	5	3	11	0	16
OG_6938	1	2	2	2	2	0	2	2	2	1	0	0	2	0	0
OG_6939	0	1	0	1	0	0	0	1	1	1	0	0	0	0	0
OG_6940	17	2	2	8	3	0	7	2	10	9	2	8	7	1	3
OG_6941	3	3	1	5	1	6	3	3	2	3	5	12	3	5	3
OG_6942	3	1	1	1	1	0	0	1	1	1	1	1	0	0	0
OG_6943	1	4	1	4	1	0	1	4	5	2	9	2	0	0	18
OG_6944	26	14	8	29	9	11	12	7	14	13	15	19	10	18	40
OG_6945	1	2	1	1	1	1	1	1	24	1	2	1	1	3	1
OG_6946	1	10	5	14	8	0	1	8	3	6	3	6	2	0	0
OG_6947	2	3	4	0	14	1	0	0	23	0	0	0	0	4	0
OG_6948	1	5	1	3	1	0	2	2	8	2	1	1	1	0	0
OG_6949	1	2	1	3	1	3	1	2	2	1	4	4	1	4	1
OG_6950	14	19	8	12	20	0	10	8	23	8	10	4	9	0	0
OG_6951	3	3	5	1	18	0	4	4	2	0	4	3	1	0	0
OG_6952	8	5	7	11	4	0	3	2	5	1	0	0	8	0	0
OG_6953	0	1	0	0	0	0	0	1	1	1	0	1	0	0	0
OG_6954	2	2	1	3	0	4	3	2	8	1	3	3	1	2	2
OG_6955	1	1	1	3	4	0	11	2	2	1	7	0	7	0	0
OG_6956	2	5	1	1	3	3	1	2	7	2	2	5	3	3	2
OG_6957	0	1	0	0	1	0	0	1	3	1	1	0	0	0	0
OG_6958	0	4	0	3	1	0	0	0	27	0	0	0	0	0	0
OG_6959	2	2	1	2	1	0	0	1	17	1	0	0	0	0	0
OG_6960	0	3	0	1	1	0	0	1	2	1	0	1	0	0	0
OG_6961	3	2	2	2	2	0	1	2	3	2	1	1	4	0	0
OG_6962	2	1	2	2	1	0	1	1	2	1	4	3	2	0	1
OG_6963	0	0	4	0	1	0	3	0	1	0	0	0	8	0	0
OG_6964	0	2	1	6	1	0	0	7	6	1	0	0	0	0	0
OG_6965	25	11	6	19	7	4	8	8	9	7	2	3	10	1	4
OG_6966	10	1	1	9	1	0	3	1	2	1	2	5	4	3	2
OG_6967	0	2	0	3	0	0	0	1	8	3	0	0	0	0	0
OG_6968	0	0	1	1	0	0	1	1	2	1	0	0	1	0	0
OG_6969	1	0	1	2	1	0	1	1	1	0	0	0	0	0	0
OG_6970	2	10	3	13	3	0	7	11	13	7	1	1	0	0	0
OG_6971	5	1	1	1	4	1	3	1	1	1	3	4	2	6	0
OG_6972	1	1	1	1	1	3	1	1	1	1	2	2	1	1	1
OG_6973	0	3	0	0	0	0	0	0	2	0	0	0	0	0	0
OG_6974	5	2	1	2	1	1	2	2	13	3	1	10	1	1	1
OG_6975	1	1	0	1	1	0	1	8	10	4	0	1	1	0	4
OG_6976	8	27	6	9	10	0	11	22	15	9	9	2	11	0	1
OG_6977	0	2	0	1	3	0	2	2	16	0	0	0	1	0	0
OG_6978	0	2	0	0	1	2	0	1	2	1	1	2	0	1	0
OG_6979	2	1	1	1	1	2	2	1	1	1	1	2	1	0	0
OG_6980	2	2	6	3	4	0	1	2	1	5	1	1	1	0	3
OG_6981	0	2	0	3	0	0	0	7	5	2	1	0	0	0	0
OG_6982	0	2	7	0	1	0	0	0	2	0	0	0	1	0	0
OG_6983	1	2	1	2	1	1	1	1	2	2	0	1	1	1	2
OG_6984	3	2	1	2	4	1	1	5	4	6	4	8	1	3	1
OG_6985	0	0	0	0	0	0	0	2	0	2	0	0	0	0	0
OG_6986	1	1	1	2	2	1	1	1	1	2	2	1	1	3	1
OG_6987	4	1	2	1	1	4	5	1	2	2	2	5	5	1	1
OG_6988	9	38	6	24	19	1	7	12	25	39	5	5	11	0	1
OG_6989	1	1	1	1	1	1	1	1	1	2	1	1	1	1	1
OG_6990	1	1	1	1	1	0	1	1	1	1	1	1	1	0	0
OG_6991	0	2	0	1	2	5	0	1	1	2	3	2	0	1	0
OG_6992	0	2	0	1	1	3	0	6	1	4	0	1	0	0	0
OG_6993	5	4	7	8	13	0	9	5	9	9	1	0	5	0	0
OG_6994	4	2	1	3	2	3	2	2	4	3	3	6	1	2	1
OG_6995	2	6	1	2	3	0	2	1	4	2	0	0	1	0	0
OG_6996	1	1	1	1	1	2	2	1	1	3	3	4	0	2	0
OG_6997	2	1	2	1	1	0	2	2	1	2	1	1	2	0	0
OG_6998	1	2	3	2	0	0	0	1	1	2	0	0	1	0	0
OG_6999	5	2	1	1	1	2	3	2	2	2	1	1	4	3	2
OG_7000	1	1	1	1	2	0	1	1	1	1	1	3	1	0	3
OG_7001	11	1	1	1	1	0	1	1	1	1	0	2	1	0	0
OG_7002	0	1	1	0	2	0	0	1	1	1	1	0	0	0	0
OG_7003	0	1	0	2	0	18	0	0	1	3	0	0	0	0	1
OG_7004	1	8	1	3	6	0	1	4	4	2	0	2	2	0	0
OG_7005	1	1	1	1	1	2	1	1	1	1	1	2	1	3	0
OG_7006	2	1	1	4	1	1	1	1	2	3	1	1	1	0	2
OG_7007	3	1	2	1	3	0	2	1	5	2	0	1	2	0	0
OG_7008	1	1	1	1	1	0	1	1	1	1	0	0	3	2	0
OG_7009	11	7	14	4	8	2	7	5	7	6	6	5	6	0	8
OG_7010	2	2	1	3	1	1	2	4	0	1	1	3	2	1	1
OG_7011	2	1	1	1	1	0	1	1	0	2	2	1	1	0	0
OG_7012	1	1	1	1	1	1	1	1	1	1	2	2	1	2	1
OG_7013	2	1	2	3	1	2	3	1	1	2	4	2	3	2	3
OG_7014	3	1	1	2	1	2	4	2	3	3	1	1	1	0	4
OG_7015	2	2	1	1	3	3	1	3	3	7	2	3	1	3	5
OG_7016	0	0	0	0	1	0	0	0	0	1	1	1	0	0	2
OG_7017	1	1	1	3	1	0	1	1	1	1	0	1	1	0	0
OG_7018	7	3	0	0	1	0	2	0	0	1	0	0	1	0	0
OG_7019	1	1	1	1	1	0	1	1	1	2	0	0	2	0	0
OG_7020	0	1	0	0	1	0	0	1	0	1	0	0	0	0	0
OG_7021	0	0	0	0	0	0	0	4	1	2	0	0	0	0	0
OG_7022	1	1	1	1	2	2	1	1	1	1	1	1	1	0	1
OG_7023	13	11	8	6	3	20	5	15	7	12	26	9	4	24	0
OG_7024	0	7	9	2	9	0	0	3	3	2	0	0	0	0	0
OG_7025	4	4	3	2	3	4	5	8	3	5	3	4	7	13	10
OG_7026	0	2	0	2	3	0	0	3	2	2	3	0	0	0	0
OG_7027	3	3	1	1	1	0	2	1	1	2	1	7	1	1	1
OG_7028	1	1	1	1	1	0	1	1	1	1	0	2	1	0	3
OG_7029	1	1	1	1	1	1	1	1	1	1	1	1	1	1	1
OG_7030	27	3	19	6	31	0	35	6	8	17	0	5	22	0	1
OG_7031	1	1	1	1	0	1	1	3	1	3	1	1	1	3	2
OG_7032	0	1	0	4	2	0	0	1	2	2	1	2	0	0	0
OG_7033	2	1	1	2	1	0	2	1	2	1	2	1	2	0	0
OG_7034	0	1	0	0	1	0	0	1	1	0	1	0	0	0	0
OG_7035	12	13	12	9	11	11	9	8	10	11	9	8	7	7	11
OG_7036	1	3	5	2	3	0	1	2	2	5	16	12	1	0	3
OG_7037	1	1	1	1	0	1	1	1	1	1	4	6	1	1	1
OG_7038	1	2	2	1	1	1	1	1	1	0	2	1	1	2	1
OG_7039	2	0	1	1	1	0	1	1	3	1	1	3	1	0	1
OG_7040	0	0	0	0	0	0	0	0	0	0	9	7	0	0	0
OG_7041	1	1	1	1	1	2	1	1	1	1	1	2	2	1	0
OG_7042	3	0	1	7	2	6	2	1	1	1	3	3	1	0	1
OG_7043	1	1	3	1	1	0	1	1	1	1	2	2	2	0	0
OG_7044	2	1	1	1	0	0	2	1	1	1	1	1	2	0	1
OG_7045	2	1	1	1	1	2	1	1	1	1	1	1	1	1	1
OG_7046	1	1	1	1	1	0	1	1	1	1	1	2	1	0	0
OG_7047	1	1	1	2	2	0	1	2	2	1	2	2	2	0	0
OG_7048	0	3	0	1	2	0	0	4	3	2	1	1	0	0	0
OG_7049	1	1	1	1	1	2	1	1	3	1	2	2	3	1	1
OG_7050	1	1	1	2	1	1	1	1	1	1	2	1	1	2	0
OG_7051	0	0	0	0	0	0	0	0	0	0	2	0	0	0	2
OG_7052	0	2	0	2	3	0	0	2	3	2	4	3	0	0	0
OG_7053	1	1	1	1	3	0	1	1	1	2	3	1	1	1	0
OG_7054	3	1	1	1	1	2	2	1	1	2	1	3	1	0	2
OG_7055	7	2	3	5	1	3	3	3	1	1	6	3	4	4	1
OG_7056	2	1	2	4	1	0	2	2	1	0	2	2	2	0	0
OG_7057	0	0	0	0	0	0	0	0	0	0	6	2	0	0	2
OG_7058	0	0	0	0	0	0	0	0	0	0	20	5	0	0	0
OG_7059	0	1	1	2	2	0	0	2	3	1	7	0	0	0	0
OG_7060	1	1	1	1	1	1	1	1	1	1	4	1	1	0	1
OG_7061	1	1	1	1	1	0	1	1	1	1	2	1	1	0	1
OG_7062	6	2	2	3	3	8	6	2	2	3	3	3	3	6	1
OG_7063	1	1	1	1	1	1	1	1	1	1	4	1	1	1	1
OG_7064	7	1	1	1	0	0	3	1	1	2	3	5	2	0	0
OG_7065	0	8	21	0	8	0	4	5	6	0	8	0	5	0	0
OG_7066	2	1	2	5	1	4	2	1	3	1	3	1	2	5	2
OG_7067	2	1	1	2	1	2	1	1	1	1	1	1	1	3	3
OG_7068	1	3	1	1	1	0	1	1	0	1	3	2	1	0	0
OG_7069	1	1	1	1	3	1	1	1	1	1	1	2	1	1	1
OG_7070	1	1	1	1	1	0	1	1	1	1	1	1	1	0	0
OG_7071	0	1	0	0	1	0	0	3	1	3	6	6	0	0	0
OG_7072	4	3	1	5	6	1	2	1	2	1	12	9	1	0	1
OG_7073	0	2	0	0	6	0	0	0	2	0	5	0	0	0	0
OG_7074	1	1	3	2	1	1	1	1	1	1	2	2	1	9	1
OG_7075	1	1	1	1	1	1	1	2	1	1	2	1	1	2	11
OG_7076	1	3	3	4	2	0	1	2	4	1	4	0	1	0	0
OG_7077	0	0	0	0	0	0	0	0	0	0	8	8	0	0	0
OG_7078	0	1	0	2	0	0	0	0	0	1	1	1	0	0	0
OG_7079	1	1	1	1	1	1	1	1	1	1	3	5	1	1	3
OG_7080	0	0	0	0	0	0	0	0	0	0	1	26	0	0	0
OG_7081	3	1	2	1	1	2	1	1	1	2	3	1	1	1	1
OG_7082	0	1	0	0	1	0	0	1	2	1	2	2	0	0	0
OG_7083	0	13	17	0	4	0	1	0	6	0	11	0	2	0	0
OG_7084	1	1	1	1	1	1	1	1	1	1	3	2	1	3	2
OG_7085	9	1	1	7	1	4	1	1	1	8	1	4	1	0	1
OG_7086	2	1	4	1	1	0	2	1	1	2	1	1	2	0	1
OG_7087	0	12	0	4	0	0	0	5	7	5	10	3	0	0	0
OG_7088	2	1	1	2	1	1	2	1	2	2	2	1	2	0	1
OG_7089	4	1	1	1	3	4	0	1	1	2	4	1	0	1	1
OG_7090	0	0	0	0	0	0	0	0	0	0	4	1	0	0	0
OG_7091	0	5	7	0	2	0	3	0	0	0	0	0	1	0	0
OG_7092	1	1	1	2	1	0	2	2	1	1	1	1	2	0	0
OG_7093	5	1	1	2	1	1	1	1	2	1	2	1	2	2	1
OG_7094	3	1	1	2	1	1	1	1	1	1	1	1	2	0	2
OG_7095	1	1	1	1	1	5	1	1	2	1	2	2	1	4	1
OG_7096	0	1	12	0	2	0	11	0	4	0	4	1	4	0	0
OG_7097	2	1	1	1	1	3	2	1	1	2	1	1	2	0	1
OG_7098	0	0	0	0	0	0	0	0	0	0	6	4	0	0	0
OG_7099	1	1	0	1	1	2	0	2	1	1	3	1	1	1	0
OG_7100	0	1	3	0	2	0	0	0	0	0	9	2	0	0	0
OG_7101	0	0	0	0	0	0	0	0	0	0	1	0	0	5	0
OG_7102	5	1	1	1	4	3	2	1	1	1	2	4	0	2	1
OG_7103	6	1	1	1	1	2	2	1	2	3	2	0	2	2	1
OG_7104	1	1	1	1	1	0	2	1	1	1	2	1	2	0	1
OG_7105	0	0	0	0	0	0	0	0	0	0	1	5	0	0	3
OG_7106	1	3	0	3	8	2	1	3	3	3	7	5	1	2	3
OG_7107	6	10	9	7	2	15	6	8	0	9	10	23	4	4	4
OG_7108	2	1	1	2	1	1	1	1	1	1	2	2	1	0	24
OG_7109	0	24	1	14	4	0	2	9	16	13	9	4	2	0	1
OG_7110	0	3	0	0	0	0	0	1	1	1	7	0	0	0	7
OG_7111	10	10	8	10	8	0	7	8	10	7	5	16	8	0	1
OG_7112	0	0	0	0	0	0	0	0	0	0	3	1	0	0	0
OG_7113	1	1	2	1	1	1	1	1	1	1	3	3	1	1	1
OG_7114	0	0	1	0	0	0	0	0	3	0	1	0	0	0	1
OG_7115	7	1	1	1	1	0	2	1	1	1	1	0	2	0	0
OG_7116	3	1	1	2	1	2	4	1	1	1	8	1	2	2	1
OG_7117	0	1	0	0	1	0	0	0	0	0	3	0	0	0	0
OG_7118	2	9	3	8	4	3	0	3	9	9	13	11	0	3	3
OG_7119	1	3	1	1	1	1	1	1	1	2	3	2	1	1	1
OG_7120	8	3	2	8	3	3	2	2	2	3	12	5	2	0	1
OG_7121	1	2	1	3	7	0	1	1	1	4	1	8	1	0	0
OG_7122	1	1	1	1	1	5	1	1	1	1	2	2	1	1	8
OG_7123	1	1	6	1	1	0	1	1	1	1	5	1	1	0	0
OG_7124	0	1	0	0	0	0	0	0	0	0	2	1	1	0	2
OG_7125	50	10	14	75	21	26	10	20	14	14	12	1	15	8	45
OG_7126	1	1	1	2	1	0	2	1	1	1	5	0	1	0	1
OG_7127	1	1	1	1	1	1	2	1	1	1	1	1	1	1	0
OG_7128	1	3	1	1	3	0	1	1	2	1	7	0	1	0	0
OG_7129	21	1	1	1	1	0	2	1	1	6	2	3	3	0	0
OG_7130	1	1	9	1	1	0	2	1	1	1	2	2	1	0	0
OG_7131	2	1	1	6	1	3	3	1	3	1	5	2	1	1	2
OG_7132	1	1	1	1	1	0	1	1	1	2	2	1	1	0	0
OG_7133	0	0	1	0	4	6	0	0	0	0	7	0	0	0	0
OG_7134	0	0	0	0	0	5	0	0	0	0	22	12	0	0	0
OG_7135	1	2	2	2	6	0	2	1	1	2	4	8	2	0	0
OG_7136	3	1	1	1	2	4	1	1	1	1	2	4	1	2	2
OG_7137	0	0	0	0	0	1	0	0	0	0	10	0	0	0	0
OG_7138	3	6	2	4	1	1	5	1	8	4	8	8	0	1	0
OG_7139	1	2	1	1	1	4	1	1	2	2	2	3	1	1	1
OG_7140	1	0	0	1	1	0	1	1	1	2	1	1	1	0	0
OG_7141	0	0	6	0	5	0	0	0	1	0	3	0	0	0	0
OG_7142	16	3	2	3	2	0	3	2	3	6	2	3	1	1	0
OG_7143	1	2	1	1	2	2	1	1	1	1	4	1	1	1	1
OG_7144	0	1	2	0	0	0	0	0	0	0	5	0	0	0	0
OG_7145	2	0	1	2	1	0	2	1	1	2	2	1	1	0	0
OG_7146	2	1	1	1	1	0	1	2	1	2	1	2	2	0	1
OG_7147	0	0	0	0	0	0	0	0	0	0	3	0	0	0	7
OG_7148	1	1	1	1	2	1	1	6	2	1	4	2	0	3	4
OG_7149	22	1	28	12	0	12	7	0	1	9	8	4	0	7	4
OG_7150	1	1	1	1	1	7	1	1	1	1	2	3	1	2	2
OG_7151	3	3	1	4	1	2	1	7	3	1	31	1	1	0	33
OG_7152	0	0	3	0	0	0	4	1	0	0	2	0	1	0	0
OG_7153	2	2	5	3	5	6	4	4	5	2	4	6	5	3	4
OG_7154	1	1	1	1	1	3	1	1	1	1	2	1	1	2	2
OG_7155	2	1	2	2	1	0	1	1	1	1	8	1	1	0	1
OG_7156	2	1	1	1	1	0	1	1	1	1	6	3	1	0	0
OG_7157	0	0	0	0	0	0	0	0	0	0	6	3	0	0	0
OG_7158	1	1	1	2	1	1	1	1	1	1	3	1	1	1	0
OG_7159	3	1	1	4	1	1	2	1	1	2	2	3	1	2	1
OG_7160	6	0	0	0	0	0	1	4	1	1	1	0	1	0	1
OG_7161	1	1	1	1	1	0	1	1	1	1	1	1	1	0	0
OG_7162	4	1	1	2	1	3	3	1	1	2	2	3	2	1	1
OG_7163	38	2	9	4	11	4	3	3	3	5	36	33	1	1	4
OG_7164	2	3	4	3	1	0	1	3	3	4	5	1	1	0	4
OG_7165	1	1	1	1	1	1	2	1	2	2	2	1	2	0	0
OG_7166	0	1	1	0	1	0	3	0	0	0	1	0	0	0	0
OG_7167	1	4	1	4	7	0	2	2	3	1	9	5	1	0	1
OG_7168	3	1	1	1	1	1	1	1	1	1	5	1	1	2	1
OG_7169	1	0	1	1	1	1	2	1	1	1	1	2	1	2	1
OG_7170	1	2	1	1	1	2	1	1	1	1	5	3	0	1	3
OG_7171	3	1	0	1	1	0	2	1	1	1	1	1	3	0	0
OG_7172	2	1	2	1	1	6	2	1	2	2	1	6	2	1	3
OG_7173	6	15	6	5	12	0	6	7	8	3	10	6	4	0	0
OG_7174	3	1	0	3	1	1	2	1	3	1	2	2	1	2	1
OG_7175	0	0	0	0	0	0	0	0	0	0	1	0	0	16	0
OG_7176	5	9	6	20	2	2	5	11	5	2	3	3	0	1	2
OG_7177	2	0	1	2	2	0	1	1	1	3	1	2	1	0	19
OG_7178	4	1	1	5	3	3	3	1	2	1	4	7	1	5	0
OG_7179	1	0	1	1	2	0	1	1	1	1	1	1	1	0	0
OG_7180	1	1	1	1	1	0	1	1	1	1	1	2	1	1	2
OG_7181	1	1	1	1	1	1	2	1	1	1	1	3	2	2	2
OG_7182	1	1	1	1	4	0	0	1	2	1	2	1	0	0	0
OG_7183	1	1	1	1	1	1	1	1	2	1	1	1	1	2	2
OG_7184	1	1	1	1	1	0	1	1	1	1	2	2	1	0	0
OG_7185	5	1	2	1	2	0	1	1	1	3	1	1	1	0	0
OG_7186	2	0	1	1	1	1	1	1	1	1	9	4	1	0	0
OG_7187	0	1	0	0	1	0	0	1	1	0	1	2	0	0	0
OG_7188	2	1	1	1	1	0	3	1	1	1	5	7	2	0	1
OG_7189	1	7	1	4	6	0	1	3	7	4	16	2	1	0	0
OG_7190	1	5	2	1	4	3	1	3	2	2	5	6	1	2	0
OG_7191	6	2	1	1	1	1	1	1	1	4	2	0	1	1	1
OG_7192	0	3	1	1	6	0	1	1	0	0	1	0	2	0	0
OG_7193	0	0	0	0	1	0	1	0	1	0	1	2	1	0	0
OG_7194	10	1	1	6	1	2	3	1	1	6	1	2	0	6	0
OG_7195	0	1	0	0	0	0	0	0	0	0	3	0	0	0	0
OG_7196	7	4	2	4	2	2	5	2	4	3	4	4	4	1	2
OG_7197	1	1	1	1	1	0	1	1	1	1	1	2	1	0	0
OG_7198	1	1	2	1	1	2	1	1	3	1	2	2	1	1	1
OG_7199	2	2	1	3	1	6	1	2	1	3	2	0	1	6	2
OG_7200	0	1	0	1	3	0	0	1	0	2	2	0	0	0	0
OG_7201	2	3	2	1	3	3	2	1	2	1	2	3	1	3	1
OG_7202	12	11	37	10	13	6	3	11	9	14	9	0	3	3	0
OG_7203	1	4	2	0	4	0	2	0	2	0	6	0	1	0	2
OG_7204	2	3	3	3	2	2	2	5	5	3	4	1	1	16	2
OG_7205	3	1	1	1	1	1	1	1	1	2	1	1	1	2	1
OG_7206	1	1	1	1	1	1	1	1	0	1	1	1	1	1	1
OG_7207	1	2	2	1	3	3	2	3	3	1	2	1	2	1	4
OG_7208	2	2	1	2	1	4	1	1	1	1	1	1	1	2	5
OG_7209	1	0	1	3	1	0	1	1	2	0	3	2	1	0	0
OG_7210	2	1	1	1	1	0	1	1	1	1	1	1	1	0	0
OG_7211	0	0	0	0	0	0	0	0	0	0	4	5	0	0	2
OG_7212	1	1	1	1	1	0	0	2	1	1	1	3	0	0	0
OG_7213	1	1	2	2	1	2	1	0	1	1	1	2	2	0	1
OG_7214	0	0	1	0	3	0	0	0	0	0	0	3	0	0	0
OG_7215	1	1	1	2	2	3	1	1	1	1	1	3	1	2	8
OG_7216	1	2	1	1	1	4	1	0	2	1	2	1	1	1	10
OG_7217	0	0	0	0	0	0	0	0	0	0	4	12	1	2	0
OG_7218	6	1	3	3	2	0	5	2	3	1	1	4	4	0	0
OG_7219	0	2	1	2	0	2	0	7	0	3	10	26	0	0	0
OG_7220	4	1	0	1	1	2	3	1	1	1	1	0	3	0	0
OG_7221	4	3	7	6	2	0	14	6	1	1	3	7	6	0	68
OG_7222	1	1	1	1	0	0	1	1	1	1	1	1	1	0	0
OG_7223	2	1	1	1	1	0	2	1	1	0	2	2	2	0	1
OG_7224	1	1	1	1	1	18	1	1	1	1	0	4	1	11	0
OG_7225	1	1	0	1	1	0	1	1	1	1	1	1	1	0	0
OG_7226	1	1	5	0	2	0	1	1	1	1	1	1	1	0	0
OG_7227	0	3	1	3	1	0	1	1	1	1	0	1	1	0	0
OG_7228	1	1	2	3	1	1	1	1	1	3	0	1	1	0	2
OG_7229	1	1	1	1	1	0	1	1	1	1	2	2	1	0	0
OG_7230	5	3	3	1	1	0	6	0	2	0	1	1	1	0	0
OG_7231	3	3	1	0	4	0	0	2	1	0	0	4	0	1	3
OG_7232	1	1	1	1	1	0	1	1	1	1	2	5	1	0	0
OG_7233	1	1	1	2	1	0	1	1	1	1	2	4	1	1	0
OG_7234	0	15	0	8	0	0	0	11	9	11	0	0	0	0	0
OG_7235	0	0	0	0	0	0	0	0	0	0	0	5	1	0	0
OG_7236	0	1	0	0	1	0	0	1	1	1	2	1	0	0	1
OG_7237	3	1	1	3	1	1	2	1	1	4	2	3	2	1	1
OG_7238	9	2	1	3	1	0	5	3	2	4	1	2	4	0	0
OG_7239	1	1	1	1	0	0	1	1	1	3	2	1	1	0	0
OG_7240	2	1	1	1	1	4	1	1	1	1	1	1	2	2	1
OG_7241	1	0	1	1	1	7	0	1	1	1	2	2	0	1	0
OG_7242	1	0	4	0	1	0	2	0	0	0	0	1	2	0	0
OG_7243	0	2	0	1	0	0	0	1	3	0	6	11	0	0	0
OG_7244	0	0	1	0	0	0	0	0	0	0	1	1	1	0	0
OG_7245	2	1	1	1	1	1	2	1	1	1	1	1	1	1	0
OG_7246	1	1	1	1	1	0	1	1	1	1	0	2	2	3	0
OG_7247	2	1	1	1	1	1	2	1	1	1	2	3	1	4	1
OG_7248	1	2	1	1	1	0	3	1	2	2	0	6	1	0	0
OG_7249	1	2	1	1	1	0	1	1	1	1	0	1	1	0	1
OG_7250	2	1	1	6	1	2	2	1	1	1	3	1	2	1	3
OG_7251	1	1	1	2	1	0	1	1	1	1	1	2	1	0	1
OG_7252	1	1	1	1	1	0	1	1	1	1	0	1	1	0	0
OG_7253	0	0	0	0	0	0	0	0	0	0	2	2	0	0	0
OG_7254	1	3	1	1	2	1	2	1	3	1	3	5	0	4	0
OG_7255	3	1	1	1	1	1	1	1	1	1	1	3	1	1	1
OG_7256	5	3	4	2	3	0	2	2	4	5	1	1	2	0	0
OG_7257	0	3	1	1	1	0	0	0	1	0	2	11	1	0	0
OG_7258	12	1	1	10	1	1	3	1	1	7	2	12	3	0	1
OG_7259	5	4	3	2	2	0	0	2	3	3	4	6	1	0	0
OG_7260	1	1	1	1	2	0	1	1	1	1	1	1	1	0	1
OG_7261	1	1	1	2	1	0	2	1	1	1	1	1	1	0	4
OG_7262	2	0	2	2	1	0	1	4	1	1	2	9	0	0	0
OG_7263	2	1	1	2	5	0	2	3	3	2	2	5	1	3	1
OG_7264	1	1	1	1	1	1	1	1	1	1	1	2	1	2	1
OG_7265	1	1	2	1	1	0	2	1	1	1	0	1	1	0	0
OG_7266	0	0	0	0	0	1	0	0	0	0	4	3	0	8	0
OG_7267	4	0	1	5	1	0	2	2	2	3	1	2	2	0	1
OG_7268	7	1	1	1	1	3	1	1	1	1	2	9	3	3	1
OG_7269	2	1	1	1	1	0	2	1	1	1	3	2	1	0	1
OG_7270	6	1	1	4	1	0	1	1	1	3	1	1	1	0	0
OG_7271	2	1	1	3	1	0	1	1	1	1	1	1	1	0	0
OG_7272	1	1	1	1	1	3	1	1	1	1	2	5	2	0	1
OG_7273	4	3	4	5	6	0	5	2	4	2	2	11	4	0	1
OG_7274	1	1	1	1	1	1	1	1	1	1	1	6	1	1	0
OG_7275	1	3	1	3	2	0	2	2	2	2	1	2	1	1	0
OG_7276	1	2	1	3	2	0	2	2	2	2	1	3	2	0	0
OG_7277	1	1	1	2	5	2	1	1	2	1	1	1	1	0	2
OG_7278	1	1	1	2	1	0	1	1	1	1	1	1	1	0	1
OG_7279	1	1	1	1	2	2	1	1	2	2	1	1	1	1	1
OG_7280	1	2	1	2	2	0	1	2	2	2	1	2	1	0	0
OG_7281	2	1	2	1	1	0	2	1	1	1	1	2	1	0	0
OG_7282	1	1	1	1	1	7	1	1	1	1	2	2	1	1	1
OG_7283	1	2	1	1	1	0	1	1	1	1	1	2	1	0	0
OG_7284	7	2	3	6	2	3	3	3	3	6	1	3	2	0	2
OG_7285	1	1	1	1	1	2	2	1	2	0	1	12	2	5	1
OG_7286	1	1	2	6	1	0	2	2	1	1	0	3	1	0	0
OG_7287	0	1	1	0	0	0	0	0	0	0	0	4	0	2	1
OG_7288	2	1	2	4	4	1	2	1	1	1	1	11	2	4	1
OG_7289	0	0	0	0	0	0	0	0	0	0	0	1	0	0	4
OG_7290	3	2	3	2	2	3	2	2	2	2	2	7	1	19	0
OG_7291	1	2	1	1	1	1	1	1	3	2	1	4	1	0	0
OG_7292	0	1	1	1	1	0	0	1	1	1	1	1	1	0	2
OG_7293	0	2	0	0	0	0	0	1	1	1	1	1	0	0	0
OG_7294	1	1	1	1	1	2	2	1	1	1	1	1	1	2	1
OG_7295	1	1	2	1	1	0	1	1	1	1	1	1	1	0	1
OG_7296	1	1	1	3	1	0	1	1	0	1	0	1	1	0	0
OG_7297	0	0	0	0	0	0	0	0	0	0	1	10	0	0	0
OG_7298	0	1	0	1	1	1	0	1	1	1	1	2	0	3	5
OG_7299	1	2	1	1	3	0	2	1	1	1	1	1	1	1	0
OG_7300	1	1	1	2	2	1	1	2	2	0	1	16	3	8	2
OG_7301	2	5	2	4	3	0	2	3	4	9	2	2	1	0	0
OG_7302	1	2	1	2	1	8	1	3	4	1	1	1	1	1	1
OG_7303	1	1	1	1	1	1	2	1	1	2	1	2	1	1	3
OG_7304	1	1	1	2	1	0	1	1	1	0	2	1	2	0	1
OG_7305	4	2	1	3	1	0	1	1	1	1	2	1	2	0	1
OG_7306	1	1	1	1	1	4	1	1	1	1	0	3	1	0	0
OG_7307	18	2	3	2	2	0	15	1	4	1	0	5	11	0	1
OG_7308	18	11	4	13	9	0	9	8	19	8	0	4	10	0	2
OG_7309	0	0	0	0	0	0	0	0	0	0	2	10	0	0	0
OG_7310	0	8	0	3	0	0	0	9	5	4	4	8	0	3	0
OG_7311	3	1	1	1	2	0	1	1	1	1	1	1	2	0	0
OG_7312	2	1	0	2	0	28	1	1	1	1	2	4	1	10	1
OG_7313	3	1	1	2	3	3	4	1	1	1	2	7	2	1	2
OG_7314	1	1	1	1	1	1	1	5	2	1	1	3	1	1	1
OG_7315	2	2	1	2	1	0	1	1	2	2	1	1	2	0	0
OG_7316	1	1	1	1	1	0	1	1	1	2	0	3	1	0	0
OG_7317	0	0	0	0	0	0	1	0	0	0	0	1	2	0	0
OG_7318	1	1	1	1	1	2	3	1	1	1	2	1	2	1	1
OG_7319	2	0	8	0	0	0	0	0	0	0	2	0	2	0	0
OG_7320	0	0	7	0	0	0	0	1	0	0	0	0	1	0	0
OG_7321	3	1	4	0	2	0	0	7	0	1	0	0	6	0	0
OG_7322	1	1	1	1	1	1	1	1	1	1	1	1	1	1	1
OG_7323	4	2	1	0	3	0	4	2	0	0	1	0	3	0	0
OG_7324	1	1	1	1	1	2	1	1	1	1	0	1	1	1	1
OG_7325	2	1	1	3	1	0	1	1	1	1	1	1	2	1	0
OG_7326	0	0	1	3	5	0	1	1	1	1	0	1	1	0	0
OG_7327	0	1	0	0	1	0	0	0	1	0	0	0	1	0	0
OG_7328	3	2	3	1	3	0	3	2	2	2	0	2	3	0	2
OG_7329	1	0	0	0	0	0	8	0	0	0	0	0	3	0	0
OG_7330	0	7	49	1	39	0	5	13	5	1	3	0	11	3	0
OG_7331	1	2	1	6	4	0	2	1	2	2	1	3	2	0	0
OG_7332	0	0	13	0	1	0	4	0	2	0	0	0	6	0	8
OG_7333	2	6	2	1	2	0	0	2	2	1	0	0	2	1	0
OG_7334	0	1	1	1	1	0	1	1	1	1	0	0	1	0	0
OG_7335	10	10	6	9	11	0	5	7	7	6	3	1	7	0	11
OG_7336	6	14	3	2	9	0	2	2	5	1	0	3	6	0	0
OG_7337	8	1	9	0	6	0	12	5	0	0	2	0	2	0	0
OG_7338	1	0	0	0	0	0	0	0	0	0	0	0	3	0	0
OG_7339	6	0	22	0	8	5	8	5	1	0	12	1	13	0	16
OG_7340	0	0	11	1	0	0	0	0	1	0	1	0	4	0	0
OG_7341	1	1	18	0	4	2	1	6	0	1	2	0	5	0	0
OG_7342	1	1	1	3	1	0	2	1	1	1	1	1	1	0	0
OG_7343	0	0	4	0	1	0	0	0	0	0	0	0	7	0	0
OG_7344	26	6	48	2	7	0	18	21	3	0	5	0	13	0	35
OG_7345	3	14	1	1	3	0	10	1	2	0	5	0	4	0	6
OG_7346	0	1	0	0	2	0	2	0	5	0	1	0	1	0	0
OG_7347	1	1	1	2	1	2	2	1	1	1	1	5	2	0	1
OG_7348	0	0	9	0	0	0	6	0	0	0	0	0	9	0	0
OG_7349	0	1	0	2	4	0	2	3	1	2	0	1	4	0	0
OG_7350	0	0	2	0	0	0	1	0	0	0	0	0	5	0	0
OG_7351	0	2	8	0	1	0	6	1	3	0	0	0	6	0	0
OG_7352	8	1	4	5	1	0	5	1	1	1	3	3	7	0	0
OG_7353	0	3	1	0	2	0	0	0	0	0	0	0	2	0	0
OG_7354	0	0	3	0	0	0	0	0	0	0	1	0	1	0	0
OG_7355	1	1	1	1	1	1	1	2	1	1	0	0	1	0	0
OG_7356	1	0	13	0	0	0	10	0	0	0	0	0	6	0	0
OG_7357	0	0	4	0	1	0	1	0	0	0	1	0	1	0	0
OG_7358	1	1	1	1	1	0	1	1	1	1	11	6	1	0	0
OG_7359	0	7	0	0	0	0	0	0	1	0	0	0	8	0	0
OG_7360	0	2	4	0	5	0	3	1	0	0	0	1	1	0	0
OG_7361	0	0	0	0	0	0	3	1	0	0	0	0	10	0	0
OG_7362	0	1	1	0	3	0	0	0	0	0	0	0	1	0	0
OG_7363	7	2	23	0	0	3	14	10	2	0	0	0	6	25	23
OG_7364	1	1	13	0	2	18	3	1	0	1	2	1	5	0	1
OG_7365	2	1	3	2	1	0	2	1	1	1	0	0	1	0	0
OG_7366	0	4	6	0	2	19	0	0	6	0	1	0	2	0	0
OG_7367	0	2	2	0	0	0	0	0	0	0	0	0	3	0	0
OG_7368	0	0	0	0	0	0	1	0	0	0	0	0	1	14	9
OG_7369	2	0	0	0	0	0	0	0	0	0	0	0	2	0	0
OG_7370	2	6	4	1	3	0	8	3	4	0	0	0	4	0	0
OG_7371	0	2	2	1	5	0	2	1	5	1	4	0	1	0	0
OG_7372	0	12	10	17	14	0	8	18	14	2	13	2	6	66	1
OG_7373	1	1	1	1	1	4	1	1	1	1	1	1	1	17	1
OG_7374	0	0	0	0	0	6	0	0	0	0	0	0	0	21	0
OG_7375	0	0	0	0	0	9	0	0	0	0	0	0	0	9	0
OG_7376	28	0	0	2	2	0	3	2	0	0	7	0	1	67	3
OG_7377	9	1	2	1	1	5	5	1	1	1	1	1	3	7	8
OG_7378	0	0	0	0	0	0	0	0	0	0	0	0	0	23	5
OG_7379	0	0	0	0	0	1	0	0	0	0	1	5	0	6	0
OG_7380	0	0	0	0	0	0	0	0	0	0	0	0	0	9	2
OG_7381	2	2	2	2	2	4	1	1	2	1	1	5	1	15	2
OG_7382	25	1	41	11	22	17	25	36	1	4	16	12	15	70	0
OG_7383	0	0	0	0	0	1	0	0	0	0	0	0	0	6	0
OG_7384	2	2	6	24	17	0	0	48	10	8	2	14	3	5	0
OG_7385	1	1	1	2	3	0	1	3	7	3	0	0	1	1	2
OG_7386	3	1	1	2	1	9	2	1	1	1	1	1	1	16	2
OG_7387	3	1	16	1	4	17	20	10	1	1	2	4	4	51	0
OG_7388	1	0	2	0	3	27	3	0	0	0	0	0	0	37	0
OG_7389	0	4	1	2	7	2	0	1	3	0	0	0	0	5	0
OG_7390	0	0	0	0	0	0	0	0	0	0	1	0	0	57	0
OG_7391	2	6	0	2	0	1	1	1	4	1	0	1	1	1	1
OG_7392	1	1	1	7	1	2	1	1	1	4	3	6	1	9	1
OG_7393	0	0	0	0	0	1	0	0	0	0	0	0	0	36	0
OG_7394	1	1	1	1	1	1	1	1	1	1	1	1	1	2	2
OG_7395	0	0	0	0	0	0	0	0	0	0	0	0	0	23	13
OG_7396	0	2	0	3	2	0	0	4	2	2	7	3	0	1	0
OG_7397	0	0	0	0	0	2	0	0	0	0	0	0	0	5	0
OG_7398	1	1	1	1	1	4	1	1	1	1	2	1	2	11	1
OG_7399	0	0	0	0	0	6	0	0	0	0	0	0	0	12	0
OG_7400	0	0	0	0	0	7	0	0	0	0	0	0	0	5	0
OG_7401	0	0	5	0	0	0	2	0	0	0	0	0	0	13	23
OG_7402	0	0	0	0	0	3	0	0	0	0	0	0	0	10	0
OG_7403	0	0	0	0	0	8	0	0	0	0	0	0	0	25	0
OG_7404	1	1	1	1	1	1	1	1	1	1	4	2	1	2	1
OG_7405	1	0	5	0	5	0	5	0	0	0	0	2	0	52	0
OG_7406	1	1	1	1	1	1	1	1	2	1	1	1	1	2	3
OG_7407	0	0	0	0	0	12	0	0	0	0	0	0	0	13	0
OG_7408	0	0	0	0	0	2	0	0	0	0	0	0	0	13	0
OG_7409	0	0	0	0	0	0	0	0	0	0	0	0	0	4	1
OG_7410	5	1	2	6	2	2	2	2	2	8	4	3	2	2	0
OG_7411	3	1	1	1	1	2	1	1	1	1	1	1	2	2	6
OG_7412	1	3	4	0	1	1	2	0	1	0	0	0	1	3	0
OG_7413	0	0	0	0	0	0	0	0	0	0	0	0	0	11	1
OG_7414	0	0	0	0	0	1	0	0	0	0	0	0	0	4	0
OG_7415	6	2	1	1	1	3	3	1	1	1	2	1	3	9	1
OG_7416	6	1	1	1	1	5	3	1	1	1	2	2	3	30	1
OG_7417	1	0	10	1	16	36	13	1	1	1	5	1	9	36	0
OG_7418	1	1	1	1	1	1	1	1	1	1	1	1	2	2	1
OG_7419	1	2	1	2	2	0	2	2	2	4	2	1	3	8	0
OG_7420	1	2	0	2	1	7	0	1	1	1	0	0	2	16	0
OG_7421	2	1	6	1	1	12	1	1	1	2	2	3	1	5	4
OG_7422	0	4	1	1	1	1	0	1	1	1	1	1	0	1	0
OG_7423	2	1	1	1	1	0	1	1	1	4	2	0	1	8	3
OG_7424	2	2	5	2	2	32	2	2	2	2	3	2	3	46	6
OG_7425	4	2	2	2	2	3	3	2	2	2	2	2	2	2	5
OG_7426	4	2	1	2	1	37	1	1	1	4	2	2	1	7	0
OG_7427	5	1	2	5	3	0	1	1	1	2	2	0	0	2	0
OG_7428	1	1	1	1	1	1	1	1	2	1	1	1	1	1	2
OG_7429	0	0	0	0	0	0	0	0	0	0	1	0	0	16	0
OG_7430	17	12	10	12	18	22	14	12	14	12	14	17	14	21	7
OG_7431	0	0	0	0	0	3	0	0	0	0	0	0	0	11	1
OG_7432	1	4	1	2	1	5	1	1	1	1	1	1	1	7	2
OG_7433	0	5	1	3	0	10	1	0	0	0	0	0	3	53	7
OG_7434	0	0	0	0	0	2	0	0	0	0	0	0	0	5	0
OG_7435	0	0	1	0	0	0	0	0	0	0	0	0	0	7	0
OG_7436	0	0	0	0	0	2	0	0	0	0	0	0	0	14	0
OG_7437	1	1	1	1	1	9	1	1	2	1	1	1	1	64	2
OG_7438	3	2	4	2	3	1	4	4	3	2	2	2	3	1	0
OG_7439	0	0	0	0	0	0	0	0	0	0	0	0	0	5	3
OG_7440	2	8	6	6	3	5	2	10	7	10	9	9	2	12	13
OG_7441	0	0	0	0	0	4	0	0	0	0	0	0	0	10	1
OG_7442	0	0	1	0	0	0	0	0	0	0	0	0	0	12	0
OG_7443	0	0	0	0	0	0	0	0	0	0	1	0	0	9	0
OG_7444	0	2	0	0	1	0	0	0	0	0	0	0	0	10	0
OG_7445	3	1	1	1	1	1	1	1	1	1	1	1	1	2	1
OG_7446	1	1	1	1	1	12	2	1	1	1	2	1	2	17	12
OG_7447	0	0	0	0	0	1	0	0	0	0	0	0	0	5	0
OG_7448	2	1	1	1	1	2	2	1	1	2	1	0	3	2	1
OG_7449	0	2	0	0	0	0	0	0	0	0	0	0	0	14	0
OG_7450	0	0	0	0	0	0	0	0	0	0	0	0	0	5	1
OG_7451	0	0	0	0	0	4	0	0	0	0	0	0	0	7	0
OG_7452	0	1	0	13	0	13	0	1	1	1	2	2	0	11	0
OG_7453	0	0	0	0	0	1	0	0	0	0	0	0	0	15	0
OG_7454	0	0	0	0	0	2	0	0	0	0	0	0	0	3	0
OG_7455	0	0	0	0	0	1	0	0	0	0	0	0	0	7	0
OG_7456	4	5	1	2	3	27	5	3	1	2	6	2	3	13	5
OG_7457	1	1	1	2	1	8	1	1	1	1	1	2	2	11	0
OG_7458	2	6	3	2	6	4	2	3	6	3	1	3	2	2	3
OG_7459	1	1	1	1	1	1	1	1	1	1	2	5	1	2	2
OG_7460	10	1	1	3	1	3	2	1	1	5	3	7	2	3	2
OG_7461	0	24	10	1	3	0	0	12	2	0	0	1	0	15	10
OG_7462	3	1	1	1	2	1	1	1	1	1	1	0	1	10	1
OG_7463	0	0	0	0	0	0	0	0	0	0	0	0	0	8	1
OG_7464	0	7	2	0	5	4	4	0	1	0	7	0	0	37	3
OG_7465	2	2	1	1	1	3	2	1	4	1	2	1	1	3	9
OG_7466	0	1	0	3	0	0	1	0	0	1	0	0	0	2	0
OG_7467	3	1	1	1	1	1	2	1	0	2	0	1	1	2	1
OG_7468	2	1	1	1	1	1	1	1	1	1	1	1	1	2	0
OG_7469	1	1	1	1	1	0	1	1	1	2	0	1	1	0	0
OG_7470	0	0	0	0	0	0	0	0	0	0	0	0	0	13	10
OG_7471	15	6	1	8	7	0	4	2	1	8	1	0	3	1	0
OG_7472	1	1	1	2	1	0	1	1	6	1	3	1	1	2	1
OG_7473	0	1	0	0	0	17	0	0	0	0	0	0	0	18	0
OG_7474	0	0	0	0	1	0	1	2	0	0	0	0	0	3	0
OG_7475	0	0	1	0	0	0	0	0	0	0	0	0	0	5	0
OG_7476	3	2	1	2	2	2	2	2	2	2	1	6	2	3	1
OG_7477	1	0	1	1	1	1	1	1	1	2	1	1	1	1	1
OG_7478	0	2	0	0	0	0	0	0	0	0	0	0	0	8	1
OG_7479	0	0	0	0	0	1	0	0	0	0	0	0	0	20	0
OG_7480	2	1	1	1	1	0	0	1	1	1	0	0	2	2	1
OG_7481	2	1	1	1	1	1	1	1	1	1	1	3	1	2	1
OG_7482	3	1	1	1	1	1	2	1	1	1	1	1	2	2	27
OG_7483	1	2	5	1	2	0	1	1	3	1	3	4	1	8	1
OG_7484	0	2	0	0	0	0	0	0	0	0	0	0	0	14	0
OG_7485	6	11	2	13	7	8	4	8	3	8	7	8	3	7	2
OG_7486	1	1	1	3	1	1	1	1	1	2	1	2	1	1	8
OG_7487	0	0	0	0	0	5	0	0	0	0	0	0	0	1	0
OG_7488	24	9	8	12	7	8	4	11	8	4	9	5	6	33	12
OG_7489	2	1	1	1	1	1	1	1	1	1	1	2	1	2	2
OG_7490	0	0	0	0	0	3	0	0	0	0	0	0	0	5	0
OG_7491	2	2	3	1	1	1	1	1	2	1	1	1	4	3	1
OG_7492	2	1	1	1	1	2	1	1	1	1	1	1	1	2	1
OG_7493	0	0	0	0	0	8	0	0	0	0	0	0	0	7	0
OG_7494	0	0	0	0	0	2	0	0	0	0	0	0	0	21	13
OG_7495	0	1	1	2	1	0	0	3	1	0	0	0	0	10	0
OG_7496	0	0	0	0	0	9	0	0	0	0	0	0	0	16	0
OG_7497	0	0	17	0	2	0	1	0	0	0	1	0	0	0	0
OG_7498	3	5	16	3	5	0	8	0	0	1	2	0	4	5	4
OG_7499	2	1	1	1	1	1	1	1	1	1	1	1	1	1	1
OG_7500	0	0	0	0	0	0	0	0	0	0	0	0	0	10	1
OG_7501	0	0	0	0	0	11	0	0	0	0	0	0	0	4	3
OG_7502	0	0	0	0	0	0	0	0	0	0	0	0	0	8	1
OG_7503	6	4	34	5	13	2	6	3	0	2	7	0	5	40	17
OG_7504	0	0	0	0	0	0	0	0	0	0	0	0	0	22	1
OG_7505	0	0	6	0	0	1	0	0	0	0	0	0	0	1	0
OG_7506	3	2	1	1	1	1	1	1	1	1	5	4	1	1	1
OG_7507	2	1	2	1	1	0	1	1	1	0	4	5	1	7	1
OG_7508	8	2	3	7	2	1	2	2	2	7	1	1	2	1	1
OG_7509	3	1	1	1	1	11	1	1	1	2	1	1	1	2	1
OG_7510	2	1	1	1	1	2	1	1	1	2	1	1	1	3	1
OG_7511	0	0	0	0	0	0	0	0	0	0	0	0	0	11	1
OG_7512	7	1	1	1	2	1	7	1	1	1	1	1	1	1	2
OG_7513	0	0	1	0	0	0	0	0	0	0	3	0	2	8	11
OG_7514	0	0	0	0	0	0	0	0	0	0	0	0	0	1	7
OG_7515	0	1	0	2	0	0	0	0	1	0	0	0	0	4	0
OG_7516	1	1	1	1	1	2	1	1	1	1	1	2	1	2	4
OG_7517	0	0	0	0	0	8	0	0	0	0	0	0	0	8	0
OG_7518	0	1	1	0	0	0	1	0	1	0	2	1	0	1	0
OG_7519	2	2	2	1	1	1	0	1	5	2	8	1	0	5	1
OG_7520	1	0	0	0	0	0	2	0	0	0	0	0	0	5	4
OG_7521	1	1	1	3	1	0	1	1	1	1	1	1	1	2	1
OG_7522	0	1	1	0	1	2	1	3	1	1	2	1	1	1	0
OG_7523	6	2	1	11	1	3	3	1	3	1	2	12	0	1	1
OG_7524	1	1	1	1	1	1	1	1	1	1	1	1	1	1	0
OG_7525	1	1	1	1	1	0	1	1	1	1	1	1	1	1	0
OG_7526	1	1	1	1	1	3	1	1	1	1	2	2	1	1	2
OG_7527	0	0	0	0	0	5	0	0	0	0	0	0	0	1	0
OG_7528	0	0	0	0	0	0	0	0	0	0	0	0	0	2	3
OG_7529	1	1	3	1	1	1	1	1	1	1	1	1	1	1	1
OG_7530	0	0	1	0	0	0	2	0	0	0	0	0	1	3	4
OG_7531	0	0	0	0	0	0	0	0	0	0	0	0	0	6	12
OG_7532	21	7	24	6	14	0	11	1	11	3	16	3	10	24	66
OG_7533	2	5	1	2	1	2	4	1	1	1	1	1	2	1	1
OG_7534	0	0	0	0	0	1	0	0	0	0	0	3	0	3	0
OG_7535	1	1	1	2	1	2	1	1	1	2	2	1	1	3	3
OG_7536	2	3	1	1	1	0	2	1	1	1	0	4	1	2	16
OG_7537	0	1	1	1	1	1	1	1	0	1	1	1	1	1	1
OG_7538	1	1	1	2	1	1	1	2	1	1	1	2	1	1	1
OG_7539	2	1	1	1	1	3	3	1	1	1	1	1	2	2	1
OG_7540	2	1	1	1	2	1	1	1	1	1	1	1	1	2	1
OG_7541	2	1	1	3	1	1	2	1	1	3	2	3	2	1	0
OG_7542	0	0	0	0	0	0	0	0	0	0	0	0	0	9	1
OG_7543	1	1	1	1	1	1	1	1	0	2	1	2	1	2	1
OG_7544	0	0	0	0	0	2	0	0	0	0	0	0	0	3	4
OG_7545	1	1	1	1	1	1	1	1	1	1	1	3	1	2	1
OG_7546	1	1	1	1	1	1	1	1	1	1	1	1	1	1	27
OG_7547	14	18	5	6	6	8	7	7	7	6	7	7	8	4	36
OG_7548	2	2	1	2	1	0	1	1	2	1	1	1	1	0	10
OG_7549	4	2	1	1	2	0	2	1	1	1	1	1	1	0	1
OG_7550	0	0	6	0	0	0	1	3	1	1	0	0	0	0	12
OG_7551	1	0	1	1	1	0	1	1	1	1	1	1	2	0	2
OG_7552	0	0	8	0	1	0	3	6	3	0	0	0	5	0	19
OG_7553	0	1	0	0	1	0	1	1	0	0	0	2	1	0	4
OG_7554	1	3	1	3	5	0	1	4	4	5	2	4	1	0	14
OG_7555	0	1	6	0	7	28	3	3	1	0	12	0	3	0	9
OG_7556	6	0	18	0	2	7	3	1	0	0	4	0	0	0	6
OG_7557	0	0	0	0	1	1	0	0	0	0	1	1	0	1	3
OG_7558	1	2	1	0	2	0	1	1	3	1	2	1	1	0	2
OG_7559	3	1	1	2	1	0	1	1	1	5	0	1	1	0	1
OG_7560	1	1	1	1	1	0	1	1	1	1	1	1	1	0	2
OG_7561	1	0	1	1	1	1	2	1	2	1	1	2	2	2	1
OG_7562	0	1	0	2	1	4	0	1	1	1	0	0	0	2	1
OG_7563	1	1	1	2	1	1	1	1	1	1	1	1	2	1	5
OG_7564	2	1	1	2	1	1	2	1	1	2	1	1	2	1	1
OG_7565	1	1	1	1	2	3	1	1	1	1	1	1	2	2	3
OG_7566	1	1	1	1	1	1	2	1	3	2	1	1	1	1	14
OG_7567	1	1	1	2	1	2	3	1	1	1	1	1	3	1	22
OG_7568	19	3	8	0	13	8	4	3	1	0	1	0	2	1	33
OG_7569	3	1	1	3	1	3	2	1	1	3	2	2	1	0	5
OG_7570	0	0	0	0	0	1	0	0	0	0	0	0	0	1	3
OG_7571	10	2	1	6	1	2	1	7	1	2	1	0	1	3	17
OG_7572	1	4	1	1	2	9	1	1	3	1	1	1	1	0	10
OG_7573	7	2	2	1	5	2	1	1	2	2	1	1	1	4	30
OG_7574	2	1	1	3	1	1	1	1	3	2	1	1	1	1	2
OG_7575	7	1	1	4	1	2	5	1	1	1	1	4	5	3	4
OG_7576	1	1	1	1	1	1	1	1	1	1	3	1	1	2	1
OG_7577	0	0	0	0	0	0	0	0	0	0	1	0	0	0	9
OG_7578	0	1	0	1	1	0	0	3	3	1	0	0	0	0	10
OG_7579	1	2	3	0	2	1	0	0	1	0	1	0	0	1	19
OG_7580	3	0	1	1	1	5	2	1	1	2	2	1	2	1	17
OG_7581	0	0	0	0	0	0	0	0	0	0	1	0	0	0	4
OG_7582	2	1	1	4	3	8	2	2	1	3	1	8	3	6	30
OG_7583	1	1	1	1	1	0	1	1	1	1	1	2	1	1	1
OG_7584	2	1	2	1	2	2	2	1	1	1	1	1	2	0	29
OG_7585	1	0	4	1	4	0	0	5	0	2	1	0	0	0	3
OG_7586	2	2	5	7	7	0	3	4	1	2	4	1	2	0	16
OG_7587	1	1	1	1	1	1	1	1	1	1	2	1	1	0	1
OG_7588	3	1	1	1	1	3	1	1	1	1	1	1	1	5	1
OG_7589	1	1	1	1	1	0	1	1	1	1	0	1	1	0	1
OG_7590	1	2	1	1	1	1	1	1	1	1	2	1	1	2	4
OG_7591	0	3	21	0	3	0	3	1	6	0	0	0	0	1	13
OG_7592	0	0	0	0	2	0	0	0	0	0	0	0	0	0	3
OG_7593	1	1	2	0	1	0	1	1	1	1	2	3	1	0	1
OG_7594	3	5	1	1	1	0	1	1	1	0	2	2	2	0	3
OG_7595	1	1	1	1	1	1	1	1	1	1	1	1	1	1	4
OG_7596	1	1	1	1	1	0	1	1	1	1	1	1	1	0	4
OG_7597	12	2	3	4	2	1	4	3	2	2	1	2	4	0	2
OG_7598	1	1	2	1	1	1	1	1	1	1	0	1	2	0	8
OG_7599	2	1	1	2	1	1	2	1	1	2	1	1	2	1	39
OG_7600	8	1	1	1	1	2	4	1	1	1	2	3	1	2	16
OG_7601	1	1	1	1	1	1	1	1	1	1	1	1	2	1	12
OG_7602	0	0	0	0	0	0	0	0	0	0	0	0	0	4	8
OG_7603	0	2	1	3	2	0	1	3	2	1	1	1	1	0	10
OG_7604	1	1	1	2	1	0	1	1	3	3	0	2	1	0	1
OG_7605	2	1	1	2	8	1	2	1	1	1	1	1	2	2	3
OG_7606	9	9	3	3	11	1	13	4	9	7	0	0	9	1	7
OG_7607	3	2	2	7	3	0	4	2	2	3	4	3	4	1	4
OG_7608	2	2	1	2	1	0	2	2	1	2	1	1	2	0	1
OG_7609	7	0	1	2	1	2	1	1	1	1	1	1	2	1	1
OG_7610	0	0	0	0	0	0	0	0	0	1	0	0	0	0	9
OG_7611	1	1	3	1	1	1	1	1	1	4	1	5	1	1	2
OG_7612	0	0	0	0	0	1	0	0	0	0	0	0	0	5	16
OG_7613	1	1	1	1	1	2	1	2	1	2	1	1	1	0	1
OG_7614	1	1	1	1	1	1	1	1	1	1	0	3	2	1	1
OG_7615	0	0	0	0	0	0	0	0	0	0	1	0	0	0	5
OG_7616	0	3	0	1	2	1	0	1	1	1	2	3	0	0	4
OG_7617	2	2	2	2	2	1	2	5	6	1	2	0	2	1	1
OG_7618	1	1	1	1	1	1	2	1	1	1	1	1	1	1	1
OG_7619	1	1	2	1	1	0	1	1	1	1	1	6	1	0	1
OG_7620	1	1	1	1	2	1	1	1	1	1	1	1	1	1	2
OG_7621	2	1	1	2	1	0	2	1	1	1	2	1	2	0	1
OG_7622	1	1	1	2	1	1	1	1	1	1	1	1	1	0	8
OG_7623	2	1	1	1	1	1	2	1	1	2	1	1	2	1	29
OG_7624	1	4	3	1	1	1	1	1	3	1	1	2	1	1	2
OG_7625	9	2	3	2	1	0	5	1	1	0	0	1	1	0	8
OG_7626	1	2	1	2	2	0	1	1	3	1	1	1	1	0	4
OG_7627	1	2	1	1	1	0	1	2	1	1	1	0	1	0	6
OG_7628	0	0	0	0	0	0	0	0	0	0	1	0	0	0	18
OG_7629	0	1	0	0	0	0	2	0	0	0	0	0	0	0	15
OG_7630	0	18	3	0	1	0	0	0	2	0	0	0	1	0	0
OG_7631	1	1	1	1	2	1	1	1	1	1	1	1	1	1	29
OG_7632	0	0	0	0	1	0	0	0	0	0	0	0	0	0	5
OG_7633	1	1	1	1	1	1	1	1	1	1	3	1	1	2	2
OG_7634	3	1	1	0	1	1	1	0	3	0	1	1	1	0	1
OG_7635	0	0	0	0	0	1	0	0	0	0	0	1	0	1	2
OG_7636	6	3	23	3	8	0	3	0	13	0	1	0	2	0	22
OG_7637	5	2	1	1	1	4	2	1	1	2	2	1	2	3	17
OG_7638	1	1	1	3	1	4	1	1	1	0	1	3	2	1	65
OG_7639	0	12	12	0	3	0	3	3	0	0	0	0	3	0	17
OG_7640	0	2	0	1	3	0	2	3	2	1	1	1	4	0	3
OG_7641	0	1	4	5	0	0	1	10	5	1	2	0	3	0	13
OG_7642	0	0	1	0	0	0	0	0	0	0	0	0	0	0	8
OG_7643	0	0	0	0	0	1	0	0	0	0	0	0	0	0	7
OG_7644	2	2	1	1	1	4	1	1	1	1	3	4	2	1	24
OG_7645	8	2	1	1	3	15	4	1	1	2	2	3	1	7	23
OG_7646	0	1	0	0	1	0	0	1	0	0	0	0	0	0	3
OG_7647	6	1	1	2	1	0	2	1	1	1	2	5	3	0	7
OG_7648	1	2	1	3	1	2	4	2	2	1	4	0	2	1	1
OG_7649	1	1	1	2	1	1	1	1	2	1	1	1	0	4	6
OG_7650	9	1	1	4	1	0	1	1	1	3	1	3	1	0	1
OG_7651	2	2	1	1	1	1	3	1	1	1	1	1	1	1	2
OG_7652	1	1	1	1	1	2	1	1	1	1	1	1	1	2	4
OG_7653	2	6	1	5	2	0	1	4	9	6	0	0	1	1	0
OG_7654	1	2	2	2	2	1	2	2	3	2	1	2	2	1	4
OG_7655	3	0	12	3	4	2	16	0	4	0	2	1	10	1	30
OG_7656	1	1	1	1	1	1	1	1	2	2	1	1	1	1	10
OG_7657	9	2	7	1	8	0	5	1	2	1	0	0	1	0	8
OG_7658	2	1	1	2	1	2	1	1	1	2	1	2	2	2	19
OG_7659	0	10	1	0	0	0	0	1	1	0	0	0	0	0	10
OG_7660	4	2	3	6	4	4	3	1	5	1	2	1	3	0	31
OG_7661	0	0	0	0	0	0	0	0	0	0	0	0	0	1	5
OG_7662	1	1	1	1	1	1	1	1	1	1	1	1	1	1	4
OG_7663	1	1	1	1	2	1	1	1	1	1	3	3	1	1	7
OG_7664	1	1	1	1	1	1	1	2	2	1	1	2	1	1	22
OG_7665	8	2	1	6	1	0	1	1	2	4	0	1	2	0	2
OG_7666	1	1	1	2	1	2	1	1	1	1	1	2	1	2	24
OG_7667	7	8	7	6	1	0	4	5	8	9	0	0	2	0	4
OG_7668	26	2	3	2	14	0	2	0	5	5	0	0	3	0	1
OG_7669	3	8	3	2	3	0	2	2	5	2	1	3	2	0	0
OG_7670	3	14	3	2	2	11	5	4	3	2	3	8	4	3	1
OG_7671	3	14	10	8	9	0	5	7	10	6	9	17	4	0	0
OG_7672	2	4	3	4	8	0	2	4	4	3	4	5	2	0	0
OG_7673	1	10	0	4	1	0	2	7	6	5	1	0	2	0	0
OG_7674	19	2	5	13	3	1	3	4	2	2	0	0	5	0	0
OG_7675	9	5	10	2	5	8	5	7	3	2	0	0	7	1	0
OG_7676	19	5	11	6	9	7	12	6	6	5	1	2	9	2	5
OG_7677	10	6	11	12	8	0	6	23	7	5	3	0	7	0	0
OG_7678	14	2	1	13	11	0	3	3	6	3	2	0	5	0	2
OG_7679	10	7	5	4	12	2	6	5	6	6	5	5	5	1	3
OG_7680	7	11	19	8	19	14	8	10	12	12	6	9	6	8	16
OG_7681	7	7	1	6	3	14	5	5	6	5	4	5	4	1	0
OG_7682	40	2	1	6	11	0	3	9	11	1	0	0	3	0	0
OG_7683	22	8	15	5	9	0	4	6	13	6	6	7	9	0	1
OG_7684	1	4	2	6	3	0	1	7	3	2	2	3	1	0	0
OG_7685	2	5	4	1	10	0	2	2	6	1	2	12	1	0	0
OG_7686	6	0	3	1	2	0	5	7	0	0	3	6	5	0	0
OG_7687	9	3	12	3	14	0	1	10	2	4	2	7	3	0	0
OG_7688	8	2	17	1	1	3	8	2	1	4	2	2	1	0	1
OG_7689	1	3	2	2	2	5	1	2	2	2	2	2	1	2	2
OG_7690	5	4	2	6	4	0	6	3	3	2	0	0	5	0	0
OG_7691	6	3	4	4	6	0	3	7	1	1	3	0	0	0	2
OG_7692	13	1	1	1	1	1	2	1	1	2	2	2	3	0	13
OG_7693	4	3	1	2	2	1	2	2	2	3	1	6	2	1	3
OG_7694	3	6	10	4	6	22	15	1	9	0	9	1	5	30	5
OG_7695	2	2	2	2	2	1	2	3	4	3	0	2	2	1	1
OG_7696	1	3	2	2	1	1	3	2	3	2	1	0	2	1	2
OG_7697	48	19	8	33	12	0	9	5	18	14	0	3	8	0	3
OG_7698	28	8	6	3	8	0	12	6	10	2	2	3	10	0	17
OG_7699	1	4	2	4	4	0	4	4	4	4	1	0	1	0	1
OG_7700	1	9	1	5	7	5	1	8	9	8	1	3	1	3	0
OG_7701	18	17	13	12	12	0	12	11	13	18	1	5	12	0	5
OG_7702	47	4	10	20	12	5	13	6	8	8	6	7	14	1	2
OG_7703	4	3	4	18	2	0	4	3	13	6	3	1	4	0	3
OG_7704	0	12	2	0	10	0	0	9	8	3	4	7	0	0	0
OG_7705	13	9	2	3	10	0	12	7	4	2	0	0	12	0	0
OG_7706	12	2	4	11	6	4	6	5	4	4	4	7	6	2	7
OG_7707	0	1	1	1	1	0	1	1	1	1	1	0	1	0	0
OG_7708	0	0	10	0	9	0	8	6	0	0	0	0	1	0	0
OG_7709	1	1	2	1	1	5	1	1	2	1	2	4	1	2	0
OG_7710	1	3	2	2	2	0	1	2	3	2	0	1	1	0	0
OG_7711	0	3	6	0	8	0	2	2	16	0	1	0	5	0	0
OG_7712	1	3	1	0	3	8	1	1	2	1	9	1	1	3	1
OG_7713	2	2	2	3	2	0	3	2	1	2	0	0	6	0	0
OG_7714	0	9	1	1	4	9	0	4	2	3	1	0	0	2	0
OG_7715	5	2	2	6	1	0	3	1	1	4	1	9	1	0	1
OG_7716	1	1	2	1	1	3	1	1	2	1	2	1	1	1	2
OG_7717	1	1	1	1	3	1	1	1	1	1	1	1	1	1	1
OG_7718	2	1	1	1	1	2	2	1	3	1	3	2	2	6	1
OG_7719	3	1	1	5	2	1	2	1	1	1	5	1	3	2	1
OG_7720	1	1	0	1	1	1	1	1	2	1	1	1	1	2	0
OG_7721	1	1	2	1	1	3	1	2	1	2	2	1	1	1	1
OG_7722	1	2	2	3	2	6	1	2	2	2	1	0	1	2	1
OG_7723	1	6	4	2	6	0	1	2	5	3	0	1	1	0	0
OG_7724	4	3	3	6	3	4	3	2	5	4	3	3	3	6	2
OG_7725	6	5	6	3	3	0	1	3	1	0	0	0	1	0	0
OG_7726	1	1	1	4	0	0	0	6	2	2	0	0	0	0	0
OG_7727	0	7	1	2	1	4	1	2	3	1	0	0	1	0	0
OG_7728	1	1	1	1	6	0	1	1	1	1	0	1	1	0	2
OG_7729	1	1	2	3	2	0	1	3	2	0	2	1	1	0	0
OG_7730	2	2	9	0	0	0	1	2	6	0	0	0	7	0	0
OG_7731	3	1	1	1	1	0	2	2	2	4	1	1	2	0	7
OG_7732	2	1	1	1	1	1	2	1	1	4	2	2	2	1	15
OG_7733	7	3	2	4	8	0	3	4	5	3	2	1	3	0	0
OG_7734	12	22	20	8	15	0	5	5	8	16	0	3	7	0	0
OG_7735	8	8	2	15	3	0	3	5	3	8	3	1	2	0	0
OG_7736	6	10	7	15	3	0	6	4	8	6	0	0	3	0	0
OG_7737	14	4	3	7	2	0	7	4	7	2	0	0	3	13	3
OG_7738	17	5	3	5	12	0	14	8	0	0	0	0	1	5	0
OG_7739	3	8	1	6	0	0	1	4	1	2	0	0	2	11	0
OG_7740	1	2	1	2	4	1	1	4	3	1	1	2	1	19	1
OG_7741	4	1	3	2	2	0	2	1	2	2	1	1	2	0	1
OG_7742	1	1	1	1	1	1	1	1	1	1	1	1	1	2	1
OG_7743	3	1	2	1	2	11	1	1	1	2	1	1	1	1	1
OG_7744	1	2	1	1	1	2	2	1	1	1	2	0	2	0	0
OG_7745	1	1	3	2	1	10	1	1	1	1	1	4	1	2	1
OG_7746	1	2	1	1	1	2	1	1	1	3	2	1	1	2	1
OG_7747	2	1	2	3	1	0	1	1	1	4	2	2	1	2	1
OG_7748	0	5	1	1	6	0	0	2	2	2	0	0	0	0	0
OG_7749	0	1	4	1	6	0	2	1	2	2	3	0	0	0	0
OG_7750	2	1	1	1	1	0	2	1	0	1	3	3	0	0	0
OG_7751	15	39	8	1	7	0	8	9	4	0	13	1	4	0	5
OG_7752	1	1	1	1	1	0	1	1	1	1	1	2	1	5	3
OG_7753	5	12	4	6	9	1	4	5	5	2	8	1	4	0	0
OG_7754	4	13	3	1	8	0	1	3	5	1	1	0	1	0	0
OG_7755	4	1	1	2	1	2	2	1	1	1	1	1	1	1	7
OG_7756	1	1	1	1	1	1	1	2	2	1	1	4	2	2	0
OG_7757	1	1	1	1	1	1	1	1	1	1	1	2	1	2	1
OG_7758	1	1	1	2	1	2	1	1	1	1	1	3	1	1	1
OG_7759	1	1	1	1	1	1	1	1	1	1	1	1	1	1	1
OG_7760	1	1	1	2	1	3	1	1	1	1	1	1	1	1	1
OG_7761	2	1	1	2	0	1	1	1	1	1	1	1	1	4	6
OG_7762	1	4	8	0	3	0	1	7	0	1	4	0	2	0	0
OG_7763	2	2	1	2	2	0	1	1	2	1	2	3	2	0	0
OG_7764	1	1	1	1	1	2	1	1	2	3	1	0	1	1	3
OG_7765	1	1	3	3	3	0	2	2	0	2	0	0	1	0	0
OG_7766	2	2	2	4	1	0	1	1	13	1	1	1	1	0	0
OG_7767	2	1	1	4	1	0	1	1	1	3	2	1	1	0	3
OG_7768	1	1	1	1	1	1	1	1	1	1	1	1	1	1	3
OG_7769	3	3	4	0	4	0	6	1	1	0	1	0	1	0	0
OG_7770	4	5	1	10	3	0	6	5	4	1	0	0	0	0	0
OG_7771	0	12	0	1	4	0	0	2	2	2	3	0	0	0	0
OG_7772	4	3	1	8	1	1	4	3	2	1	8	1	2	0	0
OG_7773	18	5	1	16	7	0	7	2	23	1	2	0	10	1	7
OG_7774	8	7	6	7	6	1	6	6	7	7	5	5	7	1	3
OG_7775	13	14	16	8	20	3	12	7	12	8	7	12	9	0	2
OG_7776	28	3	3	6	2	0	1	11	3	6	0	0	1	2	0
OG_7777	0	1	20	1	13	0	1	7	1	3	4	0	4	0	3
OG_7778	7	1	1	10	1	0	6	4	1	5	2	1	5	0	5
OG_7779	9	12	7	10	5	12	9	10	5	3	2	0	6	4	10
OG_7780	18	10	7	10	47	2	13	14	8	9	6	8	10	10	0
OG_7781	1	3	2	7	6	0	1	1	12	1	0	0	2	0	0
OG_7782	1	1	1	1	1	0	2	1	1	1	0	1	1	2	1
OG_7783	2	1	1	1	1	3	1	1	1	1	1	1	1	2	12
OG_7784	4	2	1	0	2	6	4	0	2	0	0	1	3	0	0
OG_7785	3	1	2	1	1	0	3	2	2	1	0	0	4	0	0
OG_7786	2	2	1	2	1	4	2	1	1	1	1	1	2	4	4
OG_7787	1	0	1	1	1	1	1	1	3	1	2	3	2	4	1
OG_7788	3	1	1	1	1	1	1	1	1	1	0	0	1	2	1
OG_7789	1	1	1	1	1	1	1	1	1	2	1	2	1	1	1
OG_7790	1	1	1	1	1	0	1	1	1	1	0	0	1	1	0
OG_7791	0	2	13	0	9	0	3	0	0	0	0	0	6	0	0
OG_7792	0	3	4	1	1	0	0	1	1	1	1	3	0	2	1
OG_7793	1	1	1	2	1	0	1	1	1	2	2	3	1	0	0
OG_7794	0	0	0	0	1	8	0	0	0	0	0	0	0	6	1
OG_7795	1	1	1	1	1	3	1	1	1	1	1	1	1	5	1
OG_7796	1	1	1	1	1	1	1	22	1	1	1	5	1	1	2
OG_7797	0	3	1	2	1	15	0	3	3	8	0	3	0	2	1
OG_7798	1	1	2	1	2	1	2	1	2	1	1	1	2	0	17
OG_7799	3	4	2	3	4	1	2	3	5	3	3	12	1	1	0
OG_7800	1	1	1	1	1	1	1	1	1	1	1	3	2	1	2
OG_7801	1	1	1	1	1	1	1	1	1	1	1	2	1	1	2
OG_7802	1	1	1	1	1	1	1	1	1	1	4	1	1	1	0
OG_7803	0	1	0	2	4	0	0	4	5	3	1	0	0	0	0
OG_7804	1	1	1	1	1	2	1	1	1	1	1	1	1	7	0
OG_7805	0	10	0	0	4	1	0	0	1	0	10	2	0	0	0
OG_7806	55	3	1	10	26	0	6	3	0	0	0	0	4	0	0
OG_7807	2	1	3	1	1	2	1	1	1	1	1	1	1	0	1
OG_7808	6	1	1	4	1	1	2	1	3	1	1	2	2	0	0
OG_7809	19	0	0	0	3	0	3	0	0	0	0	0	6	0	0
OG_7810	1	1	1	1	2	0	1	1	1	1	2	0	3	0	1
OG_7811	25	18	27	11	0	64	15	0	1	11	9	6	1	2	3
OG_7812	7	0	3	2	1	0	1	1	3	1	0	0	0	0	0
OG_7813	1	1	1	1	1	0	1	1	1	1	1	0	1	0	1
OG_7814	1	1	1	1	1	1	1	1	1	1	1	1	1	3	2
OG_7815	2	1	2	2	2	3	1	1	1	2	1	1	1	1	1
OG_7816	1	1	1	1	0	4	1	1	1	1	1	1	1	1	0
OG_7817	1	1	1	1	1	3	1	1	1	1	1	2	2	0	0
OG_7818	2	1	1	1	1	1	2	1	1	1	2	1	2	2	1
OG_7819	2	1	1	3	1	3	1	1	1	1	0	1	1	2	1
OG_7820	3	1	1	5	1	0	1	1	1	4	1	2	1	0	1
OG_7821	2	2	1	1	6	0	3	1	1	1	1	1	1	0	1
OG_7822	1	1	1	1	1	1	1	1	1	2	1	1	1	3	1
OG_7823	6	1	1	1	1	1	3	1	1	1	1	0	0	1	1
OG_7824	1	1	1	1	1	0	2	1	2	1	1	1	2	5	0
OG_7825	1	1	1	4	1	1	1	1	1	1	0	1	1	1	1
OG_7826	1	1	1	3	1	1	1	1	1	1	2	0	1	2	1
OG_7827	0	1	1	1	1	1	3	1	1	1	0	1	3	1	1
OG_7828	1	1	1	1	1	0	1	1	1	1	2	2	1	0	1
OG_7829	1	0	1	1	1	1	1	1	1	1	1	1	1	0	1
OG_7830	0	2	10	0	1	0	0	5	2	0	3	0	4	0	0
OG_7831	0	6	10	0	4	0	2	3	2	0	0	0	1	0	0
OG_7832	1	1	1	1	1	0	1	1	1	2	0	1	1	0	0
OG_7833	0	1	1	1	2	6	1	1	0	0	3	7	1	10	0
OG_7834	1	0	1	1	1	2	1	1	1	1	2	1	1	1	1
OG_7835	3	1	1	2	1	1	3	2	1	2	1	1	1	0	0
OG_7836	6	2	1	2	1	3	2	1	2	1	1	1	2	1	2
OG_7837	3	3	2	1	1	2	1	1	1	1	1	1	1	5	4
OG_7838	39	11	31	2	12	31	14	4	10	4	1	2	13	5	0
OG_7839	2	16	1	7	3	3	2	3	9	6	8	7	2	1	0
OG_7840	2	4	2	2	3	0	1	3	1	1	0	0	0	0	2
OG_7841	1	1	1	1	1	0	2	1	3	1	2	2	2	0	0
OG_7842	0	4	1	2	1	0	1	2	7	2	0	0	1	0	0
OG_7843	2	1	4	1	1	1	2	1	2	1	5	1	1	4	1
OG_7844	5	9	0	1	1	0	4	5	3	3	0	0	1	0	1
OG_7845	2	1	1	1	1	5	1	1	1	1	1	1	0	1	1
OG_7846	1	3	1	2	3	0	0	2	2	1	0	0	0	0	0
OG_7847	1	0	1	1	1	1	2	1	1	1	1	1	2	0	1
OG_7848	1	1	2	1	1	0	1	1	2	1	1	1	1	0	1
OG_7849	1	1	1	1	1	1	1	1	1	1	1	1	1	0	1
OG_7850	1	1	1	1	1	0	1	1	1	1	1	2	1	1	0
OG_7851	5	1	1	2	1	0	3	1	2	3	2	1	2	0	0
OG_7852	6	1	1	2	1	1	1	1	2	3	0	1	1	0	3
OG_7853	5	22	0	6	0	0	4	0	1	4	10	3	0	0	2
OG_7854	5	1	1	2	1	0	2	1	1	1	1	0	1	0	1
OG_7855	1	1	1	2	1	0	1	1	1	2	1	1	1	0	0
OG_7856	1	1	1	1	3	0	1	1	0	1	1	0	1	0	0
OG_7857	0	11	0	0	10	0	0	0	4	0	0	3	0	0	0
OG_7858	1	4	3	2	2	0	0	2	4	1	4	4	4	1	0
OG_7859	1	1	6	0	1	0	1	2	1	1	0	0	1	0	0
OG_7860	1	6	14	0	6	0	3	0	2	0	1	0	0	0	0
OG_7861	6	2	3	2	0	0	12	0	2	3	0	0	7	1	1
OG_7862	0	2	2	5	2	0	0	1	3	5	0	0	0	0	0
OG_7863	1	1	2	1	1	0	2	1	1	1	1	1	1	0	0
OG_7864	25	2	28	5	1	0	1	1	1	1	1	1	5	0	0
OG_7865	7	0	1	4	2	0	12	3	0	1	0	0	0	0	0
OG_7866	4	1	1	5	1	3	3	1	2	1	2	5	4	0	0
OG_7867	1	1	1	2	1	0	3	2	1	1	3	1	1	0	0
OG_7868	3	6	2	0	6	0	2	1	5	1	0	1	0	0	0
OG_7869	1	1	1	1	1	4	1	1	1	1	1	1	1	0	1
OG_7870	2	1	1	6	1	3	2	1	1	1	1	1	2	1	4
OG_7871	2	10	0	22	2	0	2	16	5	4	0	0	0	0	2
OG_7872	1	2	4	1	4	1	1	2	7	3	1	1	1	1	1
OG_7873	9	4	2	4	4	0	6	3	4	2	3	4	4	0	0
OG_7874	4	3	16	4	11	0	4	2	0	1	2	4	0	0	0
OG_7875	3	7	1	4	8	0	2	3	3	4	5	2	1	0	0
OG_7876	23	8	6	6	10	3	11	4	4	10	3	8	4	5	1
OG_7877	1	5	3	2	6	0	1	3	3	1	0	0	1	0	0
OG_7878	6	3	1	17	3	0	10	2	3	3	3	0	1	2	0
OG_7879	1	1	7	0	5	13	4	0	1	0	3	1	1	0	0
OG_7880	2	1	1	1	1	1	1	1	1	1	1	3	2	1	55
OG_7881	4	1	3	4	2	0	3	1	2	2	1	1	3	0	0
OG_7882	3	6	5	16	4	0	5	10	7	4	1	0	2	0	0
OG_7883	25	2	3	4	2	0	9	6	5	3	0	0	7	0	1
OG_7884	2	1	1	4	2	5	1	2	1	3	2	2	1	0	1
OG_7885	4	0	1	2	3	12	2	0	0	0	2	5	0	0	0
OG_7886	2	1	1	1	1	2	2	1	1	1	2	1	2	1	2
OG_7887	3	2	2	4	2	1	2	2	2	2	2	2	3	1	10
OG_7888	1	1	1	1	2	0	1	1	1	1	1	1	2	0	0
OG_7889	1	1	1	1	1	0	1	1	1	1	0	0	2	0	0
OG_7890	1	1	1	1	1	0	1	1	1	2	1	1	1	1	1
OG_7891	1	1	1	0	1	0	1	0	1	0	1	3	1	0	0
OG_7892	2	0	1	2	1	2	1	3	1	1	1	1	1	0	1
OG_7893	2	1	1	2	1	0	1	1	1	1	1	1	1	0	0
OG_7894	1	2	1	7	1	2	1	1	1	6	1	0	1	0	1
OG_7895	1	2	1	1	1	0	1	1	1	1	0	1	1	0	1
OG_7896	1	1	1	1	1	0	1	1	1	1	1	1	1	0	0
OG_7897	1	1	1	1	1	0	1	1	1	1	2	1	1	0	0
OG_7898	0	2	1	1	1	2	0	1	1	1	1	2	0	1	0
OG_7899	2	1	1	3	1	3	0	1	1	1	2	2	3	1	0
OG_7900	0	1	2	4	2	0	0	1	2	0	0	0	0	0	0
OG_7901	0	1	8	0	0	0	1	0	0	0	0	0	4	0	0
OG_7902	0	0	19	1	4	0	0	5	2	0	3	0	0	0	7
OG_7903	1	1	1	6	1	0	1	1	1	1	0	1	1	0	1
OG_7904	0	0	0	2	0	0	0	4	0	2	0	0	0	0	0
OG_7905	1	0	3	1	2	0	1	5	0	0	0	0	1	0	0
OG_7906	0	1	6	0	13	0	6	0	0	0	1	0	4	0	0
OG_7907	0	4	9	0	20	15	3	9	11	0	0	0	1	0	1
OG_7908	1	1	1	3	5	0	1	1	1	1	4	0	1	0	0
OG_7909	1	1	1	2	1	0	2	1	1	1	1	1	1	0	0
OG_7910	1	1	1	1	1	2	1	1	1	1	1	1	1	2	0
OG_7911	0	0	7	4	0	0	1	1	1	0	0	3	0	0	0
OG_7912	0	0	2	1	0	0	0	6	6	0	1	3	0	0	0
OG_7913	3	2	0	1	2	0	1	1	1	1	1	5	0	0	0
OG_7914	0	0	4	0	9	0	3	1	0	0	0	0	4	0	0
OG_7915	0	7	21	0	4	24	0	0	6	0	2	0	0	0	0
OG_7916	8	17	8	8	8	0	4	6	5	9	3	4	4	0	0
OG_7917	3	7	2	2	2	5	1	4	1	4	1	4	1	11	0
OG_7918	9	5	4	4	6	9	6	4	8	4	5	5	5	9	1
OG_7919	1	1	3	2	1	0	2	1	3	1	0	0	1	0	0
OG_7920	2	1	1	1	1	0	1	1	1	1	1	1	1	0	0
OG_7921	1	1	1	1	1	1	1	1	1	2	1	2	1	2	1
OG_7922	1	2	1	1	2	0	1	1	1	1	0	1	1	0	1
OG_7923	1	3	2	0	2	0	2	1	2	2	2	1	2	0	0
OG_7924	0	4	1	1	3	1	0	2	3	1	0	0	0	0	0
OG_7925	1	1	2	3	1	0	1	2	1	2	0	0	0	1	0
OG_7926	3	1	2	3	2	0	2	1	2	1	1	1	7	0	0
OG_7927	1	1	2	1	1	1	1	1	1	1	1	1	1	1	2
OG_7928	1	1	1	1	1	8	1	1	1	1	1	0	1	2	0
OG_7929	2	1	2	1	2	5	1	2	1	2	2	1	1	5	3
OG_7930	0	7	1	3	1	12	2	9	6	4	6	0	1	10	2
OG_7931	2	1	2	2	2	2	2	1	1	1	1	2	3	1	4
OG_7932	5	0	7	2	1	2	2	1	1	1	2	2	1	1	1
OG_7933	2	3	1	2	2	0	2	3	1	4	1	4	2	0	0
OG_7934	1	1	1	5	1	10	1	2	1	6	1	2	1	0	0
OG_7935	1	2	2	6	2	0	1	3	4	3	0	0	1	0	0
OG_7936	1	1	3	1	1	0	1	1	1	1	1	4	1	0	1
OG_7937	1	0	1	3	1	0	2	1	1	3	0	0	1	0	0
OG_7938	1	2	1	1	1	0	0	1	1	2	0	0	1	0	0
OG_7939	1	1	2	1	1	0	1	1	1	1	1	0	1	0	0
OG_7940	1	2	1	1	1	0	1	1	1	1	0	0	1	0	0
OG_7941	4	1	1	4	1	0	1	1	1	3	1	1	1	0	0
OG_7942	2	1	1	3	1	0	1	1	1	1	0	7	0	0	0
OG_7943	1	1	1	1	1	1	1	1	1	0	1	0	1	0	0
OG_7944	1	1	1	1	1	0	1	1	1	1	0	0	1	0	0
OG_7945	0	4	0	0	2	0	0	0	3	0	0	0	0	0	0
OG_7946	0	3	0	0	4	0	0	3	2	1	0	0	0	0	0
OG_7947	1	1	1	2	1	0	1	1	1	1	1	0	1	0	1
OG_7948	1	5	5	0	5	0	1	0	12	0	3	0	1	0	0
OG_7949	0	4	16	0	6	0	5	4	1	0	0	1	1	1	2
OG_7950	0	0	12	1	0	0	0	3	0	0	0	0	1	0	0
OG_7951	1	1	1	1	1	0	1	1	1	1	1	2	1	0	0
OG_7952	2	8	1	1	2	2	1	1	2	2	0	0	2	0	0
OG_7953	11	1	2	1	1	0	2	1	4	1	0	0	0	0	0
OG_7954	1	0	1	1	3	2	1	1	0	1	1	2	1	1	1
OG_7955	5	1	1	2	1	0	1	1	1	2	0	1	1	0	0
OG_7956	1	1	1	1	1	1	1	1	2	1	0	0	1	1	0
OG_7957	4	0	0	0	2	0	2	0	0	0	0	0	2	0	0
OG_7958	4	1	5	1	0	0	4	3	7	3	3	0	5	0	1
OG_7959	0	1	1	1	1	3	1	1	1	1	2	1	1	0	2
OG_7960	6	5	23	11	9	0	4	4	3	4	7	6	3	0	1
OG_7961	12	10	9	6	16	0	3	6	8	8	0	2	6	0	0
OG_7962	1	1	1	1	1	1	1	1	1	1	1	2	1	1	1
OG_7963	5	1	3	1	1	2	3	2	1	1	2	2	2	5	0
OG_7964	3	1	1	2	1	0	1	1	1	2	1	1	1	0	1
OG_7965	1	1	1	1	1	0	2	1	2	2	1	2	1	0	1
OG_7966	1	1	2	1	1	2	1	1	1	1	1	1	1	0	0
OG_7967	0	4	0	0	2	0	0	1	6	1	1	0	0	0	0
OG_7968	0	6	4	1	7	0	0	0	0	0	1	0	0	0	0
OG_7969	2	1	3	2	1	2	3	2	1	3	2	10	3	1	1
OG_7970	0	1	2	1	1	2	1	1	2	1	1	1	1	1	0
OG_7971	4	17	28	0	35	0	5	0	2	0	1	0	7	0	0
OG_7972	5	1	1	1	1	0	2	1	1	2	2	4	2	0	1
OG_7973	2	2	2	1	2	1	2	1	2	1	1	1	2	0	2
OG_7974	3	1	2	8	1	6	1	1	1	3	1	3	1	2	0
OG_7975	4	6	2	9	4	0	3	6	5	1	0	0	0	0	0
OG_7976	27	5	4	5	5	0	6	3	10	4	2	2	6	0	0
OG_7977	1	0	13	2	4	0	4	8	5	1	4	0	4	7	0
OG_7978	1	3	2	10	4	0	3	3	19	11	0	1	4	0	0
OG_7979	5	1	1	4	1	3	1	1	1	3	4	13	1	1	2
OG_7980	1	1	2	5	1	0	1	1	1	2	1	1	1	0	0
OG_7981	1	1	1	1	1	0	2	1	1	2	2	2	2	0	0
OG_7982	1	1	1	4	2	2	1	1	1	4	1	1	1	1	1
OG_7983	2	1	2	1	2	0	2	2	2	1	0	0	2	0	0
OG_7984	1	1	1	1	2	0	1	1	1	1	1	1	1	0	0
OG_7985	1	4	1	1	1	0	1	1	5	1	1	0	1	0	0
OG_7986	5	3	20	0	7	0	1	0	2	0	2	1	1	0	0
OG_7987	0	3	19	0	2	0	1	4	13	0	0	1	5	0	0
OG_7988	0	2	2	0	7	0	1	2	1	0	0	0	2	0	0
OG_7989	0	1	4	1	3	0	0	1	0	0	0	0	0	0	0
OG_7990	5	1	1	1	1	0	5	1	1	2	1	1	4	0	0
OG_7991	1	1	1	1	1	0	1	1	1	1	1	4	1	0	0
OG_7992	3	1	1	3	2	0	2	0	0	2	0	2	0	0	0
OG_7993	2	1	1	1	1	4	1	1	1	1	2	1	1	0	1
OG_7994	0	3	0	0	1	0	0	3	1	0	0	0	0	0	0
OG_7995	2	1	1	0	2	0	2	7	1	11	0	1	1	0	1
OG_7996	1	1	1	1	1	0	1	1	1	1	1	2	1	1	1
OG_7997	2	1	1	1	1	2	2	1	1	2	1	1	2	1	1
OG_7998	1	3	2	0	0	0	1	0	3	0	0	0	1	0	0
OG_7999	4	1	1	1	1	0	2	1	1	1	2	1	3	0	36
OG_8000	5	1	2	1	6	0	4	2	3	2	1	1	4	0	0
OG_8001	2	1	1	1	0	1	1	1	1	1	6	2	1	3	1
OG_8002	3	3	1	1	1	1	2	1	1	1	2	1	1	1	0
OG_8003	1	1	2	1	2	0	1	1	1	2	0	0	1	0	0
OG_8004	2	1	1	1	1	0	1	1	1	1	1	0	1	0	3
OG_8005	2	12	6	3	8	0	5	3	7	3	3	0	5	0	0
OG_8006	4	1	1	1	1	0	4	1	2	1	0	1	0	0	0
OG_8007	0	1	1	1	1	1	0	1	1	1	0	1	0	0	2
OG_8008	1	0	1	0	0	0	5	0	0	0	2	0	1	0	0
OG_8009	2	1	1	1	1	0	2	2	0	0	0	0	2	0	0
OG_8010	0	0	5	0	0	0	3	0	0	0	0	0	0	0	0
OG_8011	0	0	13	0	2	0	0	0	0	0	0	0	1	0	2
OG_8012	0	0	8	0	1	0	0	0	0	0	2	0	0	0	0
OG_8013	0	0	3	0	4	0	0	1	0	0	0	0	0	0	0
OG_8014	0	1	3	0	1	0	2	1	1	0	0	0	1	0	0
OG_8015	0	4	0	1	1	0	0	1	2	1	0	0	0	0	0
OG_8016	4	5	17	0	19	1	10	4	1	2	2	0	5	0	1
OG_8017	0	0	1	0	3	0	0	0	3	0	0	0	0	0	0
OG_8018	0	1	0	0	7	0	0	0	1	0	4	0	0	0	0
OG_8019	3	0	5	0	0	0	2	0	0	0	0	0	2	0	0
OG_8020	0	3	7	0	0	0	4	0	0	0	4	0	0	0	0
OG_8021	0	0	0	5	0	0	0	5	0	3	0	0	0	0	0
OG_8022	1	1	1	1	1	0	1	1	1	3	0	0	1	0	0
OG_8023	1	2	3	3	4	0	2	5	4	2	1	1	1	0	15
OG_8024	0	12	8	8	6	0	0	17	6	1	0	0	0	0	0
OG_8025	1	2	1	1	1	9	1	1	1	1	0	1	1	0	2
OG_8026	1	7	1	5	4	0	2	3	2	3	0	0	2	1	1
OG_8027	0	0	3	1	3	0	10	5	0	0	1	0	1	0	4
OG_8028	0	10	1	0	4	0	0	1	3	1	0	0	0	0	0
OG_8029	0	6	0	0	2	0	0	2	0	5	0	0	0	0	0
OG_8030	2	3	1	2	1	0	1	1	2	1	0	1	1	0	0
OG_8031	4	2	2	1	1	0	3	1	3	1	1	0	1	1	0
OG_8032	1	2	0	0	4	0	1	0	2	0	1	0	1	0	0
OG_8033	1	1	1	2	1	0	1	1	1	5	1	1	1	0	0
OG_8034	1	1	1	2	1	0	2	2	1	1	0	0	1	0	0
OG_8035	4	1	1	6	1	2	2	1	2	6	0	2	2	1	1
OG_8036	1	1	1	1	2	1	1	1	0	1	1	2	1	0	0
OG_8037	2	1	1	2	3	0	2	2	1	2	1	1	0	0	0
OG_8038	1	1	1	1	1	0	1	1	1	1	2	2	1	0	0
OG_8039	3	2	24	3	1	0	4	1	0	1	1	1	4	0	0
OG_8040	0	2	10	0	3	0	3	0	1	0	0	0	3	0	1
OG_8041	1	1	1	1	1	4	1	1	1	1	1	1	1	0	0
OG_8042	1	1	1	1	1	0	1	1	1	1	0	1	1	0	0
OG_8043	1	1	1	2	1	0	1	1	1	3	1	2	1	0	0
OG_8044	0	1	2	0	8	0	1	0	0	0	4	0	0	0	0
OG_8045	5	3	4	0	2	0	1	1	0	1	0	0	2	0	0
OG_8046	0	9	3	5	1	0	0	2	0	1	6	0	0	0	0
OG_8047	1	1	2	2	1	1	1	4	2	1	1	1	1	1	1
OG_8048	3	5	3	2	1	12	3	3	4	2	5	6	2	12	25
OG_8049	4	2	1	3	8	0	3	1	2	2	3	4	6	0	0
OG_8050	0	2	1	0	3	5	2	2	2	2	1	3	2	1	2
OG_8051	0	0	9	0	9	0	3	3	2	0	1	0	1	0	0
OG_8052	3	1	0	0	1	0	3	1	1	1	2	0	1	0	0
OG_8053	2	1	1	1	1	0	1	0	1	2	0	2	2	0	0
OG_8054	0	5	0	0	0	0	0	0	0	0	1	0	0	0	0
OG_8055	0	2	6	0	0	0	0	0	0	0	0	0	0	0	0
OG_8056	0	1	2	0	1	0	1	0	1	0	0	1	1	1	0
OG_8057	0	0	9	0	1	0	0	0	0	0	0	0	0	0	0
OG_8058	0	1	1	6	2	0	0	1	2	0	2	0	0	0	0
OG_8059	11	13	13	4	13	8	5	18	9	6	12	6	3	2	8
OG_8060	0	0	5	0	1	0	0	0	0	0	0	0	0	0	0
OG_8061	0	2	1	0	1	0	1	1	1	1	0	0	1	0	0
OG_8062	0	0	0	2	0	0	0	0	0	3	0	0	0	0	0
OG_8063	0	1	0	1	1	0	0	1	1	1	0	0	0	0	3
OG_8064	2	0	0	0	2	0	2	0	0	0	0	0	2	0	0
OG_8065	0	0	0	0	0	13	0	0	0	0	0	3	0	4	0
OG_8066	0	0	5	1	0	0	1	0	0	0	0	0	2	0	0
OG_8067	4	6	0	0	0	0	5	5	0	0	0	0	0	0	0
OG_8068	5	2	23	2	0	24	0	6	7	0	1	0	2	0	1
OG_8069	0	1	2	1	1	0	0	1	1	1	1	3	0	0	0
OG_8070	2	1	3	0	0	0	3	0	0	0	1	0	0	0	0
OG_8071	1	2	14	2	1	0	1	1	2	1	1	6	1	6	0
OG_8072	3	2	2	2	1	1	1	1	1	1	1	1	1	1	1
OG_8073	2	1	1	3	1	0	2	1	1	2	1	1	2	0	1
OG_8074	1	0	4	0	2	0	4	0	0	0	0	0	0	0	0
OG_8075	0	2	0	1	3	0	0	4	1	3	0	0	0	0	0
OG_8076	0	0	5	0	6	0	3	0	0	0	3	0	7	0	3
OG_8077	2	0	7	0	3	0	4	0	0	0	0	0	3	0	0
OG_8078	1	1	1	3	1	0	1	1	1	1	1	0	1	0	5
OG_8079	1	1	1	2	1	4	1	1	1	1	0	1	2	4	1
OG_8080	2	1	1	1	1	4	1	1	1	1	2	2	2	0	3
OG_8081	0	8	1	0	3	0	3	2	0	0	2	0	1	0	0
OG_8082	3	1	1	1	1	5	1	1	1	2	1	2	1	4	1
OG_8083	2	1	1	2	6	0	2	1	1	1	4	1	1	0	1
OG_8084	3	1	1	1	1	1	1	1	3	1	1	4	1	1	1
OG_8085	2	1	4	0	3	0	5	2	0	2	5	0	0	0	0
OG_8086	2	5	1	1	3	0	1	1	9	1	0	0	1	0	0
OG_8087	0	0	2	0	1	0	0	0	0	0	0	0	0	6	5
OG_8088	6	2	6	7	5	0	10	0	7	2	1	4	5	0	1
OG_8089	11	12	23	16	16	7	6	7	8	6	7	3	7	5	6
OG_8090	4	3	4	4	4	0	3	8	3	3	4	4	5	0	6
OG_8091	5	2	1	1	1	0	4	1	1	6	0	0	4	0	0
OG_8092	1	1	1	1	1	0	1	1	1	2	1	2	2	0	0
OG_8093	1	4	1	1	1	1	1	1	3	1	0	0	1	2	0
OG_8094	3	1	1	2	0	0	2	1	1	1	2	1	1	0	0
OG_8095	1	1	1	1	1	0	1	1	1	1	0	5	1	0	0
OG_8096	0	4	0	1	0	0	0	4	1	2	1	1	0	0	0
OG_8097	0	1	1	1	1	0	1	1	1	1	2	1	1	0	0
OG_8098	1	4	1	1	2	0	1	2	4	4	3	0	1	0	6
OG_8099	1	1	1	3	1	0	1	1	1	1	0	0	1	4	0
OG_8100	1	0	1	1	1	0	2	1	1	1	1	1	2	0	0
OG_8101	2	3	1	1	1	0	1	1	2	0	3	1	0	0	1
OG_8102	0	2	3	1	1	0	3	0	1	0	0	0	2	0	0
OG_8103	3	0	2	1	1	0	1	1	1	1	1	1	1	0	0
OG_8104	1	1	1	2	1	0	1	0	1	1	1	1	1	0	0
OG_8105	9	0	1	0	10	0	2	5	0	0	0	0	0	0	4
OG_8106	1	1	1	1	1	1	1	1	1	1	0	1	1	0	0
OG_8107	1	5	4	2	3	2	2	2	4	2	6	3	1	2	0
OG_8108	1	2	1	1	3	2	2	10	2	1	2	0	1	13	0
OG_8109	1	1	1	1	1	1	1	1	1	1	1	1	1	1	1
OG_8110	0	8	18	0	12	0	8	8	8	0	7	0	14	0	0
OG_8111	1	6	1	2	2	1	1	1	3	1	2	1	1	0	2
OG_8112	7	1	0	1	1	0	5	1	1	1	2	1	0	0	3
OG_8113	1	2	2	1	1	1	2	2	3	1	1	1	2	2	2
OG_8114	0	1	0	4	2	3	0	1	1	2	1	1	0	4	1
OG_8115	3	6	20	1	8	1	10	0	3	0	2	0	6	5	1
OG_8116	1	1	2	1	1	4	1	1	1	1	4	1	1	6	1
OG_8117	3	1	0	2	1	0	1	1	1	2	2	1	1	0	0
OG_8118	3	1	1	3	0	0	1	1	1	1	1	1	1	0	1
OG_8119	1	2	1	1	2	1	2	1	0	1	1	0	0	0	2
OG_8120	1	1	1	1	1	1	1	1	1	2	0	0	1	0	3
OG_8121	1	1	1	1	1	0	1	2	1	1	1	1	1	0	0
OG_8122	1	1	1	1	2	2	1	2	1	0	3	2	1	2	0
OG_8123	0	2	2	0	1	0	0	6	0	0	2	0	1	0	0
OG_8124	3	3	4	0	3	0	2	0	1	0	1	0	1	0	0
OG_8125	1	1	1	1	1	5	1	1	1	1	1	1	1	1	0
OG_8126	1	1	1	1	1	1	1	1	1	1	1	2	1	1	2
OG_8127	1	1	2	1	1	1	1	1	1	1	1	5	1	1	2
OG_8128	1	2	2	4	1	0	1	1	2	5	10	5	1	0	0
OG_8129	1	6	3	1	8	1	3	1	1	1	0	0	3	0	0
OG_8130	1	5	10	0	2	0	1	1	1	1	0	1	1	0	0
OG_8131	3	0	1	0	0	0	1	0	0	0	0	0	2	0	0
OG_8132	1	1	0	1	1	0	0	1	0	1	0	0	1	0	0
OG_8133	2	1	0	1	1	0	0	1	1	1	1	1	0	0	0
OG_8134	0	1	1	0	1	0	1	1	1	0	1	1	1	0	1
OG_8135	0	1	2	0	0	0	0	0	1	0	0	0	0	0	0
OG_8136	0	0	16	0	8	0	0	0	0	0	0	0	0	0	0
OG_8137	0	2	13	0	6	0	1	1	4	0	1	0	3	0	0
OG_8138	0	0	4	0	10	0	0	0	0	0	0	0	1	0	0
OG_8139	0	0	16	0	0	0	1	0	0	0	0	0	1	2	0
OG_8140	0	1	1	1	1	0	0	1	2	1	0	0	0	0	0
OG_8141	0	0	0	0	2	0	0	3	1	0	0	0	0	0	0
OG_8142	1	1	1	0	1	1	1	0	0	1	1	2	1	0	3
OG_8143	0	0	0	0	0	0	4	3	0	0	0	0	1	0	0
OG_8144	1	0	2	0	1	0	1	1	0	1	0	0	1	0	0
OG_8145	0	1	0	2	0	0	0	3	1	3	0	0	0	0	0
OG_8146	2	0	0	0	0	1	1	0	0	0	2	2	1	1	0
OG_8147	3	0	1	1	1	1	2	1	0	1	1	1	1	1	1
OG_8148	0	1	4	0	6	0	2	1	2	0	6	0	0	0	26
OG_8149	2	1	1	1	1	0	2	1	1	1	1	0	2	0	0
OG_8150	3	1	2	0	1	0	1	1	1	2	0	2	1	2	0
OG_8151	0	6	1	3	1	0	0	3	1	3	0	5	0	0	0
OG_8152	0	1	1	0	5	0	2	1	0	0	0	0	2	0	0
OG_8153	0	1	6	0	0	0	1	0	4	0	0	0	3	0	0
OG_8154	0	0	5	0	1	0	0	0	1	0	1	0	2	0	0
OG_8155	0	8	3	0	4	0	0	1	5	2	0	0	0	0	0
OG_8156	2	1	1	1	1	1	2	1	1	2	1	1	2	1	0
OG_8157	1	3	0	0	2	3	2	1	2	1	1	2	1	0	0
OG_8158	44	19	24	21	16	11	26	9	20	12	12	6	18	2	3
OG_8159	1	1	2	2	4	0	4	2	2	1	0	0	1	0	0
OG_8160	3	3	1	4	3	0	1	2	3	2	0	0	1	0	0
OG_8161	1	1	1	2	1	0	1	1	2	1	1	3	1	0	0
OG_8162	10	2	0	0	2	0	2	0	1	0	0	0	0	0	0
OG_8163	1	1	1	1	1	0	1	1	1	1	1	1	1	0	0
OG_8164	1	1	2	1	1	0	1	1	1	1	1	1	2	0	0
OG_8165	7	4	0	2	0	0	0	5	0	0	6	0	0	1	0
OG_8166	0	2	10	0	2	0	8	2	0	0	0	0	1	0	0
OG_8167	0	0	4	0	7	0	2	0	0	0	0	0	1	0	0
OG_8168	1	3	12	0	4	0	4	3	0	0	0	0	2	0	0
OG_8169	3	1	1	3	2	0	1	1	1	4	0	1	2	0	0
OG_8170	1	1	1	1	1	0	1	1	2	1	0	1	1	0	0
OG_8171	2	0	9	0	3	0	0	0	0	0	0	0	0	0	0
OG_8172	1	2	3	3	1	0	2	1	1	1	1	2	2	0	0
OG_8173	2	4	1	2	1	1	1	1	1	1	0	0	1	0	2
OG_8174	1	1	1	1	1	0	1	1	1	1	1	1	1	0	0
OG_8175	0	7	2	0	4	0	0	0	1	0	1	0	0	0	0
OG_8176	1	0	14	0	1	0	0	7	2	0	0	0	6	0	0
OG_8177	2	1	1	2	1	1	1	1	2	1	1	2	1	0	0
OG_8178	1	1	1	1	1	0	2	1	1	1	1	3	2	0	1
OG_8179	1	1	1	1	1	0	1	1	1	1	1	2	1	0	0
OG_8180	1	1	2	1	1	0	1	1	1	1	4	1	0	2	0
OG_8181	2	0	0	0	0	0	2	0	0	0	3	5	1	0	0
OG_8182	3	11	5	1	13	3	1	5	0	0	0	0	1	0	0
OG_8183	4	10	9	2	14	2	7	8	6	2	1	0	6	2	0
OG_8184	1	1	1	1	3	0	1	1	1	1	3	3	1	0	1
OG_8185	0	4	1	0	8	0	2	1	3	0	2	3	1	0	0
OG_8186	4	4	30	6	4	27	4	0	1	0	4	0	11	0	2
OG_8187	0	8	4	6	3	2	2	4	2	2	5	1	1	0	7
OG_8188	11	1	9	1	1	0	6	1	1	1	0	0	3	0	0
OG_8189	1	2	0	2	1	1	2	2	2	2	2	15	2	1	0
OG_8190	28	9	22	11	20	0	7	5	14	6	0	0	8	0	0
OG_8191	1	1	1	1	1	0	1	1	1	1	0	0	1	0	1
OG_8192	3	5	1	0	5	0	4	1	1	1	0	0	1	0	0
OG_8193	0	0	2	1	2	0	1	0	0	2	0	1	0	0	0
OG_8194	0	2	0	0	7	0	1	0	0	0	0	0	0	0	0
OG_8195	0	7	0	1	3	0	0	0	15	0	0	4	0	0	0
OG_8196	3	1	1	1	1	11	0	2	1	1	0	1	0	6	0
OG_8197	1	1	2	1	1	0	1	1	1	1	1	2	1	0	1
OG_8198	1	1	1	1	2	4	2	1	1	1	4	1	1	1	2
OG_8199	2	5	2	1	1	0	4	6	5	4	1	0	6	0	0
OG_8200	8	3	2	3	3	0	4	2	3	8	0	2	3	0	0
OG_8201	1	2	1	2	1	0	1	1	1	2	0	0	1	0	0
OG_8202	0	0	13	0	4	0	4	1	0	0	0	0	0	0	0
OG_8203	3	1	1	2	1	0	1	1	2	4	0	0	1	0	0
OG_8204	2	2	3	2	1	1	1	1	1	2	0	0	1	0	0
OG_8205	0	0	0	2	0	0	0	1	0	1	3	1	0	0	0
OG_8206	0	0	6	0	8	3	0	1	0	0	0	1	0	0	0
OG_8207	0	1	0	2	1	3	0	2	2	1	1	1	0	0	0
OG_8208	0	4	0	0	1	1	0	0	1	0	6	0	0	0	5
OG_8209	1	1	1	1	1	0	1	3	1	0	0	1	1	0	0
OG_8210	0	2	0	0	1	2	0	1	3	1	1	1	0	0	0
OG_8211	1	1	1	1	2	0	1	1	1	2	1	0	1	0	0
OG_8212	0	1	2	0	1	2	4	0	3	0	0	0	1	0	0
OG_8213	0	0	0	0	3	0	4	8	0	0	3	0	0	1	0
OG_8214	10	3	0	0	1	0	4	10	5	1	2	0	3	0	0
OG_8215	0	2	0	13	4	0	0	32	1	2	0	0	0	0	0
OG_8216	2	5	1	2	1	0	1	1	21	1	0	2	1	0	3
OG_8217	0	5	0	12	1	0	0	9	2	4	9	0	0	3	0
OG_8218	1	0	5	0	0	0	1	0	0	0	0	0	1	0	0
OG_8219	2	0	2	0	1	0	1	0	0	0	0	0	1	0	0
OG_8220	2	1	1	0	1	0	2	1	1	0	0	0	2	0	0
OG_8221	0	1	1	0	0	0	0	0	3	1	0	0	0	0	0
OG_8222	0	1	1	1	1	0	0	1	1	0	0	0	0	0	0
OG_8223	0	1	0	0	1	0	0	0	0	0	0	0	5	0	0
OG_8224	0	1	0	2	0	0	0	1	1	0	0	0	0	0	0
OG_8225	3	2	1	2	1	0	0	2	2	2	0	0	0	0	0
OG_8226	0	4	0	3	3	0	0	1	3	3	0	0	0	0	0
OG_8227	0	0	8	0	1	0	0	0	0	0	0	0	0	0	0
OG_8228	0	0	3	0	0	0	1	0	0	0	0	0	0	0	0
OG_8229	0	0	1	1	1	0	2	0	1	1	0	1	0	0	0
OG_8230	0	0	2	0	0	0	0	1	1	0	0	0	0	0	0
OG_8231	5	0	12	2	1	0	6	1	0	1	4	2	5	6	1
OG_8232	0	0	2	0	0	0	2	0	0	0	1	0	0	0	0
OG_8233	0	0	1	0	1	0	0	0	0	0	0	0	1	0	0
OG_8234	0	0	0	1	0	0	0	1	1	1	0	0	0	0	0
OG_8235	4	1	1	1	1	0	2	1	1	1	1	1	2	0	0
OG_8236	0	0	1	1	0	0	0	1	1	1	0	0	0	0	0
OG_8237	0	1	0	2	0	3	0	0	3	1	0	0	0	1	0
OG_8238	2	2	1	4	1	11	1	1	2	1	1	1	2	2	0
OG_8239	0	0	1	0	1	0	3	0	0	0	0	0	0	0	0
OG_8240	2	3	4	4	5	5	2	2	1	3	1	2	1	0	3
OG_8241	0	0	0	0	0	0	1	4	0	0	0	0	0	0	0
OG_8242	2	2	2	2	3	2	3	2	1	2	0	0	3	0	0
OG_8243	0	1	0	1	0	0	0	2	1	1	0	0	0	0	0
OG_8244	1	1	1	1	1	0	1	1	1	1	1	1	1	0	1
OG_8245	2	1	1	1	1	0	2	1	1	1	1	1	1	0	0
OG_8246	0	5	0	2	1	2	0	1	1	1	1	2	0	0	1
OG_8247	3	0	13	5	2	0	2	2	3	6	5	12	2	0	0
OG_8248	1	1	1	1	1	3	1	1	1	1	2	1	1	3	3
OG_8249	3	4	1	14	8	0	4	8	2	9	9	3	2	0	0
OG_8250	4	2	1	4	2	0	3	2	5	3	1	1	2	0	2
OG_8251	8	2	1	5	1	6	3	1	2	1	1	5	2	2	1
OG_8252	0	2	0	1	6	0	5	6	0	0	0	0	1	0	0
OG_8253	2	1	1	2	1	0	4	1	1	1	0	1	3	0	0
OG_8254	4	2	10	0	0	0	2	4	2	0	3	0	5	0	0
OG_8255	0	1	0	1	1	9	0	1	1	1	0	0	0	3	0
OG_8256	0	5	0	2	1	0	0	2	3	2	0	1	0	0	0
OG_8257	5	1	2	2	2	0	4	1	1	1	0	0	3	0	0
OG_8258	1	2	3	1	2	0	1	2	1	2	3	2	1	0	1
OG_8259	0	10	0	0	0	0	0	0	7	0	2	0	0	0	0
OG_8260	0	0	4	0	1	0	1	0	8	0	0	0	1	0	0
OG_8261	3	2	5	1	3	5	4	2	2	1	2	0	2	0	0
OG_8262	1	1	1	1	1	7	1	1	2	1	0	0	2	12	0
OG_8263	2	1	1	2	1	9	1	1	1	2	1	1	3	1	1
OG_8264	1	0	1	2	1	0	1	1	6	1	1	2	2	0	0
OG_8265	1	1	1	1	1	0	1	1	1	1	2	1	1	0	0
OG_8266	2	2	1	1	3	0	2	1	2	1	2	1	2	0	0
OG_8267	0	2	7	1	1	0	4	0	5	0	4	0	3	0	0
OG_8268	2	2	9	1	9	0	2	5	0	1	0	0	2	0	0
OG_8269	1	1	0	1	1	0	1	1	3	1	1	2	1	0	0
OG_8270	0	2	3	5	6	0	4	4	4	6	1	0	3	1	1
OG_8271	0	3	1	2	1	1	0	6	2	4	0	0	0	0	0
OG_8272	0	6	2	1	4	6	0	1	1	1	2	0	0	0	1
OG_8273	1	9	1	2	1	0	2	4	4	4	2	1	2	1	0
OG_8274	9	6	12	2	2	0	5	5	5	3	4	4	4	0	1
OG_8275	5	7	4	5	5	0	2	11	4	3	0	0	3	0	0
OG_8276	1	1	1	0	1	0	1	1	1	0	0	0	4	0	0
OG_8277	0	2	6	0	5	0	0	1	0	0	2	1	0	0	0
OG_8278	10	0	1	3	1	0	1	1	1	2	0	4	1	0	1
OG_8279	0	0	0	1	3	0	0	1	0	1	0	0	0	0	0
OG_8280	0	2	4	2	2	0	0	2	1	2	4	4	0	0	0
OG_8281	0	1	0	3	1	0	0	7	1	1	0	0	0	0	0
OG_8282	1	0	3	0	2	0	1	0	0	0	0	0	1	0	0
OG_8283	0	0	0	0	0	2	0	0	0	0	0	0	0	7	0
OG_8284	1	1	1	2	3	0	1	1	1	1	1	1	1	0	1
OG_8285	4	1	1	1	2	0	2	3	1	5	1	1	1	0	0
OG_8286	0	7	8	0	1	0	0	2	0	0	0	0	0	0	0
OG_8287	0	1	17	0	4	0	3	0	0	0	0	0	0	0	0
OG_8288	7	1	4	0	4	0	1	0	0	0	0	1	2	0	0
OG_8289	0	7	1	0	4	0	0	1	1	1	0	0	1	0	0
OG_8290	1	1	1	1	1	2	1	1	1	1	2	1	1	1	1
OG_8291	1	2	6	0	4	0	3	6	3	2	2	0	2	0	0
OG_8292	1	2	2	1	1	6	1	1	1	2	1	2	1	3	3
OG_8293	1	1	1	1	1	0	1	1	1	1	0	1	1	0	0
OG_8294	1	1	1	2	1	1	1	1	1	1	1	1	1	0	0
OG_8295	50	14	14	13	13	8	9	7	24	13	12	38	3	1	9
OG_8296	6	1	2	6	1	0	2	1	1	1	1	1	2	0	0
OG_8297	7	4	1	2	1	0	9	1	1	1	0	1	8	0	0
OG_8298	0	8	0	0	0	0	0	1	1	0	0	0	0	0	0
OG_8299	0	9	0	0	3	0	0	0	7	0	0	0	0	0	0
OG_8300	0	1	0	1	0	1	0	1	1	1	4	1	0	1	1
OG_8301	3	1	21	0	12	3	3	0	10	0	2	3	6	0	0
OG_8302	1	0	7	0	0	0	1	0	0	0	0	0	0	0	0
OG_8303	0	2	3	0	0	0	0	0	0	0	1	0	0	0	0
OG_8304	0	1	1	1	1	0	0	1	2	2	1	0	0	0	0
OG_8305	0	1	1	1	2	0	0	0	4	0	1	0	0	0	0
OG_8306	0	7	1	0	1	0	0	0	3	0	0	0	0	0	0
OG_8307	0	4	2	0	1	0	1	1	3	0	0	0	1	0	0
OG_8308	0	1	1	0	0	0	0	4	11	1	0	0	0	0	0
OG_8309	0	1	0	1	0	0	0	4	1	0	0	0	0	0	0
OG_8310	1	1	1	0	1	0	2	1	1	0	0	0	1	0	0
OG_8311	0	0	6	0	2	0	1	4	0	0	3	0	5	0	0
OG_8312	0	0	0	0	0	1	0	0	0	0	0	0	0	0	15
OG_8313	3	4	6	10	7	1	1	8	5	3	3	1	1	4	3
OG_8314	1	1	1	2	1	1	1	1	1	1	1	2	1	1	3
OG_8315	1	2	3	1	1	0	1	1	1	1	0	0	1	0	0
OG_8316	1	1	1	1	1	1	1	1	1	1	1	1	1	0	0
OG_8317	0	0	7	1	11	0	3	0	0	0	0	0	3	0	0
OG_8318	1	3	1	2	2	2	1	2	2	2	1	1	1	3	3
OG_8319	14	1	1	6	1	0	3	1	1	1	1	1	4	1	2
OG_8320	2	1	1	2	1	0	3	0	2	0	0	0	4	0	0
OG_8321	3	2	3	6	1	0	3	2	2	2	0	0	4	0	0
OG_8322	0	3	1	1	1	0	3	2	3	2	0	0	2	0	0
OG_8323	1	1	2	1	1	0	1	1	1	1	1	1	2	1	0
OG_8324	11	14	1	9	32	0	14	2	1	4	9	0	0	0	0
OG_8325	0	2	0	2	5	1	0	2	2	2	4	1	0	2	5
OG_8326	1	1	1	1	1	7	1	1	1	1	2	4	1	3	0
OG_8327	1	1	1	1	1	2	1	1	1	1	1	2	1	5	0
OG_8328	1	2	1	2	1	0	0	1	2	2	0	0	1	0	0
OG_8329	0	0	10	0	3	0	6	0	0	0	0	0	0	0	0
OG_8330	0	3	0	5	4	0	0	10	8	1	0	0	0	0	0
OG_8331	4	2	1	1	1	0	1	2	1	1	1	2	1	0	0
OG_8332	1	1	1	1	1	0	1	1	1	1	1	8	1	0	2
OG_8333	1	1	1	2	1	0	2	1	1	1	1	2	2	0	0
OG_8334	0	4	1	0	1	0	1	1	2	1	0	0	0	0	0
OG_8335	2	0	6	0	0	0	1	2	0	0	0	0	0	0	0
OG_8336	6	6	4	3	1	0	1	9	1	4	0	0	0	0	0
OG_8337	2	1	8	0	11	0	0	16	4	1	1	0	3	0	0
OG_8338	1	2	0	3	0	4	1	1	2	1	8	4	1	2	1
OG_8339	0	4	5	1	3	0	0	2	1	3	2	1	3	0	0
OG_8340	5	0	17	5	3	0	1	2	2	4	8	1	1	0	0
OG_8341	1	2	2	1	1	0	1	1	1	1	0	1	1	1	0
OG_8342	3	1	2	3	2	0	3	1	1	3	0	2	3	1	0
OG_8343	0	1	1	3	0	0	1	1	1	3	1	1	1	0	0
OG_8344	6	0	3	4	0	4	10	0	1	2	0	0	8	1	0
OG_8345	4	1	1	1	1	1	4	1	1	1	2	1	3	0	1
OG_8346	10	0	2	0	0	0	4	0	0	0	0	0	2	0	0
OG_8347	3	2	0	3	0	0	1	4	3	3	2	1	1	0	0
OG_8348	1	1	1	1	1	5	2	1	1	1	1	3	1	1	1
OG_8349	2	1	1	2	1	0	1	1	1	1	0	0	1	0	0
OG_8350	8	7	5	6	8	0	6	4	10	3	3	1	4	0	1
OG_8351	0	5	0	3	0	0	0	1	3	1	0	0	0	0	0
OG_8352	0	1	8	0	0	0	1	0	0	0	0	0	1	0	0
OG_8353	0	0	1	0	0	0	2	0	0	0	0	0	1	0	0
OG_8354	0	0	5	0	2	0	0	0	0	0	0	0	0	0	0
OG_8355	0	1	1	1	1	0	1	2	0	1	0	0	1	0	0
OG_8356	0	0	1	0	0	0	2	0	0	0	0	0	0	0	0
OG_8357	0	1	3	0	1	0	1	0	0	0	0	0	1	0	0
OG_8358	2	5	9	0	6	0	13	4	0	0	9	0	7	0	0
OG_8359	0	0	9	0	1	0	3	0	0	0	0	0	2	0	0
OG_8360	0	0	0	0	1	0	15	0	0	0	0	0	4	0	0
OG_8361	0	2	1	0	1	0	0	0	1	0	0	0	0	0	0
OG_8362	0	0	4	0	3	0	0	2	0	0	0	0	0	0	0
OG_8363	0	0	0	0	0	2	0	0	0	0	0	0	0	2	0
OG_8364	0	2	0	0	0	3	0	2	0	0	0	0	0	0	0
OG_8365	0	2	2	0	0	25	1	1	2	0	1	1	2	13	2
OG_8366	0	0	1	0	0	0	4	0	2	0	0	0	0	0	0
OG_8367	0	0	0	0	0	0	6	0	0	0	0	0	1	0	0
OG_8368	0	3	10	0	6	0	7	1	1	0	0	1	5	0	0
OG_8369	13	1	4	0	4	0	17	5	0	0	0	0	1	0	0
OG_8370	0	5	0	0	0	0	0	3	0	0	0	0	0	0	0
OG_8371	0	13	2	5	4	0	1	9	0	1	1	0	1	0	0
OG_8372	1	4	5	3	1	0	0	0	5	0	5	0	2	1	0
OG_8373	0	0	4	0	0	0	0	0	4	0	0	0	1	0	0
OG_8374	0	4	0	6	1	0	0	4	2	4	0	0	0	0	0
OG_8375	0	1	0	2	2	0	0	1	2	3	4	5	0	0	0
OG_8376	0	2	0	1	0	0	0	2	6	1	1	1	0	1	0
OG_8377	1	2	1	1	1	0	2	1	3	1	2	4	2	0	2
OG_8378	0	0	0	0	0	1	0	0	0	0	0	0	0	10	0
OG_8379	0	0	2	0	0	0	0	0	0	0	0	0	0	11	0
OG_8380	0	0	0	0	0	0	0	0	0	0	0	0	0	2	3
OG_8381	0	2	3	4	2	0	3	2	2	2	0	0	3	0	0
OG_8382	15	10	14	4	9	0	3	5	6	5	13	16	1	0	1
OG_8383	1	0	0	1	0	0	1	1	1	1	1	1	1	0	0
OG_8384	1	4	10	1	2	0	0	8	6	0	0	0	7	0	0
OG_8385	1	7	1	0	8	0	2	2	2	1	0	0	2	0	0
OG_8386	15	8	24	3	8	32	1	13	1	1	0	0	4	10	10
OG_8387	1	0	1	0	1	0	2	0	0	0	0	0	1	1	0
OG_8388	0	6	0	0	0	0	0	0	1	0	0	0	0	0	0
OG_8389	2	5	3	1	2	0	3	4	2	1	0	0	2	0	0
OG_8390	0	3	5	0	1	0	0	0	1	0	0	0	0	0	0
OG_8391	1	0	4	4	1	0	2	0	2	0	0	0	1	0	0
OG_8392	0	3	1	0	0	0	1	0	1	0	0	0	2	0	0
OG_8393	0	1	0	2	1	0	0	1	1	1	0	1	0	0	0
OG_8394	0	1	0	4	0	0	0	1	1	0	0	0	0	0	0
OG_8395	0	1	0	1	1	2	0	1	1	1	0	0	0	0	0
OG_8396	0	1	1	0	11	0	0	0	1	0	1	0	0	0	0
OG_8397	5	0	0	1	1	0	1	0	1	1	0	0	0	0	0
OG_8398	0	0	0	0	2	0	6	0	0	0	0	0	0	0	0
OG_8399	0	0	4	0	3	0	0	0	2	0	6	0	0	0	0
OG_8400	0	0	0	0	0	0	3	0	0	0	0	0	5	0	1
OG_8401	1	2	1	1	1	0	1	1	1	1	3	1	1	1	1
OG_8402	1	1	1	1	1	1	1	1	1	2	1	1	1	2	1
OG_8403	2	1	1	1	1	0	1	1	1	1	1	3	1	0	0
OG_8404	0	7	0	0	1	0	0	2	1	1	0	0	0	0	0
OG_8405	13	7	16	0	12	3	11	12	3	0	11	0	2	0	0
OG_8406	0	0	4	0	1	15	0	0	2	0	0	0	0	0	4
OG_8407	1	1	1	1	1	0	1	1	1	1	1	1	1	0	0
OG_8408	0	0	0	0	0	1	0	2	0	2	0	0	0	0	0
OG_8409	1	2	1	2	1	2	1	1	0	2	9	0	1	0	1
OG_8410	0	0	0	0	0	0	0	0	0	0	0	0	0	6	6
OG_8411	7	2	4	1	2	0	5	1	2	1	0	0	3	0	0
OG_8412	0	9	0	0	3	0	0	2	3	2	1	0	0	0	0
OG_8413	1	1	0	1	1	0	2	1	1	1	0	0	3	0	0
OG_8414	2	2	1	0	1	0	1	0	1	0	7	1	1	0	0
OG_8415	1	1	1	1	1	0	1	1	1	1	1	1	2	0	0
OG_8416	0	2	0	0	2	0	0	0	0	0	0	0	0	0	0
OG_8417	1	1	1	0	4	0	1	0	1	0	0	0	1	0	0
OG_8418	5	1	1	1	1	0	1	1	1	2	0	0	1	0	0
OG_8419	0	0	0	0	0	16	0	0	3	0	0	7	0	1	7
OG_8420	1	1	1	2	1	0	1	1	1	1	0	0	1	0	0
OG_8421	1	1	1	0	1	0	2	1	1	1	2	0	2	0	0
OG_8422	1	1	1	1	1	0	1	1	1	1	1	1	1	0	0
OG_8423	1	1	1	2	1	0	1	1	1	2	1	1	0	0	0
OG_8424	3	1	6	2	0	0	4	0	4	0	2	0	0	0	0
OG_8425	11	6	2	12	5	0	3	14	1	1	0	0	2	0	0
OG_8426	2	2	2	4	2	5	2	2	2	4	2	3	2	9	2
OG_8427	1	1	1	1	1	0	1	1	0	1	0	1	1	0	0
OG_8428	0	4	2	0	0	0	0	0	4	0	0	0	0	0	0
OG_8429	1	1	1	1	1	0	1	1	1	1	0	1	1	0	0
OG_8430	1	1	1	2	3	0	1	4	1	1	0	0	1	0	0
OG_8431	4	2	15	11	0	4	10	0	0	0	3	1	7	2	0
OG_8432	3	3	3	2	3	0	1	2	3	2	11	2	2	0	1
OG_8433	0	0	6	0	1	0	3	0	0	0	0	0	3	0	0
OG_8434	12	0	2	11	3	0	2	1	0	1	2	4	0	0	0
OG_8435	1	2	2	1	2	0	6	3	4	1	5	3	1	0	0
OG_8436	4	1	1	10	1	0	0	3	1	9	2	2	1	0	0
OG_8437	1	1	1	1	1	0	1	1	1	1	0	0	1	0	0
OG_8438	0	7	10	0	12	0	0	0	0	0	6	0	3	0	0
OG_8439	0	1	0	4	1	0	0	0	1	0	0	0	0	0	0
OG_8440	0	1	5	0	0	0	0	0	0	0	11	0	0	0	0
OG_8441	0	3	4	1	2	0	0	1	0	1	0	0	0	0	0
OG_8442	0	0	5	0	4	0	0	0	6	0	1	0	0	0	0
OG_8443	0	2	1	0	4	0	0	0	0	0	0	0	0	0	0
OG_8444	2	0	0	0	0	0	2	0	0	0	0	0	2	0	0
OG_8445	0	16	3	3	1	6	1	4	2	3	0	0	0	0	1
OG_8446	0	10	1	7	0	0	0	14	7	7	1	1	0	0	1
OG_8447	2	1	1	2	1	0	1	1	1	1	1	0	2	0	1
OG_8448	2	3	1	4	7	2	1	1	1	1	3	6	1	3	1
OG_8449	1	5	2	0	2	0	2	0	5	0	0	0	1	0	0
OG_8450	0	4	1	0	0	4	1	1	2	0	1	2	0	2	0
OG_8451	2	2	1	2	1	4	2	4	2	2	0	0	1	0	0
OG_8452	0	0	2	0	4	0	3	0	0	0	1	0	2	0	0
OG_8453	6	1	1	1	1	0	1	1	3	3	2	2	2	0	1
OG_8454	1	2	3	1	3	0	4	1	1	1	2	2	6	0	0
OG_8455	3	1	1	2	3	19	1	1	2	1	1	1	1	5	1
OG_8456	1	1	1	0	1	0	1	0	1	0	0	0	1	0	0
OG_8457	2	1	1	0	1	0	1	1	1	1	3	2	1	0	0
OG_8458	0	0	13	0	0	0	2	1	2	0	1	0	0	0	1
OG_8459	0	1	1	1	0	0	1	1	1	0	0	0	1	0	0
OG_8460	0	1	0	1	1	0	0	1	1	1	0	0	0	0	0
OG_8461	2	2	11	0	2	0	0	5	0	0	1	0	1	0	3
OG_8462	0	2	0	1	0	0	0	1	2	1	0	0	0	0	0
OG_8463	3	6	1	1	1	3	1	1	2	1	1	0	1	2	0
OG_8464	0	4	0	9	16	0	0	3	2	0	0	6	0	1	1
OG_8465	2	4	13	7	1	0	4	0	1	0	1	0	0	0	0
OG_8466	0	0	0	1	7	0	0	1	3	0	2	0	0	0	0
OG_8467	2	1	0	9	1	0	0	1	1	1	0	2	0	0	0
OG_8468	3	3	1	3	1	0	1	1	4	0	0	2	2	0	1
OG_8469	0	1	0	0	1	0	0	1	1	1	1	1	0	0	0
OG_8470	0	8	2	0	7	0	0	1	2	0	0	0	0	0	0
OG_8471	0	0	5	0	0	0	0	0	0	0	1	0	0	0	0
OG_8472	0	0	0	0	7	0	1	0	0	0	0	0	0	0	0
OG_8473	0	0	0	1	5	0	0	1	0	1	0	0	0	0	0
OG_8474	1	2	2	1	1	0	1	1	1	1	1	1	1	0	0
OG_8475	2	1	1	2	2	6	2	1	2	1	1	1	2	10	5
OG_8476	1	2	1	3	5	0	1	2	2	2	0	0	1	1	0
OG_8477	1	2	2	0	1	0	1	2	0	0	4	1	4	0	0
OG_8478	3	7	1	5	4	4	2	5	6	7	1	2	2	0	3
OG_8479	3	1	1	2	1	0	1	1	1	1	1	1	1	0	0
OG_8480	1	3	1	2	9	4	1	1	1	1	2	2	1	0	6
OG_8481	0	0	4	0	2	0	1	0	0	0	0	0	2	0	0
OG_8482	0	0	4	0	0	0	0	1	1	0	1	0	0	0	0
OG_8483	0	3	0	6	1	0	0	3	3	0	0	0	0	0	0
OG_8484	0	0	0	1	0	0	1	0	1	0	1	0	0	1	0
OG_8485	0	0	0	5	0	0	0	1	0	0	0	0	0	0	0
OG_8486	0	0	0	0	1	0	0	4	1	0	0	0	1	0	0
OG_8487	0	2	0	2	0	0	0	1	1	2	0	0	0	0	0
OG_8488	0	0	0	0	0	0	0	0	0	0	4	7	0	0	0
OG_8489	1	1	1	0	1	0	1	1	0	1	1	1	1	0	7
OG_8490	1	2	1	2	4	0	1	2	2	2	3	0	1	0	2
OG_8491	0	0	0	0	0	8	0	0	0	0	0	1	0	1	12
OG_8492	4	7	9	3	4	5	13	4	3	4	1	3	3	0	0
OG_8493	1	1	1	3	1	2	1	1	1	1	2	2	1	0	5
OG_8494	1	1	1	1	1	1	1	1	1	1	1	1	1	0	0
OG_8495	0	2	0	0	0	1	0	0	3	0	3	6	0	0	0
OG_8496	6	3	9	2	1	0	2	1	0	1	0	0	1	0	0
OG_8497	0	0	3	0	5	0	0	1	0	0	0	0	0	0	0
OG_8498	0	1	1	0	1	0	0	1	0	0	0	0	0	0	0
OG_8499	0	0	5	0	2	0	0	0	1	0	1	0	0	0	0
OG_8500	0	0	0	2	1	0	0	1	1	1	0	0	0	0	0
OG_8501	0	0	0	0	0	2	0	0	0	0	0	0	0	5	0
OG_8502	1	1	1	1	1	0	1	1	1	1	1	1	1	0	1
OG_8503	0	1	0	0	1	0	0	1	1	0	0	0	0	1	1
OG_8504	20	8	23	3	16	0	6	1	5	0	0	0	5	0	0
OG_8505	0	0	0	0	0	15	0	0	0	0	0	0	0	15	0
OG_8506	0	0	1	0	1	0	5	0	0	0	1	0	1	0	15
OG_8507	1	0	1	1	1	1	1	1	1	1	1	1	1	1	0
OG_8508	2	2	1	1	2	0	1	1	1	1	0	0	1	0	0
OG_8509	1	1	1	1	1	1	2	1	1	1	1	3	2	0	0
OG_8510	1	1	1	1	0	0	1	1	1	1	0	2	1	0	0
OG_8511	5	1	4	2	2	0	12	0	2	1	1	0	7	0	0
OG_8512	3	1	1	1	1	0	1	1	1	2	1	2	1	1	2
OG_8513	2	2	1	2	1	1	2	1	3	2	2	4	1	1	1
OG_8514	0	5	0	0	8	0	1	1	3	0	1	1	0	0	0
OG_8515	0	1	0	0	0	0	0	1	0	0	0	0	0	0	8
OG_8516	1	1	1	1	1	0	0	1	1	1	1	1	1	0	0
OG_8517	0	0	2	0	0	0	2	0	0	0	1	2	0	0	0
OG_8518	0	1	1	0	2	0	0	1	0	0	1	0	0	0	3
OG_8519	0	6	0	0	0	0	0	0	1	0	0	0	0	0	0
OG_8520	2	1	0	0	2	0	1	0	1	0	1	0	1	0	0
OG_8521	0	0	3	0	2	0	2	0	0	0	0	0	0	0	0
OG_8522	0	0	0	0	1	11	0	0	0	0	0	0	0	0	0
OG_8523	0	1	0	1	0	0	2	0	1	0	0	0	2	0	0
OG_8524	0	3	0	0	1	0	0	1	2	1	0	0	0	0	0
OG_8525	1	17	1	3	2	0	3	0	2	2	1	0	7	11	5
OG_8526	0	1	1	1	1	0	0	1	1	2	1	0	0	0	0
OG_8527	0	7	0	6	3	0	0	5	2	4	1	3	0	0	0
OG_8528	0	0	2	0	0	0	3	0	0	0	0	0	3	0	0
OG_8529	0	0	0	0	0	0	1	0	0	0	0	0	0	0	7
OG_8530	1	3	0	0	1	9	1	0	2	0	1	1	2	4	6
OG_8531	2	5	16	0	1	0	4	0	0	0	0	0	2	0	0
OG_8532	0	1	1	1	1	0	0	1	1	1	0	1	0	0	0
OG_8533	1	2	1	1	1	0	1	0	3	0	1	0	0	3	0
OG_8534	0	0	2	0	4	0	0	5	0	0	0	0	0	0	0
OG_8535	0	0	0	2	1	0	0	1	11	0	3	0	0	0	1
OG_8536	1	0	2	0	1	0	1	0	4	0	0	0	1	0	0
OG_8537	0	0	0	0	0	5	0	0	0	0	8	8	0	1	0
OG_8538	0	0	1	0	4	0	6	3	1	0	5	0	0	0	2
OG_8539	0	1	16	0	0	0	3	0	0	0	0	0	13	0	1
OG_8540	1	1	1	1	1	0	1	1	1	1	0	0	1	0	1
OG_8541	7	0	0	0	0	0	0	0	0	0	1	0	0	0	4
OG_8542	0	1	3	0	0	0	0	0	0	0	1	0	0	3	0
OG_8543	0	2	0	7	0	8	0	2	1	3	0	0	0	0	0
OG_8544	0	0	2	0	0	0	1	0	1	0	0	0	1	0	0
OG_8545	3	0	0	1	1	0	1	0	1	0	0	0	2	1	0
OG_8546	1	0	1	1	1	0	1	1	1	2	0	0	1	0	5
OG_8547	0	1	0	2	2	0	0	3	2	2	0	0	0	0	0
OG_8548	0	1	0	0	1	2	0	1	1	1	1	0	0	1	0
OG_8549	2	1	1	1	1	0	1	1	1	1	1	1	0	0	0
OG_8550	1	1	1	1	1	0	3	1	1	1	1	2	3	0	0
OG_8551	3	0	1	1	5	2	9	11	1	0	10	1	0	1	0
OG_8552	0	3	0	0	2	0	0	2	4	1	0	0	0	0	0
OG_8553	2	1	1	1	1	2	1	1	1	1	4	1	1	0	0
OG_8554	0	6	0	2	0	0	0	1	1	1	0	0	0	0	0
OG_8555	1	1	1	2	1	0	1	1	3	1	1	1	1	0	0
OG_8556	1	0	2	0	4	0	1	1	0	1	1	0	0	0	2
OG_8557	4	2	1	0	1	0	1	3	2	1	4	4	0	0	0
OG_8558	0	5	0	2	0	0	0	2	1	4	1	0	0	0	0
OG_8559	1	1	4	2	1	2	1	1	1	1	0	1	1	1	0
OG_8560	2	1	3	3	0	0	4	5	0	0	0	0	4	0	1
OG_8561	0	1	0	0	0	0	0	0	0	0	6	0	0	0	1
OG_8562	2	1	1	1	1	0	1	1	1	1	1	1	1	0	0
OG_8563	1	3	1	1	0	0	0	2	1	0	0	0	0	0	0
OG_8564	2	2	1	3	1	3	1	1	6	3	0	0	1	0	0
OG_8565	8	0	14	0	1	0	8	0	2	0	1	0	3	0	0
OG_8566	1	0	0	3	2	0	1	0	0	1	0	0	0	0	0
OG_8567	1	1	1	3	1	0	1	1	1	1	1	0	2	0	0
OG_8568	3	0	6	0	3	0	0	0	0	0	0	0	1	0	0
OG_8569	0	1	1	0	1	0	0	1	1	0	0	0	1	0	1
OG_8570	1	1	1	1	1	0	1	1	1	1	0	1	1	0	0
OG_8571	1	0	1	0	5	0	2	0	0	0	0	0	2	0	0
OG_8572	5	4	1	1	1	1	2	1	1	2	7	2	1	2	1
OG_8573	1	0	4	3	2	0	4	1	3	0	1	1	2	0	0
OG_8574	2	3	4	2	2	10	2	2	5	2	4	4	2	21	4
OG_8575	6	0	1	8	6	0	9	8	0	1	3	4	8	0	0
OG_8576	1	1	1	1	1	0	1	1	1	1	3	1	2	0	1
OG_8577	6	1	1	5	1	0	0	1	1	1	1	3	0	0	0
OG_8578	1	2	1	4	1	0	1	1	1	1	0	1	3	0	0
OG_8579	0	4	3	0	5	0	1	4	3	1	7	0	1	0	0
OG_8580	1	1	1	1	1	1	1	1	1	1	1	1	1	1	0
OG_8581	22	6	4	9	3	0	9	4	6	6	2	8	7	0	0
OG_8582	0	1	3	0	0	0	0	0	0	0	1	0	1	0	0
OG_8583	0	1	1	1	1	1	0	1	1	2	3	2	0	2	1
OG_8584	0	1	0	0	1	0	0	1	1	0	0	0	0	0	0
OG_8585	0	0	0	0	2	0	0	1	0	0	0	0	0	0	1
OG_8586	0	0	0	0	3	0	0	0	1	0	0	0	0	0	0
OG_8587	0	2	2	0	2	0	1	0	0	0	2	0	1	0	0
OG_8588	2	0	25	0	16	1	1	1	1	0	1	0	0	0	11
OG_8589	0	0	0	0	1	0	0	1	2	1	0	0	0	0	0
OG_8590	0	0	20	0	1	9	0	0	0	0	1	0	0	0	0
OG_8591	0	0	0	0	0	1	0	0	0	0	4	4	0	0	0
OG_8592	0	0	0	0	0	4	0	0	0	0	0	0	0	1	0
OG_8593	0	1	0	0	0	0	0	2	1	1	0	0	0	0	0
OG_8594	0	1	0	0	3	0	0	2	0	0	0	0	1	0	0
OG_8595	0	1	0	0	1	0	0	1	1	1	1	0	0	0	0
OG_8596	0	2	1	4	3	0	0	7	12	0	0	8	0	0	0
OG_8597	0	1	1	0	0	0	0	5	0	0	0	0	0	0	0
OG_8598	0	0	2	1	0	1	1	1	0	1	0	0	1	2	0
OG_8599	0	2	0	0	1	0	1	2	1	3	1	0	0	0	0
OG_8600	0	2	0	2	0	2	0	1	0	1	0	0	0	0	0
OG_8601	0	1	0	0	1	0	1	1	1	0	0	0	1	0	0
OG_8602	1	0	1	0	0	0	2	0	0	0	4	1	0	0	0
OG_8603	0	1	5	0	7	0	1	0	0	0	0	0	1	0	0
OG_8604	1	1	1	1	1	1	1	1	1	1	1	1	1	1	1
OG_8605	1	1	1	1	1	5	1	1	0	1	0	0	0	0	0
OG_8606	0	2	0	1	1	0	0	1	1	1	0	9	0	0	0
OG_8607	1	1	1	1	1	0	1	0	0	1	0	0	1	0	0
OG_8608	0	1	0	1	1	0	0	1	0	1	1	2	0	0	0
OG_8609	0	2	0	0	0	0	1	0	0	0	0	0	1	0	0
OG_8610	0	2	0	2	0	0	0	0	0	1	0	0	0	0	0
OG_8611	2	0	1	1	0	0	0	0	0	0	0	2	2	0	0
OG_8612	1	0	2	1	0	0	0	3	0	0	0	0	0	0	0
OG_8613	0	0	7	0	0	0	1	0	0	0	0	0	0	0	0
OG_8614	0	3	3	0	0	0	0	0	0	0	0	0	0	0	0
OG_8615	0	1	0	1	0	0	0	1	1	1	0	0	0	0	0
OG_8616	0	0	0	0	1	0	3	0	0	0	0	0	3	0	0
OG_8617	0	0	12	0	1	0	0	0	0	0	0	0	0	0	0
OG_8618	0	0	5	0	1	0	0	0	0	0	0	0	0	0	0
OG_8619	2	1	1	1	0	0	3	1	2	0	0	0	2	0	0
OG_8620	0	0	0	1	2	0	0	1	1	3	0	0	0	0	0
OG_8621	7	1	1	1	3	0	4	1	2	1	5	9	3	2	3
OG_8622	0	0	0	0	0	0	0	0	1	0	0	0	4	0	0
OG_8623	0	0	0	0	0	2	0	0	0	0	0	0	0	0	3
OG_8624	0	0	6	0	5	0	0	0	0	0	0	0	0	0	0
OG_8625	6	1	1	2	1	0	3	1	1	1	1	1	3	0	0
OG_8626	1	0	4	0	1	0	2	0	0	0	0	0	2	0	0
OG_8627	12	1	1	8	1	2	2	1	5	1	3	5	2	0	1
OG_8628	0	1	0	0	0	1	0	3	1	1	1	1	0	1	0
OG_8629	0	1	13	1	0	0	0	3	0	0	3	0	0	0	0
OG_8630	0	2	4	0	1	0	0	1	0	0	0	0	0	0	0
OG_8631	0	1	5	0	4	0	0	0	0	0	2	1	0	0	0
OG_8632	1	1	1	1	2	0	1	1	1	1	2	3	1	0	0
OG_8633	0	1	1	1	1	0	1	1	1	2	1	1	1	0	0
OG_8634	1	3	1	1	1	0	1	1	1	1	1	1	1	1	0
OG_8635	0	3	0	0	0	0	0	1	6	2	0	0	0	0	1
OG_8636	0	1	1	1	1	0	1	1	1	0	1	2	2	0	0
OG_8637	1	1	1	1	1	0	1	1	1	1	1	1	1	0	3
OG_8638	0	1	0	1	2	0	0	1	1	1	1	1	0	0	0
OG_8639	1	0	1	0	0	0	1	0	1	0	0	0	1	0	0
OG_8640	1	1	2	1	1	0	1	1	1	1	0	2	1	0	0
OG_8641	0	0	0	0	0	1	0	0	0	1	0	2	0	0	8
OG_8642	0	1	1	0	0	0	0	3	2	0	0	0	0	0	0
OG_8643	3	1	1	7	1	4	2	1	5	5	2	2	2	12	1
OG_8644	3	0	5	0	3	0	5	0	0	0	1	0	0	0	0
OG_8645	3	2	1	1	0	0	1	1	3	1	0	0	1	0	0
OG_8646	0	3	2	0	0	0	0	0	0	0	0	0	0	0	0
OG_8647	0	0	5	0	0	0	0	0	0	0	0	0	0	3	0
OG_8648	0	0	1	0	4	0	1	0	0	0	0	0	0	0	0
OG_8649	2	1	1	1	1	0	4	1	1	4	0	0	4	1	0
OG_8650	5	0	1	0	0	0	3	0	0	0	0	1	3	0	0
OG_8651	1	1	1	0	1	0	0	3	2	1	1	1	0	0	0
OG_8652	0	9	7	0	7	0	1	6	0	0	2	0	0	0	0
OG_8653	3	1	3	2	1	0	2	1	1	2	0	0	3	0	8
OG_8654	1	2	0	0	0	0	0	0	0	0	0	0	0	0	0
OG_8655	1	0	0	0	0	0	1	0	0	0	0	0	1	0	0
OG_8656	4	1	0	1	0	0	1	2	0	0	0	0	1	0	0
OG_8657	1	1	3	0	0	0	0	0	0	0	0	0	0	0	0
OG_8658	0	2	0	0	0	0	1	0	0	0	0	0	0	0	0
OG_8659	0	3	0	0	1	0	0	0	0	0	0	0	0	0	0
OG_8660	0	1	0	1	1	0	0	2	0	0	0	1	0	0	0
OG_8661	0	1	2	0	0	0	0	0	0	0	0	0	0	0	0
OG_8662	0	1	1	0	0	0	1	0	0	0	0	0	0	0	0
OG_8663	0	4	1	0	0	0	0	0	0	0	0	0	0	0	0
OG_8664	0	1	3	0	2	0	0	0	0	0	0	0	0	0	0
OG_8665	0	0	2	0	0	0	0	0	0	0	0	0	2	0	0
OG_8666	0	0	3	0	0	0	2	0	0	0	1	0	0	0	0
OG_8667	0	0	2	0	0	0	0	1	0	0	0	0	0	0	0
OG_8668	0	0	2	0	0	0	0	0	0	0	0	0	1	0	0
OG_8669	0	1	2	0	0	0	0	0	0	0	0	0	0	0	0
OG_8670	0	0	12	0	0	0	0	0	0	0	2	0	0	0	0
OG_8671	1	1	1	2	1	0	0	1	1	1	0	1	2	0	2
OG_8672	0	3	0	1	0	0	0	0	0	0	2	1	0	0	0
OG_8673	0	0	0	0	1	0	0	0	3	0	0	0	0	0	0
OG_8674	0	2	2	0	1	0	0	0	0	0	0	0	0	0	1
OG_8675	0	0	0	0	0	14	0	0	0	0	0	0	0	7	0
OG_8676	0	0	0	0	1	1	1	1	1	0	1	1	1	0	0
OG_8677	0	0	0	0	0	1	0	0	0	0	0	0	0	2	0
OG_8678	0	0	0	0	0	2	0	0	0	0	0	0	0	2	0
OG_8679	0	0	0	0	4	0	2	0	0	0	0	0	0	0	0
OG_8680	0	0	2	0	0	0	0	3	0	0	0	0	1	0	0
OG_8681	0	1	0	0	0	0	0	1	0	0	0	2	0	0	0
OG_8682	0	1	0	0	0	0	0	2	0	1	0	0	0	0	0
OG_8683	0	1	0	4	1	0	0	11	0	1	0	0	0	0	0
OG_8684	0	0	2	0	0	0	0	0	3	0	0	0	0	0	0
OG_8685	0	1	0	0	0	0	0	0	3	0	0	1	0	0	0
OG_8686	0	1	0	0	0	0	0	0	0	0	12	0	0	0	0
OG_8687	0	0	0	0	0	0	0	0	0	0	2	0	0	0	2
OG_8688	0	0	0	0	0	0	0	0	0	0	2	1	0	0	0
OG_8689	0	0	0	0	0	0	0	0	0	0	8	26	0	0	2
OG_8690	0	0	0	0	0	0	0	0	0	0	1	5	0	0	0
OG_8691	0	3	0	1	0	0	0	0	0	1	0	1	0	0	1
OG_8692	0	0	0	0	0	0	0	0	0	0	1	5	0	0	0
OG_8693	0	0	0	0	0	2	0	0	0	0	1	2	0	6	0
OG_8694	0	0	0	0	0	5	0	0	0	0	0	0	0	1	1
OG_8695	0	0	0	0	0	1	0	0	0	0	0	0	0	1	1
OG_8696	0	0	0	0	0	3	0	0	0	0	0	0	0	1	0
OG_8697	0	0	0	0	0	0	0	0	2	0	0	2	0	2	1
OG_8698	0	0	1	0	0	0	0	0	0	0	0	0	0	0	3
OG_8699	0	9	11	0	4	0	2	0	0	0	7	2	0	0	0
OG_8700	1	4	3	4	3	0	1	3	3	0	0	0	2	0	0
OG_8701	1	1	1	1	1	2	1	1	1	2	2	0	1	41	1
OG_8702	7	0	3	2	2	0	3	0	0	0	0	1	4	1	0
OG_8703	3	1	0	0	0	0	1	7	1	1	1	0	2	0	0
OG_8704	0	2	0	1	1	0	0	1	0	0	0	1	0	0	0
OG_8705	0	4	0	0	2	0	0	2	0	0	2	0	0	0	0
OG_8706	0	1	0	0	6	0	0	2	2	0	2	0	0	0	0
OG_8707	0	0	6	0	2	0	0	0	2	0	0	0	0	0	5
OG_8708	0	0	6	0	3	0	4	0	0	0	0	0	3	6	0
OG_8709	1	2	3	1	1	1	1	1	1	1	0	1	3	1	0
OG_8710	0	0	5	0	1	0	0	0	0	0	0	0	0	0	0
OG_8711	0	0	2	0	2	0	0	0	0	0	0	0	0	0	0
OG_8712	0	0	1	0	4	0	2	0	0	0	0	0	4	0	0
OG_8713	0	1	0	1	1	0	0	0	1	1	1	1	0	0	0
OG_8714	2	0	5	0	0	0	7	0	0	0	0	0	1	0	0
OG_8715	3	1	1	2	1	0	1	1	1	2	0	0	1	0	0
OG_8716	0	0	6	1	0	0	0	0	0	0	0	3	1	0	0
OG_8717	0	3	0	1	0	0	0	0	3	0	0	0	0	0	0
OG_8718	0	2	2	3	2	0	0	4	1	0	0	0	0	0	0
OG_8719	0	2	0	0	0	0	0	0	1	0	0	0	0	0	0
OG_8720	0	1	0	2	0	0	0	0	0	1	0	0	0	0	0
OG_8721	0	0	0	0	0	0	0	0	0	0	10	4	0	0	0
OG_8722	0	0	2	0	1	0	0	0	0	0	0	0	0	0	0
OG_8723	0	0	3	0	2	0	0	0	0	0	0	0	0	0	0
OG_8724	0	0	1	3	1	0	1	0	1	1	0	0	1	0	2
OG_8725	0	0	16	0	1	0	3	0	1	0	0	0	0	0	0
OG_8726	0	0	6	0	0	0	0	0	1	0	0	0	0	0	0
OG_8727	1	2	1	2	1	0	1	1	5	2	0	1	1	0	0
OG_8728	0	0	0	3	0	0	0	4	0	0	0	0	0	0	0
OG_8729	0	2	0	0	5	0	0	0	0	0	0	0	0	0	0
OG_8730	0	0	2	0	2	0	0	0	0	0	0	0	0	0	0
OG_8731	0	1	3	0	6	0	4	5	0	0	0	0	0	0	0
OG_8732	0	0	0	0	1	1	0	0	0	0	0	0	0	6	0
OG_8733	0	0	1	0	0	0	0	1	0	0	1	2	0	0	1
OG_8734	0	1	0	3	0	0	0	1	1	0	0	0	0	0	0
OG_8735	0	1	1	0	0	0	0	0	0	0	6	0	0	0	0
OG_8736	0	0	0	0	0	3	0	0	0	0	2	6	0	2	1
OG_8737	0	0	0	0	0	5	0	0	0	0	0	0	0	1	0
OG_8738	0	0	0	0	0	6	0	0	0	0	0	0	0	3	0
OG_8739	0	0	1	1	0	0	1	1	3	0	0	0	1	0	0
OG_8740	0	0	0	0	1	0	0	6	0	0	0	0	0	0	0
OG_8741	2	1	2	1	1	1	2	1	1	0	1	0	2	1	0
OG_8742	0	7	0	4	6	0	0	0	0	2	0	0	0	0	0
OG_8743	2	0	6	0	0	0	2	1	0	2	1	0	2	0	2
OG_8744	2	0	1	0	4	0	1	0	0	0	0	0	2	0	0
OG_8745	1	2	0	2	1	0	1	0	3	1	0	0	0	0	0
OG_8746	0	1	0	2	0	0	0	1	0	2	0	0	0	0	0
OG_8747	0	1	0	0	1	0	0	1	1	4	0	0	0	0	0
OG_8748	6	1	1	3	1	0	3	1	2	3	1	7	2	0	2
OG_8749	0	1	0	1	1	0	0	1	2	1	0	2	0	0	0
OG_8750	0	0	3	0	0	0	3	1	2	0	0	0	0	0	0
OG_8751	0	0	0	0	0	2	0	0	0	0	0	0	0	8	0
OG_8752	0	0	5	0	3	0	3	8	1	1	0	0	0	0	1
OG_8753	0	1	0	1	1	0	0	2	1	5	0	13	0	0	0
OG_8754	0	0	2	0	3	5	0	0	0	0	0	0	0	0	0
OG_8755	0	0	2	0	0	0	0	0	0	0	8	0	0	0	0
OG_8756	0	1	0	3	0	0	0	1	1	1	0	0	0	0	0
OG_8757	0	3	0	4	6	0	0	1	1	4	0	0	0	0	0
OG_8758	0	4	0	2	2	0	0	1	4	1	2	2	0	0	0
OG_8759	0	5	2	4	3	0	0	4	6	2	7	2	0	0	0
OG_8760	0	0	0	3	1	0	0	0	0	0	4	0	0	0	0
OG_8761	0	0	0	1	0	0	0	1	0	1	0	0	0	0	0
OG_8762	0	0	1	0	0	0	2	0	0	0	0	0	1	5	0
OG_8763	0	3	0	0	1	0	0	0	1	0	2	1	0	6	0
OG_8764	2	0	0	1	0	0	0	1	0	0	0	0	1	0	0
OG_8765	0	0	2	0	1	0	0	0	0	0	0	0	0	0	0
OG_8766	0	1	1	1	1	0	3	1	1	3	3	14	2	0	0
OG_8767	0	0	0	0	0	3	0	0	0	0	0	0	0	3	0
OG_8768	0	0	0	0	0	4	0	0	0	0	0	0	0	3	0
OG_8769	2	1	1	2	0	0	1	1	3	0	0	0	0	0	3
OG_8770	2	1	1	1	1	0	3	1	1	2	1	2	0	0	0
OG_8771	0	0	0	0	0	1	0	0	0	0	0	0	0	3	0
OG_8772	0	1	0	0	0	0	0	0	0	0	0	0	0	0	8
OG_8773	0	0	1	0	1	0	2	0	0	0	0	0	2	0	0
OG_8774	0	8	1	0	0	0	0	0	5	0	0	0	0	0	0
OG_8775	29	0	0	0	0	0	0	0	0	0	0	0	1	0	0
OG_8776	0	0	0	0	6	0	0	0	0	0	1	0	0	0	0
OG_8777	0	1	1	1	0	0	1	0	0	0	0	0	0	0	0
OG_8778	0	1	0	1	0	0	0	1	1	0	3	3	0	0	0
OG_8779	0	0	0	0	0	0	0	0	1	0	20	4	0	0	0
OG_8780	17	1	3	0	2	0	8	0	2	0	0	1	4	0	0
OG_8781	2	1	1	1	5	0	1	1	2	2	0	0	1	0	0
OG_8782	2	0	1	0	0	0	0	0	0	0	1	0	0	0	0
OG_8783	1	0	1	0	0	0	1	0	0	0	0	0	1	0	0
OG_8784	0	1	0	1	0	0	0	1	1	1	0	0	0	0	0
OG_8785	0	0	2	0	0	0	0	8	0	0	0	0	0	0	0
OG_8786	0	0	0	0	2	0	0	0	0	0	0	1	0	0	0
OG_8787	0	0	0	0	0	0	0	0	0	0	2	1	0	0	0
OG_8788	0	0	0	0	0	2	0	0	0	0	0	0	0	2	0
OG_8789	0	1	0	1	2	55	0	0	0	0	1	1	0	2	0
OG_8790	1	0	0	0	1	0	2	0	0	0	0	0	1	0	0
OG_8791	0	1	1	0	1	2	0	1	1	0	0	0	1	1	0
OG_8792	0	4	0	0	1	0	1	0	0	0	0	0	0	0	0
OG_8793	0	0	0	0	0	6	0	0	0	0	0	0	0	1	0
OG_8794	1	1	1	1	2	0	1	2	1	1	0	0	1	0	0
OG_8795	0	2	4	0	3	0	0	0	0	0	0	1	0	0	0
OG_8796	1	0	0	0	0	0	2	0	0	0	0	0	0	0	0
OG_8797	0	3	1	0	0	0	0	1	0	0	0	0	0	0	0
OG_8798	0	0	2	0	0	0	0	0	0	0	0	2	0	0	0
OG_8799	0	0	1	0	2	0	0	0	0	0	0	0	0	0	0
OG_8800	0	0	2	0	1	0	0	0	0	0	0	0	0	0	0
OG_8801	0	1	3	0	0	0	0	0	0	0	0	0	0	0	0
OG_8802	0	0	6	0	0	0	1	0	0	0	0	0	1	0	0
OG_8803	0	0	2	0	0	0	0	1	0	0	0	0	0	0	0
OG_8804	0	0	1	0	0	0	0	2	0	0	0	0	0	0	0
OG_8805	0	0	2	0	1	0	0	0	0	0	0	0	0	0	0
OG_8806	0	0	6	0	1	0	0	0	0	0	0	0	0	0	0
OG_8807	0	0	2	0	0	0	0	0	0	0	0	0	1	0	0
OG_8808	0	0	0	1	1	0	0	1	0	0	0	0	0	0	0
OG_8809	0	3	0	0	3	0	0	0	0	0	1	0	0	0	0
OG_8810	0	1	1	0	2	0	0	1	0	0	0	0	0	0	0
OG_8811	0	0	0	0	1	0	0	0	2	0	0	0	0	0	0
OG_8812	0	0	0	0	0	3	0	0	0	0	0	0	0	1	2
OG_8813	0	0	0	0	0	8	0	0	0	0	0	0	0	2	0
OG_8814	0	0	0	0	0	6	0	0	0	0	0	0	0	3	2
OG_8815	0	0	0	0	0	2	0	0	0	0	0	0	0	3	1
OG_8816	0	0	0	0	0	1	0	0	0	0	0	0	0	1	1
OG_8817	0	0	0	0	0	1	0	0	0	0	0	0	0	3	0
OG_8818	0	1	0	0	2	0	2	0	0	0	0	0	1	0	0
OG_8819	0	0	0	1	1	1	0	1	0	0	0	0	0	1	0
OG_8820	0	0	0	1	0	0	0	2	0	0	0	0	0	0	0
OG_8821	0	0	1	0	0	0	1	1	0	0	0	0	1	0	0
OG_8822	0	1	0	0	2	0	0	1	0	0	0	0	0	0	0
OG_8823	0	3	0	0	0	0	0	0	1	0	0	0	0	0	0
OG_8824	0	0	0	0	0	0	0	0	0	0	3	2	0	0	0
OG_8825	0	0	0	0	0	0	0	0	0	0	2	1	0	0	0
OG_8826	0	3	2	0	1	0	0	0	1	0	4	0	1	0	0
OG_8827	0	0	1	0	0	0	0	0	1	0	1	0	0	0	0
OG_8828	0	0	2	0	0	0	0	0	0	0	1	0	0	0	0
OG_8829	0	0	0	0	0	3	0	0	0	0	0	1	0	0	0
OG_8830	0	0	1	0	0	0	0	0	0	0	0	0	2	0	0
OG_8831	1	0	1	0	0	1	1	0	1	0	0	0	1	0	0
OG_8832	0	0	0	0	1	0	1	0	0	0	0	0	1	0	0
OG_8833	0	0	0	0	0	2	0	0	0	0	0	0	0	1	1
OG_8834	1	1	1	1	2	0	1	1	1	1	0	0	2	0	0
OG_8835	1	1	1	0	1	0	1	1	1	1	0	0	1	0	0
OG_8836	3	0	0	5	0	0	2	0	0	0	0	0	2	0	0
OG_8837	0	1	0	0	2	0	0	1	1	1	0	0	0	0	0
OG_8838	0	1	0	1	1	0	0	1	1	1	0	0	0	0	0
OG_8839	2	0	0	0	1	0	1	0	0	0	0	0	0	0	6
OG_8840	2	0	0	0	9	0	4	0	0	0	0	0	0	0	0
OG_8841	0	1	0	0	0	0	0	0	1	1	0	2	0	0	0
OG_8842	0	4	1	0	0	0	0	0	0	0	0	0	0	0	0
OG_8843	0	3	2	0	0	0	0	0	0	0	0	0	0	0	0
OG_8844	0	0	2	0	1	0	0	0	0	0	0	0	0	0	0
OG_8845	0	1	2	0	0	0	0	0	0	0	0	1	0	0	0
OG_8846	0	0	2	0	0	0	0	0	0	1	0	0	1	0	0
OG_8847	0	0	2	0	1	0	0	0	0	0	0	0	0	0	0
OG_8848	0	0	1	0	0	0	0	1	2	1	2	0	0	0	0
OG_8849	0	1	3	0	0	0	0	0	0	0	0	0	0	0	0
OG_8850	0	0	0	1	1	0	0	3	0	2	1	0	0	0	0
OG_8851	0	0	0	0	0	4	0	0	0	0	0	0	0	1	0
OG_8852	0	0	2	0	0	0	2	0	0	0	0	0	0	0	0
OG_8853	0	1	0	0	0	0	0	1	1	0	1	0	0	0	0
OG_8854	0	0	0	0	0	0	0	1	0	2	0	0	0	0	0
OG_8855	0	0	0	0	1	0	0	0	1	1	0	1	0	0	0
OG_8856	0	0	0	0	0	0	0	0	0	0	1	1	0	0	0
OG_8857	0	0	0	0	0	0	1	0	0	0	0	0	2	0	0
OG_8858	1	2	0	1	1	0	1	1	1	1	0	0	1	0	0
OG_8859	0	0	1	0	0	0	0	0	0	0	0	0	0	0	3
OG_8860	0	0	0	0	2	0	0	1	0	0	1	0	1	0	0
OG_8861	1	1	1	1	1	2	1	1	1	1	1	1	1	0	0
OG_8862	0	4	0	0	1	2	0	0	1	0	4	0	0	0	0
OG_8863	0	0	1	0	1	0	0	2	0	0	0	0	0	0	0
OG_8864	0	0	0	0	0	0	0	0	0	0	0	0	0	3	1
OG_8865	0	0	0	0	0	1	0	0	0	0	0	0	0	2	0
OG_8866	0	1	0	1	0	0	0	1	1	1	1	0	0	0	0
OG_8867	0	0	0	0	0	4	0	0	0	0	0	0	0	6	0
OG_8868	3	0	0	0	0	0	2	0	0	0	0	0	0	0	0
OG_8869	0	1	0	2	0	0	0	0	1	1	0	0	0	0	0
OG_8870	0	1	0	0	0	0	0	1	0	1	0	0	0	0	0
OG_8871	0	1	0	0	0	0	0	1	3	0	1	0	0	0	0
OG_8872	0	0	2	0	0	0	1	0	0	0	0	0	0	0	0
OG_8873	0	0	1	0	0	0	0	0	1	0	0	2	0	0	0
OG_8874	0	0	5	0	0	0	1	0	1	0	0	0	0	0	0
OG_8875	0	0	1	0	0	0	0	0	1	0	0	0	2	0	0
OG_8876	0	1	0	1	0	0	0	1	0	1	0	0	0	0	0
OG_8877	0	0	0	3	0	0	0	1	0	0	0	0	0	0	0
OG_8878	0	0	0	1	0	0	0	1	0	1	0	0	0	0	0
OG_8879	0	1	0	1	2	0	0	0	0	0	0	0	0	0	0
OG_8880	0	0	0	0	1	0	0	1	0	0	0	0	0	0	0
OG_8881	0	0	0	0	0	2	0	0	0	0	0	0	0	2	0
OG_8882	0	0	0	0	0	4	0	0	0	0	0	0	0	2	0
OG_8883	0	0	0	0	0	2	0	0	0	0	0	0	0	1	0
OG_8884	0	0	0	1	0	0	0	2	0	0	0	0	0	1	0
OG_8885	0	0	0	2	0	0	0	4	0	0	0	0	0	0	0
OG_8886	0	1	0	0	0	0	0	1	1	0	0	0	1	0	0
OG_8887	0	0	0	1	0	0	0	0	0	0	2	2	0	0	0
OG_8888	0	0	0	1	0	0	0	0	0	0	1	1	0	0	0
OG_8889	0	0	0	1	0	0	1	0	0	0	1	0	0	0	0
OG_8890	0	0	0	0	0	0	0	0	0	0	1	3	0	0	0
OG_8891	0	0	0	0	0	0	0	0	0	0	2	3	0	0	0
OG_8892	0	0	0	0	1	0	0	0	0	0	2	2	0	0	0
OG_8893	0	1	0	0	0	0	0	0	0	0	0	0	2	0	0
OG_8894	0	0	0	0	2	0	0	0	0	0	0	0	1	0	0
OG_8895	0	0	0	0	0	1	0	0	0	0	0	0	0	3	0
OG_8896	0	0	0	0	0	6	0	0	0	0	0	0	0	1	0
OG_8897	0	0	0	0	0	3	0	0	0	0	0	0	0	3	0
OG_8898	0	0	0	0	0	1	0	0	0	0	0	0	0	1	0
OG_8899	0	0	2	0	0	0	0	0	0	0	0	0	0	3	0
OG_8900	0	0	0	0	0	2	0	0	0	0	0	0	0	0	1
OG_8901	0	0	0	0	1	0	0	0	0	0	0	0	1	0	1
OG_8902	0	0	0	0	0	6	0	0	0	0	0	0	0	2	0
OG_8903	0	1	0	0	0	0	0	0	0	0	1	0	0	0	0
OG_8904	0	0	3	0	1	0	0	0	0	0	0	0	0	0	0
OG_8905	0	1	0	0	1	0	0	0	2	0	0	0	0	0	0
OG_8906	0	0	0	0	0	0	1	0	0	0	0	0	2	0	0
OG_8907	0	0	0	0	0	0	0	0	0	0	0	2	0	7	0
OG_8908	0	0	0	0	0	2	0	0	0	0	0	0	0	2	0
OG_8909	0	0	0	0	0	2	0	0	0	0	0	0	0	3	0
OG_8910	0	0	0	0	0	1	0	0	0	0	2	0	0	1	1
OG_8911	0	0	1	0	2	0	0	1	0	1	0	0	0	0	0
OG_8912	1	1	0	0	0	0	1	0	0	0	0	0	1	0	0
OG_8913	0	1	0	0	0	0	0	0	2	0	0	0	0	0	0
OG_8914	0	1	1	0	0	0	0	0	0	0	0	0	0	0	0
OG_8915	0	0	1	0	2	0	0	0	0	0	0	0	0	0	0
OG_8916	0	0	2	0	0	0	0	0	0	0	0	0	2	0	0
OG_8917	1	0	1	0	0	0	1	0	0	0	0	0	3	0	0
OG_8918	0	0	0	1	0	0	0	1	0	0	0	0	0	0	0
OG_8919	0	0	0	0	1	0	0	0	1	0	0	1	0	0	0
OG_8920	0	0	0	0	2	0	0	0	1	0	0	0	0	0	0
OG_8921	1	0	0	0	0	2	1	0	0	0	0	0	1	2	0
OG_8922	0	1	0	0	0	0	1	0	0	0	0	0	1	0	0
OG_8923	0	0	3	0	0	0	1	0	0	0	0	0	0	0	0
OG_8924	0	0	1	0	0	0	5	0	0	0	0	0	0	0	0
OG_8925	0	0	6	0	0	0	1	0	0	0	0	0	0	0	0
OG_8926	0	2	0	0	0	0	0	4	0	0	0	0	0	0	0
OG_8927	0	1	0	0	0	0	0	2	1	0	0	0	0	0	0
OG_8928	0	1	0	0	1	0	0	1	0	0	0	0	0	0	0
OG_8929	0	2	0	0	0	0	0	1	0	0	0	0	0	0	0
OG_8930	0	0	0	1	0	0	0	1	0	1	0	0	0	0	0
OG_8931	0	0	0	0	0	0	0	0	0	0	2	2	0	0	0
OG_8932	0	0	0	0	2	0	0	0	0	0	2	0	0	0	0
OG_8933	0	0	0	0	0	2	0	0	0	0	0	0	0	1	0
OG_8934	0	0	0	0	0	3	0	0	0	0	1	0	0	0	1
OG_8935	0	1	0	0	3	0	1	0	1	0	0	0	1	0	0
OG_8936	0	1	0	0	1	0	0	1	0	0	2	0	0	0	0
OG_8937	0	1	1	0	3	0	0	0	0	0	0	0	0	0	0
OG_8938	0	1	0	1	0	0	0	1	0	0	0	0	0	0	0
OG_8939	0	0	2	0	1	0	0	0	0	0	0	0	0	0	0
OG_8940	0	0	1	0	0	3	1	0	0	0	0	0	1	3	2
OG_8941	0	0	2	0	0	0	0	1	0	0	0	0	0	0	0
OG_8942	0	0	3	0	2	0	0	0	0	0	0	0	0	0	0
OG_8943	0	0	2	0	0	0	1	0	0	0	0	0	0	0	0
OG_8944	0	0	0	0	0	1	0	0	0	0	0	0	0	4	0
OG_8945	0	0	0	0	0	6	0	0	0	0	0	0	0	2	0
OG_8946	0	0	0	0	0	3	0	0	0	0	0	0	0	1	1
OG_8947	0	0	0	0	0	2	0	0	0	0	0	0	0	2	0
OG_8948	0	0	0	0	0	2	0	0	0	0	0	1	0	1	0
OG_8949	0	0	0	0	0	0	1	0	0	0	0	0	0	0	2
OG_8950	0	2	0	0	0	0	0	1	0	0	0	0	0	0	0
OG_8951	0	0	0	1	0	0	0	2	0	0	0	0	0	0	0
OG_8952	0	0	3	0	0	0	0	1	0	0	0	0	0	0	0
OG_8953	0	0	0	1	0	0	0	2	0	1	0	0	0	0	0
OG_8954	0	0	0	0	0	0	0	0	0	0	0	1	2	0	0
OG_8955	0	0	0	0	0	0	0	0	0	0	1	2	0	0	0
OG_8956	0	0	0	0	0	0	1	0	0	0	0	0	2	0	0
OG_8957	0	0	1	0	0	0	0	0	0	0	1	0	2	0	0
OG_8958	0	0	0	0	0	1	0	0	0	0	0	0	0	1	0
OG_8959	0	0	0	0	0	2	0	0	0	0	0	0	0	2	0
OG_8960	0	0	0	0	0	3	0	0	0	0	0	0	0	1	0
OG_8961	0	0	0	0	0	4	0	0	0	0	0	0	0	1	1
OG_8962	0	0	0	0	0	3	0	0	0	0	0	0	0	1	0
OG_8963	4	0	0	0	0	0	2	0	0	0	0	0	0	0	0
OG_8964	0	0	0	0	3	0	0	1	0	0	0	0	0	0	0
OG_8965	0	0	0	0	0	7	0	0	0	0	0	0	1	0	0
OG_8966	0	0	0	0	0	3	0	0	0	0	0	0	0	3	0
OG_8967	0	0	0	0	0	2	0	0	0	0	0	0	0	3	0
OG_8968	0	0	0	0	0	0	0	0	0	0	1	2	0	0	3
OG_8969	0	1	0	0	0	0	0	2	0	0	0	0	0	0	0
OG_8970	0	1	1	0	1	0	0	0	1	0	0	0	0	0	0
OG_8971	0	1	0	0	0	0	0	0	1	0	0	1	0	0	0
OG_8972	0	0	0	0	0	1	0	0	0	0	0	0	0	1	0
OG_8973	0	0	0	0	0	2	0	0	0	0	0	0	0	3	0
OG_8974	0	0	0	0	0	6	0	0	0	0	0	0	0	1	0
OG_8975	0	3	0	0	0	0	0	2	1	0	0	0	0	0	0
OG_8976	0	1	1	0	1	0	3	0	0	0	0	0	0	0	0
OG_8977	0	0	2	0	1	0	0	0	0	0	0	0	0	0	0
OG_8978	0	1	0	0	0	0	3	0	0	0	0	0	0	0	0
OG_8979	0	0	0	0	1	0	0	0	0	0	1	1	0	0	0
OG_8980	0	0	0	0	0	0	0	0	0	0	0	0	0	2	1
OG_8981	0	0	0	0	0	1	0	0	0	0	0	0	0	2	0
OG_8982	0	0	0	0	0	0	0	1	0	1	1	0	0	0	0
OG_8983	0	0	0	0	0	0	0	0	1	0	0	1	0	0	0
OG_8984	0	0	0	0	0	0	0	0	0	0	1	0	0	2	0
OG_8985	0	0	0	0	0	0	0	0	0	0	1	1	0	0	1
OG_8986	0	0	0	0	0	2	0	0	0	0	0	0	0	1	0
OG_8987	0	2	0	0	0	1	0	0	1	0	0	0	0	1	0
OG_8988	1	1	0	0	0	0	0	0	0	0	0	0	0	0	0
OG_8989	2	1	0	0	0	0	0	0	0	0	0	0	0	0	0
OG_8990	3	0	0	0	1	0	0	0	0	0	0	0	0	0	0
OG_8991	5	0	0	1	0	0	0	0	0	0	0	0	0	0	0
OG_8992	8	0	0	0	0	0	3	0	0	0	0	0	0	0	0
OG_8993	0	0	2	0	0	0	0	0	0	0	0	0	0	0	1
OG_8994	1	0	0	0	0	0	0	1	0	0	0	0	0	0	0
OG_8995	1	0	0	0	0	0	1	0	0	0	0	0	0	0	0
OG_8996	1	0	0	0	0	0	1	0	0	0	0	0	0	0	0
OG_8997	1	0	0	0	0	0	0	2	0	0	0	0	0	0	0
OG_8998	1	0	0	0	0	0	0	0	0	0	0	1	0	0	0
OG_8999	1	0	0	0	0	0	1	0	0	0	0	0	1	0	0
OG_9000	1	0	0	0	0	0	1	0	0	0	0	0	1	0	0
OG_9001	1	0	0	0	0	0	1	0	0	0	0	0	0	0	0
OG_9002	0	2	0	0	1	0	0	0	0	0	0	0	0	0	0
OG_9003	0	1	0	0	0	0	0	0	2	0	0	0	0	0	0
OG_9004	0	2	0	0	0	0	0	0	1	0	0	0	0	0	0
OG_9005	0	1	0	0	2	0	0	0	0	0	0	0	0	0	0
OG_9006	0	1	0	0	0	0	0	0	1	0	1	0	0	0	0
OG_9007	0	1	0	0	0	0	0	1	0	0	0	0	0	0	0
OG_9008	0	1	0	0	0	0	0	0	0	0	1	0	0	0	0
OG_9009	0	1	0	0	0	0	0	0	1	0	0	0	0	0	0
OG_9010	0	1	0	0	1	0	0	0	0	0	0	0	0	0	0
OG_9011	0	2	0	0	0	0	0	0	1	0	0	0	0	0	0
OG_9012	0	1	2	0	0	0	0	0	0	0	0	0	0	0	0
OG_9013	0	2	0	0	0	0	0	0	1	0	0	0	0	0	0
OG_9014	0	1	0	1	0	0	0	0	0	1	0	0	0	0	0
OG_9015	0	1	0	0	0	0	0	0	1	0	0	0	0	0	0
OG_9016	0	1	0	0	0	0	0	0	2	0	0	0	0	0	0
OG_9017	0	1	0	0	0	0	1	0	1	0	0	0	0	0	0
OG_9018	0	1	0	0	0	0	0	0	0	0	0	1	0	0	0
OG_9019	0	1	0	0	1	0	0	0	0	0	0	0	0	0	0
OG_9020	0	1	0	0	0	1	0	0	0	0	0	0	0	1	0
OG_9021	0	1	0	0	0	0	0	1	0	1	0	0	0	0	0
OG_9022	0	1	0	0	0	0	0	0	1	0	0	0	0	0	0
OG_9023	0	1	0	0	2	0	0	0	0	0	0	0	0	0	0
OG_9024	0	1	1	0	1	0	0	0	0	0	0	0	0	0	0
OG_9025	0	1	0	0	0	0	0	0	1	0	0	0	0	0	0
OG_9026	0	1	0	0	0	0	0	0	0	0	0	0	0	0	1
OG_9027	0	1	0	0	1	0	0	0	1	0	0	0	0	0	0
OG_9028	0	1	0	0	0	0	0	1	1	0	0	0	0	0	0
OG_9029	0	1	1	0	0	0	0	0	0	0	0	0	0	0	0
OG_9030	0	2	1	0	0	0	0	0	0	0	0	0	0	0	0
OG_9031	0	2	0	0	0	0	0	0	0	1	0	0	0	0	0
OG_9032	0	1	0	1	0	0	0	1	0	0	0	0	0	0	0
OG_9033	0	1	0	0	0	0	0	1	1	0	0	0	0	0	0
OG_9034	0	1	0	0	1	0	0	0	0	0	0	0	0	0	0
OG_9035	0	1	0	0	3	0	0	0	0	0	0	0	0	0	0
OG_9036	0	1	0	0	0	0	0	0	2	0	0	0	0	0	0
OG_9037	0	1	0	0	1	0	0	0	0	0	0	0	0	0	0
OG_9038	0	1	0	0	0	0	0	0	1	0	1	0	0	0	0
OG_9039	0	1	1	0	0	0	0	0	0	0	0	0	0	0	0
OG_9040	0	1	2	0	0	0	2	0	0	0	0	0	0	0	0
OG_9041	0	1	0	0	0	0	0	0	1	0	0	0	0	0	0
OG_9042	0	1	1	0	0	0	0	0	0	0	0	0	0	0	0
OG_9043	0	3	0	0	1	0	0	0	0	0	0	0	0	0	0
OG_9044	0	0	2	0	1	0	0	0	0	0	0	0	0	0	0
OG_9045	0	0	1	0	0	0	2	0	0	0	0	0	0	0	0
OG_9046	0	0	3	0	0	0	1	0	0	0	0	0	0	0	0
OG_9047	0	0	1	0	0	0	1	0	0	0	0	0	0	0	0
OG_9048	0	0	9	0	0	0	2	0	0	0	0	0	0	0	0
OG_9049	0	0	1	0	0	0	1	0	0	0	0	0	0	0	0
OG_9050	0	0	1	0	0	0	0	0	1	0	0	0	0	0	0
OG_9051	0	0	1	0	0	0	0	0	1	0	0	0	0	0	0
OG_9052	0	0	1	0	0	0	0	0	2	0	0	0	0	0	0
OG_9053	0	0	1	0	0	0	0	0	1	0	0	0	0	0	0
OG_9054	0	0	1	0	1	0	0	0	0	0	0	0	0	0	0
OG_9055	0	0	2	0	0	0	1	0	0	0	0	0	0	0	0
OG_9056	0	0	1	0	0	0	1	0	0	0	0	0	0	0	0
OG_9057	0	0	1	0	0	0	1	0	0	0	0	0	0	0	0
OG_9058	0	0	1	0	1	0	0	0	0	0	0	0	0	0	0
OG_9059	0	0	1	2	0	0	0	0	0	0	0	0	0	0	0
OG_9060	0	0	1	0	1	0	0	0	0	0	0	0	0	0	0
OG_9061	0	0	1	1	0	0	0	1	0	0	0	0	0	0	0
OG_9062	0	0	1	3	0	0	0	0	0	0	0	0	0	0	0
OG_9063	0	0	1	0	0	0	2	0	0	0	0	0	0	0	0
OG_9064	0	0	1	0	1	0	0	0	0	0	0	0	0	0	0
OG_9065	0	0	1	0	0	0	1	0	0	0	0	0	0	0	0
OG_9066	0	0	1	0	0	0	0	0	0	0	0	0	1	0	0
OG_9067	0	0	1	0	1	0	0	0	0	0	0	0	0	0	0
OG_9068	0	0	1	0	0	0	0	0	0	0	0	0	0	0	2
OG_9069	0	0	1	1	0	0	0	0	0	0	0	0	0	0	0
OG_9070	0	0	1	0	0	0	0	0	0	0	1	0	0	0	0
OG_9071	0	0	2	0	0	0	1	0	0	0	0	0	0	0	0
OG_9072	0	0	2	0	0	0	0	1	0	0	0	0	0	0	0
OG_9073	0	0	2	0	2	0	0	0	0	0	0	0	0	0	0
OG_9074	0	0	1	0	0	0	0	0	0	0	0	0	1	0	0
OG_9075	0	0	1	0	1	0	0	0	0	0	0	0	0	0	0
OG_9076	0	0	2	0	1	0	0	0	0	0	0	0	0	0	0
OG_9077	0	0	1	0	0	0	1	0	0	0	0	0	0	0	0
OG_9078	0	0	1	0	1	0	0	0	0	0	0	0	0	0	0
OG_9079	0	0	1	0	1	0	1	0	0	0	0	0	0	0	0
OG_9080	0	0	1	0	0	0	0	0	0	0	1	0	0	0	0
OG_9081	0	0	1	0	0	0	0	0	0	0	0	0	1	0	0
OG_9082	0	0	1	0	0	0	0	2	0	0	0	0	0	0	0
OG_9083	0	0	1	0	0	0	1	0	0	0	0	0	1	0	0
OG_9084	0	0	1	0	0	0	1	0	0	0	0	0	1	0	0
OG_9085	0	0	2	0	0	0	0	0	0	0	0	0	1	0	0
OG_9086	0	0	1	0	1	0	1	0	0	0	0	0	0	0	0
OG_9087	0	0	1	0	0	0	0	0	1	0	0	0	0	0	0
OG_9088	0	0	0	3	0	0	0	1	0	0	0	0	0	0	0
OG_9089	0	0	0	3	0	0	0	1	0	0	0	0	0	0	0
OG_9090	0	0	0	1	0	0	0	0	0	1	0	0	0	0	0
OG_9091	0	0	0	1	0	0	0	0	0	0	1	0	0	0	0
OG_9092	0	1	0	1	1	0	0	1	0	0	0	0	0	0	0
OG_9093	0	0	0	2	0	0	0	1	0	1	0	0	0	0	0
OG_9094	0	0	0	1	0	0	0	1	0	0	0	0	0	0	0
OG_9095	0	0	0	1	1	0	0	0	1	0	0	0	0	0	0
OG_9096	0	0	0	0	0	0	0	1	0	2	0	0	0	0	0
OG_9097	0	0	0	1	0	0	0	2	0	0	0	0	0	0	0
OG_9098	0	0	0	1	2	0	0	0	0	0	0	0	0	0	0
OG_9099	0	0	0	0	0	4	0	0	0	0	0	2	0	1	0
OG_9100	0	0	0	5	0	0	0	0	0	1	0	0	0	0	0
OG_9101	0	0	0	1	0	0	0	2	0	0	0	0	0	0	0
OG_9102	0	0	0	1	0	0	0	1	0	1	0	0	0	0	0
OG_9103	0	0	0	1	0	0	0	1	0	1	0	0	0	0	0
OG_9104	0	0	0	5	0	0	0	1	0	0	0	0	0	0	0
OG_9105	0	0	0	1	0	0	0	2	0	0	0	0	0	0	0
OG_9106	0	0	0	1	0	0	0	1	0	1	0	0	0	0	0
OG_9107	0	0	0	1	0	0	0	0	0	1	0	0	0	1	0
OG_9108	0	0	0	4	0	0	0	1	0	1	0	0	0	0	0
OG_9109	0	0	0	1	0	0	0	1	0	1	0	0	0	0	0
OG_9110	0	0	0	3	0	0	0	2	0	0	0	0	0	0	0
OG_9111	0	0	0	1	0	0	0	0	0	0	0	0	0	0	1
OG_9112	0	0	0	1	0	0	0	1	0	0	0	0	0	0	0
OG_9113	0	0	0	1	0	0	0	0	0	1	0	0	0	0	0
OG_9114	0	0	0	0	1	0	1	0	0	0	0	0	1	0	0
OG_9115	0	0	0	0	1	0	0	1	0	0	0	0	0	0	0
OG_9116	0	0	0	0	1	0	0	0	1	0	0	0	0	0	0
OG_9117	0	0	0	0	1	0	0	1	0	0	0	0	0	0	0
OG_9118	0	0	0	0	1	0	0	1	0	0	0	0	0	0	0
OG_9119	0	0	0	0	1	0	0	0	0	0	0	0	0	0	1
OG_9120	0	0	0	0	1	0	0	1	0	0	0	0	0	0	0
OG_9121	0	0	0	0	1	0	0	0	1	0	0	0	0	0	0
OG_9122	0	0	0	0	1	0	0	0	0	0	0	1	1	3	0
OG_9123	0	0	0	0	1	0	0	1	0	0	0	0	0	0	0
OG_9124	0	0	0	0	1	1	0	0	0	0	0	0	0	0	0
OG_9125	0	0	0	0	1	0	0	0	0	0	1	0	0	0	0
OG_9126	0	0	0	0	1	0	1	1	0	0	0	0	0	0	0
OG_9127	0	0	0	0	1	0	2	0	0	0	0	0	0	0	0
OG_9128	0	0	0	0	1	0	0	0	0	0	0	0	1	0	0
OG_9129	0	0	0	0	1	0	1	0	0	0	0	0	0	0	0
OG_9130	0	0	0	0	1	3	0	0	0	0	0	0	0	0	0
OG_9131	0	0	0	0	1	0	1	0	0	0	0	0	0	0	0
OG_9132	0	0	0	0	1	0	0	1	0	0	0	0	0	0	0
OG_9133	0	0	0	0	0	4	0	0	0	0	0	0	0	2	0
OG_9134	0	0	0	0	0	1	0	0	0	0	0	0	0	1	0
OG_9135	0	0	0	0	0	12	0	0	0	0	0	0	0	1	0
OG_9136	0	0	0	0	0	5	0	0	0	0	0	0	0	1	0
OG_9137	0	0	0	0	0	1	0	1	0	0	0	0	0	2	0
OG_9138	0	0	0	0	0	2	0	0	0	0	0	0	0	0	2
OG_9139	0	0	0	0	0	1	0	0	0	0	0	0	0	1	0
OG_9140	0	0	0	0	0	2	0	0	0	0	0	0	0	1	0
OG_9141	0	0	0	0	0	2	0	0	0	0	0	0	0	2	0
OG_9142	0	0	0	0	0	3	0	0	0	0	0	0	0	1	0
OG_9143	0	0	0	0	0	1	0	0	0	0	0	0	0	1	0
OG_9144	0	0	0	0	0	3	0	0	0	0	0	0	0	1	0
OG_9145	0	0	0	0	0	2	0	0	0	0	0	0	0	1	1
OG_9146	0	0	0	0	0	1	0	0	0	0	0	0	0	4	0
OG_9147	0	0	0	0	0	1	0	0	0	0	0	0	0	1	0
OG_9148	0	0	0	0	0	1	0	0	0	0	0	0	0	1	0
OG_9149	0	0	0	0	0	1	0	0	0	0	0	0	0	0	1
OG_9150	0	0	0	0	0	1	0	0	0	0	0	0	0	1	1
OG_9151	0	0	0	0	0	1	0	0	0	0	0	0	0	1	0
OG_9152	0	0	0	0	0	1	0	0	0	0	0	0	0	1	0
OG_9153	0	0	0	0	0	1	0	0	0	0	0	0	0	1	0
OG_9154	0	0	0	0	0	1	0	0	0	0	0	0	0	2	0
OG_9155	0	0	0	0	0	3	0	0	0	0	1	2	0	0	0
OG_9156	0	0	0	0	0	5	0	0	0	0	0	0	0	2	0
OG_9157	0	0	0	0	0	1	0	0	0	0	0	0	0	1	0
OG_9158	0	0	0	0	0	1	0	0	0	0	0	0	0	1	0
OG_9159	0	0	0	0	0	1	0	0	0	0	0	0	0	1	0
OG_9160	0	0	0	0	0	1	0	0	0	0	0	0	0	2	0
OG_9161	0	0	0	0	0	3	0	0	0	0	0	0	0	1	0
OG_9162	0	0	0	0	0	3	0	0	0	0	0	0	0	1	0
OG_9163	0	0	0	0	0	2	0	0	0	0	0	0	0	2	0
OG_9164	0	0	0	0	0	1	0	0	0	0	0	0	0	1	0
OG_9165	0	0	0	0	0	1	0	0	0	0	0	0	0	1	0
OG_9166	0	0	0	0	0	2	0	0	0	0	2	2	0	0	0
OG_9167	0	0	0	0	0	1	0	0	0	0	0	0	0	1	0
OG_9168	0	0	0	0	0	2	0	0	0	0	0	0	0	1	0
OG_9169	0	0	0	0	0	2	0	0	0	0	0	0	0	1	0
OG_9170	0	0	0	0	0	2	0	0	0	0	0	0	0	1	0
OG_9171	0	0	0	0	0	1	0	0	0	0	0	0	0	1	0
OG_9172	0	0	0	0	0	2	0	0	0	0	0	0	0	1	0
OG_9173	0	0	0	0	0	2	0	0	0	0	0	0	0	1	0
OG_9174	0	0	0	0	0	3	0	0	0	0	0	0	0	6	0
OG_9175	0	0	0	0	0	1	0	0	0	0	0	0	0	1	0
OG_9176	0	0	0	0	0	2	0	0	0	0	0	0	0	1	0
OG_9177	0	0	0	0	0	1	0	0	0	0	0	0	0	1	0
OG_9178	0	0	0	0	0	1	0	0	0	0	0	0	0	1	1
OG_9179	0	0	0	0	0	1	0	0	0	0	0	0	0	2	0
OG_9180	0	0	0	0	0	1	0	0	0	0	0	0	0	1	0
OG_9181	0	0	0	0	0	1	0	0	0	0	0	0	0	1	0
OG_9182	0	0	0	0	0	1	0	0	0	0	0	0	0	2	0
OG_9183	0	0	0	0	0	1	0	0	0	0	0	0	0	1	0
OG_9184	0	0	0	0	0	1	0	0	0	0	0	0	0	2	0
OG_9185	0	0	0	0	0	2	0	0	0	0	0	0	0	1	0
OG_9186	0	0	0	0	0	1	0	0	0	0	0	0	0	1	0
OG_9187	0	0	0	0	0	4	0	0	0	0	0	0	0	0	1
OG_9188	0	0	0	0	0	2	0	0	0	0	0	0	0	1	0
OG_9189	0	0	0	0	0	1	0	0	0	0	0	1	0	0	0
OG_9190	0	0	0	0	0	1	0	0	0	0	0	0	0	2	0
OG_9191	0	0	0	0	0	1	0	0	0	0	0	0	0	2	0
OG_9192	0	0	0	0	0	1	0	0	0	0	0	0	0	1	0
OG_9193	0	0	0	0	0	2	0	0	0	0	0	1	0	0	0
OG_9194	0	0	0	0	0	1	0	0	0	0	0	0	0	1	0
OG_9195	0	0	0	0	0	1	0	0	0	0	0	0	0	1	0
OG_9196	0	0	0	0	0	1	0	0	0	0	0	0	0	2	0
OG_9197	0	0	0	0	0	0	1	0	0	0	2	0	0	0	0
OG_9198	0	0	0	0	0	0	1	1	0	0	0	0	0	0	0
OG_9199	0	0	0	0	0	0	1	0	0	0	0	0	1	0	0
OG_9200	0	0	0	0	0	0	2	0	0	0	0	0	1	0	0
OG_9201	0	0	0	0	0	0	1	0	0	0	0	0	1	0	0
OG_9202	0	0	0	0	0	0	1	0	0	0	0	0	1	0	0
OG_9203	0	0	0	0	0	0	1	0	0	0	0	0	1	0	0
OG_9204	0	0	0	0	0	0	3	0	0	0	0	0	2	0	0
OG_9205	0	0	0	0	0	0	1	0	0	0	0	0	1	0	0
OG_9206	0	0	0	0	0	0	1	0	0	0	0	0	1	0	0
OG_9207	0	0	0	0	0	0	2	0	0	0	0	4	0	0	0
OG_9208	0	0	0	0	0	0	1	0	1	0	0	0	0	0	1
OG_9209	0	0	0	0	0	0	0	2	0	1	0	0	0	0	0
OG_9210	0	0	0	0	0	0	0	1	0	1	0	0	0	0	0
OG_9211	0	0	0	0	0	0	0	1	1	0	0	0	0	0	0
OG_9212	0	0	0	0	0	0	0	1	0	0	0	0	0	0	2
OG_9213	0	0	0	0	0	0	0	1	0	1	0	0	0	0	0
OG_9214	0	0	0	0	0	0	0	3	0	1	0	0	0	0	0
OG_9215	0	0	0	0	0	0	0	1	1	0	0	0	0	0	0
OG_9216	0	0	0	0	0	0	0	0	1	0	0	0	0	1	0
OG_9217	0	0	0	0	0	0	0	0	1	0	0	0	1	0	0
OG_9218	0	0	0	0	0	0	0	0	1	0	1	0	0	0	0
OG_9219	0	0	0	0	0	0	0	0	0	0	1	2	0	0	0
OG_9220	0	0	0	0	0	0	0	0	0	0	2	1	0	0	0
OG_9221	0	0	0	0	0	0	0	0	0	0	1	8	0	0	1
OG_9222	0	0	0	0	0	0	0	0	0	0	1	1	0	0	0
OG_9223	0	0	0	0	0	0	0	0	0	0	1	1	0	0	0
OG_9224	0	0	0	0	0	0	0	0	0	0	1	3	0	0	0
OG_9225	0	0	0	0	0	0	0	0	0	0	1	3	0	0	0
OG_9226	0	0	0	0	0	0	0	0	0	0	1	1	0	0	0
OG_9227	0	0	0	0	0	0	0	0	0	0	1	3	0	0	0
OG_9228	0	0	0	0	0	0	0	0	0	0	1	1	0	0	0
OG_9229	0	0	0	0	0	0	0	0	0	0	1	1	0	0	1
OG_9230	0	0	0	0	0	0	0	0	0	0	1	1	0	1	0
OG_9231	0	0	0	0	0	0	0	0	0	0	2	0	0	1	0
OG_9232	0	0	0	0	0	0	0	0	0	0	1	1	0	0	1
OG_9233	0	0	0	0	0	0	0	0	0	0	1	1	0	0	0
OG_9234	0	0	0	0	0	0	0	0	0	0	4	1	0	0	0
OG_9235	0	0	0	0	0	0	0	0	0	0	1	1	0	0	0
OG_9236	0	0	0	0	0	0	0	0	0	0	1	1	0	0	1
OG_9237	0	0	0	0	0	0	0	0	0	0	0	1	0	0	1
OG_9238	0	0	0	0	0	0	0	0	0	0	0	2	0	0	1
OG_9239	0	0	0	0	0	0	0	0	0	0	0	1	0	0	1
OG_9240	0	0	0	0	0	0	0	0	0	0	0	0	0	1	2
OG_9241	3	1	1	1	1	1	1	1	1	1	1	1	1	1	2
OG_9242	1	1	1	1	1	1	1	1	1	2	1	1	1	0	2
OG_9243	1	1	1	1	1	1	3	2	2	1	1	1	2	0	2
OG_9244	1	1	1	2	1	1	1	1	1	1	1	5	1	2	2
OG_9245	1	1	1	1	1	3	2	1	1	1	0	1	1	0	2
OG_9246	4	1	2	5	3	2	2	1	2	2	2	7	2	3	3
OG_9247	1	1	2	1	1	3	1	1	1	1	1	1	1	1	2
OG_9248	1	1	1	1	1	2	1	1	1	1	1	1	1	1	2
OG_9249	1	1	1	1	1	1	1	1	1	1	1	2	1	1	2
OG_9250	3	2	1	2	1	3	2	1	1	1	1	2	3	1	2
OG_9251	2	2	1	1	1	1	1	1	2	1	1	2	1	1	2
OG_9252	1	1	1	1	1	1	1	1	1	1	1	0	1	1	2
OG_9253	1	1	1	1	1	1	1	1	3	1	1	2	2	0	2
OG_9254	1	1	1	1	1	1	1	1	1	1	1	2	1	2	2
OG_9255	0	0	0	2	1	0	0	1	3	1	5	3	0	0	0
OG_9256	1	1	1	1	1	1	1	1	1	1	1	1	1	1	2
OG_9257	1	1	1	1	1	1	1	1	1	0	1	1	1	1	2
OG_9258	1	1	1	1	1	1	1	1	1	1	1	1	1	0	3
OG_9259	7	1	1	3	1	0	2	1	1	2	1	2	1	0	3
OG_9260	5	5	5	2	10	0	7	15	3	3	0	3	6	0	2
OG_9261	3	1	1	3	1	2	2	1	1	2	1	0	4	2	2
OG_9262	1	1	1	1	1	1	1	1	1	2	1	3	2	1	3
OG_9263	1	1	1	1	1	1	2	1	1	1	1	5	2	1	3
OG_9264	1	1	1	1	1	1	1	1	1	1	1	1	1	0	2
OG_9265	1	1	1	1	1	2	1	1	1	0	1	1	1	0	2
OG_9266	1	1	1	1	1	0	1	1	1	1	1	1	1	0	2
OG_9267	2	1	1	1	1	2	1	1	1	1	0	1	1	1	2
OG_9268	1	1	1	1	1	2	1	1	1	1	1	1	1	1	2
OG_9269	1	1	0	1	1	1	2	1	1	1	1	1	1	1	2
OG_9270	2	1	1	1	1	2	1	1	3	2	2	1	1	0	2
OG_9271	1	2	9	2	2	0	2	1	1	2	2	2	2	0	2
OG_9272	2	1	2	1	1	4	1	2	2	1	1	3	1	1	2
OG_9273	2	1	1	2	1	2	1	1	1	1	1	3	1	1	2
OG_9274	5	1	1	3	1	2	3	1	1	1	1	0	3	1	4
OG_9275	6	1	1	1	1	1	3	1	1	1	1	1	3	1	2
OG_9276	1	1	1	1	2	1	1	2	1	1	1	1	2	1	2
OG_9277	1	1	1	3	1	0	2	1	1	1	2	4	1	0	0
OG_9278	3	1	1	4	1	4	1	1	1	2	8	3	1	2	2
OG_9279	1	1	1	3	1	1	1	1	1	2	1	1	1	2	0
OG_9280	1	1	1	0	1	1	1	1	1	1	1	1	1	1	1
OG_9281	2	1	1	1	1	5	1	1	1	1	1	2	1	2	2
OG_9282	1	1	1	1	1	2	2	1	1	1	1	4	2	1	2
OG_9283	4	1	1	1	1	0	1	1	1	2	1	0	1	0	2
OG_9284	1	1	2	1	1	0	1	1	1	1	1	1	1	1	2
OG_9285	1	1	1	1	0	1	1	1	1	1	1	1	1	0	2
OG_9286	3	1	1	1	1	3	1	1	1	1	1	1	1	2	3
OG_9287	2	1	1	1	1	1	1	1	3	1	2	1	1	2	2
OG_9288	1	1	1	1	1	1	1	1	1	1	1	1	1	1	2
OG_9289	2	1	1	1	1	2	1	1	1	1	1	1	1	1	2
OG_9290	1	2	1	2	1	1	1	1	1	2	1	0	3	1	3
OG_9291	3	1	3	2	1	1	3	1	1	1	1	1	2	1	2
OG_9292	2	1	1	1	1	1	1	1	1	1	1	1	1	1	2
OG_9293	1	1	1	2	1	1	1	1	1	1	1	3	1	2	2
OG_9294	1	1	1	3	1	1	1	1	1	1	1	1	1	0	1
OG_9295	1	1	2	1	1	2	1	1	2	5	1	2	1	1	1
OG_9296	11	1	3	3	1	1	2	1	1	4	6	4	5	2	0
OG_9297	1	1	1	1	1	1	1	1	0	1	1	1	1	1	1
OG_9298	2	1	1	4	1	2	1	1	2	2	1	2	2	1	2
OG_9299	1	1	1	2	1	1	1	1	1	1	1	3	2	2	1
OG_9300	3	1	1	1	1	1	1	1	1	1	1	5	1	1	2
OG_9301	1	1	1	1	1	2	1	1	1	1	1	1	1	1	2
OG_9302	1	1	1	1	1	1	1	1	1	1	1	1	1	1	2
OG_9303	1	1	1	1	1	0	1	1	1	1	1	1	1	0	2
OG_9304	1	1	1	1	1	0	1	1	1	1	2	2	1	0	2
OG_9305	1	1	1	1	1	1	1	1	1	0	1	1	1	1	2
OG_9306	4	2	1	1	1	4	1	1	1	1	2	4	1	1	2
OG_9307	1	1	1	1	1	1	1	1	0	1	1	2	1	1	2
OG_9308	2	1	1	1	1	2	1	1	1	1	1	1	1	1	2
OG_9309	3	1	1	1	1	1	2	1	1	1	1	1	1	1	2
OG_9310	2	2	1	2	1	1	3	1	1	2	1	5	2	1	2
OG_9311	3	1	1	1	1	1	1	1	2	1	1	3	1	1	2
OG_9312	1	1	1	2	1	2	1	1	1	2	1	1	2	1	2
OG_9313	2	2	2	2	2	0	3	1	2	1	1	2	3	0	0
OG_9314	1	1	1	4	2	1	1	1	1	1	1	1	1	0	1
OG_9315	1	3	1	1	3	4	1	1	1	1	3	1	1	0	2
OG_9316	1	1	1	2	1	4	1	1	1	1	1	1	2	1	2
OG_9317	1	1	1	1	1	6	1	1	1	1	1	3	1	1	0
OG_9318	1	0	0	1	0	0	0	0	0	1	0	0	0	0	2
OG_9319	1	1	1	1	1	0	1	1	1	2	1	1	1	0	1
OG_9320	2	1	1	1	1	1	1	1	1	1	1	1	1	0	1
OG_9321	1	1	1	1	1	1	1	1	1	1	1	3	1	1	1
OG_9322	1	1	1	1	1	2	1	1	1	1	1	4	1	4	1
OG_9323	1	1	1	1	1	0	1	1	1	1	1	1	1	0	1
OG_9324	1	1	1	1	1	0	1	1	1	1	1	1	1	0	1
OG_9325	1	1	1	1	1	1	1	1	1	1	1	1	1	1	1
OG_9326	1	1	1	1	1	3	1	1	1	1	2	1	1	0	1
OG_9327	1	1	1	1	1	2	1	1	1	1	0	2	1	1	1
OG_9328	1	1	1	0	1	2	1	1	1	1	2	2	1	1	3
OG_9329	1	1	1	1	1	1	1	1	1	1	1	1	1	0	1
OG_9330	2	1	1	4	1	3	2	1	1	6	1	12	1	4	2
OG_9331	2	2	1	1	1	0	1	1	1	1	0	12	1	0	1
OG_9332	1	1	1	1	1	0	1	1	2	1	2	1	1	0	1
OG_9333	1	1	1	1	1	1	1	1	1	1	1	1	1	1	1
OG_9334	1	1	1	1	1	2	1	1	1	1	1	1	1	1	1
OG_9335	2	1	1	1	1	1	1	1	1	1	1	1	1	1	1
OG_9336	2	1	1	1	1	1	1	1	1	1	1	4	2	1	1
OG_9337	2	0	1	1	1	2	3	1	2	1	1	1	2	1	1
OG_9338	2	1	1	3	1	1	1	1	1	1	1	1	1	1	1
OG_9339	1	1	1	1	1	1	1	1	1	1	1	1	1	1	1
OG_9340	1	1	1	1	1	1	1	1	1	1	1	1	1	1	1
OG_9341	1	1	1	1	1	1	1	1	2	1	1	2	1	0	2
OG_9342	1	1	1	1	1	1	2	1	1	1	1	1	2	1	1
OG_9343	1	2	1	1	1	0	1	1	4	1	0	1	3	0	0
OG_9344	1	1	1	1	1	3	1	1	2	1	2	2	1	5	1
OG_9345	1	1	1	1	1	2	1	1	1	2	1	1	1	2	1
OG_9346	2	1	1	2	1	1	1	1	1	1	1	3	1	1	1
OG_9347	1	1	1	1	1	1	1	1	1	1	1	1	2	1	1
OG_9348	1	1	1	1	1	1	2	1	1	1	3	2	2	2	1
OG_9349	3	2	1	3	1	4	3	1	1	6	2	1	3	1	1
OG_9350	1	2	1	2	1	6	1	1	1	1	1	5	1	0	1
OG_9351	8	1	1	5	1	5	6	1	2	5	0	1	3	1	1
OG_9352	2	1	1	1	1	1	2	1	1	1	1	2	2	2	1
OG_9353	1	1	1	1	1	3	2	1	1	1	1	6	2	1	1
OG_9354	2	1	1	1	1	0	2	1	1	2	1	1	1	0	1
OG_9355	1	1	4	2	1	0	1	1	2	1	3	1	2	0	3
OG_9356	1	1	2	1	1	1	1	1	1	2	1	2	1	1	1
OG_9357	12	1	2	1	1	5	5	1	1	1	6	4	8	4	1
OG_9358	1	4	1	6	4	0	2	2	3	4	2	2	2	2	1
OG_9359	0	0	0	0	0	1	0	0	0	0	0	0	0	1	0
OG_9360	1	1	1	1	1	2	0	2	1	1	0	1	1	1	1
OG_9361	1	1	1	1	1	1	1	2	1	1	1	1	1	1	1
OG_9362	1	1	1	1	1	1	1	1	1	1	1	1	1	1	1
OG_9363	1	1	1	3	1	1	1	1	1	2	1	0	1	0	1
OG_9364	1	1	1	1	1	3	1	1	1	1	1	0	1	1	1
OG_9365	1	1	0	1	1	2	2	1	1	1	1	1	1	0	1
OG_9366	1	1	1	1	1	2	1	1	0	1	2	1	1	1	1
OG_9367	1	1	1	1	1	1	2	1	1	1	1	1	1	1	1
OG_9368	5	1	1	3	1	0	1	1	1	3	2	2	1	0	1
OG_9369	3	1	1	1	1	1	1	1	1	1	1	1	1	1	1
OG_9370	1	1	1	1	1	1	1	1	1	1	1	1	1	1	2
OG_9371	1	1	1	1	1	1	2	1	1	0	1	1	4	1	1
OG_9372	2	1	1	2	1	2	2	1	1	3	1	2	2	2	2
OG_9373	1	1	1	1	1	1	1	1	1	1	1	0	1	1	1
OG_9374	2	0	1	2	1	2	2	1	1	2	2	3	2	2	1
OG_9375	1	2	1	1	1	1	1	1	2	1	1	1	1	0	1
OG_9376	1	0	1	1	1	1	1	1	1	1	1	1	1	1	1
OG_9377	1	1	1	1	1	1	1	1	1	0	2	1	1	0	1
OG_9378	4	1	1	1	1	1	1	1	1	1	1	0	0	1	1
OG_9379	1	0	1	1	1	1	1	1	1	1	0	1	1	1	1
OG_9380	1	1	1	1	1	2	1	1	1	1	1	1	1	1	1
OG_9381	1	1	1	1	1	1	1	1	1	1	1	1	1	1	1
OG_9382	1	1	1	1	1	1	1	1	2	2	1	1	2	1	1
OG_9383	4	1	1	1	1	1	1	1	1	0	1	1	1	0	1
OG_9384	1	1	2	1	1	3	1	1	1	1	1	3	1	2	1
OG_9385	1	1	1	2	1	2	1	1	1	1	1	1	1	2	1
OG_9386	2	1	1	1	1	0	1	1	2	2	0	0	1	0	0
OG_9387	1	0	1	1	1	1	1	1	1	1	1	1	1	1	1
OG_9388	2	1	1	3	1	1	2	1	2	1	1	1	2	1	1
OG_9389	1	1	1	1	1	1	1	1	1	1	1	2	1	1	1
OG_9390	1	1	1	1	2	1	1	1	1	1	1	2	1	1	1
OG_9391	3	1	1	1	2	1	1	1	1	3	1	5	1	1	1
OG_9392	1	2	1	1	1	1	1	1	3	1	2	1	1	2	0
OG_9393	2	2	1	1	1	0	2	1	1	1	2	3	2	0	0
OG_9394	1	1	1	1	2	1	2	1	1	1	2	1	1	0	1
OG_9395	1	2	1	1	1	1	3	1	1	1	1	1	1	1	1
OG_9396	1	2	2	1	1	1	1	1	1	2	1	1	2	4	2
OG_9397	1	1	0	1	1	1	1	1	1	1	1	1	2	1	1
OG_9398	1	1	1	1	1	5	1	1	1	1	1	2	1	1	1
OG_9399	1	1	1	1	1	4	1	1	1	1	1	1	1	2	1
OG_9400	1	1	1	2	1	0	1	1	1	1	1	1	1	0	1
OG_9401	1	1	0	1	1	1	1	1	1	1	1	3	1	1	1
OG_9402	1	1	1	1	1	0	1	1	1	1	0	1	1	0	1
OG_9403	3	2	1	1	2	2	1	1	1	1	1	3	2	2	1
OG_9404	2	2	1	2	1	1	1	1	1	1	1	1	1	1	1
OG_9405	2	1	1	1	1	8	2	1	1	3	1	3	2	1	1
OG_9406	3	1	1	2	1	2	1	1	1	2	1	2	1	1	1
OG_9407	1	1	1	1	1	1	1	1	2	1	1	1	1	1	1
OG_9408	2	1	1	1	1	2	1	1	1	1	1	2	1	1	1
OG_9409	1	1	1	1	1	1	1	1	1	1	1	1	1	1	1
OG_9410	1	1	1	1	1	1	2	1	1	2	2	5	2	1	1
OG_9411	5	1	1	1	1	0	1	1	1	1	1	2	1	0	1
OG_9412	1	1	1	1	1	4	2	1	1	1	1	1	1	1	1
OG_9413	1	0	1	1	1	2	1	1	1	1	1	1	1	3	1
OG_9414	1	1	1	1	1	2	1	1	0	1	1	1	1	1	1
OG_9415	2	1	1	1	1	1	1	1	1	1	1	1	1	0	1
OG_9416	1	1	1	1	1	2	1	1	2	1	1	1	1	1	1
OG_9417	1	1	1	2	1	6	1	1	1	1	1	1	1	1	1
OG_9418	1	1	1	2	1	4	1	1	1	1	2	1	1	1	1
OG_9419	1	1	1	1	1	1	1	1	1	1	2	1	1	1	1
OG_9420	1	1	1	0	1	1	1	1	1	1	1	2	1	1	1
OG_9421	2	1	1	1	1	1	1	1	1	1	1	1	1	1	1
OG_9422	2	1	1	1	1	1	1	1	1	1	1	1	1	1	1
OG_9423	1	1	1	1	1	1	1	1	1	1	1	1	1	1	1
OG_9424	1	1	1	1	1	5	2	1	1	1	1	1	1	0	1
OG_9425	1	1	1	1	8	2	2	1	1	1	1	2	2	1	1
OG_9426	1	1	1	3	1	1	2	1	1	2	1	1	2	1	1
OG_9427	1	1	1	2	1	1	1	1	1	1	1	2	1	0	1
OG_9428	1	1	1	1	1	1	1	1	1	1	1	1	1	2	1
OG_9429	1	1	1	1	1	1	1	1	1	1	1	1	1	1	0
OG_9430	1	1	1	1	1	2	1	1	1	1	1	1	1	1	1
OG_9431	1	1	1	1	1	1	1	1	1	2	1	0	1	1	1
OG_9432	1	1	2	2	1	1	3	1	2	1	1	1	1	1	1
OG_9433	3	1	1	4	1	0	2	1	1	1	1	3	2	1	1
OG_9434	1	1	1	1	1	1	2	1	1	2	1	1	2	0	1
OG_9435	1	1	1	1	1	0	1	1	1	1	1	1	1	0	1
OG_9436	1	1	1	1	1	3	2	1	1	1	1	1	2	1	1
OG_9437	3	1	1	3	1	1	6	2	3	3	1	2	4	1	2
OG_9438	1	1	1	1	1	0	2	1	1	1	2	1	1	1	1
OG_9439	1	1	1	1	1	1	1	1	1	1	1	1	1	4	1
OG_9440	2	1	1	1	1	2	1	1	1	1	1	3	1	1	2
OG_9441	2	1	1	3	1	2	1	1	2	1	2	2	1	1	1
OG_9442	1	1	1	2	2	1	1	1	1	1	1	1	1	0	1
OG_9443	0	0	0	0	0	1	0	0	0	0	0	0	0	2	0
OG_9444	2	1	1	1	1	0	1	1	2	1	2	1	1	0	1
OG_9445	4	1	1	3	1	6	1	1	1	1	1	1	1	2	1
OG_9446	3	1	1	1	1	1	1	1	1	1	1	1	1	1	1
OG_9447	1	1	1	1	1	1	1	1	1	1	1	1	1	0	1
OG_9448	1	1	1	1	1	1	1	1	2	1	1	0	2	2	1
OG_9449	1	1	1	1	1	1	1	1	1	1	1	1	1	1	1
OG_9450	4	1	1	2	1	2	1	1	1	1	1	1	1	2	2
OG_9451	1	1	1	1	1	1	1	1	1	1	0	2	1	1	1
OG_9452	1	1	1	1	1	2	1	1	1	1	1	2	1	1	1
OG_9453	1	1	1	1	1	1	1	1	1	1	0	1	1	0	1
OG_9454	1	1	1	1	1	1	1	1	1	1	1	3	1	1	1
OG_9455	1	1	1	3	1	2	1	1	1	1	1	1	1	1	1
OG_9456	1	1	1	1	1	1	1	1	1	1	1	1	1	1	1
OG_9457	1	1	1	3	1	1	1	1	3	3	1	4	1	0	1
OG_9458	1	1	1	1	1	1	1	1	1	1	2	5	2	2	1
OG_9459	1	0	1	1	1	1	2	1	1	1	2	1	2	2	1
OG_9460	1	1	1	1	1	1	1	1	1	1	0	1	1	1	1
OG_9461	1	1	1	1	1	1	1	1	1	1	3	1	1	1	1
OG_9462	0	0	0	0	1	0	2	1	0	0	1	2	1	1	1
OG_9463	2	1	1	1	1	1	1	1	1	1	1	2	1	1	1
OG_9464	2	1	1	1	1	2	2	1	1	2	2	6	2	2	1
OG_9465	1	1	1	1	1	1	1	1	1	1	1	1	1	1	1
OG_9466	2	1	1	1	1	1	1	1	1	1	1	1	1	1	1
OG_9467	1	1	1	1	1	2	1	1	1	1	2	3	1	1	1
OG_9468	1	1	1	1	1	1	1	1	1	2	1	1	2	1	1
OG_9469	1	1	1	1	1	1	1	1	1	1	1	1	1	1	1
OG_9470	1	1	1	1	1	0	1	1	1	1	1	4	1	0	1
OG_9471	1	1	1	1	1	0	1	1	2	1	1	3	1	0	1
OG_9472	2	1	1	1	1	2	2	1	2	1	5	1	2	1	1
OG_9473	1	0	0	0	0	0	1	0	0	1	0	1	1	0	1
OG_9474	1	1	1	1	1	0	1	1	1	1	1	1	1	0	1
OG_9475	1	1	1	1	1	2	1	1	1	1	1	2	1	1	2
OG_9476	2	1	1	1	1	1	1	1	0	1	1	1	1	1	1
OG_9477	1	1	1	1	1	2	1	1	3	2	1	1	1	2	1
OG_9478	1	1	1	1	1	1	1	1	1	1	1	1	1	1	1
OG_9479	1	1	1	1	1	3	1	1	1	1	1	1	1	1	1
OG_9480	1	1	1	1	1	6	1	1	1	2	1	2	1	2	1
OG_9481	1	1	1	1	1	1	1	1	1	1	1	1	1	1	1
OG_9482	1	1	1	1	1	1	1	1	1	1	1	1	2	1	1
OG_9483	4	1	1	3	1	1	2	1	1	3	6	1	1	1	1
OG_9484	1	2	1	1	1	3	1	1	1	1	5	0	1	1	1
OG_9485	1	6	1	1	1	4	1	1	4	1	1	1	1	1	1
OG_9486	1	0	1	2	1	0	1	1	1	1	1	1	1	0	0
OG_9487	1	1	1	1	1	1	1	1	1	1	1	1	1	0	1
OG_9488	1	1	1	1	1	2	1	1	1	1	1	1	1	0	0
OG_9489	1	1	1	0	1	0	1	1	2	1	1	1	1	0	1
OG_9490	1	0	1	1	1	0	2	1	1	1	1	1	1	0	1
OG_9491	1	1	1	1	1	1	1	1	2	1	1	1	1	1	1
OG_9492	2	2	1	1	1	1	2	1	1	1	2	1	2	3	2
OG_9493	1	1	1	1	1	1	1	1	1	1	1	1	1	1	1
OG_9494	1	1	1	3	1	0	1	1	1	1	1	1	1	0	1
OG_9495	1	1	1	1	1	1	1	1	1	2	1	1	1	1	1
OG_9496	1	2	1	2	1	1	2	1	1	1	1	1	1	0	1
OG_9497	1	1	1	1	2	1	2	1	1	2	1	1	2	1	1
OG_9498	1	1	1	1	1	1	1	1	1	1	1	1	1	1	1
OG_9499	1	0	1	0	1	1	1	1	1	1	1	1	1	1	1
OG_9500	2	1	1	2	1	1	1	1	1	1	1	0	2	1	1
OG_9501	1	1	1	1	1	1	1	1	1	1	1	2	1	1	1
OG_9502	1	1	1	1	1	1	1	1	2	2	1	1	1	1	1
OG_9503	2	1	1	1	2	1	2	1	1	1	1	1	2	2	2
OG_9504	2	1	1	1	1	1	1	1	1	1	1	1	1	0	1
OG_9505	2	1	1	1	1	1	1	1	2	1	1	1	1	1	1
OG_9506	2	1	1	1	1	1	1	1	1	2	1	1	2	1	2
OG_9507	1	1	1	1	1	1	1	1	1	1	1	1	1	1	1
OG_9508	4	1	1	1	1	1	2	1	1	1	1	1	2	1	2
OG_9509	2	1	1	1	1	1	1	1	1	1	1	1	1	2	1
OG_9510	1	1	1	1	1	2	1	1	1	1	1	2	1	0	1
OG_9511	1	2	1	1	1	1	1	1	1	1	1	1	1	1	1
OG_9512	1	1	1	0	1	2	1	1	1	1	1	1	1	1	1
OG_9513	1	1	2	1	1	2	1	1	1	1	1	1	1	1	1
OG_9514	1	2	1	1	1	1	1	2	2	2	1	1	1	1	1
OG_9515	1	1	1	1	1	1	1	1	1	2	1	1	1	1	1
OG_9516	1	0	1	1	1	3	2	1	1	1	1	1	2	2	1
OG_9517	1	1	1	4	1	0	1	10	1	4	2	2	1	0	0
OG_9518	1	3	2	1	1	1	1	2	1	1	1	1	1	1	1
OG_9519	1	1	1	1	1	1	1	1	1	1	1	1	1	1	1
OG_9520	2	1	1	5	1	0	1	1	2	1	2	1	2	0	1
OG_9521	1	1	1	0	1	1	1	1	0	1	0	1	1	1	1
OG_9522	2	1	1	3	1	1	1	1	1	1	2	1	1	1	1
OG_9523	3	1	1	1	1	2	1	1	1	1	1	1	1	1	1
OG_9524	2	1	1	1	1	1	2	1	1	0	1	2	2	1	2
OG_9525	2	2	1	1	1	1	1	1	1	1	1	1	1	1	1
OG_9526	1	0	1	1	1	1	1	1	1	1	1	1	1	0	1
OG_9527	1	1	1	1	1	1	1	1	2	2	1	1	1	2	2
OG_9528	2	1	1	1	1	1	1	1	1	0	1	1	1	1	1
OG_9529	1	1	1	2	1	1	2	2	1	2	1	4	1	1	1
OG_9530	1	1	1	1	1	1	1	1	1	1	1	1	1	1	1
OG_9531	3	2	1	2	1	2	2	1	1	3	1	4	2	2	1
OG_9532	1	2	1	1	1	1	1	1	1	1	1	1	1	1	1
OG_9533	2	2	1	1	1	0	1	1	2	1	1	2	1	0	1
OG_9534	0	0	0	0	0	1	0	0	0	0	0	0	0	1	0
OG_9535	1	1	1	1	1	1	1	1	1	1	1	1	1	0	1
OG_9536	1	1	1	1	1	1	2	1	1	1	2	1	1	0	1
OG_9537	1	1	1	1	1	1	1	1	1	1	1	1	1	1	1
OG_9538	2	1	1	1	1	1	1	1	1	1	1	1	1	1	1
OG_9539	1	1	1	0	1	1	1	1	1	1	0	1	1	1	1
OG_9540	1	1	1	1	1	1	1	1	1	1	1	1	1	1	1
OG_9541	1	1	1	1	1	1	1	1	1	2	2	1	1	1	1
OG_9542	1	1	1	1	1	1	1	1	1	0	1	1	1	1	1
OG_9543	2	1	1	1	1	4	1	1	1	2	1	1	1	1	1
OG_9544	1	1	1	1	1	0	1	1	1	1	1	1	1	0	1
OG_9545	1	1	1	1	1	2	1	1	1	1	1	1	1	1	1
OG_9546	1	1	1	1	1	1	1	1	1	1	1	1	1	1	1
OG_9547	1	1	1	1	1	1	1	1	1	1	1	0	1	0	1
OG_9548	2	1	1	3	1	1	1	1	1	1	1	1	1	1	1
OG_9549	2	1	1	4	1	1	2	1	1	2	0	4	3	1	1
OG_9550	6	1	2	2	1	3	1	1	2	1	2	1	2	3	2
OG_9551	5	1	1	2	1	1	3	1	1	1	1	1	1	2	1
OG_9552	1	1	1	1	1	1	1	1	1	1	1	3	2	1	1
OG_9553	2	1	1	1	1	0	1	1	1	1	1	1	1	0	1
OG_9554	4	1	1	2	3	1	3	1	1	2	3	1	2	0	2
OG_9555	1	1	1	2	1	1	1	1	1	1	1	1	1	1	1
OG_9556	1	1	1	1	1	2	1	1	1	1	1	1	1	0	1
OG_9557	1	1	1	1	1	1	1	1	1	1	1	1	1	1	1
OG_9558	1	1	1	1	1	1	1	1	1	1	1	1	1	1	1
OG_9559	1	1	1	1	1	1	1	1	1	1	1	1	1	1	1
OG_9560	2	1	1	2	1	0	1	1	2	1	1	3	1	0	1
OG_9561	1	1	1	1	1	0	1	1	2	1	1	2	1	0	1
OG_9562	1	1	1	1	1	1	1	1	1	1	1	2	1	1	1
OG_9563	1	2	1	1	3	0	1	1	1	1	1	0	1	0	1
OG_9564	2	1	1	1	1	1	1	1	1	1	1	1	1	1	1
OG_9565	2	1	1	2	1	0	1	1	1	1	2	1	1	0	1
OG_9566	2	1	1	1	1	1	1	1	1	1	1	3	1	1	1
OG_9567	2	0	1	1	1	1	2	1	1	1	1	1	2	1	1
OG_9568	2	2	1	2	1	1	1	2	2	2	1	1	1	1	1
OG_9569	1	1	1	1	1	2	1	1	1	1	1	2	1	1	1
OG_9570	1	1	1	1	1	2	1	3	1	1	1	1	1	1	1
OG_9571	2	1	1	2	1	1	1	1	1	1	1	3	1	2	1
OG_9572	1	1	1	1	2	0	2	1	1	1	2	1	1	0	1
OG_9573	1	1	1	1	1	1	0	1	1	1	1	1	1	1	1
OG_9574	3	1	1	1	1	2	2	1	1	1	2	2	1	1	1
OG_9575	1	2	1	1	1	1	1	1	1	1	2	1	1	1	1
OG_9576	2	1	1	3	1	1	1	1	1	1	1	1	1	1	1
OG_9577	1	2	1	1	1	1	1	1	1	1	1	1	1	1	1
OG_9578	2	1	2	1	1	1	1	1	1	2	1	1	1	1	1
OG_9579	2	1	1	1	4	1	2	1	1	1	1	1	2	1	1
OG_9580	2	2	2	2	2	1	3	2	2	2	3	2	2	0	2
OG_9581	1	1	1	3	2	1	1	1	1	1	2	2	1	0	1
OG_9582	1	1	1	1	9	1	1	1	1	1	1	1	2	3	1
OG_9583	1	1	1	3	1	0	1	1	1	2	1	1	1	1	1
OG_9584	1	0	1	2	1	4	1	1	1	2	2	1	1	1	1
OG_9585	2	1	1	2	1	1	2	1	2	1	2	1	2	1	1
OG_9586	1	1	1	1	1	2	1	1	1	1	2	1	1	3	1
OG_9587	1	1	1	1	1	1	1	1	1	1	1	1	1	2	1
OG_9588	1	1	1	1	1	1	2	1	1	2	2	1	2	1	2
OG_9589	1	1	1	1	1	1	1	1	1	1	1	2	1	1	1
OG_9590	1	1	4	1	1	1	2	1	3	2	2	2	2	1	2
OG_9591	2	1	1	1	1	2	1	1	1	1	1	3	1	0	1
OG_9592	3	2	1	1	1	4	2	2	1	1	1	1	3	1	1
OG_9593	1	1	1	1	1	1	1	1	1	1	1	1	1	2	1
OG_9594	1	1	1	1	1	2	1	1	1	1	1	1	1	1	1
OG_9595	5	1	1	0	1	6	5	1	1	4	4	4	3	2	1
OG_9596	0	0	0	0	0	0	0	0	1	0	0	0	0	0	1
OG_9597	1	1	1	1	1	1	1	1	1	1	1	3	1	1	1
OG_9598	1	1	1	1	1	1	1	1	1	1	1	4	2	1	1
OG_9599	2	1	1	1	1	2	1	1	1	1	1	1	1	1	1
OG_9600	1	2	2	2	2	1	3	1	2	1	1	1	3	1	2
OG_9601	1	1	1	1	1	0	1	1	1	2	2	2	1	0	1
OG_9602	0	1	0	2	1	0	0	1	1	1	1	1	0	0	0
OG_9603	2	1	1	0	1	0	1	1	1	0	1	3	1	0	1
OG_9604	1	1	1	1	1	1	1	1	1	1	1	1	1	1	1
OG_9605	1	1	1	1	1	1	2	1	2	0	1	1	2	1	1
OG_9606	1	1	1	1	1	1	1	1	1	3	2	2	1	1	1
OG_9607	2	1	1	1	1	1	2	1	1	1	1	1	1	0	1
OG_9608	1	1	1	1	1	1	1	1	1	1	1	1	1	0	1
OG_9609	2	1	1	1	1	1	1	1	3	1	1	2	1	1	1
OG_9610	3	2	1	2	1	1	1	1	1	2	3	1	1	1	1
OG_9611	1	1	1	1	1	1	1	1	1	1	1	1	1	2	1
OG_9612	1	1	1	1	1	0	1	1	1	1	2	1	2	1	1
OG_9613	1	1	2	1	1	0	1	1	1	1	1	1	1	0	1
OG_9614	1	1	1	0	1	0	1	1	1	1	1	1	1	0	1
OG_9615	1	1	1	1	1	1	1	1	1	1	1	0	1	1	1
OG_9616	1	1	1	1	1	1	1	1	1	1	3	1	1	1	2
OG_9617	1	1	1	1	1	2	1	1	1	1	1	2	1	1	1
OG_9618	2	1	1	1	1	1	1	1	1	1	1	1	1	1	1
OG_9619	2	1	1	1	1	2	2	1	1	1	1	2	1	1	1
OG_9620	1	1	1	1	1	1	1	1	1	1	1	1	2	1	1
OG_9621	2	1	2	1	1	1	2	2	1	1	1	1	2	2	1
OG_9622	0	1	0	1	2	0	0	1	3	3	1	3	0	0	1
OG_9623	5	2	2	3	1	1	1	1	2	3	1	1	1	1	2
OG_9624	1	1	1	2	1	2	1	1	1	1	2	4	1	3	0
OG_9625	1	1	1	1	1	0	1	1	1	1	1	1	1	0	1
OG_9626	0	3	0	0	1	0	0	1	2	1	0	0	0	0	0
OG_9627	1	1	1	1	1	1	1	1	1	1	1	3	1	1	1
OG_9628	2	1	1	2	1	1	1	1	2	1	1	1	1	0	1
OG_9629	1	0	1	3	0	0	1	0	0	0	0	0	1	0	1
OG_9630	1	1	1	1	2	1	1	1	1	1	2	2	1	2	5
OG_9631	1	1	1	1	1	2	1	1	1	1	1	1	1	1	3
OG_9632	2	1	2	0	1	2	1	2	1	1	1	3	1	1	1
OG_9633	2	1	1	1	1	3	1	1	1	1	1	1	1	1	1
OG_9634	1	1	1	1	2	1	1	1	1	1	1	2	1	1	1
OG_9635	2	1	1	1	1	1	2	1	2	1	1	1	3	6	3
OG_9636	1	1	1	0	1	1	1	1	1	1	1	1	2	1	1
OG_9637	1	1	1	1	1	1	1	1	1	1	1	1	1	1	1
OG_9638	1	1	1	2	1	0	1	1	1	2	1	1	1	0	1
OG_9639	2	0	1	1	1	1	1	1	1	1	1	1	1	1	1
OG_9640	1	1	1	0	1	1	1	1	1	1	2	2	1	0	1
OG_9641	1	1	1	1	1	3	1	1	1	1	1	2	1	2	1
OG_9642	3	1	1	1	1	0	1	1	1	1	1	0	1	0	1
OG_9643	2	1	1	1	1	0	1	1	1	1	1	2	1	0	1
OG_9644	1	2	1	2	1	2	2	1	1	1	1	1	1	1	1
OG_9645	1	1	1	1	1	1	1	1	1	1	1	1	2	1	1
OG_9646	2	2	1	2	1	1	3	1	1	2	2	1	3	1	3
OG_9647	1	1	1	1	1	1	1	1	1	1	1	1	1	0	1
OG_9648	21	8	7	15	11	8	3	7	10	13	5	8	3	1	3
OG_9649	0	4	0	0	1	1	0	1	2	1	0	0	0	0	0
OG_9650	2	2	1	2	1	1	2	1	1	3	1	1	2	1	1
OG_9651	1	1	1	2	1	1	1	1	1	1	1	1	1	1	1
OG_9652	1	1	1	1	1	1	1	1	1	1	1	1	1	1	1
OG_9653	1	2	1	1	1	0	1	1	1	1	1	1	1	0	1
OG_9654	1	1	1	1	1	2	1	1	1	1	1	1	2	1	1
OG_9655	6	1	1	1	1	2	3	1	2	1	1	1	1	1	1
OG_9656	1	1	1	1	1	1	1	1	1	1	1	1	1	1	1
OG_9657	1	1	1	1	1	2	1	1	1	1	1	1	1	1	1
OG_9658	1	1	1	2	1	1	1	1	1	1	1	1	2	1	1
OG_9659	1	1	1	1	1	1	1	1	2	1	1	1	1	2	1
OG_9660	1	1	1	1	1	1	1	1	1	2	3	3	1	1	1
OG_9661	1	1	2	1	1	4	1	1	1	1	1	3	1	1	1
OG_9662	1	1	1	1	1	1	1	1	1	1	1	1	1	1	1
OG_9663	1	1	2	1	1	4	1	1	1	1	5	1	1	7	1
OG_9664	1	1	1	1	1	2	1	1	1	1	1	2	1	1	1
OG_9665	2	1	1	2	1	3	2	1	1	1	1	1	2	1	1
OG_9666	2	1	2	1	1	1	1	1	1	1	1	1	1	1	1
OG_9667	6	1	1	1	1	1	2	1	1	1	1	1	2	1	1
OG_9668	1	1	1	1	1	0	1	1	1	0	1	3	1	0	1
OG_9669	1	1	1	1	1	4	1	1	1	1	1	1	2	1	1
OG_9670	1	1	1	1	1	2	1	1	1	1	1	1	1	1	1
OG_9671	1	1	1	1	1	1	1	1	1	1	1	2	1	1	1
OG_9672	4	1	1	1	1	1	1	1	1	1	1	0	1	1	1
OG_9673	1	1	1	1	1	1	2	1	1	1	1	1	2	1	1
OG_9674	1	1	1	1	1	1	1	1	1	1	0	1	1	1	1
OG_9675	1	1	1	1	1	1	1	1	1	1	1	1	1	1	1
OG_9676	1	1	1	1	1	1	1	1	1	2	1	3	1	1	1
OG_9677	1	1	2	1	1	1	1	1	1	1	1	1	1	1	1
OG_9678	1	1	1	1	1	4	1	1	1	1	1	1	1	1	1
OG_9679	1	1	1	1	1	1	1	1	1	1	1	1	1	1	1
OG_9680	1	1	1	1	1	0	2	1	1	1	0	1	1	0	1
OG_9681	1	1	1	1	1	0	2	1	1	1	1	0	2	0	1
OG_9682	1	1	1	1	1	1	1	1	1	1	0	1	1	2	1
OG_9683	2	1	1	1	1	0	3	1	3	1	1	1	2	0	1
OG_9684	1	1	1	1	1	2	1	1	1	1	1	2	1	1	1
OG_9685	1	2	1	1	0	1	1	1	1	1	1	2	1	2	1
OG_9686	1	1	0	4	1	1	1	2	1	2	0	1	3	0	1
OG_9687	1	1	1	1	1	1	1	1	1	1	1	1	1	1	1
OG_9688	4	1	2	1	1	0	1	1	1	1	3	1	1	0	1
OG_9689	1	1	1	1	1	1	1	1	1	1	1	1	2	1	1
OG_9690	1	1	1	1	1	1	1	1	1	1	1	1	1	1	1
OG_9691	1	1	1	1	1	1	1	1	1	1	1	0	1	1	1
OG_9692	1	1	1	1	1	1	1	1	1	1	1	1	1	1	1
OG_9693	1	1	1	1	1	0	1	1	1	1	1	1	1	0	1
OG_9694	1	1	1	1	1	1	1	1	2	1	2	2	2	1	1
OG_9695	3	1	1	1	1	1	1	1	1	1	1	1	1	1	1
OG_9696	1	1	1	1	1	1	1	1	1	1	1	1	1	1	1
OG_9697	2	1	2	2	1	1	2	1	1	2	1	1	2	1	1
OG_9698	1	3	1	1	1	3	1	1	1	1	1	1	1	1	1
OG_9699	1	1	1	1	1	1	1	1	1	1	1	1	2	1	1
OG_9700	1	1	1	1	1	1	2	1	1	1	1	0	1	1	1
OG_9701	1	1	1	1	1	1	1	1	1	1	2	1	1	1	1
OG_9702	1	1	1	1	1	1	1	1	1	1	1	1	1	0	1
OG_9703	1	1	1	1	1	1	1	1	1	1	1	1	1	1	1
OG_9704	1	1	1	1	1	3	1	1	1	1	1	3	1	1	1
OG_9705	1	1	1	1	1	0	1	1	1	1	0	1	1	0	1
OG_9706	2	1	3	4	1	1	2	1	4	1	3	4	2	3	3
OG_9707	1	1	2	1	1	1	1	1	1	1	1	1	1	1	1
OG_9708	2	1	1	1	1	1	1	1	1	3	1	1	3	0	1
OG_9709	2	1	2	1	1	1	1	1	1	1	1	1	1	1	1
OG_9710	2	1	1	1	1	0	2	1	1	1	1	5	1	0	1
OG_9711	3	0	1	1	1	0	2	1	1	2	1	1	2	0	0
OG_9712	2	0	1	1	1	0	2	1	1	1	1	0	1	0	1
OG_9713	1	1	1	2	1	1	1	1	1	2	1	1	1	1	1
OG_9714	7	1	1	0	1	0	1	1	1	2	1	1	1	0	0
OG_9715	2	1	2	2	1	1	3	1	1	1	1	5	2	1	1
OG_9716	2	1	2	1	1	0	2	1	1	1	3	3	1	1	2
OG_9717	1	1	1	1	1	1	2	1	1	1	1	1	1	1	1
OG_9718	1	1	1	2	1	3	1	2	1	1	2	8	1	2	1
OG_9719	4	1	1	1	1	1	3	1	1	1	1	3	1	1	1
OG_9720	2	1	1	1	1	1	2	1	1	1	1	1	2	1	1
OG_9721	1	1	1	1	1	1	1	1	1	0	1	2	1	1	1
OG_9722	1	1	1	1	1	0	1	1	1	1	0	1	1	1	1
OG_9723	2	1	1	1	1	4	1	1	1	1	2	4	1	1	1
OG_9724	2	1	1	2	1	1	2	1	1	1	1	1	2	1	1
OG_9725	2	1	1	1	1	1	2	1	1	1	2	3	2	1	1
OG_9726	2	0	1	1	1	1	2	1	1	1	1	5	2	1	1
OG_9727	2	2	1	1	1	3	1	1	1	1	1	1	1	1	1
OG_9728	2	1	1	3	1	1	1	1	1	1	2	2	1	1	2
OG_9729	1	1	1	1	1	2	1	1	1	1	1	2	2	1	1
OG_9730	1	0	1	1	1	2	1	1	1	1	1	1	1	4	4
OG_9731	1	0	1	2	1	1	1	1	1	1	1	1	1	1	1
OG_9732	2	1	1	2	1	1	1	1	2	1	1	1	1	1	1
OG_9733	1	1	1	0	1	1	1	1	1	1	1	0	1	1	1
OG_9734	0	1	0	2	1	0	0	1	1	2	0	0	0	0	0
OG_9735	2	1	1	1	1	1	1	1	1	2	1	4	1	1	1
OG_9736	1	0	1	1	1	1	1	1	2	3	1	1	1	1	1
OG_9737	0	1	1	0	1	1	1	1	1	1	0	1	1	1	1
OG_9738	0	1	1	0	1	0	1	0	1	0	0	0	1	0	0
OG_9739	1	1	1	1	1	1	1	1	1	1	1	1	1	1	1
OG_9740	1	2	1	1	1	0	1	1	1	1	1	1	1	0	1
OG_9741	1	1	1	1	1	0	1	1	1	1	1	1	1	1	1
OG_9742	2	1	1	5	1	2	2	1	2	2	1	2	2	2	1
OG_9743	1	1	1	1	1	1	1	1	1	1	2	1	0	1	2
OG_9744	1	1	2	2	1	2	1	1	1	1	2	1	1	1	1
OG_9745	1	1	1	3	1	1	1	1	1	1	1	1	1	1	1
OG_9746	2	1	2	2	2	2	4	2	2	2	2	2	2	0	2
OG_9747	3	1	1	2	1	3	1	1	1	1	1	1	1	1	1
OG_9748	1	1	1	1	1	1	1	1	1	1	1	3	1	1	1
OG_9749	1	1	1	1	1	1	1	1	1	1	1	0	1	1	1
OG_9750	1	1	1	1	1	0	1	1	1	2	1	1	1	1	1
OG_9751	1	1	1	1	1	1	1	1	1	1	1	2	1	1	1
OG_9752	1	1	1	2	1	1	1	1	1	1	1	2	1	0	1
OG_9753	1	1	1	1	1	1	1	1	1	1	1	2	1	1	1
OG_9754	1	1	1	0	1	1	1	2	1	1	1	1	1	1	1
OG_9755	1	1	1	1	1	1	2	1	1	1	2	1	1	3	1
OG_9756	1	1	1	1	1	1	1	2	2	1	1	1	1	1	1
OG_9757	1	1	1	1	1	1	2	1	1	1	1	1	2	1	1
OG_9758	1	1	1	2	1	1	1	1	0	1	2	3	1	1	1
OG_9759	3	3	1	4	2	6	2	1	1	2	1	1	2	0	1
OG_9760	3	1	1	1	1	0	1	1	1	1	1	1	1	0	1
OG_9761	1	1	1	2	1	2	1	1	1	1	2	1	1	1	1
OG_9762	1	1	1	1	1	0	1	1	1	1	1	1	1	0	1
OG_9763	1	1	1	1	1	0	1	1	1	1	1	2	1	0	1
OG_9764	1	1	1	2	1	1	1	18	1	1	1	1	1	1	1
OG_9765	2	1	1	1	1	2	2	1	2	1	1	1	2	3	1
OG_9766	2	1	1	2	1	1	2	1	1	1	1	2	2	1	1
OG_9767	13	1	1	6	1	3	2	1	1	8	3	11	2	3	1
OG_9768	1	1	1	1	3	0	1	1	1	1	1	14	1	0	0
OG_9769	1	1	1	1	1	1	1	1	2	1	1	1	1	1	1
OG_9770	1	1	1	1	1	1	1	1	1	1	1	1	2	1	1
OG_9771	1	2	1	3	1	2	1	1	1	3	2	1	2	1	1
OG_9772	1	1	1	1	1	1	1	1	1	1	1	1	1	1	1
OG_9773	5	1	1	1	1	1	2	1	1	2	1	3	2	1	1
OG_9774	1	1	1	2	1	1	1	1	1	1	1	1	1	0	1
OG_9775	2	0	1	1	1	1	1	1	1	2	1	1	1	0	1
OG_9776	1	1	1	2	1	1	1	1	1	1	2	1	1	0	1
OG_9777	1	1	1	3	1	1	1	1	3	1	2	1	2	1	1
OG_9778	1	1	1	1	1	0	1	1	1	1	1	1	2	0	0
OG_9779	3	1	1	1	1	0	1	1	1	2	0	1	1	0	1
OG_9780	1	1	1	1	1	1	2	1	1	1	0	1	1	0	1
OG_9781	2	1	1	1	1	0	1	1	1	3	1	1	5	0	4
OG_9782	5	1	1	4	1	1	5	1	0	3	2	1	4	2	0
OG_9783	1	1	1	1	1	1	1	1	1	1	1	1	1	2	1
OG_9784	0	0	0	0	0	0	0	0	1	0	1	0	0	0	1
OG_9785	2	1	1	1	1	1	2	3	1	2	1	1	1	0	1
OG_9786	1	1	1	1	1	1	1	1	1	1	1	1	1	1	1
OG_9787	1	1	1	2	1	1	1	1	1	1	1	1	1	1	1
OG_9788	0	0	0	0	0	12	0	0	0	0	1	1	0	8	0
OG_9789	1	1	1	1	1	1	1	1	1	1	1	1	1	1	1
OG_9790	1	1	1	1	1	1	1	1	1	1	1	0	1	1	1
OG_9791	1	1	1	1	1	1	1	1	2	1	1	1	2	1	1
OG_9792	1	1	1	1	1	1	1	1	1	1	0	1	2	1	1
OG_9793	1	1	1	1	1	1	1	1	1	1	1	1	1	1	1
OG_9794	2	1	1	1	1	5	1	1	1	1	1	1	1	1	1
OG_9795	1	1	1	1	1	0	1	1	1	1	1	1	1	0	1
OG_9796	4	1	1	5	1	1	3	1	1	4	1	4	2	1	1
OG_9797	2	1	1	2	1	1	1	1	1	1	1	1	1	1	1
OG_9798	1	1	1	2	1	2	2	1	1	2	1	2	2	2	1
OG_9799	0	1	1	1	1	2	1	1	1	1	1	1	1	2	1
OG_9800	1	1	1	1	1	2	1	1	1	1	1	1	1	1	1
OG_9801	1	1	1	1	1	1	2	1	1	1	2	1	1	2	2
OG_9802	2	1	1	1	1	1	2	1	2	2	2	1	2	1	1
OG_9803	1	1	1	1	1	3	1	1	1	1	1	1	1	1	1
OG_9804	1	1	0	0	1	1	1	1	1	1	1	1	1	1	1
OG_9805	1	1	1	1	1	0	1	1	1	1	1	1	1	0	1
OG_9806	1	1	3	1	1	0	1	2	1	2	2	1	1	0	2
OG_9807	1	1	1	2	1	1	1	1	1	1	2	1	1	1	1
OG_9808	1	1	1	2	1	1	2	0	1	1	1	0	2	2	1
OG_9809	1	1	1	1	1	3	1	1	1	1	1	2	1	1	1
OG_9810	0	1	1	1	1	1	1	1	1	1	1	1	1	1	1
OG_9811	1	1	1	1	2	1	2	1	1	1	1	1	1	1	1
OG_9812	1	1	1	1	1	0	1	1	1	1	1	1	1	1	1
OG_9813	1	1	2	1	1	1	1	1	1	1	1	1	1	1	1
OG_9814	1	1	1	1	1	1	1	1	1	0	1	1	1	1	1
OG_9815	2	1	2	1	1	1	3	1	1	3	1	1	2	0	1
OG_9816	0	0	0	0	0	0	0	0	0	0	0	2	0	0	1
OG_9817	5	2	1	2	1	3	1	1	3	1	1	3	1	1	1
OG_9818	5	1	1	1	1	0	1	1	1	1	1	1	1	1	1
OG_9819	2	1	1	2	1	0	1	1	1	1	1	2	1	0	1
OG_9820	1	1	1	2	1	5	2	3	2	1	5	3	2	1	1
OG_9821	1	1	2	1	1	1	1	1	1	1	1	2	1	1	1
OG_9822	1	1	1	4	1	0	1	1	1	1	0	0	2	0	1
OG_9823	1	1	1	1	1	1	1	1	1	1	1	1	1	1	1
OG_9824	2	1	1	1	1	1	1	1	1	1	1	1	1	2	1
OG_9825	1	1	1	1	1	1	1	1	1	1	1	2	1	2	1
OG_9826	4	1	1	3	1	2	1	1	1	4	1	3	2	1	1
OG_9827	3	1	1	1	1	2	1	1	1	1	1	1	1	1	1
OG_9828	1	2	1	2	1	1	1	1	2	1	1	1	1	2	2
OG_9829	1	1	1	1	1	1	1	1	1	1	1	2	2	1	1
OG_9830	1	1	2	1	1	0	1	1	1	1	1	2	1	0	1
OG_9831	1	1	1	1	1	1	1	1	1	1	1	1	1	1	1
OG_9832	1	1	1	1	1	1	1	1	1	1	1	1	1	1	1
OG_9833	1	1	2	1	1	1	1	1	1	1	1	1	1	1	1
OG_9834	2	1	2	1	1	1	2	1	1	1	1	1	2	1	1
OG_9835	8	1	1	1	1	1	1	1	1	1	1	3	2	0	1
OG_9836	3	1	1	1	1	0	1	1	1	1	1	1	1	0	1
OG_9837	1	2	1	2	1	1	1	1	1	1	1	3	1	1	1
OG_9838	2	1	1	2	1	1	1	1	1	2	1	0	1	1	1
OG_9839	2	2	1	2	1	2	2	1	2	1	1	1	2	1	1
OG_9840	2	1	1	1	1	2	1	1	1	1	1	1	1	0	1
OG_9841	2	1	1	1	1	1	1	1	1	1	1	1	2	2	1
OG_9842	2	1	1	1	1	2	2	1	1	1	1	4	3	1	1
OG_9843	1	1	1	1	1	0	1	1	0	0	0	0	1	0	0
OG_9844	1	1	2	1	1	1	1	1	1	1	1	1	1	1	1
OG_9845	3	1	1	1	1	0	1	1	2	1	1	1	1	0	1
OG_9846	1	1	1	1	1	1	1	1	1	1	1	2	1	1	1
OG_9847	1	1	1	2	1	1	1	2	1	1	1	1	1	1	1
OG_9848	2	1	1	2	1	1	2	1	1	2	1	1	4	1	1
OG_9849	1	1	1	3	1	1	1	1	1	1	1	2	1	1	1
OG_9850	1	1	1	1	2	1	1	1	1	1	1	1	1	2	1
OG_9851	2	1	1	1	1	0	1	1	2	1	1	1	1	2	1
OG_9852	1	1	1	1	1	1	1	1	1	1	1	1	1	1	1
OG_9853	1	1	1	1	1	1	2	1	1	1	3	1	2	2	1
OG_9854	1	1	1	1	1	1	1	1	1	1	0	1	1	2	1
OG_9855	1	1	1	1	1	1	1	1	1	1	0	1	1	0	1
OG_9856	1	1	1	1	1	1	1	1	1	1	1	3	1	0	1
OG_9857	1	1	1	2	9	2	1	1	2	1	1	3	1	3	1
OG_9858	1	1	1	1	1	1	1	1	1	1	2	1	1	1	1
OG_9859	1	1	1	1	1	1	1	1	1	1	1	1	1	1	1
OG_9860	1	1	1	2	2	1	1	1	1	2	1	3	1	1	1
OG_9861	3	1	1	0	1	0	1	1	1	8	2	0	2	0	1
OG_9862	1	1	1	1	1	0	1	1	1	1	1	1	1	1	1
OG_9863	1	1	1	1	1	1	1	1	1	1	1	1	1	1	1
OG_9864	2	0	1	1	1	2	2	1	1	1	2	1	1	1	1
OG_9865	1	1	1	1	1	1	1	1	1	1	1	1	1	0	1
OG_9866	1	1	1	1	1	2	1	1	2	1	1	1	1	1	1
OG_9867	1	1	2	1	1	1	1	1	1	3	1	7	1	1	1
OG_9868	2	1	1	1	1	1	1	1	1	1	2	3	1	1	1
OG_9869	1	1	1	1	1	1	1	1	1	1	1	2	1	1	1
OG_9870	1	1	1	1	1	1	1	1	1	1	1	1	1	0	1
OG_9871	1	1	2	1	1	1	1	1	1	1	1	1	1	0	1
OG_9872	1	1	1	0	1	1	1	1	1	1	0	1	1	1	1
OG_9873	1	1	1	1	1	1	1	1	1	1	1	1	1	1	1
OG_9874	1	1	1	1	1	4	1	1	1	1	1	1	1	1	1
OG_9875	2	2	4	2	1	1	4	1	1	1	1	2	5	0	2
OG_9876	1	2	1	1	1	1	1	1	1	1	0	2	2	2	1
OG_9877	0	0	0	0	0	1	0	0	0	0	0	0	0	1	0
OG_9878	2	1	1	4	1	1	2	1	2	2	1	1	2	1	1
OG_9879	1	1	1	1	1	2	1	1	1	1	1	2	1	1	1
OG_9880	3	2	1	1	3	4	4	2	1	2	2	1	2	2	1
OG_9881	2	1	1	2	1	1	1	1	2	1	1	1	1	1	1
OG_9882	1	1	1	1	1	3	1	1	1	1	1	1	1	1	1
OG_9883	1	1	2	1	1	1	1	1	1	1	1	1	1	0	1
OG_9884	1	1	1	2	1	1	1	1	1	1	1	2	1	1	1
OG_9885	2	1	1	1	2	1	1	1	1	2	1	2	1	1	1
OG_9886	2	1	1	1	1	0	1	1	1	1	1	1	1	0	1
OG_9887	1	1	3	1	1	1	1	1	1	1	1	1	1	1	1
OG_9888	1	1	1	1	1	1	1	1	1	1	1	2	1	0	1
OG_9889	5	1	1	1	1	1	2	2	1	1	2	8	1	1	1
OG_9890	1	1	1	1	1	2	1	1	1	1	1	1	1	0	0
OG_9891	3	2	1	3	1	2	3	3	1	3	2	4	3	1	2
OG_9892	3	1	1	2	1	5	1	1	1	4	1	1	1	0	1
OG_9893	2	1	1	1	1	1	1	1	1	2	2	4	1	1	1
OG_9894	1	1	1	1	1	1	1	1	1	1	1	2	1	1	1
OG_9895	1	1	1	3	1	0	1	1	2	1	1	0	1	0	1
OG_9896	1	0	1	0	0	0	1	0	0	0	0	0	1	0	0
OG_9897	1	1	1	1	1	2	1	1	1	1	1	1	0	0	1
OG_9898	1	1	1	1	1	1	1	1	1	1	0	1	1	1	1
OG_9899	1	1	1	1	1	1	1	1	1	1	1	1	1	2	1
OG_9900	2	1	1	2	1	1	2	1	2	1	1	1	2	2	1
OG_9901	1	1	1	1	1	1	1	1	1	1	1	3	1	1	1
OG_9902	1	1	1	2	1	1	1	1	1	2	1	1	1	1	1
OG_9903	1	1	1	1	1	3	1	1	3	1	2	2	1	1	1
OG_9904	2	1	1	2	1	2	1	1	1	1	1	1	1	1	1
OG_9905	2	2	1	1	1	2	1	1	3	1	12	5	1	1	1
OG_9906	1	1	1	1	1	2	1	1	1	1	1	1	1	1	1
OG_9907	1	1	1	2	1	2	1	1	1	1	1	1	1	1	2
OG_9908	1	1	1	1	1	1	1	1	1	1	1	1	1	1	1
OG_9909	1	2	1	1	1	1	1	1	1	1	1	3	1	1	1
OG_9910	1	1	1	2	1	2	1	1	1	1	0	1	1	1	1
OG_9911	1	1	1	1	1	1	1	1	1	2	1	1	1	1	1
OG_9912	1	1	1	2	1	0	2	1	1	2	1	1	2	0	1
OG_9913	1	1	1	1	1	2	1	1	1	1	1	1	1	1	1
OG_9914	1	1	1	1	1	1	1	1	1	1	1	2	1	2	1
OG_9915	1	2	1	2	1	6	1	1	2	1	1	1	1	2	3
OG_9916	2	1	1	1	1	1	1	1	1	1	0	1	1	1	1
OG_9917	1	2	1	1	1	0	1	1	2	1	1	1	1	0	1
OG_9918	1	1	1	1	1	0	2	1	1	1	0	0	3	0	1
OG_9919	1	1	1	1	1	1	2	1	1	2	1	1	1	1	1
OG_9920	1	1	1	1	1	1	1	1	1	1	1	0	1	0	1
OG_9921	1	1	1	1	1	1	2	1	1	1	1	0	1	0	1
OG_9922	1	0	1	1	1	1	1	1	1	1	1	1	1	1	1
OG_9923	1	1	1	1	1	0	1	1	1	1	1	1	1	0	1
OG_9924	1	1	1	1	1	1	1	1	1	1	1	1	1	1	1
OG_9925	1	1	1	2	1	0	1	1	1	1	1	1	1	0	0
OG_9926	1	1	1	1	1	1	1	2	1	1	1	4	1	1	1
OG_9927	1	1	1	1	1	1	1	2	1	1	0	0	1	1	1
OG_9928	1	1	1	2	1	1	1	3	3	1	1	2	1	1	1
OG_9929	1	1	1	1	1	1	1	1	1	1	2	0	1	1	1
OG_9930	3	4	2	2	2	2	4	2	2	1	3	1	3	2	2
OG_9931	1	1	1	1	1	1	1	1	2	1	2	0	1	1	1
OG_9932	1	1	1	1	1	0	1	1	1	1	1	1	1	0	1
OG_9933	1	1	1	1	1	2	1	1	1	1	1	1	1	1	2
OG_9934	1	2	1	1	1	1	1	1	1	1	0	1	1	1	1
OG_9935	1	1	1	0	1	1	1	1	1	1	1	1	2	1	1
OG_9936	1	1	1	1	1	1	1	1	1	1	1	1	1	0	1
OG_9937	1	1	1	1	1	1	1	1	1	0	1	1	1	1	1
OG_9938	1	1	1	1	1	2	1	1	2	1	1	1	1	1	1
OG_9939	1	2	1	1	1	1	1	1	1	1	1	1	2	1	1
OG_9940	1	1	1	1	1	1	1	1	1	0	1	1	1	0	1
OG_9941	2	2	1	2	1	1	1	2	4	1	2	1	1	3	1
OG_9942	1	1	1	1	1	1	1	1	1	1	1	1	1	1	1
OG_9943	1	1	1	1	1	1	1	1	1	1	0	1	1	1	1
OG_9944	1	1	1	2	1	1	1	1	1	1	0	1	1	1	1
OG_9945	1	1	1	1	1	2	1	1	1	1	1	2	1	1	1
OG_9946	1	1	2	1	1	1	1	1	1	1	1	1	1	1	1
OG_9947	1	1	1	2	1	1	1	1	1	1	1	1	1	1	1
OG_9948	2	1	2	1	1	1	1	1	1	1	4	1	2	1	1
OG_9949	3	1	1	2	1	2	1	1	1	1	1	1	1	1	1
OG_9950	1	1	1	1	1	1	2	1	1	1	1	1	1	1	1
OG_9951	1	1	1	1	1	1	1	1	1	3	1	4	1	1	1
OG_9952	1	1	1	1	1	0	1	1	1	1	2	2	2	1	2
OG_9953	4	1	2	1	1	1	3	1	4	1	1	2	3	1	1
OG_9954	1	1	1	1	1	0	1	1	1	2	1	1	1	0	1
OG_9955	1	1	1	1	1	1	1	1	1	1	0	1	1	0	1
OG_9956	1	2	1	1	1	0	1	1	1	1	2	0	1	0	1
OG_9957	2	1	1	2	1	0	2	1	1	2	0	0	1	0	0
OG_9958	1	1	1	1	1	1	1	1	1	3	1	1	1	1	1
OG_9959	1	1	1	1	1	0	1	1	1	1	1	1	1	0	1
OG_9960	1	1	1	1	1	0	1	1	1	1	1	1	1	1	1
OG_9961	1	0	1	2	1	1	2	1	1	1	1	1	2	3	1
OG_9962	1	1	1	1	1	1	1	1	1	1	1	2	1	1	1
OG_9963	1	1	1	1	1	0	1	1	1	1	0	2	1	1	1
OG_9964	3	1	1	1	1	1	2	1	1	3	1	0	2	1	1
OG_9965	1	2	1	2	1	2	1	1	3	1	1	1	1	1	1
OG_9966	1	1	1	1	2	1	1	1	1	1	1	1	1	1	1
OG_9967	1	1	1	1	1	2	1	1	1	1	1	1	1	1	1
OG_9968	3	3	2	1	1	1	2	1	1	2	2	5	2	1	3
OG_9969	2	1	1	1	1	2	2	1	1	2	1	1	3	1	1
OG_9970	2	1	1	1	1	1	2	1	1	1	1	1	3	1	2
OG_9971	1	2	1	1	1	2	1	1	2	1	1	1	1	1	2
OG_9972	2	1	1	2	1	1	2	1	2	1	2	1	3	1	1
OG_9973	1	1	1	1	1	1	1	1	2	1	1	1	2	1	1
OG_9974	2	1	1	1	1	0	3	1	1	1	1	1	2	0	1
OG_9975	5	2	2	4	1	0	1	1	1	6	1	3	1	0	1
OG_9976	1	1	1	1	1	1	1	1	1	1	1	2	1	1	1
OG_9977	2	1	1	1	1	1	1	1	1	1	1	1	2	1	1
OG_9978	1	1	1	2	1	2	2	2	1	1	1	1	1	0	0
OG_9979	2	1	1	1	2	4	1	1	1	1	1	1	1	1	1
OG_9980	1	1	2	1	1	1	1	1	1	1	1	3	1	1	1
OG_9981	2	1	1	1	1	1	1	1	0	1	1	1	1	1	1
OG_9982	1	1	1	2	1	2	1	1	1	1	1	1	1	1	1
OG_9983	1	1	1	1	1	0	1	1	1	1	1	1	1	0	1
OG_9984	1	2	1	1	1	1	1	1	1	1	1	1	1	1	1
OG_9985	2	1	1	1	1	0	2	1	1	1	1	1	2	0	1
OG_9986	2	1	2	1	1	2	2	1	3	1	1	0	2	1	1
OG_9987	1	1	1	1	1	3	0	1	1	1	2	0	1	1	0
OG_9988	1	1	1	1	1	4	1	1	1	1	1	1	1	1	1
OG_9989	1	1	1	1	1	0	1	1	1	1	0	0	1	0	1
OG_9990	1	1	1	1	2	1	1	1	1	1	1	1	1	1	1
OG_9991	2	1	3	2	1	0	3	1	3	2	2	5	2	0	0
OG_9992	1	1	1	1	1	1	1	1	1	1	2	0	1	0	1
OG_9993	1	1	1	1	1	1	1	1	1	1	1	1	1	0	0
OG_9994	3	1	1	3	1	1	1	1	1	0	1	1	1	2	3
OG_9995	1	1	1	1	1	1	1	1	1	1	0	1	1	1	1
OG_9996	2	1	1	2	1	0	2	1	1	1	0	0	2	0	1
OG_9997	0	0	0	0	0	0	0	0	0	0	0	1	0	0	1
OG_9998	2	1	1	1	1	1	1	1	1	1	1	3	1	1	1
OG_9999	1	1	1	1	1	2	1	1	1	1	1	1	1	3	1
OG_10000	8	1	1	5	1	3	5	1	3	3	1	1	5	1	1
OG_10001	2	1	1	2	1	1	1	1	1	1	1	3	1	1	1
OG_10002	2	1	1	1	1	1	2	1	1	1	1	3	2	1	1
OG_10003	2	1	1	2	1	0	1	1	1	1	1	1	1	1	1
OG_10004	1	1	1	1	1	1	1	1	1	1	1	2	1	1	1
OG_10005	1	1	1	1	1	1	1	1	1	1	1	1	1	1	1
OG_10006	1	1	1	1	1	1	1	1	1	1	3	1	1	1	1
OG_10007	0	0	0	0	0	2	0	0	0	0	0	0	0	9	0
OG_10008	2	1	1	1	1	3	2	1	1	2	1	1	2	1	1
OG_10009	1	1	1	1	1	2	1	1	1	4	1	2	2	1	1
OG_10010	1	1	1	3	1	0	1	1	2	1	1	2	1	0	1
OG_10011	1	1	1	1	1	0	2	1	1	1	0	2	1	1	1
OG_10012	1	1	1	1	1	0	1	1	2	1	1	2	1	0	1
OG_10013	2	1	1	1	1	1	1	1	2	1	1	1	1	1	1
OG_10014	1	1	1	1	1	1	1	1	1	1	1	1	1	1	1
OG_10015	2	1	1	2	1	1	2	1	2	3	2	1	1	1	1
OG_10016	4	1	1	1	1	0	3	1	1	1	1	1	2	0	1
OG_10017	1	1	1	1	1	1	1	1	1	1	1	1	1	1	1
OG_10018	1	1	1	1	1	1	1	1	1	1	1	1	1	1	1
OG_10019	3	1	1	4	1	6	1	1	1	1	1	4	2	2	1
OG_10020	2	1	1	1	1	1	1	1	1	1	1	4	1	1	1
OG_10021	1	1	1	2	1	1	1	1	0	2	1	1	1	1	1
OG_10022	1	1	1	1	1	1	1	1	1	1	1	1	1	1	1
OG_10023	1	1	2	1	1	1	1	2	1	1	1	1	1	1	1
OG_10024	1	4	1	1	1	1	1	1	1	1	3	1	2	1	1
OG_10025	2	1	1	1	1	2	1	1	1	1	1	1	2	2	1
OG_10026	2	1	1	2	1	1	1	1	1	2	1	2	1	1	1
OG_10027	3	1	1	3	1	1	3	1	2	4	1	4	2	1	1
OG_10028	0	0	0	0	0	0	0	0	0	0	0	0	0	2	1
OG_10029	1	1	1	1	1	1	1	1	1	1	1	1	1	1	1
OG_10030	0	1	1	0	1	0	1	1	1	0	0	0	1	0	0
OG_10031	1	1	1	1	1	1	3	1	1	1	1	1	1	1	1
OG_10032	1	1	1	1	1	2	1	1	2	2	1	5	1	1	1
OG_10033	2	1	1	1	1	1	1	1	2	1	1	1	1	0	1
OG_10034	4	1	3	1	1	1	1	1	1	1	1	3	2	2	1
OG_10035	1	1	1	1	2	1	1	1	1	1	1	1	1	1	1
OG_10036	1	1	1	1	1	1	1	1	1	1	1	1	1	1	1
OG_10037	2	1	1	2	1	0	1	1	1	3	0	0	1	0	0
OG_10038	1	1	1	1	1	1	3	1	2	1	1	2	2	1	1
OG_10039	1	2	1	1	1	0	1	1	1	1	1	1	1	0	1
OG_10040	1	1	1	1	1	0	1	1	1	2	1	0	1	0	0
OG_10041	1	1	1	1	1	1	1	1	1	1	0	1	1	1	1
OG_10042	1	1	1	1	1	3	1	1	1	1	1	1	1	1	1
OG_10043	1	1	1	1	1	1	1	1	1	1	1	1	1	1	1
OG_10044	1	1	1	1	1	1	1	1	1	1	1	1	1	1	1
OG_10045	2	1	1	1	1	1	1	1	1	1	0	1	2	0	1
OG_10046	3	1	6	1	1	1	2	1	2	1	0	1	0	1	1
OG_10047	1	1	1	2	3	1	1	1	2	1	2	1	1	1	1
OG_10048	1	1	1	1	1	1	1	1	1	1	1	4	1	0	2
OG_10049	1	1	1	1	1	2	3	1	1	1	1	1	2	1	1
OG_10050	1	1	2	1	1	1	1	1	1	1	1	4	0	1	1
OG_10051	3	1	1	0	0	1	2	2	1	1	1	1	1	0	1
OG_10052	4	1	3	1	1	1	1	1	1	5	1	2	1	1	1
OG_10053	1	1	1	1	1	0	0	1	1	1	1	1	0	0	1
OG_10054	6	2	1	1	1	0	2	2	1	1	3	2	2	0	0
OG_10055	1	0	1	3	1	2	1	1	1	2	3	2	1	1	1
OG_10056	1	1	1	1	1	1	1	1	1	1	1	1	1	1	1
OG_10057	1	1	1	1	1	2	1	1	1	1	1	5	1	1	1
OG_10058	1	1	1	1	1	2	1	1	1	1	1	1	1	1	1
OG_10059	2	1	1	2	1	1	1	1	1	2	1	2	0	0	1
OG_10060	1	1	1	1	1	0	1	1	1	1	1	3	1	1	1
OG_10061	1	1	1	1	1	1	1	1	1	1	1	1	1	1	1
OG_10062	1	1	1	1	1	2	1	1	1	1	1	2	1	1	1
OG_10063	1	1	1	1	1	1	1	1	1	1	1	2	1	1	1
OG_10064	1	2	1	1	2	1	1	1	1	1	1	3	1	1	1
OG_10065	1	1	1	1	1	1	1	1	1	1	1	1	1	1	1
OG_10066	1	0	1	1	1	2	1	1	1	1	0	1	1	1	1
OG_10067	2	1	1	7	1	5	1	1	1	1	1	1	2	1	1
OG_10068	2	1	1	1	1	1	1	1	1	1	1	3	1	1	1
OG_10069	1	2	1	2	1	3	1	1	3	1	2	2	1	1	3
OG_10070	1	1	1	1	1	0	1	1	1	1	1	1	1	0	2
OG_10071	1	1	1	1	1	1	2	1	1	1	1	1	1	1	1
OG_10072	1	1	1	1	1	1	1	1	1	1	1	1	1	1	1
OG_10073	1	1	1	1	1	0	1	1	1	1	1	2	1	0	0
OG_10074	1	1	1	2	1	1	1	1	1	2	1	1	1	1	1
OG_10075	3	1	1	1	1	2	1	1	1	1	1	1	1	0	1
OG_10076	2	1	1	3	1	1	1	1	1	1	1	1	1	1	1
OG_10077	1	1	1	1	1	1	1	1	1	1	1	1	1	1	1
OG_10078	1	1	1	1	1	1	1	1	1	1	2	1	1	1	1
OG_10079	1	1	1	1	1	2	1	1	1	2	1	3	1	1	1
OG_10080	1	0	3	3	2	3	1	1	1	1	1	0	1	0	1
OG_10081	1	1	1	1	1	1	1	1	1	3	2	1	1	0	2
OG_10082	2	2	3	2	2	4	1	3	4	1	2	3	1	1	4
OG_10083	1	1	1	1	3	1	1	1	1	1	1	4	1	1	1
OG_10084	1	1	1	1	1	1	1	1	1	1	1	1	1	1	1
OG_10085	1	1	1	1	1	2	1	1	1	1	1	1	1	0	1
OG_10086	1	1	1	1	1	3	1	1	1	1	1	1	1	1	0
OG_10087	1	1	1	1	1	1	1	1	1	1	1	0	1	2	1
OG_10088	2	2	1	1	1	3	2	1	1	1	1	1	2	2	1
OG_10089	1	1	1	1	1	1	1	1	1	1	1	1	1	1	1
OG_10090	2	1	1	1	1	1	1	1	1	1	1	2	2	1	1
OG_10091	2	1	1	1	1	1	1	1	1	1	1	1	1	1	1
OG_10092	1	1	1	1	1	1	1	1	1	1	1	1	1	1	1
OG_10093	1	1	1	1	1	2	1	1	1	1	1	1	1	1	1
OG_10094	2	1	2	1	1	1	1	1	1	1	1	1	1	1	1
OG_10095	2	2	3	2	1	1	1	1	1	2	2	1	1	1	0
OG_10096	1	1	2	1	1	0	1	1	1	1	1	1	1	0	0
OG_10097	3	1	1	1	1	1	1	1	1	1	1	1	3	1	1
OG_10098	1	1	1	1	1	1	1	1	1	2	1	1	2	1	1
OG_10099	1	1	1	1	1	1	1	1	1	1	1	1	1	1	1
OG_10100	7	2	1	1	4	2	2	1	8	1	1	2	3	0	2
OG_10101	1	1	1	1	1	1	1	1	1	1	1	2	1	1	1
OG_10102	1	1	1	1	1	3	1	1	1	1	1	1	1	1	1
OG_10103	1	1	1	1	1	1	1	1	1	1	1	0	1	1	1
OG_10104	1	1	1	1	1	1	1	1	1	1	1	1	1	2	1
OG_10105	1	1	1	2	1	1	1	1	1	1	1	1	1	1	1
OG_10106	3	1	1	3	1	1	3	1	1	2	1	2	2	1	1
OG_10107	1	1	1	1	1	6	1	1	1	1	2	1	1	2	1
OG_10108	1	2	1	1	1	1	1	1	1	1	1	1	1	1	1
OG_10109	1	1	1	1	1	1	1	1	1	1	1	1	1	1	1
OG_10110	1	1	1	1	1	2	1	1	1	2	1	1	1	1	1
OG_10111	1	1	1	1	1	1	1	1	1	1	1	3	1	1	1
OG_10112	1	1	1	1	1	1	1	1	2	3	1	1	1	1	1
OG_10113	1	1	1	1	1	1	1	1	1	1	1	1	1	1	1
OG_10114	1	1	1	1	1	0	1	1	1	2	1	3	1	0	1
OG_10115	1	1	2	2	1	1	1	1	1	2	1	1	1	1	3
OG_10116	1	1	1	1	1	1	1	1	1	1	1	1	1	1	1
OG_10117	1	1	1	1	1	1	1	1	1	1	1	1	1	1	1
OG_10118	1	1	1	2	1	4	1	1	2	1	1	4	2	0	1
OG_10119	1	1	1	1	1	1	1	1	1	1	1	3	2	1	1
OG_10120	4	1	1	1	1	1	2	2	1	1	1	1	2	2	1
OG_10121	2	1	1	2	1	2	1	1	1	1	2	0	2	1	1
OG_10122	3	1	1	2	1	0	0	1	3	1	1	0	2	0	0
OG_10123	0	0	0	0	0	3	1	0	0	0	0	1	0	1	1
OG_10124	1	1	1	2	4	2	1	1	1	1	2	1	1	1	1
OG_10125	2	1	1	2	1	1	2	1	2	2	1	2	1	1	1
OG_10126	1	1	1	1	1	1	1	1	1	1	2	4	1	1	1
OG_10127	1	1	1	2	1	2	1	1	1	1	1	2	2	1	1
OG_10128	2	1	3	2	1	0	1	1	1	1	1	0	1	0	1
OG_10129	1	1	1	1	1	1	1	1	1	1	1	1	1	1	1
OG_10130	1	1	1	1	1	1	1	1	2	1	1	1	1	1	1
OG_10131	1	1	1	1	1	1	1	1	1	1	1	1	1	1	1
OG_10132	1	1	1	3	1	1	1	1	1	1	1	2	1	1	1
OG_10133	1	1	1	1	1	1	1	1	1	1	1	1	1	1	1
OG_10134	1	1	1	1	1	2	1	1	2	3	2	1	1	1	1
OG_10135	1	1	1	1	1	1	1	1	1	1	1	1	2	2	1
OG_10136	1	1	1	2	1	1	1	1	1	1	1	2	1	0	1
OG_10137	1	1	1	1	1	1	1	1	2	1	1	1	1	1	1
OG_10138	1	1	1	2	1	1	1	1	1	1	1	1	1	1	1
OG_10139	5	1	1	3	1	1	2	1	1	1	2	1	3	1	1
OG_10140	2	1	1	4	1	1	1	1	2	1	2	1	4	0	1
OG_10141	2	1	1	1	1	1	1	1	1	1	1	4	2	1	1
OG_10142	1	1	1	1	1	1	1	1	1	1	1	2	1	1	1
OG_10143	1	1	1	1	1	1	1	2	1	1	1	1	1	1	1
OG_10144	1	2	1	1	1	1	1	1	4	1	1	1	1	1	2
OG_10145	1	1	1	1	1	3	1	1	2	1	0	1	2	1	1
OG_10146	1	1	1	1	1	1	1	1	1	1	1	0	1	1	1
OG_10147	0	1	0	0	1	0	0	1	1	2	0	0	0	0	1
OG_10148	2	1	1	1	1	1	3	1	1	1	1	2	2	1	1
OG_10149	14	2	2	5	3	0	6	1	1	3	1	4	6	0	0
OG_10150	1	1	1	1	1	2	1	1	2	1	2	2	1	2	1
OG_10151	1	1	1	1	1	1	1	1	0	1	1	1	1	0	1
OG_10152	1	1	1	2	1	1	2	1	1	1	0	2	3	1	1
OG_10153	2	1	1	1	1	0	1	2	2	1	3	1	2	0	1
OG_10154	2	2	2	4	2	3	2	1	3	1	2	0	3	1	2
OG_10155	4	1	1	2	2	0	1	1	2	1	2	1	2	0	0
OG_10156	4	1	1	2	1	0	2	1	1	1	1	1	4	0	1
OG_10157	2	0	1	4	1	2	1	1	2	1	3	4	1	0	1
OG_10158	1	1	1	1	1	1	1	2	1	1	1	1	1	1	1
OG_10159	0	2	0	1	0	0	0	1	1	1	0	0	0	0	0
OG_10160	2	2	1	1	1	2	2	1	1	1	2	5	4	1	1
OG_10161	2	2	2	2	2	1	2	3	3	3	3	1	2	2	1
OG_10162	2	1	1	1	1	1	3	1	1	1	1	7	3	2	1
OG_10163	1	1	1	1	1	1	1	1	1	1	1	1	1	1	1
OG_10164	2	2	1	3	1	2	1	1	1	3	1	1	1	1	1
OG_10165	1	1	1	1	1	1	1	1	1	1	1	0	1	1	2
OG_10166	1	1	2	1	1	2	1	1	3	1	1	1	1	1	1
OG_10167	0	0	1	0	0	0	0	1	0	0	0	0	0	0	0
OG_10168	1	1	2	2	1	1	1	1	1	1	2	1	1	1	1
OG_10169	1	1	2	1	1	0	1	1	2	1	1	8	1	0	1
OG_10170	1	1	1	1	2	1	1	1	1	1	1	1	1	1	1
OG_10171	1	1	3	1	1	1	1	1	1	1	2	1	1	1	1
OG_10172	1	1	1	1	1	2	1	1	2	1	1	2	1	1	1
OG_10173	1	1	1	1	1	2	2	1	1	1	1	2	1	1	1
OG_10174	1	1	1	1	2	3	1	1	1	1	1	3	1	0	1
OG_10175	0	0	0	0	0	0	0	0	0	0	0	1	0	0	1
OG_10176	2	1	1	1	1	1	2	1	1	1	1	1	2	1	1
OG_10177	1	1	1	1	1	1	1	1	1	1	2	1	1	1	1
OG_10178	1	1	1	1	1	1	1	1	1	1	1	1	1	1	1
OG_10179	2	2	1	1	1	2	1	1	2	2	1	3	1	1	4
OG_10180	1	1	1	1	1	1	1	1	1	1	1	1	1	1	1
OG_10181	1	1	1	2	1	1	1	1	1	1	1	1	2	1	1
OG_10182	1	1	1	1	1	1	1	1	1	1	1	1	1	1	1
OG_10183	1	1	1	2	1	1	1	1	1	1	1	1	1	1	1
OG_10184	2	2	2	2	2	1	3	2	2	2	3	1	2	1	4
OG_10185	1	1	1	1	1	2	1	1	1	1	1	1	1	1	1
OG_10186	1	1	1	5	1	0	1	1	1	1	1	0	1	0	1
OG_10187	1	1	1	1	1	2	1	1	1	1	1	2	2	1	1
OG_10188	2	1	1	0	1	1	1	1	1	1	1	1	1	0	1
OG_10189	1	1	1	1	1	1	1	1	2	1	0	3	1	1	1
OG_10190	1	1	1	0	1	1	1	2	1	1	1	1	1	1	1
OG_10191	2	1	1	1	1	1	2	1	3	1	2	1	2	2	1
OG_10192	2	2	7	3	2	1	2	2	2	2	2	1	2	0	1
OG_10193	1	1	1	1	1	1	1	1	1	1	1	1	1	1	1
OG_10194	1	1	1	1	1	1	1	1	1	1	1	1	1	1	1
OG_10195	1	1	1	1	1	0	1	1	1	2	1	1	1	0	0
OG_10196	1	1	1	1	1	0	1	3	1	2	1	1	1	0	1
OG_10197	1	1	1	1	1	2	1	1	1	1	0	1	1	1	1
OG_10198	1	1	1	1	1	1	2	1	1	1	1	1	1	1	1
OG_10199	1	1	1	1	1	1	1	1	1	1	1	1	1	1	1
OG_10200	1	1	1	1	1	1	1	1	1	1	1	2	1	0	1
OG_10201	1	1	1	1	1	1	1	1	1	1	1	1	1	1	1
OG_10202	1	1	2	1	1	1	1	1	1	1	2	2	1	1	0
OG_10203	1	1	1	1	1	1	1	1	1	1	1	1	1	1	1
OG_10204	2	1	2	1	1	4	1	2	2	1	1	3	1	1	1
OG_10205	1	1	2	1	1	1	1	1	1	2	1	3	1	1	1
OG_10206	1	1	2	2	1	2	1	1	1	1	1	2	1	1	1
OG_10207	1	1	1	1	1	1	1	1	1	1	1	1	1	1	1
OG_10208	1	1	1	1	1	1	2	1	1	1	1	1	2	1	1
OG_10209	2	1	1	1	1	2	1	1	1	1	1	1	1	0	1
OG_10210	4	1	1	1	3	1	1	1	3	1	1	1	2	3	0
OG_10211	1	1	1	1	1	1	1	1	1	1	1	1	1	3	1
OG_10212	1	1	2	1	1	1	1	5	1	3	1	5	1	1	1
OG_10213	6	2	2	1	2	0	4	1	1	2	2	1	1	0	0
OG_10214	1	2	1	1	1	1	1	3	1	7	4	6	1	1	1
OG_10215	0	0	0	0	0	0	0	4	0	0	1	0	0	0	1
OG_10216	1	1	1	2	1	1	1	1	1	1	1	3	1	1	1
OG_10217	1	1	1	1	1	1	1	1	1	1	1	1	1	1	1
OG_10218	1	2	1	1	1	2	1	1	1	1	1	1	1	1	1
OG_10219	1	1	1	1	1	1	1	1	1	1	1	1	1	2	1
OG_10220	1	1	1	1	1	1	1	1	1	1	1	1	1	1	1
OG_10221	2	2	1	2	1	1	1	1	2	3	1	1	1	1	1
OG_10222	2	1	1	1	1	4	1	1	1	1	1	1	1	1	1
OG_10223	2	2	1	1	1	1	1	1	1	1	1	5	1	1	1
OG_10224	1	1	1	1	1	1	1	1	1	1	1	1	1	0	1
OG_10225	1	1	1	2	1	1	1	1	1	1	1	1	1	1	1
OG_10226	1	1	1	1	1	1	1	1	1	1	1	1	1	1	1
OG_10227	1	1	0	1	1	1	1	1	1	2	1	1	1	0	1
OG_10228	2	1	1	0	1	0	1	1	1	0	1	1	2	0	1
OG_10229	2	1	1	2	1	3	1	1	1	2	1	2	1	0	1
OG_10230	5	9	7	7	10	4	8	7	7	5	5	8	7	2	9
OG_10231	0	2	0	0	0	0	0	1	0	1	1	1	0	0	1
OG_10232	1	1	1	1	1	2	1	1	1	1	1	1	1	0	1
OG_10233	2	1	1	1	1	1	1	1	1	1	1	1	1	1	1
OG_10234	1	1	1	1	1	1	1	1	1	1	1	1	1	3	1
OG_10235	1	1	1	2	1	1	1	1	1	3	1	4	1	1	2
OG_10236	7	1	1	1	1	1	1	1	1	1	2	1	1	1	2
OG_10237	3	1	1	2	1	1	2	1	1	2	1	1	2	1	1
OG_10238	1	1	1	1	2	2	1	1	1	1	2	2	1	2	2
OG_10239	1	1	1	1	1	0	1	1	0	1	1	3	1	0	1
OG_10240	1	1	1	1	1	0	2	1	1	2	2	1	1	0	1
OG_10241	1	1	1	1	1	1	1	1	2	2	1	1	1	1	2
OG_10242	1	1	1	2	1	0	1	1	1	1	1	1	1	0	1
OG_10243	1	1	1	1	1	0	1	1	1	1	1	0	1	0	1
OG_10244	1	1	1	1	1	1	1	1	1	1	1	1	1	1	1
OG_10245	1	1	1	1	1	1	1	1	1	1	1	2	1	1	1
OG_10246	3	1	1	3	1	1	6	1	1	1	1	1	3	1	0
OG_10247	2	1	1	0	1	0	3	1	1	1	1	1	2	0	0
OG_10248	1	1	1	3	1	3	1	1	1	1	1	2	2	1	1
OG_10249	1	1	1	1	1	2	1	1	1	1	1	2	2	1	1
OG_10250	1	1	1	1	1	0	1	1	1	1	1	5	1	0	1
OG_10251	1	1	1	1	1	1	1	1	1	0	1	1	1	1	1
OG_10252	0	0	0	0	0	0	0	0	0	1	0	0	0	0	1
OG_10253	1	1	1	1	1	0	1	1	1	1	1	1	1	0	1
OG_10254	1	1	1	1	1	1	2	1	1	1	1	2	1	1	2
OG_10255	1	1	1	1	1	1	1	1	1	1	1	0	1	1	1
OG_10256	1	1	1	1	1	1	1	1	1	1	1	1	1	2	1
OG_10257	2	1	1	1	1	1	2	1	1	4	1	4	2	1	1
OG_10258	1	1	2	1	1	1	1	1	1	1	1	2	1	1	1
OG_10259	2	1	1	1	2	1	1	1	1	1	1	1	1	1	1
OG_10260	1	1	1	1	1	0	1	3	1	1	1	1	1	0	1
OG_10261	0	0	0	0	0	1	0	0	0	0	0	0	0	1	0
OG_10262	2	1	1	3	1	1	1	1	1	2	2	3	1	1	1
OG_10263	1	1	1	1	1	1	1	2	1	1	1	1	1	1	1
OG_10264	1	1	1	1	1	2	1	1	1	2	1	3	1	1	1
OG_10265	1	1	1	1	1	2	1	1	1	1	1	1	1	1	1
OG_10266	1	1	1	1	1	4	1	1	1	1	1	3	1	1	1
OG_10267	1	1	1	1	1	1	1	1	1	1	1	5	1	1	2
OG_10268	1	1	1	1	1	0	1	1	1	1	0	1	1	0	1
OG_10269	1	1	1	1	1	1	1	1	1	1	1	1	1	0	1
OG_10270	2	1	1	1	1	1	1	1	1	1	1	2	1	1	1
OG_10271	1	1	1	1	1	1	1	1	1	1	1	1	1	0	1
OG_10272	1	1	1	1	1	0	1	1	1	1	0	1	1	0	1
OG_10273	1	1	1	1	1	1	1	1	1	1	1	1	1	2	1
OG_10274	1	1	1	1	1	1	1	1	1	1	1	1	1	1	1
OG_10275	2	1	1	3	1	1	3	1	1	4	1	1	1	2	1
OG_10276	2	1	0	3	1	1	2	1	2	1	2	1	1	1	1
OG_10277	2	1	2	1	1	1	1	1	0	2	1	1	2	2	2
OG_10278	1	1	0	1	1	0	1	1	1	2	1	1	1	0	1
OG_10279	1	1	1	2	1	3	2	1	1	1	2	1	2	1	2
OG_10280	1	1	1	0	1	0	1	1	1	1	0	1	1	0	1
OG_10281	1	1	1	1	1	1	1	1	1	1	1	0	1	1	1
OG_10282	2	2	3	3	2	1	1	3	2	5	1	0	3	0	0
OG_10283	0	0	0	0	0	0	1	0	0	0	1	1	1	1	1
OG_10284	3	2	4	3	5	0	3	1	5	1	0	0	3	0	0
OG_10285	1	1	1	3	1	2	1	1	1	1	1	1	1	1	1
OG_10286	2	1	1	1	1	0	2	1	1	2	1	2	2	0	3
OG_10287	4	2	3	1	3	0	3	1	2	1	0	1	5	0	0
OG_10288	2	1	1	2	1	0	1	1	1	2	0	0	1	0	0
OG_10289	0	0	0	1	0	0	0	1	0	1	0	0	0	0	0
OG_10290	1	1	1	3	1	1	1	1	1	1	1	1	1	1	1
OG_10291	1	1	1	2	1	1	1	2	1	1	1	1	1	2	1
OG_10292	3	1	1	2	1	1	2	1	2	1	1	3	1	1	1
OG_10293	1	1	1	1	1	1	1	1	1	1	1	1	1	1	1
OG_10294	3	1	1	1	1	0	1	1	1	3	0	3	2	0	1
OG_10295	2	1	2	1	1	1	1	1	1	2	1	6	2	2	2
OG_10296	1	1	1	1	1	1	4	1	1	2	1	2	1	1	1
OG_10297	1	1	1	1	1	1	1	1	1	1	0	1	1	1	1
OG_10298	1	1	1	1	1	1	1	1	1	1	1	1	1	2	1
OG_10299	1	1	1	2	1	1	1	1	1	1	1	4	1	1	1
OG_10300	3	1	1	4	1	1	2	1	1	3	1	1	2	1	1
OG_10301	1	1	2	1	1	1	1	2	1	1	1	1	1	1	1
OG_10302	1	1	1	1	1	1	1	1	1	1	1	1	1	2	1
OG_10303	3	1	1	1	1	1	2	1	1	1	1	1	2	1	1
OG_10304	1	1	1	1	1	1	1	1	1	1	2	1	1	1	1
OG_10305	1	1	1	1	1	2	1	1	1	1	1	1	1	1	1
OG_10306	2	2	1	2	1	2	1	1	1	1	1	9	1	3	3
OG_10307	0	0	0	0	0	0	0	0	0	0	1	6	0	0	0
OG_10308	1	2	1	2	2	1	1	1	2	1	1	0	1	1	1
OG_10309	1	2	1	2	1	1	1	1	1	1	1	1	1	0	1
OG_10310	2	1	1	1	1	1	1	1	1	1	2	1	1	0	1
OG_10311	1	1	1	1	1	2	1	1	1	1	1	1	2	1	1
OG_10312	2	1	1	1	1	2	1	1	1	1	1	0	1	1	1
OG_10313	2	3	1	1	1	3	1	1	2	1	2	1	2	6	1
OG_10314	1	1	1	1	1	0	1	1	1	1	0	0	1	0	1
OG_10315	1	1	1	1	1	1	1	1	1	1	1	8	1	1	1
OG_10316	1	1	1	1	1	1	1	1	1	1	1	1	1	3	1
OG_10317	1	1	1	1	1	5	1	1	1	1	1	2	1	1	1
OG_10318	1	1	1	1	1	1	1	1	1	1	1	1	1	1	1
OG_10319	1	1	1	1	1	1	1	1	1	1	2	1	1	1	1
OG_10320	2	1	1	1	1	0	1	1	1	1	3	1	1	0	1
OG_10321	1	1	1	1	1	1	1	1	1	1	0	1	1	1	1
OG_10322	1	1	1	1	0	0	1	1	1	1	1	2	1	0	1
OG_10323	1	1	1	1	2	1	1	1	2	2	1	0	1	0	1
OG_10324	2	1	1	2	1	3	2	1	2	1	1	2	2	0	1
OG_10325	1	1	1	1	1	1	1	1	1	1	0	1	1	1	1
OG_10326	1	1	1	1	1	1	1	1	0	1	1	1	1	4	1
OG_10327	1	1	1	1	1	4	1	1	1	3	1	3	1	1	1
OG_10328	2	1	1	1	1	0	1	1	1	1	1	1	2	0	1
OG_10329	2	2	1	3	1	1	1	1	1	1	1	1	1	1	1
OG_10330	1	1	1	1	1	3	1	2	1	1	1	1	2	0	1
OG_10331	1	2	1	1	1	0	1	1	1	1	1	2	1	0	1
OG_10332	1	1	1	1	1	1	1	1	1	1	1	1	1	1	1
OG_10333	7	1	1	1	1	1	2	1	1	1	1	1	1	1	1
OG_10334	1	1	1	1	1	0	1	1	0	1	0	1	1	0	1
OG_10335	1	1	1	1	1	2	1	1	1	1	1	1	1	1	1
OG_10336	1	1	1	1	1	4	1	1	3	0	1	1	1	1	1
OG_10337	1	1	1	2	1	0	1	1	1	1	1	2	1	0	1
OG_10338	1	1	1	2	1	2	2	1	1	1	2	3	1	2	0
OG_10339	1	1	0	1	1	1	1	1	1	1	1	1	2	1	0
OG_10340	1	2	1	1	1	1	1	1	1	0	3	2	1	1	1
OG_10341	1	1	1	1	1	1	1	1	1	1	1	1	1	1	1
OG_10342	1	1	1	1	1	2	1	1	1	1	1	1	1	1	1
OG_10343	1	1	1	1	1	1	1	1	1	1	1	1	1	1	1
OG_10344	9	0	1	4	1	1	4	1	1	3	1	2	4	1	0
OG_10345	2	2	3	2	1	2	1	1	2	2	1	3	1	1	1
OG_10346	1	1	1	1	1	1	1	1	1	1	1	1	1	1	1
OG_10347	1	1	1	2	1	1	1	1	1	1	1	1	1	1	1
OG_10348	1	2	1	2	1	2	2	1	1	1	1	1	1	1	1
OG_10349	0	0	0	0	0	1	0	0	0	0	0	0	0	1	0
OG_10350	2	1	1	1	1	1	1	1	1	2	1	2	1	1	1
OG_10351	1	1	1	1	1	1	0	1	1	1	1	1	0	1	1
OG_10352	1	1	1	1	1	1	1	1	1	1	0	1	1	1	1
OG_10353	1	1	1	3	1	1	1	1	1	2	2	0	1	1	1
OG_10354	1	1	1	1	1	2	2	1	1	1	1	2	1	1	1
OG_10355	1	1	1	1	1	2	1	1	1	1	1	1	1	1	1
OG_10356	1	1	1	1	1	1	1	1	1	1	1	1	1	1	1
OG_10357	2	1	1	1	1	1	1	1	1	1	1	1	1	1	1
OG_10358	0	0	0	0	1	0	0	0	0	0	0	0	0	0	1
OG_10359	2	1	1	1	1	2	1	1	1	1	1	1	2	1	1
OG_10360	9	2	4	3	2	1	4	1	1	5	0	1	3	2	1
OG_10361	3	1	1	5	1	4	1	1	1	1	1	2	1	4	1
OG_10362	1	1	1	1	1	1	1	1	1	1	2	1	1	0	1
OG_10363	3	17	2	12	19	1	2	3	21	13	5	5	2	1	1
OG_10364	1	1	1	1	1	1	2	1	1	1	1	1	1	1	3
OG_10365	1	1	1	1	1	2	1	1	2	1	1	1	1	3	2
OG_10366	1	0	0	1	0	0	0	0	0	1	0	0	0	0	1
OG_10367	1	1	2	1	1	1	1	1	1	1	1	1	1	1	1
OG_10368	1	1	1	1	2	1	1	1	2	1	1	1	1	1	0
OG_10369	2	1	1	2	1	1	3	1	1	1	1	0	3	1	1
OG_10370	3	1	1	1	1	1	1	1	1	1	1	1	1	1	0
OG_10371	0	1	1	0	1	0	2	1	1	0	0	1	1	0	0
OG_10372	1	1	1	1	1	1	0	1	1	1	1	1	1	1	1
OG_10373	1	1	1	1	1	2	1	1	1	1	1	1	1	1	1
OG_10374	1	1	1	1	1	2	1	1	1	1	0	1	1	1	1
OG_10375	1	1	1	1	1	1	1	1	1	1	1	1	1	2	1
OG_10376	1	1	1	2	1	1	2	1	1	1	1	3	1	1	1
OG_10377	1	1	2	1	1	2	1	1	1	1	1	2	1	1	1
OG_10378	1	1	1	1	1	1	1	1	1	1	1	1	1	1	1
OG_10379	1	1	1	1	1	1	1	1	1	1	1	2	1	1	1
OG_10380	1	1	1	4	1	1	2	1	2	1	1	1	1	1	1
OG_10381	1	1	1	1	1	1	1	1	1	1	1	1	1	1	1
OG_10382	1	1	1	1	1	1	1	1	1	1	1	1	1	2	1
OG_10383	1	1	1	1	1	1	1	1	2	2	1	0	1	2	0
OG_10384	1	1	1	1	1	1	1	1	2	2	1	0	1	1	1
OG_10385	1	1	2	1	1	0	1	1	1	1	1	1	1	1	1
OG_10386	1	1	1	1	1	2	1	1	1	1	1	1	1	1	1
OG_10387	1	2	1	1	2	1	2	1	1	1	3	3	1	2	1
OG_10388	0	1	0	0	0	0	1	1	0	0	0	1	1	0	1
OG_10389	0	1	0	0	0	0	0	0	0	0	0	4	0	0	1
OG_10390	1	1	1	1	1	4	1	1	1	1	1	1	1	1	1
OG_10391	3	1	1	3	1	1	1	1	1	4	1	2	1	1	1
OG_10392	1	1	1	1	1	1	1	1	1	1	0	1	1	1	1
OG_10393	1	1	1	1	1	0	2	1	1	1	1	3	2	0	1
OG_10394	2	1	1	1	1	1	1	1	1	1	1	1	1	1	1
OG_10395	3	1	1	4	1	2	2	1	1	1	1	1	2	2	2
OG_10396	0	1	1	0	1	0	1	1	1	0	1	1	1	1	1
OG_10397	1	1	1	1	1	1	1	1	1	1	1	1	1	0	1
OG_10398	6	1	1	2	1	1	1	1	1	1	1	1	1	0	1
OG_10399	1	1	1	1	1	0	2	1	1	1	1	1	2	1	1
OG_10400	0	1	1	0	1	0	1	1	1	0	0	1	1	0	1
OG_10401	3	1	1	2	1	1	1	1	1	1	2	1	3	0	1
OG_10402	0	1	1	0	1	0	1	1	1	0	0	1	1	1	1
OG_10403	0	1	1	0	1	0	1	1	1	0	1	1	1	1	1
OG_10404	1	2	1	1	1	2	1	1	2	1	1	2	1	2	2
OG_10405	0	0	0	0	1	1	1	0	0	1	0	1	0	1	0
OG_10406	0	1	1	1	1	0	1	1	1	1	0	0	1	0	1
OG_10407	2	1	1	1	1	1	4	1	1	1	1	2	0	1	1
OG_10408	0	1	1	0	0	0	0	0	1	0	0	1	0	0	0
OG_10409	1	1	0	1	2	0	0	1	1	1	0	1	0	0	0
OG_10410	0	1	1	0	4	0	2	1	1	0	0	0	1	0	0
OG_10411	2	1	1	4	1	3	2	2	1	2	1	1	1	1	1
OG_10412	0	1	1	1	1	1	1	1	0	1	0	1	1	1	1
OG_10413	0	1	1	0	0	0	0	1	0	0	0	1	1	0	1
OG_10414	0	1	1	2	1	0	0	1	1	1	0	1	0	0	1
OG_10415	0	1	0	1	1	0	3	1	1	1	0	2	3	0	1
OG_10416	1	1	1	1	1	0	1	1	1	1	0	0	1	1	1
OG_10417	0	1	1	1	1	0	1	1	1	1	1	1	1	1	1
OG_10418	0	1	1	0	1	0	0	2	1	1	0	0	0	0	1
OG_10419	0	1	1	1	1	2	0	2	2	2	1	5	0	3	0
OG_10420	0	1	1	1	1	0	0	1	2	1	0	0	0	0	0
OG_10421	0	0	0	0	0	0	0	0	0	0	1	2	0	0	1
OG_10422	1	1	1	1	0	0	1	1	1	1	1	1	1	0	1
OG_10423	0	1	0	1	1	0	0	1	1	1	2	5	0	0	1
OG_10424	2	2	6	1	1	1	2	1	2	1	1	1	2	1	1
OG_10425	0	1	0	1	1	0	0	1	1	1	1	1	0	0	1
OG_10426	0	0	0	0	0	0	2	0	0	0	0	0	1	0	0
OG_10427	1	1	1	2	1	0	16	2	1	2	0	0	9	0	0
OG_10428	1	1	1	1	1	0	2	1	1	1	1	0	1	0	0
OG_10429	1	1	1	2	3	0	1	1	1	1	0	0	1	0	0
OG_10430	5	2	0	1	18	0	14	3	1	1	0	0	2	0	0
OG_10431	0	2	3	1	1	0	0	2	2	1	0	0	0	0	0
OG_10432	1	1	1	4	1	0	1	1	1	2	0	0	1	0	0
OG_10433	0	0	2	0	1	0	1	0	0	0	0	0	1	0	0
OG_10434	2	2	2	2	3	0	2	2	2	2	2	1	2	0	0
OG_10435	0	1	1	0	1	0	1	1	1	0	1	0	1	0	1
OG_10436	1	2	1	0	2	0	1	2	1	1	1	0	1	0	0
OG_10437	3	1	1	2	1	1	1	1	1	4	1	7	2	1	0
OG_10438	0	1	0	0	1	0	1	1	1	1	0	0	1	0	1
OG_10439	2	1	1	1	1	1	1	1	1	1	1	0	1	1	2
OG_10440	1	1	1	1	1	1	1	1	1	3	1	1	1	1	1
OG_10441	1	1	1	1	1	0	1	1	1	4	0	0	1	0	0
OG_10442	1	1	1	1	1	2	1	1	1	2	1	0	1	0	0
OG_10443	1	5	2	1	1	0	4	3	3	2	2	4	2	0	1
OG_10444	0	1	1	1	1	1	1	1	1	1	1	1	1	1	1
OG_10445	1	1	1	1	1	2	1	1	1	1	1	1	1	1	1
OG_10446	0	1	0	1	1	0	1	1	1	1	1	1	1	1	1
OG_10447	6	4	6	5	4	0	6	1	1	4	3	1	6	0	0
OG_10448	0	1	0	1	1	3	0	1	1	1	1	1	0	1	1
OG_10449	0	1	1	0	1	0	0	1	0	0	0	1	1	0	1
OG_10450	0	1	1	1	2	2	1	1	1	1	1	2	1	0	1
OG_10451	1	1	1	2	1	0	1	1	0	1	1	1	0	0	1
OG_10452	1	1	1	1	2	0	1	1	5	1	3	2	1	0	1
OG_10453	1	4	1	1	3	6	2	1	2	1	1	6	2	1	1
OG_10454	2	1	2	1	1	0	2	1	1	1	2	1	2	0	1
OG_10455	4	1	1	1	1	1	3	1	2	1	1	1	2	0	1
OG_10456	0	1	1	0	1	0	1	1	1	0	0	1	1	0	1
OG_10457	1	1	1	1	1	0	1	1	1	2	1	0	1	0	1
OG_10458	0	1	1	0	1	1	1	1	1	0	0	1	1	1	1
OG_10459	0	1	1	0	1	1	1	1	1	0	1	1	1	1	1
OG_10460	0	1	2	1	1	1	1	1	1	1	0	1	1	1	1
OG_10461	0	2	1	0	2	1	2	1	0	0	0	0	1	0	1
OG_10462	0	1	1	1	1	1	1	1	1	1	1	1	1	1	1
OG_10463	0	1	0	0	0	0	1	1	1	0	0	1	1	0	1
OG_10464	1	1	1	2	1	1	1	1	1	1	2	1	1	1	1
OG_10465	1	1	1	1	1	0	1	1	1	1	0	0	0	1	1
OG_10466	0	2	2	1	2	0	4	2	2	1	1	0	3	0	1
OG_10467	1	1	1	1	1	1	1	1	1	2	1	2	1	1	1
OG_10468	0	1	1	0	1	0	1	1	1	1	1	0	1	0	1
OG_10469	2	5	1	1	1	3	1	1	1	1	2	2	1	1	2
OG_10470	3	1	1	3	1	6	0	1	2	1	2	6	2	1	1
OG_10471	0	1	1	1	1	1	1	1	1	1	0	1	1	1	1
OG_10472	0	1	1	1	1	5	1	1	1	0	1	1	1	3	1
OG_10473	0	1	1	1	1	2	1	1	1	1	1	1	1	1	1
OG_10474	5	2	1	1	1	1	2	1	1	3	1	1	0	2	1
OG_10475	2	1	1	1	1	1	3	1	1	1	1	1	1	1	1
OG_10476	1	1	1	1	1	1	1	1	1	1	1	1	1	1	0
OG_10477	1	1	1	1	1	1	1	1	1	1	0	0	1	0	1
OG_10478	2	1	1	1	2	0	2	2	2	1	2	1	2	0	0
OG_10479	0	1	0	0	1	1	1	1	0	0	0	1	0	1	1
OG_10480	1	1	1	1	1	1	1	1	1	1	2	1	1	2	1
OG_10481	1	1	1	1	1	0	1	1	1	2	1	1	1	0	1
OG_10482	0	1	1	0	1	0	1	1	1	1	0	1	1	0	1
OG_10483	2	2	3	2	2	0	2	2	2	2	1	2	2	0	1
OG_10484	1	1	2	2	1	1	2	1	1	2	1	3	2	1	1
OG_10485	4	7	5	5	4	1	4	5	5	6	2	3	3	1	2
OG_10486	1	1	1	1	1	0	1	1	1	1	1	1	1	0	1
OG_10487	1	1	1	1	1	1	1	1	1	1	1	2	1	1	1
OG_10488	1	2	1	2	1	2	1	2	2	2	2	1	1	2	1
OG_10489	1	1	1	2	1	2	1	1	1	2	1	2	1	1	1
OG_10490	1	1	1	1	1	0	1	1	1	2	1	1	1	0	1
OG_10491	1	1	2	1	1	1	1	1	2	1	4	1	1	2	1
OG_10492	1	1	1	2	1	0	1	1	3	3	2	2	2	0	1
OG_10493	2	1	1	1	1	0	1	1	1	1	1	1	1	0	1
OG_10494	1	1	1	1	1	0	1	1	1	1	2	2	1	0	1
OG_10495	1	1	1	1	2	3	1	1	1	1	2	1	1	0	7
OG_10496	4	1	1	3	1	1	1	1	1	3	1	3	1	1	6
OG_10497	1	1	1	1	2	0	1	1	1	1	1	1	1	0	1
OG_10498	1	1	1	1	1	3	2	1	1	1	4	1	1	3	2
OG_10499	3	2	2	2	2	0	2	2	2	4	2	1	2	0	1
OG_10500	1	1	1	6	1	1	1	1	1	3	1	3	1	0	2
OG_10501	1	1	1	2	1	1	2	1	1	1	1	1	2	1	1
OG_10502	1	1	1	1	1	1	1	1	1	1	2	1	1	0	1
OG_10503	0	1	0	2	1	0	0	0	1	0	1	1	0	0	1
OG_10504	7	4	4	6	3	1	4	3	4	1	3	3	4	1	5
OG_10505	1	0	1	1	1	2	1	1	1	0	1	1	1	1	1
OG_10506	3	1	1	1	1	0	2	0	2	1	1	3	2	0	0
OG_10507	4	1	1	1	1	0	2	1	1	0	1	0	1	0	1
OG_10508	2	1	1	3	1	1	1	1	1	1	1	0	1	1	1
OG_10509	0	1	1	0	1	1	1	1	0	0	0	1	1	1	1
OG_10510	1	1	1	1	1	1	1	1	1	1	2	1	1	0	1
OG_10511	0	1	0	0	0	0	0	0	0	0	0	0	0	0	1
OG_10512	0	0	0	0	0	1	0	0	0	0	1	3	0	1	3
OG_10513	2	1	1	3	1	0	1	1	1	1	1	1	1	1	1
OG_10514	1	1	1	1	1	0	1	1	1	1	1	1	1	0	0
OG_10515	1	1	0	1	0	0	1	1	1	1	1	2	1	2	4
OG_10516	0	0	0	0	0	0	0	0	0	0	1	1	0	0	1
OG_10517	0	0	0	0	0	0	0	0	0	0	1	1	0	0	1
OG_10518	0	0	0	0	0	1	1	0	1	0	1	1	1	1	1
OG_10519	5	1	1	2	1	0	1	1	1	3	1	1	1	0	1
OG_10520	2	1	1	1	1	0	2	1	1	1	1	1	2	0	1
OG_10521	0	0	0	0	0	1	0	0	0	0	0	0	0	1	0
OG_10522	0	1	1	1	1	0	0	1	1	1	1	1	0	0	1
OG_10523	2	1	1	1	1	1	1	1	1	1	1	1	1	1	1
OG_10524	3	1	1	2	1	2	1	1	1	1	2	3	2	2	2
OG_10525	0	1	1	2	1	0	1	1	0	1	1	0	1	0	1
OG_10526	9	1	1	6	2	3	6	2	1	7	1	1	3	3	5
OG_10527	0	0	0	0	0	0	0	0	0	0	1	0	0	0	1
OG_10528	1	1	2	2	1	1	1	1	1	2	1	3	1	0	1
OG_10529	0	1	0	3	1	0	0	1	1	3	0	0	0	0	1
OG_10530	0	0	0	0	0	3	0	0	0	0	0	0	0	3	0
OG_10531	6	1	1	0	0	0	2	1	1	3	0	0	3	0	0
OG_10532	0	0	0	0	0	2	0	0	0	0	0	1	0	1	0
OG_10533	1	2	1	1	1	2	1	1	1	1	1	0	1	2	1
OG_10534	0	0	0	0	0	1	0	0	0	0	1	1	0	2	1
OG_10535	0	0	0	0	0	0	0	0	0	0	1	1	0	0	1
OG_10536	1	1	1	1	1	0	2	1	1	1	1	1	2	0	0
OG_10537	0	0	1	0	0	0	1	1	1	0	1	0	1	1	1
OG_10538	1	1	1	1	2	0	1	1	1	1	1	1	1	0	1
OG_10539	3	1	1	1	1	1	1	1	1	2	2	1	1	0	2
OG_10540	1	1	1	4	1	3	1	2	1	4	2	1	0	0	1
OG_10541	2	1	1	1	1	0	2	1	1	1	1	1	2	0	1
OG_10542	0	0	0	0	0	1	0	0	0	0	0	0	0	1	0
OG_10543	1	1	1	1	1	1	1	1	2	1	1	1	1	1	1
OG_10544	3	1	1	2	1	2	1	1	1	2	1	1	1	0	0
OG_10545	1	1	1	1	1	2	1	0	1	1	1	1	1	1	2
OG_10546	1	1	1	0	1	0	1	1	1	1	1	0	1	0	1
OG_10547	0	0	0	0	0	0	0	1	0	0	0	0	0	0	1
OG_10548	0	1	1	0	1	0	1	1	1	1	1	1	1	0	0
OG_10549	1	1	2	1	1	1	1	1	1	1	2	1	1	1	0
OG_10550	2	1	1	1	1	0	2	1	1	1	2	1	1	0	4
OG_10551	0	1	1	2	1	0	1	1	1	1	1	1	1	0	1
OG_10552	1	2	1	1	1	1	1	1	1	0	1	1	1	1	1
OG_10553	2	1	1	1	1	1	2	1	1	1	0	1	2	0	0
OG_10554	0	0	0	0	0	0	0	0	0	0	0	1	0	0	1
OG_10555	0	0	1	0	1	0	1	0	1	0	0	1	1	0	1
OG_10556	0	1	0	0	0	0	0	0	0	0	1	1	0	0	0
OG_10557	0	0	1	0	1	0	1	1	1	0	0	1	1	0	0
OG_10558	1	0	1	1	1	5	1	1	1	2	1	1	1	1	1
OG_10559	3	1	1	1	1	1	1	1	1	1	1	1	1	0	0
OG_10560	0	0	0	0	0	0	0	0	0	0	0	1	0	0	1
OG_10561	5	1	1	1	2	1	2	1	1	1	1	1	2	1	1
OG_10562	0	0	0	0	0	0	0	0	0	0	0	2	0	0	1
OG_10563	1	1	1	1	1	1	2	1	1	2	2	3	2	1	1
OG_10564	1	1	1	1	1	1	1	1	1	2	1	0	1	0	1
OG_10565	0	1	1	0	1	0	1	1	1	0	0	2	1	0	1
OG_10566	6	1	1	3	1	0	3	1	1	4	0	1	3	0	1
OG_10567	1	1	1	0	1	0	1	1	1	0	2	0	1	0	1
OG_10568	1	1	1	1	1	0	1	1	1	2	0	0	1	0	0
OG_10569	1	1	2	1	1	1	1	2	1	2	1	1	1	1	1
OG_10570	2	1	1	1	1	0	1	1	1	2	1	1	2	0	1
OG_10571	11	2	1	2	1	0	4	1	1	1	0	0	6	0	0
OG_10572	0	1	1	1	1	0	1	1	1	1	1	1	1	0	0
OG_10573	13	5	5	10	9	3	7	9	4	8	3	4	7	1	3
OG_10574	1	1	1	1	2	0	1	1	1	1	1	1	1	0	1
OG_10575	0	0	0	0	0	0	0	0	0	0	0	1	0	0	1
OG_10576	1	1	1	1	1	0	1	1	1	1	1	1	1	0	1
OG_10577	0	0	1	0	0	0	1	1	0	0	0	1	0	1	1
OG_10578	1	1	0	1	1	0	1	1	1	1	0	1	1	0	0
OG_10579	2	2	1	3	1	0	3	1	1	4	0	1	3	0	0
OG_10580	0	0	0	0	0	0	1	0	0	0	0	0	1	0	1
OG_10581	1	0	1	1	1	0	1	1	1	1	3	1	1	0	0
OG_10582	1	1	1	2	1	10	1	1	1	1	1	1	1	1	1
OG_10583	5	1	1	3	1	0	1	1	1	4	0	0	1	1	1
OG_10584	5	4	1	1	1	5	1	1	2	2	1	0	2	3	1
OG_10585	0	1	0	0	0	0	0	0	7	0	0	0	0	0	0
OG_10586	1	1	1	1	1	1	1	1	1	2	1	1	1	1	3
OG_10587	0	0	0	0	0	2	0	0	0	0	0	0	0	1	1
OG_10588	2	1	1	1	1	2	1	1	1	1	2	5	1	1	3
OG_10589	2	1	1	3	1	0	1	1	1	3	0	1	1	0	0
OG_10590	4	1	1	1	3	0	2	1	1	4	0	0	1	0	2
OG_10591	2	1	1	5	1	1	3	1	1	2	2	4	2	0	2
OG_10592	0	5	3	0	5	2	11	0	3	0	1	0	7	2	3
OG_10593	4	3	1	3	1	3	4	1	2	1	1	2	2	1	5
OG_10594	1	1	1	1	1	1	2	1	3	1	1	1	2	1	1
OG_10595	31	2	4	4	2	16	3	2	2	2	2	2	10	16	19
OG_10596	4	8	3	6	10	2	2	3	4	11	2	6	2	4	2
OG_10597	1	1	0	2	2	0	1	1	1	1	0	0	1	0	1
OG_10598	0	0	0	0	0	1	0	0	0	0	0	0	0	0	1
OG_10599	0	0	0	0	0	1	0	0	0	0	0	0	0	0	4
OG_10600	2	1	1	2	1	0	2	1	1	0	1	1	2	0	1
OG_10601	1	3	1	5	3	3	1	4	3	6	3	3	1	5	5
OG_10602	1	1	1	1	1	1	1	1	1	1	1	1	1	1	4
OG_10603	4	4	1	1	2	4	3	3	2	2	2	2	3	1	2
OG_10604	1	1	1	1	1	0	1	1	1	1	1	2	1	0	0
OG_10605	0	1	1	1	1	1	1	1	1	1	1	0	1	1	1
OG_10606	1	2	1	1	1	1	1	2	1	1	1	0	1	2	2
OG_10607	0	0	0	0	0	3	0	0	0	0	0	0	0	0	1
OG_10608	2	1	1	1	1	3	1	1	1	1	1	1	1	0	1
OG_10609	0	1	1	0	1	0	1	1	0	1	0	1	1	0	5
OG_10610	0	0	3	0	1	1	1	1	1	1	1	1	1	1	0
OG_10611	4	0	0	1	1	1	1	1	1	4	1	1	1	1	0
OG_10612	2	1	1	1	1	1	1	1	1	1	1	3	2	2	11
OG_10613	1	1	1	1	1	1	1	1	1	1	2	1	1	1	3
OG_10614	1	1	1	1	1	1	1	1	1	1	1	3	1	1	2
OG_10615	1	1	1	1	1	1	1	1	1	1	1	9	1	1	3
OG_10616	5	2	2	2	2	1	2	2	3	2	2	4	2	1	6
OG_10617	1	1	1	1	1	0	1	1	1	1	1	1	2	0	9
OG_10618	4	3	4	8	4	2	4	3	3	9	1	3	4	1	0
OG_10619	7	1	1	3	1	8	4	1	3	2	1	3	1	2	1
OG_10620	0	0	0	0	0	1	0	0	0	0	0	0	0	0	1
OG_10621	2	1	1	1	1	0	1	1	1	1	2	1	1	0	2
OG_10622	1	1	1	1	1	1	1	1	1	1	1	1	1	1	11
OG_10623	0	1	0	1	1	0	1	1	1	1	2	0	1	0	0
OG_10624	1	1	1	1	1	1	1	1	1	1	1	0	1	1	2
OG_10625	6	1	1	1	1	0	1	1	2	2	2	1	2	0	1
OG_10626	1	1	1	1	1	2	1	1	1	1	1	2	1	2	2
OG_10627	1	1	1	1	1	1	1	1	1	1	1	1	1	3	2
OG_10628	2	1	1	2	1	3	1	1	1	1	1	2	3	1	0
OG_10629	0	0	0	0	0	0	1	0	0	0	0	0	0	0	1
OG_10630	0	1	1	0	1	0	1	2	1	0	0	0	1	0	0
OG_10631	0	0	4	2	1	0	3	0	1	1	1	0	2	0	0
OG_10632	2	1	3	1	3	0	2	1	3	1	1	0	2	0	0
OG_10633	1	1	3	1	1	0	1	1	1	1	1	2	1	0	8
OG_10634	0	0	2	0	0	0	0	0	0	0	0	0	1	0	1
OG_10635	0	1	0	0	0	0	1	0	0	0	0	0	1	0	1
OG_10636	6	1	2	3	1	0	2	1	1	1	0	0	3	0	1
OG_10637	1	1	3	1	1	0	2	1	1	1	1	1	1	0	10
OG_10638	1	0	1	0	4	0	1	0	0	0	1	0	0	0	3
OG_10639	0	0	0	0	0	1	0	0	0	0	0	0	0	0	1
OG_10640	1	1	1	1	1	1	1	1	1	1	1	1	1	1	6
OG_10641	0	0	1	1	1	0	0	1	1	1	0	0	0	0	1
OG_10642	1	1	1	1	1	2	1	1	1	1	1	1	1	0	0
OG_10643	1	1	1	1	1	1	1	1	1	1	1	1	1	1	2
OG_10644	1	1	1	1	1	1	1	1	1	1	1	1	1	1	1
OG_10645	1	1	1	1	1	1	1	1	1	1	4	3	1	0	1
OG_10646	1	1	1	0	1	0	2	1	1	2	0	2	2	0	0
OG_10647	1	2	1	1	1	1	2	1	1	1	1	1	2	0	2
OG_10648	0	0	0	0	0	1	0	0	0	0	0	0	0	0	4
OG_10649	1	1	1	1	1	1	3	1	2	1	1	3	3	1	1
OG_10650	1	2	1	1	1	2	1	1	1	1	1	1	1	2	1
OG_10651	0	0	0	0	0	0	1	0	1	0	0	0	0	0	1
OG_10652	1	1	1	1	1	1	1	1	1	1	1	2	1	1	6
OG_10653	0	0	1	0	1	0	0	0	0	0	0	0	0	0	1
OG_10654	2	1	1	1	1	1	1	1	1	4	1	1	1	0	1
OG_10655	0	0	0	0	0	0	0	0	0	0	1	2	0	0	1
OG_10656	0	1	1	1	1	0	1	1	1	1	0	1	1	0	0
OG_10657	0	2	1	1	1	0	2	1	2	1	0	0	1	0	0
OG_10658	0	2	1	0	3	0	1	1	2	0	0	2	2	0	0
OG_10659	1	2	2	1	2	0	2	2	2	1	2	0	2	0	1
OG_10660	0	1	1	2	1	0	1	1	1	0	1	0	1	0	1
OG_10661	0	1	0	0	0	0	0	0	0	0	0	0	0	0	3
OG_10662	1	1	1	1	1	0	2	1	1	1	1	2	1	0	0
OG_10663	2	1	1	3	1	0	3	1	1	0	1	1	1	0	1
OG_10664	2	1	1	1	1	0	1	1	1	1	1	0	2	0	1
OG_10665	3	4	4	3	4	18	4	4	4	3	6	9	4	2	3
OG_10666	0	1	1	1	1	4	1	0	1	0	0	1	1	0	6
OG_10667	1	1	1	2	1	1	1	1	1	1	1	1	1	0	3
OG_10668	2	7	3	4	6	0	3	5	2	3	0	0	4	0	16
OG_10669	2	1	1	1	1	5	2	1	1	1	2	1	1	1	2
OG_10670	1	1	1	2	1	0	1	1	1	1	0	0	1	0	0
OG_10671	1	1	1	1	0	0	1	1	1	1	1	1	1	0	1
OG_10672	2	2	2	2	2	1	2	2	2	2	2	11	2	2	1
OG_10673	2	1	1	1	1	2	1	1	1	1	1	1	1	1	1
OG_10674	1	1	1	1	1	2	1	1	1	1	1	1	1	0	4
OG_10675	1	1	1	1	1	1	1	1	1	1	1	1	1	2	2
OG_10676	1	1	1	1	1	0	1	1	1	1	1	1	1	0	0
OG_10677	0	0	4	0	0	1	0	0	0	0	0	0	0	0	1
OG_10678	1	0	2	2	1	1	1	1	1	2	1	1	1	1	1
OG_10679	2	1	1	1	1	1	1	1	1	2	1	1	1	1	0
OG_10680	1	1	1	2	1	3	1	1	1	1	1	4	1	2	3
OG_10681	2	2	2	1	2	3	3	1	2	1	1	1	2	6	1
OG_10682	1	1	1	1	1	1	1	1	1	1	1	2	1	1	1
OG_10683	1	1	1	1	1	2	1	1	1	1	2	3	1	1	3
OG_10684	3	1	1	1	1	1	1	1	1	1	2	2	1	1	2
OG_10685	1	1	1	2	1	1	1	1	1	1	2	3	2	1	5
OG_10686	1	1	1	1	1	2	2	1	1	1	1	2	1	4	1
OG_10687	0	1	1	0	1	0	1	2	2	0	0	0	1	0	0
OG_10688	1	1	2	1	3	5	1	1	1	2	1	1	1	4	1
OG_10689	4	1	1	1	1	2	2	1	1	1	1	3	4	3	7
OG_10690	1	1	2	3	2	1	1	1	2	0	1	1	1	1	7
OG_10691	2	3	2	1	1	2	1	1	1	1	1	1	1	4	1
OG_10692	3	4	2	3	8	0	3	2	2	3	1	1	2	0	1
OG_10693	2	1	1	1	1	3	3	1	1	0	1	2	0	3	1
OG_10694	1	1	1	1	2	1	1	1	1	1	1	2	1	2	0
OG_10695	1	1	1	1	1	2	1	1	1	1	1	2	1	1	1
OG_10696	1	1	1	1	1	1	1	1	2	2	2	1	2	2	1
OG_10697	1	1	1	1	1	1	1	1	1	1	2	1	2	2	1
OG_10698	1	0	1	1	1	1	1	2	1	1	1	0	1	2	1
OG_10699	11	1	1	7	1	1	2	1	1	4	1	2	2	2	1
OG_10700	9	1	1	1	2	2	2	1	1	4	1	7	3	3	1
OG_10701	3	1	1	1	1	3	1	1	1	1	1	1	1	2	0
OG_10702	1	1	1	1	1	2	2	1	2	1	2	1	2	3	1
OG_10703	1	1	1	1	1	1	1	1	1	1	1	3	2	3	1
OG_10704	5	1	1	1	1	4	2	1	3	1	1	0	1	3	1
OG_10705	1	1	1	1	1	1	4	1	1	1	1	1	1	1	1
OG_10706	2	1	2	1	1	2	2	1	1	1	1	2	1	2	1
OG_10707	1	1	1	2	1	2	1	1	1	1	1	7	1	1	1
OG_10708	1	1	1	1	1	3	1	1	2	1	2	6	1	4	1
OG_10709	2	2	1	1	1	3	1	1	1	2	1	4	2	3	1
OG_10710	3	1	2	3	1	1	1	1	2	2	2	4	1	3	0
OG_10711	3	2	2	1	1	1	2	2	2	2	3	1	2	6	1
OG_10712	3	1	1	1	1	3	2	1	1	2	2	4	3	2	0
OG_10713	1	1	1	2	2	1	1	1	1	1	1	1	1	3	2
OG_10714	2	1	1	2	1	4	1	1	1	2	2	1	1	2	1
OG_10715	2	1	2	2	5	2	1	1	4	1	6	1	4	7	1
OG_10716	1	1	1	2	1	1	1	1	1	1	2	1	1	2	1
OG_10717	3	1	1	2	1	3	2	1	1	2	1	1	2	3	1
OG_10718	8	1	1	3	1	1	3	1	1	3	1	2	2	1	2
OG_10719	1	1	1	1	1	2	1	1	1	3	1	1	1	2	1
OG_10720	1	1	1	1	1	1	1	1	1	1	1	1	1	0	2
OG_10721	0	0	0	0	0	1	0	0	0	0	0	0	0	3	1
OG_10722	4	1	1	4	1	1	3	2	1	1	2	1	3	5	1
OG_10723	2	1	1	2	1	2	2	1	1	1	1	3	2	3	1
OG_10724	1	1	1	1	1	2	1	1	1	1	1	2	1	2	1
OG_10725	1	1	1	1	1	1	1	1	1	2	1	1	1	2	0
OG_10726	1	2	1	1	1	1	1	1	2	2	3	1	1	3	0
OG_10727	4	3	2	6	1	1	2	7	3	6	1	6	1	1	4
OG_10728	1	2	1	1	1	1	1	1	1	1	1	3	1	2	1
OG_10729	1	1	3	1	1	1	1	1	1	1	1	1	1	2	1
OG_10730	1	1	3	1	1	2	1	1	1	1	1	1	1	2	1
OG_10731	3	2	1	1	1	2	1	1	1	1	1	3	1	1	1
OG_10732	4	1	1	3	1	1	1	1	3	1	1	1	1	2	1
OG_10733	1	1	1	1	3	1	1	1	2	1	1	1	1	1	0
OG_10734	1	3	1	1	1	2	1	1	1	1	1	2	1	1	1
OG_10735	0	0	0	1	0	0	0	0	0	0	0	3	0	1	0
OG_10736	1	1	1	1	1	3	1	1	3	1	1	2	1	2	2
OG_10737	1	1	1	1	1	2	1	1	1	1	1	1	1	1	2
OG_10738	1	1	1	1	1	1	1	1	1	1	1	1	1	3	1
OG_10739	5	1	1	2	1	0	3	1	1	1	1	1	2	0	0
OG_10740	0	0	0	0	0	1	0	0	0	0	0	0	0	1	0
OG_10741	2	2	1	1	1	1	1	1	13	1	1	1	1	1	1
OG_10742	1	0	0	0	0	0	2	0	1	0	0	0	0	1	0
OG_10743	1	3	1	2	1	2	1	1	1	1	1	1	2	1	1
OG_10744	2	0	0	1	1	3	1	1	1	1	2	1	1	2	1
OG_10745	1	1	2	1	1	0	1	1	1	1	1	1	1	0	0
OG_10746	1	3	1	1	1	1	2	1	1	1	2	4	1	1	0
OG_10747	1	1	1	1	1	1	1	1	1	2	1	1	2	1	0
OG_10748	1	1	1	1	2	1	1	1	1	1	1	2	2	2	1
OG_10749	2	1	1	3	1	1	1	1	1	1	1	1	2	2	1
OG_10750	1	1	1	1	3	2	1	1	1	1	1	1	1	1	1
OG_10751	1	1	1	1	1	2	1	1	1	1	1	1	1	1	1
OG_10752	0	0	0	0	0	0	0	0	0	0	0	1	0	1	0
OG_10753	1	1	1	2	1	2	1	1	1	1	1	2	1	1	1
OG_10754	0	0	0	0	0	0	0	0	0	0	2	0	0	1	0
OG_10755	1	2	0	3	1	1	1	1	2	1	1	5	1	1	1
OG_10756	1	1	1	1	1	2	1	1	1	1	2	2	1	1	0
OG_10757	2	1	1	1	1	1	1	1	1	1	1	5	1	1	1
OG_10758	0	0	0	0	0	2	0	0	0	0	1	1	0	1	0
OG_10759	1	2	1	1	1	1	1	1	2	1	1	2	1	1	1
OG_10760	9	1	2	5	1	3	1	1	1	6	1	1	2	1	0
OG_10761	3	4	6	1	1	1	2	1	4	3	2	1	1	1	1
OG_10762	1	2	1	1	2	1	2	1	1	1	0	0	1	1	1
OG_10763	1	1	1	1	1	1	1	1	1	1	1	1	1	2	1
OG_10764	1	1	2	1	1	1	1	1	1	1	1	1	1	1	1
OG_10765	0	0	1	0	0	0	0	0	0	0	0	0	0	1	0
OG_10766	0	0	0	0	0	0	0	0	0	0	1	0	0	1	0
OG_10767	2	1	1	1	1	2	1	1	1	1	1	1	1	1	1
OG_10768	1	1	1	1	1	1	1	1	2	2	1	4	1	3	1
OG_10769	1	1	1	3	1	1	3	1	1	1	1	2	2	1	1
OG_10770	2	2	1	1	1	2	1	1	2	2	1	2	0	3	1
OG_10771	3	1	1	1	1	6	1	1	1	1	1	1	1	1	1
OG_10772	3	1	1	1	1	3	3	1	1	2	1	1	2	3	1
OG_10773	2	1	1	1	1	1	1	1	1	1	1	2	1	1	1
OG_10774	1	1	1	1	1	1	1	1	1	1	1	1	1	1	0
OG_10775	1	1	1	1	1	1	1	1	1	1	1	1	1	1	1
OG_10776	1	1	1	1	1	1	1	1	1	1	1	1	1	1	1
OG_10777	1	1	1	1	1	2	2	1	6	1	1	1	1	3	1
OG_10778	1	1	1	1	1	2	1	1	2	1	1	2	2	2	2
OG_10779	1	1	1	1	1	1	1	1	1	1	1	1	1	1	0
OG_10780	1	1	1	1	1	1	1	1	1	1	1	1	1	3	1
OG_10781	1	1	1	1	1	1	1	1	1	1	1	1	1	2	1
OG_10782	5	1	2	1	1	1	2	1	3	1	1	1	2	2	1
OG_10783	1	0	1	1	1	2	1	1	1	1	1	1	1	1	4
OG_10784	7	2	3	3	1	2	1	1	1	1	2	6	1	2	1
OG_10785	1	2	1	1	1	1	1	1	2	1	1	1	1	2	1
OG_10786	1	2	1	1	2	1	1	2	1	2	2	2	1	1	1
OG_10787	1	1	1	1	1	1	1	1	1	1	1	1	1	1	1
OG_10788	1	1	1	1	1	2	1	1	1	1	1	1	1	2	1
OG_10789	2	1	1	1	1	1	1	1	1	1	1	1	1	2	1
OG_10790	1	1	1	1	1	1	1	1	1	1	2	1	1	1	1
OG_10791	4	1	1	1	1	2	3	1	1	1	1	1	3	2	1
OG_10792	2	1	1	1	1	2	3	1	1	1	1	7	3	4	1
OG_10793	3	1	1	2	1	3	1	1	2	1	1	1	1	1	1
OG_10794	3	1	1	2	1	1	3	1	1	2	3	1	3	2	1
OG_10795	1	1	1	1	1	1	1	1	1	2	1	1	1	1	1
OG_10796	3	2	1	4	1	2	1	1	1	1	1	3	2	2	2
OG_10797	1	2	1	2	1	1	2	1	0	1	1	1	2	2	1
OG_10798	1	2	1	1	3	2	1	1	1	1	1	1	1	1	2
OG_10799	1	1	1	1	4	1	1	1	1	1	1	3	1	1	1
OG_10800	2	1	1	1	1	1	1	1	1	1	1	1	1	3	1
OG_10801	3	1	1	4	2	2	2	1	1	2	0	2	3	2	0
OG_10802	1	1	1	1	1	1	1	1	1	1	1	2	1	1	0
OG_10803	1	1	1	2	1	2	2	1	1	1	1	1	2	2	1
OG_10804	7	1	1	1	1	1	2	1	1	2	1	2	2	1	0
OG_10805	2	1	1	2	1	2	1	1	1	1	2	1	1	1	0
OG_10806	2	1	2	3	1	1	3	1	1	1	2	8	2	2	1
OG_10807	1	1	1	1	1	1	1	1	1	1	1	1	1	1	1
OG_10808	0	1	0	0	0	3	0	0	1	0	0	0	0	1	0
OG_10809	1	1	1	1	1	1	1	2	1	1	2	1	1	2	1
OG_10810	1	1	1	1	1	1	2	1	1	1	1	1	1	1	1
OG_10811	1	1	1	1	1	3	2	1	4	1	1	4	2	3	1
OG_10812	2	1	1	1	1	2	2	1	1	2	4	1	1	3	2
OG_10813	2	1	1	1	4	1	1	1	3	2	2	1	2	2	1
OG_10814	1	1	1	2	1	0	2	1	1	1	1	0	2	0	1
OG_10815	1	1	1	1	1	1	2	1	1	1	1	1	2	2	1
OG_10816	2	1	1	2	1	4	2	1	1	1	2	3	1	2	1
OG_10817	0	0	0	0	0	1	0	0	0	0	0	0	0	1	0
OG_10818	1	1	1	1	1	2	1	1	1	1	1	1	1	1	0
OG_10819	2	2	1	1	1	1	1	1	2	1	2	1	1	1	1
OG_10820	2	1	3	2	2	2	2	1	2	4	2	4	1	3	3
OG_10821	1	1	1	3	1	2	1	2	1	1	2	1	1	1	1
OG_10822	1	1	1	1	1	1	1	1	1	1	1	2	1	1	1
OG_10823	1	1	1	1	1	1	1	1	1	1	1	1	1	2	1
OG_10824	2	1	2	1	1	4	2	1	1	1	2	0	3	2	1
OG_10825	1	1	1	2	1	1	1	1	1	2	1	1	1	1	1
OG_10826	1	1	1	1	1	1	1	1	1	1	1	1	1	1	1
OG_10827	2	1	1	1	1	1	1	1	0	1	1	1	1	1	0
OG_10828	1	1	1	2	1	1	1	1	1	1	1	1	2	2	1
OG_10829	2	1	1	2	1	2	1	1	1	1	1	1	1	2	1
OG_10830	1	1	10	1	1	0	1	1	1	1	1	2	1	0	0
OG_10831	1	1	1	1	1	1	1	1	1	2	1	1	1	1	0
OG_10832	2	1	2	2	1	3	1	1	1	1	1	1	1	1	1
OG_10833	1	3	1	1	1	1	1	1	1	1	1	9	1	1	3
OG_10834	1	2	2	1	1	1	1	1	1	1	1	1	1	1	0
OG_10835	1	2	1	1	1	1	1	1	1	1	1	0	1	1	1
OG_10836	1	1	2	1	1	1	1	1	1	1	8	3	1	2	1
OG_10837	1	1	1	2	1	1	1	1	1	2	1	1	1	1	1
OG_10838	1	1	1	3	1	0	1	1	1	1	1	1	1	1	0
OG_10839	2	1	1	1	1	1	2	1	2	1	1	4	3	2	1
OG_10840	1	1	1	1	1	1	1	1	1	1	1	4	1	2	1
OG_10841	7	1	1	1	2	1	1	1	1	0	0	0	1	1	0
OG_10842	1	1	1	1	1	1	2	1	1	1	3	2	2	1	1
OG_10843	2	1	2	2	1	1	1	1	1	1	2	1	2	2	1
OG_10844	2	1	1	1	1	1	2	1	1	1	1	3	3	1	0
OG_10845	2	1	2	1	1	3	1	1	1	1	2	1	1	1	1
OG_10846	0	3	1	0	1	0	0	1	1	0	0	3	0	1	1
OG_10847	4	1	1	2	2	1	4	1	2	2	1	1	4	1	2
OG_10848	2	1	1	1	1	1	1	1	1	1	1	1	1	2	1
OG_10849	9	1	1	1	1	2	3	1	1	1	2	2	4	1	1
OG_10850	1	0	1	6	1	1	2	1	1	1	1	1	4	2	2
OG_10851	1	1	1	1	1	1	1	1	1	1	1	1	1	1	1
OG_10852	1	0	1	1	1	1	1	1	0	1	1	1	1	1	0
OG_10853	1	1	1	1	1	1	1	1	1	1	1	1	1	1	0
OG_10854	1	2	1	1	1	1	1	1	1	1	1	1	1	2	1
OG_10855	1	1	1	1	1	1	1	1	1	1	1	1	2	1	1
OG_10856	2	1	1	2	1	1	1	1	1	1	1	1	1	3	6
OG_10857	0	0	1	0	1	0	0	0	0	0	0	0	0	0	0
OG_10858	2	1	1	1	1	1	2	1	1	1	1	2	2	1	1
OG_10859	0	0	0	0	0	0	0	0	0	0	2	0	0	1	0
OG_10860	1	1	1	2	1	1	1	1	1	1	2	1	1	2	1
OG_10861	2	1	1	1	1	1	1	1	1	1	4	0	1	1	0
OG_10862	2	1	1	3	1	1	1	1	1	2	1	1	1	1	1
OG_10863	1	1	1	1	1	1	1	1	1	1	1	2	1	2	0
OG_10864	5	1	1	1	1	1	1	1	1	1	1	1	1	1	1
OG_10865	1	2	1	2	2	1	1	1	1	1	1	1	1	2	2
OG_10866	1	1	2	1	1	1	1	1	1	1	1	1	2	1	1
OG_10867	1	0	1	1	1	1	1	2	2	1	1	6	1	2	1
OG_10868	0	0	0	0	1	0	0	0	0	0	0	0	0	1	0
OG_10869	1	2	1	2	1	5	1	1	3	2	1	0	1	1	0
OG_10870	1	1	1	0	0	0	1	1	1	3	0	0	1	0	0
OG_10871	4	1	1	2	1	0	3	1	2	1	0	0	2	0	0
OG_10872	1	1	1	1	1	0	1	1	1	1	1	1	1	0	2
OG_10873	3	1	4	1	1	0	1	1	1	1	2	1	1	0	0
OG_10874	2	2	3	2	2	0	3	2	2	1	0	1	2	0	0
OG_10875	1	1	2	0	1	0	2	2	2	3	1	1	2	0	0
OG_10876	2	2	1	1	2	0	2	2	2	1	1	1	2	0	2
OG_10877	3	2	2	4	2	7	2	2	2	4	4	2	2	4	2
OG_10878	1	1	1	1	1	1	1	1	1	1	1	1	1	1	0
OG_10879	1	1	1	1	1	1	1	1	4	1	1	1	2	1	1
OG_10880	4	1	1	3	1	2	1	1	1	1	1	1	1	1	0
OG_10881	2	1	1	1	1	1	1	1	1	1	3	6	1	1	2
OG_10882	3	1	1	2	1	2	1	1	2	1	1	1	2	1	0
OG_10883	2	1	1	1	1	1	1	1	1	1	1	1	1	1	0
OG_10884	1	1	1	3	1	2	1	1	1	2	1	1	1	2	1
OG_10885	1	1	1	1	1	2	1	1	1	1	2	2	1	1	1
OG_10886	1	1	1	1	1	1	1	1	1	1	1	1	1	1	1
OG_10887	5	1	1	1	1	2	2	1	1	2	2	1	3	1	0
OG_10888	1	1	1	1	1	1	1	2	1	2	1	1	1	1	1
OG_10889	1	1	1	1	1	1	1	1	1	1	1	1	1	1	1
OG_10890	1	1	1	1	1	1	1	1	1	2	1	2	1	2	1
OG_10891	1	1	1	2	1	2	1	1	1	1	1	1	1	1	2
OG_10892	1	0	1	1	1	2	1	1	1	2	1	2	1	2	1
OG_10893	2	1	1	1	1	1	1	1	1	1	1	1	1	2	1
OG_10894	1	1	1	1	1	2	1	3	1	1	2	1	1	1	1
OG_10895	1	1	1	1	1	1	1	1	1	1	1	1	1	1	0
OG_10896	1	2	1	1	1	1	1	1	1	2	1	2	1	1	1
OG_10897	4	1	1	5	1	1	3	1	1	1	1	1	4	2	1
OG_10898	2	1	1	1	1	1	2	1	2	1	1	0	2	2	1
OG_10899	2	0	1	1	1	3	1	1	1	1	1	1	1	2	2
OG_10900	1	1	1	1	1	3	1	1	1	1	1	1	1	1	1
OG_10901	1	1	1	1	1	1	1	1	1	1	1	1	1	2	0
OG_10902	2	1	1	1	1	1	1	1	1	1	3	5	1	2	0
OG_10903	1	1	1	1	1	2	1	1	1	1	1	1	1	2	4
OG_10904	1	1	1	1	2	1	2	1	1	1	1	2	2	1	0
OG_10905	1	1	1	2	2	2	1	1	2	1	1	1	1	4	2
OG_10906	1	1	1	1	1	1	1	1	1	1	1	1	1	3	1
OG_10907	1	1	1	1	1	1	1	1	1	1	3	1	1	1	1
OG_10908	1	1	1	1	1	2	1	1	1	1	1	1	1	2	1
OG_10909	2	1	1	1	1	2	1	1	2	1	1	1	1	0	1
OG_10910	3	1	1	2	1	4	1	1	1	2	1	1	1	1	1
OG_10911	3	1	1	2	1	1	2	1	2	2	1	1	2	4	1
OG_10912	0	0	0	0	0	4	0	0	0	0	0	0	0	1	0
OG_10913	3	1	1	2	1	1	1	1	2	1	1	2	2	1	1
OG_10914	1	1	1	2	1	2	1	3	2	2	1	1	1	1	4
OG_10915	1	2	1	1	1	1	1	1	1	1	1	1	2	4	1
OG_10916	2	2	2	1	1	1	1	1	1	1	1	1	1	2	0
OG_10917	1	1	1	1	1	1	1	1	1	1	0	1	1	1	1
OG_10918	1	1	1	1	1	1	1	1	1	1	1	1	1	1	0
OG_10919	1	1	1	1	1	1	1	1	1	1	1	2	1	1	0
OG_10920	2	1	1	1	2	1	1	1	1	1	1	1	1	1	1
OG_10921	1	1	1	1	1	2	2	1	2	1	1	1	1	1	0
OG_10922	1	1	2	2	1	0	1	1	1	1	0	0	1	0	1
OG_10923	1	1	1	1	1	1	1	1	1	1	0	0	1	0	0
OG_10924	1	1	1	1	1	1	1	1	1	1	1	1	1	0	0
OG_10925	1	2	1	1	2	1	1	1	1	4	1	7	1	3	0
OG_10926	1	1	1	1	1	1	1	1	2	1	1	4	1	1	1
OG_10927	10	1	1	3	1	1	4	2	1	2	2	4	3	1	1
OG_10928	2	1	1	1	1	1	2	1	1	1	1	1	1	1	1
OG_10929	1	1	1	2	1	1	1	1	1	1	1	2	1	1	1
OG_10930	1	1	1	1	1	1	1	1	1	1	2	1	2	1	1
OG_10931	0	0	0	0	1	0	0	0	0	0	0	0	0	1	0
OG_10932	1	1	1	1	1	1	1	1	1	1	1	4	1	1	0
OG_10933	1	1	1	1	1	1	1	1	1	1	1	1	1	1	0
OG_10934	1	1	1	1	1	1	1	1	1	1	1	1	1	1	1
OG_10935	0	2	0	1	1	0	0	2	1	1	1	0	0	0	0
OG_10936	2	1	1	2	1	1	1	2	1	1	2	1	1	1	1
OG_10937	1	1	1	1	1	1	1	1	1	1	1	1	1	2	1
OG_10938	0	1	0	0	1	0	0	1	2	1	0	0	0	0	0
OG_10939	1	1	1	3	1	1	1	2	1	1	1	1	2	1	1
OG_10940	1	1	1	1	1	1	1	1	0	1	1	1	1	1	0
OG_10941	1	2	1	1	2	1	1	1	1	1	1	1	1	1	1
OG_10942	1	1	2	1	2	2	1	2	2	1	2	1	1	2	1
OG_10943	1	0	1	1	1	1	1	1	1	1	1	1	1	2	1
OG_10944	4	1	1	1	1	2	2	5	2	1	1	1	3	1	1
OG_10945	3	3	1	3	1	2	3	1	1	2	1	1	5	2	5
OG_10946	2	1	1	1	1	0	1	1	2	1	1	1	1	0	0
OG_10947	1	3	2	2	1	0	2	1	1	2	1	1	2	2	1
OG_10948	1	1	1	0	1	1	1	1	1	1	1	1	1	2	1
OG_10949	3	2	1	2	1	1	1	1	1	6	8	1	1	1	1
OG_10950	3	1	1	3	1	1	1	1	1	4	2	3	1	1	0
OG_10951	1	0	1	1	1	1	1	1	1	1	1	1	1	1	0
OG_10952	1	1	1	2	1	1	1	1	1	1	1	2	1	1	1
OG_10953	2	1	1	5	1	1	1	1	3	2	2	4	1	1	1
OG_10954	1	1	1	1	1	2	1	1	2	1	2	1	1	1	1
OG_10955	1	2	1	1	1	1	1	1	2	1	1	1	1	1	1
OG_10956	1	1	1	1	1	1	1	1	1	1	1	1	1	1	1
OG_10957	1	1	1	1	1	1	1	1	1	1	1	1	1	0	1
OG_10958	1	1	1	1	1	1	1	1	1	1	2	1	1	3	1
OG_10959	1	1	1	1	2	1	2	1	2	1	1	3	2	4	0
OG_10960	5	1	1	1	1	1	1	1	1	2	0	1	2	1	1
OG_10961	2	1	1	2	1	1	2	1	1	2	2	1	2	2	1
OG_10962	1	1	1	1	1	1	1	1	2	1	1	1	1	2	1
OG_10963	1	1	1	1	1	1	1	2	1	1	2	1	1	2	0
OG_10964	2	1	1	1	1	1	2	1	1	1	1	4	1	2	0
OG_10965	0	0	0	0	0	0	0	0	0	0	0	0	0	1	1
OG_10966	2	1	1	1	1	0	1	1	1	1	0	1	1	1	1
OG_10967	1	1	1	1	1	2	1	1	1	1	2	3	1	3	1
OG_10968	1	1	1	1	1	1	1	1	1	1	1	1	1	1	1
OG_10969	2	2	1	1	1	1	2	1	1	2	1	1	2	3	1
OG_10970	1	2	1	1	1	1	1	1	2	1	1	2	1	3	2
OG_10971	1	0	1	1	1	1	1	1	1	1	1	3	1	1	1
OG_10972	3	1	1	1	1	1	3	1	1	1	1	1	1	1	1
OG_10973	1	1	1	1	1	1	1	1	1	1	1	3	1	2	1
OG_10974	1	1	1	1	1	1	1	1	1	1	2	1	1	1	1
OG_10975	2	1	3	1	1	1	2	1	1	1	2	2	1	1	1
OG_10976	2	1	2	1	1	1	2	1	1	2	4	2	1	1	1
OG_10977	2	2	2	2	1	1	1	1	1	1	2	1	1	1	1
OG_10978	1	1	1	1	1	1	1	1	1	1	1	1	1	1	1
OG_10979	0	0	0	0	0	0	0	0	0	0	1	1	0	1	0
OG_10980	2	0	1	1	1	1	1	1	1	1	1	2	1	2	1
OG_10981	2	1	1	2	1	1	1	1	1	1	1	3	2	1	1
OG_10982	1	1	1	1	2	1	1	1	1	1	1	1	1	1	1
OG_10983	1	1	1	1	1	5	1	1	1	1	3	3	3	1	1
OG_10984	1	1	2	0	1	1	3	2	1	1	2	1	0	5	1
OG_10985	0	0	0	1	0	0	0	2	0	0	0	0	0	1	0
OG_10986	1	1	1	1	1	2	1	1	1	2	2	1	1	1	1
OG_10987	3	1	2	1	1	1	2	1	1	1	1	1	2	2	1
OG_10988	1	1	1	2	1	1	1	1	1	1	1	1	1	1	1
OG_10989	1	1	1	1	1	1	1	1	1	1	1	1	1	2	1
OG_10990	1	1	1	2	1	1	1	1	0	1	1	1	1	1	1
OG_10991	1	1	2	1	1	1	1	1	1	0	1	1	1	2	1
OG_10992	1	1	1	1	1	3	1	0	1	1	1	1	1	1	2
OG_10993	1	1	1	1	1	1	1	1	1	1	1	2	1	1	1
OG_10994	1	1	1	1	1	1	2	1	1	0	1	1	2	1	1
OG_10995	4	1	1	1	1	0	1	1	1	1	1	1	1	1	0
OG_10996	3	1	1	1	1	1	2	1	1	1	1	1	2	1	1
OG_10997	2	2	1	1	1	1	2	1	1	1	3	1	2	3	3
OG_10998	1	1	1	1	1	1	1	1	1	1	1	1	1	3	1
OG_10999	1	1	1	1	1	3	1	1	1	1	1	1	2	1	1
OG_11000	1	1	1	1	1	1	1	1	1	1	1	1	1	1	0
OG_11001	6	1	1	1	1	1	1	1	1	1	1	1	2	1	1
OG_11002	2	1	1	2	1	2	1	1	1	1	2	1	1	1	1
OG_11003	1	1	2	1	2	1	1	1	4	2	1	1	1	2	1
OG_11004	4	1	1	3	1	2	1	1	1	1	1	2	1	2	1
OG_11005	1	1	1	2	1	2	1	1	1	2	2	1	1	1	1
OG_11006	1	1	1	1	1	1	1	1	1	1	1	2	1	2	1
OG_11007	1	1	1	1	1	1	1	1	2	1	2	1	1	1	1
OG_11008	1	1	1	5	1	3	1	1	0	1	1	1	1	1	0
OG_11009	1	1	1	1	1	1	1	1	1	1	1	1	1	1	2
OG_11010	1	2	2	1	1	1	1	1	1	1	1	1	1	1	0
OG_11011	2	1	1	2	1	2	1	1	1	1	1	2	1	3	1
OG_11012	1	1	1	1	2	1	1	1	1	1	1	1	1	2	1
OG_11013	1	1	2	1	0	2	1	1	1	1	1	2	1	1	1
OG_11014	1	1	1	2	2	2	1	1	1	5	2	6	2	2	0
OG_11015	2	1	1	1	1	1	1	1	1	3	3	2	1	1	1
OG_11016	1	1	1	1	1	1	1	1	1	1	1	1	1	1	1
OG_11017	1	1	1	2	1	1	3	1	5	1	1	1	3	1	1
OG_11018	1	1	1	1	1	1	1	1	1	1	1	1	1	1	1
OG_11019	3	2	1	3	2	1	2	1	2	1	3	16	2	2	1
OG_11020	1	1	1	1	1	1	1	1	2	1	2	3	1	3	1
OG_11021	1	1	1	1	1	3	1	1	1	1	1	1	1	2	3
OG_11022	2	1	1	2	1	1	2	1	1	1	1	1	2	1	0
OG_11023	1	1	0	1	0	1	0	0	1	1	0	1	1	1	0
OG_11024	1	1	1	1	1	1	1	1	9	1	1	0	1	1	1
OG_11025	0	1	0	0	0	0	0	0	0	0	1	0	0	1	0
OG_11026	1	1	1	1	1	1	1	1	1	1	1	2	1	1	1
OG_11027	2	1	1	1	3	0	1	1	1	1	0	4	2	0	1
OG_11028	1	1	2	2	2	3	2	1	1	1	1	1	3	1	1
OG_11029	2	2	1	2	1	2	2	1	1	1	2	3	1	4	1
OG_11030	1	1	2	4	2	2	2	1	2	1	3	1	1	2	1
OG_11031	1	2	1	1	1	1	1	1	1	1	1	1	1	1	1
OG_11032	3	1	1	1	1	2	2	1	1	1	1	1	1	1	4
OG_11033	7	1	1	4	1	5	2	1	1	5	1	3	2	3	1
OG_11034	1	2	1	1	1	2	2	1	1	2	1	1	2	1	1
OG_11035	2	1	1	2	2	4	1	1	1	1	1	1	1	3	1
OG_11036	1	1	1	1	1	1	1	1	1	1	1	1	1	1	0
OG_11037	2	1	1	1	1	2	3	1	1	1	1	1	3	1	1
OG_11038	0	1	0	0	0	0	0	1	0	0	0	0	0	1	0
OG_11039	5	2	1	2	1	4	3	1	1	4	1	4	2	2	2
OG_11040	2	1	1	1	1	1	1	1	2	1	1	1	1	3	1
OG_11041	1	1	1	1	1	1	1	1	1	1	0	1	1	1	1
OG_11042	1	1	1	1	1	2	1	1	1	1	1	1	1	2	3
OG_11043	1	2	1	1	1	1	1	2	1	1	1	2	2	1	1
OG_11044	1	2	1	2	1	1	1	1	1	1	4	1	1	2	1
OG_11045	1	1	1	2	1	0	1	1	1	1	0	0	1	0	0
OG_11046	0	0	0	0	0	1	0	0	0	0	0	0	0	2	0
OG_11047	1	1	2	1	1	2	1	1	1	1	2	1	1	2	1
OG_11048	2	1	1	1	1	2	3	1	1	1	1	1	4	1	3
OG_11049	1	1	1	2	1	1	1	1	1	1	1	1	1	2	1
OG_11050	0	0	0	0	0	2	0	0	0	0	1	2	0	0	1
OG_11051	2	1	1	1	1	1	2	1	3	2	1	1	2	1	1
OG_11052	1	1	2	1	1	1	1	1	1	1	1	3	1	2	1
OG_11053	1	1	1	1	1	2	1	1	2	1	1	1	1	1	0
OG_11054	1	1	1	1	1	1	1	1	1	1	1	1	1	2	1
OG_11055	1	1	1	1	1	1	1	2	2	1	3	2	1	1	2
OG_11056	2	1	1	1	1	1	1	1	2	1	2	2	1	2	3
OG_11057	1	1	1	1	1	1	1	1	1	1	1	3	1	1	1
OG_11058	2	1	1	1	1	1	1	1	1	1	3	1	1	1	1
OG_11059	1	1	1	1	1	1	1	1	1	1	2	2	1	1	1
OG_11060	1	0	1	1	1	0	1	1	1	1	1	0	1	1	0
OG_11061	0	11	0	0	2	0	0	2	3	0	0	0	0	0	0
OG_11062	0	11	4	0	4	0	2	5	5	0	3	0	3	0	0
OG_11063	1	1	1	2	1	2	1	1	1	2	2	2	1	2	1
OG_11064	2	1	4	1	1	1	1	1	1	3	1	1	1	1	0
OG_11065	1	1	2	1	1	1	1	1	1	1	1	2	1	0	1
OG_11066	4	3	7	2	3	7	4	3	3	4	2	3	4	4	2
OG_11067	2	1	1	1	1	1	1	1	1	2	1	1	1	1	1
OG_11068	1	1	2	1	1	2	1	1	2	1	1	2	1	2	2
OG_11069	3	1	1	1	1	2	2	1	1	1	2	1	1	1	2
OG_11070	1	1	1	1	1	2	1	1	2	1	2	1	1	1	1
OG_11071	3	3	1	5	1	3	2	1	2	2	1	1	2	2	1
OG_11072	1	1	1	2	1	1	1	2	1	2	1	0	2	1	1
OG_11073	1	1	1	1	1	2	1	1	1	1	2	1	1	1	1
OG_11074	1	1	2	5	1	2	1	1	1	1	2	3	2	3	1
OG_11075	3	1	1	1	1	1	1	1	1	3	1	3	1	1	0
OG_11076	1	1	1	1	1	1	2	1	1	1	2	1	1	2	1
OG_11077	2	1	1	1	1	1	2	1	1	4	0	2	1	1	0
OG_11078	1	2	1	1	1	2	1	1	1	1	1	1	1	1	1
OG_11079	1	1	1	1	1	1	1	1	1	1	1	2	1	1	0
OG_11080	1	1	1	1	1	1	2	1	2	1	1	1	2	3	1
OG_11081	1	1	1	1	1	1	1	1	1	1	1	1	1	1	1
OG_11082	1	1	3	1	1	0	3	1	2	1	2	2	3	0	1
OG_11083	1	1	1	2	2	1	1	1	1	1	1	1	1	1	1
OG_11084	1	1	1	1	2	0	1	1	1	2	0	1	1	0	0
OG_11085	1	1	1	1	2	2	1	1	3	1	2	1	1	3	1
OG_11086	2	1	1	1	1	1	1	1	2	1	1	4	1	1	1
OG_11087	1	1	1	1	1	1	1	1	1	1	0	1	1	2	1
OG_11088	1	1	1	1	1	2	1	1	1	1	1	1	1	1	1
OG_11089	1	1	1	1	1	4	1	1	1	1	1	0	1	1	1
OG_11090	0	0	0	1	0	0	0	0	0	0	0	1	0	1	0
OG_11091	3	1	1	1	1	2	1	1	1	1	1	2	1	1	1
OG_11092	2	2	1	4	1	1	1	1	3	1	1	3	1	2	1
OG_11093	2	1	1	1	1	2	3	1	1	1	1	1	4	3	1
OG_11094	2	1	1	1	1	1	2	1	1	1	3	1	2	2	1
OG_11095	1	1	1	1	1	2	1	1	1	1	0	1	1	1	1
OG_11096	1	0	1	1	1	1	2	1	1	1	1	1	2	1	1
OG_11097	2	2	1	1	1	2	2	1	1	2	1	1	2	4	2
OG_11098	1	1	1	1	1	1	1	1	1	0	1	1	1	1	0
OG_11099	1	1	2	1	1	1	1	1	1	1	2	3	1	1	0
OG_11100	1	1	1	1	1	2	1	1	1	2	0	0	2	1	0
OG_11101	1	2	1	1	2	5	1	1	1	1	5	2	1	3	2
OG_11102	0	0	0	0	1	0	0	0	0	0	0	0	0	1	0
OG_11103	1	1	1	2	1	1	1	1	1	1	1	1	1	1	1
OG_11104	3	1	1	1	2	2	1	1	1	1	6	8	1	3	1
OG_11105	1	1	1	1	1	1	1	1	1	1	1	2	1	1	3
OG_11106	1	1	1	1	1	1	1	1	1	1	2	1	1	1	0
OG_11107	1	0	1	1	1	1	1	1	1	1	2	1	1	2	1
OG_11108	2	2	1	1	1	2	1	1	1	1	2	3	1	1	1
OG_11109	1	1	1	1	1	1	4	1	1	1	2	1	1	1	2
OG_11110	1	0	1	2	1	1	2	1	1	1	1	1	2	1	0
OG_11111	1	1	1	1	1	1	2	1	1	1	1	1	1	2	1
OG_11112	2	1	1	1	1	1	1	1	1	1	1	1	1	1	1
OG_11113	1	1	2	1	2	1	1	1	1	2	1	1	1	2	1
OG_11114	2	2	1	2	1	1	1	1	1	1	4	5	1	2	1
OG_11115	1	1	1	1	1	1	1	1	1	1	1	1	1	2	1
OG_11116	3	1	1	1	1	4	3	1	1	2	1	3	2	3	1
OG_11117	1	1	1	1	2	1	1	2	2	2	1	1	1	2	1
OG_11118	1	2	1	3	2	4	2	1	1	1	1	1	3	1	1
OG_11119	1	1	1	1	1	1	1	1	1	1	1	1	2	2	1
OG_11120	1	1	1	1	1	1	2	1	1	1	1	1	4	1	0
OG_11121	1	1	1	1	1	0	1	1	1	1	1	1	1	0	1
OG_11122	1	1	1	5	1	1	2	1	1	1	1	9	2	1	1
OG_11123	1	1	1	1	1	1	1	1	0	1	1	1	1	1	1
OG_11124	1	1	1	1	1	0	1	1	2	2	1	0	1	1	0
OG_11125	1	2	1	1	1	1	1	1	1	2	1	2	0	2	1
OG_11126	1	1	1	1	1	1	1	1	1	1	2	1	1	1	0
OG_11127	1	1	1	1	1	1	1	1	1	1	1	2	1	1	0
OG_11128	1	1	1	1	1	1	1	1	1	1	1	2	1	1	1
OG_11129	1	1	1	1	1	2	1	1	2	1	1	1	1	1	1
OG_11130	1	1	1	1	1	0	2	1	3	1	2	3	0	0	1
OG_11131	1	2	1	1	0	1	1	1	2	1	1	3	1	1	0
OG_11132	4	2	3	3	2	1	2	2	2	2	3	2	2	1	5
OG_11133	2	3	1	1	1	1	1	1	1	2	1	1	1	1	0
OG_11134	0	0	1	0	0	0	0	0	0	0	0	0	0	1	0
OG_11135	2	1	0	1	1	3	2	1	1	2	1	1	3	1	1
OG_11136	2	2	1	1	3	6	2	1	1	1	1	10	2	1	1
OG_11137	1	1	1	1	1	1	1	1	1	1	1	2	1	2	1
OG_11138	1	1	1	1	1	1	1	1	1	1	1	1	1	1	0
OG_11139	2	1	1	2	5	1	2	1	1	1	1	1	1	1	1
OG_11140	2	1	3	2	1	0	1	1	2	1	1	1	1	0	1
OG_11141	1	1	1	2	1	1	1	2	1	1	1	2	1	0	1
OG_11142	1	1	1	1	1	1	1	1	1	1	1	1	1	1	0
OG_11143	1	2	3	1	1	1	2	1	1	1	1	1	1	2	1
OG_11144	1	1	1	1	2	5	1	1	1	1	1	1	1	1	1
OG_11145	1	1	1	1	1	1	1	1	1	1	1	1	1	2	2
OG_11146	1	1	2	1	1	1	1	1	2	1	1	1	1	2	1
OG_11147	2	1	1	2	1	0	1	1	2	1	1	0	1	0	1
OG_11148	3	2	1	3	1	1	5	1	1	1	1	1	4	1	1
OG_11149	10	1	2	1	6	2	4	1	2	1	1	1	2	4	1
OG_11150	2	1	1	1	1	5	1	1	1	1	1	1	1	1	1
OG_11151	1	1	1	1	1	2	1	1	1	1	1	1	1	1	1
OG_11152	2	2	1	1	1	1	1	2	1	1	1	2	1	3	2
OG_11153	1	1	1	1	1	1	1	1	1	1	1	1	1	1	1
OG_11154	1	1	2	1	1	1	1	4	1	1	1	4	1	0	0
OG_11155	1	2	0	0	1	0	1	2	1	1	0	0	1	1	0
OG_11156	2	1	0	1	5	1	2	3	2	1	1	1	6	0	8
OG_11157	1	1	1	1	1	1	1	1	1	1	1	1	1	2	1
OG_11158	1	1	1	1	1	1	2	1	1	1	1	2	1	2	1
OG_11159	3	1	1	2	1	3	2	1	1	2	2	1	2	1	1
OG_11160	1	1	1	1	1	1	1	1	1	1	1	1	2	1	1
OG_11161	1	1	1	1	1	2	1	2	2	1	1	1	1	1	1
OG_11162	2	1	1	3	1	1	2	1	1	1	3	4	1	2	1
OG_11163	1	1	1	1	1	2	3	1	1	1	1	2	1	1	1
OG_11164	3	1	1	1	1	1	1	1	2	1	1	2	1	1	0
OG_11165	1	2	2	1	1	1	1	1	2	2	2	1	2	1	1
OG_11166	13	1	1	3	1	4	1	1	1	1	2	2	1	3	1
OG_11167	1	1	1	1	1	1	1	1	1	1	1	1	1	1	1
OG_11168	1	1	1	3	1	3	1	1	1	1	1	1	1	1	0
OG_11169	1	1	1	1	1	1	1	1	1	1	1	1	1	1	0
OG_11170	1	3	2	1	2	1	1	1	1	1	1	3	1	2	1
OG_11171	1	1	1	1	1	1	2	1	1	1	1	1	2	1	1
OG_11172	1	0	1	1	1	1	1	1	1	1	2	2	1	1	0
OG_11173	1	1	1	1	1	1	1	1	1	1	1	1	1	1	1
OG_11174	1	1	1	0	1	7	1	1	1	1	1	1	1	2	2
OG_11175	1	1	1	1	2	1	1	1	1	2	1	1	1	5	1
OG_11176	2	2	1	1	1	2	1	1	1	1	1	1	1	1	1
OG_11177	1	1	1	1	1	1	1	1	1	1	1	1	1	1	0
OG_11178	2	2	1	1	1	1	4	1	1	2	1	1	2	2	1
OG_11179	2	1	1	1	1	3	2	1	1	1	1	3	1	2	1
OG_11180	1	1	1	1	1	1	1	1	2	1	1	1	1	2	1
OG_11181	1	1	1	1	1	1	1	1	1	0	1	2	1	2	1
OG_11182	3	1	2	2	2	2	3	1	1	0	4	1	3	1	1
OG_11183	1	1	3	2	1	1	1	1	2	3	1	1	1	1	1
OG_11184	1	1	2	1	1	1	1	1	1	2	1	4	1	1	1
OG_11185	3	1	1	2	1	1	4	1	0	2	1	6	3	1	1
OG_11186	3	1	1	3	1	5	2	1	2	4	8	1	2	1	2
OG_11187	7	1	1	1	1	2	3	1	1	6	1	9	2	2	1
OG_11188	1	1	1	2	1	3	1	1	1	1	1	1	1	1	1
OG_11189	1	1	1	1	1	1	1	1	1	1	1	1	1	1	1
OG_11190	1	1	0	1	1	3	1	1	2	1	1	0	1	2	1
OG_11191	1	1	1	1	1	1	1	1	1	1	1	1	1	1	2
OG_11192	2	1	1	0	1	4	1	0	1	0	1	3	1	1	1
OG_11193	1	1	1	2	1	3	1	1	1	2	3	3	1	2	1
OG_11194	6	2	1	5	1	3	2	1	3	3	4	1	2	1	0
OG_11195	2	1	2	1	1	2	1	1	1	1	1	5	1	1	0
OG_11196	3	1	1	2	1	0	1	1	1	1	0	0	1	0	0
OG_11197	4	3	1	3	1	4	4	1	1	2	2	3	5	3	3
OG_11198	3	1	1	2	1	3	2	2	1	1	2	7	2	2	1
OG_11199	1	2	1	2	0	1	1	1	1	1	1	1	1	1	0
OG_11200	0	1	1	0	1	1	1	1	1	1	1	1	1	2	0
OG_11201	0	1	0	1	1	2	0	1	1	1	1	3	0	1	1
OG_11202	1	1	2	1	1	1	1	1	1	1	1	0	1	2	1
OG_11203	0	1	1	1	1	1	1	1	1	1	0	0	1	1	1
OG_11204	0	1	1	0	1	0	1	1	0	0	0	1	1	1	0
OG_11205	1	1	1	1	1	1	1	1	1	4	1	1	1	2	2
OG_11206	1	1	1	1	1	4	1	1	3	1	3	7	3	1	3
OG_11207	36	1	1	1	1	3	2	1	2	1	1	1	1	2	1
OG_11208	0	1	0	2	1	1	0	1	1	1	1	1	0	1	0
OG_11209	1	1	3	1	0	0	1	1	1	0	0	0	1	0	1
OG_11210	0	1	0	0	1	1	0	0	1	0	0	0	0	1	0
OG_11211	3	1	1	1	1	1	1	1	1	1	1	2	1	1	0
OG_11212	2	2	1	1	1	2	1	1	1	1	1	3	4	2	1
OG_11213	0	1	1	1	1	1	1	1	1	1	1	1	1	1	0
OG_11214	0	0	0	0	0	1	0	0	0	0	0	0	0	1	0
OG_11215	0	1	0	1	1	2	0	1	1	1	1	1	0	1	0
OG_11216	2	1	1	1	1	1	1	1	1	1	1	1	1	1	1
OG_11217	2	1	1	2	2	1	1	2	1	1	2	4	1	1	1
OG_11218	2	2	2	1	1	1	1	1	1	1	1	3	1	1	1
OG_11219	1	3	1	3	4	0	1	3	1	2	1	2	1	0	1
OG_11220	1	1	1	1	1	2	2	2	1	1	1	1	1	2	1
OG_11221	0	1	1	1	1	0	1	1	1	1	1	1	1	1	0
OG_11222	0	1	1	0	1	0	1	1	1	0	1	0	1	1	0
OG_11223	1	1	1	2	1	1	1	3	1	2	1	1	1	2	1
OG_11224	0	1	1	0	1	0	1	0	1	0	1	1	1	1	0
OG_11225	2	1	1	1	1	1	2	1	1	1	1	1	3	1	0
OG_11226	1	1	1	0	1	1	1	1	1	1	2	1	1	1	1
OG_11227	0	1	1	1	0	1	1	1	1	1	1	1	1	1	0
OG_11228	2	2	1	2	1	1	2	1	1	2	1	1	2	3	1
OG_11229	1	1	1	1	1	2	1	4	1	3	2	1	1	1	1
OG_11230	1	6	0	2	1	0	1	2	1	0	0	3	1	0	0
OG_11231	1	1	1	1	1	2	1	2	1	1	0	3	1	2	1
OG_11232	0	1	1	0	0	0	1	1	0	0	0	1	1	1	0
OG_11233	1	1	1	2	1	1	1	1	1	1	1	1	1	1	0
OG_11234	1	2	1	1	1	2	1	1	1	1	2	2	1	2	4
OG_11235	0	1	0	1	1	0	0	1	1	1	0	1	0	1	0
OG_11236	1	1	1	1	1	1	1	1	2	1	1	1	1	1	0
OG_11237	0	0	0	0	0	2	0	0	0	0	1	0	0	1	0
OG_11238	2	1	1	1	1	1	2	1	1	2	1	1	1	2	1
OG_11239	0	0	0	0	0	1	0	0	0	0	1	2	0	1	1
OG_11240	1	1	1	1	1	2	1	1	1	1	1	1	1	1	1
OG_11241	1	1	2	1	3	2	3	1	1	1	1	1	2	2	1
OG_11242	2	1	1	1	1	1	1	1	1	1	2	1	1	1	0
OG_11243	0	0	0	0	1	0	1	1	0	0	1	1	1	1	0
OG_11244	1	0	1	1	1	2	1	1	1	1	1	1	1	1	0
OG_11245	0	0	0	0	0	0	0	0	0	0	1	0	0	1	0
OG_11246	1	1	1	1	1	2	2	1	1	1	1	1	2	1	0
OG_11247	1	1	1	1	1	1	1	1	1	1	1	1	1	1	1
OG_11248	2	1	1	2	1	2	2	1	1	1	1	1	3	2	1
OG_11249	1	1	1	1	1	1	1	2	1	2	1	4	1	1	0
OG_11250	0	0	0	0	0	0	0	0	0	0	1	0	0	1	0
OG_11251	1	1	2	1	1	1	1	1	1	1	1	2	1	1	3
OG_11252	1	0	1	1	1	1	1	1	1	1	1	0	1	2	1
OG_11253	0	0	1	2	1	1	1	1	1	1	1	0	1	1	0
OG_11254	1	2	1	1	1	0	1	1	1	1	2	1	1	0	1
OG_11255	3	1	1	2	2	0	1	2	1	2	0	0	1	0	0
OG_11256	1	1	1	1	1	2	1	1	1	2	1	1	1	1	0
OG_11257	1	6	1	2	4	0	1	2	4	1	0	0	1	0	1
OG_11258	1	1	1	2	1	0	1	1	0	2	0	0	1	0	0
OG_11259	0	2	0	4	1	0	0	2	1	6	0	0	0	0	0
OG_11260	1	0	2	0	1	0	1	0	0	0	2	3	2	0	1
OG_11261	1	0	1	1	0	0	1	1	1	2	0	0	1	0	0
OG_11262	0	0	0	1	1	0	0	1	1	1	0	0	0	0	0
OG_11263	0	0	1	0	1	0	1	0	1	0	0	1	1	1	0
OG_11264	0	1	1	0	1	0	1	1	1	0	0	1	1	1	0
OG_11265	1	0	1	1	1	1	1	0	0	1	0	1	1	0	0
OG_11266	2	1	1	1	1	2	1	1	1	1	2	2	2	1	0
OG_11267	6	1	1	12	1	1	2	1	1	6	2	4	5	0	1
OG_11268	2	1	3	1	1	0	2	1	1	1	1	1	1	0	0
OG_11269	0	0	0	0	0	0	1	0	0	0	0	1	1	1	0
OG_11270	0	1	1	1	1	1	1	1	1	1	1	1	1	1	0
OG_11271	1	1	1	1	1	2	2	1	1	1	1	1	1	1	1
OG_11272	1	2	1	1	1	1	1	1	1	3	1	1	1	2	1
OG_11273	1	1	1	1	1	1	1	1	1	2	1	1	1	1	1
OG_11274	0	1	1	0	1	1	1	1	0	0	0	3	1	1	1
OG_11275	0	1	0	1	1	1	0	1	1	1	1	2	0	1	1
OG_11276	0	0	0	0	0	0	1	0	0	0	0	0	1	1	0
OG_11277	0	0	0	0	0	1	0	0	0	0	0	0	0	1	1
OG_11278	1	1	1	1	1	0	2	1	1	1	1	4	2	0	1
OG_11279	0	0	0	0	0	3	0	0	0	0	0	0	0	3	0
OG_11280	0	0	0	0	0	1	0	0	0	0	0	0	0	3	0
OG_11281	0	0	0	0	0	1	0	0	0	0	0	0	0	2	0
OG_11282	0	0	0	0	0	1	0	0	0	0	0	0	0	2	0
OG_11283	1	3	1	1	1	4	2	1	1	1	1	1	2	3	1
OG_11284	0	0	0	0	0	3	0	0	0	0	0	0	0	3	0
OG_11285	0	0	0	0	0	4	0	0	0	0	0	0	0	2	0
OG_11286	0	0	0	0	0	2	0	0	0	0	0	0	0	2	0
OG_11287	7	1	1	1	1	2	2	1	1	2	1	1	2	0	0
OG_11288	0	0	0	0	0	1	0	0	0	0	0	0	0	2	0
OG_11289	0	1	1	0	1	1	1	1	1	0	0	1	1	0	0
OG_11290	0	0	0	0	0	3	0	0	0	0	0	0	0	2	0
OG_11291	0	0	0	0	0	2	0	0	0	0	0	0	0	2	0
OG_11292	0	0	0	0	0	2	0	0	0	0	0	0	0	2	0
OG_11293	0	0	0	0	0	1	0	0	0	0	0	0	0	2	0
OG_11294	0	0	0	0	0	1	0	0	0	0	0	0	0	2	0
OG_11295	0	0	0	0	0	1	0	0	0	0	0	0	0	2	0
OG_11296	1	1	1	1	1	2	1	1	1	1	1	1	1	2	1
OG_11297	2	2	2	1	1	1	1	1	1	1	1	1	1	8	3
OG_11298	1	1	1	1	1	1	1	1	1	1	1	0	1	2	1
OG_11299	1	1	1	1	1	5	1	1	3	2	3	1	3	1	1
OG_11300	0	0	0	0	0	1	0	0	0	0	0	0	0	3	0
OG_11301	0	0	0	0	0	1	0	0	0	0	0	0	0	2	0
OG_11302	0	0	0	0	0	3	0	0	0	0	0	0	0	3	0
OG_11303	0	0	0	0	0	2	0	0	0	0	0	0	0	2	0
OG_11304	0	0	0	0	0	2	0	0	0	0	0	0	0	2	0
OG_11305	15	7	7	30	24	1	6	9	8	28	4	6	6	7	1
OG_11306	0	1	0	1	0	0	0	1	1	1	0	0	0	0	0
OG_11307	1	1	1	1	1	1	1	1	1	1	1	1	1	2	1
OG_11308	0	1	1	1	1	2	5	1	2	1	1	1	1	8	0
OG_11309	1	3	1	2	1	0	1	2	1	2	1	1	1	1	2
OG_11310	1	1	1	3	1	1	1	1	1	1	1	1	1	1	2
OG_11311	0	0	0	0	0	1	0	0	0	0	0	0	0	2	0
OG_11312	0	0	0	0	0	1	0	0	0	0	0	0	0	2	0
OG_11313	0	0	0	0	0	2	0	0	0	0	0	0	0	3	0
OG_11314	0	0	0	0	0	1	0	0	0	0	0	0	0	2	0
OG_11315	0	0	0	0	0	2	0	0	0	0	0	0	0	3	0
OG_11316	0	0	0	0	0	2	0	0	0	0	0	0	0	3	0
OG_11317	0	0	0	0	0	1	0	0	0	0	0	0	0	2	0
OG_11318	0	0	0	0	0	1	0	0	0	0	0	0	0	2	0
OG_11319	0	0	0	0	0	1	0	0	0	0	0	0	0	2	0
OG_11320	1	1	2	1	1	1	1	1	1	1	1	1	1	1	1
OG_11321	0	1	0	0	1	0	1	0	0	0	0	1	0	0	0
OG_11322	0	0	0	0	0	1	0	0	0	0	0	0	0	1	0
OG_11323	0	0	0	0	0	1	0	0	0	0	0	0	0	1	0
OG_11324	1	1	1	1	1	2	1	1	1	1	1	1	1	6	1
OG_11325	1	1	1	1	1	1	1	2	2	1	1	1	1	4	1
OG_11326	1	1	1	1	3	1	1	1	1	1	2	3	2	0	1
OG_11327	0	0	0	0	0	1	0	0	0	0	0	0	0	1	0
OG_11328	0	0	0	0	0	1	0	0	0	0	0	0	0	1	0
OG_11329	0	0	0	0	0	1	0	0	0	0	0	0	0	1	0
OG_11330	5	1	1	1	13	2	1	1	1	1	1	1	1	2	1
OG_11331	1	1	2	2	1	1	2	1	1	1	1	9	2	0	1
OG_11332	0	0	0	0	0	2	0	0	0	0	0	0	0	1	0
OG_11333	0	0	0	0	0	2	0	0	0	0	0	0	0	1	0
OG_11334	0	1	1	0	1	0	1	1	0	0	0	1	1	0	0
OG_11335	5	9	3	12	10	14	5	10	12	11	5	8	3	2	0
OG_11336	9	4	5	8	5	8	5	4	11	10	9	9	5	1	2
OG_11337	1	1	1	1	1	10	1	1	1	1	1	3	1	11	1
OG_11338	0	0	0	0	0	1	0	0	0	0	0	0	0	1	0
OG_11339	10	8	6	13	7	14	8	8	6	13	11	14	8	2	5
OG_11340	1	1	1	1	1	0	1	1	1	1	1	1	1	0	0
OG_11341	0	1	0	0	1	0	0	0	0	0	1	1	0	0	0
OG_11342	0	1	0	1	0	0	0	1	5	1	0	0	0	0	0
OG_11343	0	0	0	0	0	3	0	0	0	0	0	0	0	1	0
OG_11344	0	0	0	0	0	1	0	0	0	0	0	0	0	1	0
OG_11345	0	0	0	0	0	2	0	0	0	0	0	0	0	1	0
OG_11346	0	0	0	0	0	1	0	0	0	0	0	0	0	1	0
OG_11347	0	0	0	0	0	1	0	0	0	0	0	0	0	1	0
OG_11348	5	2	2	2	5	1	3	2	2	2	1	9	3	2	2
OG_11349	1	1	1	1	1	0	1	1	2	1	1	1	1	0	0
OG_11350	0	0	0	0	0	1	0	0	0	0	0	0	0	1	0
OG_11351	0	0	0	0	0	4	0	0	0	0	0	0	0	1	0
OG_11352	2	1	1	1	1	1	3	1	1	3	1	2	3	5	1
OG_11353	0	0	0	0	0	1	0	0	0	0	0	0	0	1	0
OG_11354	0	0	0	0	0	1	0	0	0	0	0	0	0	1	0
OG_11355	0	0	0	0	0	1	0	0	0	0	0	0	0	1	0
OG_11356	0	0	0	0	0	4	0	0	0	0	0	0	0	1	0
OG_11357	0	0	0	0	0	1	0	0	0	0	0	0	0	1	0
OG_11358	4	1	2	1	2	1	2	1	1	1	1	1	2	0	1
OG_11359	2	1	1	1	1	4	2	1	2	3	2	1	3	1	1
OG_11360	3	1	1	2	2	1	1	1	4	1	1	2	4	2	7
OG_11361	2	2	2	2	1	2	2	3	1	2	1	1	4	2	8
OG_11362	5	1	1	6	1	7	2	1	2	3	4	1	1	2	1
OG_11363	2	1	1	0	1	0	0	1	1	1	1	2	1	0	0
OG_11364	0	0	0	0	0	4	0	0	0	0	0	0	0	1	0
OG_11365	1	1	1	2	1	4	2	1	1	1	0	1	1	0	1
OG_11366	0	0	0	0	0	2	0	0	0	0	0	0	0	5	0
OG_11367	0	1	0	0	1	1	1	0	1	0	0	1	1	1	0
OG_11368	0	0	0	0	0	1	0	0	0	0	0	0	0	1	0
OG_11369	0	0	0	0	0	2	0	0	0	0	0	0	0	1	0
OG_11370	0	0	0	0	0	1	0	0	0	0	0	0	0	1	0
OG_11371	1	2	2	2	1	1	2	1	1	1	1	4	1	2	1
OG_11372	3	1	1	4	1	1	2	1	1	3	2	1	1	3	2
OG_11373	3	2	2	10	2	1	2	2	2	5	2	2	2	2	0
OG_11374	0	0	0	0	0	0	0	0	0	0	0	0	0	3	1
OG_11375	0	0	0	0	0	2	0	0	0	0	0	0	0	1	0
OG_11376	0	0	0	0	0	1	0	0	0	0	0	0	0	1	0
OG_11377	0	0	0	0	0	1	0	0	0	0	0	0	0	1	0
OG_11378	0	0	0	0	0	1	0	0	0	0	0	0	0	1	0
OG_11379	1	1	1	1	1	2	1	1	2	1	1	1	1	5	1
OG_11380	1	2	2	1	2	0	1	2	1	1	1	1	1	0	1
OG_11381	0	0	0	0	0	1	0	0	0	0	0	0	0	1	0
OG_11382	4	2	1	2	2	3	2	2	2	2	1	2	2	3	1
OG_11383	2	1	1	2	1	2	1	1	1	2	2	1	1	2	1
OG_11384	0	0	0	0	0	1	0	0	0	0	0	0	0	1	0
OG_11385	0	0	0	0	0	1	0	0	0	0	0	0	0	1	0
OG_11386	0	0	0	0	0	2	0	0	0	0	0	0	0	1	0
OG_11387	0	0	0	0	0	2	0	0	0	0	0	0	0	1	0
OG_11388	0	0	0	0	0	1	0	0	0	0	0	0	0	1	0
OG_11389	0	0	0	0	0	1	0	0	0	0	0	0	0	1	0
OG_11390	0	0	0	0	0	2	0	0	0	0	0	0	0	1	0
OG_11391	0	0	0	0	0	1	0	0	0	0	0	0	0	1	0
OG_11392	0	0	0	0	0	1	0	0	0	0	0	0	0	1	0
OG_11393	0	0	0	0	0	1	0	0	0	0	0	0	0	2	0
OG_11394	0	0	0	0	0	1	0	0	0	0	0	0	0	1	0
OG_11395	0	0	0	0	0	1	0	0	0	0	0	0	0	1	0
OG_11396	0	0	0	0	0	1	0	0	0	0	0	0	0	1	0
OG_11397	0	0	0	0	0	5	0	0	0	0	0	0	0	1	0
OG_11398	0	0	0	0	0	1	0	0	0	0	0	0	0	1	0
OG_11399	0	0	0	0	0	1	0	0	0	0	0	0	0	1	0
OG_11400	0	0	0	0	0	2	0	0	0	0	0	0	0	1	0
OG_11401	0	0	0	0	0	1	0	0	0	0	0	0	0	1	0
OG_11402	0	0	0	0	0	2	0	0	0	0	0	0	0	1	0
OG_11403	1	1	1	1	1	2	2	1	1	1	1	0	3	0	1
OG_11404	0	0	0	0	0	1	0	0	0	0	0	0	0	1	0
OG_11405	0	0	0	0	0	1	0	0	0	0	0	0	0	1	0
OG_11406	0	0	0	0	0	1	0	0	0	0	0	0	0	1	0
OG_11407	0	0	0	0	0	1	0	0	0	0	0	0	0	1	0
OG_11408	0	0	0	0	0	1	0	0	0	0	0	0	0	1	0
OG_11409	0	0	0	0	0	2	0	0	0	0	0	0	0	1	0
OG_11410	0	0	0	0	0	1	0	0	0	0	0	0	0	1	0
OG_11411	1	1	1	1	1	1	1	1	1	1	2	0	1	1	1
OG_11412	0	0	0	0	0	3	0	0	0	0	0	0	0	1	0
OG_11413	0	0	0	0	0	1	0	0	0	0	0	0	0	1	0
OG_11414	1	1	1	1	1	1	1	1	1	1	1	1	1	3	1
OG_11415	0	0	0	0	0	5	0	0	0	0	0	0	0	1	0
OG_11416	0	0	0	0	0	1	0	0	0	0	0	0	0	1	0
OG_11417	0	0	0	0	0	2	0	0	0	0	0	0	0	1	0
OG_11418	0	0	0	0	0	2	0	0	0	0	0	0	0	1	0
OG_11419	0	0	0	0	0	1	0	0	0	0	0	0	0	1	0
OG_11420	0	0	0	0	0	2	0	0	0	0	0	0	0	1	0
OG_11421	0	0	0	0	0	1	0	0	0	0	0	0	0	1	0
OG_11422	1	1	1	1	1	2	1	1	1	1	1	2	1	2	1
OG_11423	0	0	0	0	0	1	0	0	0	0	0	0	0	1	0
OG_11424	0	0	0	0	0	2	0	0	0	0	0	0	0	1	0
OG_11425	1	1	2	1	1	1	1	1	1	1	1	1	2	1	0
OG_11426	2	2	1	1	5	1	1	1	1	1	1	0	1	0	0
OG_11427	0	0	0	0	0	3	0	0	0	0	0	0	0	1	0
OG_11428	2	1	2	2	3	1	3	2	2	3	1	1	3	2	1
OG_11429	1	1	1	1	1	0	1	2	1	1	0	0	1	0	0
OG_11430	0	0	0	0	0	2	0	0	0	0	0	0	0	1	0
OG_11431	0	0	0	1	0	0	0	0	0	0	1	0	0	1	0
OG_11432	0	0	0	0	0	3	0	0	0	0	0	0	0	1	0
OG_11433	0	0	0	0	0	1	0	0	0	0	0	0	0	1	0
OG_11434	0	0	0	0	0	1	0	0	0	0	0	0	0	1	0
OG_11435	0	0	0	0	0	1	0	0	0	0	0	0	0	1	0
OG_11436	0	0	0	0	0	4	0	0	0	0	0	0	0	1	0
OG_11437	0	0	0	0	0	1	0	0	0	0	0	0	0	1	0
OG_11438	0	0	0	0	0	1	0	0	0	0	0	0	0	1	0
OG_11439	0	0	0	0	0	1	0	0	0	0	0	0	0	1	0
OG_11440	3	1	1	1	1	2	2	1	1	1	0	0	1	1	0
OG_11441	0	0	0	0	0	1	0	0	0	0	0	0	0	1	0
OG_11442	0	0	0	0	0	1	0	0	0	0	0	0	0	1	0
OG_11443	4	1	1	1	1	1	2	2	1	1	2	4	1	1	1
OG_11444	1	1	1	1	1	1	2	1	2	1	1	1	2	2	1
OG_11445	4	2	1	3	1	1	2	4	1	1	1	1	2	1	1
OG_11446	1	1	1	1	1	1	1	1	1	1	1	1	1	0	0
OG_11447	6	1	1	2	1	0	2	1	1	3	1	1	2	0	0
OG_11448	1	1	2	2	1	1	2	1	1	1	1	1	1	5	1
OG_11449	1	1	1	1	1	1	1	1	3	1	1	1	1	1	1
OG_11450	1	1	1	1	1	1	1	1	1	1	1	1	1	2	1
OG_11451	3	1	1	3	1	8	3	1	1	1	2	3	3	1	4
OG_11452	2	1	2	1	1	2	1	1	1	1	6	1	2	1	1
OG_11453	3	5	1	1	1	1	1	1	2	3	1	4	1	4	2
OG_11454	1	1	1	1	1	1	1	1	2	1	1	2	1	3	1
OG_11455	1	1	2	1	1	1	1	1	3	1	1	2	1	1	1
OG_11456	0	0	0	0	0	1	0	0	0	0	0	0	0	1	0
OG_11457	0	0	0	0	0	1	0	0	0	0	0	0	0	1	0
OG_11458	0	0	0	0	0	4	0	0	0	0	0	0	0	1	0
OG_11459	0	0	0	0	0	1	0	0	0	0	0	0	0	1	0
OG_11460	2	1	1	2	1	1	1	4	2	4	1	1	2	0	2
OG_11461	0	1	1	1	1	0	1	1	0	1	0	1	1	1	0
OG_11462	0	0	0	0	0	1	0	0	0	0	0	0	0	1	0
OG_11463	2	1	1	1	1	1	2	1	1	1	1	1	4	1	1
OG_11464	0	0	0	0	0	1	0	0	0	0	0	0	0	1	0
OG_11465	4	1	1	4	1	2	3	1	1	3	2	1	3	1	0
OG_11466	0	0	0	0	0	1	0	0	0	0	0	0	0	1	0
OG_11467	0	0	0	0	0	2	0	0	0	0	0	0	0	2	0
OG_11468	0	0	0	0	0	1	0	0	0	0	0	0	0	1	0
OG_11469	0	0	0	0	0	1	0	0	0	0	0	0	0	1	0
OG_11470	0	1	1	0	1	0	0	1	1	1	0	0	0	0	0
OG_11471	0	0	0	0	0	1	0	0	0	0	0	0	0	1	0
OG_11472	0	0	0	0	0	1	0	0	0	0	0	0	0	1	0
OG_11473	0	0	0	0	0	1	0	0	0	0	0	0	0	1	0
OG_11474	0	0	0	1	0	0	0	0	0	0	0	0	0	3	0
OG_11475	0	0	0	1	0	0	0	0	0	0	0	0	0	1	0
OG_11476	1	1	1	1	1	1	2	1	1	1	1	2	2	3	1
OG_11477	0	0	0	0	0	2	0	0	0	0	0	0	0	1	0
OG_11478	1	1	1	1	1	1	1	1	1	1	1	0	1	1	1
OG_11479	0	0	0	0	0	1	0	0	0	0	0	0	0	1	0
OG_11480	0	0	0	0	0	1	0	0	0	0	0	0	0	1	0
OG_11481	2	7	3	3	6	0	2	3	5	3	6	5	2	3	0
OG_11482	1	11	2	2	5	2	2	3	5	1	6	4	2	4	0
OG_11483	1	1	2	6	3	0	1	5	2	3	2	1	1	0	0
OG_11484	4	1	1	1	1	1	6	1	1	1	1	1	1	1	1
OG_11485	2	1	1	3	2	0	1	1	4	2	1	2	1	0	1
OG_11486	0	0	0	0	0	5	0	0	0	0	0	0	0	2	9
OG_11487	0	0	0	0	0	1	0	0	0	0	0	0	0	1	0
OG_11488	0	0	0	0	0	2	0	0	0	0	0	0	0	1	0
OG_11489	5	1	1	1	1	2	1	1	1	1	1	2	1	0	2
OG_11490	0	0	0	0	0	1	0	0	0	0	0	0	0	1	0
OG_11491	0	0	0	0	0	1	0	0	0	0	0	0	0	1	0
OG_11492	4	5	5	6	1	2	11	1	1	5	3	4	7	3	3
OG_11493	0	0	0	0	0	34	0	0	0	0	0	0	0	4	0
OG_11494	0	0	0	0	0	2	0	0	0	0	0	0	0	4	0
OG_11495	0	0	0	0	0	21	0	0	0	0	0	0	0	1	0
OG_11496	0	0	0	0	0	1	0	0	0	0	0	0	0	1	0
OG_11497	2	1	1	1	1	1	1	1	1	1	1	1	2	2	1
OG_11498	0	0	0	0	0	1	0	0	0	0	0	0	0	1	0
OG_11499	1	1	1	1	1	2	1	1	1	1	1	1	1	4	1
OG_11500	0	0	0	0	0	1	0	0	0	0	0	0	0	1	0
OG_11501	0	0	0	0	0	4	0	0	0	0	0	0	0	2	0
OG_11502	0	0	0	0	0	1	0	0	0	0	0	0	0	1	0
OG_11503	0	0	0	0	0	1	0	0	0	0	0	0	0	1	0
OG_11504	0	0	0	0	0	1	0	0	0	0	0	0	0	1	0
OG_11505	2	4	1	4	1	6	1	1	1	2	1	1	1	1	1
OG_11506	0	0	0	0	0	2	0	0	0	0	0	0	0	3	0
OG_11507	1	1	2	2	1	1	1	1	1	1	1	1	1	1	1
OG_11508	0	0	0	0	0	3	0	0	0	0	0	0	0	1	0
OG_11509	0	0	0	0	0	2	0	0	0	0	0	0	0	2	0
OG_11510	1	2	2	2	2	2	1	2	3	2	1	1	1	5	2
OG_11511	0	0	0	0	0	2	0	0	0	0	0	0	0	1	0
OG_11512	0	0	0	0	0	1	0	0	0	0	0	0	0	1	0
OG_11513	0	0	0	0	0	1	0	0	0	0	0	0	0	1	0
OG_11514	0	0	0	0	0	2	0	0	0	0	0	0	0	1	0
OG_11515	0	0	0	0	0	2	0	0	0	0	0	0	0	1	0
OG_11516	0	0	0	0	0	1	0	0	0	0	0	0	0	1	0
OG_11517	0	0	0	0	0	3	0	0	0	0	0	0	0	1	0
OG_11518	0	0	0	0	0	7	0	0	0	0	0	0	0	1	0
OG_11519	0	0	0	0	0	1	0	0	0	0	0	0	0	1	0
OG_11520	0	0	0	0	0	1	0	0	0	0	0	0	0	1	0
OG_11521	0	1	0	2	1	0	0	1	1	2	1	1	0	0	0
OG_11522	0	0	0	0	0	1	0	0	0	0	0	0	0	1	0
OG_11523	0	0	0	0	0	1	0	0	0	0	0	0	0	1	0
OG_11524	0	0	0	0	0	1	0	0	0	0	0	0	0	1	0
OG_11525	0	0	0	0	0	3	0	0	0	0	0	0	0	1	0
OG_11526	0	0	0	0	0	1	0	0	0	0	0	0	0	1	0
OG_11527	0	0	0	0	0	1	0	0	0	0	0	0	0	1	0
OG_11528	0	0	0	0	0	4	0	0	0	0	0	0	0	1	0
OG_11529	0	0	0	0	0	1	0	0	0	0	0	0	0	1	0
OG_11530	0	0	0	0	0	1	0	0	0	0	0	0	0	2	0
OG_11531	0	0	0	0	0	1	0	0	0	0	0	0	0	2	0
OG_11532	0	0	0	0	0	1	0	0	0	0	0	0	0	1	0
OG_11533	0	0	0	0	0	2	0	0	0	0	0	0	0	1	0
OG_11534	0	0	0	0	0	5	0	0	0	0	0	0	0	1	0
OG_11535	3	1	1	4	1	3	2	2	2	2	2	5	3	1	1
OG_11536	0	0	0	0	0	1	0	0	0	0	0	0	0	1	0
OG_11537	0	0	0	0	0	1	0	0	0	0	0	0	0	1	0
OG_11538	0	0	0	0	0	1	0	0	0	0	0	0	0	1	0
OG_11539	0	0	0	0	0	2	0	0	0	0	0	0	0	1	0
OG_11540	2	1	1	1	1	1	1	1	1	1	1	1	1	3	4
OG_11541	0	0	0	2	0	0	0	0	0	0	0	0	0	1	0
OG_11542	0	0	0	0	0	1	0	0	0	0	0	0	0	1	0
OG_11543	0	0	0	0	0	1	0	0	0	0	0	0	0	2	0
OG_11544	1	1	1	1	1	0	1	1	1	2	2	2	1	3	1
OG_11545	0	0	0	0	0	2	0	0	0	0	0	0	0	1	0
OG_11546	0	0	0	0	0	1	0	0	0	0	0	0	0	1	0
OG_11547	0	0	0	0	0	3	0	0	0	0	0	0	0	1	0
OG_11548	0	0	0	0	0	5	0	0	0	0	0	0	0	1	0
OG_11549	2	2	3	8	1	3	1	2	1	1	2	1	1	3	3
OG_11550	1	1	1	2	2	2	2	1	1	1	1	2	2	1	7
OG_11551	0	0	0	0	0	1	0	0	0	0	0	0	0	1	0
OG_11552	0	0	0	0	0	1	0	0	0	0	0	0	0	1	0
OG_11553	0	0	0	0	0	1	0	0	0	0	0	0	0	1	0
OG_11554	0	0	0	0	0	1	0	0	0	0	0	0	0	1	0
OG_11555	0	0	0	0	0	5	0	0	0	0	0	0	0	1	0
OG_11556	1	1	1	1	1	3	1	1	1	1	1	1	1	0	0
OG_11557	0	0	0	0	0	3	0	0	0	0	0	0	0	1	0
OG_11558	0	0	0	0	0	1	0	0	0	0	0	0	0	1	0
OG_11559	0	0	0	0	0	2	0	0	0	0	0	0	0	1	0
OG_11560	0	0	0	0	0	1	0	0	0	0	0	0	0	1	0
OG_11561	0	0	0	0	0	1	0	0	0	0	0	0	0	1	0
OG_11562	0	0	0	0	0	1	0	0	0	0	0	0	0	1	0
OG_11563	0	0	0	0	0	1	0	0	0	0	0	0	0	1	0
OG_11564	2	0	1	1	2	1	1	1	1	1	1	1	1	1	1
OG_11565	1	1	1	1	1	2	1	1	2	1	1	1	1	1	2
OG_11566	0	0	0	0	0	1	0	0	0	0	0	0	0	1	0
OG_11567	0	0	0	0	0	1	0	0	0	0	0	0	0	1	0
OG_11568	0	0	0	0	0	2	0	0	0	0	0	0	0	1	0
OG_11569	0	0	0	0	0	1	0	0	0	0	0	0	0	1	0
OG_11570	0	0	0	0	0	2	0	0	0	0	0	0	0	2	0
OG_11571	0	0	0	0	0	1	0	0	0	0	0	0	0	1	0
OG_11572	0	0	0	0	0	1	0	0	0	0	0	0	0	1	0
OG_11573	0	0	0	0	0	1	0	0	0	0	0	0	0	1	0
OG_11574	0	0	0	0	0	1	0	0	0	0	0	0	0	1	0
OG_11575	0	0	0	0	0	1	0	0	0	0	0	0	0	1	0
OG_11576	0	0	0	0	0	1	0	0	0	0	0	0	0	1	0
OG_11577	1	1	1	1	1	0	1	1	2	1	1	1	1	0	1
OG_11578	0	0	0	0	0	1	0	0	0	0	0	0	0	2	0
OG_11579	0	0	0	0	0	1	0	0	0	0	0	0	0	1	0
OG_11580	0	0	0	0	0	1	0	0	0	0	0	0	0	1	0
OG_11581	1	1	1	1	1	1	1	1	1	1	2	1	1	1	1
OG_11582	0	0	0	0	0	1	0	0	0	0	0	0	0	1	0
OG_11583	0	0	0	0	0	4	0	0	0	0	0	0	0	1	0
OG_11584	0	0	0	0	0	1	0	0	0	0	0	0	0	1	0
OG_11585	0	0	0	0	0	1	0	0	0	0	0	0	0	1	0
OG_11586	0	0	0	0	0	2	0	0	0	0	0	0	0	1	0
OG_11587	0	0	0	0	0	1	0	0	0	0	0	0	0	1	0
OG_11588	0	0	0	0	0	1	0	0	0	0	0	0	0	1	0
OG_11589	0	0	0	0	0	1	0	0	0	0	0	0	0	1	0
OG_11590	1	1	0	1	1	1	1	1	1	1	1	4	1	0	0
OG_11591	0	0	0	0	0	1	0	0	0	0	0	0	0	1	0
OG_11592	0	0	0	0	0	1	0	0	0	0	0	0	0	1	0
OG_11593	1	1	2	1	4	1	1	1	1	1	1	1	1	1	1
OG_11594	0	0	0	0	0	1	0	0	0	0	0	0	0	1	0
OG_11595	0	0	0	0	0	2	0	0	0	0	0	0	0	1	0
OG_11596	0	0	0	0	0	1	0	0	0	0	0	0	0	1	0
OG_11597	0	0	0	0	0	1	0	0	0	0	0	0	0	1	0
OG_11598	0	0	0	0	0	1	0	0	0	0	0	0	0	1	0
OG_11599	4	6	1	4	2	2	3	3	1	5	4	10	3	5	1
OG_11600	0	1	0	0	2	1	0	0	0	0	1	3	0	1	1
OG_11601	0	0	0	0	0	3	0	0	0	0	0	0	0	1	0
OG_11602	0	0	0	0	0	1	0	0	0	0	0	0	0	1	0
OG_11603	0	0	0	0	0	3	0	0	0	0	0	0	0	2	0
OG_11604	0	0	0	0	0	1	0	0	0	0	0	0	0	1	0
OG_11605	0	0	0	0	0	1	0	0	0	0	0	0	0	1	0
OG_11606	0	0	0	0	0	9	0	0	0	0	0	0	0	1	0
OG_11607	0	0	0	0	0	2	0	0	0	0	0	0	0	1	0
OG_11608	0	0	0	0	0	1	0	0	0	0	0	0	0	1	0
OG_11609	2	1	1	1	1	2	3	1	1	1	1	2	1	1	1
OG_11610	0	0	0	0	0	6	0	0	0	0	0	0	0	1	0
OG_11611	0	0	0	0	0	2	0	0	0	0	0	0	0	1	0
OG_11612	1	2	1	2	1	1	1	1	1	1	1	1	2	1	0
OG_11613	2	1	1	1	1	0	1	1	1	1	0	2	1	0	0
OG_11614	1	2	4	1	2	0	2	1	1	1	1	3	1	0	2
OG_11615	1	1	2	1	1	1	2	2	1	1	1	2	2	1	1
OG_11616	1	0	1	1	1	0	1	1	1	1	0	3	1	0	0
OG_11617	3	1	1	1	1	0	1	1	1	1	1	2	1	0	0
OG_11618	5	2	1	1	1	1	1	1	1	1	5	2	1	3	1
OG_11619	2	1	1	1	1	1	1	1	1	1	1	2	1	0	0
OG_11620	1	1	1	3	2	2	1	1	1	1	1	2	1	0	1
OG_11621	4	4	1	3	1	0	2	2	1	4	1	2	2	0	2
OG_11622	3	1	1	1	1	1	2	1	1	1	1	2	2	1	1
OG_11623	4	1	1	2	1	2	3	1	1	1	1	6	2	1	2
OG_11624	2	1	1	1	1	0	1	1	1	1	1	2	1	0	0
OG_11625	3	2	1	1	1	0	1	1	3	1	3	0	1	0	1
OG_11626	0	0	0	0	0	0	0	0	1	0	0	2	0	0	0
OG_11627	2	1	1	1	1	0	1	1	1	1	1	2	1	0	0
OG_11628	2	1	1	1	1	1	2	1	1	2	3	3	1	0	0
OG_11629	2	1	1	0	2	0	2	1	1	2	1	4	2	0	0
OG_11630	1	1	1	2	1	0	1	1	1	1	1	2	1	0	0
OG_11631	1	1	1	1	1	3	1	1	1	2	1	1	1	1	1
OG_11632	0	0	0	0	1	0	0	0	0	0	0	3	0	0	0
OG_11633	1	1	1	0	1	0	1	1	1	1	1	2	1	0	0
OG_11634	1	1	1	1	1	1	1	1	1	1	1	2	1	0	0
OG_11635	1	1	1	2	1	0	2	2	4	1	1	3	1	0	0
OG_11636	1	1	1	1	1	0	1	1	1	1	1	2	1	0	0
OG_11637	1	1	1	2	1	0	1	1	1	1	1	2	1	0	0
OG_11638	3	2	2	1	1	0	1	1	5	1	1	3	1	0	0
OG_11639	1	1	1	1	1	0	2	1	1	2	1	2	1	0	0
OG_11640	1	1	1	1	1	0	2	1	1	1	1	2	2	0	0
OG_11641	1	1	1	1	1	0	1	1	1	2	1	3	1	0	0
OG_11642	1	1	1	1	1	0	1	1	1	3	1	3	1	0	0
OG_11643	2	1	1	2	1	0	1	1	1	1	1	2	1	0	0
OG_11644	1	1	1	1	1	0	3	1	1	1	1	2	1	0	0
OG_11645	1	1	1	1	1	0	1	1	1	1	0	2	1	0	0
OG_11646	1	2	1	1	1	1	1	1	1	1	1	2	2	0	0
OG_11647	1	1	2	1	1	1	1	1	1	1	1	11	1	2	2
OG_11648	1	1	1	2	1	1	1	1	1	1	1	2	1	0	0
OG_11649	5	1	1	2	1	0	1	1	1	2	2	2	1	0	0
OG_11650	1	1	1	1	1	0	1	1	1	1	1	2	1	0	0
OG_11651	1	1	1	2	1	0	1	1	1	1	1	2	1	0	0
OG_11652	1	2	1	3	1	1	1	1	2	2	1	3	1	0	0
OG_11653	1	1	1	1	1	0	1	1	0	1	0	2	1	0	0
OG_11654	1	1	1	8	1	0	1	1	1	2	0	3	1	0	0
OG_11655	1	1	1	1	1	0	1	1	1	1	2	2	1	0	0
OG_11656	1	2	1	2	4	2	1	1	2	2	1	4	1	1	2
OG_11657	3	1	1	2	2	0	1	1	1	1	2	3	0	0	0
OG_11658	1	1	1	2	1	0	1	1	1	1	1	2	1	0	0
OG_11659	1	1	1	1	1	0	1	1	1	1	1	1	1	0	0
OG_11660	1	1	2	2	1	6	2	1	1	1	3	9	1	1	1
OG_11661	1	1	1	1	1	1	1	1	1	1	1	2	2	1	1
OG_11662	1	1	1	1	1	0	1	1	1	1	0	3	1	0	0
OG_11663	4	1	1	1	1	0	1	1	1	2	1	1	1	0	0
OG_11664	1	1	1	1	1	0	1	1	1	1	1	1	0	0	2
OG_11665	2	3	1	2	3	4	2	3	2	2	1	1	2	2	1
OG_11666	0	1	0	1	1	0	0	1	1	1	0	2	0	0	2
OG_11667	1	1	1	1	1	0	1	1	1	1	1	1	3	0	0
OG_11668	6	1	1	3	1	0	3	1	1	4	1	1	2	0	0
OG_11669	1	1	1	1	1	1	1	1	1	1	1	1	1	0	0
OG_11670	1	1	3	2	1	0	1	1	1	1	2	1	1	0	1
OG_11671	1	1	1	2	1	0	2	1	2	2	1	1	2	0	0
OG_11672	4	1	1	1	1	0	1	1	1	4	1	1	1	0	0
OG_11673	1	1	1	1	1	0	1	1	1	1	1	1	1	0	0
OG_11674	0	3	0	0	2	0	0	2	2	1	0	1	0	0	0
OG_11675	1	1	1	0	1	2	1	1	1	1	0	1	1	0	8
OG_11676	0	1	0	0	1	0	0	1	0	0	0	0	0	0	0
OG_11677	0	1	0	0	1	0	0	0	1	0	0	0	0	0	0
OG_11678	1	1	1	1	1	0	1	2	1	1	1	1	1	0	0
OG_11679	1	1	1	1	1	0	1	1	1	1	1	1	1	0	0
OG_11680	6	1	1	3	1	2	3	1	1	4	2	1	3	1	2
OG_11681	3	1	1	1	1	5	1	1	1	1	2	1	1	0	0
OG_11682	1	1	1	1	1	0	1	1	1	1	1	1	1	0	0
OG_11683	1	1	1	1	1	0	1	1	1	1	1	1	2	0	0
OG_11684	1	1	1	1	1	0	3	1	1	1	0	1	3	0	0
OG_11685	1	1	1	1	1	2	3	1	1	1	1	1	3	1	1
OG_11686	1	1	1	1	1	0	1	1	1	1	1	1	1	0	0
OG_11687	1	1	1	1	1	0	1	1	1	1	0	1	1	0	0
OG_11688	1	1	1	1	1	0	1	1	1	1	1	1	1	0	0
OG_11689	1	1	1	1	1	0	1	1	1	1	1	1	1	0	0
OG_11690	1	1	1	2	1	0	1	1	1	1	1	2	1	0	2
OG_11691	1	1	1	0	1	4	1	1	2	1	1	1	1	0	0
OG_11692	1	1	1	0	0	0	1	1	1	0	0	1	1	0	0
OG_11693	2	1	1	2	1	0	1	1	1	2	1	1	1	0	0
OG_11694	1	1	1	1	1	0	1	1	2	1	1	1	1	0	0
OG_11695	1	1	1	0	2	0	1	1	1	1	1	1	1	0	0
OG_11696	2	1	1	2	1	0	1	1	1	1	1	1	1	0	0
OG_11697	1	1	1	1	1	0	1	1	1	1	3	1	1	0	1
OG_11698	2	1	1	1	1	1	1	1	1	1	4	2	1	2	1
OG_11699	2	1	2	3	1	0	2	1	1	2	0	0	2	0	0
OG_11700	0	0	0	0	0	0	0	0	0	0	0	1	0	0	1
OG_11701	0	1	1	1	0	0	0	1	1	2	1	1	0	0	0
OG_11702	1	1	1	0	1	1	1	0	1	0	1	1	1	0	0
OG_11703	0	9	0	0	1	0	0	1	5	1	0	0	1	0	0
OG_11704	0	1	1	0	0	0	1	1	1	0	0	0	1	0	0
OG_11705	1	2	10	1	2	0	1	2	1	1	1	2	1	0	0
OG_11706	1	1	1	1	1	0	1	1	1	1	1	3	1	0	1
OG_11707	0	0	0	0	0	1	0	0	0	0	0	0	0	2	0
OG_11708	1	1	2	1	1	1	1	1	1	1	1	1	1	0	0
OG_11709	3	1	2	1	1	1	1	2	1	1	1	1	1	2	1
OG_11710	1	0	1	1	1	0	1	1	1	1	2	1	1	0	1
OG_11711	1	1	1	1	1	2	2	1	1	1	1	1	1	1	1
OG_11712	2	1	1	1	1	0	1	1	2	1	1	1	1	0	0
OG_11713	2	1	1	1	1	0	1	1	1	1	1	1	0	0	0
OG_11714	2	1	1	1	1	2	1	1	1	2	4	7	1	1	1
OG_11715	1	1	1	1	1	0	1	1	1	1	1	1	1	0	0
OG_11716	4	1	1	1	1	1	4	1	2	1	1	3	2	3	1
OG_11717	2	2	1	2	2	1	2	2	2	2	2	2	2	1	1
OG_11718	1	1	1	2	1	1	1	1	2	1	1	1	1	1	1
OG_11719	1	1	1	1	1	0	1	1	1	1	1	1	1	0	0
OG_11720	2	2	2	2	2	1	1	2	3	2	2	1	1	1	1
OG_11721	1	0	1	1	1	0	1	1	1	1	1	1	1	0	0
OG_11722	1	1	1	1	1	0	2	1	1	1	1	1	1	0	0
OG_11723	1	1	1	1	1	5	1	1	2	1	2	1	1	1	1
OG_11724	1	0	1	0	1	1	2	1	1	1	0	1	2	0	0
OG_11725	1	1	1	1	1	0	1	0	1	1	0	1	1	0	0
OG_11726	1	1	1	1	1	0	1	1	1	1	1	1	1	0	0
OG_11727	1	1	1	2	1	0	1	1	1	1	1	1	1	0	0
OG_11728	1	1	1	1	1	1	1	1	1	1	1	1	1	0	0
OG_11729	4	1	2	1	1	8	1	1	1	2	2	1	1	1	1
OG_11730	2	1	1	1	1	2	1	1	1	2	1	1	2	2	1
OG_11731	1	1	1	2	1	0	1	1	1	2	1	1	1	0	0
OG_11732	1	1	2	1	1	1	1	1	1	1	1	1	1	0	0
OG_11733	4	1	1	1	1	1	1	1	1	1	1	1	1	0	0
OG_11734	1	0	1	1	1	1	1	1	1	1	1	1	1	1	1
OG_11735	1	1	1	1	1	1	1	1	1	1	1	0	1	1	1
OG_11736	1	1	1	2	1	0	1	1	1	1	0	1	1	0	0
OG_11737	2	1	1	0	1	0	1	1	1	1	1	1	1	0	0
OG_11738	5	1	1	3	1	0	1	1	1	5	0	1	4	0	0
OG_11739	2	1	1	2	1	0	1	1	1	2	1	1	1	1	1
OG_11740	1	1	1	1	1	1	1	1	1	2	1	1	1	0	0
OG_11741	3	1	1	1	1	0	1	1	1	1	2	1	1	0	0
OG_11742	1	1	1	1	5	6	1	1	1	1	1	1	1	3	2
OG_11743	1	1	1	1	5	3	1	1	1	1	5	4	1	0	1
OG_11744	3	1	1	1	1	0	1	1	1	1	0	1	1	0	0
OG_11745	1	1	1	1	1	1	1	1	1	1	1	1	1	1	4
OG_11746	3	1	1	1	1	4	1	1	2	1	1	1	1	2	0
OG_11747	1	1	1	1	1	0	1	1	1	1	0	1	2	0	0
OG_11748	5	1	1	1	1	0	1	1	1	3	1	2	1	0	0
OG_11749	1	1	1	1	1	1	1	1	1	1	1	1	1	0	0
OG_11750	1	1	1	1	1	0	1	1	1	2	0	1	3	0	0
OG_11751	1	1	1	1	1	1	1	2	2	1	1	1	2	0	0
OG_11752	1	1	1	1	1	0	1	1	1	1	0	1	1	0	0
OG_11753	1	1	0	0	0	1	0	0	0	0	0	1	0	0	0
OG_11754	1	0	1	1	1	0	1	1	1	1	1	1	1	0	0
OG_11755	1	1	1	1	1	0	1	1	1	1	1	1	1	0	2
OG_11756	2	1	2	2	2	0	2	4	2	2	0	4	3	0	0
OG_11757	1	1	3	1	1	2	1	1	1	1	1	1	2	2	2
OG_11758	2	1	1	1	1	0	1	1	1	2	0	1	1	0	1
OG_11759	0	1	0	0	2	0	0	0	2	0	1	0	0	0	1
OG_11760	1	1	1	0	1	0	1	1	1	0	1	1	1	0	0
OG_11761	1	0	1	1	1	0	1	1	1	1	2	1	1	0	0
OG_11762	4	1	1	1	1	0	3	1	2	1	2	1	3	0	0
OG_11763	2	1	2	2	1	0	3	2	2	1	3	1	2	0	0
OG_11764	1	1	1	1	1	0	1	1	1	1	1	1	1	0	0
OG_11765	1	1	1	2	1	0	2	1	1	1	0	1	2	0	0
OG_11766	1	1	1	1	1	1	1	1	2	1	2	4	1	0	1
OG_11767	1	1	1	1	1	0	0	1	1	1	0	1	1	0	0
OG_11768	1	1	1	1	1	0	1	1	1	1	1	1	1	0	0
OG_11769	2	1	1	3	2	2	1	1	1	1	1	1	1	0	0
OG_11770	1	1	1	1	1	2	1	1	1	1	1	1	1	0	0
OG_11771	1	1	1	1	1	0	1	1	1	2	1	1	3	0	0
OG_11772	2	2	1	1	1	0	1	2	2	3	2	6	1	0	0
OG_11773	1	1	0	0	1	0	1	1	1	2	2	1	1	0	0
OG_11774	0	1	1	1	0	0	0	0	0	1	0	0	0	0	0
OG_11775	24	20	16	13	12	1	12	16	14	16	13	18	12	1	0
OG_11776	1	1	1	1	1	1	1	1	1	1	0	1	1	0	0
OG_11777	1	1	1	1	1	0	1	1	1	1	1	1	1	0	0
OG_11778	2	1	1	2	1	0	1	1	1	2	1	1	1	0	0
OG_11779	1	1	2	4	1	4	1	1	1	1	1	1	1	2	1
OG_11780	3	1	1	1	1	0	1	1	1	1	1	1	1	0	0
OG_11781	1	1	1	1	1	0	1	1	1	1	1	1	1	0	0
OG_11782	3	1	1	1	2	5	1	1	1	2	2	1	1	1	2
OG_11783	1	1	1	1	1	0	1	1	1	1	1	1	1	0	0
OG_11784	1	1	1	1	1	1	1	1	2	1	1	1	1	1	1
OG_11785	1	1	1	1	1	3	1	1	1	1	0	1	1	1	1
OG_11786	2	1	1	1	1	0	1	1	1	1	1	1	1	0	0
OG_11787	1	1	1	0	1	0	1	1	1	0	1	1	1	0	0
OG_11788	2	1	1	1	1	0	1	1	1	1	1	1	1	0	0
OG_11789	2	1	1	1	1	0	1	1	1	1	0	1	1	0	0
OG_11790	1	1	2	1	1	1	1	1	1	1	1	1	2	2	2
OG_11791	1	2	1	1	1	3	1	1	2	1	1	1	2	3	1
OG_11792	1	1	1	1	2	2	1	1	1	2	1	1	1	2	0
OG_11793	1	1	1	1	1	0	1	1	1	1	1	1	1	0	0
OG_11794	2	1	1	3	1	2	2	1	1	1	1	1	2	1	0
OG_11795	1	0	2	1	1	0	1	1	1	1	1	1	1	0	0
OG_11796	1	1	1	1	1	1	1	1	1	1	4	1	1	1	1
OG_11797	0	1	1	0	1	0	1	1	1	0	1	1	1	0	0
OG_11798	2	0	1	2	1	0	2	1	1	1	0	1	2	0	0
OG_11799	1	1	1	1	1	0	1	1	2	1	0	1	1	0	0
OG_11800	1	1	1	1	1	0	1	1	1	1	0	1	1	0	0
OG_11801	1	1	1	1	1	0	1	1	1	1	0	1	1	0	0
OG_11802	1	1	1	1	1	0	1	1	1	1	1	1	1	0	0
OG_11803	1	1	1	1	1	0	1	1	1	1	1	1	1	0	0
OG_11804	1	1	1	0	1	1	1	1	1	1	1	1	1	0	1
OG_11805	1	2	1	2	1	5	1	1	2	3	3	1	1	2	1
OG_11806	6	2	1	1	1	3	3	1	1	3	1	4	3	1	1
OG_11807	0	10	1	1	1	0	1	1	2	0	0	0	1	0	0
OG_11808	1	1	1	2	1	0	1	1	1	3	1	1	1	0	0
OG_11809	2	0	2	1	1	0	2	1	2	1	1	1	3	0	1
OG_11810	6	1	1	1	1	0	3	1	2	3	1	3	3	0	1
OG_11811	2	1	1	1	1	1	2	1	0	1	0	1	2	0	0
OG_11812	8	1	2	0	1	0	1	1	1	1	1	1	2	0	0
OG_11813	2	1	1	1	1	0	1	1	1	2	1	1	1	0	0
OG_11814	1	1	1	1	1	0	1	1	1	1	1	1	1	0	0
OG_11815	2	1	1	1	1	0	1	1	1	1	0	1	1	0	0
OG_11816	1	1	1	1	1	0	1	1	1	1	1	1	1	0	0
OG_11817	1	1	1	1	1	0	1	1	1	0	1	1	2	0	0
OG_11818	1	1	1	1	1	1	1	1	1	1	1	1	1	1	3
OG_11819	2	2	2	5	1	1	2	1	1	3	1	1	2	0	1
OG_11820	1	1	1	1	1	0	1	1	1	1	0	1	1	0	0
OG_11821	1	1	0	1	1	0	1	1	1	1	1	1	1	0	0
OG_11822	1	1	1	1	1	0	1	1	1	1	0	1	1	0	0
OG_11823	1	1	1	0	1	0	1	1	1	1	1	1	1	0	0
OG_11824	1	1	1	1	1	0	1	1	1	1	1	1	1	0	0
OG_11825	1	1	1	1	1	0	1	1	1	0	0	1	1	0	0
OG_11826	2	2	1	1	3	2	1	1	1	1	1	2	3	2	1
OG_11827	1	1	1	1	1	1	1	2	1	2	2	1	1	0	1
OG_11828	4	1	1	2	1	0	1	1	1	1	1	2	0	0	0
OG_11829	1	1	1	1	1	1	1	1	1	1	1	1	1	0	0
OG_11830	1	1	1	1	1	0	1	1	1	1	1	1	1	0	0
OG_11831	1	1	1	1	1	0	1	1	1	1	1	1	1	0	0
OG_11832	1	1	1	1	1	0	1	1	1	1	1	1	1	0	0
OG_11833	1	1	1	2	1	0	2	2	1	3	1	1	2	0	0
OG_11834	3	1	1	4	1	0	1	1	1	1	1	1	1	0	0
OG_11835	2	1	1	1	1	2	2	1	1	1	4	0	3	3	1
OG_11836	1	1	1	1	1	0	1	1	1	1	1	1	1	0	0
OG_11837	1	1	1	2	1	0	1	1	1	1	0	1	1	0	0
OG_11838	1	1	1	1	1	0	1	2	1	1	1	1	1	0	0
OG_11839	0	0	0	0	0	0	0	0	0	0	1	1	0	0	0
OG_11840	1	2	1	7	1	1	2	1	1	4	2	1	2	1	1
OG_11841	1	2	1	1	1	0	1	1	1	1	2	1	1	0	0
OG_11842	1	1	1	1	1	1	1	1	1	2	1	1	1	1	1
OG_11843	2	1	1	4	1	0	1	1	1	6	0	1	1	0	0
OG_11844	0	0	1	0	0	0	0	0	1	0	1	1	0	0	0
OG_11845	1	1	1	1	1	0	1	1	1	1	0	1	1	0	0
OG_11846	0	0	0	1	0	0	0	0	0	0	0	1	0	0	0
OG_11847	2	1	1	1	1	0	1	1	1	1	1	1	1	0	0
OG_11848	1	1	1	1	1	0	1	1	1	1	1	1	1	0	0
OG_11849	1	1	1	1	1	0	1	1	1	1	0	1	1	0	0
OG_11850	1	1	2	1	1	1	1	1	1	1	1	1	1	1	1
OG_11851	1	1	1	1	1	0	1	1	1	2	0	1	1	0	0
OG_11852	1	1	1	1	1	0	1	1	1	1	1	1	1	0	0
OG_11853	2	1	1	1	1	0	1	1	1	1	1	1	1	0	0
OG_11854	2	1	0	1	2	1	2	3	1	1	1	1	0	1	1
OG_11855	0	0	0	0	0	0	0	0	1	0	0	1	0	0	0
OG_11856	1	1	1	1	2	0	2	1	1	1	1	1	1	0	0
OG_11857	1	1	1	1	1	0	1	1	2	1	0	1	1	0	0
OG_11858	1	1	1	1	1	0	2	1	0	2	4	1	1	0	0
OG_11859	1	1	2	1	1	0	1	1	1	1	1	0	1	0	1
OG_11860	1	1	1	1	1	1	1	1	1	1	1	1	1	1	1
OG_11861	2	1	1	1	1	1	1	1	1	1	1	1	1	2	1
OG_11862	2	1	1	3	2	0	1	1	3	2	2	3	1	0	0
OG_11863	3	2	1	2	1	0	1	1	1	1	1	3	1	0	0
OG_11864	2	0	1	3	1	1	2	1	1	1	0	1	1	0	0
OG_11865	1	1	1	1	1	0	1	1	1	1	1	1	2	0	0
OG_11866	1	1	1	2	1	0	1	1	1	2	1	1	1	0	0
OG_11867	0	1	1	0	1	0	0	1	1	0	0	9	0	0	1
OG_11868	1	1	1	1	1	0	2	1	1	1	1	1	2	0	1
OG_11869	1	1	1	2	2	1	1	2	1	2	2	2	1	0	1
OG_11870	13	1	1	2	1	0	1	1	1	2	1	1	2	0	0
OG_11871	6	1	1	7	1	0	1	1	1	6	0	1	2	0	0
OG_11872	1	2	1	1	1	1	0	1	2	0	1	1	0	0	0
OG_11873	1	1	1	2	1	1	1	1	1	1	1	1	1	0	0
OG_11874	1	2	2	1	1	1	1	1	4	1	1	2	1	1	1
OG_11875	1	1	1	1	1	1	1	1	1	1	1	1	2	1	2
OG_11876	0	0	0	0	0	1	0	0	0	0	0	0	0	1	0
OG_11877	1	1	1	0	1	0	1	1	1	1	1	1	1	0	0
OG_11878	4	2	2	1	1	2	3	1	1	1	1	1	2	2	1
OG_11879	0	1	0	0	0	0	0	0	0	0	0	1	0	0	2
OG_11880	1	1	1	1	1	0	1	1	0	1	1	1	1	0	0
OG_11881	1	1	1	1	1	0	1	1	1	1	1	0	0	0	1
OG_11882	1	1	1	1	1	1	1	1	1	2	1	1	1	2	0
OG_11883	1	1	1	3	1	0	3	1	1	1	1	1	1	0	0
OG_11884	0	0	0	0	1	0	0	1	0	0	1	1	0	0	0
OG_11885	0	1	0	2	1	0	0	2	1	2	2	2	0	0	0
OG_11886	1	1	1	1	1	1	1	1	1	1	1	1	1	0	0
OG_11887	1	1	1	1	1	0	1	1	1	3	1	1	1	0	0
OG_11888	1	1	1	1	1	0	1	1	1	1	1	1	1	0	0
OG_11889	1	1	1	1	1	0	1	1	1	1	1	1	1	0	0
OG_11890	1	1	1	1	1	0	1	1	1	1	1	1	1	0	0
OG_11891	2	1	1	1	1	0	1	1	1	1	1	0	1	0	0
OG_11892	1	1	1	1	1	0	1	1	1	1	1	1	1	0	0
OG_11893	1	1	1	0	1	0	1	1	0	0	0	1	1	0	0
OG_11894	1	1	0	1	1	1	1	1	1	1	2	1	1	0	0
OG_11895	1	1	1	1	1	0	1	1	1	1	1	1	1	0	0
OG_11896	1	1	1	2	1	0	1	1	1	1	1	1	1	0	0
OG_11897	0	0	0	1	0	0	0	0	0	1	1	1	0	0	0
OG_11898	1	1	1	1	1	0	1	1	1	1	1	1	1	0	0
OG_11899	1	1	1	0	1	0	1	1	1	0	1	1	1	1	0
OG_11900	1	1	1	1	1	1	1	1	1	1	1	1	1	0	0
OG_11901	1	0	1	1	1	1	1	1	1	1	1	1	1	0	0
OG_11902	2	1	1	1	1	1	1	7	2	0	1	1	2	1	2
OG_11903	3	2	2	2	1	1	3	1	3	1	5	2	1	0	0
OG_11904	1	1	1	1	1	1	1	2	1	1	1	1	1	0	0
OG_11905	1	1	1	1	1	1	1	1	1	1	1	1	1	1	1
OG_11906	2	1	1	1	1	0	1	1	1	1	1	1	1	0	0
OG_11907	1	1	1	1	1	0	1	1	1	1	0	1	1	0	0
OG_11908	2	1	2	1	1	0	1	1	1	3	2	1	1	0	0
OG_11909	2	1	1	1	1	0	1	1	1	1	1	1	1	0	0
OG_11910	1	2	1	1	1	1	1	1	2	1	1	1	1	0	0
OG_11911	1	1	0	1	1	0	1	1	1	1	1	1	1	0	0
OG_11912	1	1	1	1	1	0	1	1	1	1	1	1	3	0	2
OG_11913	2	1	1	2	1	0	1	3	3	2	2	1	1	0	0
OG_11914	1	1	1	1	1	0	1	1	1	1	0	1	1	0	0
OG_11915	1	1	1	1	1	0	2	1	1	1	1	1	1	0	0
OG_11916	0	0	2	0	1	0	0	0	0	0	0	1	0	0	0
OG_11917	1	0	1	1	1	0	1	1	1	1	1	1	1	0	0
OG_11918	1	1	1	1	1	0	1	1	1	1	1	1	3	0	0
OG_11919	1	3	3	1	3	0	4	2	4	5	1	6	5	0	0
OG_11920	0	1	0	0	0	0	0	1	0	12	0	0	0	0	0
OG_11921	1	1	1	1	1	0	1	1	1	1	2	1	1	0	0
OG_11922	1	1	1	1	1	0	1	1	1	1	0	1	1	0	0
OG_11923	2	1	1	2	1	1	1	1	2	3	1	1	1	1	0
OG_11924	1	0	1	1	1	0	2	1	1	1	1	1	1	0	0
OG_11925	3	1	1	2	2	0	1	1	1	1	1	1	1	0	0
OG_11926	1	1	4	1	1	1	1	1	1	1	1	6	1	2	1
OG_11927	3	1	1	2	1	2	2	1	2	1	1	0	1	1	1
OG_11928	1	1	1	1	1	0	1	1	1	1	1	1	2	0	0
OG_11929	1	1	1	1	1	3	1	1	1	1	1	1	1	3	1
OG_11930	0	19	9	0	3	0	3	10	10	3	1	0	4	0	0
OG_11931	1	1	1	1	1	0	2	1	2	1	0	3	2	0	0
OG_11932	7	1	2	1	1	1	1	1	1	1	1	1	3	0	0
OG_11933	1	1	1	1	1	0	1	1	1	1	1	1	1	0	0
OG_11934	1	1	1	1	1	1	1	1	1	1	1	2	1	1	0
OG_11935	1	1	2	1	1	0	2	1	1	1	1	1	2	0	0
OG_11936	1	1	1	1	1	0	3	1	2	9	2	1	1	0	0
OG_11937	1	1	1	1	1	0	1	1	1	1	1	1	1	0	0
OG_11938	0	2	1	0	1	0	2	2	1	0	0	0	1	0	0
OG_11939	1	1	1	1	1	0	1	1	1	2	2	1	1	0	0
OG_11940	1	1	1	1	1	0	1	1	1	1	2	1	1	0	0
OG_11941	0	1	1	1	1	0	1	1	1	1	1	0	1	0	0
OG_11942	1	1	1	1	1	0	1	1	1	1	1	1	1	0	0
OG_11943	1	0	1	2	1	1	1	1	1	2	1	1	1	2	1
OG_11944	0	1	0	0	0	0	0	0	0	0	0	1	0	0	0
OG_11945	1	1	1	5	1	0	1	1	1	6	0	2	1	0	0
OG_11946	1	1	1	1	1	0	1	1	1	1	1	5	1	0	0
OG_11947	7	1	1	1	1	0	1	1	1	4	0	2	4	0	0
OG_11948	1	1	1	2	1	0	1	1	1	1	1	2	1	0	0
OG_11949	2	1	1	0	1	0	1	1	1	1	0	2	2	0	0
OG_11950	0	1	0	0	0	0	0	0	1	0	0	2	1	0	0
OG_11951	0	1	0	5	3	0	0	1	1	1	1	3	0	0	0
OG_11952	0	1	1	0	1	0	1	1	0	0	1	1	1	0	0
OG_11953	0	1	1	1	1	0	1	1	1	1	2	1	1	0	0
OG_11954	0	1	1	0	1	0	1	1	1	0	0	1	1	0	0
OG_11955	0	1	0	1	1	0	0	1	1	1	2	1	0	0	0
OG_11956	0	1	1	0	1	0	1	1	1	0	0	1	1	0	0
OG_11957	1	1	1	1	1	0	0	2	2	1	0	0	0	0	0
OG_11958	2	1	1	1	0	0	1	1	1	1	0	0	0	0	0
OG_11959	4	2	2	3	2	0	3	1	1	4	2	2	3	0	0
OG_11960	0	1	0	1	1	0	0	1	1	0	1	1	0	0	0
OG_11961	0	1	0	0	2	0	0	1	1	0	0	2	0	0	0
OG_11962	0	1	0	0	1	0	0	1	1	0	0	1	0	0	0
OG_11963	0	2	1	0	1	0	1	2	2	0	0	1	1	0	0
OG_11964	0	1	0	2	0	0	1	1	1	1	0	1	1	0	0
OG_11965	0	1	0	0	1	0	0	1	1	0	0	1	0	0	0
OG_11966	0	1	1	0	1	0	1	1	1	0	1	1	1	0	0
OG_11967	0	1	1	0	1	0	1	1	0	0	0	1	1	0	0
OG_11968	0	1	1	1	3	0	0	1	1	2	0	1	0	0	0
OG_11969	1	1	1	2	1	2	1	1	1	1	2	2	2	1	1
OG_11970	0	1	1	8	1	2	6	1	1	6	4	5	0	2	1
OG_11971	0	1	0	0	1	0	0	0	1	0	0	1	0	0	0
OG_11972	0	0	0	0	0	0	0	0	0	0	1	1	0	0	0
OG_11973	0	1	0	0	0	0	1	1	1	0	1	1	1	0	0
OG_11974	0	1	1	0	1	0	2	1	1	0	0	1	1	0	0
OG_11975	0	1	1	0	1	0	1	1	1	0	0	1	1	0	0
OG_11976	0	1	1	0	1	0	1	1	1	1	1	1	1	0	0
OG_11977	0	1	1	1	0	0	1	1	1	1	0	1	1	0	0
OG_11978	0	1	1	0	0	0	1	1	0	0	0	1	1	0	0
OG_11979	0	1	0	0	2	0	0	1	1	1	1	2	0	0	0
OG_11980	0	1	0	1	1	0	0	1	1	1	1	1	0	0	0
OG_11981	1	1	1	1	2	0	1	1	1	1	1	1	1	0	0
OG_11982	1	1	2	1	3	1	1	1	1	1	1	1	1	1	2
OG_11983	1	1	1	1	1	1	1	1	1	1	1	1	1	1	2
OG_11984	0	1	1	1	1	1	1	1	1	1	1	1	1	0	2
OG_11985	0	1	0	0	1	0	0	0	1	0	0	1	0	0	0
OG_11986	0	1	0	0	0	0	1	0	0	0	0	0	0	0	0
OG_11987	0	1	1	0	1	0	1	1	1	0	0	1	2	0	0
OG_11988	0	1	0	1	1	0	0	1	1	2	0	1	0	0	0
OG_11989	0	1	0	0	1	0	0	1	1	0	1	1	0	0	0
OG_11990	0	1	0	0	0	0	0	0	0	0	0	1	0	0	0
OG_11991	9	1	1	2	1	1	2	1	1	3	1	1	5	1	1
OG_11992	0	2	0	0	1	0	0	1	3	0	1	1	0	0	0
OG_11993	1	1	3	1	5	1	1	1	1	5	3	1	2	1	1
OG_11994	0	1	0	0	0	0	1	1	0	0	0	1	1	0	0
OG_11995	3	1	1	1	1	0	1	1	1	5	0	0	1	0	0
OG_11996	5	0	1	0	1	0	2	0	0	0	0	0	1	0	0
OG_11997	2	1	3	1	1	0	1	1	2	2	1	5	1	0	0
OG_11998	2	2	2	7	1	0	1	2	2	3	0	0	1	0	0
OG_11999	0	1	0	6	0	0	0	1	1	2	0	1	0	0	0
OG_12000	0	1	1	0	1	0	1	1	0	0	1	1	1	0	0
OG_12001	2	1	1	1	1	0	2	1	1	1	0	1	1	0	0
OG_12002	0	1	1	0	0	0	0	1	1	0	0	1	1	0	0
OG_12003	1	1	2	1	1	0	1	1	1	0	1	1	1	0	0
OG_12004	0	1	3	2	0	0	0	1	0	1	0	1	0	0	0
OG_12005	2	2	1	1	1	0	1	1	2	1	1	0	0	0	0
OG_12006	0	1	1	0	0	0	1	1	1	0	1	1	1	0	0
OG_12007	0	1	1	0	1	0	1	1	0	0	0	1	1	0	0
OG_12008	0	1	1	1	1	0	0	1	1	2	1	1	0	0	0
OG_12009	0	1	1	0	1	0	1	1	1	0	0	1	1	0	0
OG_12010	2	1	1	5	1	0	1	1	1	4	0	1	1	0	0
OG_12011	0	1	2	0	1	0	1	1	1	0	0	1	1	0	0
OG_12012	0	1	1	0	2	0	1	1	1	2	0	1	1	0	0
OG_12013	0	1	3	0	1	0	1	1	1	0	0	1	1	0	0
OG_12014	0	1	1	1	1	3	1	1	1	1	1	2	1	0	0
OG_12015	0	1	1	0	1	0	1	1	1	0	1	1	1	0	0
OG_12016	0	1	0	0	1	0	0	1	1	0	0	1	0	0	0
OG_12017	1	1	1	1	1	0	1	1	1	1	1	1	1	0	0
OG_12018	0	1	1	0	2	0	2	1	1	0	1	1	1	0	0
OG_12019	0	2	0	0	2	0	0	2	1	0	0	0	0	0	0
OG_12020	0	1	1	0	1	0	1	1	1	0	1	1	1	0	0
OG_12021	0	1	1	0	1	0	1	1	0	0	0	1	1	0	0
OG_12022	0	1	0	1	1	0	0	1	1	1	1	1	0	0	0
OG_12023	0	1	1	0	1	0	1	1	0	0	1	1	1	0	0
OG_12024	0	2	0	1	1	0	0	1	2	1	1	1	0	0	0
OG_12025	0	1	1	1	1	0	2	1	1	1	1	1	1	0	0
OG_12026	0	1	0	0	0	0	1	0	1	0	0	1	0	0	0
OG_12027	0	1	1	1	1	2	1	1	1	1	1	1	1	1	1
OG_12028	0	0	0	0	0	0	0	0	0	0	1	1	0	0	0
OG_12029	0	1	1	1	1	0	1	1	1	1	0	1	2	0	0
OG_12030	0	1	1	0	1	0	1	1	1	0	0	1	1	0	0
OG_12031	0	1	1	0	1	0	1	1	1	0	1	1	1	0	0
OG_12032	0	1	1	0	1	0	0	1	1	0	1	1	1	0	0
OG_12033	4	1	1	5	1	0	1	1	1	1	1	1	0	0	0
OG_12034	1	1	1	1	1	5	1	1	1	1	2	6	1	3	1
OG_12035	0	1	1	1	1	0	1	1	1	1	0	1	1	0	0
OG_12036	0	1	1	0	1	0	0	1	1	0	1	1	1	0	0
OG_12037	0	1	0	0	1	0	0	1	1	1	1	1	0	0	0
OG_12038	1	1	1	1	2	0	1	1	1	1	1	1	1	0	0
OG_12039	0	1	1	1	1	0	0	1	1	2	0	1	1	0	0
OG_12040	0	1	0	0	1	0	0	0	4	0	0	1	0	0	0
OG_12041	0	1	1	0	1	0	1	1	1	0	0	1	1	0	0
OG_12042	1	2	1	0	2	0	1	3	2	1	1	0	1	0	0
OG_12043	0	1	0	0	1	0	0	1	1	0	0	1	0	0	0
OG_12044	0	1	1	0	1	0	1	1	0	1	0	1	1	0	0
OG_12045	0	1	1	0	1	0	1	1	0	0	0	1	1	0	0
OG_12046	0	1	2	1	1	0	0	1	2	1	1	1	0	0	0
OG_12047	0	1	1	1	0	0	1	1	0	1	0	1	1	0	0
OG_12048	1	1	1	0	1	0	1	1	0	1	0	1	1	2	1
OG_12049	0	1	1	0	1	0	1	1	1	1	1	1	1	0	0
OG_12050	1	1	1	1	1	0	1	1	1	2	1	1	1	0	0
OG_12051	0	1	1	0	1	0	1	1	0	0	0	1	1	0	0
OG_12052	0	1	1	0	1	0	1	1	1	0	0	1	1	0	0
OG_12053	0	1	1	1	1	0	0	1	1	1	0	1	0	0	0
OG_12054	0	1	0	0	0	0	0	0	0	0	0	1	0	0	0
OG_12055	0	1	0	0	0	0	0	0	1	0	1	1	0	0	0
OG_12056	0	1	0	0	0	0	0	0	0	0	1	1	0	0	0
OG_12057	0	1	1	0	1	0	1	1	0	0	0	1	1	0	0
OG_12058	0	1	1	0	0	0	0	1	1	0	1	1	1	0	0
OG_12059	0	1	0	2	1	0	0	1	1	1	0	1	0	0	0
OG_12060	2	6	4	3	6	4	3	4	5	3	6	3	4	4	1
OG_12061	4	11	6	0	5	0	5	0	4	0	0	0	4	0	4
OG_12062	0	0	0	0	0	3	0	0	0	0	2	2	0	0	0
OG_12063	0	0	0	0	0	0	0	0	0	0	1	2	0	0	0
OG_12064	0	0	0	0	0	0	0	0	0	0	1	2	0	0	0
OG_12065	0	0	0	0	0	0	0	0	0	0	1	2	0	0	0
OG_12066	0	0	0	0	0	0	0	0	0	0	1	2	0	0	0
OG_12067	0	0	1	0	1	1	1	1	0	0	1	2	1	0	0
OG_12068	1	1	1	1	1	0	2	1	1	1	1	2	1	0	0
OG_12069	0	1	0	1	1	0	0	1	1	2	1	0	0	0	0
OG_12070	0	0	0	0	0	0	0	0	0	0	1	2	0	0	0
OG_12071	0	1	1	1	1	0	1	1	1	1	1	2	1	0	0
OG_12072	0	0	0	0	0	0	0	0	0	0	1	2	0	0	0
OG_12073	1	1	1	2	2	2	1	1	2	1	2	1	2	1	0
OG_12074	0	1	1	0	0	0	0	0	1	0	2	1	0	0	0
OG_12075	1	1	1	1	1	0	1	1	1	1	0	1	1	0	0
OG_12076	1	1	1	1	1	0	1	1	1	1	1	1	1	0	0
OG_12077	0	0	0	0	0	0	0	0	0	0	1	1	0	0	0
OG_12078	0	0	0	0	0	0	0	0	0	0	1	1	0	0	0
OG_12079	0	0	0	0	0	0	0	0	0	0	1	1	0	0	0
OG_12080	0	0	0	0	0	0	0	0	0	0	1	1	0	0	0
OG_12081	0	0	0	0	0	0	0	0	0	0	1	1	0	0	0
OG_12082	0	0	0	0	0	0	0	0	0	0	1	1	0	0	0
OG_12083	0	0	0	0	0	0	0	0	0	0	1	1	0	0	0
OG_12084	0	0	0	0	0	0	0	0	0	0	1	1	0	0	0
OG_12085	1	1	1	1	1	0	1	1	1	1	1	0	2	0	0
OG_12086	0	0	1	0	1	1	0	0	0	0	1	1	0	0	0
OG_12087	0	0	0	0	0	2	0	0	0	0	0	0	0	2	1
OG_12088	0	0	0	0	0	0	0	0	0	0	1	1	0	0	0
OG_12089	0	0	0	0	0	0	0	0	0	0	1	1	0	0	0
OG_12090	1	0	2	2	2	0	4	2	2	2	2	1	2	1	1
OG_12091	0	0	0	0	0	0	0	0	0	0	1	1	0	0	0
OG_12092	0	0	0	0	0	0	0	0	0	0	1	1	0	0	0
OG_12093	0	0	0	0	0	0	0	0	0	0	1	1	0	0	0
OG_12094	0	0	1	0	1	1	1	0	0	0	1	1	1	0	0
OG_12095	0	0	0	0	0	0	0	0	0	0	1	1	0	0	0
OG_12096	0	0	0	0	0	0	0	0	0	0	1	1	0	0	0
OG_12097	0	0	0	0	0	0	0	0	0	0	1	1	0	0	0
OG_12098	0	0	0	0	0	0	0	0	0	0	1	1	0	0	0
OG_12099	0	0	0	0	0	0	0	0	0	0	1	1	0	0	0
OG_12100	0	0	0	0	0	0	0	0	0	0	2	1	0	0	2
OG_12101	0	0	0	0	0	0	0	0	0	0	1	1	0	0	0
OG_12102	1	1	1	2	1	0	3	13	1	2	1	0	1	0	0
OG_12103	1	1	1	1	1	0	1	1	1	1	1	0	1	0	0
OG_12104	0	0	0	0	0	0	0	0	0	0	1	1	0	0	0
OG_12105	0	0	0	0	0	0	0	0	0	0	1	1	0	0	0
OG_12106	0	0	0	0	0	0	0	0	0	0	1	1	0	0	0
OG_12107	5	1	1	5	1	0	1	1	1	5	1	1	1	0	0
OG_12108	0	0	0	0	0	0	0	0	0	0	1	2	0	0	0
OG_12109	0	0	0	0	0	0	0	0	0	0	1	1	0	0	0
OG_12110	0	0	0	0	0	0	0	0	0	0	1	1	0	0	0
OG_12111	0	0	0	0	0	0	0	0	0	0	1	1	0	0	0
OG_12112	0	0	0	0	0	0	0	0	0	0	1	1	0	0	0
OG_12113	2	2	1	1	1	0	1	1	1	1	1	1	2	0	0
OG_12114	1	1	1	2	1	0	0	1	1	1	1	1	0	0	0
OG_12115	0	2	2	1	1	1	2	1	1	1	4	0	1	1	2
OG_12116	0	0	0	0	0	0	0	0	0	0	2	1	0	0	0
OG_12117	0	0	0	0	0	0	0	0	0	0	1	1	0	0	0
OG_12118	0	0	0	0	0	0	0	0	0	0	2	1	0	0	0
OG_12119	0	0	0	0	0	0	0	0	0	0	1	1	0	0	0
OG_12120	2	1	1	1	1	0	1	1	1	0	1	1	2	0	0
OG_12121	0	0	0	0	0	0	0	0	0	0	1	1	0	0	0
OG_12122	0	0	0	0	0	0	0	0	0	0	1	1	0	0	0
OG_12123	0	0	0	0	0	0	0	0	0	0	1	1	0	0	0
OG_12124	0	0	0	0	0	0	0	0	0	0	1	1	0	0	0
OG_12125	0	0	1	1	1	0	1	1	1	1	1	1	1	0	0
OG_12126	0	0	0	0	0	0	0	0	0	0	1	0	1	0	0
OG_12127	0	1	0	1	1	0	0	1	1	1	0	0	0	0	0
OG_12128	0	0	0	0	0	0	0	0	0	0	1	1	0	0	0
OG_12129	0	0	0	0	0	0	0	0	0	0	1	1	0	0	0
OG_12130	0	0	0	0	0	0	0	0	0	0	1	1	0	0	0
OG_12131	3	3	1	1	1	0	1	1	1	0	2	1	1	0	0
OG_12132	0	1	1	1	1	0	1	1	1	1	1	1	1	0	0
OG_12133	2	2	1	3	1	2	2	1	1	2	1	1	3	0	0
OG_12134	1	2	2	1	3	0	2	2	1	2	2	4	3	0	0
OG_12135	1	1	0	1	1	0	1	1	1	1	2	0	1	0	0
OG_12136	1	1	1	1	1	3	0	1	1	1	1	1	1	0	5
OG_12137	0	0	0	0	0	0	0	0	0	0	1	1	0	0	0
OG_12138	0	0	0	0	0	0	0	0	0	0	1	1	0	0	0
OG_12139	0	0	0	0	0	0	0	0	0	0	1	1	0	0	0
OG_12140	0	0	0	0	0	0	0	0	0	0	1	1	0	0	0
OG_12141	0	0	0	0	0	0	0	0	0	0	1	1	0	0	0
OG_12142	0	0	0	0	0	0	0	0	0	0	1	1	0	0	0
OG_12143	0	0	0	0	0	0	0	0	0	0	1	1	0	0	0
OG_12144	0	0	0	0	0	0	0	0	0	0	1	1	0	0	0
OG_12145	0	0	0	0	0	0	0	0	0	0	1	1	0	0	0
OG_12146	0	0	0	0	0	0	0	0	0	0	1	1	0	0	0
OG_12147	0	0	1	0	1	0	1	0	1	0	1	1	1	0	0
OG_12148	1	1	1	1	1	2	1	1	1	1	1	0	1	1	1
OG_12149	0	1	1	1	1	0	0	1	1	1	1	1	0	0	0
OG_12150	0	0	0	0	0	0	0	0	0	0	1	2	0	0	0
OG_12151	0	0	0	0	0	0	0	0	0	0	1	1	0	0	0
OG_12152	5	4	3	6	5	3	3	4	4	3	2	7	5	1	1
OG_12153	0	0	0	0	1	0	0	0	0	0	0	2	0	0	0
OG_12154	0	0	0	0	0	0	0	0	0	0	1	3	0	0	0
OG_12155	2	1	2	1	1	0	2	1	2	1	0	0	2	0	0
OG_12156	0	0	0	0	0	0	0	0	0	0	1	10	0	0	0
OG_12157	0	0	0	1	0	0	0	0	0	0	0	1	0	0	0
OG_12158	0	2	2	5	4	0	0	4	5	2	2	3	0	0	0
OG_12159	1	1	1	2	2	2	1	1	2	3	2	4	1	1	1
OG_12160	0	0	2	0	1	0	0	0	1	0	1	1	0	0	0
OG_12161	0	0	1	0	1	0	1	1	1	0	0	1	1	0	0
OG_12162	0	1	1	1	2	0	1	1	1	1	1	0	2	0	1
OG_12163	0	0	0	0	1	0	0	0	0	0	0	1	0	0	0
OG_12164	1	6	1	1	5	0	2	2	0	1	0	0	2	0	0
OG_12165	1	2	2	0	1	0	1	2	1	0	0	0	1	0	0
OG_12166	0	1	1	2	1	0	1	1	1	1	1	8	1	0	0
OG_12167	2	1	1	1	1	0	1	1	1	1	0	1	1	0	0
OG_12168	5	1	1	1	2	2	2	1	2	4	1	4	4	2	0
OG_12169	3	1	2	1	1	1	1	1	2	1	1	1	1	0	0
OG_12170	1	1	1	1	1	0	1	2	4	0	0	0	1	0	0
OG_12171	1	1	1	3	3	0	1	2	1	2	4	2	1	0	0
OG_12172	0	0	0	0	0	0	1	0	1	0	0	1	1	0	0
OG_12173	1	2	1	1	1	0	1	1	1	1	1	1	1	0	0
OG_12174	1	4	1	1	1	1	1	1	1	1	3	1	1	1	1
OG_12175	0	1	3	3	1	0	1	1	4	2	2	2	2	0	2
OG_12176	0	0	0	0	0	0	0	0	1	0	0	1	0	0	0
OG_12177	0	0	0	0	0	0	1	0	0	0	0	1	1	0	0
OG_12178	1	1	1	1	1	1	1	1	1	1	1	3	1	1	4
OG_12179	0	0	0	0	0	0	0	0	0	0	1	4	0	0	0
OG_12180	0	0	0	0	0	0	0	1	0	0	0	1	0	0	0
OG_12181	1	1	1	1	5	1	1	1	1	1	1	1	1	1	1
OG_12182	0	0	0	0	1	0	0	0	0	0	0	1	0	0	0
OG_12183	0	0	1	1	1	1	1	1	1	1	0	1	1	0	0
OG_12184	0	1	0	0	1	0	0	2	1	0	1	1	0	0	0
OG_12185	4	2	2	2	4	2	3	2	4	3	3	4	3	2	1
OG_12186	0	0	1	0	0	0	0	0	0	0	0	1	0	0	0
OG_12187	0	1	1	0	1	0	1	1	1	0	0	0	1	0	0
OG_12188	0	0	0	0	0	0	1	0	0	0	0	1	1	0	0
OG_12189	0	0	1	0	0	0	0	0	0	0	0	1	0	0	0
OG_12190	0	0	1	1	0	0	2	1	1	0	0	1	1	0	0
OG_12191	0	0	3	0	1	0	1	0	0	0	0	1	1	0	0
OG_12192	0	0	0	0	1	0	0	0	0	0	0	1	0	0	0
OG_12193	0	2	1	0	2	0	0	2	1	1	0	1	0	0	0
OG_12194	1	1	1	1	2	1	1	1	1	2	1	4	1	2	1
OG_12195	0	0	0	0	0	0	0	0	0	0	0	1	0	1	0
OG_12196	0	1	1	0	0	0	1	0	1	0	1	1	1	0	0
OG_12197	0	1	1	0	1	0	1	0	1	0	1	1	1	0	0
OG_12198	0	2	1	0	1	0	2	1	1	0	0	0	2	0	0
OG_12199	0	1	2	0	2	0	2	3	0	0	4	1	2	0	0
OG_12200	0	5	0	0	1	0	0	2	1	0	0	0	0	0	0
OG_12201	0	1	1	0	1	0	1	1	1	0	0	1	1	0	0
OG_12202	0	0	1	0	1	0	0	1	1	2	0	0	1	0	0
OG_12203	0	1	0	0	1	0	1	1	1	0	0	0	1	0	0
OG_12204	0	0	0	0	0	0	0	0	0	0	1	2	0	0	0
OG_12205	2	2	3	2	2	2	2	2	2	2	2	4	2	1	2
OG_12206	1	1	1	2	5	0	5	1	1	1	1	4	8	0	0
OG_12207	1	3	1	1	1	2	1	1	2	2	1	1	1	1	1
OG_12208	0	0	0	1	1	0	1	0	0	0	0	1	1	1	0
OG_12209	0	0	0	0	0	0	0	0	0	0	0	1	1	0	0
OG_12210	3	5	1	1	1	1	2	1	1	1	2	2	1	2	1
OG_12211	0	0	0	0	0	0	0	0	0	0	1	2	0	0	0
OG_12212	0	1	0	1	1	0	0	1	1	1	0	0	0	0	0
OG_12213	0	3	0	2	0	0	0	5	5	5	5	13	0	0	0
OG_12214	0	0	0	0	0	0	1	0	0	0	0	1	1	0	0
OG_12215	0	1	0	1	1	0	0	1	1	1	0	0	2	0	0
OG_12216	4	0	1	0	0	0	1	0	0	0	0	0	0	0	0
OG_12217	1	1	1	1	1	1	1	1	1	1	0	0	2	0	0
OG_12218	2	1	1	3	1	0	2	1	1	4	0	0	2	0	0
OG_12219	2	1	1	1	1	0	1	2	1	3	0	0	2	0	0
OG_12220	2	1	1	1	1	0	2	1	1	1	0	0	2	0	0
OG_12221	2	1	1	1	1	0	0	1	0	1	0	0	1	0	0
OG_12222	1	1	1	1	1	0	1	1	2	0	0	0	2	0	0
OG_12223	2	0	1	0	0	0	1	0	0	0	0	0	3	0	0
OG_12224	1	2	1	3	1	0	1	1	1	1	0	1	1	0	1
OG_12225	0	1	0	1	0	1	0	1	0	1	0	1	0	1	0
OG_12226	1	1	1	1	1	1	1	1	1	1	1	1	2	1	1
OG_12227	3	0	2	0	0	0	3	0	0	0	0	0	2	0	0
OG_12228	2	0	1	0	0	0	1	0	0	0	0	0	2	0	0
OG_12229	0	0	0	0	0	0	1	0	0	0	0	0	1	0	0
OG_12230	1	1	1	1	1	4	2	1	2	1	1	4	3	1	1
OG_12231	2	1	1	1	1	0	2	1	1	1	0	0	2	0	0
OG_12232	2	1	1	1	1	0	2	1	1	1	0	0	2	0	0
OG_12233	2	0	1	0	0	0	2	0	0	0	0	0	2	0	0
OG_12234	2	1	1	1	0	0	2	1	1	2	1	0	2	0	0
OG_12235	2	1	1	1	1	5	2	1	1	1	1	4	2	3	2
OG_12236	1	0	2	0	0	0	1	0	0	0	0	0	2	0	0
OG_12237	9	1	1	3	1	3	1	1	1	5	1	1	4	0	1
OG_12238	2	0	0	0	0	0	1	0	0	0	0	0	2	0	0
OG_12239	2	0	1	0	0	0	1	0	0	0	0	0	2	0	0
OG_12240	0	1	0	3	0	0	0	1	2	2	0	0	0	0	0
OG_12241	1	0	0	0	0	0	1	0	0	0	0	0	2	0	0
OG_12242	0	1	1	4	0	0	0	1	1	4	0	0	0	0	0
OG_12243	2	1	1	1	2	0	1	1	1	1	0	0	2	0	0
OG_12244	2	2	1	1	1	0	1	2	2	2	0	0	2	0	0
OG_12245	8	1	1	2	1	0	3	1	1	1	1	3	2	0	0
OG_12246	1	1	1	1	1	0	3	0	1	0	0	0	3	0	0
OG_12247	1	1	1	1	1	0	3	1	1	1	0	0	2	0	0
OG_12248	1	1	1	1	1	0	2	1	1	1	1	0	2	0	0
OG_12249	0	1	0	0	1	0	0	1	1	0	0	0	0	0	0
OG_12250	3	1	1	1	0	0	2	1	1	1	0	1	2	0	0
OG_12251	1	1	1	1	1	1	4	2	1	1	1	1	2	1	1
OG_12252	1	1	1	1	1	0	1	1	1	1	0	0	2	0	0
OG_12253	2	0	1	8	1	0	2	1	1	10	0	0	3	0	0
OG_12254	1	2	1	1	1	0	2	1	1	0	0	0	2	0	0
OG_12255	0	1	0	3	1	0	0	1	1	1	0	0	0	0	0
OG_12256	4	0	0	0	0	0	5	0	0	0	0	0	3	0	0
OG_12257	1	1	1	1	1	1	1	1	1	1	1	3	3	0	0
OG_12258	1	1	1	2	1	0	1	1	1	1	0	0	2	0	0
OG_12259	1	1	1	2	1	0	1	1	1	1	0	0	1	0	0
OG_12260	1	0	1	0	1	0	1	0	1	0	0	0	1	0	0
OG_12261	1	1	1	1	1	0	1	1	1	1	1	3	1	0	0
OG_12262	1	1	1	3	1	0	1	1	1	1	1	0	1	0	0
OG_12263	1	0	0	0	0	0	1	0	0	0	0	0	1	0	0
OG_12264	3	1	1	2	1	0	1	1	1	1	1	0	1	0	0
OG_12265	1	1	0	1	1	0	2	1	1	2	1	0	1	0	0
OG_12266	1	0	1	1	1	0	1	1	1	1	1	0	1	0	0
OG_12267	1	1	1	1	1	0	2	1	1	0	1	1	1	0	0
OG_12268	2	0	1	0	0	0	1	0	0	0	0	0	1	0	0
OG_12269	1	1	1	1	1	1	1	1	1	1	1	3	1	0	1
OG_12270	1	1	1	1	1	0	1	1	1	1	0	0	1	0	0
OG_12271	2	0	1	0	0	0	1	0	0	0	0	0	1	0	0
OG_12272	1	0	1	0	0	0	1	0	0	0	0	0	1	0	0
OG_12273	1	0	0	0	0	0	2	0	0	0	0	0	1	0	0
OG_12274	1	2	3	0	1	0	3	1	5	0	0	0	4	0	0
OG_12275	1	1	0	1	0	0	1	1	1	1	0	0	1	0	0
OG_12276	1	0	1	0	0	0	2	0	0	0	0	0	1	0	0
OG_12277	1	1	0	2	1	5	2	1	1	1	0	0	1	0	0
OG_12278	1	1	1	1	1	0	1	1	1	1	1	0	1	0	0
OG_12279	1	0	0	0	0	0	1	0	0	0	0	0	1	0	0
OG_12280	1	0	0	0	0	0	1	0	0	0	0	0	1	0	0
OG_12281	2	1	1	2	1	1	4	1	1	1	3	13	2	1	3
OG_12282	3	1	1	1	1	3	2	4	3	1	1	1	2	0	1
OG_12283	2	1	1	0	1	0	1	0	1	1	0	0	1	0	0
OG_12284	1	1	2	1	1	0	1	1	1	1	1	0	1	0	0
OG_12285	1	1	1	1	1	0	1	1	1	1	0	0	1	0	0
OG_12286	1	1	1	0	1	0	1	1	1	2	0	0	1	0	0
OG_12287	1	1	1	1	1	0	1	1	1	2	0	0	1	0	0
OG_12288	6	0	0	0	0	0	1	0	1	0	0	0	1	0	0
OG_12289	1	1	1	1	1	2	1	1	1	1	1	1	2	0	3
OG_12290	1	1	1	1	1	1	1	1	1	1	2	3	1	1	3
OG_12291	1	1	1	1	1	0	1	1	1	1	0	0	1	0	0
OG_12292	2	1	1	4	1	0	1	1	1	2	0	0	1	0	0
OG_12293	1	1	1	1	1	0	1	1	1	1	0	0	1	0	0
OG_12294	3	1	1	1	1	0	1	1	1	4	0	0	1	0	0
OG_12295	1	1	1	0	1	0	1	1	1	0	1	0	1	0	0
OG_12296	2	0	1	0	0	0	1	0	0	0	0	0	1	0	0
OG_12297	2	0	0	0	0	0	0	0	0	0	0	0	1	0	0
OG_12298	2	1	1	1	1	0	1	1	2	1	0	0	1	0	0
OG_12299	1	1	1	1	1	0	1	1	1	1	0	1	1	0	0
OG_12300	0	0	1	0	0	0	1	0	0	0	0	0	1	0	0
OG_12301	1	1	1	1	1	0	1	1	1	1	0	0	1	0	0
OG_12302	2	0	0	0	0	0	1	0	0	0	0	0	1	0	0
OG_12303	1	1	1	1	1	1	1	1	1	2	1	1	1	0	0
OG_12304	3	1	1	1	1	0	1	1	1	1	0	0	1	0	0
OG_12305	1	1	1	2	1	0	1	1	1	1	0	0	1	0	0
OG_12306	1	1	1	1	0	0	1	1	1	1	0	0	1	0	0
OG_12307	2	2	0	2	1	0	1	1	2	3	0	0	1	0	1
OG_12308	1	1	1	1	1	0	1	1	1	1	1	0	1	0	0
OG_12309	1	1	1	1	1	0	1	1	1	1	0	0	1	0	0
OG_12310	2	1	1	5	1	0	1	1	1	1	1	0	1	0	0
OG_12311	1	1	1	1	1	0	1	1	1	1	0	0	1	0	0
OG_12312	2	1	1	1	1	0	1	2	1	1	0	0	1	0	0
OG_12313	1	1	1	1	1	0	1	1	1	1	0	0	1	0	0
OG_12314	1	1	1	1	1	1	1	1	1	1	1	1	1	0	0
OG_12315	0	0	0	0	0	0	0	0	1	0	0	0	1	0	0
OG_12316	1	1	1	1	1	0	1	1	1	2	0	0	1	0	0
OG_12317	1	1	1	1	1	0	1	1	1	1	0	0	1	0	0
OG_12318	1	0	0	0	0	0	1	0	0	0	0	0	1	0	0
OG_12319	1	1	1	1	1	2	1	1	1	1	1	1	1	1	1
OG_12320	1	2	1	0	0	0	1	0	0	0	0	0	1	0	0
OG_12321	1	1	1	1	1	0	0	1	0	1	1	0	1	0	0
OG_12322	2	0	1	0	0	0	1	0	0	0	0	0	1	0	0
OG_12323	0	1	0	1	0	0	0	1	1	1	0	0	0	0	0
OG_12324	1	1	1	1	1	0	1	1	1	1	0	0	1	0	0
OG_12325	4	2	1	0	1	0	1	0	0	1	0	0	1	0	0
OG_12326	1	1	1	1	1	0	1	1	1	1	0	1	1	0	0
OG_12327	2	1	1	2	1	0	1	1	1	3	0	1	1	0	0
OG_12328	2	1	1	2	1	0	2	1	1	1	0	0	1	0	0
OG_12329	0	0	2	0	0	0	0	0	1	0	0	0	1	0	0
OG_12330	1	1	1	1	1	8	1	1	1	1	0	0	1	0	0
OG_12331	1	1	1	0	1	0	1	1	1	1	1	0	1	0	0
OG_12332	0	1	1	2	3	4	1	1	1	1	1	1	1	0	0
OG_12333	1	2	1	1	1	2	1	1	1	0	1	1	1	0	0
OG_12334	1	2	1	3	1	1	1	1	1	3	1	1	1	1	2
OG_12335	1	2	2	1	7	3	1	1	2	1	1	2	1	1	1
OG_12336	1	1	1	2	1	0	1	1	1	2	0	0	1	0	0
OG_12337	0	1	0	1	0	0	0	1	1	1	0	0	0	0	0
OG_12338	1	1	1	1	1	0	1	1	1	1	0	0	1	0	0
OG_12339	0	1	1	0	1	0	1	0	1	0	1	1	1	0	0
OG_12340	1	1	1	1	1	0	1	1	1	1	0	0	1	0	0
OG_12341	1	1	1	1	1	0	2	1	1	1	0	0	1	0	0
OG_12342	1	1	1	1	1	0	1	1	1	1	0	0	1	0	0
OG_12343	3	1	1	1	1	2	1	1	1	1	1	3	1	2	1
OG_12344	1	1	2	1	1	2	1	2	1	1	1	3	1	2	1
OG_12345	1	0	0	0	0	0	1	0	0	0	0	0	1	0	0
OG_12346	2	3	1	1	1	1	3	1	1	1	1	1	2	1	1
OG_12347	1	0	0	0	0	0	1	0	0	0	0	0	1	0	0
OG_12348	1	0	0	0	0	0	1	0	0	0	0	0	1	0	0
OG_12349	1	1	1	1	1	0	1	1	1	1	0	0	1	0	0
OG_12350	2	0	1	0	0	0	1	0	0	0	0	0	1	0	0
OG_12351	1	1	1	1	1	0	1	1	1	1	0	0	1	0	0
OG_12352	1	1	1	1	1	0	1	1	1	1	0	0	1	0	0
OG_12353	1	1	1	1	1	0	1	1	1	0	0	0	1	0	0
OG_12354	3	1	1	1	1	0	1	1	1	1	0	0	1	0	0
OG_12355	1	0	0	0	0	0	1	0	0	0	0	0	1	0	0
OG_12356	1	0	1	0	0	0	1	0	0	0	0	0	1	0	0
OG_12357	1	0	1	0	1	0	1	0	0	0	0	0	1	0	0
OG_12358	2	1	1	1	1	0	1	1	2	1	0	0	1	0	0
OG_12359	1	0	1	0	0	0	1	0	0	0	0	0	1	0	0
OG_12360	1	1	1	3	1	0	1	1	1	1	0	0	1	0	0
OG_12361	4	2	1	5	1	0	2	2	3	2	0	0	1	0	0
OG_12362	2	1	1	1	1	0	1	1	1	1	1	0	1	0	0
OG_12363	2	1	1	1	1	0	1	1	1	1	1	1	1	0	0
OG_12364	1	0	2	0	1	0	2	0	0	0	0	0	2	0	0
OG_12365	0	1	0	0	0	0	0	1	1	0	0	0	0	0	0
OG_12366	0	0	1	0	0	0	1	0	0	0	0	0	1	0	0
OG_12367	1	0	1	1	1	0	1	1	1	1	0	0	1	0	0
OG_12368	2	0	1	1	1	0	1	1	2	3	0	0	1	0	0
OG_12369	1	1	1	0	1	0	1	1	1	0	0	0	1	0	0
OG_12370	0	0	0	1	0	0	0	0	0	0	1	0	1	0	0
OG_12371	1	1	1	1	1	0	1	1	1	1	0	0	1	0	0
OG_12372	1	1	1	1	1	0	1	2	1	1	1	0	1	0	0
OG_12373	1	1	1	2	1	0	1	1	1	1	0	0	1	0	0
OG_12374	1	1	1	1	1	0	2	1	1	1	0	0	1	0	0
OG_12375	2	1	1	1	1	0	2	1	2	3	0	0	1	0	0
OG_12376	4	6	5	2	3	0	2	3	4	2	3	2	2	0	2
OG_12377	1	1	1	1	1	0	1	1	1	1	0	0	1	0	0
OG_12378	1	1	1	1	1	0	1	1	1	2	0	0	1	0	0
OG_12379	3	1	1	2	1	1	1	1	1	2	1	0	1	0	0
OG_12380	3	1	1	4	1	0	1	1	1	1	0	0	1	0	0
OG_12381	2	1	1	1	1	0	1	1	1	1	1	1	1	0	0
OG_12382	1	3	1	1	1	2	1	1	1	1	1	1	1	2	1
OG_12383	1	1	1	1	1	1	1	2	2	1	1	1	1	1	0
OG_12384	1	1	1	1	1	2	1	1	1	1	1	1	1	2	1
OG_12385	1	1	1	1	2	0	1	1	2	1	2	0	3	0	1
OG_12386	1	1	1	2	1	0	1	1	1	2	0	7	1	0	1
OG_12387	2	3	2	1	2	4	3	2	2	3	7	7	3	3	1
OG_12388	1	1	2	1	1	0	1	1	1	1	1	0	0	0	1
OG_12389	1	0	1	0	0	0	1	0	0	0	0	0	1	0	0
OG_12390	2	2	1	3	1	3	2	1	1	1	1	1	1	1	1
OG_12391	0	1	0	0	0	0	0	0	1	0	0	0	1	0	0
OG_12392	1	0	0	0	0	0	1	0	0	0	0	0	1	0	0
OG_12393	2	1	1	0	1	0	1	1	1	0	0	0	1	0	0
OG_12394	3	1	1	1	1	0	1	1	1	1	0	0	1	0	0
OG_12395	1	1	1	2	1	1	1	1	1	1	1	2	1	1	1
OG_12396	2	1	1	2	1	0	1	1	1	1	1	0	1	0	0
OG_12397	2	1	1	1	1	0	1	1	1	1	1	0	1	0	0
OG_12398	1	1	1	1	1	0	1	1	1	1	0	0	1	0	0
OG_12399	1	1	1	1	1	0	1	1	1	1	1	0	1	0	0
OG_12400	1	1	0	1	1	0	3	0	1	1	0	0	1	0	0
OG_12401	4	1	1	2	1	0	1	1	1	1	1	1	1	0	0
OG_12402	1	1	1	1	1	0	1	1	1	1	0	0	1	0	0
OG_12403	1	1	1	1	1	0	1	1	1	1	1	0	1	0	0
OG_12404	1	1	1	1	1	0	1	1	1	1	0	0	1	0	0
OG_12405	1	0	1	0	0	0	1	0	0	0	0	0	1	0	0
OG_12406	0	0	0	0	0	0	1	0	0	0	0	0	3	0	0
OG_12407	3	2	1	6	2	4	2	1	1	1	2	9	3	2	7
OG_12408	1	1	1	2	1	1	1	1	1	1	3	1	1	1	0
OG_12409	1	2	1	3	1	4	1	1	1	1	1	1	1	0	1
OG_12410	1	1	1	1	1	2	1	1	1	1	0	7	2	1	0
OG_12411	2	2	1	2	1	0	1	1	1	2	2	1	1	0	1
OG_12412	0	0	0	0	0	5	0	0	0	0	0	0	0	1	0
OG_12413	4	0	1	0	0	0	1	0	0	0	0	0	1	0	0
OG_12414	2	2	1	2	1	0	1	2	2	2	2	1	3	0	1
OG_12415	1	1	1	1	1	0	1	1	1	1	0	0	1	0	0
OG_12416	1	1	0	1	1	0	1	1	1	2	1	0	2	0	0
OG_12417	1	2	1	1	1	1	1	1	1	1	0	3	1	1	1
OG_12418	1	0	1	0	0	0	1	0	0	0	0	0	1	0	0
OG_12419	2	0	1	0	0	0	1	0	0	0	0	0	1	0	0
OG_12420	9	2	1	5	1	4	4	1	2	2	2	3	2	2	3
OG_12421	2	1	1	0	1	1	1	1	1	1	1	4	1	1	1
OG_12422	1	1	1	1	1	2	1	1	1	2	1	1	1	1	1
OG_12423	6	1	1	2	1	0	1	1	1	0	0	0	1	0	0
OG_12424	1	1	1	1	1	1	1	1	1	1	1	2	1	4	1
OG_12425	1	1	1	1	1	0	2	1	1	1	0	0	0	0	0
OG_12426	0	0	0	0	0	0	1	0	0	0	0	0	1	0	0
OG_12427	1	1	1	1	1	1	1	1	1	1	0	1	1	1	1
OG_12428	1	1	1	1	0	0	1	1	1	1	0	0	1	0	0
OG_12429	4	1	1	2	1	0	1	1	1	1	0	0	1	0	0
OG_12430	1	1	1	0	1	0	1	1	1	1	0	0	1	0	0
OG_12431	1	1	1	0	1	0	1	1	1	1	1	0	1	0	0
OG_12432	1	0	1	1	1	0	1	1	1	2	0	0	1	0	0
OG_12433	0	1	0	0	1	0	0	1	1	1	0	0	0	0	0
OG_12434	1	0	1	0	0	0	1	0	0	0	0	0	1	0	0
OG_12435	1	1	1	1	1	0	1	1	0	1	1	0	1	0	0
OG_12436	1	1	1	1	1	0	1	1	1	2	1	0	1	0	0
OG_12437	1	4	7	0	2	0	4	2	2	1	2	0	3	0	0
OG_12438	1	0	1	0	1	0	1	0	1	0	0	0	1	0	0
OG_12439	0	0	0	1	0	0	0	1	0	1	0	0	0	0	0
OG_12440	1	1	3	1	1	0	1	0	1	1	0	0	1	0	0
OG_12441	1	1	1	1	1	0	1	1	1	1	0	0	1	0	0
OG_12442	1	1	1	2	1	0	0	1	1	0	0	0	1	0	0
OG_12443	1	1	1	3	1	0	1	1	1	2	1	2	1	0	0
OG_12444	1	1	1	0	1	0	1	1	1	0	0	0	1	0	0
OG_12445	4	1	1	0	1	0	1	1	1	2	0	0	1	0	0
OG_12446	3	1	1	1	1	0	1	1	1	2	0	0	1	0	0
OG_12447	1	1	0	1	1	0	1	0	1	1	0	0	1	0	0
OG_12448	2	1	0	1	1	0	1	1	1	1	1	2	1	0	0
OG_12449	1	1	1	1	1	1	1	1	1	1	1	2	1	1	1
OG_12450	6	1	1	1	1	0	1	1	1	1	0	0	1	0	0
OG_12451	0	0	0	0	0	0	1	0	0	0	0	0	1	0	0
OG_12452	1	1	1	0	1	0	1	1	0	1	0	0	1	0	0
OG_12453	1	1	1	1	1	0	1	1	1	1	1	3	1	0	0
OG_12454	1	1	1	1	1	0	2	1	1	1	0	0	1	0	0
OG_12455	2	1	1	1	1	0	1	1	1	1	0	0	1	0	0
OG_12456	1	1	1	1	1	0	1	1	1	1	0	0	1	0	0
OG_12457	1	1	1	1	1	0	1	1	1	1	1	0	1	0	0
OG_12458	1	1	1	1	1	0	1	1	1	2	1	0	1	0	0
OG_12459	1	1	1	1	1	1	1	1	1	1	2	2	1	1	1
OG_12460	3	1	1	1	1	0	1	1	1	0	0	0	2	0	0
OG_12461	1	1	1	1	1	0	1	1	1	1	1	1	1	0	0
OG_12462	1	1	1	1	1	0	1	1	1	1	0	0	1	0	0
OG_12463	1	0	1	1	1	0	1	1	1	1	0	0	1	0	0
OG_12464	1	1	1	1	1	0	1	1	1	1	0	0	1	0	0
OG_12465	1	0	0	0	0	0	0	0	0	0	0	0	1	0	0
OG_12466	2	1	1	3	1	0	2	1	1	6	0	0	1	0	0
OG_12467	2	1	1	1	1	0	1	1	1	1	1	0	1	0	0
OG_12468	1	1	1	1	1	0	1	1	1	1	0	0	1	0	0
OG_12469	1	1	1	1	1	0	1	1	1	1	0	0	1	0	0
OG_12470	1	1	1	1	1	0	1	1	1	1	0	0	1	0	0
OG_12471	1	1	1	2	1	0	2	1	1	1	0	0	1	0	0
OG_12472	1	1	1	0	1	0	1	1	1	1	0	0	1	0	0
OG_12473	1	1	1	1	1	1	2	1	1	1	0	0	1	0	0
OG_12474	2	1	2	1	1	0	2	1	2	1	0	0	2	0	0
OG_12475	1	1	1	1	1	0	2	1	1	1	0	0	1	0	0
OG_12476	1	1	2	2	1	0	1	1	1	1	1	0	1	0	0
OG_12477	5	0	0	0	0	0	0	0	0	0	0	0	1	0	0
OG_12478	1	1	1	0	1	0	1	1	1	1	0	0	1	0	0
OG_12479	1	0	1	0	0	0	1	0	0	0	0	0	1	0	0
OG_12480	1	1	1	1	1	0	1	1	1	1	0	1	1	1	2
OG_12481	1	1	1	1	1	0	1	1	1	1	0	0	1	0	0
OG_12482	0	1	1	1	1	0	2	1	1	1	0	0	2	0	0
OG_12483	0	1	1	0	0	0	1	1	1	1	0	0	2	0	0
OG_12484	0	1	1	0	1	0	1	1	1	0	0	0	1	0	0
OG_12485	0	1	1	0	1	0	1	1	1	3	1	0	1	0	0
OG_12486	0	2	1	0	1	0	0	1	1	0	0	0	1	0	0
OG_12487	0	1	1	0	1	0	1	0	1	0	0	0	1	0	0
OG_12488	0	1	2	1	1	0	1	1	1	1	0	0	1	0	0
OG_12489	0	1	1	0	1	0	0	1	0	0	0	0	1	0	0
OG_12490	0	1	0	0	0	0	0	0	1	0	0	0	1	0	0
OG_12491	0	1	1	0	1	0	1	1	1	0	1	0	1	0	0
OG_12492	0	1	2	0	1	0	1	1	1	0	0	0	1	0	0
OG_12493	0	1	1	0	1	0	1	0	0	0	0	0	1	0	0
OG_12494	0	1	1	0	1	0	1	1	1	0	0	0	1	0	0
OG_12495	0	1	1	0	1	0	1	1	1	0	0	0	1	0	0
OG_12496	0	1	1	0	1	0	1	0	1	0	0	0	1	0	0
OG_12497	0	1	1	0	1	0	1	1	1	0	0	0	1	0	0
OG_12498	0	1	1	0	1	0	1	1	1	0	0	0	1	0	0
OG_12499	0	1	1	2	1	0	1	1	1	3	0	0	1	0	0
OG_12500	0	1	1	0	1	0	1	1	0	0	0	0	1	0	0
OG_12501	0	1	1	0	1	0	1	1	1	0	0	0	1	0	0
OG_12502	0	1	1	0	0	0	1	0	0	0	0	0	1	0	0
OG_12503	0	1	0	0	1	0	1	1	1	0	0	0	1	0	0
OG_12504	0	1	1	1	1	0	1	1	1	1	1	0	1	0	0
OG_12505	0	1	1	1	1	0	1	1	1	1	0	0	1	0	0
OG_12506	0	1	1	1	1	0	1	0	1	1	0	0	1	0	0
OG_12507	0	1	1	0	1	0	1	1	1	0	0	0	1	0	0
OG_12508	0	1	1	1	1	0	1	1	1	0	0	0	1	0	0
OG_12509	0	1	2	0	1	0	1	1	1	0	1	0	1	0	0
OG_12510	0	1	0	0	1	0	1	1	1	0	1	0	1	0	0
OG_12511	0	1	1	0	1	0	1	1	1	0	0	0	1	0	0
OG_12512	0	1	2	0	1	0	0	1	0	0	0	0	1	0	0
OG_12513	1	2	1	0	0	0	2	1	2	0	0	0	1	0	0
OG_12514	0	1	1	0	0	0	1	1	1	0	0	0	1	0	0
OG_12515	2	1	1	1	1	1	2	1	1	1	2	3	1	1	1
OG_12516	0	1	1	0	0	0	1	1	1	0	0	0	1	0	0
OG_12517	0	1	1	1	1	0	1	1	0	1	0	0	1	0	0
OG_12518	0	1	1	0	0	0	1	1	0	0	0	0	1	0	0
OG_12519	0	1	1	0	1	0	1	1	1	0	0	0	1	0	0
OG_12520	0	1	1	0	1	0	1	1	1	1	0	0	1	0	0
OG_12521	0	1	0	0	0	0	1	1	0	0	0	0	1	0	0
OG_12522	0	1	1	2	1	0	1	0	1	2	1	0	1	0	0
OG_12523	0	1	0	0	0	0	1	0	0	0	0	0	1	0	0
OG_12524	0	0	0	0	0	0	0	1	1	0	0	0	0	0	0
OG_12525	1	2	1	1	1	1	1	1	1	1	1	1	1	1	1
OG_12526	0	1	1	0	1	0	1	1	1	0	2	1	1	0	0
OG_12527	0	1	1	1	1	0	1	1	1	1	0	0	1	0	0
OG_12528	0	1	1	0	1	0	1	1	1	0	0	0	1	0	0
OG_12529	0	1	1	0	1	0	1	1	1	0	0	0	1	0	0
OG_12530	0	1	0	0	1	0	1	1	0	1	0	0	1	0	0
OG_12531	0	1	1	1	1	0	1	1	2	0	0	0	1	0	0
OG_12532	0	1	1	0	1	0	2	1	1	0	0	0	1	0	0
OG_12533	0	1	1	0	1	0	1	1	1	0	0	0	1	0	0
OG_12534	0	1	1	0	1	0	1	1	1	0	0	0	1	0	0
OG_12535	0	1	1	0	1	0	1	1	1	0	0	0	1	0	0
OG_12536	0	1	1	0	1	0	1	1	1	0	0	0	1	0	0
OG_12537	0	1	1	0	1	0	1	0	0	0	0	2	1	0	0
OG_12538	0	1	1	0	1	0	1	1	1	0	0	0	1	0	0
OG_12539	0	1	1	0	1	0	1	1	1	0	0	0	1	0	0
OG_12540	0	1	1	0	1	0	1	1	1	0	0	0	1	0	0
OG_12541	0	1	1	0	1	0	2	1	1	0	0	0	1	0	0
OG_12542	0	1	2	0	1	0	1	1	1	0	0	0	1	0	0
OG_12543	0	1	1	0	1	0	1	1	2	0	0	0	1	0	0
OG_12544	0	1	1	0	1	0	1	1	1	0	1	0	1	0	0
OG_12545	0	1	1	0	1	0	1	1	1	0	0	0	1	0	0
OG_12546	0	0	1	0	0	0	1	0	0	0	0	0	1	0	0
OG_12547	0	4	0	1	0	0	0	1	4	1	0	0	0	0	0
OG_12548	0	0	0	0	1	0	0	0	1	0	0	0	0	0	0
OG_12549	0	1	1	0	1	0	1	1	1	0	0	0	1	0	0
OG_12550	0	1	1	1	1	0	0	1	1	0	0	0	1	0	0
OG_12551	0	1	1	0	1	0	1	1	1	1	0	0	1	0	0
OG_12552	0	2	3	0	1	0	3	1	2	0	0	0	3	0	0
OG_12553	0	2	0	1	0	0	0	1	0	1	0	0	0	0	0
OG_12554	0	0	0	0	0	0	1	0	0	0	0	0	1	0	0
OG_12555	0	1	0	0	1	0	1	1	1	0	0	0	1	0	0
OG_12556	0	1	1	0	0	0	0	0	0	0	0	0	1	0	0
OG_12557	0	1	1	0	0	0	1	1	1	0	0	0	1	0	0
OG_12558	0	1	1	0	1	0	1	1	1	0	0	0	1	0	0
OG_12559	0	1	1	0	0	0	1	0	1	0	0	0	1	0	0
OG_12560	0	1	1	1	1	0	1	1	1	1	0	0	1	0	0
OG_12561	0	1	1	0	1	0	1	1	1	0	1	0	1	0	0
OG_12562	0	1	1	2	1	0	1	1	1	3	1	0	1	0	0
OG_12563	0	1	1	1	1	0	1	1	1	2	0	0	1	0	0
OG_12564	0	1	1	1	1	1	1	1	2	1	0	0	1	0	0
OG_12565	0	1	1	1	1	0	2	1	1	1	0	0	1	0	0
OG_12566	0	1	1	0	1	0	1	1	1	0	0	0	1	0	0
OG_12567	0	1	0	0	0	0	0	0	0	0	0	0	1	0	0
OG_12568	0	1	0	0	1	0	0	1	1	0	0	0	0	0	0
OG_12569	0	0	1	0	0	0	1	0	0	0	0	0	1	0	0
OG_12570	0	1	1	1	1	0	1	1	1	1	0	0	1	0	0
OG_12571	0	1	1	0	1	0	2	1	1	1	0	0	1	0	0
OG_12572	0	1	1	0	1	0	1	1	1	0	0	0	1	0	0
OG_12573	0	1	1	1	1	0	1	1	1	1	1	0	1	0	0
OG_12574	0	1	1	0	1	0	1	1	1	0	0	0	1	0	0
OG_12575	0	1	1	1	1	0	1	1	1	1	0	0	1	0	0
OG_12576	0	1	1	0	0	0	1	0	0	0	0	0	1	0	0
OG_12577	0	1	1	0	1	0	1	1	1	0	0	0	1	0	0
OG_12578	0	1	1	1	1	0	1	1	0	1	0	0	1	0	0
OG_12579	0	1	1	1	1	0	1	1	1	1	1	0	1	0	0
OG_12580	0	1	1	0	1	0	1	1	1	1	0	0	1	0	0
OG_12581	0	1	1	0	1	0	1	1	1	0	0	0	1	0	0
OG_12582	0	1	0	1	1	0	1	1	1	1	0	0	1	0	0
OG_12583	0	1	1	0	1	0	1	1	1	0	0	0	1	0	0
OG_12584	0	1	1	0	1	0	1	1	1	0	1	0	1	0	0
OG_12585	0	1	1	1	1	0	1	1	1	1	0	0	1	0	0
OG_12586	0	1	1	0	1	0	1	1	1	0	0	0	1	0	0
OG_12587	0	1	2	0	1	0	1	1	0	0	0	0	1	0	0
OG_12588	0	1	1	1	0	0	1	1	1	1	0	0	1	0	0
OG_12589	0	1	1	0	1	0	1	1	0	1	0	0	1	0	0
OG_12590	0	1	1	0	1	0	1	1	1	1	0	0	1	0	0
OG_12591	0	1	1	1	1	0	1	1	1	0	0	0	1	0	0
OG_12592	1	1	2	1	1	0	1	1	1	1	1	2	1	0	1
OG_12593	1	3	1	2	2	1	2	2	2	2	1	1	2	1	2
OG_12594	0	0	1	0	1	0	1	1	1	0	0	0	1	0	0
OG_12595	0	1	1	0	2	0	0	1	1	0	0	0	0	0	0
OG_12596	0	1	1	0	1	0	1	1	1	0	0	0	1	0	0
OG_12597	0	1	0	0	1	0	1	1	1	0	1	0	1	0	0
OG_12598	0	1	1	1	1	0	1	1	1	1	0	0	1	0	0
OG_12599	0	1	1	0	1	0	1	1	1	0	0	0	1	0	0
OG_12600	0	1	1	0	1	0	1	1	1	0	0	0	1	0	0
OG_12601	1	1	12	3	1	3	1	1	2	3	1	1	2	4	0
OG_12602	0	2	0	0	0	0	0	0	1	0	0	0	0	0	0
OG_12603	0	1	1	0	1	0	0	1	1	0	0	0	1	0	0
OG_12604	0	1	1	0	1	0	1	2	1	0	0	0	1	0	0
OG_12605	0	2	1	0	1	0	1	1	1	0	0	0	1	0	0
OG_12606	0	1	0	0	1	0	1	1	0	0	0	0	1	0	0
OG_12607	0	1	0	0	0	0	1	0	0	0	0	0	1	0	0
OG_12608	0	1	0	0	1	0	1	1	1	1	0	0	2	0	0
OG_12609	0	1	0	0	1	0	0	0	0	0	0	0	1	0	0
OG_12610	0	1	1	0	0	0	1	0	0	0	0	0	1	0	0
OG_12611	0	1	1	0	0	0	1	0	0	0	0	0	1	0	0
OG_12612	0	0	0	0	0	0	1	0	0	0	1	0	1	0	0
OG_12613	0	0	1	0	1	0	1	1	1	0	1	0	1	0	0
OG_12614	1	1	1	1	2	0	1	2	1	0	0	1	1	0	0
OG_12615	0	0	1	0	1	0	1	0	1	0	0	0	1	0	0
OG_12616	0	0	0	0	0	0	1	0	0	0	0	0	2	0	0
OG_12617	0	0	1	0	0	0	1	0	1	0	0	0	2	0	0
OG_12618	0	0	0	1	0	0	0	1	0	1	0	0	0	0	0
OG_12619	0	0	1	0	0	0	12	0	0	0	0	0	15	0	0
OG_12620	0	0	0	0	0	0	1	0	0	0	0	0	2	0	0
OG_12621	0	0	1	0	0	0	1	0	0	0	0	0	2	0	0
OG_12622	0	1	1	0	0	0	1	0	0	0	0	0	2	0	0
OG_12623	0	0	0	0	0	0	1	0	1	0	0	0	1	0	0
OG_12624	0	0	0	0	0	0	1	0	0	0	0	0	1	0	0
OG_12625	0	0	1	0	0	0	1	0	0	0	0	0	1	0	0
OG_12626	0	0	0	0	1	0	0	0	0	0	0	0	1	0	0
OG_12627	0	0	0	0	1	0	1	0	0	0	0	0	1	0	0
OG_12628	0	0	1	0	0	0	0	0	0	0	0	0	1	0	0
OG_12629	0	0	0	0	0	0	1	0	0	0	0	0	1	0	0
OG_12630	0	0	0	0	0	0	1	0	0	0	0	0	1	0	0
OG_12631	0	0	1	0	1	0	0	0	0	0	0	0	1	0	0
OG_12632	0	0	0	0	1	0	1	0	0	0	0	0	1	0	0
OG_12633	0	1	0	0	1	0	1	1	1	0	0	0	1	0	0
OG_12634	0	0	0	0	0	0	1	0	0	0	0	0	1	0	0
OG_12635	0	0	0	0	0	0	1	1	1	0	0	0	1	0	0
OG_12636	0	1	1	0	0	0	1	1	1	0	0	0	1	0	0
OG_12637	0	0	1	0	1	0	1	0	0	0	0	0	1	0	0
OG_12638	0	0	1	0	0	0	1	0	0	0	0	0	1	0	0
OG_12639	0	0	0	0	0	0	1	0	0	0	0	0	1	0	0
OG_12640	0	0	0	0	0	0	1	0	0	0	0	0	1	0	0
OG_12641	0	1	1	0	1	0	1	0	0	0	0	0	1	0	0
OG_12642	0	0	0	0	0	0	1	0	0	0	0	0	1	0	0
OG_12643	0	1	1	0	1	0	1	0	1	0	0	0	1	0	0
OG_12644	0	0	0	0	0	0	1	0	0	0	0	0	1	0	0
OG_12645	0	0	1	0	1	0	1	0	0	0	0	0	1	0	0
OG_12646	0	0	1	0	0	0	2	0	0	0	0	0	1	0	0
OG_12647	0	2	1	0	1	0	2	1	1	0	0	0	2	0	0
OG_12648	0	2	0	1	0	0	1	2	1	2	0	0	1	0	0
OG_12649	0	0	1	0	0	0	1	1	1	0	0	0	1	0	0
OG_12650	0	0	0	0	0	0	1	0	0	0	0	0	1	0	0
OG_12651	0	0	3	0	2	0	2	0	1	0	0	0	2	0	0
OG_12652	0	1	1	0	1	0	1	1	0	0	0	0	1	0	0
OG_12653	0	0	0	0	0	0	1	0	0	0	0	0	1	0	0
OG_12654	0	0	1	0	1	0	1	0	0	0	0	0	1	0	0
OG_12655	0	2	0	0	0	0	0	2	0	0	0	0	0	0	0
OG_12656	0	0	0	0	0	0	1	0	0	0	0	0	1	0	0
OG_12657	0	0	1	0	0	0	1	0	1	0	0	0	1	0	0
OG_12658	0	0	1	0	0	0	1	0	0	0	0	0	1	0	0
OG_12659	0	0	0	0	0	0	1	0	0	0	0	4	1	0	0
OG_12660	0	0	0	0	0	0	1	0	0	0	0	0	1	0	0
OG_12661	0	0	0	0	0	0	1	0	0	0	0	0	1	0	0
OG_12662	0	0	0	0	0	0	1	0	1	0	0	0	1	0	0
OG_12663	0	0	1	0	1	0	1	0	0	0	0	0	1	0	0
OG_12664	0	0	0	0	0	0	1	0	0	0	0	0	1	0	0
OG_12665	0	0	0	0	0	0	1	0	0	0	0	0	1	0	0
OG_12666	0	0	0	0	1	0	1	0	0	0	0	0	1	0	0
OG_12667	0	0	1	0	0	0	1	0	0	0	0	0	1	0	0
OG_12668	0	0	0	0	0	0	1	0	0	0	0	0	1	0	0
OG_12669	6	2	1	2	1	0	3	1	1	1	4	1	3	0	0
OG_12670	0	0	0	0	0	0	1	0	0	0	0	0	1	0	0
OG_12671	0	0	0	0	0	0	1	0	0	0	0	0	1	0	0
OG_12672	0	0	0	0	0	0	1	0	0	0	0	0	1	0	0
OG_12673	0	0	0	0	0	0	1	0	0	0	0	0	1	0	0
OG_12674	1	1	1	1	1	0	1	1	1	1	1	0	1	0	0
OG_12675	0	1	1	0	1	0	1	1	0	0	0	0	1	0	0
OG_12676	0	0	1	0	1	0	1	0	0	0	0	0	1	0	0
OG_12677	0	0	0	0	0	0	1	0	0	0	0	0	1	0	0
OG_12678	0	0	0	0	0	0	1	0	0	0	0	0	1	0	0
OG_12679	0	0	0	0	0	0	1	0	0	0	0	0	1	0	0
OG_12680	0	0	0	0	0	0	2	0	0	0	0	0	1	0	0
OG_12681	0	1	0	2	0	0	0	1	1	1	0	0	0	0	0
OG_12682	0	0	1	0	0	0	1	0	0	0	0	0	1	0	0
OG_12683	0	0	0	0	0	0	1	0	0	0	0	0	1	0	0
OG_12684	0	0	0	0	0	0	1	0	0	0	0	0	1	0	0
OG_12685	0	0	0	0	0	0	1	0	0	0	0	0	1	0	0
OG_12686	0	0	1	0	0	0	1	0	0	0	0	0	1	0	0
OG_12687	0	0	0	0	0	0	1	0	0	0	0	0	1	0	0
OG_12688	0	0	1	0	0	0	1	0	0	0	0	0	1	0	0
OG_12689	0	0	0	0	0	0	1	0	0	0	0	0	1	0	0
OG_12690	0	2	1	1	0	0	1	0	1	0	0	0	1	0	0
OG_12691	0	0	1	0	0	0	1	0	0	0	0	0	1	0	0
OG_12692	0	2	0	0	0	0	0	1	1	0	0	0	0	0	0
OG_12693	0	0	1	0	0	0	1	0	0	0	0	0	1	0	0
OG_12694	0	0	0	0	0	0	1	0	0	0	0	0	1	0	0
OG_12695	0	0	0	0	0	0	1	0	0	0	0	0	1	0	0
OG_12696	0	0	1	0	0	0	1	0	0	0	0	0	1	0	0
OG_12697	0	1	1	0	1	0	1	1	0	0	0	0	1	0	0
OG_12698	0	0	0	0	0	0	1	0	0	0	0	0	1	0	0
OG_12699	0	0	0	0	0	0	1	0	0	0	0	0	1	0	0
OG_12700	0	0	0	0	0	0	1	0	0	0	0	0	1	0	0
OG_12701	0	0	0	0	0	0	1	0	0	0	0	0	1	0	0
OG_12702	0	0	0	0	0	0	1	0	0	0	0	0	1	0	0
OG_12703	0	0	0	0	0	0	1	0	0	0	0	0	1	0	0
OG_12704	0	0	0	0	0	0	1	0	0	0	0	0	1	0	0
OG_12705	0	0	0	0	0	0	1	0	0	0	0	0	1	0	0
OG_12706	0	0	0	0	1	0	1	0	1	0	0	0	1	0	0
OG_12707	0	0	0	0	0	0	1	0	0	0	0	0	1	0	0
OG_12708	0	0	0	0	0	0	1	0	0	0	0	0	1	0	0
OG_12709	0	0	1	0	1	0	1	0	0	0	0	0	1	0	0
OG_12710	0	0	1	0	0	0	1	0	0	0	0	0	1	0	0
OG_12711	0	0	0	0	0	0	1	0	0	0	0	0	1	0	0
OG_12712	1	1	2	2	2	0	2	1	2	1	1	1	1	0	0
OG_12713	0	0	0	0	0	0	1	0	0	0	0	0	1	0	0
OG_12714	0	0	0	0	0	0	0	1	0	0	0	0	1	0	0
OG_12715	0	0	1	0	0	0	0	0	0	0	0	0	2	0	0
OG_12716	0	0	0	0	1	0	1	0	0	0	0	0	1	0	0
OG_12717	0	0	0	0	0	0	1	0	0	0	0	0	1	0	0
OG_12718	0	0	1	0	0	0	1	0	0	0	0	0	0	0	0
OG_12719	0	0	1	0	0	0	1	0	0	0	0	0	1	0	0
OG_12720	0	0	1	0	0	0	1	0	0	0	0	0	1	0	0
OG_12721	0	0	0	0	0	0	1	1	0	0	0	0	1	0	0
OG_12722	0	0	0	0	0	0	1	0	0	0	0	0	1	0	0
OG_12723	0	0	0	0	0	0	1	0	0	0	0	0	1	0	0
OG_12724	0	0	2	0	0	0	0	0	0	0	0	0	1	0	0
OG_12725	0	0	0	0	0	0	1	0	0	0	0	0	1	0	0
OG_12726	0	2	0	2	2	0	1	2	0	2	0	0	1	0	0
OG_12727	0	6	1	0	6	0	3	1	7	0	0	0	4	0	0
OG_12728	0	0	1	0	0	0	1	0	0	0	0	0	1	0	0
OG_12729	0	0	0	0	0	0	1	0	0	0	0	0	1	0	0
OG_12730	0	0	0	0	0	0	1	0	0	0	0	0	1	0	0
OG_12731	0	0	0	0	0	0	1	0	0	0	0	0	1	0	0
OG_12732	0	0	0	0	0	0	1	0	0	0	0	0	1	0	0
OG_12733	0	0	1	0	0	0	0	0	0	0	0	0	1	0	0
OG_12734	0	1	0	1	1	0	1	1	1	2	0	0	1	0	0
OG_12735	0	0	0	0	0	0	1	0	0	0	0	0	1	0	0
OG_12736	0	0	0	0	0	0	1	0	0	0	0	0	1	0	0
OG_12737	0	0	0	0	0	0	1	0	0	0	0	0	1	0	0
OG_12738	0	0	1	0	1	0	1	0	0	0	0	0	1	0	0
OG_12739	0	0	0	1	0	0	0	0	0	2	0	0	0	0	0
OG_12740	0	0	1	0	1	0	0	0	0	0	0	0	1	0	0
OG_12741	0	0	1	0	0	0	0	0	0	0	0	0	1	0	0
OG_12742	0	0	0	0	0	0	1	0	0	0	0	0	1	0	0
OG_12743	0	1	1	0	1	0	1	1	0	0	0	0	1	0	0
OG_12744	0	0	1	0	0	0	1	0	0	0	0	0	1	0	0
OG_12745	0	4	0	0	1	0	0	1	1	0	0	0	0	0	0
OG_12746	0	0	1	0	0	0	1	0	0	0	0	0	1	0	0
OG_12747	0	2	1	0	0	0	1	0	0	0	0	0	1	0	0
OG_12748	0	0	1	0	0	0	1	0	0	0	0	0	1	0	0
OG_12749	0	0	1	0	0	1	2	0	0	0	0	0	1	0	0
OG_12750	0	0	1	0	0	0	0	0	0	0	0	0	1	0	0
OG_12751	0	0	0	0	0	0	1	0	0	0	0	0	1	0	0
OG_12752	0	0	0	0	1	0	0	1	0	0	0	0	1	0	0
OG_12753	0	0	0	0	0	0	1	0	0	0	0	0	1	0	0
OG_12754	0	0	0	0	0	0	1	0	0	0	0	0	1	0	0
OG_12755	0	0	1	0	0	0	1	0	0	0	0	0	1	0	0
OG_12756	0	0	1	0	1	0	1	1	0	0	0	0	1	0	0
OG_12757	0	0	0	0	0	0	1	0	0	0	0	0	1	0	0
OG_12758	0	0	0	0	0	0	1	0	0	0	0	0	1	0	0
OG_12759	0	0	0	0	0	0	1	0	0	0	0	0	1	0	0
OG_12760	0	0	0	0	0	0	1	0	0	0	0	0	1	0	0
OG_12761	0	0	0	0	1	0	1	0	0	0	0	0	1	0	0
OG_12762	0	0	0	0	0	0	1	0	0	0	0	0	1	0	0
OG_12763	0	0	0	0	0	0	1	0	0	0	0	0	1	0	0
OG_12764	0	0	0	0	0	0	1	0	0	0	0	0	1	0	0
OG_12765	0	0	1	0	0	0	1	0	0	0	0	0	1	0	0
OG_12766	0	0	0	0	1	0	1	0	0	0	0	0	1	0	0
OG_12767	0	0	1	0	0	0	0	0	0	0	0	0	1	0	0
OG_12768	0	0	1	0	0	0	1	1	1	0	0	0	1	0	0
OG_12769	0	4	1	0	1	0	4	2	1	0	0	0	3	0	0
OG_12770	0	0	0	0	0	0	0	0	0	0	2	2	0	0	0
OG_12771	0	0	1	0	0	0	0	0	0	0	0	0	1	0	0
OG_12772	0	0	0	0	0	0	1	0	0	0	0	0	1	0	0
OG_12773	0	0	0	0	0	0	1	0	0	0	0	0	1	0	0
OG_12774	0	0	1	0	0	0	0	0	1	0	0	0	1	0	0
OG_12775	0	0	0	0	0	0	1	0	0	0	0	0	1	0	0
OG_12776	0	0	0	0	0	0	0	0	0	0	1	1	0	0	0
OG_12777	0	0	0	0	0	0	0	0	0	0	2	0	0	1	0
OG_12778	4	1	1	2	2	1	3	1	1	1	6	3	2	1	1
OG_12779	2	1	1	3	1	2	1	1	1	1	2	1	1	4	1
OG_12780	1	1	4	3	1	0	2	1	1	2	3	2	2	0	1
OG_12781	2	1	1	1	1	1	1	1	2	1	4	4	1	2	1
OG_12782	3	1	2	1	1	1	2	1	1	1	2	1	2	1	2
OG_12783	0	0	1	0	0	0	0	0	0	0	2	0	0	0	0
OG_12784	2	1	1	2	1	1	2	1	1	1	4	1	2	2	1
OG_12785	1	0	1	1	2	1	1	1	1	1	3	4	1	2	1
OG_12786	4	1	1	1	1	0	2	1	1	1	4	2	1	0	1
OG_12787	1	1	4	2	2	1	1	1	1	1	2	2	1	0	1
OG_12788	1	0	1	1	1	0	0	1	2	1	1	1	0	1	1
OG_12789	1	1	1	1	1	1	1	1	1	1	3	4	1	1	1
OG_12790	3	1	2	1	1	3	1	1	1	2	6	1	1	1	1
OG_12791	2	1	1	1	1	0	1	1	1	2	2	1	2	0	0
OG_12792	1	1	1	1	1	1	1	1	1	1	2	2	1	1	1
OG_12793	3	1	1	1	1	1	1	1	1	1	4	3	1	1	0
OG_12794	1	1	1	2	1	1	1	2	1	1	3	1	1	1	1
OG_12795	1	2	1	1	1	1	1	1	2	1	3	1	1	1	1
OG_12796	2	1	1	2	1	0	1	1	1	1	3	5	1	0	0
OG_12797	1	1	1	1	1	0	2	1	1	1	1	1	1	0	0
OG_12798	3	1	1	1	1	4	2	1	1	1	2	1	2	1	1
OG_12799	1	1	1	1	1	1	1	1	1	1	3	1	2	1	1
OG_12800	1	1	1	1	1	3	1	1	1	1	2	1	1	1	1
OG_12801	1	1	1	2	1	1	2	1	2	1	1	5	2	1	1
OG_12802	1	3	1	1	6	1	3	2	1	1	1	1	2	1	1
OG_12803	3	0	1	5	1	0	1	1	1	0	1	0	1	0	0
OG_12804	2	1	1	1	3	2	2	1	1	1	2	1	2	1	1
OG_12805	1	1	3	1	1	0	1	1	1	1	1	0	1	0	0
OG_12806	1	1	1	1	2	2	1	2	2	2	1	1	1	2	1
OG_12807	1	1	1	1	1	1	1	1	1	1	1	1	1	1	2
OG_12808	1	2	1	1	1	2	1	1	1	1	2	1	1	1	1
OG_12809	1	1	1	1	1	1	1	1	1	1	1	1	1	1	1
OG_12810	1	1	1	2	1	0	1	1	1	1	1	1	1	0	0
OG_12811	2	1	1	2	1	1	2	1	1	1	2	1	2	1	1
OG_12812	1	1	1	1	1	1	2	1	1	2	1	1	2	1	1
OG_12813	1	2	1	1	1	2	1	1	1	1	2	1	2	1	1
OG_12814	1	1	1	1	1	1	2	1	1	1	1	2	3	2	1
OG_12815	5	1	1	1	1	3	2	1	1	1	2	1	2	2	1
OG_12816	1	1	1	1	1	1	1	1	1	1	3	2	1	1	1
OG_12817	9	1	1	1	1	1	2	1	0	2	3	1	3	1	1
OG_12818	1	2	1	1	1	0	1	1	1	2	2	1	1	0	1
OG_12819	2	1	1	1	1	3	2	1	1	2	2	1	2	1	1
OG_12820	4	1	1	4	1	3	2	1	1	2	1	3	3	1	2
OG_12821	0	0	0	1	0	0	0	0	0	0	1	0	0	0	0
OG_12822	2	1	1	1	1	1	1	1	1	1	1	1	1	2	0
OG_12823	1	1	1	1	1	2	1	1	1	2	1	2	1	3	1
OG_12824	2	1	2	1	1	1	2	1	2	1	2	2	0	1	1
OG_12825	1	1	1	2	1	1	1	1	1	2	3	8	1	2	1
OG_12826	3	1	1	2	1	1	1	1	1	1	2	1	2	1	1
OG_12827	2	1	1	2	1	1	1	1	1	1	1	1	1	0	0
OG_12828	4	1	1	1	1	1	2	1	1	1	2	2	1	1	1
OG_12829	3	1	1	3	1	1	4	6	7	1	1	1	3	1	1
OG_12830	1	4	2	1	1	2	2	1	2	1	2	1	2	1	1
OG_12831	1	1	1	4	1	0	1	1	1	2	1	2	1	0	2
OG_12832	2	2	1	1	1	1	2	1	1	1	1	3	2	0	1
OG_12833	1	1	1	1	1	2	1	1	1	1	1	1	1	1	1
OG_12834	1	1	1	1	1	0	1	1	1	1	1	1	1	0	0
OG_12835	2	1	1	1	1	1	1	1	1	1	2	1	5	1	1
OG_12836	2	1	1	1	1	0	1	1	1	1	1	1	1	0	0
OG_12837	4	2	3	3	1	1	3	1	1	1	3	13	1	2	1
OG_12838	2	0	1	1	1	1	1	1	1	1	2	4	1	0	1
OG_12839	2	2	2	2	3	0	1	1	2	2	3	1	1	0	0
OG_12840	1	1	1	1	1	1	1	1	1	1	1	1	1	1	1
OG_12841	1	1	1	1	1	2	1	1	1	2	2	1	1	1	2
OG_12842	1	1	1	1	1	0	1	1	1	1	1	1	1	0	0
OG_12843	1	1	1	1	1	1	1	3	1	1	1	1	1	1	1
OG_12844	0	0	0	0	0	0	0	0	0	0	2	1	0	0	2
OG_12845	1	1	1	2	2	1	1	1	2	1	2	2	1	0	0
OG_12846	1	1	1	1	1	0	1	1	1	1	1	1	1	0	0
OG_12847	1	0	2	1	1	1	1	2	1	1	2	2	1	1	1
OG_12848	3	2	1	1	1	2	2	1	1	1	2	4	1	0	1
OG_12849	2	1	1	2	1	1	3	1	1	2	1	1	3	1	1
OG_12850	1	1	2	2	1	1	1	1	1	1	4	1	1	0	0
OG_12851	1	1	1	1	1	0	1	1	1	1	1	2	1	0	0
OG_12852	1	0	1	1	1	0	1	1	0	1	1	0	0	0	0
OG_12853	1	1	1	1	1	1	1	1	1	1	1	1	1	1	1
OG_12854	1	1	1	2	1	1	1	1	1	1	2	6	1	1	1
OG_12855	1	1	1	3	2	2	1	1	1	1	2	1	1	1	1
OG_12856	1	1	1	1	1	2	2	1	1	1	1	1	1	0	0
OG_12857	2	1	1	1	1	0	1	1	1	1	0	0	1	0	0
OG_12858	0	0	0	0	0	0	0	0	0	0	1	1	0	0	0
OG_12859	1	1	1	1	1	1	1	1	1	1	2	1	2	3	1
OG_12860	2	1	1	2	2	3	1	1	1	1	1	1	2	1	1
OG_12861	1	1	1	1	1	1	2	1	1	1	1	1	2	0	0
OG_12862	0	1	0	0	0	0	0	0	0	0	1	0	0	0	1
OG_12863	1	2	1	3	1	1	1	1	1	1	4	1	1	1	1
OG_12864	1	1	1	2	1	1	1	1	1	1	1	3	2	0	1
OG_12865	5	1	1	1	1	1	7	1	2	1	0	2	3	1	1
OG_12866	1	1	1	1	1	1	1	1	1	1	1	2	1	0	0
OG_12867	1	40	7	2	29	6	1	2	7	0	6	9	1	4	0
OG_12868	2	1	1	2	1	1	2	1	1	1	1	2	2	2	1
OG_12869	3	2	2	3	2	8	2	2	2	2	4	3	2	0	0
OG_12870	1	1	2	1	3	1	1	1	2	1	4	3	1	2	3
OG_12871	2	1	1	1	1	1	1	1	1	1	1	1	1	1	1
OG_12872	1	1	1	1	2	1	1	1	1	1	1	3	1	1	1
OG_12873	1	1	1	1	1	1	1	1	1	1	1	1	2	1	1
OG_12874	1	1	1	1	1	0	1	1	1	1	2	3	1	0	1
OG_12875	2	1	1	1	1	1	3	1	1	1	1	1	2	1	1
OG_12876	0	0	0	0	0	2	0	0	0	0	0	0	0	1	2
OG_12877	0	0	0	0	0	2	0	0	0	0	0	0	0	2	0
OG_12878	5	1	1	1	1	1	1	1	1	1	1	2	1	1	1
OG_12879	1	0	1	1	1	1	1	1	3	1	1	1	1	2	1
OG_12880	1	1	1	3	1	1	1	2	1	2	1	1	1	3	1
OG_12881	0	0	1	0	1	0	0	0	1	0	1	0	0	0	0
OG_12882	2	1	1	1	2	6	1	1	1	1	2	1	1	2	2
OG_12883	3	1	1	1	1	1	2	1	1	1	2	2	1	1	1
OG_12884	10	1	1	6	1	2	2	1	1	6	4	7	2	1	1
OG_12885	2	1	1	3	1	0	2	1	1	4	2	3	2	0	0
OG_12886	1	1	1	1	1	2	1	2	1	1	2	1	1	1	1
OG_12887	2	1	1	1	2	2	2	1	1	1	3	2	2	1	1
OG_12888	2	1	1	3	1	0	2	1	2	1	0	2	2	0	1
OG_12889	1	1	1	1	1	3	1	2	1	1	4	4	1	2	1
OG_12890	1	1	1	1	1	1	1	1	1	1	2	1	1	1	1
OG_12891	0	2	0	0	2	0	0	0	0	0	0	0	0	0	0
OG_12892	2	2	1	2	1	2	1	1	2	1	3	1	2	1	1
OG_12893	2	1	1	4	1	6	1	1	1	4	1	1	1	2	1
OG_12894	1	1	1	1	1	0	1	1	1	1	1	1	1	0	0
OG_12895	1	1	1	1	1	1	1	1	1	1	2	1	2	1	1
OG_12896	4	2	4	4	2	3	4	2	3	5	4	2	2	2	2
OG_12897	1	2	1	2	5	5	1	2	2	2	3	2	2	4	1
OG_12898	1	1	1	1	1	1	2	1	3	2	3	1	1	2	1
OG_12899	2	1	1	1	1	1	1	1	1	1	2	1	2	1	1
OG_12900	1	1	1	1	1	2	1	1	1	1	1	1	1	1	1
OG_12901	3	1	1	2	1	0	2	1	1	3	1	1	1	0	0
OG_12902	1	1	1	1	1	1	1	1	1	1	1	3	1	0	0
OG_12903	1	1	1	2	1	3	1	1	1	1	1	13	1	2	1
OG_12904	1	1	1	1	1	0	1	2	1	1	2	1	1	0	0
OG_12905	0	0	0	0	0	2	0	0	0	0	0	0	0	3	1
OG_12906	1	1	1	1	1	1	2	1	1	1	3	1	3	1	1
OG_12907	2	1	1	1	1	2	1	1	1	2	1	3	1	0	0
OG_12908	1	0	1	0	0	0	0	0	0	0	1	0	0	0	0
OG_12909	1	1	1	1	1	1	1	2	1	1	1	1	1	0	1
OG_12910	1	1	1	1	1	1	1	1	1	1	2	0	1	2	1
OG_12911	2	2	1	3	1	1	1	1	1	1	2	4	1	2	1
OG_12912	2	1	1	1	1	0	1	1	1	1	1	3	1	0	1
OG_12913	4	1	1	0	1	1	2	2	2	1	1	1	1	2	1
OG_12914	2	0	1	1	1	0	0	1	0	0	1	1	1	1	0
OG_12915	0	0	0	0	0	0	0	0	0	0	1	1	0	0	0
OG_12916	1	1	1	1	1	2	1	1	1	1	1	1	1	1	1
OG_12917	0	1	0	0	0	0	0	0	1	0	1	0	0	0	0
OG_12918	1	1	1	1	1	2	1	1	1	1	1	1	1	2	1
OG_12919	1	1	1	1	1	1	1	1	1	1	1	1	1	1	1
OG_12920	1	1	1	1	1	2	1	1	1	1	2	3	1	1	1
OG_12921	1	1	1	1	1	1	1	1	2	1	5	2	1	1	1
OG_12922	1	1	1	1	1	0	1	1	2	1	3	1	1	0	2
OG_12923	1	1	1	2	1	1	1	1	1	2	1	1	1	0	1
OG_12924	1	1	1	1	2	1	0	2	2	2	2	2	2	1	1
OG_12925	1	2	1	3	1	1	1	1	1	2	1	1	1	1	1
OG_12926	1	1	1	1	1	1	1	1	1	1	1	1	1	0	0
OG_12927	4	2	1	3	1	2	1	1	1	1	4	1	1	1	1
OG_12928	2	2	1	1	1	1	2	1	1	1	2	4	2	1	1
OG_12929	7	3	1	6	1	1	4	1	1	1	1	7	2	1	1
OG_12930	1	4	6	2	2	2	1	1	2	3	3	2	1	4	1
OG_12931	5	1	1	2	1	0	1	1	1	1	1	2	2	0	0
OG_12932	2	1	1	1	1	1	2	1	1	1	2	1	2	1	1
OG_12933	1	1	1	1	1	1	1	1	1	1	3	1	1	1	1
OG_12934	2	1	1	1	1	0	2	1	2	4	1	1	1	0	0
OG_12935	1	1	1	1	1	1	1	1	1	1	2	2	1	1	1
OG_12936	0	0	0	0	0	0	0	0	0	0	2	2	0	0	0
OG_12937	3	1	1	1	1	3	1	1	1	2	2	7	1	1	0
OG_12938	1	1	2	3	1	1	1	2	1	0	1	0	1	1	2
OG_12939	1	1	3	1	2	0	1	1	1	1	1	1	1	0	1
OG_12940	2	1	1	2	1	3	1	1	1	1	3	1	1	2	2
OG_12941	2	2	1	2	1	1	2	1	1	1	1	1	2	1	2
OG_12942	1	1	2	1	1	2	1	1	1	1	2	1	1	3	0
OG_12943	2	3	1	2	1	0	2	1	1	1	0	1	2	0	0
OG_12944	1	1	1	2	1	2	1	1	2	5	1	1	2	0	1
OG_12945	1	1	1	1	1	2	2	2	1	1	1	3	2	1	1
OG_12946	0	0	1	0	0	0	0	0	0	0	1	0	0	0	0
OG_12947	2	1	1	3	1	2	3	1	1	1	1	1	3	1	1
OG_12948	1	1	1	1	1	0	1	1	1	1	1	1	1	0	0
OG_12949	1	1	2	1	2	0	1	1	1	1	1	1	1	0	2
OG_12950	2	1	1	1	1	0	1	1	1	1	1	1	1	0	0
OG_12951	1	1	1	1	1	2	1	1	1	1	1	2	1	0	0
OG_12952	1	1	4	1	1	1	1	1	1	1	1	1	1	1	1
OG_12953	5	1	2	1	1	0	2	1	3	1	1	1	2	0	0
OG_12954	1	1	1	1	1	0	1	1	1	1	1	2	1	0	1
OG_12955	0	0	0	0	0	1	0	0	0	0	0	0	0	1	0
OG_12956	1	1	1	2	1	1	1	1	1	1	1	1	1	1	1
OG_12957	1	1	1	1	1	1	2	1	1	1	2	1	2	1	2
OG_12958	1	1	1	1	1	2	1	1	1	1	1	1	1	1	1
OG_12959	1	2	2	1	3	1	2	2	2	1	3	1	2	1	1
OG_12960	1	1	3	1	1	0	1	1	1	1	1	1	1	0	0
OG_12961	1	1	1	0	1	0	1	1	1	3	1	1	1	1	1
OG_12962	1	0	0	2	1	0	0	0	0	2	1	0	0	0	0
OG_12963	1	1	1	1	1	2	1	1	1	1	1	1	1	1	1
OG_12964	1	1	1	1	1	0	1	1	1	1	2	1	1	0	2
OG_12965	1	1	1	1	1	0	1	0	1	1	0	1	0	0	0
OG_12966	0	1	0	1	1	0	0	1	1	1	0	0	0	0	0
OG_12967	1	2	1	3	2	0	1	2	1	2	1	1	1	0	0
OG_12968	0	2	0	1	1	0	0	2	2	2	0	0	0	0	0
OG_12969	1	1	1	1	1	2	1	1	1	1	2	2	1	3	1
OG_12970	0	0	0	0	0	0	0	0	0	0	1	1	0	0	0
OG_12971	1	1	0	1	1	1	1	1	2	1	2	1	1	1	1
OG_12972	1	1	1	1	1	0	2	1	1	1	1	0	1	0	0
OG_12973	1	1	1	2	1	0	1	1	1	0	1	1	1	0	0
OG_12974	1	1	3	1	1	1	1	1	1	1	3	4	1	2	1
OG_12975	2	1	2	2	1	5	2	1	1	1	2	4	2	1	1
OG_12976	4	2	2	2	2	9	2	2	2	2	3	1	2	4	2
OG_12977	0	0	0	0	0	3	0	0	0	0	0	0	0	3	0
OG_12978	3	0	1	1	2	1	1	2	2	1	2	2	1	0	0
OG_12979	3	1	1	2	1	5	1	1	2	1	1	1	1	2	1
OG_12980	1	2	1	2	1	2	2	1	1	1	2	3	1	1	1
OG_12981	2	1	2	2	1	1	1	1	1	1	1	1	1	1	1
OG_12982	2	1	3	1	1	1	1	1	1	1	2	1	1	1	0
OG_12983	0	1	0	0	0	0	0	0	0	0	2	0	0	0	0
OG_12984	1	2	1	1	1	1	1	1	2	1	5	1	1	2	1
OG_12985	0	1	0	1	3	0	0	1	0	0	0	0	0	0	0
OG_12986	6	1	1	2	1	3	4	1	1	1	1	1	1	1	2
OG_12987	0	1	0	0	1	0	0	1	1	0	1	0	0	0	0
OG_12988	0	2	1	1	1	0	0	1	1	0	1	0	0	0	0
OG_12989	2	4	1	2	5	4	1	2	3	1	5	5	2	1	1
OG_12990	0	1	0	0	1	0	0	1	1	0	1	0	0	0	0
OG_12991	0	1	0	4	0	0	0	1	1	1	1	1	0	0	0
OG_12992	0	1	0	1	1	0	0	1	1	2	1	1	0	0	0
OG_12993	0	1	1	0	0	0	0	1	1	0	1	0	0	0	0
OG_12994	0	1	0	0	1	0	0	0	1	0	1	0	0	0	0
OG_12995	0	1	1	1	1	1	0	1	2	1	1	0	0	0	0
OG_12996	0	1	0	1	1	0	0	1	1	1	1	0	0	0	0
OG_12997	0	1	0	0	1	0	0	1	1	0	1	0	0	0	0
OG_12998	0	1	0	0	1	0	0	1	2	0	1	0	0	0	0
OG_12999	0	1	0	0	1	0	0	1	1	0	1	0	0	0	0
OG_13000	1	1	1	1	0	0	0	1	1	0	1	1	1	0	0
OG_13001	1	1	1	1	2	0	1	1	1	1	2	2	2	0	0
OG_13002	4	1	1	1	1	1	2	1	1	1	2	1	2	0	0
OG_13003	1	3	1	2	6	0	1	5	0	1	3	0	1	0	0
OG_13004	2	2	12	4	5	0	2	14	3	3	14	0	6	0	0
OG_13005	0	1	0	3	0	0	0	5	0	1	0	0	0	0	0
OG_13006	1	1	2	2	2	0	1	1	1	2	1	1	1	0	0
OG_13007	2	1	1	5	1	2	1	1	1	5	2	1	1	1	1
OG_13008	0	2	1	1	2	0	0	1	2	1	3	0	0	0	5
OG_13009	3	5	2	3	5	0	2	3	4	4	5	2	3	0	0
OG_13010	1	2	1	1	3	0	2	1	1	1	2	1	2	1	1
OG_13011	0	4	1	1	3	0	1	1	0	0	0	0	2	0	0
OG_13012	0	0	0	0	0	0	0	0	0	0	2	1	0	0	0
OG_13013	2	2	1	4	1	0	1	1	1	1	6	4	1	0	1
OG_13014	0	1	0	0	0	0	0	1	1	1	0	0	0	0	0
OG_13015	1	1	1	4	1	1	1	1	2	1	2	1	1	1	1
OG_13016	1	1	1	3	1	0	1	1	1	2	0	1	1	0	0
OG_13017	0	0	0	0	0	0	0	0	0	0	1	1	0	0	0
OG_13018	0	0	0	2	0	0	0	0	0	0	1	0	0	0	0
OG_13019	1	1	1	1	1	0	0	1	3	1	1	1	3	0	0
OG_13020	0	0	0	0	0	0	0	0	0	0	1	4	0	0	0
OG_13021	1	1	2	2	1	2	1	1	1	1	3	1	1	1	1
OG_13022	0	0	0	0	0	1	0	0	0	0	1	3	0	0	0
OG_13023	1	1	1	1	1	3	1	1	1	1	1	1	2	1	1
OG_13024	0	0	0	0	0	0	0	0	0	0	5	2	0	0	0
OG_13025	5	1	1	2	2	0	3	1	1	4	2	2	2	0	0
OG_13026	1	1	1	1	1	0	2	1	1	1	1	1	1	0	1
OG_13027	0	0	0	0	0	0	0	0	0	0	1	1	0	0	0
OG_13028	0	1	1	1	1	0	2	1	1	1	5	1	1	0	0
OG_13029	0	4	2	3	7	0	1	3	2	1	0	0	1	0	0
OG_13030	0	4	1	0	1	0	1	2	3	1	0	0	1	0	0
OG_13031	0	0	0	0	0	0	0	0	0	0	2	1	0	0	0
OG_13032	7	7	5	2	8	0	4	2	11	2	1	9	5	0	0
OG_13033	0	2	0	0	0	0	0	0	4	0	0	0	0	0	0
OG_13034	0	0	5	0	5	0	0	0	1	0	0	0	0	0	0
OG_13035	0	0	8	0	1	0	0	0	1	0	0	0	0	0	0
OG_13036	1	1	1	1	1	2	1	1	1	1	2	1	1	1	1
OG_13037	3	4	7	1	4	10	2	2	2	1	5	0	3	1	1
OG_13038	2	2	4	4	2	2	2	2	3	2	5	4	2	4	1
OG_13039	1	1	1	4	1	0	3	1	1	1	0	1	2	0	0
OG_13040	0	1	0	0	0	0	2	1	0	0	0	0	0	0	0
OG_13041	46	9	6	14	5	1	15	8	6	8	3	1	9	0	3
OG_13042	0	0	0	0	0	0	0	0	0	0	1	1	0	0	0
OG_13043	0	0	0	1	0	0	0	0	0	0	1	0	0	0	0
OG_13044	0	0	0	0	2	0	0	0	0	0	1	0	0	0	0
OG_13045	0	1	3	0	2	0	0	0	2	0	0	0	0	0	0
OG_13046	0	0	1	0	0	0	0	0	0	0	1	0	0	0	0
OG_13047	0	0	0	0	0	0	0	0	0	0	1	13	0	0	0
OG_13048	0	0	0	0	0	0	0	0	0	0	6	2	0	0	0
OG_13049	1	1	1	1	1	1	1	1	2	1	1	1	1	2	1
OG_13050	2	1	1	1	1	0	1	1	1	1	1	1	1	0	0
OG_13051	0	0	0	0	0	1	0	0	0	0	0	0	0	1	0
OG_13052	4	2	1	3	1	0	1	2	2	2	0	0	1	0	0
OG_13053	2	1	1	1	1	1	2	1	1	1	1	1	2	1	1
OG_13054	3	0	0	1	0	0	1	1	1	0	0	0	0	0	0
OG_13055	1	2	2	4	2	0	3	2	3	3	0	1	2	0	0
OG_13056	8	0	0	0	0	0	2	0	0	0	0	0	0	0	0
OG_13057	0	0	0	0	1	0	0	1	1	1	0	0	0	0	0
OG_13058	1	0	1	0	0	0	1	0	0	0	0	0	0	0	0
OG_13059	1	1	1	3	1	0	1	1	1	1	0	0	0	0	0
OG_13060	1	0	0	0	0	0	1	0	0	0	0	0	0	0	0
OG_13061	1	0	0	0	0	0	0	0	1	0	0	0	0	0	0
OG_13062	1	0	0	0	0	0	1	0	0	0	0	0	0	0	0
OG_13063	1	0	0	0	0	0	1	0	0	0	0	0	0	0	0
OG_13064	1	1	1	1	1	0	1	1	1	1	0	0	0	0	0
OG_13065	2	0	1	2	1	2	1	1	1	4	2	3	1	1	1
OG_13066	8	1	1	9	1	6	5	1	2	9	1	8	8	2	2
OG_13067	1	0	1	0	0	0	0	0	0	0	0	0	0	0	0
OG_13068	1	0	0	0	0	0	1	0	0	0	0	0	0	0	0
OG_13069	1	1	1	1	1	2	2	7	2	0	1	1	1	1	2
OG_13070	5	4	1	1	2	0	1	2	1	0	1	1	1	0	1
OG_13071	2	1	1	1	2	0	1	1	2	1	1	1	1	0	0
OG_13072	0	3	0	5	0	0	0	6	3	3	0	0	0	0	0
OG_13073	13	6	2	2	1	0	8	0	3	1	0	0	2	0	0
OG_13074	1	1	1	1	1	0	1	1	1	1	0	0	0	0	0
OG_13075	1	1	1	1	1	0	2	1	1	1	1	1	1	0	0
OG_13076	1	0	0	1	0	0	0	0	0	1	0	0	0	0	0
OG_13077	1	0	0	0	0	0	1	0	0	0	0	0	0	0	0
OG_13078	1	1	1	1	1	0	1	1	1	1	1	1	1	0	0
OG_13079	1	1	1	0	1	0	0	1	1	0	0	0	0	0	0
OG_13080	1	2	1	0	0	0	1	0	0	0	0	0	1	0	0
OG_13081	1	0	1	0	0	0	1	0	0	0	0	0	2	0	0
OG_13082	1	1	1	1	1	0	0	1	0	1	0	0	0	0	0
OG_13083	1	0	0	0	0	0	1	0	0	0	0	0	0	0	0
OG_13084	1	2	1	0	2	0	1	0	1	0	0	0	1	0	0
OG_13085	0	0	0	5	0	0	0	5	1	1	0	0	0	0	0
OG_13086	1	0	1	0	0	0	0	0	0	0	0	0	0	0	0
OG_13087	1	1	1	2	1	1	2	1	0	1	2	1	1	1	1
OG_13088	1	0	1	0	0	0	1	0	0	0	0	0	0	0	0
OG_13089	1	0	0	0	0	0	1	0	0	0	0	0	0	0	0
OG_13090	1	0	1	1	0	0	3	1	1	0	0	0	1	0	0
OG_13091	0	2	1	0	1	0	1	0	1	0	0	0	1	0	0
OG_13092	1	1	1	0	1	0	2	1	1	0	0	0	2	0	0
OG_13093	1	0	1	1	1	0	1	1	1	1	0	0	0	0	0
OG_13094	1	0	0	1	0	0	0	0	0	1	0	0	0	0	0
OG_13095	1	0	0	1	0	2	0	0	0	1	0	0	0	0	0
OG_13096	1	0	0	1	0	0	0	0	0	1	0	0	0	0	0
OG_13097	6	1	3	3	1	3	4	1	1	1	1	1	4	1	1
OG_13098	1	1	2	1	1	2	1	1	1	1	1	0	1	1	1
OG_13099	1	1	2	2	1	1	1	2	1	1	1	4	1	2	1
OG_13100	0	0	3	0	1	0	0	0	0	0	1	1	0	0	2
OG_13101	3	1	2	1	2	0	1	2	1	1	1	1	1	0	1
OG_13102	1	1	2	1	1	2	1	1	1	1	1	2	1	1	1
OG_13103	2	1	1	0	1	0	1	1	1	1	0	0	1	0	0
OG_13104	2	1	2	2	2	0	1	1	1	3	1	1	1	0	0
OG_13105	1	1	1	0	1	1	1	1	1	1	1	1	1	2	0
OG_13106	1	1	7	1	1	1	1	1	1	1	1	1	1	1	0
OG_13107	1	0	1	1	1	1	1	1	1	1	1	3	1	1	1
OG_13108	1	1	2	1	1	1	1	1	1	1	1	1	1	1	1
OG_13109	1	1	2	4	2	1	1	1	1	1	1	2	1	1	2
OG_13110	0	0	0	0	0	0	0	0	0	0	2	2	0	0	0
OG_13111	1	2	2	2	1	0	4	1	1	1	1	1	0	0	1
OG_13112	2	1	1	3	2	1	1	1	1	2	1	1	1	1	1
OG_13113	1	1	1	1	1	0	1	1	2	1	1	2	1	0	1
OG_13114	2	2	2	3	1	1	2	1	1	3	1	5	2	1	1
OG_13115	1	1	2	1	1	0	2	1	1	1	1	1	1	0	0
OG_13116	3	1	1	1	1	1	1	1	4	1	1	1	2	1	1
OG_13117	1	1	2	1	1	0	1	1	2	1	1	1	1	0	1
OG_13118	1	0	4	1	1	3	1	1	1	1	1	1	1	3	1
OG_13119	1	1	2	1	1	1	1	1	1	2	1	1	1	1	1
OG_13120	1	1	0	2	1	2	1	1	1	3	2	3	1	2	1
OG_13121	4	7	2	1	3	6	3	5	1	5	1	2	5	4	4
OG_13122	1	1	1	1	1	2	1	1	1	1	1	1	1	1	1
OG_13123	1	1	2	1	1	2	1	1	1	1	1	1	1	1	1
OG_13124	1	1	2	1	1	1	1	1	1	1	1	1	1	1	1
OG_13125	1	1	2	1	1	1	1	1	4	3	2	4	2	1	1
OG_13126	1	0	2	0	0	0	1	0	0	0	0	0	0	0	0
OG_13127	6	1	4	2	2	0	0	2	0	1	0	0	0	5	1
OG_13128	2	1	2	1	2	2	2	1	1	1	0	7	3	0	1
OG_13129	0	0	1	0	0	0	0	0	0	0	1	0	0	0	0
OG_13130	8	1	1	1	1	7	2	1	1	6	1	4	1	2	4
OG_13131	1	1	1	2	1	0	1	1	1	1	1	2	1	0	2
OG_13132	5	2	1	1	1	0	3	1	1	1	0	0	2	0	0
OG_13133	8	1	1	1	1	1	1	1	1	1	1	1	1	0	1
OG_13134	2	1	1	1	1	1	1	1	1	1	1	1	1	1	1
OG_13135	2	0	1	0	0	0	0	0	0	0	0	0	0	0	0
OG_13136	1	3	2	1	1	2	1	1	1	3	1	2	1	1	1
OG_13137	1	1	2	2	1	0	2	1	1	1	3	3	2	0	1
OG_13138	0	0	0	0	0	1	0	0	0	0	0	0	0	2	0
OG_13139	2	1	2	2	1	4	1	1	1	2	1	1	1	1	2
OG_13140	1	1	2	1	1	2	3	1	1	1	1	1	1	1	1
OG_13141	1	2	1	1	4	2	1	1	2	1	2	3	1	1	0
OG_13142	3	0	2	1	1	1	1	1	1	1	1	1	2	1	1
OG_13143	1	0	1	0	0	0	2	0	0	0	0	0	0	0	0
OG_13144	1	1	2	1	1	2	2	2	2	2	1	1	1	0	1
OG_13145	6	1	2	1	1	1	3	1	2	2	1	3	2	1	1
OG_13146	0	1	0	0	0	0	1	0	0	0	0	0	0	0	0
OG_13147	2	1	2	1	1	1	2	1	1	1	1	1	5	1	1
OG_13148	1	1	2	1	1	1	1	1	1	1	1	2	1	1	1
OG_13149	1	2	1	2	1	1	1	1	2	1	1	1	1	1	1
OG_13150	0	0	1	0	0	0	1	0	0	0	0	0	0	0	0
OG_13151	4	1	1	2	1	0	3	1	1	2	1	1	2	0	1
OG_13152	0	0	0	0	0	1	0	0	0	0	0	0	0	2	0
OG_13153	1	0	1	0	0	0	1	0	0	0	0	0	0	0	0
OG_13154	4	0	1	0	0	0	1	0	0	0	0	0	2	0	0
OG_13155	2	0	0	0	0	0	2	0	0	0	0	0	0	0	0
OG_13156	1	1	1	1	0	0	1	1	1	1	0	0	1	0	0
OG_13157	2	1	2	1	2	0	0	1	0	1	0	0	0	0	0
OG_13158	2	2	1	1	2	1	1	1	1	1	1	1	1	1	0
OG_13159	2	1	2	2	1	2	2	1	1	1	2	1	1	0	1
OG_13160	4	2	2	2	1	2	2	1	1	2	1	1	2	1	0
OG_13161	1	0	1	1	1	1	1	1	1	1	1	1	1	1	1
OG_13162	1	1	3	4	1	1	1	1	1	1	1	1	1	1	1
OG_13163	0	0	1	0	0	0	0	0	1	0	0	0	0	0	0
OG_13164	3	1	2	4	2	2	1	1	2	4	1	2	2	1	1
OG_13165	1	1	2	2	1	1	1	1	1	1	3	1	1	2	3
OG_13166	1	3	2	1	1	1	1	1	1	2	1	1	1	1	1
OG_13167	0	0	1	0	0	0	0	0	0	3	0	0	0	0	0
OG_13168	5	1	1	4	1	1	2	2	2	1	1	5	6	1	1
OG_13169	1	1	2	2	1	3	1	1	2	4	1	2	1	1	1
OG_13170	1	1	1	2	2	1	1	1	1	1	1	1	1	1	1
OG_13171	1	2	3	1	1	2	2	1	1	1	2	2	2	2	1
OG_13172	1	1	2	1	1	0	1	1	1	1	1	2	1	0	1
OG_13173	1	1	1	1	1	0	1	1	1	2	1	2	1	0	1
OG_13174	1	1	2	1	1	1	1	1	1	1	2	1	1	1	1
OG_13175	1	1	2	1	1	1	1	1	1	1	1	1	1	1	1
OG_13176	2	1	1	1	1	0	2	1	1	1	0	2	1	0	0
OG_13177	2	1	1	1	2	2	0	1	1	1	1	2	0	2	0
OG_13178	0	0	1	0	0	0	0	0	0	0	0	0	0	1	0
OG_13179	1	2	2	1	1	1	1	1	1	1	1	1	2	1	1
OG_13180	1	1	1	1	1	0	1	1	1	1	1	2	1	0	0
OG_13181	1	1	2	1	1	2	1	1	4	1	1	1	1	1	1
OG_13182	3	1	1	1	1	1	1	1	1	0	1	1	1	1	1
OG_13183	2	1	1	2	1	0	1	1	0	1	1	1	2	0	2
OG_13184	2	2	2	2	1	7	5	1	3	1	0	0	2	1	0
OG_13185	0	3	0	0	1	0	0	1	1	1	1	0	0	0	0
OG_13186	30	2	2	6	2	13	7	3	2	8	3	7	6	1	2
OG_13187	0	0	1	1	0	0	1	0	0	0	0	0	1	0	1
OG_13188	1	1	0	1	1	1	1	1	1	1	1	1	1	1	1
OG_13189	1	1	1	1	1	0	1	1	1	1	0	1	1	0	0
OG_13190	1	1	1	1	1	2	2	1	1	1	1	3	1	0	1
OG_13191	3	2	4	2	2	1	2	2	3	3	3	3	2	2	1
OG_13192	1	1	1	1	2	1	1	1	1	1	1	1	1	2	1
OG_13193	0	1	2	1	1	0	0	1	1	1	0	0	0	0	0
OG_13194	0	1	1	0	0	0	0	0	0	0	0	0	0	0	0
OG_13195	0	1	1	0	1	0	0	1	0	0	0	0	0	0	0
OG_13196	0	1	1	0	0	0	1	0	0	0	0	0	0	0	0
OG_13197	0	1	1	0	1	0	0	1	1	2	0	0	0	0	0
OG_13198	0	1	1	0	0	0	0	0	0	0	0	0	0	0	0
OG_13199	0	1	1	0	1	0	0	1	0	0	0	0	0	0	0
OG_13200	0	1	1	1	0	0	0	1	0	1	0	0	0	0	0
OG_13201	0	1	1	0	1	0	1	1	1	0	0	0	0	0	0
OG_13202	0	1	1	0	1	0	0	1	1	1	0	0	0	0	0
OG_13203	0	1	1	0	1	0	1	1	0	0	0	0	0	0	0
OG_13204	0	1	1	0	0	0	0	0	0	0	0	0	0	0	0
OG_13205	0	1	1	0	1	0	1	1	1	0	0	0	0	0	0
OG_13206	0	1	1	0	1	0	0	1	0	0	0	0	0	0	0
OG_13207	0	1	1	0	0	0	0	0	0	0	0	0	0	0	0
OG_13208	0	8	3	0	0	0	0	0	4	0	0	0	0	0	0
OG_13209	0	1	1	0	1	0	0	1	1	0	0	0	0	0	0
OG_13210	0	1	1	0	0	0	0	0	1	0	0	0	0	0	0
OG_13211	0	1	0	1	1	0	0	1	1	1	2	4	0	0	0
OG_13212	0	1	1	0	1	0	0	1	0	0	0	0	0	0	0
OG_13213	0	1	1	0	0	0	0	0	0	0	0	0	0	0	0
OG_13214	0	1	0	0	5	0	4	1	0	0	0	0	1	0	0
OG_13215	0	0	1	0	1	0	0	0	0	0	0	0	0	0	0
OG_13216	0	1	1	0	2	0	0	1	1	0	0	0	0	0	0
OG_13217	0	1	1	0	1	0	0	1	1	1	0	0	0	0	0
OG_13218	0	1	1	0	0	0	0	0	0	0	0	0	0	0	0
OG_13219	0	1	1	0	0	0	0	1	0	0	0	0	0	0	0
OG_13220	0	1	1	1	1	0	2	1	1	1	0	0	0	0	0
OG_13221	0	1	1	3	1	0	1	1	1	3	0	0	0	0	0
OG_13222	0	1	1	0	1	0	2	1	1	0	0	0	2	0	0
OG_13223	0	1	1	1	1	0	0	1	1	0	0	0	0	0	0
OG_13224	0	1	1	0	1	0	0	1	1	0	0	0	0	0	0
OG_13225	0	1	1	0	1	0	2	1	1	1	0	0	1	0	1
OG_13226	0	1	1	0	0	0	0	0	0	0	0	0	0	0	0
OG_13227	0	1	1	0	1	0	0	1	0	0	0	0	0	0	0
OG_13228	0	1	1	1	1	0	0	1	1	1	0	0	0	0	0
OG_13229	0	1	1	0	1	0	1	1	1	0	0	0	1	0	0
OG_13230	0	1	1	0	0	0	0	1	1	0	0	0	0	0	0
OG_13231	4	1	1	2	1	0	4	1	1	1	0	0	4	0	0
OG_13232	0	1	1	0	0	0	0	1	1	0	0	0	0	0	0
OG_13233	0	0	1	0	0	0	0	1	0	0	0	0	0	0	0
OG_13234	0	0	1	0	0	0	0	0	0	0	0	0	2	0	0
OG_13235	0	0	2	0	1	0	0	0	0	0	0	0	0	0	0
OG_13236	0	0	6	0	0	0	0	0	0	0	0	0	11	0	0
OG_13237	0	3	14	1	1	0	0	1	5	1	0	0	2	0	0
OG_13238	0	0	3	0	1	0	0	0	0	0	0	0	0	0	0
OG_13239	0	0	2	0	1	0	0	0	0	0	0	0	0	0	0
OG_13240	0	0	2	0	1	0	0	0	0	0	0	0	0	0	0
OG_13241	0	0	2	0	1	0	0	0	0	0	0	0	0	0	0
OG_13242	0	0	1	0	1	0	0	0	0	0	0	0	0	0	0
OG_13243	0	1	6	0	0	0	0	0	0	0	0	0	0	0	0
OG_13244	2	1	2	2	1	0	2	1	1	1	1	5	2	0	1
OG_13245	0	0	1	0	1	0	0	0	0	0	0	0	0	0	0
OG_13246	2	1	1	1	1	0	5	1	1	2	1	0	2	0	1
OG_13247	0	0	2	0	0	0	0	0	0	0	1	0	0	0	0
OG_13248	0	0	9	0	0	0	0	0	0	0	0	0	0	2	0
OG_13249	0	0	1	0	0	0	0	1	1	0	0	0	0	0	0
OG_13250	0	0	6	0	1	0	0	0	0	0	0	0	0	0	0
OG_13251	2	1	13	0	0	0	2	0	0	0	0	0	4	0	0
OG_13252	0	0	1	0	0	0	1	0	0	0	0	0	0	0	0
OG_13253	2	2	4	1	1	1	1	1	1	1	1	1	1	1	1
OG_13254	0	12	0	2	2	0	1	4	8	4	0	0	0	0	0
OG_13255	0	4	0	0	2	0	0	1	2	0	0	0	0	0	0
OG_13256	0	0	1	0	1	0	0	1	0	0	0	0	0	0	0
OG_13257	0	0	1	0	0	0	0	0	1	0	0	0	0	0	0
OG_13258	0	1	0	2	0	0	1	2	1	1	0	0	0	0	0
OG_13259	0	0	2	0	1	0	0	1	1	0	0	0	0	0	0
OG_13260	0	0	1	0	0	0	0	0	1	0	0	0	0	0	0
OG_13261	0	0	1	0	1	0	1	1	0	0	0	0	0	0	0
OG_13262	0	0	12	0	2	0	0	0	1	0	0	0	0	0	0
OG_13263	0	0	1	0	1	0	0	0	0	0	0	0	0	0	0
OG_13264	0	0	1	0	0	0	0	0	1	0	0	0	0	0	0
OG_13265	0	0	6	0	0	0	0	0	0	0	0	0	0	0	2
OG_13266	0	0	3	0	0	0	0	0	2	0	0	0	0	0	0
OG_13267	0	2	0	1	1	0	0	2	1	1	0	0	0	0	0
OG_13268	0	0	3	0	1	0	0	0	0	0	0	0	0	0	0
OG_13269	0	0	6	0	2	0	0	0	0	0	0	0	0	0	0
OG_13270	0	0	5	0	0	0	0	0	1	0	0	0	0	0	0
OG_13271	0	0	6	0	1	0	0	0	0	0	0	0	0	0	0
OG_13272	0	0	1	0	0	0	1	0	0	0	0	0	0	0	0
OG_13273	0	0	1	0	1	0	0	0	0	0	0	0	0	0	0
OG_13274	0	0	1	0	2	0	0	0	0	0	0	0	0	0	0
OG_13275	0	0	1	0	2	0	0	0	0	0	0	0	0	0	0
OG_13276	1	1	1	1	1	1	1	2	1	1	1	3	1	1	1
OG_13277	1	1	7	1	2	1	1	2	1	1	1	2	1	0	3
OG_13278	0	5	0	0	4	0	2	2	2	0	0	0	2	0	0
OG_13279	0	0	0	0	0	0	3	0	0	0	0	0	4	0	0
OG_13280	0	0	1	0	1	0	0	1	0	0	0	0	0	0	0
OG_13281	0	0	1	0	0	0	3	0	1	0	0	0	0	0	0
OG_13282	0	2	0	0	0	0	0	3	2	0	0	0	0	0	0
OG_13283	0	0	4	0	0	0	1	0	0	0	0	0	3	0	0
OG_13284	1	1	2	4	1	1	1	1	1	2	3	4	1	1	2
OG_13285	0	0	1	0	0	0	0	1	0	0	0	0	0	0	0
OG_13286	0	0	2	0	1	0	0	0	0	0	0	0	0	0	0
OG_13287	0	0	1	0	0	0	0	0	1	0	0	0	0	0	0
OG_13288	0	0	11	0	1	0	0	0	0	0	0	0	0	0	0
OG_13289	0	0	1	0	0	0	0	0	1	0	0	0	0	0	0
OG_13290	0	1	6	0	0	0	0	0	2	0	0	0	1	0	0
OG_13291	0	2	1	0	0	0	0	0	1	0	0	0	0	0	0
OG_13292	0	0	1	0	1	0	0	0	0	0	0	0	0	0	0
OG_13293	0	0	2	0	0	0	0	0	0	0	0	0	1	0	0
OG_13294	0	0	1	0	0	0	0	1	0	0	0	0	0	0	0
OG_13295	0	0	1	0	1	0	0	1	0	0	0	0	0	0	0
OG_13296	3	7	0	2	10	0	1	8	5	9	0	0	4	0	0
OG_13297	0	0	1	0	0	0	0	0	1	0	0	0	0	0	0
OG_13298	0	0	1	0	1	0	0	0	0	0	0	0	0	0	0
OG_13299	1	0	0	0	0	0	3	0	0	0	0	0	2	0	0
OG_13300	6	0	3	0	0	0	3	0	0	0	0	0	5	0	0
OG_13301	1	0	0	0	0	0	2	0	0	0	0	0	1	0	0
OG_13302	0	0	1	0	1	0	0	0	0	0	0	0	0	0	0
OG_13303	0	0	1	0	0	0	1	0	0	0	0	0	0	0	0
OG_13304	0	0	1	0	1	0	0	1	0	0	0	0	0	0	0
OG_13305	0	0	1	0	2	0	0	0	0	0	0	0	0	0	0
OG_13306	0	0	7	0	5	0	0	0	0	0	0	0	0	0	0
OG_13307	0	5	0	0	2	0	0	0	1	0	0	0	0	0	0
OG_13308	1	2	1	1	1	1	3	1	1	1	1	1	1	1	0
OG_13309	0	0	0	1	0	0	0	4	0	0	0	0	0	0	0
OG_13310	0	0	1	0	0	0	0	0	1	0	0	0	0	0	0
OG_13311	0	0	7	0	1	0	0	0	0	0	0	0	0	0	0
OG_13312	0	6	0	0	0	0	1	0	1	0	0	2	1	0	0
OG_13313	0	1	0	0	1	0	2	1	1	0	0	0	2	0	0
OG_13314	0	0	1	0	5	0	0	0	0	0	0	0	0	0	0
OG_13315	0	0	1	0	0	0	0	1	1	0	0	0	0	0	0
OG_13316	1	2	1	1	1	2	1	1	1	1	1	5	1	1	1
OG_13317	1	1	1	2	1	1	1	1	1	1	1	3	2	2	1
OG_13318	8	2	1	1	1	0	4	0	0	0	1	0	3	0	0
OG_13319	9	13	9	7	12	15	7	5	11	8	8	6	6	4	2
OG_13320	3	2	1	6	1	0	2	1	1	1	2	2	1	0	1
OG_13321	2	1	2	3	1	0	2	1	1	1	4	1	1	0	0
OG_13322	10	3	2	1	2	2	3	1	1	1	1	2	2	1	2
OG_13323	1	1	1	1	1	1	1	1	1	1	1	2	1	1	1
OG_13324	1	2	1	1	1	1	1	1	1	1	1	2	1	0	1
OG_13325	1	1	1	3	1	0	1	1	2	1	2	1	1	0	0
OG_13326	1	1	2	1	1	1	1	1	1	1	1	2	1	2	1
OG_13327	1	1	1	1	1	0	1	1	1	1	0	0	1	0	0
OG_13328	1	1	1	1	1	0	1	1	2	1	1	1	1	0	0
OG_13329	2	1	1	2	1	3	1	1	2	1	1	1	1	1	1
OG_13330	1	1	1	1	1	0	1	1	1	1	0	0	2	0	0
OG_13331	0	0	0	0	0	1	0	0	0	0	1	1	0	0	1
OG_13332	1	3	1	2	1	3	1	1	1	1	1	3	1	1	1
OG_13333	0	1	1	0	0	0	0	0	0	0	0	0	0	0	0
OG_13334	0	1	0	1	0	0	0	0	0	1	0	0	0	3	0
OG_13335	2	4	1	1	1	1	1	1	1	1	1	1	1	1	1
OG_13336	2	7	1	3	1	1	1	1	0	2	1	1	1	1	1
OG_13337	0	1	0	1	1	0	0	0	0	0	0	0	0	0	0
OG_13338	1	2	1	1	1	1	1	2	1	1	1	1	1	1	1
OG_13339	2	1	2	2	1	5	2	1	2	1	3	1	1	1	0
OG_13340	0	1	0	0	0	0	0	0	0	0	0	0	0	0	1
OG_13341	1	2	1	1	1	2	1	1	2	1	1	1	1	1	1
OG_13342	8	2	1	2	1	1	3	1	1	1	2	2	3	1	1
OG_13343	1	1	2	1	1	1	1	1	1	1	1	3	0	3	1
OG_13344	1	1	1	1	1	0	1	1	1	1	1	0	1	0	0
OG_13345	4	1	1	2	1	1	2	1	1	1	2	1	2	1	1
OG_13346	1	2	1	1	1	0	2	1	1	1	1	2	1	0	1
OG_13347	2	2	3	3	1	0	1	1	1	1	1	2	1	0	0
OG_13348	2	2	2	4	1	1	1	1	1	1	1	1	1	1	1
OG_13349	1	1	1	2	1	1	1	1	1	1	1	1	2	1	1
OG_13350	2	0	0	3	1	0	1	1	0	1	1	2	1	0	0
OG_13351	1	2	1	2	1	0	1	1	2	1	0	0	1	0	0
OG_13352	0	1	1	0	0	0	0	0	1	0	0	0	2	0	0
OG_13353	1	1	0	0	0	0	1	0	0	0	0	0	1	0	0
OG_13354	6	1	1	2	1	2	1	1	1	3	1	1	1	1	2
OG_13355	1	2	1	1	1	0	1	1	1	1	0	0	1	0	0
OG_13356	19	2	1	6	1	6	7	1	2	5	5	19	6	1	0
OG_13357	3	1	1	1	1	0	1	1	1	1	0	0	1	0	0
OG_13358	3	2	1	0	3	1	3	1	1	1	3	4	4	1	4
OG_13359	0	1	0	0	1	0	0	1	0	1	0	0	0	0	0
OG_13360	2	1	1	1	1	1	1	1	1	1	1	11	1	2	2
OG_13361	11	2	1	1	1	2	3	1	1	1	1	1	3	1	1
OG_13362	1	2	1	2	1	0	1	1	2	1	0	3	1	0	0
OG_13363	1	2	1	1	1	2	1	1	1	1	2	1	1	3	1
OG_13364	0	1	0	0	0	0	0	0	0	1	0	0	0	0	0
OG_13365	3	2	2	1	1	2	4	1	2	3	1	2	5	5	1
OG_13366	1	2	1	2	1	0	2	1	1	1	1	1	2	0	1
OG_13367	1	2	1	2	1	1	1	1	1	1	1	1	1	1	1
OG_13368	2	1	1	1	1	1	1	1	1	1	1	1	1	2	1
OG_13369	1	2	1	2	1	1	1	1	1	1	1	1	1	1	1
OG_13370	1	2	1	1	1	1	1	1	4	1	1	1	1	1	2
OG_13371	1	3	2	0	1	0	1	0	2	0	0	0	0	0	0
OG_13372	3	2	1	1	1	1	2	1	2	1	2	2	3	1	1
OG_13373	0	1	0	0	0	0	0	0	0	0	1	0	0	0	0
OG_13374	1	2	1	1	1	1	1	2	1	1	1	1	1	1	0
OG_13375	2	1	1	0	1	0	1	0	1	0	0	0	1	0	0
OG_13376	0	1	0	0	0	0	0	0	1	0	0	0	0	0	0
OG_13377	2	2	1	1	1	2	1	1	1	1	1	1	1	1	1
OG_13378	4	2	1	1	2	2	4	1	1	2	3	2	3	1	1
OG_13379	0	2	0	0	0	0	0	1	1	1	0	0	0	0	0
OG_13380	0	1	0	0	0	0	0	1	1	0	0	0	0	0	0
OG_13381	0	1	0	0	0	0	0	0	1	0	0	0	0	0	0
OG_13382	0	1	0	0	1	0	0	0	1	0	1	0	0	0	0
OG_13383	0	1	0	0	1	0	0	0	1	2	0	0	0	0	0
OG_13384	0	1	0	0	0	0	3	0	0	0	0	0	3	0	0
OG_13385	0	1	0	0	1	0	0	1	0	0	0	0	0	0	0
OG_13386	0	1	0	0	0	0	0	0	1	0	0	0	0	0	0
OG_13387	0	1	0	0	0	0	0	0	1	0	0	0	0	0	0
OG_13388	0	1	1	0	0	0	0	0	0	0	0	0	0	0	0
OG_13389	0	1	0	0	0	0	0	1	1	0	0	0	0	0	0
OG_13390	0	1	0	0	0	0	1	0	0	0	0	0	0	0	0
OG_13391	0	1	0	1	0	0	0	1	3	1	0	0	0	0	0
OG_13392	0	1	0	0	1	0	0	0	0	0	0	0	0	0	0
OG_13393	0	1	0	1	1	0	0	1	1	1	0	0	0	0	0
OG_13394	1	1	1	2	1	0	1	1	1	1	2	1	1	0	0
OG_13395	0	4	0	1	1	2	0	1	1	1	0	1	0	0	0
OG_13396	0	3	2	2	2	0	0	3	2	2	1	2	0	0	0
OG_13397	0	1	0	1	0	0	0	1	1	1	0	0	0	0	0
OG_13398	0	1	0	0	1	0	0	0	1	0	0	0	0	0	0
OG_13399	0	1	1	0	1	0	1	1	1	0	1	2	1	0	0
OG_13400	0	1	0	0	1	0	0	1	1	0	0	0	0	0	0
OG_13401	0	1	0	1	1	0	1	2	0	0	0	0	0	0	0
OG_13402	0	1	0	0	0	0	0	0	1	0	0	0	0	0	0
OG_13403	0	1	0	1	0	0	0	1	1	1	0	0	0	0	0
OG_13404	0	5	0	0	1	0	0	1	1	0	0	0	0	0	0
OG_13405	0	1	0	0	0	0	0	0	1	0	0	0	0	0	0
OG_13406	0	1	0	0	0	0	0	0	1	0	0	0	0	0	0
OG_13407	0	5	2	2	2	0	1	2	11	1	1	3	0	0	0
OG_13408	0	1	0	0	1	0	0	1	0	0	0	0	0	0	0
OG_13409	0	1	0	0	1	0	0	0	1	0	0	0	0	0	0
OG_13410	0	1	0	0	0	0	0	1	0	0	0	0	0	0	0
OG_13411	0	1	0	0	0	2	0	0	0	0	0	0	0	0	0
OG_13412	0	1	0	0	0	0	0	1	0	0	0	0	0	0	0
OG_13413	0	1	0	0	1	0	0	0	0	0	0	0	0	0	0
OG_13414	0	1	0	2	0	0	0	1	1	1	0	0	0	0	0
OG_13415	0	3	0	0	0	0	0	3	0	0	0	0	0	0	0
OG_13416	0	1	0	0	0	0	0	1	0	0	0	0	0	0	0
OG_13417	0	2	0	0	0	0	0	1	0	0	0	0	0	0	0
OG_13418	0	1	0	0	0	0	0	1	0	0	0	0	0	0	0
OG_13419	0	1	0	0	1	0	0	0	0	0	0	0	0	0	0
OG_13420	0	1	0	0	0	0	0	0	1	0	0	0	0	0	0
OG_13421	0	1	0	0	0	0	0	0	1	0	0	0	0	0	0
OG_13422	1	1	1	1	1	1	1	1	2	1	2	1	1	1	1
OG_13423	0	1	0	0	0	0	0	0	1	0	0	0	0	0	0
OG_13424	0	1	0	0	0	0	0	1	0	0	0	0	0	0	0
OG_13425	0	2	0	2	0	0	0	1	2	2	0	0	0	0	0
OG_13426	2	1	6	1	0	0	3	1	1	2	0	0	2	0	0
OG_13427	0	1	0	0	1	0	0	1	1	0	0	0	0	0	0
OG_13428	0	1	0	0	1	0	0	0	0	0	0	0	0	0	0
OG_13429	0	2	0	3	1	0	0	1	1	4	2	8	0	0	0
OG_13430	0	1	0	0	1	0	0	1	1	1	0	0	0	0	0
OG_13431	0	1	0	0	1	0	0	0	1	0	0	0	0	0	0
OG_13432	0	1	0	0	1	0	0	1	1	0	0	0	0	0	0
OG_13433	0	1	0	2	0	0	0	1	1	2	0	0	0	0	0
OG_13434	0	1	0	0	1	0	0	1	1	0	0	0	0	0	0
OG_13435	0	1	0	0	1	0	0	0	1	0	0	0	0	0	0
OG_13436	0	1	0	0	1	0	0	0	0	0	0	0	0	0	0
OG_13437	0	1	0	0	1	0	0	0	0	0	0	0	0	0	0
OG_13438	0	1	0	0	1	0	0	0	1	0	0	0	0	0	0
OG_13439	0	1	0	6	1	0	0	1	1	1	0	0	0	0	0
OG_13440	0	1	4	1	1	0	1	1	1	0	0	0	1	0	0
OG_13441	0	1	0	1	0	0	0	1	0	0	0	0	0	0	0
OG_13442	0	1	0	0	1	0	0	0	1	0	0	0	0	0	0
OG_13443	0	1	0	1	0	0	0	1	2	1	0	0	0	0	0
OG_13444	0	1	0	1	1	0	0	1	1	1	0	0	0	0	0
OG_13445	0	1	1	1	1	0	2	1	0	1	0	0	1	0	0
OG_13446	0	1	0	0	1	0	0	1	0	0	0	0	0	0	0
OG_13447	0	1	0	0	1	0	0	1	1	0	0	0	0	0	0
OG_13448	0	1	0	0	1	0	0	0	1	0	0	0	0	0	0
OG_13449	0	2	0	0	0	0	0	0	1	0	0	0	0	0	0
OG_13450	0	1	0	1	0	0	0	1	1	0	0	0	0	0	0
OG_13451	0	1	0	0	0	0	0	1	0	0	0	0	0	0	0
OG_13452	0	1	0	0	0	0	0	1	0	0	0	0	0	0	0
OG_13453	0	1	0	1	0	0	0	1	1	1	0	0	0	0	0
OG_13454	0	1	0	0	0	0	1	0	0	0	0	0	1	0	0
OG_13455	0	1	0	0	0	0	0	1	1	0	0	0	0	0	0
OG_13456	2	3	1	2	1	0	2	2	1	1	0	0	0	0	0
OG_13457	0	1	2	0	1	0	1	1	0	0	0	3	2	0	0
OG_13458	0	1	6	0	0	0	0	0	0	0	0	0	0	0	0
OG_13459	0	1	0	0	1	0	0	0	1	0	0	0	0	0	0
OG_13460	0	1	0	2	0	0	0	1	1	1	0	0	0	0	0
OG_13461	0	1	0	0	1	0	0	0	0	0	0	0	0	0	0
OG_13462	0	1	0	0	0	0	0	0	1	0	0	0	0	0	0
OG_13463	0	1	0	0	0	0	0	0	1	0	0	0	0	0	0
OG_13464	0	1	0	0	1	0	0	0	0	0	0	0	0	0	0
OG_13465	0	1	0	1	1	0	0	1	1	1	0	0	0	0	0
OG_13466	0	2	0	1	0	0	0	2	1	1	0	0	0	0	0
OG_13467	0	1	0	0	1	0	0	0	0	0	0	0	0	0	0
OG_13468	0	2	0	0	0	0	0	0	1	0	0	0	0	0	0
OG_13469	0	1	0	1	1	0	0	1	1	1	0	1	0	0	0
OG_13470	0	3	0	0	1	0	0	0	0	0	1	0	0	0	0
OG_13471	2	1	1	0	2	0	2	5	1	0	0	0	1	0	0
OG_13472	0	0	2	0	5	0	3	1	1	0	0	0	2	0	0
OG_13473	0	0	0	0	0	0	2	0	0	0	0	0	2	0	0
OG_13474	0	2	0	0	0	0	0	1	4	0	0	0	0	0	0
OG_13475	0	2	0	0	2	0	0	2	1	0	0	0	0	0	0
OG_13476	0	1	0	0	0	0	0	2	2	0	0	0	0	0	0
OG_13477	0	0	0	0	0	0	2	0	0	0	0	0	1	0	0
OG_13478	0	1	0	1	1	0	0	1	1	1	1	0	0	0	0
OG_13479	0	1	0	0	0	0	0	0	2	0	0	0	0	0	0
OG_13480	0	1	0	0	1	0	0	0	1	0	0	0	0	0	0
OG_13481	0	1	0	0	0	0	0	0	1	0	0	0	0	0	0
OG_13482	0	1	0	0	0	0	0	0	1	0	0	0	0	0	0
OG_13483	0	1	0	0	0	0	0	1	0	0	0	0	0	0	0
OG_13484	0	1	0	1	0	0	0	0	1	0	0	0	0	0	0
OG_13485	0	1	0	0	0	0	0	1	0	0	0	0	0	0	0
OG_13486	0	1	0	0	0	0	0	1	1	0	0	0	0	0	0
OG_13487	0	1	0	0	1	0	0	1	0	0	0	0	0	0	0
OG_13488	0	1	0	0	1	0	0	0	1	0	0	0	0	0	0
OG_13489	0	1	0	0	1	0	0	0	1	0	0	0	0	0	0
OG_13490	0	1	0	0	1	0	0	1	0	0	0	0	0	0	0
OG_13491	0	1	0	0	1	0	0	1	1	0	0	0	0	0	0
OG_13492	0	1	0	0	1	0	0	1	0	0	0	0	0	0	0
OG_13493	0	1	0	0	1	0	0	1	0	0	0	0	0	0	0
OG_13494	0	1	0	0	1	0	0	1	0	0	0	0	0	0	0
OG_13495	0	1	0	1	1	0	0	1	1	1	0	0	0	0	0
OG_13496	0	1	0	1	0	0	0	1	0	1	0	0	0	0	0
OG_13497	0	1	0	0	0	0	0	1	1	0	0	0	0	0	0
OG_13498	0	1	0	1	0	0	0	1	1	1	0	0	0	0	0
OG_13499	0	1	0	0	1	0	0	1	1	1	0	0	0	0	0
OG_13500	0	1	0	2	0	0	0	3	0	2	0	0	0	0	0
OG_13501	0	4	0	0	0	0	0	0	1	0	0	0	0	0	0
OG_13502	0	7	0	0	0	0	0	0	4	0	0	0	0	0	0
OG_13503	0	0	0	0	0	0	0	2	0	1	0	0	0	0	0
OG_13504	2	1	1	2	1	1	1	1	1	1	1	1	1	1	2
OG_13505	2	3	2	3	1	0	2	3	1	4	1	1	2	0	1
OG_13506	0	1	0	0	0	0	0	1	0	0	0	0	0	0	0
OG_13507	0	1	0	0	0	0	0	0	2	0	0	0	0	0	0
OG_13508	0	1	0	0	1	0	0	0	1	0	0	0	0	0	0
OG_13509	0	1	0	1	0	0	0	1	1	0	0	0	0	0	0
OG_13510	0	1	0	0	0	0	1	0	0	0	0	0	0	0	0
OG_13511	0	1	0	2	1	0	0	1	1	1	0	0	0	0	0
OG_13512	0	1	0	0	0	0	0	1	0	0	0	0	0	0	0
OG_13513	0	1	0	0	1	0	0	1	0	0	0	0	0	0	0
OG_13514	0	1	0	0	0	0	0	0	1	0	0	0	0	0	0
OG_13515	0	1	0	0	1	0	0	0	1	0	0	0	0	0	0
OG_13516	0	1	0	0	0	0	0	0	1	0	0	0	0	0	0
OG_13517	0	1	0	0	0	0	0	1	0	0	0	0	0	0	0
OG_13518	0	1	0	0	0	0	1	0	0	0	0	0	0	0	0
OG_13519	0	1	0	0	0	0	0	0	1	0	0	0	0	0	0
OG_13520	0	1	0	0	0	0	0	0	1	0	0	0	0	0	0
OG_13521	0	1	0	0	1	0	0	0	0	0	0	0	0	0	0
OG_13522	0	0	1	0	0	0	2	0	0	0	0	0	2	0	0
OG_13523	0	1	0	0	0	0	0	1	1	0	0	0	0	0	0
OG_13524	4	2	2	5	1	1	2	1	1	3	2	2	2	3	0
OG_13525	0	0	0	0	0	3	0	0	0	0	0	0	0	12	0
OG_13526	0	1	0	0	0	0	0	1	1	0	0	0	0	0	0
OG_13527	0	1	0	0	1	0	0	1	1	0	0	0	0	0	0
OG_13528	0	1	0	0	0	0	0	1	0	1	0	0	0	0	0
OG_13529	0	1	0	0	0	0	0	0	1	0	0	0	0	0	0
OG_13530	0	0	0	2	0	0	0	1	0	4	0	0	0	0	0
OG_13531	0	1	0	0	0	0	0	1	0	1	0	0	0	0	0
OG_13532	0	1	0	0	0	0	0	0	1	0	0	0	0	0	0
OG_13533	0	1	2	0	1	0	1	1	1	1	0	0	1	0	0
OG_13534	0	1	0	0	1	0	0	0	0	0	0	0	0	0	0
OG_13535	0	1	0	0	2	0	0	0	0	0	0	0	0	0	0
OG_13536	0	1	0	0	0	0	0	1	1	1	0	0	0	0	0
OG_13537	0	5	0	2	5	0	2	3	3	2	1	0	2	0	0
OG_13538	0	1	0	1	1	0	0	1	1	0	0	0	0	0	0
OG_13539	0	1	0	0	0	0	0	1	1	0	0	0	0	0	0
OG_13540	0	1	0	0	1	0	0	1	0	0	0	0	0	0	0
OG_13541	1	2	1	1	1	1	2	1	2	1	1	1	2	1	2
OG_13542	0	1	0	1	0	0	0	1	1	1	0	0	0	0	0
OG_13543	0	1	0	0	0	0	0	1	0	0	0	0	0	0	0
OG_13544	0	2	0	0	1	0	0	0	0	0	0	0	0	0	0
OG_13545	0	1	0	0	0	0	0	0	1	0	0	0	0	0	0
OG_13546	0	1	0	0	0	0	0	0	1	0	0	0	0	0	0
OG_13547	0	1	0	0	0	0	0	0	1	0	0	0	0	0	0
OG_13548	0	1	0	0	0	0	0	2	1	0	0	0	0	0	0
OG_13549	0	2	0	0	0	0	0	0	1	0	0	0	0	0	0
OG_13550	0	1	0	0	1	0	0	1	0	0	0	0	0	0	0
OG_13551	0	1	0	1	1	0	0	1	1	2	0	0	0	0	0
OG_13552	0	1	0	0	0	0	0	1	0	0	0	0	0	0	0
OG_13553	0	1	0	0	0	0	0	1	0	0	0	0	0	0	0
OG_13554	0	1	0	9	0	0	0	2	0	1	0	0	0	0	0
OG_13555	0	1	0	0	0	0	0	1	0	0	0	0	0	0	0
OG_13556	0	1	0	0	1	0	0	1	1	0	0	0	0	0	0
OG_13557	0	1	0	1	0	0	0	1	1	0	0	0	0	0	0
OG_13558	0	1	0	1	1	0	0	1	1	0	0	0	0	0	0
OG_13559	0	1	0	0	1	0	0	0	0	0	0	0	0	0	0
OG_13560	0	1	0	0	1	0	0	1	1	0	0	0	0	0	0
OG_13561	0	2	0	0	1	0	0	0	0	0	0	0	0	0	0
OG_13562	0	1	0	0	0	0	0	0	1	0	0	0	0	0	0
OG_13563	0	1	0	1	0	0	0	1	1	1	0	0	0	0	0
OG_13564	0	1	0	0	0	0	0	0	1	0	0	0	0	0	0
OG_13565	0	1	0	0	0	0	0	1	1	0	0	0	0	0	0
OG_13566	0	1	0	0	0	0	0	0	1	0	0	0	0	0	0
OG_13567	1	2	1	1	1	1	1	1	1	1	1	3	1	0	1
OG_13568	1	2	1	1	1	0	1	4	1	1	3	2	2	0	0
OG_13569	0	1	0	0	1	0	0	1	1	0	0	0	0	0	0
OG_13570	0	1	0	2	1	0	0	1	1	1	0	0	0	0	0
OG_13571	0	1	0	2	1	0	0	1	1	1	0	0	0	0	0
OG_13572	0	1	0	0	0	0	0	1	0	0	0	0	0	0	0
OG_13573	0	3	0	0	0	0	0	2	1	0	0	0	0	0	0
OG_13574	0	1	0	0	0	0	0	0	1	0	0	0	0	0	0
OG_13575	0	1	0	0	1	0	0	1	1	0	0	0	0	0	0
OG_13576	0	0	0	1	0	0	0	1	1	1	0	0	0	0	0
OG_13577	0	1	0	0	1	0	0	1	0	0	0	0	0	0	0
OG_13578	0	1	0	0	0	0	0	0	1	0	0	0	0	0	0
OG_13579	0	5	0	0	1	0	0	0	0	0	0	0	0	0	0
OG_13580	0	1	0	0	0	0	0	0	1	0	0	0	0	0	0
OG_13581	0	1	0	0	1	0	0	0	0	0	0	0	0	0	0
OG_13582	0	1	0	0	1	0	0	0	0	0	0	0	0	0	0
OG_13583	0	1	0	1	0	0	0	1	0	1	0	0	0	0	0
OG_13584	0	1	0	0	0	0	0	1	0	0	0	0	0	0	0
OG_13585	0	1	0	0	0	0	0	0	1	0	0	0	0	0	0
OG_13586	0	10	1	1	6	0	1	6	9	1	0	0	1	0	0
OG_13587	0	1	0	0	1	0	0	1	1	0	0	0	0	0	0
OG_13588	0	1	0	0	0	0	1	0	1	0	0	1	0	0	0
OG_13589	0	1	0	4	1	0	0	1	1	1	0	0	0	0	0
OG_13590	0	4	0	0	0	0	0	1	0	0	0	0	0	0	0
OG_13591	0	0	0	0	0	0	0	1	0	1	0	0	0	0	0
OG_13592	0	0	0	1	0	0	0	1	1	1	0	0	0	0	0
OG_13593	0	2	0	0	0	0	0	0	1	0	0	0	0	0	0
OG_13594	0	2	0	2	0	0	0	1	0	1	0	2	0	0	0
OG_13595	0	1	0	0	1	0	0	0	0	0	0	0	0	0	0
OG_13596	0	1	0	3	0	0	0	1	1	3	0	0	0	0	0
OG_13597	10	1	1	0	1	0	5	0	1	0	0	0	1	0	0
OG_13598	0	0	0	1	1	0	0	1	2	2	0	0	0	0	0
OG_13599	0	2	0	0	1	0	0	0	0	0	0	0	0	0	0
OG_13600	0	1	0	0	0	0	0	1	0	0	0	0	0	0	0
OG_13601	0	1	0	0	0	0	0	0	1	0	0	0	0	0	0
OG_13602	0	1	0	0	0	0	0	1	0	0	0	0	0	0	0
OG_13603	0	1	0	0	1	0	0	0	1	0	0	0	0	0	0
OG_13604	0	1	0	0	0	0	1	0	0	0	0	0	0	0	0
OG_13605	0	1	0	0	0	0	0	1	1	0	0	0	0	0	0
OG_13606	0	1	1	0	3	0	0	1	1	0	0	0	1	0	0
OG_13607	0	1	0	0	0	0	0	0	2	0	0	0	0	0	0
OG_13608	0	1	0	0	0	0	0	0	1	0	0	0	0	0	0
OG_13609	0	1	0	0	0	0	0	0	1	0	0	0	0	0	0
OG_13610	0	1	0	1	1	0	0	1	1	0	0	0	0	0	0
OG_13611	0	2	0	2	0	0	0	1	2	1	0	0	0	0	0
OG_13612	0	1	0	0	0	0	0	1	1	0	0	0	0	0	0
OG_13613	0	1	0	0	0	0	0	0	1	1	0	0	0	0	0
OG_13614	0	1	0	0	1	0	0	1	1	1	0	0	0	0	0
OG_13615	0	1	0	0	0	0	1	1	1	0	0	0	0	0	0
OG_13616	0	1	0	0	1	0	0	0	0	0	0	0	0	0	0
OG_13617	0	1	0	0	0	0	0	0	1	0	0	0	0	0	0
OG_13618	0	1	0	0	1	0	0	1	0	0	0	0	0	0	0
OG_13619	0	1	1	0	0	0	0	0	0	0	0	0	0	0	0
OG_13620	0	1	0	4	1	0	0	1	1	0	0	0	0	0	0
OG_13621	0	1	0	0	0	0	0	0	1	0	0	0	0	0	0
OG_13622	0	1	0	0	1	0	0	0	0	0	0	0	0	0	0
OG_13623	0	1	0	0	0	0	0	1	0	0	0	0	0	0	0
OG_13624	0	1	0	1	0	0	0	1	0	1	0	0	0	0	0
OG_13625	0	1	0	0	0	0	0	0	1	0	0	0	0	0	0
OG_13626	0	1	0	0	1	0	0	1	1	0	0	0	0	0	0
OG_13627	0	1	0	0	0	0	0	0	1	0	0	0	0	0	0
OG_13628	0	1	0	0	0	0	0	0	1	0	0	0	0	0	0
OG_13629	0	3	0	0	0	0	0	0	1	0	0	0	0	0	0
OG_13630	0	1	0	0	0	0	0	0	0	0	0	0	3	0	0
OG_13631	0	1	0	3	1	0	0	1	1	1	0	0	0	0	0
OG_13632	0	1	0	0	0	0	0	0	1	0	0	0	0	0	0
OG_13633	2	1	1	1	1	1	1	1	1	1	1	1	1	1	1
OG_13634	1	1	1	1	2	1	1	1	1	1	1	3	1	1	1
OG_13635	4	1	1	1	2	0	2	1	1	2	1	2	1	0	0
OG_13636	1	1	1	1	2	1	1	1	2	1	1	1	1	1	2
OG_13637	1	0	1	1	2	3	1	1	1	1	1	1	2	1	1
OG_13638	1	1	1	2	1	1	1	1	2	1	1	1	1	1	1
OG_13639	1	1	1	1	3	1	1	1	2	1	1	1	1	0	1
OG_13640	4	2	1	1	2	1	1	1	3	1	8	2	1	1	1
OG_13641	1	1	1	2	1	0	1	1	1	1	0	1	1	0	1
OG_13642	2	1	1	5	2	1	1	1	1	3	1	1	2	1	0
OG_13643	1	2	1	2	2	1	1	1	3	1	3	1	1	1	1
OG_13644	1	2	1	1	2	0	1	1	1	1	0	0	1	0	0
OG_13645	2	1	1	2	4	0	1	0	1	1	1	3	1	0	0
OG_13646	1	1	1	3	1	0	1	1	1	2	0	0	1	0	0
OG_13647	2	1	1	1	2	1	2	1	1	1	1	3	1	1	2
OG_13648	0	0	1	0	0	2	0	0	0	0	0	0	0	1	0
OG_13649	1	0	1	1	2	1	1	1	2	1	3	1	1	1	1
OG_13650	2	1	2	1	2	1	2	1	1	1	1	1	2	1	3
OG_13651	2	1	1	2	0	4	2	1	1	3	1	1	2	1	1
OG_13652	1	1	1	1	3	1	1	1	1	2	2	2	1	2	1
OG_13653	2	1	1	1	2	2	2	1	1	1	3	1	2	1	0
OG_13654	3	2	1	1	2	1	2	1	0	1	1	1	1	1	1
OG_13655	1	1	1	3	2	0	1	1	1	1	0	0	1	0	0
OG_13656	0	0	0	0	0	2	0	0	0	0	0	0	0	1	0
OG_13657	1	1	1	1	1	1	1	1	1	1	0	1	1	1	1
OG_13658	2	1	1	1	2	2	1	1	3	1	1	2	1	1	1
OG_13659	1	1	1	1	2	0	1	1	1	1	2	2	1	0	1
OG_13660	1	1	1	2	2	1	2	1	1	2	1	1	4	0	1
OG_13661	1	1	1	2	1	1	1	1	1	1	1	1	1	1	1
OG_13662	1	1	1	1	2	1	1	1	1	1	1	2	1	1	1
OG_13663	0	0	0	0	1	0	0	1	0	0	2	0	0	0	0
OG_13664	2	1	1	1	1	1	1	1	1	1	1	2	1	1	1
OG_13665	2	1	1	1	3	1	1	1	2	1	2	1	1	1	1
OG_13666	1	3	1	1	2	1	2	1	1	2	1	2	2	2	1
OG_13667	1	1	2	1	1	2	1	1	1	1	1	1	1	2	1
OG_13668	1	1	1	1	2	6	3	1	1	1	1	1	3	1	1
OG_13669	2	1	1	5	2	0	3	2	1	1	3	1	2	0	0
OG_13670	0	0	0	0	0	4	0	0	0	0	0	0	0	1	1
OG_13671	2	2	4	1	3	2	2	3	4	1	1	1	2	2	1
OG_13672	1	1	1	1	3	0	1	1	1	1	0	0	1	0	0
OG_13673	1	0	1	1	2	1	1	0	0	1	1	0	1	1	1
OG_13674	1	1	1	1	1	0	1	1	1	1	1	1	2	0	0
OG_13675	1	1	1	5	1	0	1	1	1	6	1	1	1	0	0
OG_13676	1	1	1	3	1	0	1	1	1	4	0	0	1	0	0
OG_13677	0	1	0	0	1	0	0	1	1	0	0	0	0	0	0
OG_13678	1	1	1	1	2	1	1	1	2	1	6	2	3	3	1
OG_13679	2	1	1	1	2	0	1	1	1	1	1	1	1	0	0
OG_13680	2	1	1	3	2	1	2	1	1	1	1	1	2	1	1
OG_13681	0	0	1	0	2	0	0	0	0	0	0	0	0	0	0
OG_13682	2	0	1	1	1	0	0	1	1	1	0	0	2	0	0
OG_13683	2	1	1	3	2	4	1	2	1	0	0	1	0	0	0
OG_13684	1	2	1	2	1	1	1	1	1	1	3	1	1	1	1
OG_13685	2	1	1	1	1	1	2	2	1	1	1	3	1	1	1
OG_13686	2	1	4	3	4	1	1	1	2	2	1	1	1	1	1
OG_13687	5	4	2	6	7	0	1	4	3	3	1	2	1	0	0
OG_13688	2	2	2	1	3	9	3	2	1	2	1	6	3	0	2
OG_13689	1	1	1	1	2	2	1	1	1	1	2	1	1	1	3
OG_13690	1	1	1	2	2	1	1	1	1	2	1	2	1	1	1
OG_13691	1	1	1	1	1	2	1	1	1	1	1	7	1	1	0
OG_13692	1	1	1	1	1	1	1	1	1	2	1	1	2	0	1
OG_13693	2	1	1	1	1	1	2	1	1	1	1	1	2	1	1
OG_13694	3	1	1	1	1	0	1	1	1	1	0	0	1	0	0
OG_13695	0	0	0	0	1	0	0	0	0	1	0	0	0	0	0
OG_13696	1	1	1	1	1	1	1	1	1	1	0	2	1	1	1
OG_13697	1	1	1	2	1	0	1	1	1	2	1	1	1	0	0
OG_13698	1	1	1	1	1	1	1	1	1	1	1	1	1	1	1
OG_13699	1	1	1	1	2	0	1	1	1	2	1	1	1	0	1
OG_13700	1	1	1	1	2	1	1	2	1	1	1	2	1	2	2
OG_13701	1	0	1	1	1	1	1	1	1	1	1	4	1	1	1
OG_13702	2	1	4	1	2	7	0	1	1	0	3	3	0	2	1
OG_13703	0	0	0	1	1	0	0	0	1	0	0	1	0	0	0
OG_13704	2	1	1	2	2	1	1	1	1	1	2	1	1	1	1
OG_13705	0	1	0	0	1	0	0	0	1	0	0	0	0	0	0
OG_13706	0	1	0	1	2	0	0	1	1	1	0	0	0	0	0
OG_13707	0	2	0	3	2	0	0	2	3	2	0	0	0	0	0
OG_13708	0	1	0	1	1	0	0	1	1	0	0	0	0	0	0
OG_13709	1	4	1	1	1	0	1	1	1	1	0	0	1	0	0
OG_13710	2	1	1	3	2	3	1	1	1	4	2	5	1	1	2
OG_13711	0	1	0	1	0	0	0	1	1	1	0	0	0	0	0
OG_13712	0	0	0	0	1	0	1	0	0	0	0	0	1	0	0
OG_13713	0	4	1	0	1	0	2	6	2	0	0	0	2	0	0
OG_13714	0	3	0	0	1	0	0	2	2	0	0	0	0	0	0
OG_13715	0	1	1	1	1	0	2	1	1	3	0	0	1	0	0
OG_13716	0	1	0	1	1	0	0	0	0	0	0	0	0	0	0
OG_13717	2	4	1	2	2	2	2	1	1	2	1	7	2	1	1
OG_13718	0	1	1	0	1	0	1	1	1	0	1	1	1	0	0
OG_13719	2	1	1	1	0	0	1	0	1	1	1	1	1	0	0
OG_13720	0	1	1	0	1	0	2	1	1	0	0	0	2	0	0
OG_13721	0	1	0	1	1	0	0	1	1	1	0	0	0	0	0
OG_13722	0	1	0	1	0	0	0	1	1	0	0	0	0	0	0
OG_13723	0	3	0	0	0	0	0	0	1	0	0	0	0	0	0
OG_13724	0	1	1	2	1	0	0	1	1	1	0	0	0	0	0
OG_13725	0	1	0	0	1	0	0	0	1	0	0	0	0	0	0
OG_13726	0	2	0	0	0	0	0	1	1	0	0	0	0	0	0
OG_13727	0	1	0	0	1	0	0	1	0	0	0	0	0	0	0
OG_13728	3	5	2	0	1	0	2	1	2	0	0	0	2	0	0
OG_13729	0	2	1	0	2	0	3	0	2	0	0	1	3	0	0
OG_13730	1	2	1	1	1	2	1	1	1	0	0	1	0	0	0
OG_13731	1	1	1	1	2	1	2	1	1	1	1	8	2	2	1
OG_13732	0	1	1	0	2	0	1	0	0	0	0	2	1	1	1
OG_13733	0	0	1	2	2	0	1	1	1	1	0	0	1	0	0
OG_13734	0	0	2	0	1	0	0	0	0	0	0	0	0	0	0
OG_13735	0	0	1	0	2	0	0	0	0	0	0	0	0	0	0
OG_13736	0	0	1	0	1	0	0	0	0	0	0	0	0	0	0
OG_13737	0	0	1	0	1	0	0	0	1	0	0	0	0	0	0
OG_13738	0	0	7	0	6	0	0	0	2	0	0	0	0	0	0
OG_13739	0	0	1	0	5	0	0	0	0	0	0	0	0	0	0
OG_13740	0	0	0	1	1	0	0	1	1	1	0	0	0	0	0
OG_13741	0	0	3	0	5	0	0	0	0	0	0	0	0	0	0
OG_13742	0	0	0	6	0	0	0	3	0	1	0	0	0	0	0
OG_13743	0	0	0	4	0	0	0	0	0	1	0	0	0	0	0
OG_13744	0	1	0	0	0	0	0	4	2	1	0	0	0	0	0
OG_13745	0	0	0	2	0	0	0	2	0	4	0	0	0	0	0
OG_13746	0	1	0	0	7	0	0	0	1	0	0	0	0	0	0
OG_13747	2	1	1	2	16	1	2	1	2	1	1	4	2	3	2
OG_13748	0	0	0	0	4	0	0	2	0	0	0	0	0	0	0
OG_13749	0	1	0	0	10	0	0	7	0	0	0	0	0	0	0
OG_13750	1	0	6	0	2	0	1	1	1	1	0	0	1	0	0
OG_13751	0	0	0	0	2	0	0	0	0	0	1	0	0	0	0
OG_13752	0	0	0	0	5	0	0	4	0	0	0	0	0	0	0
OG_13753	0	0	0	0	1	0	0	1	0	0	0	0	0	0	0
OG_13754	2	2	2	2	4	1	2	2	2	2	0	1	2	1	1
OG_13755	0	1	0	2	0	0	0	1	0	1	0	0	0	0	0
OG_13756	0	0	7	0	2	0	0	0	0	0	0	0	0	0	0
OG_13757	0	0	1	0	3	0	0	0	0	0	0	0	0	0	0
OG_13758	2	0	1	0	2	0	0	0	1	0	0	0	0	0	0
OG_13759	5	0	1	1	4	1	2	1	1	1	2	4	2	1	1
OG_13760	0	2	0	0	8	0	0	0	0	0	0	0	0	0	0
OG_13761	0	2	1	0	1	0	2	1	1	0	1	2	2	0	0
OG_13762	0	1	0	7	6	0	0	5	2	1	0	0	0	0	0
OG_13763	0	2	0	0	0	0	0	4	1	0	0	0	0	0	0
OG_13764	2	2	3	2	2	1	2	2	3	2	1	1	3	2	1
OG_13765	2	1	1	1	1	0	4	1	1	1	2	1	2	0	0
OG_13766	0	0	0	0	1	0	0	1	0	0	0	0	0	0	0
OG_13767	1	1	1	1	6	2	1	1	1	1	1	1	1	1	1
OG_13768	0	0	0	0	1	0	0	1	0	0	0	0	0	0	0
OG_13769	0	0	0	0	1	0	2	0	1	0	0	0	0	0	0
OG_13770	0	0	0	0	1	0	0	1	0	0	0	0	0	0	0
OG_13771	0	4	0	0	5	0	0	0	1	0	0	0	0	0	0
OG_13772	0	0	0	0	1	0	0	0	2	0	0	0	0	0	0
OG_13773	0	0	2	0	4	0	1	0	0	0	0	0	0	0	0
OG_13774	2	2	2	0	0	0	4	0	0	0	0	0	4	0	0
OG_13775	1	10	1	0	11	0	1	0	3	0	0	0	1	0	0
OG_13776	0	0	0	0	7	0	0	0	2	0	0	0	0	0	0
OG_13777	0	0	0	0	1	0	0	1	1	0	0	0	0	0	0
OG_13778	0	1	0	0	2	0	0	0	0	0	0	0	0	0	0
OG_13779	0	4	0	0	5	0	0	5	2	0	0	0	0	0	0
OG_13780	0	0	0	0	1	0	1	0	0	0	0	0	0	0	0
OG_13781	3	1	2	0	1	0	4	0	2	0	0	0	4	0	0
OG_13782	0	0	0	0	3	0	0	2	2	0	0	0	0	0	0
OG_13783	0	0	0	0	1	0	0	1	0	0	0	0	0	0	0
OG_13784	0	0	0	0	1	0	0	1	0	0	0	0	0	0	0
OG_13785	0	0	3	0	5	0	0	0	0	0	0	0	0	0	0
OG_13786	0	0	0	1	2	0	0	0	0	0	0	0	0	0	0
OG_13787	0	0	0	0	1	0	1	0	0	0	0	0	0	0	0
OG_13788	0	0	0	0	1	0	0	1	0	0	0	0	0	0	0
OG_13789	0	0	0	0	1	0	1	0	0	0	0	0	1	0	0
OG_13790	0	1	1	1	1	0	1	2	2	2	0	0	1	0	0
OG_13791	0	8	0	0	2	0	0	3	1	0	0	0	0	0	0
OG_13792	0	4	0	0	4	0	0	3	2	0	0	0	0	0	0
OG_13793	0	0	0	0	1	0	0	1	0	0	0	0	0	0	0
OG_13794	0	0	0	0	1	0	0	1	0	0	0	0	0	0	0
OG_13795	0	0	0	0	1	0	0	2	0	0	0	0	0	0	0
OG_13796	0	0	0	0	1	0	0	1	0	0	0	0	0	0	0
OG_13797	0	0	0	0	1	0	0	1	1	0	0	0	0	0	0
OG_13798	0	0	0	0	1	0	1	0	0	0	0	0	0	0	0
OG_13799	0	0	0	0	1	0	0	1	0	0	0	0	0	0	0
OG_13800	0	0	0	0	1	0	0	1	0	0	0	0	0	0	0
OG_13801	0	0	0	0	3	0	1	0	0	0	0	0	0	0	0
OG_13802	0	0	0	0	1	0	0	0	1	0	0	0	0	0	0
OG_13803	0	0	0	0	1	0	0	1	0	0	0	0	0	0	0
OG_13804	0	0	0	0	1	0	0	1	0	0	0	0	0	0	0
OG_13805	1	1	1	1	3	1	1	1	1	1	2	5	1	1	1
OG_13806	0	0	0	0	1	0	0	1	0	0	0	0	0	0	0
OG_13807	0	1	1	1	3	0	1	1	1	1	0	0	1	0	0
OG_13808	1	1	1	2	1	1	1	1	2	3	1	3	1	1	0
OG_13809	1	1	1	1	1	2	1	1	2	1	1	1	1	0	1
OG_13810	1	1	1	3	1	1	1	1	1	1	0	0	1	1	1
OG_13811	2	1	1	2	1	1	2	1	1	1	1	0	1	0	0
OG_13812	1	1	1	1	1	0	1	2	1	1	1	1	1	0	0
OG_13813	2	1	1	2	1	0	1	1	1	1	2	3	1	0	0
OG_13814	4	1	2	1	1	0	1	1	1	1	1	1	1	0	0
OG_13815	1	2	1	2	1	1	1	1	1	1	1	2	1	1	1
OG_13816	1	1	1	2	1	0	1	1	1	1	1	1	1	1	1
OG_13817	2	0	0	2	1	0	2	1	0	0	0	0	1	0	0
OG_13818	1	1	1	1	1	1	1	1	1	1	1	1	1	0	1
OG_13819	1	1	1	1	1	1	1	1	1	2	1	1	1	1	1
OG_13820	1	1	1	1	1	1	1	1	1	1	1	1	1	1	1
OG_13821	1	0	0	1	0	0	0	0	0	0	0	1	0	0	0
OG_13822	3	1	1	2	1	1	2	1	1	1	1	4	3	1	1
OG_13823	12	1	1	1	1	1	4	1	2	1	1	5	3	6	1
OG_13824	1	1	1	1	1	0	0	1	1	1	1	1	1	0	0
OG_13825	1	1	1	1	1	0	1	1	1	1	0	1	1	0	0
OG_13826	1	1	1	2	1	0	1	1	1	1	2	1	1	0	0
OG_13827	2	1	1	1	1	0	2	1	1	4	0	0	1	0	0
OG_13828	1	1	1	1	1	2	1	1	1	1	1	1	1	3	1
OG_13829	2	1	1	2	1	3	1	1	1	1	1	1	1	2	2
OG_13830	2	1	1	1	1	3	2	1	1	1	2	3	2	0	1
OG_13831	0	0	0	1	0	0	0	0	0	2	0	0	0	0	0
OG_13832	6	2	2	3	1	0	5	1	3	1	2	1	2	0	0
OG_13833	1	4	1	2	1	1	2	1	1	1	1	1	1	0	2
OG_13834	1	1	1	4	2	0	1	1	1	1	1	2	1	0	0
OG_13835	1	1	1	1	1	1	1	1	1	1	1	3	1	1	1
OG_13836	1	1	1	0	1	0	1	1	1	1	1	1	1	0	0
OG_13837	8	1	1	2	1	0	1	1	1	2	1	1	1	0	1
OG_13838	1	2	1	2	1	2	1	2	2	2	1	1	2	0	1
OG_13839	2	1	1	2	1	3	2	1	1	3	2	1	2	1	1
OG_13840	1	1	1	2	1	1	1	1	1	1	1	2	2	2	1
OG_13841	3	1	2	2	2	1	2	1	1	1	1	1	1	1	2
OG_13842	2	1	1	2	1	2	1	1	2	2	1	6	1	1	0
OG_13843	2	1	1	2	1	1	1	3	3	1	1	3	1	2	1
OG_13844	2	1	1	1	1	1	1	1	4	1	2	1	1	1	1
OG_13845	4	1	3	1	1	1	2	2	1	1	1	1	2	1	1
OG_13846	1	1	1	1	1	1	2	1	1	1	1	1	1	0	1
OG_13847	2	1	1	2	1	3	2	1	1	2	1	2	1	1	1
OG_13848	2	2	1	1	1	0	1	1	1	1	1	0	2	0	3
OG_13849	5	1	1	1	1	1	3	1	1	2	1	2	1	1	1
OG_13850	0	0	0	1	0	0	0	0	0	0	0	1	0	0	0
OG_13851	0	0	0	0	0	2	0	0	0	0	0	0	0	1	0
OG_13852	4	1	1	2	1	1	1	1	1	1	1	1	2	0	1
OG_13853	1	1	5	2	1	0	3	1	1	2	1	2	2	0	0
OG_13854	2	1	1	1	1	1	1	1	1	1	1	1	1	1	1
OG_13855	1	2	1	1	1	3	2	1	1	1	2	4	2	2	1
OG_13856	2	1	1	0	1	1	1	1	1	1	2	1	2	2	0
OG_13857	1	1	1	4	1	2	1	1	1	4	2	1	2	1	3
OG_13858	0	1	1	2	1	0	0	2	1	0	0	0	0	0	0
OG_13859	0	0	0	1	0	0	0	1	0	0	0	0	0	0	0
OG_13860	0	1	0	1	1	0	0	1	1	0	1	2	0	0	0
OG_13861	5	1	1	14	1	0	1	1	1	6	1	3	1	0	2
OG_13862	0	1	0	2	1	0	0	1	1	1	0	0	0	0	0
OG_13863	0	0	0	1	0	0	0	1	0	0	0	0	0	0	0
OG_13864	0	0	0	2	0	0	0	1	0	1	0	0	0	0	0
OG_13865	0	0	0	4	0	0	0	1	0	1	0	0	0	0	0
OG_13866	0	0	0	8	0	0	0	1	0	0	0	0	0	0	0
OG_13867	0	0	0	3	0	0	0	1	0	0	0	0	0	0	0
OG_13868	0	0	0	1	0	0	0	1	0	0	0	0	0	0	0
OG_13869	0	0	0	2	0	0	0	1	0	2	0	0	0	0	0
OG_13870	0	0	0	2	0	0	0	1	0	1	0	0	0	0	0
OG_13871	0	0	0	2	0	0	0	0	1	0	0	0	0	0	0
OG_13872	0	0	0	1	0	0	0	0	0	1	0	0	0	0	0
OG_13873	0	0	0	1	0	1	0	0	0	0	0	0	0	0	0
OG_13874	0	0	0	1	0	0	0	1	0	0	0	0	0	0	0
OG_13875	0	0	0	2	0	0	0	1	0	0	0	0	0	0	0
OG_13876	0	0	0	1	0	0	0	1	0	1	0	0	0	0	0
OG_13877	0	0	0	1	0	0	0	1	0	0	0	0	0	0	0
OG_13878	0	0	0	1	0	0	0	1	0	1	0	0	0	0	0
OG_13879	0	0	0	1	0	0	0	0	0	1	0	0	0	0	0
OG_13880	0	0	0	1	0	0	0	1	0	1	0	0	0	0	0
OG_13881	0	0	0	1	0	0	0	1	0	3	0	0	0	0	0
OG_13882	0	0	0	6	0	0	0	1	0	4	0	0	0	0	0
OG_13883	0	0	0	1	0	0	0	1	0	0	0	0	0	0	0
OG_13884	0	0	0	1	0	0	0	1	0	1	0	0	0	0	0
OG_13885	0	0	0	1	0	0	0	1	0	1	0	0	0	0	0
OG_13886	0	1	0	0	0	0	0	0	2	0	0	0	0	0	0
OG_13887	0	0	0	1	0	0	0	1	0	1	0	0	0	0	0
OG_13888	0	0	0	1	0	0	0	0	0	1	0	0	0	0	0
OG_13889	0	0	0	1	0	0	0	1	0	0	0	0	0	0	0
OG_13890	0	0	0	1	0	0	0	0	0	1	0	0	0	0	0
OG_13891	0	0	0	1	0	0	0	1	0	0	0	0	0	0	0
OG_13892	0	0	0	1	0	0	0	1	0	1	0	0	0	0	0
OG_13893	0	0	0	1	0	0	0	1	0	1	0	0	0	0	0
OG_13894	0	0	0	1	0	0	0	0	0	1	0	0	0	0	0
OG_13895	0	0	0	1	0	0	0	1	0	1	0	0	0	0	0
OG_13896	0	0	0	1	0	0	0	1	0	0	0	0	0	0	0
OG_13897	0	0	0	1	0	0	0	0	0	1	0	0	0	0	0
OG_13898	1	0	2	1	1	0	1	1	1	3	0	0	1	0	0
OG_13899	1	1	1	1	1	2	1	1	1	1	1	1	1	1	1
OG_13900	1	1	1	1	1	2	1	1	1	1	1	1	1	0	0
OG_13901	1	1	1	1	1	1	1	1	1	1	1	1	1	0	1
OG_13902	2	3	1	1	1	2	1	1	1	1	1	1	2	1	1
OG_13903	2	1	1	4	1	0	1	1	1	1	1	1	2	0	0
OG_13904	1	1	1	2	1	3	1	4	1	2	1	1	1	0	1
OG_13905	2	1	1	2	1	1	1	1	2	2	1	1	1	1	1
OG_13906	0	0	0	0	0	9	0	0	0	0	0	1	0	6	0
OG_13907	1	1	1	1	1	2	1	1	1	1	1	2	1	2	1
OG_13908	1	1	1	1	1	2	1	1	1	1	2	1	1	0	1
OG_13909	1	1	1	2	1	1	1	1	1	1	1	2	1	0	0
OG_13910	1	1	1	1	1	1	1	1	2	1	1	1	1	1	1
OG_13911	1	1	1	0	0	1	1	0	1	0	1	1	1	1	1
OG_13912	1	1	1	1	1	1	1	1	1	2	1	1	1	0	1
OG_13913	1	1	1	1	1	3	1	1	1	1	1	1	1	1	1
OG_13914	2	2	1	2	1	1	2	1	1	2	1	0	2	1	1
OG_13915	1	0	1	1	1	0	1	1	1	1	1	2	1	0	1
OG_13916	4	1	2	3	1	1	2	2	3	5	1	1	2	0	1
OG_13917	1	1	2	1	1	1	1	2	1	1	1	1	1	1	1
OG_13918	1	1	1	2	1	1	1	1	1	1	1	3	3	0	1
OG_13919	2	1	1	1	1	1	1	1	1	2	1	1	1	1	1
OG_13920	1	1	1	0	1	1	1	3	1	1	1	1	1	0	2
OG_13921	1	1	1	1	1	0	2	1	1	1	1	1	1	0	0
OG_13922	1	1	1	1	1	1	2	1	1	1	1	1	2	0	0
OG_13923	2	1	1	1	1	1	1	1	1	1	3	1	1	1	1
OG_13924	1	1	1	3	1	1	1	1	0	1	2	1	1	1	2
OG_13925	1	1	2	1	1	2	1	1	1	1	2	1	1	1	1
OG_13926	1	1	1	2	1	7	1	1	1	2	1	2	1	2	1
OG_13927	0	0	0	0	0	9	0	0	0	0	0	0	0	2	0
OG_13928	1	1	1	1	1	1	1	1	1	1	1	1	1	1	1
OG_13929	15	1	1	5	1	0	1	1	1	7	0	0	1	0	0
OG_13930	0	0	0	0	0	1	0	0	0	0	0	0	0	1	1
OG_13931	2	1	1	1	2	1	2	1	2	1	1	0	2	0	0
OG_13932	1	1	2	1	1	1	3	1	1	1	2	1	2	1	0
OG_13933	3	1	0	2	1	7	1	1	1	3	1	4	1	1	0
OG_13934	0	0	0	0	0	1	0	0	0	0	0	0	0	1	1
OG_13935	2	1	1	1	1	1	2	1	2	1	1	1	2	1	1
OG_13936	1	1	1	2	1	0	1	1	1	2	3	1	2	0	2
OG_13937	0	1	1	0	1	2	1	0	0	0	0	3	0	0	0
OG_13938	4	2	1	4	2	1	2	2	2	3	1	5	2	1	1
OG_13939	0	1	0	2	1	1	0	1	1	1	0	1	0	0	0
OG_13940	1	1	1	1	0	1	1	2	1	0	0	0	1	0	1
OG_13941	0	0	0	0	0	5	0	0	0	0	0	1	0	0	0
OG_13942	1	1	2	1	1	1	1	1	1	1	0	1	1	0	0
OG_13943	1	1	1	1	1	0	0	1	1	1	1	1	2	0	1
OG_13944	0	0	0	0	0	2	0	0	0	0	0	0	0	1	0
OG_13945	0	0	0	0	0	4	0	0	0	0	0	0	0	2	0
OG_13946	0	0	0	0	0	2	0	0	0	0	0	0	0	1	0
OG_13947	0	0	0	0	0	2	0	0	0	0	0	0	0	1	0
OG_13948	0	0	0	0	0	2	0	0	0	0	0	0	0	1	0
OG_13949	0	0	0	0	0	1	0	0	0	0	0	0	0	1	0
OG_13950	0	0	0	0	0	1	0	0	0	0	0	0	0	1	0
OG_13951	0	0	0	0	0	1	0	0	0	0	0	0	0	1	0
OG_13952	0	0	0	0	0	1	0	0	0	0	0	0	0	1	0
OG_13953	0	0	0	0	0	1	0	0	0	0	0	0	0	1	0
OG_13954	0	0	0	0	0	1	0	0	0	0	0	0	0	1	0
OG_13955	1	1	1	1	1	1	1	2	2	1	0	0	1	0	0
OG_13956	0	0	0	0	0	9	0	0	0	0	0	0	0	1	0
OG_13957	0	0	0	0	0	22	0	0	0	0	0	0	0	1	0
OG_13958	0	0	0	0	0	7	0	0	0	0	0	0	0	1	0
OG_13959	0	0	0	0	0	13	0	0	0	0	0	0	0	1	0
OG_13960	1	1	1	2	1	0	2	1	1	1	1	1	1	0	0
OG_13961	4	1	1	3	1	1	2	1	1	1	1	0	2	0	0
OG_13962	0	0	0	0	0	1	1	0	0	0	0	0	0	0	0
OG_13963	0	0	0	0	0	4	0	0	0	0	0	0	0	3	0
OG_13964	2	1	1	1	1	3	1	1	1	1	1	1	1	2	1
OG_13965	0	0	0	0	0	4	0	0	0	0	0	0	0	1	0
OG_13966	11	1	1	6	1	0	2	1	2	1	1	1	2	0	1
OG_13967	0	0	0	0	0	9	0	0	0	0	0	2	0	0	0
OG_13968	0	0	0	0	0	12	0	0	0	0	0	0	0	1	0
OG_13969	1	0	1	0	0	0	1	0	0	0	0	0	1	0	0
OG_13970	0	0	0	0	0	0	1	0	0	1	0	0	0	0	0
OG_13971	0	0	0	0	0	0	1	1	0	0	0	0	0	0	0
OG_13972	1	0	0	0	0	0	1	0	0	0	0	0	0	0	0
OG_13973	1	0	0	0	0	0	1	0	0	0	0	0	0	0	0
OG_13974	1	3	1	1	2	0	2	2	1	1	1	6	1	0	1
OG_13975	0	1	1	1	1	0	1	1	1	0	0	0	1	0	0
OG_13976	1	1	2	0	1	0	2	1	1	1	0	0	0	0	0
OG_13977	1	0	1	1	1	1	2	1	1	2	2	2	1	0	1
OG_13978	1	0	0	0	0	0	1	0	0	0	0	0	0	0	0
OG_13979	1	0	0	0	0	0	2	0	0	0	0	0	0	0	0
OG_13980	4	3	1	3	6	0	6	3	3	3	1	1	6	0	2
OG_13981	1	1	2	1	1	0	1	1	1	1	0	1	2	0	0
OG_13982	0	0	0	0	0	0	1	0	0	0	0	0	1	0	0
OG_13983	0	0	0	0	0	0	1	0	0	0	0	0	1	0	0
OG_13984	0	1	1	0	2	0	1	2	3	0	1	0	0	0	0
OG_13985	0	0	0	0	2	0	1	0	0	0	0	0	0	0	0
OG_13986	0	0	0	0	0	0	1	1	0	0	0	0	0	0	0
OG_13987	0	0	0	0	0	0	1	0	1	0	0	0	0	0	0
OG_13988	0	0	0	0	0	0	1	0	1	0	0	0	0	0	0
OG_13989	2	1	1	1	1	2	1	0	1	1	1	1	1	1	0
OG_13990	4	1	1	1	2	0	1	1	1	1	1	7	1	0	0
OG_13991	1	1	1	2	1	0	1	1	1	1	1	0	1	0	0
OG_13992	1	0	1	1	1	3	3	2	2	3	1	1	1	1	1
OG_13993	2	1	1	2	1	0	1	1	1	1	0	1	2	0	0
OG_13994	0	0	0	0	0	0	0	1	1	0	0	0	0	0	0
OG_13995	1	1	1	1	1	1	1	2	2	1	1	1	1	1	1
OG_13996	5	1	4	1	1	1	1	3	1	1	1	1	2	2	1
OG_13997	1	1	1	1	2	0	2	2	1	2	1	2	1	1	1
OG_13998	0	0	0	0	0	0	0	1	1	0	0	0	0	0	0
OG_13999	0	0	0	0	0	0	1	1	0	0	0	0	0	0	0
OG_14000	1	1	1	2	1	1	1	1	1	1	1	1	1	1	1
OG_14001	1	1	2	1	1	0	1	2	1	1	1	2	1	0	1
OG_14002	11	1	2	5	1	1	2	1	1	1	0	0	1	0	0
OG_14003	0	2	0	0	2	0	0	1	0	0	0	1	0	0	0
OG_14004	0	1	0	0	0	0	0	1	0	0	0	0	0	0	0
OG_14005	0	3	1	0	0	0	0	1	1	0	0	0	2	0	0
OG_14006	1	1	1	1	1	0	2	2	1	0	0	1	2	0	0
OG_14007	0	1	1	1	1	3	1	1	1	1	1	1	1	1	0
OG_14008	0	1	0	0	2	0	0	2	2	0	0	0	0	0	0
OG_14009	0	1	0	0	0	0	0	1	0	0	0	0	0	0	0
OG_14010	0	1	0	1	1	0	0	1	1	1	0	0	0	0	0
OG_14011	0	1	0	1	1	0	1	1	0	3	0	0	1	0	0
OG_14012	0	0	2	0	0	0	0	1	0	0	0	0	0	0	0
OG_14013	0	0	0	1	0	0	0	2	0	0	0	0	0	0	0
OG_14014	0	0	0	2	0	0	0	4	0	0	0	0	0	0	0
OG_14015	1	4	1	5	2	0	1	4	4	3	0	0	1	0	0
OG_14016	2	0	3	0	1	0	4	0	0	0	0	0	3	0	0
OG_14017	1	0	1	0	0	0	1	0	0	0	0	0	0	0	0
OG_14018	0	0	0	0	1	0	6	1	0	0	0	0	0	0	0
OG_14019	0	0	0	0	1	0	0	1	0	0	0	0	0	0	0
OG_14020	0	0	0	0	0	0	0	1	0	1	0	0	0	0	0
OG_14021	0	0	0	0	0	0	0	1	1	0	0	0	0	0	0
OG_14022	0	0	0	0	0	0	0	1	0	1	0	0	0	0	0
OG_14023	0	0	0	0	0	0	0	1	0	1	0	0	0	0	0
OG_14024	2	1	1	0	1	1	1	2	1	1	2	1	1	0	2
OG_14025	0	0	0	0	0	0	0	1	0	1	0	0	0	0	0
OG_14026	0	2	0	0	0	0	0	2	0	0	0	0	0	0	0
OG_14027	0	0	0	0	0	0	0	1	0	1	0	0	0	0	0
OG_14028	0	0	0	0	0	0	0	1	0	1	0	0	0	0	0
OG_14029	0	0	0	0	0	0	0	1	1	0	0	0	0	0	0
OG_14030	0	0	0	0	0	0	0	1	0	1	0	0	0	0	0
OG_14031	0	0	0	0	1	0	0	9	0	0	0	0	0	0	0
OG_14032	0	0	0	0	0	0	0	1	1	0	0	0	0	0	0
OG_14033	0	0	0	0	0	0	0	1	1	0	0	0	0	0	0
OG_14034	0	0	0	0	0	0	0	1	0	1	0	0	0	0	0
OG_14035	0	0	0	0	0	0	0	1	0	2	0	0	0	0	0
OG_14036	0	0	0	0	0	0	0	1	0	1	0	0	0	0	0
OG_14037	0	0	0	0	0	0	0	1	0	2	0	0	0	0	0
OG_14038	0	0	0	0	0	0	0	1	0	1	0	0	0	0	0
OG_14039	0	0	0	0	0	0	0	1	0	1	0	0	0	0	0
OG_14040	0	0	0	0	1	0	0	3	0	0	0	0	0	0	0
OG_14041	0	0	0	0	0	0	0	1	0	1	0	0	0	0	0
OG_14042	0	0	0	0	0	0	0	1	0	1	0	0	0	0	0
OG_14043	0	1	1	0	1	0	0	5	1	0	1	4	0	0	0
OG_14044	0	0	0	0	0	0	0	1	0	1	0	0	0	0	0
OG_14045	0	0	0	0	0	0	0	1	0	1	0	0	0	0	0
OG_14046	0	0	0	1	0	0	0	2	0	0	0	0	0	0	0
OG_14047	1	1	4	2	2	0	4	2	3	1	1	2	1	0	1
OG_14048	0	0	0	0	0	0	0	1	0	1	0	0	0	0	0
OG_14049	0	0	0	0	0	0	0	1	1	0	0	0	0	0	0
OG_14050	0	0	0	0	0	0	0	1	1	0	0	0	0	0	0
OG_14051	0	0	0	0	0	0	0	1	0	2	0	0	0	0	0
OG_14052	0	0	0	0	0	0	0	1	0	1	0	0	0	0	0
OG_14053	1	2	2	1	1	1	1	4	1	1	1	5	1	1	1
OG_14054	2	1	1	1	1	4	1	1	1	1	1	1	1	0	1
OG_14055	0	0	0	0	0	0	0	1	0	1	0	0	0	0	0
OG_14056	0	0	0	0	0	0	0	1	0	1	0	0	0	0	0
OG_14057	0	0	0	0	0	0	0	1	0	1	0	0	0	0	0
OG_14058	0	0	0	0	0	0	0	1	0	1	0	0	0	0	0
OG_14059	2	1	1	1	1	1	2	1	1	3	2	1	1	1	4
OG_14060	0	0	0	0	0	0	0	1	1	0	0	0	0	0	0
OG_14061	0	0	0	0	0	0	0	1	1	0	0	0	0	0	0
OG_14062	1	3	1	5	1	6	3	1	1	1	68	3	5	4	1
OG_14063	1	1	1	1	1	0	2	1	2	0	1	1	1	0	0
OG_14064	1	1	1	2	1	0	1	1	3	2	1	0	1	0	3
OG_14065	2	1	1	2	1	2	1	1	3	1	1	1	1	1	1
OG_14066	2	1	1	1	1	0	2	2	3	1	7	1	2	0	1
OG_14067	1	1	1	2	1	1	1	1	2	1	1	5	1	1	1
OG_14068	1	1	1	1	1	1	1	1	2	1	1	1	1	1	1
OG_14069	1	1	1	1	1	1	1	1	1	1	3	4	1	0	1
OG_14070	1	1	1	1	1	0	1	1	2	2	1	1	1	0	1
OG_14071	0	1	0	0	0	0	0	0	1	0	0	0	0	0	0
OG_14072	1	1	3	1	5	2	1	1	2	1	1	4	1	0	1
OG_14073	1	1	1	1	1	2	1	1	4	1	1	1	1	0	1
OG_14074	5	3	1	3	1	3	3	1	3	1	6	3	2	10	1
OG_14075	1	1	1	1	1	1	2	1	2	1	1	1	2	1	1
OG_14076	5	1	3	3	1	0	3	1	2	1	1	0	1	0	0
OG_14077	4	5	2	4	3	9	2	2	3	2	4	2	2	2	3
OG_14078	1	1	1	1	1	1	2	1	2	1	2	2	2	2	0
OG_14079	1	1	1	1	1	1	1	1	2	1	1	1	1	1	3
OG_14080	2	1	1	2	1	1	2	1	1	2	1	1	2	1	1
OG_14081	2	1	2	1	1	0	1	1	2	1	2	5	1	0	0
OG_14082	2	2	1	1	1	0	2	1	1	3	0	0	2	0	0
OG_14083	1	1	2	1	1	1	1	1	2	1	2	2	1	1	1
OG_14084	1	1	1	1	1	2	1	1	1	1	1	4	1	1	1
OG_14085	1	1	1	1	1	1	1	1	1	1	0	1	1	1	1
OG_14086	0	0	0	0	1	0	0	0	1	0	0	0	0	0	0
OG_14087	2	1	1	1	1	8	2	1	0	1	1	2	2	2	1
OG_14088	1	1	1	1	1	1	1	1	1	1	1	3	1	1	1
OG_14089	2	1	1	2	1	0	1	1	2	3	1	1	2	0	2
OG_14090	1	1	1	2	1	1	2	1	1	1	1	6	1	1	1
OG_14091	2	1	1	1	2	0	1	1	1	1	0	1	1	0	2
OG_14092	4	1	1	1	2	1	1	1	2	4	2	1	1	0	1
OG_14093	2	1	1	2	1	0	2	1	2	0	1	8	2	0	1
OG_14094	1	1	1	1	1	4	1	1	1	2	1	2	1	1	2
OG_14095	2	1	1	2	1	49	4	1	1	3	1	1	2	2	1
OG_14096	1	1	1	1	1	0	0	1	1	1	0	1	0	0	0
OG_14097	2	1	2	1	1	3	3	1	2	1	1	2	3	1	1
OG_14098	0	1	0	0	0	0	0	0	1	0	0	0	0	0	0
OG_14099	2	1	1	2	1	0	2	1	1	1	0	2	1	0	0
OG_14100	7	3	3	11	3	11	3	3	3	11	2	3	3	2	4
OG_14101	1	1	1	1	1	2	1	1	2	1	1	5	0	0	1
OG_14102	1	1	1	0	1	0	2	1	2	0	0	0	2	0	0
OG_14103	13	2	1	1	1	2	13	1	2	1	1	1	1	1	2
OG_14104	4	1	1	2	1	0	2	1	2	1	1	1	3	0	0
OG_14105	1	1	1	1	1	2	1	1	1	1	2	1	1	2	1
OG_14106	1	1	1	1	2	6	1	1	1	2	1	1	1	1	1
OG_14107	1	0	1	1	1	1	1	1	1	1	1	2	1	1	1
OG_14108	0	1	0	0	0	0	0	0	1	0	0	0	0	0	0
OG_14109	0	1	0	0	0	0	0	0	1	0	0	0	0	0	0
OG_14110	0	1	0	0	0	0	0	0	1	0	0	0	0	0	0
OG_14111	0	1	0	0	0	0	0	0	1	0	0	0	0	0	0
OG_14112	0	1	0	0	0	0	0	1	1	1	0	0	0	0	0
OG_14113	0	1	0	0	0	0	0	0	1	0	0	0	0	0	0
OG_14114	0	1	0	0	0	0	0	0	2	0	0	0	0	0	0
OG_14115	1	2	1	0	1	0	1	0	2	0	2	2	1	0	0
OG_14116	1	2	2	1	1	3	2	1	3	2	2	1	1	1	3
OG_14117	0	1	1	0	1	0	1	1	0	0	0	0	1	0	0
OG_14118	0	1	0	0	0	0	0	0	1	0	0	0	0	0	0
OG_14119	0	1	0	0	0	0	0	0	1	0	0	0	0	0	0
OG_14120	0	1	2	0	0	0	2	0	0	0	0	0	1	0	0
OG_14121	0	1	0	0	0	0	0	0	1	0	0	0	0	0	0
OG_14122	0	1	0	1	1	0	0	1	2	0	1	2	0	0	1
OG_14123	0	1	0	4	0	0	0	1	0	0	0	0	0	0	0
OG_14124	0	1	0	0	0	0	0	1	1	0	0	0	0	0	0
OG_14125	0	1	0	0	0	0	0	0	1	0	0	0	0	0	0
OG_14126	0	1	0	0	0	0	0	0	1	0	0	0	0	0	0
OG_14127	0	0	0	0	0	0	0	0	1	0	0	0	1	0	0
OG_14128	0	0	1	0	0	0	0	0	1	0	0	0	0	0	0
OG_14129	0	0	1	0	0	0	0	0	1	0	0	0	0	0	0
OG_14130	0	0	1	0	0	0	0	0	1	0	0	0	0	0	0
OG_14131	0	0	1	0	0	0	0	0	1	0	0	0	0	0	0
OG_14132	0	0	2	0	2	0	1	2	0	0	0	0	1	0	0
OG_14133	0	0	1	0	1	0	1	0	1	0	0	0	2	0	0
OG_14134	0	0	1	0	1	0	1	0	1	0	0	0	1	0	0
OG_14135	0	1	0	1	1	0	0	1	2	1	0	0	0	0	0
OG_14136	0	0	0	0	0	0	0	1	1	0	0	0	0	0	0
OG_14137	0	1	0	0	0	0	0	0	6	0	0	0	0	0	0
OG_14138	0	0	1	0	0	0	0	0	12	0	0	0	0	0	0
OG_14139	0	1	0	0	0	0	0	0	4	0	0	0	0	0	0
OG_14140	0	0	0	0	1	0	1	1	1	0	0	0	4	0	0
OG_14141	0	1	0	2	0	0	0	3	5	2	0	0	0	0	0
OG_14142	1	1	1	1	1	1	1	1	3	1	1	1	1	1	1
OG_14143	2	2	1	1	1	1	1	1	1	2	1	1	1	1	1
OG_14144	0	0	0	0	0	0	0	0	0	1	1	0	0	0	0
OG_14145	1	1	1	1	1	1	1	2	1	2	1	1	1	1	1
OG_14146	3	1	1	1	1	0	1	2	1	1	0	0	2	0	0
OG_14147	1	1	1	2	1	1	2	1	1	0	4	3	2	1	2
OG_14148	3	1	2	1	1	1	2	2	2	1	1	1	2	1	1
OG_14149	3	1	1	2	1	2	3	4	1	3	1	3	4	2	1
OG_14150	1	1	1	1	1	2	1	1	1	1	1	1	1	1	1
OG_14151	4	2	1	1	2	0	5	1	1	1	0	0	2	0	0
OG_14152	3	1	1	5	1	1	2	1	2	2	1	3	2	2	1
OG_14153	1	1	1	3	1	2	1	1	1	1	2	1	2	1	1
OG_14154	3	1	1	1	2	2	2	0	1	2	1	1	1	1	2
OG_14155	1	1	1	1	1	1	2	1	2	2	1	1	1	3	4
OG_14156	0	1	0	0	0	0	0	0	0	1	0	0	0	0	0
OG_14157	1	1	1	1	1	1	1	1	1	2	1	1	1	1	1
OG_14158	1	1	1	1	1	1	1	1	1	2	1	2	2	1	1
OG_14159	2	1	1	1	1	0	1	1	1	1	1	2	1	0	1
OG_14160	1	1	1	1	1	1	1	1	1	1	1	2	1	1	2
OG_14161	1	1	1	2	1	0	1	1	1	1	0	0	1	0	0
OG_14162	0	0	0	1	0	0	0	1	0	1	0	0	0	0	0
OG_14163	0	0	0	0	0	0	0	1	0	1	0	0	0	0	0
OG_14164	0	0	0	0	2	0	0	1	0	2	0	0	0	0	0
OG_14165	0	2	1	0	1	0	0	1	2	1	0	0	0	0	0
OG_14166	3	1	1	3	1	1	1	1	1	1	1	3	2	0	0
OG_14167	2	1	1	2	1	2	1	1	1	1	1	4	1	1	0
OG_14168	8	1	1	1	1	0	3	1	1	6	0	0	1	0	0
OG_14169	2	1	1	1	1	2	1	1	1	1	1	1	3	1	1
OG_14170	2	0	1	1	1	0	1	1	0	1	0	0	1	0	0
OG_14171	16	0	1	4	1	0	2	1	0	2	0	0	2	0	0
OG_14172	0	1	0	1	0	0	0	1	1	1	0	0	0	0	0
OG_14173	14	2	1	3	1	1	2	1	1	4	1	4	2	1	1
OG_14174	3	2	1	2	1	2	1	1	5	1	1	4	1	1	1
OG_14175	2	1	1	2	1	3	1	1	1	1	2	2	2	0	2
OG_14176	1	1	1	1	1	0	1	1	1	1	1	1	1	0	0
OG_14177	0	0	0	0	0	0	0	0	0	0	1	2	0	0	0
OG_14178	4	1	1	1	2	0	3	1	1	1	2	1	1	0	1
OG_14179	5	5	6	5	3	2	5	5	6	8	3	13	3	1	3
OG_14180	2	1	1	1	1	9	3	1	1	2	2	3	3	1	1
OG_14181	6	1	2	1	1	0	3	1	2	1	1	2	3	0	0
OG_14182	2	3	1	7	2	0	1	1	2	1	2	2	1	0	1
OG_14183	4	1	1	1	1	8	2	1	2	2	2	4	2	1	2
OG_14184	7	2	1	2	1	0	4	1	4	2	1	1	4	0	0
OG_14185	2	2	1	3	4	0	1	1	4	1	0	0	1	0	0
OG_14186	2	1	1	1	1	8	2	1	1	1	1	1	2	1	1
OG_14187	5	1	2	4	3	0	4	1	1	1	0	0	4	0	0
OG_14188	2	1	1	1	1	1	1	1	2	1	1	2	1	2	2
OG_14189	1	2	1	1	1	1	2	1	1	1	1	2	2	1	1
OG_14190	1	1	1	1	1	4	1	1	1	1	1	2	1	0	0
OG_14191	1	1	1	1	1	1	1	1	1	0	1	0	1	1	3
OG_14192	2	1	1	1	1	0	1	1	1	1	1	0	2	0	0
OG_14193	2	1	1	1	8	0	1	1	1	3	0	0	1	0	0
OG_14194	3	3	2	3	2	1	1	1	1	1	2	9	1	2	1
OG_14195	6	1	1	1	1	3	3	1	2	1	2	2	2	2	4
OG_14196	5	4	3	1	5	0	6	4	2	2	1	0	5	0	0
OG_14197	0	0	0	1	0	0	0	3	0	1	0	0	0	0	0
OG_14198	7	2	2	3	2	2	4	2	4	4	2	5	3	0	0
OG_14199	8	1	4	3	1	1	3	1	1	3	1	1	2	4	1
OG_14200	2	1	1	1	1	1	1	1	1	1	2	2	1	0	1
OG_14201	8	1	1	7	1	1	3	1	3	4	1	1	1	1	1
OG_14202	6	1	1	1	1	1	2	1	1	1	1	2	2	1	2
OG_14203	2	1	2	2	1	1	1	2	1	2	3	1	2	2	2
OG_14204	2	1	1	1	1	0	1	1	1	1	2	1	1	0	1
OG_14205	2	1	1	2	1	1	1	1	1	1	1	3	1	1	1
OG_14206	3	1	1	2	1	0	2	1	1	4	0	0	2	0	0
OG_14207	1	1	1	2	1	0	3	1	3	1	4	7	2	0	1
OG_14208	2	1	1	1	1	4	1	1	1	1	1	1	1	0	0
OG_14209	2	1	1	2	1	0	1	1	1	3	1	2	2	0	0
OG_14210	2	2	1	2	1	1	1	1	1	1	2	1	1	1	2
OG_14211	8	1	1	3	1	2	2	2	1	2	2	1	2	1	2
OG_14212	2	1	2	2	1	1	2	1	1	2	1	2	1	1	2
OG_14213	2	1	1	1	1	1	1	1	1	1	1	0	1	1	1
OG_14214	8	2	6	3	2	3	2	1	2	1	1	6	3	2	1
OG_14215	7	1	1	1	0	0	3	1	2	2	0	0	2	0	0
OG_14216	2	1	1	1	1	2	2	1	3	1	1	3	1	1	1
OG_14217	2	1	1	1	1	1	2	1	1	1	1	1	1	1	0
OG_14218	2	1	1	1	1	0	1	1	1	1	0	1	1	0	0
OG_14219	4	1	4	2	1	1	2	1	1	1	1	1	2	0	1
OG_14220	1	1	1	1	1	0	1	1	1	1	0	0	1	0	0
OG_14221	1	1	1	2	1	0	1	1	1	1	0	0	1	0	0
OG_14222	2	2	1	2	1	0	1	1	1	2	1	0	1	0	0
OG_14223	1	1	1	1	1	1	1	1	1	0	1	1	1	2	1
OG_14224	2	1	1	1	1	2	1	1	1	1	1	2	1	1	1
OG_14225	2	1	1	1	1	1	1	1	1	1	1	1	1	1	1
OG_14226	2	1	1	2	1	4	1	1	2	1	1	1	2	1	1
OG_14227	3	1	1	2	1	0	2	1	1	1	1	1	2	0	1
OG_14228	3	2	2	1	1	0	2	1	2	1	3	1	1	0	1
OG_14229	2	1	3	1	1	2	2	1	1	1	2	1	2	1	1
OG_14230	0	1	1	0	0	0	2	0	0	0	0	0	1	0	0
OG_14231	2	1	1	1	1	2	1	1	1	1	1	2	2	2	6
OG_14232	2	1	1	1	1	1	1	1	1	1	1	1	1	1	2
OG_14233	10	1	4	0	2	0	9	1	1	0	1	7	5	0	0
OG_14234	2	0	1	0	1	0	0	0	0	0	0	0	0	0	0
OG_14235	11	2	1	0	4	0	2	0	1	0	1	0	0	0	0
OG_14236	1	1	1	1	1	6	1	1	1	1	1	1	1	0	1
OG_14237	4	1	1	1	1	2	2	1	1	1	1	1	1	1	2
OG_14238	2	1	2	1	1	0	1	1	2	1	1	1	1	0	0
OG_14239	2	1	1	0	0	0	1	0	2	0	0	5	1	0	0
OG_14240	4	2	1	1	1	2	1	1	1	1	0	1	1	0	1
OG_14241	3	1	1	1	1	0	1	1	2	1	2	1	2	0	3
OG_14242	5	1	1	1	1	4	2	1	1	1	2	5	1	1	3
OG_14243	3	1	1	3	1	1	2	1	1	5	1	1	3	1	1
OG_14244	2	2	1	1	1	2	2	1	1	2	1	1	2	1	2
OG_14245	2	1	2	1	1	2	2	1	1	1	1	1	2	3	1
OG_14246	4	1	1	1	1	1	2	1	1	1	1	1	2	0	1
OG_14247	2	2	1	2	1	3	3	2	1	1	1	3	2	1	0
OG_14248	2	4	2	3	5	1	1	2	8	3	1	5	1	1	2
OG_14249	2	0	0	0	0	0	2	0	0	0	0	0	0	0	0
OG_14250	5	1	1	2	2	2	3	0	1	1	3	9	3	1	1
OG_14251	2	1	1	1	1	0	2	1	1	1	1	1	2	0	1
OG_14252	3	1	1	1	1	0	1	1	1	2	2	1	2	0	0
OG_14253	2	2	1	1	1	4	1	1	1	1	1	1	1	2	1
OG_14254	6	1	1	3	1	1	3	1	0	3	1	1	3	1	0
OG_14255	2	1	1	1	1	0	1	1	1	1	1	1	2	0	1
OG_14256	0	0	0	0	0	1	0	0	0	0	0	0	0	1	0
OG_14257	5	2	1	1	3	1	1	2	2	2	1	10	1	1	1
OG_14258	3	0	0	0	0	0	1	0	0	0	0	0	0	0	0
OG_14259	2	2	1	2	2	0	1	1	1	3	1	3	1	0	1
OG_14260	8	2	3	2	3	0	3	1	1	3	1	3	4	0	0
OG_14261	7	3	5	3	2	0	7	2	2	2	1	1	2	0	4
OG_14262	2	2	2	1	2	0	1	1	1	1	0	0	1	0	0
OG_14263	4	1	2	1	1	0	2	1	1	5	1	4	2	0	1
OG_14264	2	1	0	2	1	7	1	1	1	1	0	1	1	5	0
OG_14265	2	1	1	1	1	1	2	1	1	3	1	3	2	1	1
OG_14266	2	1	1	1	1	3	1	1	1	1	1	3	3	1	1
OG_14267	3	1	1	1	1	1	1	1	1	1	1	2	2	1	1
OG_14268	6	3	3	8	2	2	3	3	3	5	5	2	3	2	1
OG_14269	4	2	2	6	2	2	2	2	2	2	1	1	2	2	1
OG_14270	4	1	1	3	1	2	1	2	1	1	1	3	3	0	0
OG_14271	3	1	1	1	2	4	2	1	1	1	1	1	1	1	1
OG_14272	2	1	1	2	2	2	3	1	1	2	1	1	3	6	1
OG_14273	3	1	1	4	1	0	1	1	1	1	1	1	1	0	0
OG_14274	1	2	3	1	1	1	1	1	1	1	1	1	1	1	1
OG_14275	0	0	0	0	0	1	0	0	0	0	0	0	0	1	1
OG_14276	4	1	1	4	1	0	2	1	1	1	1	0	0	2	0
OG_14277	3	2	1	1	1	1	1	2	1	1	1	2	2	2	1
OG_14278	1	1	1	1	1	2	2	1	1	1	1	1	2	2	1
OG_14279	2	3	1	1	2	2	1	1	1	1	1	1	1	2	2
OG_14280	5	1	1	13	1	1	1	1	2	4	2	6	1	8	2
OG_14281	2	1	1	2	1	1	1	1	1	3	1	1	1	6	0
OG_14282	2	1	1	1	1	2	1	1	1	1	2	3	1	0	0
OG_14283	7	2	1	1	1	2	2	1	1	1	2	1	3	0	1
OG_14284	4	11	1	7	3	0	1	8	7	3	4	4	6	0	0
OG_14285	2	1	2	1	1	1	1	1	1	1	1	1	1	1	1
OG_14286	4	4	3	11	3	0	3	3	4	4	3	2	2	0	1
OG_14287	6	0	2	4	3	0	1	2	1	1	1	0	0	0	0
OG_14288	4	1	1	1	1	2	3	2	2	1	2	2	3	1	0
OG_14289	3	2	1	2	1	4	1	1	2	1	2	1	1	2	1
OG_14290	12	2	2	10	2	9	5	2	2	7	3	2	5	2	1
OG_14291	2	1	1	2	2	1	3	1	1	1	2	2	1	3	2
OG_14292	2	1	1	1	1	1	2	1	1	1	2	1	1	0	0
OG_14293	1	1	1	1	1	0	1	1	3	1	1	2	1	0	0
OG_14294	2	1	1	1	1	0	1	1	2	2	1	2	1	0	0
OG_14295	3	1	1	4	1	1	3	1	1	2	1	3	2	0	0
OG_14296	2	2	1	1	1	0	1	1	1	1	1	3	1	0	1
OG_14297	1	1	1	1	1	1	1	1	1	1	0	1	1	1	1
OG_14298	4	1	2	0	1	0	6	0	1	0	0	0	5	0	0
OG_14299	8	2	1	1	3	0	1	1	2	1	1	1	0	0	1
OG_14300	3	1	1	0	1	1	2	1	1	1	1	5	1	1	1
OG_14301	6	3	2	3	3	1	2	3	4	4	3	2	2	1	1
OG_14302	2	1	1	1	1	0	1	1	1	1	2	2	1	0	0
OG_14303	2	1	1	1	1	1	2	1	1	2	1	1	3	1	1
OG_14304	2	2	1	1	1	1	1	1	2	1	2	1	1	2	1
OG_14305	6	7	3	3	5	1	3	3	4	3	3	13	3	3	1
OG_14306	2	0	2	2	1	0	1	0	0	0	2	0	0	0	0
OG_14307	1	1	1	1	1	1	1	1	2	1	1	2	1	2	1
OG_14308	2	2	1	1	1	0	3	1	1	1	1	1	0	0	0
OG_14309	5	1	3	6	1	1	1	1	1	1	1	1	1	1	1
OG_14310	4	1	4	3	3	3	1	1	1	1	1	3	1	2	2
OG_14311	6	2	5	3	2	3	13	3	2	2	2	2	4	2	3
OG_14312	1	1	1	1	1	1	1	1	1	1	1	4	1	1	1
OG_14313	3	1	1	2	1	5	1	1	1	1	3	1	1	1	1
OG_14314	2	1	1	1	1	8	1	1	1	1	1	1	1	2	1
OG_14315	3	1	2	1	1	1	1	1	1	1	1	1	1	1	2
OG_14316	12	5	4	5	5	1	4	3	4	5	2	1	4	1	6
OG_14317	10	2	2	3	1	0	2	2	2	2	0	0	1	0	0
OG_14318	1	2	1	2	1	0	1	1	1	1	3	1	1	0	0
OG_14319	0	3	0	1	2	0	0	3	1	1	0	0	0	0	0
OG_14320	2	1	3	1	1	0	2	1	1	1	2	4	2	0	1
OG_14321	3	0	1	3	1	2	2	1	1	7	2	1	1	3	0
OG_14322	3	2	1	2	1	0	1	1	2	1	1	1	1	0	0
OG_14323	2	1	1	1	2	1	2	2	1	1	1	2	2	1	1
OG_14324	2	1	2	2	1	2	2	2	1	2	2	1	2	0	1
OG_14325	2	1	1	4	1	3	1	1	2	1	1	1	1	1	2
OG_14326	1	1	1	1	1	0	1	1	4	1	1	1	1	0	1
OG_14327	1	1	1	1	1	1	1	1	1	1	0	0	1	1	0
OG_14328	3	1	1	0	1	0	1	1	1	1	0	0	1	0	0
OG_14329	3	1	1	1	1	1	1	1	1	1	1	1	1	1	0
OG_14330	0	0	0	0	0	1	0	0	0	0	0	1	0	0	0
OG_14331	9	1	1	4	2	0	6	1	3	1	1	3	2	0	1
OG_14332	2	1	1	1	1	1	1	1	1	1	1	3	1	1	1
OG_14333	2	1	1	1	1	1	1	1	1	1	1	1	1	0	1
OG_14334	15	0	2	0	0	0	6	0	0	0	0	0	7	0	0
OG_14335	2	2	1	4	1	0	3	1	1	5	2	2	1	0	2
OG_14336	11	0	1	0	0	0	3	0	0	0	0	0	2	0	0
OG_14337	3	1	1	0	1	0	1	1	1	1	0	1	2	0	0
OG_14338	10	3	4	4	1	1	5	3	3	2	0	0	3	0	0
OG_14339	2	1	1	1	1	0	1	1	1	1	1	1	2	0	0
OG_14340	1	1	1	1	1	1	1	1	1	1	1	1	1	2	1
OG_14341	3	2	1	1	1	2	2	2	2	0	1	1	2	1	1
OG_14342	2	2	1	1	1	2	1	1	1	1	1	1	1	1	1
OG_14343	3	1	1	3	1	0	1	1	1	1	1	2	1	0	0
OG_14344	4	0	1	1	1	0	1	1	1	1	0	5	2	0	0
OG_14345	3	1	1	1	1	0	2	1	2	3	2	2	2	0	1
OG_14346	5	1	1	6	2	1	4	1	2	1	3	5	4	1	1
OG_14347	2	1	1	1	2	2	1	1	2	1	1	1	1	1	1
OG_14348	0	2	0	5	6	0	0	1	1	0	0	0	0	0	0
OG_14349	2	1	1	2	1	1	2	1	1	1	1	2	2	1	1
OG_14350	2	2	1	3	2	0	1	3	2	2	1	3	1	0	0
OG_14351	5	1	1	2	1	1	1	1	1	1	1	1	2	1	0
OG_14352	3	1	1	1	1	3	1	1	1	3	2	3	1	2	1
OG_14353	7	1	1	4	1	0	1	1	1	1	1	1	1	0	0
OG_14354	2	1	1	4	1	0	1	1	1	1	1	1	1	0	1
OG_14355	2	1	1	1	1	2	2	1	2	1	1	2	2	1	0
OG_14356	3	1	1	4	1	1	1	1	1	1	1	1	1	1	0
OG_14357	1	0	0	0	0	0	2	0	0	0	0	0	3	0	0
OG_14358	2	1	1	1	1	2	1	1	1	1	3	3	2	1	1
OG_14359	2	1	1	1	1	1	1	1	0	1	1	1	1	2	1
OG_14360	2	1	1	1	0	2	1	1	1	2	1	2	2	1	0
OG_14361	3	3	1	1	1	0	1	1	1	1	1	4	1	2	1
OG_14362	3	1	1	1	1	0	2	1	1	1	3	1	2	0	1
OG_14363	3	1	1	2	2	1	2	3	1	1	1	2	2	0	0
OG_14364	2	1	1	1	1	9	1	2	2	2	0	2	1	0	0
OG_14365	3	2	3	3	2	5	2	3	2	2	0	2	3	2	1
OG_14366	5	1	1	2	1	1	3	1	1	1	3	5	4	1	1
OG_14367	2	1	1	2	1	2	1	1	2	2	1	3	2	1	0
OG_14368	4	1	1	2	1	1	2	1	1	1	1	5	1	1	1
OG_14369	2	1	1	1	1	2	1	1	2	2	3	1	2	4	3
OG_14370	5	1	1	2	1	1	2	1	1	1	1	1	1	1	2
OG_14371	2	1	1	2	1	1	1	1	1	1	1	2	1	1	1
OG_14372	3	1	1	1	1	1	1	1	1	1	1	0	1	1	5
OG_14373	2	1	1	2	1	1	3	1	2	1	1	1	3	1	4
OG_14374	4	0	0	0	0	0	1	0	0	0	0	0	1	0	0
OG_14375	2	1	1	2	1	3	1	1	1	1	1	1	1	1	1
OG_14376	7	1	1	1	1	3	1	1	1	1	1	2	1	1	1
OG_14377	2	1	1	1	4	1	1	1	1	1	1	1	1	1	1
OG_14378	2	1	1	1	1	1	1	1	1	1	1	3	1	1	1
OG_14379	2	1	1	2	0	1	2	1	1	2	1	1	3	1	1
OG_14380	3	1	1	1	1	3	1	1	1	1	1	1	1	0	2
OG_14381	1	1	1	2	1	0	1	1	1	2	1	1	1	0	1
OG_14382	0	2	0	1	8	1	0	0	1	0	0	0	0	2	0
OG_14383	2	1	1	1	1	4	1	1	1	1	1	1	2	1	1
OG_14384	5	3	3	5	3	2	6	3	2	5	1	2	5	1	0
OG_14385	2	1	1	1	1	0	2	1	1	0	1	1	2	0	0
OG_14386	1	2	1	1	1	0	1	1	1	1	1	1	1	0	2
OG_14387	0	0	0	0	0	2	0	0	0	0	0	0	0	1	8
OG_14388	2	3	1	3	1	1	2	3	2	2	0	2	3	1	1
OG_14389	4	0	0	0	0	0	7	0	0	0	0	0	0	0	0
OG_14390	2	1	1	1	1	0	1	1	1	1	1	1	1	0	0
OG_14391	1	1	1	1	1	0	1	1	1	1	1	1	1	0	0
OG_14392	2	1	0	1	1	0	1	1	1	1	1	5	1	0	2
OG_14393	4	3	2	4	2	5	3	3	2	2	2	3	3	4	1
OG_14394	3	2	2	3	3	3	2	2	2	2	2	0	2	2	1
OG_14395	4	2	2	4	2	5	2	2	0	5	2	2	2	1	2
OG_14396	4	2	3	3	2	0	3	2	3	4	1	1	2	0	1
OG_14397	2	1	2	1	2	0	1	1	2	1	0	1	1	0	0
OG_14398	3	2	2	3	1	1	1	1	1	1	1	1	2	1	1
OG_14399	14	0	1	0	1	0	2	0	0	0	0	0	1	0	0
OG_14400	3	1	3	3	1	2	2	1	1	1	1	1	2	1	1
OG_14401	2	1	1	3	1	3	1	1	1	2	1	1	1	1	1
OG_14402	2	1	1	1	1	3	1	1	1	1	1	1	2	2	1
OG_14403	0	0	0	0	0	1	0	0	0	0	0	0	0	1	0
OG_14404	11	1	1	1	1	1	1	2	1	1	1	1	5	1	1
OG_14405	2	1	1	2	1	1	1	1	1	1	1	1	1	1	1
OG_14406	2	1	1	2	2	1	4	1	1	2	1	2	2	1	1
OG_14407	0	0	0	0	0	1	0	0	0	0	0	0	0	1	0
OG_14408	2	1	1	2	1	0	1	1	1	1	3	1	1	0	1
OG_14409	2	1	1	1	1	1	1	1	1	1	1	1	1	2	1
OG_14410	0	1	0	1	0	0	0	1	1	1	1	0	0	0	2
OG_14411	3	1	1	1	6	1	6	2	2	1	6	1	7	3	3
OG_14412	6	2	1	5	1	4	3	1	1	4	1	3	2	1	0
OG_14413	2	1	1	1	1	1	1	1	1	1	1	3	1	2	1
OG_14414	16	4	6	3	4	0	5	2	5	2	0	0	4	0	0
OG_14415	2	2	1	1	2	1	1	1	2	1	1	1	1	1	0
OG_14416	13	3	3	2	1	0	6	1	1	1	3	1	5	0	0
OG_14417	2	1	1	2	1	2	4	1	2	2	2	5	4	2	1
OG_14418	2	1	1	1	1	3	1	1	1	1	1	5	1	1	1
OG_14419	2	0	1	0	1	0	1	0	0	0	0	0	1	0	0
OG_14420	3	0	1	2	2	2	3	1	1	1	1	1	3	2	1
OG_14421	3	1	1	1	1	0	2	1	1	1	0	1	1	0	0
OG_14422	8	1	1	1	1	1	3	1	1	1	1	1	7	1	1
OG_14423	3	1	1	1	1	2	3	1	1	1	1	2	3	1	1
OG_14424	14	1	1	3	1	0	1	1	2	3	3	1	1	0	1
OG_14425	2	1	1	2	1	2	2	1	1	1	2	3	2	1	2
OG_14426	3	1	1	2	1	4	1	1	1	2	1	1	1	0	2
OG_14427	3	1	1	0	1	2	2	1	2	1	1	1	1	1	0
OG_14428	2	1	1	1	1	3	2	1	1	2	1	2	2	2	1
OG_14429	2	2	1	1	1	2	3	1	1	1	1	1	2	2	0
OG_14430	4	1	1	3	1	0	3	1	1	1	2	4	3	0	1
OG_14431	2	1	3	1	1	1	1	1	1	1	1	1	1	1	1
OG_14432	2	1	1	1	1	0	1	2	1	2	0	0	1	0	0
OG_14433	6	4	3	3	2	0	3	5	4	6	1	4	3	0	0
OG_14434	2	1	1	1	1	2	1	1	1	1	0	0	6	2	0
OG_14435	3	1	1	2	1	1	2	1	4	2	1	4	1	1	1
OG_14436	3	1	0	1	1	0	0	2	1	1	0	0	0	0	0
OG_14437	4	1	1	3	1	1	2	1	1	4	2	3	2	1	1
OG_14438	2	1	1	0	1	0	1	0	0	0	0	0	1	0	0
OG_14439	2	3	1	6	1	4	1	2	2	2	4	0	1	0	2
OG_14440	2	1	1	1	1	1	1	1	0	1	1	3	1	1	1
OG_14441	2	1	1	1	1	7	1	1	1	1	1	1	2	1	1
OG_14442	2	1	1	1	1	3	2	1	1	1	1	1	2	1	1
OG_14443	5	1	1	3	1	5	2	1	2	2	2	2	2	3	2
OG_14444	2	1	2	1	1	2	3	1	1	1	2	1	3	2	1
OG_14445	2	1	1	1	1	1	1	1	1	1	2	1	6	1	3
OG_14446	2	2	1	5	1	3	6	7	1	3	1	3	4	1	1
OG_14447	4	1	1	1	1	1	5	3	2	1	2	1	2	1	2
OG_14448	2	0	1	3	1	0	1	1	2	2	1	2	1	0	1
OG_14449	2	1	1	3	1	3	1	1	1	2	1	1	1	1	1
OG_14450	2	4	1	3	1	0	1	3	5	2	1	1	0	0	1
OG_14451	5	1	1	1	1	0	8	2	1	1	1	1	2	0	0
OG_14452	4	2	1	2	1	2	2	1	1	2	2	1	2	2	1
OG_14453	0	0	0	0	0	5	0	0	0	0	0	0	0	0	1
OG_14454	3	1	1	1	1	3	1	1	1	1	1	2	2	2	1
OG_14455	2	2	1	2	1	4	3	1	1	1	1	1	3	1	2
OG_14456	3	2	1	4	1	0	1	2	3	3	6	6	1	0	0
OG_14457	2	0	0	0	0	0	0	0	0	0	0	0	2	0	0
OG_14458	2	1	1	3	2	1	2	2	1	1	3	2	3	1	2
OG_14459	2	1	1	1	1	5	2	1	1	1	1	1	2	1	1
OG_14460	2	1	1	1	1	1	1	1	1	1	2	4	1	1	1
OG_14461	3	1	1	3	1	0	2	1	2	4	1	3	2	0	0
OG_14462	2	1	1	0	1	0	1	1	1	0	0	0	3	0	0
OG_14463	5	1	3	1	1	0	1	1	2	1	1	1	2	0	0
OG_14464	2	1	1	1	1	1	1	1	0	1	2	1	1	1	1
OG_14465	1	1	1	1	0	0	1	1	1	1	1	1	1	0	0
OG_14466	21	4	4	15	5	1	4	4	4	17	6	13	4	1	1
OG_14467	2	1	1	5	1	0	1	1	1	7	2	2	1	0	0
OG_14468	1	1	1	1	1	0	1	1	1	1	1	2	1	0	0
OG_14469	2	1	1	1	1	1	2	1	1	1	3	4	2	1	1
OG_14470	4	3	5	1	1	0	1	1	1	3	0	0	3	0	0
OG_14471	2	1	1	1	1	1	2	2	1	1	1	3	2	0	1
OG_14472	16	1	1	8	1	5	7	1	1	1	1	5	7	2	1
OG_14473	2	0	1	0	1	0	1	0	2	0	0	0	1	0	0
OG_14474	3	0	3	0	0	0	0	0	0	0	0	0	0	0	0
OG_14475	0	0	0	0	0	0	0	0	0	0	0	1	2	0	0
OG_14476	1	1	1	1	1	0	0	0	0	1	0	0	0	0	1
OG_14477	12	2	0	0	0	0	1	0	0	0	0	0	0	0	0
OG_14478	2	1	1	1	1	1	2	1	1	1	1	2	1	0	1
OG_14479	7	3	3	9	2	0	2	3	3	5	2	0	3	0	1
OG_14480	7	1	1	1	1	0	1	1	1	1	0	3	1	0	0
OG_14481	4	0	1	1	1	0	2	2	1	4	1	3	2	0	0
OG_14482	5	0	1	4	1	1	2	1	1	4	3	2	3	2	2
OG_14483	2	1	1	1	1	1	1	2	1	1	1	1	1	2	1
OG_14484	6	1	1	3	1	0	2	1	1	4	1	1	2	0	1
OG_14485	9	1	1	1	1	0	2	1	1	1	1	1	2	0	0
OG_14486	2	1	1	1	1	0	1	1	1	2	0	0	1	0	0
OG_14487	0	0	0	0	0	0	0	0	0	0	1	1	0	0	0
OG_14488	1	1	1	1	1	6	2	1	1	1	1	1	1	0	1
OG_14489	2	1	1	1	1	1	2	1	1	3	1	3	1	2	1
OG_14490	1	1	1	0	1	2	1	0	1	0	0	1	1	1	0
OG_14491	5	3	1	1	1	0	2	2	2	2	2	1	2	0	0
OG_14492	4	1	1	2	1	7	2	1	1	2	2	4	1	2	2
OG_14493	2	1	1	1	1	1	1	1	1	1	1	1	2	1	1
OG_14494	11	4	2	5	3	4	6	3	4	2	5	12	8	2	2
OG_14495	2	1	1	2	1	4	1	1	1	2	2	1	1	1	1
OG_14496	4	3	1	6	1	0	2	1	1	1	3	1	2	0	0
OG_14497	3	1	1	6	1	1	2	1	1	5	5	14	2	1	1
OG_14498	2	1	1	1	1	3	1	1	1	1	1	1	1	1	1
OG_14499	1	1	1	0	1	0	1	2	1	0	0	0	1	0	0
OG_14500	2	2	1	1	1	1	1	1	1	2	1	2	1	1	0
OG_14501	3	1	4	1	1	0	1	1	1	1	0	0	1	0	0
OG_14502	2	1	1	6	1	1	1	1	1	2	1	1	1	2	1
OG_14503	3	1	1	1	1	0	1	3	1	3	0	1	3	0	0
OG_14504	1	1	2	1	1	3	1	1	1	1	1	1	1	1	1
OG_14505	5	1	1	2	1	0	2	1	1	1	1	1	2	1	1
OG_14506	3	1	1	2	2	2	1	1	1	3	2	1	1	0	1
OG_14507	4	1	2	1	2	1	3	1	1	1	7	4	3	2	1
OG_14508	2	0	1	1	1	1	1	1	1	1	2	1	1	1	1
OG_14509	2	1	1	2	1	1	1	1	1	1	1	3	1	1	1
OG_14510	12	2	6	3	3	1	9	1	3	2	1	1	8	1	1
OG_14511	2	1	1	1	1	0	1	1	1	1	1	2	1	0	1
OG_14512	3	1	1	1	1	1	1	1	1	1	1	1	3	1	1
OG_14513	1	2	1	2	1	2	1	2	2	2	2	0	1	2	0
OG_14514	2	1	1	2	1	2	1	1	1	1	2	1	2	1	1
OG_14515	3	1	1	1	1	3	1	1	1	2	1	1	1	1	1
OG_14516	11	3	2	5	2	5	5	6	3	3	2	3	3	3	2
OG_14517	2	4	1	2	1	1	2	1	2	4	1	2	3	1	1
OG_14518	2	1	1	2	1	0	1	1	1	4	1	2	1	0	0
OG_14519	2	1	1	1	1	2	1	1	1	1	1	1	2	2	1
OG_14520	4	2	2	3	2	1	2	2	2	2	1	2	2	1	1
OG_14521	4	0	1	0	1	0	2	0	0	0	0	0	1	0	0
OG_14522	5	1	1	1	1	1	7	1	1	1	1	2	1	1	1
OG_14523	4	0	1	0	0	0	2	0	0	0	0	0	0	0	0
OG_14524	2	1	1	1	5	1	1	1	2	1	1	1	1	1	1
OG_14525	1	1	2	1	1	0	1	1	1	1	1	1	1	0	0
OG_14526	5	2	2	3	2	3	3	2	6	2	1	1	2	1	1
OG_14527	0	0	0	0	0	1	0	0	0	0	0	0	0	1	1
OG_14528	3	1	1	2	1	0	1	1	1	0	0	0	2	0	0
OG_14529	2	1	1	1	1	2	2	3	1	0	1	3	1	1	1
OG_14530	2	1	1	2	1	2	2	1	1	2	2	1	2	2	1
OG_14531	2	1	1	2	1	2	1	1	1	0	1	3	1	2	1
OG_14532	2	2	1	3	1	1	1	1	2	1	3	1	1	2	1
OG_14533	2	2	1	4	2	0	1	2	2	2	1	3	2	0	1
OG_14534	2	1	1	1	1	0	1	1	1	1	1	2	1	0	0
OG_14535	4	2	1	2	7	1	1	2	1	2	0	0	1	1	0
OG_14536	1	1	1	1	1	2	1	1	1	1	2	4	1	2	0
OG_14537	5	1	2	2	1	1	1	1	1	1	1	1	2	2	1
OG_14538	2	2	1	3	1	1	1	1	1	4	1	4	1	3	1
OG_14539	2	2	1	1	1	2	1	1	1	1	1	3	1	1	1
OG_14540	4	2	2	3	1	4	3	1	1	3	2	1	2	1	1
OG_14541	2	1	1	1	1	0	1	1	1	1	0	1	1	0	1
OG_14542	2	1	1	1	4	0	1	1	1	1	1	3	1	0	2
OG_14543	2	1	1	1	1	3	1	1	1	1	1	1	1	1	1
OG_14544	7	1	1	3	1	1	1	1	1	3	2	1	2	1	1
OG_14545	2	1	1	3	1	0	1	1	2	2	1	0	1	0	1
OG_14546	0	0	0	0	0	0	0	1	0	0	0	2	0	0	3
OG_14547	4	2	3	2	3	1	2	3	2	4	2	4	4	1	0
OG_14548	5	2	1	1	1	1	3	1	1	1	1	1	1	1	1
OG_14549	2	2	2	1	1	3	1	1	2	1	2	1	2	0	1
OG_14550	3	2	1	1	1	1	2	1	1	1	1	2	1	2	1
OG_14551	5	1	1	2	1	4	3	1	2	3	2	4	2	2	2
OG_14552	2	2	1	1	1	0	3	1	1	2	0	0	1	0	0
OG_14553	2	1	3	1	1	3	1	1	0	1	2	3	1	3	1
OG_14554	4	1	1	1	1	0	1	1	1	1	1	4	1	0	0
OG_14555	2	1	1	1	1	1	1	1	1	3	1	1	1	1	1
OG_14556	9	1	1	3	1	0	1	1	1	1	1	1	2	0	1
OG_14557	2	1	1	1	1	1	1	1	1	1	1	4	1	1	1
OG_14558	2	1	1	1	1	2	1	1	0	2	2	2	1	1	0
OG_14559	4	3	6	2	3	0	3	2	4	3	0	0	2	0	0
OG_14560	0	0	0	1	0	0	0	1	0	3	0	0	0	0	0
OG_14561	1	1	1	5	1	0	2	1	1	2	2	1	1	0	1
OG_14562	14	12	7	10	10	2	8	8	10	7	6	7	8	3	10
OG_14563	5	1	1	1	1	1	6	1	1	1	1	1	3	1	1
OG_14564	2	3	0	0	5	0	1	4	2	3	1	5	1	0	0
OG_14565	2	6	2	4	3	0	3	2	2	3	1	4	1	0	0
OG_14566	14	4	1	5	1	8	6	1	3	1	1	19	6	4	1
OG_14567	2	1	1	1	1	1	2	1	1	1	2	1	1	2	1
OG_14568	4	1	1	1	1	2	1	1	1	1	1	3	3	0	1
OG_14569	2	1	1	1	1	0	2	3	2	1	1	1	1	0	0
OG_14570	5	2	4	2	3	1	4	2	3	3	2	4	4	1	0
OG_14571	3	3	1	1	2	1	1	1	1	1	1	1	1	2	2
OG_14572	4	0	0	0	0	0	1	0	0	0	0	0	7	0	0
OG_14573	5	4	6	9	4	2	4	8	3	4	6	7	2	2	3
OG_14574	4	2	1	1	1	1	3	1	1	1	1	1	2	0	1
OG_14575	38	1	1	2	1	1	24	2	1	1	2	1	2	1	1
OG_14576	3	2	2	1	1	3	1	1	1	2	1	1	1	1	1
OG_14577	2	3	1	2	3	0	1	1	2	1	1	2	1	0	0
OG_14578	4	2	2	5	2	0	3	1	3	4	0	2	3	0	0
OG_14579	2	1	1	2	1	1	1	1	1	2	1	1	1	1	1
OG_14580	2	1	1	1	1	1	1	1	1	1	1	1	1	1	1
OG_14581	2	1	1	1	3	2	1	2	2	1	2	3	1	3	1
OG_14582	2	1	1	1	1	2	1	1	1	1	4	3	1	2	1
OG_14583	5	1	1	2	2	1	2	1	1	1	1	1	1	2	1
OG_14584	6	1	1	1	1	3	3	1	1	1	1	1	2	1	1
OG_14585	4	2	1	1	1	0	2	1	1	1	2	4	4	0	0
OG_14586	2	1	1	1	1	1	1	1	3	1	2	4	1	1	1
OG_14587	2	1	1	1	2	1	1	1	1	2	1	2	1	1	1
OG_14588	3	1	1	1	1	1	1	1	1	1	1	1	1	1	1
OG_14589	2	1	1	1	1	0	1	1	2	1	2	3	1	0	0
OG_14590	2	1	1	1	1	2	1	1	1	1	1	1	2	1	1
OG_14591	4	2	1	3	1	0	6	2	1	0	0	0	2	0	0
OG_14592	0	1	0	5	0	0	0	0	0	0	0	0	0	0	0
OG_14593	5	8	4	5	5	0	2	2	4	4	1	1	2	0	0
OG_14594	1	1	1	1	1	0	0	1	1	1	0	0	0	0	0
OG_14595	2	1	1	1	1	1	1	1	1	1	2	1	3	0	0
OG_14596	23	2	8	3	1	0	4	2	3	3	2	0	1	0	0
OG_14597	2	1	1	1	1	1	1	2	2	1	1	2	1	3	1
OG_14598	4	1	2	1	1	0	7	1	2	2	0	1	3	0	1
OG_14599	2	1	1	2	1	1	2	1	1	1	1	4	2	1	1
OG_14600	7	1	1	3	1	2	3	1	1	4	1	1	4	2	1
OG_14601	2	1	1	3	1	1	2	1	1	1	2	6	2	2	3
OG_14602	2	1	1	2	1	1	1	1	1	1	1	3	1	1	1
OG_14603	4	0	2	0	0	0	0	0	2	0	2	0	0	0	1
OG_14604	10	0	0	0	0	0	1	0	0	0	0	0	1	0	0
OG_14605	0	0	0	0	0	0	3	0	0	0	0	0	1	0	0
OG_14606	7	0	1	0	0	0	2	0	0	0	0	0	2	0	0
OG_14607	2	1	1	2	1	1	2	1	1	2	3	13	2	1	1
OG_14608	3	2	2	1	1	2	2	1	1	2	1	5	2	1	0
OG_14609	3	2	2	3	6	0	3	3	2	3	2	1	5	0	4
OG_14610	5	1	1	1	1	0	4	3	2	2	1	7	1	0	2
OG_14611	2	2	0	2	2	0	1	1	1	1	1	3	1	0	0
OG_14612	6	2	4	3	4	1	5	3	2	1	2	1	8	1	3
OG_14613	5	5	1	3	4	0	2	4	2	4	0	0	2	0	1
OG_14614	1	0	0	1	1	0	0	1	4	1	0	0	1	0	0
OG_14615	2	1	3	2	1	4	2	2	1	1	1	5	2	1	3
OG_14616	2	1	1	1	1	3	3	1	1	2	2	2	2	2	1
OG_14617	4	0	1	6	1	0	2	1	1	2	0	0	2	0	0
OG_14618	7	1	1	2	1	0	2	1	1	1	2	1	3	0	0
OG_14619	2	2	1	2	2	0	2	1	1	1	1	1	1	0	0
OG_14620	7	0	2	3	1	0	3	4	1	2	0	0	3	0	0
OG_14621	0	7	0	0	0	0	0	1	6	1	0	0	0	0	0
OG_14622	0	1	0	2	0	0	0	1	0	0	0	0	0	0	0
OG_14623	3	1	1	8	1	0	1	1	1	0	0	0	1	0	0
OG_14624	7	3	10	2	2	1	6	2	2	2	3	4	5	1	3
OG_14625	3	1	1	1	1	0	2	1	1	1	1	2	0	0	1
OG_14626	1	2	1	1	1	4	1	1	1	1	1	2	1	1	1
OG_14627	2	1	1	2	1	1	1	1	1	1	1	1	1	1	2
OG_14628	3	2	1	1	1	1	1	1	1	1	1	1	1	1	1
OG_14629	2	1	1	3	3	0	1	1	2	2	0	0	1	0	0
OG_14630	11	5	2	5	2	3	3	2	4	2	2	5	5	1	1
OG_14631	4	1	1	1	1	1	5	1	2	1	1	1	13	1	3
OG_14632	2	2	1	1	1	0	1	1	1	1	1	1	1	0	1
OG_14633	2	1	1	1	1	0	1	1	1	1	1	1	1	0	1
OG_14634	7	1	1	1	1	0	1	1	1	1	2	1	1	0	0
OG_14635	2	1	2	2	1	1	1	1	1	2	1	1	1	2	1
OG_14636	2	5	1	1	1	1	2	1	1	1	1	1	2	1	1
OG_14637	3	3	2	4	3	2	2	1	1	2	3	3	2	0	1
OG_14638	2	1	1	1	1	1	2	2	1	3	2	3	2	2	1
OG_14639	2	1	1	2	2	3	1	1	1	2	1	1	1	1	0
OG_14640	2	1	1	1	1	0	1	1	1	1	1	4	1	0	3
OG_14641	4	1	1	1	1	0	1	1	1	0	1	3	1	0	1
OG_14642	2	1	1	1	1	3	1	1	0	1	2	4	1	3	2
OG_14643	1	1	4	2	1	1	1	1	1	1	1	1	1	0	1
OG_14644	2	3	1	2	1	1	2	2	2	2	1	1	2	1	0
OG_14645	5	1	1	2	1	0	2	1	1	1	0	0	1	0	0
OG_14646	3	1	1	2	2	1	4	3	1	1	0	1	2	0	0
OG_14647	3	1	1	1	1	0	1	1	1	2	2	1	1	0	1
OG_14648	2	1	2	1	1	1	2	1	1	1	2	0	2	1	1
OG_14649	2	1	1	4	1	1	1	1	1	5	1	1	1	1	1
OG_14650	2	1	1	1	1	1	2	11	1	1	1	1	2	1	0
OG_14651	2	1	1	1	1	0	1	1	1	1	1	2	1	0	1
OG_14652	1	1	1	6	1	0	1	1	1	1	1	1	1	0	0
OG_14653	5	1	1	2	1	1	1	1	1	2	1	2	1	0	1
OG_14654	5	1	1	2	1	2	3	1	1	2	2	1	1	2	3
OG_14655	1	2	1	1	1	1	1	1	1	2	2	1	1	1	1
OG_14656	7	4	5	2	3	0	7	9	1	1	4	4	2	0	3
OG_14657	5	1	3	1	1	2	2	1	1	1	1	1	1	2	1
OG_14658	5	1	1	2	1	0	1	1	1	2	1	3	1	0	0
OG_14659	4	4	1	2	1	0	1	1	1	2	1	1	2	0	1
OG_14660	1	3	1	2	1	0	1	1	1	1	1	0	1	0	0
OG_14661	2	1	2	1	1	0	1	1	2	2	3	2	1	1	0
OG_14662	2	1	1	1	1	3	1	1	1	2	2	3	1	1	1
OG_14663	2	1	1	1	1	1	1	1	1	1	1	2	4	1	1
OG_14664	2	1	1	1	1	2	1	1	1	1	1	1	1	2	1
OG_14665	2	3	1	0	1	0	1	0	4	0	0	0	1	0	0
OG_14666	0	2	0	2	1	0	0	1	1	1	0	0	0	0	0
OG_14667	2	1	1	2	1	0	3	1	1	2	1	1	1	0	1
OG_14668	0	1	0	1	1	0	0	1	1	1	0	0	0	0	0
OG_14669	2	1	1	1	1	2	1	1	1	1	1	1	1	1	1
OG_14670	2	2	1	1	1	1	1	1	1	1	1	1	1	1	1
OG_14671	2	1	1	1	1	1	2	1	1	1	2	1	1	1	1
OG_14672	2	2	1	2	1	1	1	1	1	2	2	1	1	1	1
OG_14673	7	1	1	1	2	2	1	1	2	3	0	1	0	3	0
OG_14674	2	1	1	1	1	1	2	1	1	2	6	1	2	2	1
OG_14675	2	1	1	1	1	1	1	1	1	1	0	1	1	0	1
OG_14676	2	1	1	2	1	1	1	1	1	1	2	1	2	1	1
OG_14677	2	1	1	1	3	1	2	1	1	1	2	1	2	2	1
OG_14678	2	1	1	1	1	0	2	1	1	1	1	4	3	0	0
OG_14679	2	1	1	1	2	1	2	1	1	1	1	7	2	1	1
OG_14680	3	1	1	1	1	0	3	1	1	1	1	3	2	0	1
OG_14681	1	5	2	1	10	4	1	1	3	1	2	1	1	1	1
OG_14682	3	1	1	2	1	0	1	1	1	1	1	2	2	0	0
OG_14683	2	1	1	1	1	0	1	1	1	1	1	2	1	0	0
OG_14684	3	1	1	1	1	1	1	1	1	1	2	1	1	1	4
OG_14685	3	2	2	4	2	3	3	2	2	5	2	1	2	3	2
OG_14686	3	2	1	1	1	2	3	1	1	2	1	1	3	1	1
OG_14687	2	1	1	1	1	1	1	1	1	1	1	2	1	1	2
OG_14688	2	1	1	1	1	1	1	1	1	2	1	2	1	1	1
OG_14689	4	1	1	2	1	5	2	1	1	2	3	2	2	0	1
OG_14690	2	1	1	1	1	1	3	1	1	1	1	3	1	1	2
OG_14691	2	1	1	2	1	1	2	1	2	2	1	5	2	2	1
OG_14692	2	1	2	4	1	1	1	1	1	3	1	1	1	1	2
OG_14693	4	1	1	0	1	0	2	1	1	0	0	0	1	0	0
OG_14694	2	1	1	1	1	2	1	1	1	1	1	3	2	1	1
OG_14695	2	1	1	1	2	1	1	1	1	1	1	13	1	1	1
OG_14696	2	1	1	2	1	2	1	1	1	1	1	1	0	1	1
OG_14697	2	2	1	1	2	2	1	2	1	1	2	2	1	2	1
OG_14698	2	1	1	1	1	2	2	1	2	1	1	3	2	1	1
OG_14699	2	1	1	1	1	0	1	1	2	1	0	0	1	0	0
OG_14700	4	2	1	1	1	2	3	1	2	3	2	5	2	1	1
OG_14701	2	1	1	1	1	2	1	1	1	1	1	1	1	1	2
OG_14702	2	1	1	2	1	2	2	1	1	2	1	2	2	0	1
OG_14703	2	1	1	2	1	1	2	1	1	1	1	1	1	1	1
OG_14704	2	1	1	1	1	1	1	1	1	1	1	1	2	1	7
OG_14705	2	1	2	1	1	2	1	1	1	1	1	1	1	1	1
OG_14706	3	1	1	1	1	2	1	1	4	1	2	5	1	1	2
OG_14707	2	1	1	1	1	0	3	1	1	1	1	1	1	0	0
OG_14708	4	0	1	1	1	2	1	1	1	1	2	7	1	5	1
OG_14709	1	1	3	1	1	0	1	1	2	1	1	1	1	0	1
OG_14710	2	1	1	0	1	0	1	1	1	0	1	1	1	0	0
OG_14711	2	1	1	1	1	0	2	1	2	1	0	2	2	0	0
OG_14712	2	2	2	1	1	0	1	1	1	1	1	1	1	0	1
OG_14713	2	1	1	3	1	1	1	1	1	2	1	1	1	1	1
OG_14714	4	1	2	8	1	0	1	1	1	5	1	3	1	0	0
OG_14715	2	1	3	3	1	1	1	1	1	1	1	1	1	1	1
OG_14716	5	2	1	1	1	0	2	1	2	3	0	0	1	0	0
OG_14717	3	2	4	7	17	0	2	15	15	4	0	0	2	0	0
OG_14718	2	1	1	1	1	1	1	1	1	1	2	2	1	1	1
OG_14719	2	3	1	2	1	4	1	1	1	1	2	1	1	0	4
OG_14720	2	1	1	1	1	1	1	1	1	1	2	8	1	0	1
OG_14721	2	1	1	1	1	3	2	1	1	0	1	3	1	1	1
OG_14722	2	1	1	4	1	0	1	1	1	1	0	0	1	0	0
OG_14723	2	1	1	2	1	3	1	1	1	1	1	2	1	4	1
OG_14724	1	0	0	0	0	0	1	0	0	0	0	0	1	0	0
OG_14725	4	1	1	1	1	1	2	1	1	1	1	1	2	1	1
OG_14726	2	1	1	1	1	1	1	1	1	1	1	2	1	0	1
OG_14727	3	2	1	1	1	1	2	1	1	1	1	1	2	2	1
OG_14728	2	1	1	1	1	1	1	1	1	1	1	1	1	1	1
OG_14729	2	1	1	1	1	1	1	1	1	1	2	2	1	1	1
OG_14730	2	1	1	2	1	0	2	1	2	1	5	1	2	0	0
OG_14731	3	1	1	2	1	0	1	1	2	1	1	1	1	0	1
OG_14732	4	1	2	2	1	1	2	1	1	2	2	1	2	1	1
OG_14733	2	1	1	3	1	1	1	1	1	2	3	4	1	1	3
OG_14734	4	1	2	1	1	0	2	1	1	1	1	1	1	0	0
OG_14735	4	1	1	3	1	0	2	1	1	3	0	1	2	0	3
OG_14736	1	1	1	1	1	2	1	2	1	3	2	3	1	1	0
OG_14737	2	1	1	2	1	1	2	1	1	2	1	2	2	1	1
OG_14738	2	2	1	1	1	2	1	1	1	1	1	4	1	0	1
OG_14739	2	1	1	1	1	1	1	1	1	1	1	1	1	1	0
OG_14740	2	1	1	2	1	1	1	2	1	2	1	0	1	0	1
OG_14741	2	1	1	1	1	1	1	1	1	1	1	3	1	1	1
OG_14742	2	2	2	3	1	0	1	2	2	3	0	1	1	0	0
OG_14743	3	2	1	2	1	1	1	1	1	1	2	3	1	1	1
OG_14744	2	2	1	1	1	1	2	1	1	1	1	1	1	1	1
OG_14745	2	1	1	1	1	3	1	1	1	1	1	1	1	1	0
OG_14746	2	1	1	1	1	1	1	1	1	1	2	1	2	0	1
OG_14747	0	1	0	0	0	0	0	0	0	0	0	0	0	0	1
OG_14748	5	1	1	3	1	3	2	1	2	2	1	1	2	0	0
OG_14749	2	1	1	2	1	5	2	1	2	5	3	1	2	1	1
OG_14750	3	1	1	3	1	5	1	1	1	4	3	7	1	1	1
OG_14751	2	1	1	1	1	1	1	1	1	1	1	3	1	2	1
OG_14752	2	1	5	4	1	1	2	1	1	2	1	4	3	2	1
OG_14753	1	1	1	0	1	1	1	1	1	1	0	1	1	1	0
OG_14754	3	1	1	1	1	1	1	1	1	1	1	3	1	1	1
OG_14755	1	1	2	0	1	1	1	1	2	1	1	1	2	0	1
OG_14756	1	0	1	2	1	0	1	2	1	1	1	1	1	0	0
OG_14757	1	0	1	1	1	0	1	3	1	2	2	1	1	0	0
OG_14758	3	2	1	1	1	0	1	1	1	2	1	4	1	0	1
OG_14759	0	0	0	0	0	3	0	0	0	0	0	0	0	1	0
OG_14760	3	1	2	2	1	1	2	1	1	1	2	3	2	1	1
OG_14761	2	1	1	0	1	7	1	1	1	1	2	1	1	0	1
OG_14762	3	1	1	1	1	4	1	1	1	1	3	3	2	2	1
OG_14763	4	2	1	1	1	6	3	1	1	7	4	6	3	1	1
OG_14764	2	1	1	5	1	0	2	1	1	3	2	1	1	0	0
OG_14765	4	1	1	1	1	0	1	1	1	1	0	1	1	0	0
OG_14766	2	2	1	2	2	4	1	1	1	2	2	4	2	1	1
OG_14767	4	1	1	1	1	0	1	1	2	1	1	4	1	0	1
OG_14768	5	1	1	1	1	1	2	1	1	2	4	1	2	2	1
OG_14769	1	1	1	1	1	1	1	1	1	1	1	1	1	1	1
OG_14770	2	1	1	1	1	1	2	1	1	1	1	1	2	1	1
OG_14771	5	1	1	3	1	0	1	1	4	3	6	0	2	0	1
OG_14772	2	4	1	1	1	0	1	1	1	1	1	1	1	0	1
OG_14773	2	1	1	2	1	1	1	1	1	1	1	1	1	0	1
OG_14774	2	1	1	1	1	1	2	1	0	3	2	6	3	5	1
OG_14775	1	1	1	2	1	2	1	1	1	2	2	4	1	1	1
OG_14776	4	1	1	1	4	0	2	1	2	1	1	1	2	0	0
OG_14777	2	1	1	1	1	1	2	1	1	2	1	1	1	2	1
OG_14778	6	1	1	2	1	0	1	1	1	1	1	1	1	0	0
OG_14779	6	2	1	1	1	2	2	1	1	3	1	2	2	1	1
OG_14780	2	1	1	2	2	2	1	1	1	1	1	1	2	0	2
OG_14781	2	1	1	2	1	0	2	1	1	2	1	3	2	0	1
OG_14782	4	1	1	2	1	0	1	1	0	4	0	1	1	0	1
OG_14783	5	1	1	1	1	1	1	1	1	4	2	2	1	1	1
OG_14784	2	1	1	1	1	1	1	1	1	1	1	1	1	1	1
OG_14785	4	1	2	6	1	1	1	1	1	2	1	1	1	0	1
OG_14786	1	1	1	1	1	2	1	1	1	1	1	1	1	1	1
OG_14787	2	1	1	1	1	2	1	1	1	2	1	1	1	1	0
OG_14788	4	1	1	1	2	0	1	2	1	1	1	1	1	0	0
OG_14789	2	1	1	1	1	0	1	1	1	1	1	2	1	0	1
OG_14790	2	1	1	0	1	0	1	1	1	1	1	2	1	0	1
OG_14791	1	3	0	6	2	0	0	3	3	2	0	0	0	0	0
OG_14792	2	6	0	2	0	0	1	2	1	1	0	0	2	0	0
OG_14793	2	6	0	1	1	0	1	1	1	1	0	0	0	0	0
OG_14794	2	1	1	1	1	1	1	1	1	2	1	3	1	1	1
OG_14795	2	1	1	1	1	1	1	1	1	1	0	1	1	1	1
OG_14796	2	2	1	1	2	0	1	1	1	1	0	0	1	0	0
OG_14797	5	1	1	3	1	2	1	1	2	3	1	1	1	0	1
OG_14798	2	1	1	3	1	2	2	2	3	3	1	2	1	1	1
OG_14799	2	1	1	1	3	0	1	1	2	2	0	0	1	0	0
OG_14800	4	1	1	3	1	1	1	1	1	4	3	1	2	1	1
OG_14801	3	1	1	1	1	2	1	1	1	1	1	1	1	2	1
OG_14802	2	1	1	3	1	2	2	1	0	2	0	1	1	1	1
OG_14803	8	1	2	3	1	3	3	1	1	1	1	1	3	1	2
OG_14804	4	2	2	2	2	2	2	2	2	2	1	1	2	1	0
OG_14805	0	1	1	1	1	0	1	1	1	1	1	0	1	0	0
OG_14806	2	1	1	1	1	1	1	1	1	1	1	1	2	1	1
OG_14807	6	1	1	2	1	1	1	1	2	1	1	3	1	1	0
OG_14808	2	1	1	1	1	1	2	1	1	1	1	2	2	1	1
OG_14809	2	1	1	1	1	1	1	1	2	3	1	1	1	2	1
OG_14810	2	1	1	1	1	1	1	1	1	1	4	1	1	1	1
OG_14811	2	1	1	1	1	3	1	1	1	1	1	1	1	1	1
OG_14812	3	0	1	0	0	0	6	0	0	0	0	0	3	0	0
OG_14813	2	6	1	4	4	0	1	3	4	2	1	0	1	0	0
OG_14814	1	1	1	1	1	0	1	2	2	1	2	1	1	0	0
OG_14815	2	1	1	2	1	0	2	1	1	2	1	2	3	0	1
OG_14816	2	1	1	1	1	1	1	1	1	1	1	1	1	2	1
OG_14817	1	1	1	1	1	1	2	1	1	1	1	3	1	2	1
OG_14818	5	5	1	2	2	3	2	2	4	3	2	2	1	1	1
OG_14819	2	1	2	2	1	1	2	2	1	2	4	2	2	2	2
OG_14820	3	1	1	2	1	1	1	1	1	1	1	2	1	1	1
OG_14821	2	2	2	3	2	1	2	1	2	3	3	7	2	0	1
OG_14822	4	1	2	4	2	2	2	2	2	2	1	2	3	0	1
OG_14823	3	2	2	2	2	0	1	1	1	3	2	0	1	0	0
OG_14824	3	1	1	1	1	2	2	1	1	2	1	1	2	1	3
OG_14825	4	1	1	1	1	0	2	1	2	1	2	1	3	0	1
OG_14826	2	1	1	1	1	6	1	1	1	1	2	0	1	1	3
OG_14827	8	1	0	1	1	0	4	1	1	1	0	0	1	0	0
OG_14828	2	1	1	3	1	0	1	1	1	5	2	0	1	0	1
OG_14829	2	1	12	2	1	0	1	1	1	1	0	1	1	0	1
OG_14830	2	1	1	2	1	2	1	1	2	1	1	2	1	1	0
OG_14831	4	2	2	5	12	4	2	2	2	2	1	1	4	2	1
OG_14832	2	1	2	0	1	0	1	1	1	1	2	1	1	0	1
OG_14833	2	3	1	1	1	0	1	1	1	1	1	1	1	0	0
OG_14834	2	1	1	3	1	1	1	1	1	5	1	3	1	1	1
OG_14835	5	0	0	1	0	0	0	0	1	0	1	0	0	0	0
OG_14836	1	2	1	3	1	2	1	1	1	2	1	3	1	1	2
OG_14837	4	4	4	4	2	1	3	3	4	4	1	2	3	1	1
OG_14838	5	1	2	4	1	0	3	2	2	2	2	3	2	0	0
OG_14839	2	1	1	1	1	0	1	1	1	1	1	1	1	0	1
OG_14840	2	2	0	3	3	0	1	1	1	1	1	0	1	0	0
OG_14841	2	2	1	3	1	0	1	1	1	0	2	2	1	0	0
OG_14842	2	1	3	1	1	2	4	1	1	1	1	3	2	0	2
OG_14843	2	1	1	1	1	1	1	1	1	1	1	1	1	1	1
OG_14844	2	1	1	1	1	1	2	1	1	1	2	3	2	1	2
OG_14845	2	1	1	2	1	0	1	2	2	2	1	1	2	0	0
OG_14846	4	1	2	1	1	1	1	1	1	2	3	2	1	1	0
OG_14847	5	1	1	6	1	3	3	1	1	3	2	3	3	2	2
OG_14848	3	1	1	2	1	2	2	1	1	2	1	4	1	2	2
OG_14849	2	1	2	1	2	1	1	1	3	3	1	3	3	3	1
OG_14850	2	1	1	1	1	1	1	1	1	1	1	1	1	1	1
OG_14851	7	1	1	4	1	1	1	1	1	4	2	1	1	0	1
OG_14852	5	1	1	4	1	2	1	1	1	4	1	1	1	1	1
OG_14853	3	1	2	1	1	0	3	1	1	1	2	2	2	0	1
OG_14854	0	1	1	0	1	0	0	1	2	1	1	4	0	0	1
OG_14855	6	1	1	1	1	3	3	1	1	6	1	3	3	3	0
OG_14856	2	2	2	1	1	3	1	1	1	1	1	1	2	2	1
OG_14857	2	1	1	3	1	0	1	1	1	2	1	1	1	0	1
OG_14858	2	2	1	1	1	1	2	1	2	1	1	1	1	2	1
OG_14859	2	3	1	1	1	2	1	1	1	2	1	2	1	1	0
OG_14860	3	1	1	2	1	0	2	1	1	2	1	1	1	0	0
OG_14861	2	1	1	4	1	1	1	1	1	1	1	10	1	1	1
OG_14862	11	3	4	6	4	5	3	2	3	5	3	4	3	0	2
OG_14863	4	1	1	2	1	1	2	1	1	2	1	0	2	1	2
OG_14864	2	1	1	4	1	1	2	1	1	4	1	1	2	2	1
OG_14865	4	1	1	1	1	1	1	1	1	2	2	4	1	1	1
OG_14866	2	1	1	1	2	2	1	1	1	1	1	4	1	1	1
OG_14867	2	1	1	1	1	1	1	1	1	1	2	1	1	1	1
OG_14868	4	1	1	1	1	2	3	1	1	2	2	1	2	1	1
OG_14869	8	1	1	2	1	2	2	1	2	2	1	1	2	3	2
OG_14870	2	1	1	2	1	1	1	1	1	1	1	1	1	1	0
OG_14871	4	1	1	1	1	6	3	1	1	2	1	4	4	2	0
OG_14872	3	2	2	2	2	1	3	2	2	4	2	3	2	1	1
OG_14873	2	1	1	1	1	1	1	1	1	1	2	1	1	1	1
OG_14874	2	1	1	2	1	0	0	1	1	1	0	2	1	0	0
OG_14875	2	2	1	3	2	2	1	3	2	3	1	3	1	1	1
OG_14876	2	1	1	1	2	5	1	1	1	2	3	2	3	2	1
OG_14877	2	1	1	2	1	1	1	1	1	1	1	2	1	1	1
OG_14878	9	2	2	2	3	1	1	3	2	1	1	1	1	2	0
OG_14879	4	5	2	8	3	2	3	5	5	10	4	3	3	3	3
OG_14880	2	2	2	6	1	5	2	1	1	1	1	9	1	3	1
OG_14881	8	1	1	9	1	0	2	1	1	6	1	1	1	0	1
OG_14882	2	1	1	1	1	1	1	1	1	2	1	2	1	1	1
OG_14883	4	4	4	2	2	1	2	2	2	2	1	1	2	1	1
OG_14884	17	1	1	9	1	1	3	1	1	9	2	1	2	1	1
OG_14885	2	1	1	4	1	2	2	1	2	2	2	1	2	1	2
OG_14886	3	1	1	1	1	0	3	1	1	1	1	1	1	0	1
OG_14887	3	2	1	2	1	1	3	1	1	2	2	1	4	1	1
OG_14888	2	1	1	1	1	0	1	1	1	1	0	0	1	0	0
OG_14889	2	3	1	2	1	1	2	1	1	2	2	6	2	1	1
OG_14890	2	0	1	0	1	0	1	0	0	0	0	0	1	0	3
OG_14891	2	1	1	1	2	0	1	2	1	1	1	0	1	0	0
OG_14892	12	1	1	6	1	2	1	1	1	1	0	0	1	2	1
OG_14893	3	1	1	2	1	1	2	1	2	2	2	1	1	2	2
OG_14894	5	2	2	4	2	0	3	2	2	4	3	1	3	0	0
OG_14895	0	1	0	1	0	0	0	1	1	1	0	0	0	0	0
OG_14896	2	2	2	1	1	0	2	2	2	2	1	1	1	0	0
OG_14897	3	4	5	0	3	0	3	2	1	1	2	1	6	0	1
OG_14898	4	1	1	1	1	2	2	1	1	1	1	3	2	1	1
OG_14899	2	1	1	1	1	1	2	1	1	2	1	5	1	1	1
OG_14900	1	1	1	1	3	1	1	1	1	1	1	1	1	2	2
OG_14901	2	1	1	1	2	0	1	1	1	2	1	1	1	0	0
OG_14902	4	7	1	0	2	0	1	1	0	0	0	0	1	0	0
OG_14903	1	1	1	1	1	1	1	1	1	1	0	2	1	0	1
OG_14904	2	1	1	1	1	1	1	1	1	1	1	1	1	2	0
OG_14905	5	0	1	4	2	0	1	2	2	0	0	1	1	0	0
OG_14906	3	0	2	3	1	0	2	2	1	1	0	0	3	0	0
OG_14907	2	0	1	1	0	0	1	1	1	1	0	1	2	0	0
OG_14908	2	1	1	2	1	2	1	1	1	3	1	1	2	2	1
OG_14909	2	2	1	1	1	1	4	1	2	1	1	1	2	1	1
OG_14910	2	1	3	1	1	3	2	2	1	2	1	4	2	3	2
OG_14911	7	1	1	2	2	2	4	1	1	2	2	2	2	1	1
OG_14912	3	1	1	2	1	1	1	1	1	2	2	1	2	2	2
OG_14913	2	1	1	3	1	0	2	1	1	1	1	1	1	0	0
OG_14914	2	0	2	1	1	1	1	1	1	2	1	1	1	1	1
OG_14915	2	1	1	1	1	3	1	1	1	1	2	1	1	1	1
OG_14916	3	1	1	1	1	7	2	1	1	1	2	4	2	6	3
OG_14917	4	1	1	3	1	2	2	1	1	1	2	1	2	2	2
OG_14918	2	1	1	1	1	2	1	1	1	2	1	1	1	1	1
OG_14919	2	1	1	1	1	1	2	1	2	2	1	4	2	1	1
OG_14920	1	2	3	1	1	0	1	1	4	2	1	2	2	0	0
OG_14921	2	1	1	1	1	2	1	1	1	1	1	1	2	1	1
OG_14922	1	1	1	1	2	1	1	1	1	1	2	1	1	2	1
OG_14923	2	1	1	2	1	1	1	14	1	1	1	1	1	1	1
OG_14924	6	1	1	1	1	8	2	1	2	1	1	1	2	1	1
OG_14925	9	2	1	1	1	1	1	1	2	1	1	1	2	1	1
OG_14926	10	1	1	1	1	1	6	1	1	1	2	1	1	1	1
OG_14927	2	2	1	2	1	0	2	1	1	4	1	1	1	0	1
OG_14928	5	1	1	1	1	1	2	1	1	4	1	2	3	1	1
OG_14929	4	1	1	1	1	1	1	1	1	1	1	1	2	0	0
OG_14930	2	1	1	2	1	0	2	1	1	1	2	0	1	0	0
OG_14931	2	1	1	1	1	2	1	1	1	1	1	2	1	1	1
OG_14932	2	1	1	1	1	1	1	2	1	1	1	3	1	1	1
OG_14933	3	4	2	1	5	5	3	1	5	1	7	1	3	0	2
OG_14934	4	1	1	7	1	0	3	1	2	4	2	4	4	0	1
OG_14935	2	1	1	1	1	0	1	1	1	1	2	1	1	0	1
OG_14936	4	1	1	1	1	1	1	1	1	1	0	2	3	3	2
OG_14937	2	2	1	1	1	1	1	1	1	1	1	1	1	1	1
OG_14938	4	4	4	2	3	3	4	4	7	4	2	2	4	6	2
OG_14939	2	1	1	4	1	0	1	1	1	2	1	1	1	0	1
OG_14940	3	1	1	1	1	4	1	1	1	2	2	1	1	0	1
OG_14941	2	1	1	1	1	0	1	1	7	2	1	1	1	0	0
OG_14942	2	1	3	1	2	1	2	3	2	1	1	1	1	1	1
OG_14943	1	1	1	1	1	1	2	1	1	1	2	1	2	1	1
OG_14944	3	1	1	1	1	1	2	1	1	1	1	2	2	1	1
OG_14945	3	3	2	8	3	0	2	3	3	5	2	1	2	0	0
OG_14946	3	2	2	1	1	0	4	1	2	0	1	1	3	0	0
OG_14947	2	1	1	4	1	1	1	2	1	5	1	1	2	1	1
OG_14948	6	1	2	1	1	0	1	1	1	1	1	2	1	0	1
OG_14949	4	0	1	0	1	0	1	0	0	0	2	1	1	0	0
OG_14950	2	1	1	1	1	1	2	1	1	1	1	2	1	1	2
OG_14951	2	1	1	1	1	0	1	1	2	2	1	1	1	0	1
OG_14952	2	1	1	1	1	1	1	1	2	2	1	1	2	1	1
OG_14953	2	1	1	1	1	1	1	1	1	1	1	1	1	2	1
OG_14954	3	1	1	2	1	0	2	1	1	1	1	1	1	0	2
OG_14955	2	1	1	4	1	0	1	1	1	1	2	3	1	0	4
OG_14956	3	2	1	2	1	1	1	2	2	2	1	1	1	1	1
OG_14957	2	2	1	2	1	3	3	1	2	1	2	4	3	1	6
OG_14958	2	1	2	1	1	1	1	1	1	1	1	8	1	1	1
OG_14959	2	1	4	2	1	1	2	1	1	2	2	3	2	0	0
OG_14960	1	1	1	2	1	0	1	2	1	2	1	2	1	0	1
OG_14961	1	1	1	0	1	3	1	1	1	0	1	1	1	0	0
OG_14962	7	3	2	3	3	1	5	3	3	4	2	2	2	1	2
OG_14963	13	1	1	3	3	1	1	1	2	3	1	1	1	1	1
OG_14964	13	0	1	0	0	0	8	0	0	0	0	0	2	0	0
OG_14965	2	4	1	1	2	2	1	1	2	2	1	0	1	1	1
OG_14966	3	1	1	1	1	0	1	1	1	1	1	2	1	0	0
OG_14967	3	1	1	1	1	2	2	1	1	3	1	1	1	1	1
OG_14968	2	1	2	1	1	1	1	1	1	1	2	1	2	2	1
OG_14969	4	1	1	1	5	2	3	1	1	4	2	1	2	0	0
OG_14970	9	1	1	2	1	2	4	1	1	2	2	3	5	0	1
OG_14971	2	1	1	4	1	5	2	1	1	1	1	1	1	1	1
OG_14972	4	3	4	7	2	1	3	3	2	3	2	6	3	0	0
OG_14973	2	2	1	2	1	1	3	1	1	3	1	3	3	1	1
OG_14974	6	3	2	0	3	0	1	2	2	2	0	2	1	0	0
OG_14975	3	1	1	2	4	1	2	1	1	1	1	5	2	1	1
OG_14976	5	1	1	3	2	3	1	1	1	4	2	9	2	3	0
OG_14977	3	1	1	1	1	0	2	1	1	1	1	4	1	0	2
OG_14978	0	0	0	0	0	1	0	0	0	0	0	0	0	2	0
OG_14979	2	1	1	1	1	2	1	1	1	2	2	0	1	3	1
OG_14980	1	1	1	1	1	1	1	1	1	2	1	1	1	1	1
OG_14981	3	3	2	1	1	2	2	1	2	1	1	1	2	1	1
OG_14982	2	6	1	5	1	0	2	3	11	3	0	0	1	0	0
OG_14983	0	1	0	2	3	0	0	1	1	1	1	1	0	0	1
OG_14984	2	1	1	1	1	3	2	1	1	1	1	1	2	1	1
OG_14985	2	1	1	1	1	0	1	1	1	1	1	1	1	0	1
OG_14986	5	1	1	1	1	3	2	1	1	1	1	1	2	5	3
OG_14987	2	1	1	2	1	1	1	1	1	2	1	4	2	1	1
OG_14988	2	1	2	3	1	0	1	1	2	2	1	0	1	0	1
OG_14989	6	6	5	7	6	6	4	5	8	6	3	6	5	9	6
OG_14990	4	0	1	2	1	0	1	1	1	2	1	2	1	0	8
OG_14991	4	0	0	0	0	4	2	0	0	0	1	17	2	0	0
OG_14992	2	0	1	1	1	2	1	1	3	1	1	0	1	2	1
OG_14993	2	3	1	1	1	2	1	1	3	1	1	1	1	1	1
OG_14994	5	1	1	3	1	2	3	1	3	1	2	12	3	1	2
OG_14995	2	1	2	3	1	0	1	1	1	1	2	4	2	0	1
OG_14996	2	1	1	0	1	0	1	1	1	2	1	1	1	0	1
OG_14997	4	1	2	2	1	2	2	1	1	4	1	1	1	0	0
OG_14998	2	1	1	6	1	0	1	1	1	1	1	2	1	0	0
OG_14999	2	1	1	1	1	2	2	1	2	1	1	1	1	0	0
OG_15000	10	2	1	1	0	0	2	1	1	1	4	2	2	0	3
OG_15001	3	1	1	1	2	0	1	1	1	1	2	1	1	0	0
OG_15002	1	1	1	1	1	2	1	1	1	1	1	2	1	1	1
OG_15003	3	1	1	2	1	0	2	1	1	4	1	3	2	0	0
OG_15004	3	1	1	1	1	0	1	1	1	2	0	0	1	0	0
OG_15005	3	1	1	1	1	1	3	1	2	3	2	5	2	1	1
OG_15006	3	1	3	3	1	5	1	1	1	1	3	1	2	1	3
OG_15007	4	1	1	1	1	1	1	1	1	1	2	1	1	1	1
OG_15008	2	1	1	1	1	4	2	1	1	1	1	1	2	1	1
OG_15009	2	1	2	1	1	0	1	1	2	1	1	1	1	0	1
OG_15010	2	1	1	1	1	0	3	1	1	1	0	0	2	0	0
OG_15011	3	1	1	2	1	0	1	1	1	3	1	1	1	0	0
OG_15012	2	1	1	3	1	1	2	1	2	2	1	1	1	2	1
OG_15013	2	3	1	2	1	5	2	1	1	1	3	1	2	2	0
OG_15014	2	1	1	1	1	0	1	1	1	2	0	0	1	0	0
OG_15015	3	1	1	1	1	2	3	1	2	1	1	1	3	1	2
OG_15016	2	1	0	1	0	5	1	0	1	1	2	1	1	1	1
OG_15017	2	5	1	2	1	1	2	2	1	2	2	1	4	1	2
OG_15018	2	1	1	0	1	1	1	1	1	1	1	1	1	1	1
OG_15019	2	1	1	1	1	2	2	1	1	2	1	2	3	1	1
OG_15020	2	1	1	1	1	1	1	1	1	1	1	3	1	1	1
OG_15021	7	1	2	4	1	3	3	2	2	3	3	5	4	1	1
OG_15022	4	0	1	0	1	0	3	0	1	0	0	0	0	0	0
OG_15023	2	1	2	3	6	1	3	2	1	1	2	1	4	1	2
OG_15024	2	0	0	0	0	0	1	0	0	0	0	0	1	0	0
OG_15025	2	1	4	3	1	6	1	1	2	1	1	1	3	0	1
OG_15026	4	2	2	1	2	2	2	2	4	2	2	2	2	0	1
OG_15027	3	1	1	2	1	2	2	1	2	1	1	4	2	1	1
OG_15028	2	1	1	1	1	1	1	1	1	1	1	1	1	1	1
OG_15029	2	1	1	1	1	1	1	1	1	1	2	1	1	2	1
OG_15030	2	1	1	2	1	0	1	1	1	2	1	1	1	0	1
OG_15031	4	1	6	1	1	2	4	1	3	1	3	1	5	1	1
OG_15032	3	1	2	2	2	2	4	2	2	2	2	1	4	2	1
OG_15033	7	1	1	5	1	0	3	1	2	1	2	4	3	0	6
OG_15034	2	1	1	4	1	0	0	1	1	2	0	1	1	0	0
OG_15035	3	0	0	0	0	0	1	0	0	0	0	0	0	0	0
OG_15036	4	2	2	6	4	0	2	2	4	3	2	2	2	0	0
OG_15037	2	1	1	3	1	0	1	1	1	1	1	1	1	0	1
OG_15038	2	0	0	0	0	0	0	0	0	0	1	0	0	0	0
OG_15039	2	1	1	1	1	1	1	1	1	1	1	1	1	2	1
OG_15040	4	0	1	1	1	0	2	1	1	3	2	5	2	0	0
OG_15041	1	1	1	1	1	0	1	1	1	1	1	1	1	0	0
OG_15042	2	1	1	1	1	1	1	1	1	1	1	0	1	1	3
OG_15043	4	4	1	7	4	2	2	3	3	3	5	4	2	3	2
OG_15044	12	7	12	2	10	0	8	1	7	2	3	4	4	0	0
OG_15045	6	1	1	2	1	1	3	1	1	1	1	1	3	1	1
OG_15046	1	1	1	1	2	1	2	1	1	1	1	1	1	1	1
OG_15047	2	1	1	3	1	1	2	5	2	1	6	1	2	1	1
OG_15048	3	1	1	1	1	1	1	1	1	1	1	3	1	1	1
OG_15049	3	1	1	1	1	1	2	1	1	1	1	2	2	1	1
OG_15050	4	1	1	3	1	2	4	1	1	2	1	2	2	2	2
OG_15051	2	1	1	1	1	1	2	1	1	1	1	2	2	0	1
OG_15052	2	1	1	1	1	2	3	1	1	3	1	2	2	1	1
OG_15053	3	1	1	3	1	2	3	1	1	1	4	1	5	0	1
OG_15054	2	1	1	2	1	3	1	1	1	1	1	2	1	3	2
OG_15055	2	1	1	1	1	0	4	1	1	2	1	1	2	0	2
OG_15056	2	1	1	1	1	0	1	1	1	1	2	3	1	0	1
OG_15057	5	2	2	6	2	1	2	2	2	11	1	2	2	1	1
OG_15058	2	1	1	3	1	2	2	2	1	1	1	10	2	1	1
OG_15059	2	2	1	1	1	1	2	2	1	1	2	2	1	1	1
OG_15060	4	2	1	2	1	1	2	1	2	2	4	2	2	1	1
OG_15061	2	1	1	1	1	0	1	1	1	2	1	1	1	0	0
OG_15062	1	0	1	0	0	0	0	0	0	0	0	0	1	0	0
OG_15063	5	0	2	0	1	0	2	0	1	0	0	0	1	0	1
OG_15064	5	1	1	0	1	0	1	1	1	3	1	1	2	0	0
OG_15065	2	2	2	1	2	0	1	1	1	1	0	0	1	0	0
OG_15066	3	0	6	0	0	0	4	0	0	0	0	0	5	0	0
OG_15067	2	1	1	2	1	0	1	1	2	3	1	1	1	0	1
OG_15068	2	1	2	2	1	3	1	1	1	1	1	1	1	3	4
OG_15069	3	1	1	2	0	0	1	3	2	1	1	3	1	0	0
OG_15070	2	1	1	1	1	2	1	2	2	1	1	2	1	1	1
OG_15071	2	1	1	1	1	0	1	1	2	1	0	0	1	0	0
OG_15072	3	1	1	5	1	1	1	1	1	1	2	1	1	1	1
OG_15073	8	1	1	3	1	9	1	1	3	3	2	1	1	1	1
OG_15074	6	1	1	1	1	1	2	1	1	1	1	1	1	1	1
OG_15075	0	1	1	1	1	0	0	2	0	0	0	1	0	2	1
OG_15076	4	0	7	0	7	2	6	0	5	0	0	1	4	2	3
OG_15077	2	0	2	0	0	0	2	0	0	0	0	0	5	0	0
OG_15078	2	2	1	2	1	1	3	3	2	3	1	4	1	12	1
OG_15079	16	1	3	3	1	0	3	1	1	5	1	0	3	0	1
OG_15080	5	1	1	3	1	3	1	1	1	2	1	7	2	1	1
OG_15081	2	2	1	2	1	1	1	1	1	1	0	4	1	1	4
OG_15082	2	1	1	1	1	3	1	1	1	1	0	2	1	1	1
OG_15083	6	0	2	3	1	20	3	1	1	1	3	7	4	5	2
OG_15084	0	1	0	0	0	0	0	0	0	0	0	0	1	1	0
OG_15085	2	2	1	2	1	3	1	1	1	1	1	1	1	2	1
OG_15086	3	1	0	1	1	0	1	1	0	1	1	1	2	0	0
OG_15087	0	0	0	0	0	5	0	0	0	0	0	0	0	1	0
OG_15088	4	1	1	3	1	2	3	1	2	1	1	9	3	2	1
OG_15089	2	1	1	2	2	0	2	1	1	2	1	3	1	0	0
OG_15090	2	1	1	1	1	0	1	1	1	1	1	2	1	0	0
OG_15091	4	1	1	1	1	3	3	1	1	2	3	4	1	4	1
OG_15092	1	1	1	1	1	0	1	1	1	1	2	1	1	0	0
OG_15093	2	1	1	1	2	1	1	1	1	1	1	3	1	1	1
OG_15094	2	1	1	1	1	1	1	1	1	1	0	1	1	1	0
OG_15095	2	1	1	1	1	1	2	1	1	2	2	1	2	1	1
OG_15096	2	1	1	1	1	1	1	1	2	1	1	1	1	2	1
OG_15097	2	1	1	1	1	0	1	1	1	1	1	1	1	0	1
OG_15098	5	1	1	1	1	3	2	1	1	1	1	7	1	1	0
OG_15099	1	1	1	1	0	3	1	1	1	1	1	1	2	1	1
OG_15100	3	2	1	1	1	0	1	1	1	1	1	1	1	0	0
OG_15101	1	0	1	1	1	1	1	1	1	0	1	1	3	3	0
OG_15102	2	1	1	2	1	3	2	1	1	2	4	5	3	3	2
OG_15103	2	2	1	3	0	0	0	2	2	2	0	0	0	0	0
OG_15104	12	28	12	14	6	5	10	9	12	6	4	3	9	0	0
OG_15105	2	1	0	1	1	0	1	1	1	2	1	0	1	0	0
OG_15106	1	13	4	1	2	0	1	3	4	3	0	1	1	0	3
OG_15107	2	1	1	1	1	1	1	1	1	1	1	2	1	2	1
OG_15108	5	1	1	1	1	1	2	1	1	1	1	1	3	1	8
OG_15109	2	1	1	4	1	1	1	2	1	1	1	1	1	1	0
OG_15110	20	1	1	2	1	3	4	1	1	1	2	2	0	1	1
OG_15111	0	0	0	0	0	0	4	0	0	0	0	0	4	0	0
OG_15112	4	2	1	2	1	2	4	1	1	2	2	1	3	1	3
OG_15113	3	1	2	1	1	2	1	1	1	1	0	4	2	0	1
OG_15114	6	2	1	0	2	0	2	4	4	1	1	2	1	0	0
OG_15115	2	2	1	2	2	0	1	1	2	4	0	0	1	0	0
OG_15116	3	0	3	3	2	5	2	3	4	3	3	1	2	2	0
OG_15117	4	2	1	3	3	1	2	2	3	2	1	0	2	1	1
OG_15118	0	1	0	1	1	0	0	1	0	0	0	0	0	0	0
OG_15119	2	1	1	2	1	1	1	1	1	2	1	2	2	1	2
OG_15120	13	1	1	7	1	1	2	1	1	4	1	1	2	1	1
OG_15121	4	1	1	1	2	2	2	1	1	2	1	3	1	1	1
OG_15122	2	3	1	1	1	2	1	1	0	2	1	3	1	4	1
OG_15123	2	1	2	1	1	0	1	1	2	1	1	1	2	0	0
OG_15124	2	1	1	2	1	1	1	1	1	1	1	1	1	1	2
OG_15125	4	4	1	4	2	2	1	2	3	2	2	0	2	1	0
OG_15126	1	1	1	1	1	0	1	1	1	1	1	1	1	0	0
OG_15127	2	0	2	0	0	0	1	0	0	0	0	0	2	0	1
OG_15128	2	1	1	5	1	0	2	4	1	4	4	3	1	0	1
OG_15129	2	1	1	1	1	1	1	1	1	2	1	1	1	1	1
OG_15130	4	1	3	3	5	1	2	2	4	1	1	2	2	2	8
OG_15131	1	1	1	1	1	1	1	1	1	1	3	1	1	0	1
OG_15132	2	1	1	2	1	2	1	1	2	2	2	5	1	1	0
OG_15133	1	1	1	1	1	1	1	1	2	1	1	2	1	2	2
OG_15134	2	1	1	1	1	0	1	1	1	1	1	1	1	0	0
OG_15135	0	1	0	2	3	0	0	4	2	2	1	0	0	0	0
OG_15136	4	1	1	1	1	1	1	1	1	1	1	1	1	2	2
OG_15137	3	2	1	2	1	0	2	1	1	4	2	1	3	0	0
OG_15138	12	1	2	1	3	1	4	2	3	0	1	2	3	1	2
OG_15139	4	1	1	2	1	0	3	1	1	1	1	8	2	0	2
OG_15140	2	2	1	1	1	1	2	1	1	2	2	3	2	1	1
OG_15141	2	1	1	1	1	1	1	1	1	1	1	3	1	7	1
OG_15142	2	1	1	1	1	1	1	2	1	1	2	2	1	1	1
OG_15143	4	1	1	2	1	1	3	1	1	2	2	2	3	2	1
OG_15144	0	0	0	0	0	3	0	0	0	0	0	0	0	2	0
OG_15145	4	1	1	1	1	2	1	1	3	4	1	1	1	1	1
OG_15146	3	0	1	0	5	0	2	0	0	0	0	0	2	0	0
OG_15147	2	1	1	2	3	5	1	1	1	1	2	1	1	3	2
OG_15148	8	2	2	2	2	1	2	2	3	1	1	5	2	0	1
OG_15149	2	0	1	1	1	1	1	1	2	1	1	2	2	1	1
OG_15150	1	2	1	1	3	0	1	1	1	1	1	6	1	0	1
OG_15151	4	0	4	2	5	2	2	2	5	2	6	4	3	7	1
OG_15152	2	1	1	2	3	0	1	1	1	2	5	1	2	0	1
OG_15153	2	1	3	1	1	3	2	1	2	1	1	2	2	1	6
OG_15154	9	1	1	1	1	1	3	1	1	5	1	5	3	2	1
OG_15155	2	1	1	1	1	1	2	1	1	1	1	1	1	1	1
OG_15156	4	5	6	4	6	1	5	4	3	4	3	4	4	3	4
OG_15157	2	0	1	1	1	0	1	1	1	1	1	1	1	1	0
OG_15158	20	7	9	6	5	0	19	5	4	6	4	4	17	0	2
OG_15159	1	1	1	2	1	9	1	1	2	1	2	1	3	0	1
OG_15160	2	1	2	1	1	1	2	1	1	1	1	3	1	1	1
OG_15161	4	1	1	1	2	1	2	1	3	1	0	0	1	0	0
OG_15162	2	1	1	1	2	1	1	1	1	1	1	3	1	1	1
OG_15163	3	1	3	2	2	1	2	2	2	3	2	4	1	0	1
OG_15164	2	1	1	1	1	0	1	1	1	1	3	1	1	0	0
OG_15165	2	0	1	2	1	2	1	1	1	1	1	1	1	0	0
OG_15166	2	1	1	2	1	0	1	1	1	1	1	4	1	1	0
OG_15167	4	1	1	1	1	3	2	1	1	1	5	5	1	4	1
OG_15168	2	4	1	1	1	1	1	3	1	1	2	1	1	1	1
OG_15169	1	1	1	2	1	0	1	2	1	2	0	0	1	0	0
OG_15170	2	1	1	1	1	2	1	1	1	1	0	1	1	0	1
OG_15171	3	1	1	1	1	0	6	2	2	1	1	1	3	0	0
OG_15172	2	1	1	2	2	0	1	1	2	1	0	1	1	0	0
OG_15173	2	1	1	1	1	0	1	1	2	1	1	1	2	0	1
OG_15174	2	1	1	1	1	3	1	1	1	1	1	1	1	0	2
OG_15175	2	1	1	2	1	1	1	1	1	1	4	1	1	1	1
OG_15176	3	1	1	5	1	0	1	1	1	2	1	2	1	0	0
OG_15177	4	1	1	4	1	7	2	1	1	2	1	2	1	1	12
OG_15178	5	1	1	4	1	0	1	1	1	1	1	1	1	0	0
OG_15179	2	1	1	2	1	2	1	1	1	1	3	2	1	0	0
OG_15180	2	1	1	1	2	1	2	1	1	1	1	2	2	2	1
OG_15181	2	1	1	1	1	1	1	1	1	1	2	2	1	1	1
OG_15182	2	1	1	3	1	1	1	1	1	3	2	1	1	1	1
OG_15183	3	1	1	5	3	1	3	1	1	4	2	1	2	1	1
OG_15184	3	2	1	2	1	0	1	1	2	3	1	1	3	0	0
OG_15185	2	1	0	1	1	0	1	1	1	1	1	1	1	0	0
OG_15186	2	1	1	2	1	1	1	1	1	1	1	1	1	1	1
OG_15187	6	1	1	5	1	0	1	1	1	3	1	3	1	0	0
OG_15188	3	1	1	1	1	0	1	1	1	1	1	2	4	2	1
OG_15189	2	1	1	2	1	0	1	2	2	1	0	2	1	0	1
OG_15190	2	2	1	1	2	0	1	1	1	1	0	0	2	0	0
OG_15191	3	1	1	1	1	1	1	1	2	0	1	2	1	1	1
OG_15192	8	1	3	1	8	5	6	1	2	1	1	1	5	0	0
OG_15193	2	2	1	1	1	1	2	1	1	1	2	4	2	1	2
OG_15194	2	2	1	1	4	0	1	1	2	1	1	2	2	0	1
OG_15195	3	3	2	11	2	1	1	2	2	2	1	1	2	1	1
OG_15196	2	1	1	1	1	2	2	1	1	1	1	2	2	1	1
OG_15197	2	0	0	0	0	0	1	3	0	0	0	0	1	0	0
OG_15198	2	1	1	1	1	1	1	1	1	1	1	4	1	4	1
OG_15199	2	1	1	1	1	1	2	1	3	1	0	1	2	0	1
OG_15200	2	2	1	3	1	0	3	1	1	2	2	1	5	0	0
OG_15201	4	1	1	1	1	9	2	2	1	1	2	2	1	1	0
OG_15202	2	2	1	1	2	1	3	1	1	1	1	3	2	1	1
OG_15203	4	2	2	2	2	3	4	2	2	3	1	2	4	2	3
OG_15204	1	1	2	1	1	1	1	1	1	1	2	1	1	1	1
OG_15205	2	1	1	5	1	1	1	1	1	4	1	1	1	1	1
OG_15206	5	1	1	7	1	0	1	1	1	3	1	4	1	0	1
OG_15207	2	1	1	2	1	1	1	1	1	1	2	4	1	4	1
OG_15208	6	1	2	3	1	0	1	1	1	6	1	0	1	0	0
OG_15209	3	2	1	2	1	2	1	1	1	1	1	2	1	3	1
OG_15210	1	1	1	0	1	1	1	1	2	1	1	2	1	0	0
OG_15211	0	1	0	0	1	0	0	2	0	0	0	0	0	0	0
OG_15212	3	1	1	1	1	0	2	1	1	1	1	1	2	0	0
OG_15213	0	0	0	0	0	0	0	0	0	0	0	1	0	0	1
OG_15214	2	1	1	2	1	0	2	1	1	1	1	1	2	0	1
OG_15215	2	1	1	1	1	1	1	1	1	1	1	1	1	1	1
OG_15216	4	1	2	2	1	2	3	1	2	1	3	4	3	0	1
OG_15217	3	2	1	2	1	4	1	1	1	1	1	1	1	0	1
OG_15218	4	1	1	2	1	2	1	1	2	1	2	5	1	4	1
OG_15219	2	1	1	1	1	0	3	1	2	1	1	0	4	0	1
OG_15220	10	1	2	1	2	0	2	1	1	1	1	1	2	0	0
OG_15221	2	1	1	1	1	0	1	1	1	1	1	3	1	0	0
OG_15222	2	1	1	2	1	2	2	1	1	2	2	1	2	2	1
OG_15223	2	1	1	3	1	0	1	1	1	1	1	1	1	0	1
OG_15224	3	1	1	1	1	1	1	1	1	1	1	1	1	1	1
OG_15225	2	1	1	1	1	1	1	2	1	1	2	4	1	1	1
OG_15226	5	1	1	2	1	1	1	1	2	3	1	1	2	1	1
OG_15227	2	1	1	1	1	1	1	1	1	1	2	1	1	2	1
OG_15228	2	1	1	1	3	0	2	1	6	1	6	2	1	0	1
OG_15229	2	1	1	3	1	1	2	1	1	3	1	2	2	2	2
OG_15230	3	2	1	3	1	1	3	1	2	2	3	0	2	0	2
OG_15231	1	3	1	1	1	2	1	1	1	1	2	1	1	2	1
OG_15232	2	1	1	8	1	0	1	1	1	3	1	1	1	0	1
OG_15233	2	1	1	2	1	1	1	1	1	2	1	1	3	1	1
OG_15234	2	1	1	1	1	1	1	1	2	1	1	2	1	1	1
OG_15235	4	2	2	4	2	1	4	4	2	4	3	8	3	4	2
OG_15236	4	1	1	1	1	1	1	1	3	1	1	6	1	1	2
OG_15237	7	3	3	10	3	3	5	3	4	9	3	6	4	5	4
OG_15238	4	0	1	1	1	0	1	2	1	3	1	1	0	0	0
OG_15239	3	1	2	1	1	3	2	1	1	1	1	1	1	0	1
OG_15240	9	1	2	2	1	2	2	1	1	1	2	2	2	2	1
OG_15241	2	1	1	2	1	1	1	1	1	1	1	1	1	1	1
OG_15242	2	1	1	1	1	0	1	1	1	2	1	2	1	0	1
OG_15243	2	2	1	3	2	1	1	2	3	2	2	4	1	1	0
OG_15244	8	1	1	1	2	0	3	1	1	1	1	4	3	0	2
OG_15245	2	2	2	1	1	2	2	1	1	1	2	3	2	2	3
OG_15246	3	2	1	1	1	0	1	1	4	1	1	1	1	0	1
OG_15247	2	1	1	1	2	1	1	1	1	1	2	1	1	1	1
OG_15248	3	1	1	1	1	3	3	1	1	2	1	1	1	1	2
OG_15249	2	1	1	1	1	1	1	1	1	1	1	1	1	1	1
OG_15250	2	1	1	3	1	0	1	1	1	6	1	1	0	0	0
OG_15251	3	1	1	1	1	0	1	1	1	1	0	0	2	0	0
OG_15252	3	1	1	1	1	0	2	1	1	2	0	1	1	0	0
OG_15253	0	2	1	4	1	0	0	3	2	4	0	2	0	0	0
OG_15254	2	1	1	1	1	1	1	1	1	1	1	1	1	1	1
OG_15255	2	1	1	1	1	1	2	1	1	2	1	3	1	1	1
OG_15256	3	0	1	1	1	1	1	1	2	1	3	1	2	1	4
OG_15257	0	0	0	0	0	2	0	0	0	0	0	0	0	0	1
OG_15258	2	0	2	1	1	4	2	1	1	1	1	1	2	2	2
OG_15259	2	1	1	2	1	1	2	1	1	1	0	2	2	1	1
OG_15260	2	1	1	1	2	0	1	3	2	1	2	4	1	3	1
OG_15261	5	2	1	2	1	2	1	1	1	1	1	1	3	2	1
OG_15262	3	1	1	4	1	0	2	2	1	1	1	1	2	0	0
OG_15263	3	1	1	1	1	0	1	2	1	5	1	1	1	0	0
OG_15264	1	1	1	1	1	1	1	1	1	1	1	1	1	1	1
OG_15265	3	1	1	2	1	2	1	1	1	1	1	1	1	1	1
OG_15266	3	1	1	1	1	1	1	1	1	1	1	1	1	1	1
OG_15267	5	2	1	3	1	0	1	3	1	1	1	1	1	0	0
OG_15268	2	2	1	1	2	1	2	1	1	1	1	2	1	2	1
OG_15269	2	1	1	1	1	4	2	1	1	1	1	2	1	2	1
OG_15270	2	1	3	1	1	0	1	1	1	1	1	1	1	0	0
OG_15271	8	1	2	2	1	1	2	1	1	5	3	1	3	1	2
OG_15272	2	1	1	1	1	0	1	1	2	0	1	1	1	0	1
OG_15273	4	2	1	3	2	1	1	1	1	1	1	2	2	1	0
OG_15274	4	1	0	2	1	1	2	1	2	3	1	0	2	2	3
OG_15275	3	1	1	2	1	1	1	1	1	1	1	2	1	1	1
OG_15276	2	1	1	3	1	1	2	1	1	1	2	6	2	3	2
OG_15277	9	2	5	9	4	12	2	4	2	7	2	2	2	2	1
OG_15278	5	1	2	5	1	0	2	1	1	4	1	1	1	0	0
OG_15279	2	1	1	1	1	2	1	1	1	1	2	4	1	1	2
OG_15280	2	1	2	1	2	1	1	1	1	1	2	2	1	1	1
OG_15281	3	1	1	1	1	0	1	1	1	3	1	2	1	0	0
OG_15282	3	1	1	4	1	0	2	1	1	4	1	2	1	0	0
OG_15283	2	1	1	1	2	0	1	1	1	3	2	1	2	0	1
OG_15284	2	1	1	1	1	0	1	2	2	1	1	2	1	1	2
OG_15285	2	1	1	1	1	1	1	1	1	1	1	1	1	1	4
OG_15286	3	3	1	0	3	2	1	3	8	4	1	1	1	2	1
OG_15287	3	2	2	4	2	2	2	2	3	2	2	2	2	1	1
OG_15288	2	1	2	2	1	1	2	1	1	2	2	1	2	0	1
OG_15289	3	1	1	2	1	0	1	1	0	2	0	1	0	0	0
OG_15290	2	1	1	1	1	0	1	1	1	2	0	0	1	0	0
OG_15291	3	3	1	1	4	8	1	2	4	5	5	10	1	0	0
OG_15292	6	2	3	4	3	7	5	2	3	6	7	7	5	3	2
OG_15293	1	1	1	2	1	0	1	1	1	1	1	2	1	0	1
OG_15294	2	1	1	1	1	0	1	1	1	1	1	1	1	0	0
OG_15295	2	1	1	1	1	1	1	1	1	1	1	1	1	1	1
OG_15296	3	2	0	0	1	0	1	0	2	0	0	0	1	0	0
OG_15297	2	1	1	1	1	0	1	1	1	1	1	1	1	1	1
OG_15298	2	1	1	2	1	1	2	1	2	1	1	1	2	1	2
OG_15299	5	1	1	3	1	3	1	1	1	1	1	3	2	1	0
OG_15300	0	0	0	0	0	0	0	0	0	0	1	1	0	0	0
OG_15301	2	1	1	1	1	2	2	1	1	1	0	1	2	1	1
OG_15302	3	1	2	1	1	2	1	1	1	1	1	4	1	1	2
OG_15303	2	3	1	3	1	0	1	1	2	1	4	5	1	0	0
OG_15304	2	0	1	3	1	1	2	1	3	2	1	1	2	2	1
OG_15305	2	1	1	2	1	0	2	1	1	2	1	3	2	0	1
OG_15306	2	1	1	1	1	1	1	1	1	1	1	2	1	1	1
OG_15307	1	0	1	1	1	1	1	1	1	1	1	1	1	1	1
OG_15308	1	0	1	1	1	4	1	1	1	1	1	2	1	0	1
OG_15309	1	0	1	0	0	0	3	0	0	0	0	0	3	0	0
OG_15310	1	1	1	1	1	0	1	2	1	1	1	2	1	0	0
OG_15311	1	1	1	4	1	3	1	1	1	2	1	1	1	1	0
OG_15312	1	1	1	4	1	0	2	1	2	2	1	2	1	0	0
OG_15313	1	1	1	1	1	1	1	1	1	1	1	1	1	1	1
OG_15314	1	1	1	1	1	1	1	1	1	1	1	1	1	1	1
OG_15315	1	1	1	1	1	1	1	1	1	1	1	1	1	1	2
OG_15316	1	1	1	1	1	1	1	1	1	1	1	2	1	2	1
OG_15317	1	0	1	1	1	5	1	1	1	1	1	1	1	1	1
OG_15318	1	0	1	1	1	2	1	1	1	1	2	1	1	1	1
OG_15319	1	1	1	1	1	2	1	1	1	1	1	1	1	2	0
OG_15320	1	2	1	1	1	0	1	1	1	2	0	1	1	0	0
OG_15321	1	1	1	1	1	2	1	1	1	1	1	3	1	1	1
OG_15322	2	2	2	2	2	3	2	2	3	2	3	2	2	2	1
OG_15323	1	1	1	1	1	1	1	4	2	2	1	1	1	0	1
OG_15324	1	1	1	1	1	1	2	1	1	1	1	1	1	1	0
OG_15325	1	1	2	1	1	4	1	1	2	1	1	1	1	2	1
OG_15326	2	2	2	2	3	0	1	1	1	0	1	0	1	0	0
OG_15327	1	1	1	1	0	0	1	0	1	0	0	0	1	0	0
OG_15328	0	1	1	0	1	0	2	1	1	0	1	2	1	0	0
OG_15329	1	1	1	1	2	0	3	2	1	1	1	0	2	0	1
OG_15330	1	2	1	1	1	1	2	1	1	1	1	1	1	1	1
OG_15331	1	1	1	1	1	0	1	4	1	1	1	1	1	0	0
OG_15332	1	1	1	1	1	0	1	1	1	1	1	3	1	0	0
OG_15333	1	1	1	1	1	2	1	1	1	1	1	1	1	1	1
OG_15334	1	1	2	1	1	0	1	1	2	1	0	0	1	1	1
OG_15335	0	0	1	0	1	0	0	0	0	0	0	0	0	0	0
OG_15336	1	1	1	2	1	0	1	1	1	1	1	1	1	0	1
OG_15337	1	2	1	1	1	2	3	1	1	2	1	4	3	0	0
OG_15338	1	1	1	1	1	2	1	1	1	1	2	1	2	2	1
OG_15339	1	1	1	1	1	2	1	1	1	1	1	2	1	1	1
OG_15340	2	1	1	0	1	2	2	1	1	1	0	1	2	3	0
OG_15341	1	1	1	1	1	2	1	1	1	1	1	0	1	1	2
OG_15342	1	1	0	2	1	0	1	1	1	1	1	1	1	0	0
OG_15343	1	1	1	2	1	1	1	1	1	1	1	2	1	1	1
OG_15344	1	1	2	1	1	2	1	1	1	1	1	1	1	1	1
OG_15345	1	1	2	1	1	0	1	1	1	1	1	1	1	0	0
OG_15346	2	2	2	3	2	5	2	2	2	3	1	3	3	2	3
OG_15347	2	4	1	2	1	1	1	1	1	1	2	1	2	1	1
OG_15348	1	1	2	1	1	1	2	1	0	1	0	1	1	1	1
OG_15349	1	1	1	1	1	2	1	1	1	1	1	1	1	1	1
OG_15350	1	1	1	2	1	0	1	1	1	1	3	6	1	0	0
OG_15351	1	1	1	1	1	2	1	1	1	1	1	1	1	1	1
OG_15352	1	1	1	1	1	1	1	1	1	1	0	1	1	0	1
OG_15353	1	1	1	1	1	1	2	1	1	1	1	3	2	1	1
OG_15354	1	2	1	1	2	1	2	1	1	0	1	1	1	1	1
OG_15355	1	1	2	1	1	1	0	1	2	1	1	2	0	1	1
OG_15356	1	1	1	1	1	0	2	2	2	1	1	1	2	0	0
OG_15357	0	1	0	5	1	0	0	13	2	0	1	4	0	0	0
OG_15358	1	1	3	1	1	0	1	1	1	2	1	0	1	0	0
OG_15359	1	1	0	1	0	2	0	0	0	1	1	0	0	1	1
OG_15360	1	1	2	1	3	4	1	1	1	2	1	1	1	1	1
OG_15361	2	1	2	2	1	6	2	1	2	1	1	2	1	1	1
OG_15362	1	1	1	3	3	0	1	1	1	1	3	1	2	0	0
OG_15363	1	1	1	1	1	0	1	1	2	1	1	3	1	0	0
OG_15364	1	1	1	1	1	1	1	1	1	1	1	1	1	1	0
OG_15365	1	1	1	1	1	0	1	1	1	1	2	1	1	0	0
OG_15366	1	1	1	2	1	1	2	1	1	2	1	2	2	2	1
OG_15367	1	1	1	1	1	1	1	1	1	1	2	2	1	1	1
OG_15368	1	1	1	1	1	0	1	1	1	1	1	2	1	0	0
OG_15369	0	1	1	2	1	0	1	1	1	0	1	1	1	0	0
OG_15370	1	1	1	1	1	0	1	1	3	1	1	1	1	0	0
OG_15371	1	2	1	2	3	0	1	1	2	1	0	0	1	0	1
OG_15372	2	3	1	0	1	0	1	0	1	0	0	0	1	0	0
OG_15373	1	1	1	1	1	2	1	1	1	1	1	1	1	1	1
OG_15374	1	1	1	3	1	0	2	1	1	1	1	1	2	0	1
OG_15375	1	1	1	1	1	1	1	1	1	1	1	1	1	1	2
OG_15376	1	0	0	0	0	0	1	0	0	0	0	0	0	0	0
OG_15377	1	1	1	1	1	2	1	1	1	1	1	1	1	4	2
OG_15378	1	2	1	1	1	0	1	1	1	1	1	2	1	0	1
OG_15379	0	0	0	0	0	1	0	0	0	0	0	0	0	2	0
OG_15380	1	1	1	1	1	1	1	1	2	1	2	2	1	1	1
OG_15381	1	1	1	1	1	3	1	1	1	1	1	4	1	1	1
OG_15382	1	0	1	0	1	0	2	0	0	0	1	1	1	0	0
OG_15383	1	1	1	1	1	1	1	1	1	1	1	1	1	1	1
OG_15384	1	1	2	1	1	0	1	1	1	1	1	1	1	0	0
OG_15385	1	1	1	1	1	1	1	1	1	1	1	3	1	1	1
OG_15386	1	1	1	1	1	0	1	1	1	1	0	0	1	0	0
OG_15387	1	1	1	1	2	0	1	1	1	1	1	1	1	0	1
OG_15388	1	1	1	1	1	0	1	1	1	1	1	1	1	0	1
OG_15389	1	1	1	1	1	0	1	1	1	1	1	1	1	0	0
OG_15390	1	0	0	0	0	0	1	0	0	0	0	0	0	0	0
OG_15391	1	1	2	0	5	0	2	0	2	0	0	0	1	0	0
OG_15392	1	1	1	1	1	0	1	1	1	1	1	2	1	0	1
OG_15393	1	1	1	1	1	1	1	1	1	1	1	2	1	1	2
OG_15394	1	0	0	0	0	0	1	0	0	0	0	0	0	0	0
OG_15395	1	0	1	1	1	1	1	1	1	1	1	5	1	1	1
OG_15396	2	0	0	1	0	0	0	0	0	1	0	0	0	0	0
OG_15397	1	1	1	1	1	2	2	1	1	1	1	4	1	1	1
OG_15398	2	2	3	2	2	1	2	2	2	2	2	1	2	1	1
OG_15399	1	2	1	1	2	0	1	1	1	1	2	1	1	0	0
OG_15400	1	0	1	0	3	0	3	0	0	0	0	0	2	0	0
OG_15401	1	1	1	1	1	1	1	1	1	1	1	4	1	2	1
OG_15402	1	1	1	1	1	0	1	1	1	1	1	1	1	0	5
OG_15403	1	1	0	1	2	0	1	1	1	1	1	0	1	0	0
OG_15404	2	1	2	3	1	0	2	1	1	1	1	1	1	0	0
OG_15405	1	1	1	1	1	3	1	1	1	1	1	2	1	2	1
OG_15406	1	1	0	2	1	0	1	1	1	1	0	2	1	0	0
OG_15407	1	1	1	1	1	0	1	1	1	1	1	1	1	0	1
OG_15408	1	1	1	1	1	1	2	1	2	1	1	1	1	1	1
OG_15409	1	1	1	1	1	2	1	1	1	1	0	1	1	1	1
OG_15410	1	1	1	1	1	1	2	1	1	1	1	2	1	3	1
OG_15411	1	2	1	1	2	0	1	1	1	1	2	8	1	0	2
OG_15412	1	3	1	1	1	2	1	1	1	1	1	1	1	2	1
OG_15413	1	1	1	1	1	2	1	1	1	1	1	2	1	2	3
OG_15414	1	1	2	1	1	9	1	1	2	3	3	1	1	0	0
OG_15415	1	1	1	1	1	1	1	1	1	1	1	1	1	2	1
OG_15416	1	1	2	2	5	0	0	1	1	2	0	0	1	0	0
OG_15417	1	1	2	1	1	1	1	1	1	1	1	1	1	1	4
OG_15418	1	1	1	1	1	1	1	1	1	1	1	1	1	1	3
OG_15419	1	1	1	1	1	0	1	1	1	1	1	1	1	0	0
OG_15420	1	2	1	1	1	3	1	3	1	2	2	1	1	1	1
OG_15421	1	0	0	0	2	0	1	0	0	0	0	0	1	0	0
OG_15422	1	1	1	1	1	0	1	1	1	1	1	1	2	0	1
OG_15423	1	1	1	1	1	1	1	1	1	1	1	1	1	1	0
OG_15424	1	2	2	1	1	1	2	1	1	1	1	2	2	1	1
OG_15425	1	1	1	1	1	0	2	1	1	1	0	1	2	0	0
OG_15426	1	1	0	1	2	1	1	1	1	1	2	1	1	1	1
OG_15427	1	1	1	1	1	0	1	1	0	1	1	2	1	0	1
OG_15428	1	1	1	1	1	0	1	1	1	1	1	1	1	0	0
OG_15429	1	1	1	1	1	1	1	1	1	1	1	1	1	1	1
OG_15430	1	1	1	1	1	0	1	1	1	1	1	1	1	0	1
OG_15431	1	1	1	1	7	4	1	1	1	1	2	1	1	1	1
OG_15432	1	1	1	1	1	0	1	1	1	1	0	1	1	0	1
OG_15433	1	0	0	0	0	0	4	0	0	0	0	0	2	0	0
OG_15434	1	1	1	1	1	1	1	1	1	1	1	1	1	0	1
OG_15435	1	2	1	1	1	2	1	1	1	1	1	2	1	3	1
OG_15436	1	1	1	1	2	2	1	1	1	1	1	1	2	2	1
OG_15437	1	1	1	1	1	1	1	1	1	1	1	1	1	1	1
OG_15438	1	1	1	1	1	2	1	1	1	1	1	1	1	1	1
OG_15439	1	1	2	1	1	1	1	1	1	1	2	4	1	2	1
OG_15440	1	1	1	1	1	0	2	1	1	2	1	1	2	0	2
OG_15441	1	0	0	0	0	0	1	0	0	0	0	0	0	0	0
OG_15442	1	1	1	1	1	2	1	3	1	1	1	3	1	1	0
OG_15443	1	0	1	1	1	1	1	3	1	1	1	1	1	1	1
OG_15444	1	2	1	2	1	0	1	2	3	1	0	0	1	0	0
OG_15445	1	1	0	1	1	1	1	1	1	1	1	4	1	1	1
OG_15446	1	1	1	1	1	2	1	1	1	1	2	5	2	1	2
OG_15447	1	1	1	1	1	1	1	1	1	1	1	1	1	0	1
OG_15448	1	1	1	1	1	1	1	1	1	1	1	1	1	1	1
OG_15449	1	1	1	1	1	2	1	1	1	2	1	2	2	1	0
OG_15450	1	1	1	3	1	0	1	2	1	1	0	0	1	0	0
OG_15451	1	1	1	1	1	2	1	2	1	1	1	1	1	1	1
OG_15452	2	5	4	4	7	2	3	4	5	4	3	4	3	3	4
OG_15453	1	1	1	1	1	1	1	1	1	2	1	3	1	0	3
OG_15454	1	1	1	1	1	0	1	2	1	1	1	3	1	0	0
OG_15455	1	1	1	3	1	1	1	1	1	1	1	1	1	0	1
OG_15456	1	0	0	0	0	0	0	0	0	0	0	0	1	0	0
OG_15457	1	1	2	1	1	2	1	1	1	1	1	1	1	1	1
OG_15458	2	1	2	2	2	1	1	1	1	1	1	1	1	1	0
OG_15459	1	1	1	2	1	1	1	1	2	1	1	1	1	1	1
OG_15460	1	1	1	2	1	1	1	1	2	1	1	1	1	2	1
OG_15461	2	2	2	2	2	1	3	3	2	2	1	1	5	1	1
OG_15462	1	3	1	1	1	0	1	1	1	1	1	1	1	0	0
OG_15463	1	1	1	0	3	0	1	1	0	0	0	0	6	0	0
OG_15464	1	0	0	0	0	0	1	0	0	0	0	0	0	0	0
OG_15465	1	1	1	2	1	1	2	1	1	1	2	4	2	3	0
OG_15466	1	1	2	1	1	1	1	1	1	1	1	1	3	1	1
OG_15467	1	1	1	1	1	0	1	2	1	1	0	0	1	0	0
OG_15468	2	1	1	1	1	1	5	1	1	1	1	1	1	1	1
OG_15469	1	1	1	1	1	0	1	1	1	1	2	1	1	0	0
OG_15470	1	1	1	1	1	1	1	1	1	1	1	1	1	1	1
OG_15471	1	1	1	1	1	2	1	1	1	1	1	1	1	1	1
OG_15472	1	2	6	2	2	1	1	2	9	3	2	6	1	3	1
OG_15473	1	1	1	1	1	0	1	1	2	1	1	1	1	0	0
OG_15474	0	1	0	1	1	4	0	1	1	1	1	2	0	0	1
OG_15475	1	1	1	1	1	0	1	1	1	1	2	2	1	0	1
OG_15476	1	1	1	1	1	0	1	1	1	1	1	2	1	0	0
OG_15477	1	1	1	1	1	1	1	1	1	1	1	1	1	2	2
OG_15478	1	1	1	1	1	4	2	1	1	1	1	0	1	2	1
OG_15479	1	2	1	3	1	1	1	1	1	2	1	1	1	1	2
OG_15480	2	2	2	2	1	0	2	2	2	2	1	6	2	0	1
OG_15481	2	2	2	3	4	0	1	4	5	3	4	1	1	4	3
OG_15482	1	1	1	1	1	0	1	2	1	1	1	1	1	0	1
OG_15483	1	1	1	1	1	1	1	1	1	1	1	1	3	1	1
OG_15484	2	2	2	3	2	0	2	2	2	2	2	2	2	0	1
OG_15485	2	1	3	7	2	1	2	2	2	1	2	2	2	1	0
OG_15486	1	2	1	2	1	2	1	1	1	4	2	1	2	1	1
OG_15487	1	1	1	1	1	1	2	1	1	1	1	1	1	1	1
OG_15488	1	1	1	1	1	1	2	1	1	1	1	0	1	1	1
OG_15489	1	1	1	1	1	1	2	1	1	1	1	0	1	1	2
OG_15490	1	1	1	0	1	0	2	2	1	1	1	1	1	0	0
OG_15491	2	3	1	3	4	0	2	4	3	2	2	2	2	0	0
OG_15492	1	1	1	2	1	2	1	1	1	2	1	1	1	2	1
OG_15493	1	1	1	1	2	2	1	1	1	2	1	1	2	1	0
OG_15494	1	0	1	1	1	2	2	1	1	1	1	1	1	1	1
OG_15495	1	1	1	1	1	1	1	1	0	1	0	0	2	1	1
OG_15496	1	1	1	2	1	1	1	1	1	1	1	1	1	1	1
OG_15497	1	1	1	1	1	0	1	1	1	1	1	1	1	0	0
OG_15498	1	1	1	2	1	1	1	1	2	1	0	1	1	1	0
OG_15499	1	1	1	1	1	0	1	1	1	1	1	2	2	0	1
OG_15500	0	0	0	0	0	0	0	0	0	0	1	0	0	1	0
OG_15501	1	1	1	3	1	1	1	2	1	2	1	4	1	1	2
OG_15502	1	1	1	1	1	1	1	1	1	1	1	1	1	1	1
OG_15503	1	1	1	1	1	2	1	1	1	1	2	4	1	1	2
OG_15504	1	1	1	1	1	1	1	1	1	1	1	1	1	1	1
OG_15505	1	1	1	1	1	2	1	1	1	1	2	3	0	1	1
OG_15506	1	1	1	1	7	2	1	1	1	1	1	2	1	0	0
OG_15507	1	3	1	1	1	1	2	1	1	1	2	1	2	1	2
OG_15508	1	2	1	1	1	2	1	1	0	1	0	1	1	0	0
OG_15509	1	1	1	1	1	0	1	1	1	1	1	1	1	0	0
OG_15510	1	1	1	2	8	0	1	1	1	1	1	1	1	0	0
OG_15511	1	0	1	2	1	0	1	1	1	1	2	2	1	0	2
OG_15512	1	0	1	1	1	0	1	1	2	1	0	0	1	0	0
OG_15513	1	1	1	2	1	1	1	1	1	2	2	2	1	2	1
OG_15514	1	1	1	2	1	0	1	1	1	1	2	0	2	0	0
OG_15515	1	2	3	1	1	0	1	1	1	1	2	4	2	0	1
OG_15516	1	2	1	1	1	1	1	1	1	1	1	1	1	1	1
OG_15517	2	1	1	1	1	1	1	1	1	1	1	1	1	1	1
OG_15518	1	1	3	1	1	0	1	1	1	1	1	0	1	0	0
OG_15519	1	3	2	1	1	1	1	1	1	1	1	1	1	1	3
OG_15520	1	1	1	1	1	0	1	1	1	1	1	1	1	0	2
OG_15521	1	1	1	1	1	1	1	2	1	1	1	1	1	1	1
OG_15522	1	1	2	1	3	0	0	1	1	1	0	0	0	0	0
OG_15523	1	1	1	1	1	0	1	1	1	1	1	1	1	0	1
OG_15524	1	1	1	1	1	1	1	1	1	1	1	1	1	2	1
OG_15525	1	1	1	1	1	2	1	1	1	1	1	1	1	1	3
OG_15526	2	2	2	1	2	1	2	2	2	1	1	1	2	1	1
OG_15527	1	1	1	1	1	0	1	1	2	1	1	1	2	0	1
OG_15528	0	0	0	0	0	4	0	0	0	0	0	0	0	1	0
OG_15529	1	1	1	1	1	1	1	1	1	1	1	4	1	1	1
OG_15530	1	1	1	1	1	0	1	2	1	1	2	4	1	0	1
OG_15531	1	1	1	2	1	1	1	1	1	1	1	2	1	1	1
OG_15532	1	1	1	1	1	1	1	1	1	1	1	2	1	0	1
OG_15533	1	2	0	1	3	0	1	2	3	2	0	0	2	0	0
OG_15534	1	1	1	1	1	1	1	1	1	1	1	1	1	1	1
OG_15535	1	1	1	1	1	0	1	1	1	3	1	4	2	0	0
OG_15536	1	2	1	1	1	1	1	1	1	1	1	2	1	1	1
OG_15537	1	0	1	1	1	1	1	1	1	1	1	1	1	1	1
OG_15538	1	0	1	1	1	2	1	1	1	1	2	1	1	1	1
OG_15539	1	1	1	1	1	1	1	1	2	1	1	1	1	1	1
OG_15540	1	1	4	1	1	1	1	1	1	1	1	1	1	1	1
OG_15541	1	1	1	3	1	2	1	1	1	1	1	1	1	1	1
OG_15542	1	1	1	1	1	2	1	1	1	1	1	1	1	1	1
OG_15543	2	3	2	3	2	2	2	2	2	2	1	1	4	0	1
OG_15544	1	2	1	2	1	0	1	2	5	2	0	6	1	0	1
OG_15545	1	1	1	1	1	1	1	1	1	2	2	1	1	1	1
OG_15546	1	1	1	1	1	0	1	1	0	1	1	1	1	0	1
OG_15547	1	1	2	1	1	2	1	1	1	1	1	1	1	0	1
OG_15548	1	1	1	1	2	2	1	1	1	1	1	2	1	1	1
OG_15549	1	1	1	1	1	1	1	1	1	1	1	1	2	1	0
OG_15550	1	1	1	1	1	1	1	0	1	1	1	1	1	1	1
OG_15551	1	1	0	1	2	1	3	1	1	1	1	1	1	1	0
OG_15552	1	1	1	1	1	1	1	1	1	1	1	1	1	1	1
OG_15553	1	1	1	1	1	1	1	1	1	1	1	1	1	1	1
OG_15554	2	1	2	1	1	0	1	1	1	1	2	3	1	0	1
OG_15555	1	1	1	1	1	0	0	1	1	1	2	1	1	0	0
OG_15556	1	1	1	1	1	1	2	1	1	1	1	1	1	1	4
OG_15557	1	1	1	1	1	0	1	1	1	1	0	1	1	0	0
OG_15558	1	1	0	1	1	0	1	1	0	1	0	0	1	0	0
OG_15559	2	1	1	1	3	1	2	2	2	1	1	1	2	1	1
OG_15560	1	5	1	3	1	0	1	1	1	1	0	0	1	0	0
OG_15561	1	1	1	1	1	3	2	1	1	1	0	0	1	1	0
OG_15562	1	1	2	1	1	1	1	1	1	1	1	2	1	1	1
OG_15563	1	1	1	2	1	2	1	1	1	1	1	1	1	1	1
OG_15564	1	1	1	1	2	1	1	1	1	1	1	1	1	1	1
OG_15565	1	1	2	0	2	0	3	2	2	0	1	1	1	0	0
OG_15566	1	1	1	1	1	1	1	1	1	1	1	4	1	1	1
OG_15567	2	2	2	1	2	1	2	3	0	1	1	2	3	2	1
OG_15568	1	1	1	1	1	1	1	1	1	1	2	1	2	2	1
OG_15569	1	1	1	1	1	1	1	1	1	1	1	1	1	1	1
OG_15570	1	1	1	1	1	1	1	1	1	1	1	1	1	1	1
OG_15571	1	1	1	1	1	0	1	1	1	1	1	1	1	0	2
OG_15572	1	1	2	1	1	1	1	1	1	1	1	1	1	1	1
OG_15573	1	1	1	1	1	3	1	1	1	1	2	1	1	1	1
OG_15574	1	1	2	1	1	0	1	1	1	1	1	1	1	0	0
OG_15575	1	1	3	1	1	3	1	1	2	4	2	2	1	4	1
OG_15576	1	1	1	2	1	0	1	1	2	1	1	2	1	0	1
OG_15577	1	1	1	2	1	1	1	1	1	1	1	1	1	2	1
OG_15578	1	1	1	1	1	7	1	1	1	1	1	9	2	1	1
OG_15579	1	2	1	1	1	0	1	1	1	1	0	0	2	0	0
OG_15580	0	1	0	4	0	0	0	2	0	1	0	0	0	0	0
OG_15581	1	1	1	1	1	2	2	1	1	1	0	1	1	0	0
OG_15582	1	0	1	1	1	0	1	1	1	1	0	0	1	0	0
OG_15583	1	1	3	0	1	0	1	0	1	0	2	0	1	0	10
OG_15584	1	2	1	1	1	1	1	1	1	1	0	1	2	1	1
OG_15585	0	0	0	0	0	0	0	0	0	0	1	1	0	0	0
OG_15586	1	1	1	1	1	0	1	1	1	2	1	1	1	0	0
OG_15587	1	2	0	1	1	1	1	1	1	1	0	1	1	2	2
OG_15588	1	1	1	1	1	1	1	1	1	1	1	1	1	1	0
OG_15589	1	1	1	1	1	1	1	1	1	1	1	1	1	1	1
OG_15590	1	2	1	1	1	2	1	1	1	1	1	1	3	1	1
OG_15591	1	3	2	1	1	2	1	1	1	1	1	1	1	1	1
OG_15592	1	2	1	0	0	0	1	1	1	1	0	0	1	0	0
OG_15593	0	1	1	1	0	0	0	1	1	1	1	1	0	0	0
OG_15594	2	1	4	1	1	0	1	1	1	1	0	0	1	0	1
OG_15595	1	2	1	1	1	2	2	1	1	1	1	1	2	1	1
OG_15596	1	2	2	1	2	0	3	1	3	1	1	1	3	0	0
OG_15597	1	1	1	1	1	1	1	1	1	1	1	2	1	0	0
OG_15598	1	1	1	1	1	1	1	1	1	1	1	3	1	1	1
OG_15599	1	1	1	1	1	2	1	1	1	1	1	1	1	1	1
OG_15600	1	1	2	1	1	2	2	1	1	1	1	2	1	0	1
OG_15601	1	1	1	1	1	1	1	1	1	1	1	1	1	1	1
OG_15602	2	1	1	1	1	1	1	1	1	1	1	0	1	3	1
OG_15603	0	0	0	0	0	2	0	0	0	0	0	0	0	1	0
OG_15604	1	1	1	1	1	0	1	1	2	1	1	4	1	0	1
OG_15605	1	1	1	1	1	5	1	1	1	1	1	1	1	0	0
OG_15606	1	1	2	2	1	2	1	1	1	1	3	1	1	1	4
OG_15607	1	1	2	1	1	1	1	1	1	1	2	1	1	1	1
OG_15608	1	1	1	1	1	5	1	1	1	1	1	3	1	1	1
OG_15609	2	8	3	8	6	6	0	7	7	8	4	5	0	2	0
OG_15610	1	1	1	1	1	0	1	1	1	1	0	1	1	0	0
OG_15611	2	0	1	0	0	0	0	0	0	0	0	0	0	0	0
OG_15612	1	1	1	1	1	1	1	1	1	1	1	1	1	1	1
OG_15613	1	1	1	1	1	1	1	1	1	1	1	1	1	1	1
OG_15614	1	1	1	0	1	1	1	1	1	1	1	1	3	0	0
OG_15615	1	1	1	1	1	1	1	1	1	2	1	1	1	4	2
OG_15616	1	1	1	1	3	1	1	1	1	1	1	1	3	1	1
OG_15617	1	1	1	1	3	0	2	1	1	1	0	1	2	0	0
OG_15618	1	1	1	2	1	0	1	1	2	2	1	7	1	0	1
OG_15619	1	1	2	1	1	1	3	2	2	1	1	1	2	5	1
OG_15620	2	2	2	2	2	1	2	2	2	1	1	1	2	1	2
OG_15621	1	1	1	1	1	1	1	1	1	1	1	1	1	3	0
OG_15622	1	1	1	1	1	0	1	1	1	1	1	1	1	0	0
OG_15623	1	1	2	1	1	1	1	1	1	1	2	1	1	1	1
OG_15624	1	1	1	1	1	2	1	1	1	1	1	0	1	1	1
OG_15625	1	1	1	1	1	1	1	1	1	1	3	1	1	2	1
OG_15626	1	1	4	1	1	1	1	1	2	1	2	1	1	1	1
OG_15627	3	3	4	3	4	1	3	3	3	4	3	3	3	1	1
OG_15628	1	1	1	1	1	1	1	1	1	1	1	3	1	1	0
OG_15629	1	1	1	1	1	1	1	1	1	1	1	1	1	2	1
OG_15630	1	1	1	1	1	1	1	1	1	1	1	3	1	1	1
OG_15631	1	1	1	1	2	1	1	1	1	1	1	1	1	1	1
OG_15632	2	2	2	1	2	3	1	2	1	1	1	1	2	2	1
OG_15633	0	1	0	0	0	0	0	1	2	0	0	0	0	0	0
OG_15634	0	1	1	1	1	0	1	1	1	1	1	1	1	0	1
OG_15635	1	0	0	1	0	0	0	0	0	0	0	0	0	0	0
OG_15636	2	1	1	2	2	0	1	0	4	0	0	0	2	0	1
OG_15637	8	1	19	1	1	4	13	1	1	1	1	2	15	0	1
OG_15638	3	1	2	1	2	0	2	1	1	1	1	1	2	0	1
OG_15639	1	2	1	1	1	0	1	1	1	1	1	1	1	0	1
OG_15640	2	3	1	4	1	1	2	1	1	1	1	2	1	1	1
OG_15641	1	1	1	0	1	0	1	1	0	1	1	0	1	0	0
OG_15642	1	1	1	1	1	0	1	1	5	1	1	2	1	0	1
OG_15643	2	1	1	1	1	1	3	1	1	1	1	2	3	1	2
OG_15644	1	1	1	1	1	0	1	1	1	1	1	3	1	0	1
OG_15645	1	1	1	2	1	1	1	7	3	0	1	1	1	1	4
OG_15646	1	1	1	1	1	3	1	1	1	1	1	2	1	2	1
OG_15647	1	1	1	1	1	1	2	1	2	1	1	1	1	1	1
OG_15648	1	1	1	1	1	1	1	1	1	1	1	1	1	1	1
OG_15649	1	1	3	2	1	1	1	1	1	1	1	1	1	1	1
OG_15650	1	1	1	1	1	1	1	1	2	1	1	1	1	1	1
OG_15651	1	2	1	3	1	1	2	1	1	1	2	1	2	1	1
OG_15652	0	1	0	0	1	0	0	0	1	0	5	2	0	0	0
OG_15653	1	1	11	1	2	1	1	1	1	1	1	1	3	1	1
OG_15654	1	1	1	2	1	1	1	1	1	1	1	1	1	1	2
OG_15655	1	1	1	1	1	1	1	1	1	1	1	6	1	1	0
OG_15656	1	1	1	1	2	0	1	1	1	1	1	1	1	0	1
OG_15657	1	1	1	1	1	2	1	1	2	1	1	2	3	3	3
OG_15658	1	1	1	1	1	2	1	1	1	1	2	3	5	1	1
OG_15659	1	1	1	1	2	1	1	1	1	1	1	2	1	1	1
OG_15660	1	1	1	2	1	1	4	1	1	1	1	0	5	1	1
OG_15661	2	2	2	2	2	0	2	2	2	2	2	2	2	0	1
OG_15662	1	1	2	1	1	0	1	1	1	1	1	3	1	0	0
OG_15663	1	1	1	3	2	1	1	1	1	1	1	3	1	1	1
OG_15664	1	1	1	2	1	0	1	1	1	1	0	1	1	0	0
OG_15665	1	1	2	3	1	0	1	1	1	3	0	6	1	0	0
OG_15666	1	1	1	1	1	1	2	1	1	1	1	1	2	1	0
OG_15667	1	1	2	1	1	0	1	1	1	1	2	2	1	0	1
OG_15668	1	1	1	1	1	2	1	1	1	1	2	1	0	2	1
OG_15669	1	1	1	1	1	1	1	1	1	1	1	1	1	1	1
OG_15670	1	1	1	2	1	1	1	4	1	0	1	1	1	1	1
OG_15671	1	1	1	2	1	1	2	1	1	1	0	1	2	3	0
OG_15672	1	1	2	1	1	0	1	1	1	1	0	0	1	0	0
OG_15673	1	1	2	1	1	1	1	1	2	2	1	2	1	1	2
OG_15674	1	1	1	2	1	1	1	1	4	1	1	4	1	2	1
OG_15675	1	1	1	1	1	0	1	1	1	1	0	0	1	0	0
OG_15676	1	1	1	1	1	1	1	1	2	1	2	4	2	1	1
OG_15677	1	2	1	1	1	1	1	1	2	1	1	1	1	1	2
OG_15678	1	1	1	1	1	0	1	1	1	1	0	0	1	0	0
OG_15679	1	1	1	1	1	0	1	1	2	1	1	1	1	0	0
OG_15680	1	1	1	1	1	1	1	1	1	2	4	1	1	3	1
OG_15681	1	1	1	1	4	0	2	1	1	1	1	2	1	0	0
OG_15682	1	1	2	0	2	1	1	1	1	1	2	0	1	1	0
OG_15683	1	1	1	1	1	1	1	1	1	1	1	3	1	1	1
OG_15684	1	1	1	1	1	1	1	1	1	1	2	1	1	2	1
OG_15685	1	1	3	1	1	1	2	1	1	1	1	5	1	1	0
OG_15686	1	2	1	1	1	0	1	1	1	1	1	1	1	0	1
OG_15687	2	1	4	3	5	0	1	2	2	9	1	4	2	0	1
OG_15688	2	2	2	2	1	1	2	2	4	2	2	3	3	1	0
OG_15689	0	0	0	0	0	3	0	0	0	0	0	0	0	4	0
OG_15690	1	1	1	1	1	0	1	1	1	1	1	1	1	0	1
OG_15691	1	1	3	1	1	1	1	1	2	1	1	1	3	1	1
OG_15692	1	0	1	1	1	0	1	1	1	1	0	0	1	0	0
OG_15693	1	1	2	1	1	1	1	1	1	2	1	2	1	1	3
OG_15694	1	2	1	1	1	0	1	1	1	1	1	1	1	0	0
OG_15695	1	1	1	1	1	3	1	2	3	2	1	1	1	0	1
OG_15696	1	1	1	1	1	1	1	1	1	1	1	1	1	0	1
OG_15697	1	0	1	1	3	1	1	1	1	3	1	5	1	2	1
OG_15698	1	0	1	1	1	2	2	1	1	2	1	2	1	1	2
OG_15699	1	0	0	0	7	0	10	0	0	0	0	0	3	0	0
OG_15700	1	2	4	1	2	3	2	1	2	1	4	3	1	2	1
OG_15701	1	0	1	6	1	3	1	1	2	1	1	1	1	1	1
OG_15702	1	1	1	1	1	1	2	1	1	1	1	2	2	1	2
OG_15703	1	2	1	1	2	1	1	1	1	1	1	1	1	2	1
OG_15704	1	2	2	2	1	4	2	1	1	1	2	2	1	3	2
OG_15705	1	1	1	1	1	0	1	1	1	1	1	8	1	0	1
OG_15706	1	1	1	1	1	2	1	1	1	1	1	3	1	1	1
OG_15707	1	1	1	1	1	1	1	1	1	1	1	0	1	2	1
OG_15708	1	1	1	2	2	1	1	1	1	1	1	5	2	1	1
OG_15709	1	1	1	1	1	2	1	1	1	1	1	1	1	1	1
OG_15710	1	1	1	1	1	1	1	1	1	1	1	1	1	0	0
OG_15711	1	2	1	1	1	1	1	1	1	1	1	1	1	1	1
OG_15712	2	1	2	3	3	1	2	4	3	3	2	4	2	3	0
OG_15713	1	1	1	4	1	1	2	1	1	2	1	1	1	1	2
OG_15714	1	2	1	1	1	1	1	1	2	1	3	1	1	3	1
OG_15715	1	1	2	2	1	2	1	1	1	4	2	2	1	2	1
OG_15716	1	1	1	2	1	1	1	1	1	1	1	7	1	1	1
OG_15717	0	1	1	0	1	0	0	6	1	0	0	0	2	0	0
OG_15718	1	1	1	1	1	0	0	1	1	1	2	1	1	0	2
OG_15719	0	0	0	0	1	0	1	0	0	0	0	0	1	0	0
OG_15720	0	1	0	0	1	0	1	1	1	0	1	1	1	2	0
OG_15721	1	2	1	4	1	0	1	2	3	3	1	3	1	0	0
OG_15722	4	2	7	2	3	5	6	4	5	3	4	0	5	0	4
OG_15723	1	1	0	0	0	0	1	0	0	0	0	0	1	0	0
OG_15724	1	1	5	2	1	0	1	1	2	1	0	0	1	0	0
OG_15725	1	1	3	1	1	1	1	1	1	2	1	4	1	1	1
OG_15726	1	1	1	1	1	1	1	1	1	1	1	1	1	1	1
OG_15727	1	2	3	1	1	1	1	1	1	1	1	2	1	1	1
OG_15728	1	1	1	1	1	0	1	1	1	1	0	0	1	0	0
OG_15729	1	1	1	1	1	1	1	1	1	2	2	3	1	1	1
OG_15730	1	1	1	1	1	1	1	1	2	3	1	1	1	2	1
OG_15731	1	1	1	1	2	0	1	1	1	1	0	0	1	0	0
OG_15732	1	1	1	1	1	1	1	1	1	1	1	3	1	1	1
OG_15733	1	1	1	3	2	0	1	1	1	1	0	0	1	0	0
OG_15734	0	0	1	0	1	0	0	0	0	0	0	0	0	0	0
OG_15735	1	1	1	2	3	0	0	1	1	1	1	6	0	0	2
OG_15736	1	1	1	1	2	1	1	1	2	1	2	1	3	0	1
OG_15737	0	1	1	1	1	1	0	1	1	1	1	1	1	2	1
OG_15738	1	0	1	1	1	0	1	1	1	1	1	1	1	0	0
OG_15739	1	0	1	1	1	0	1	1	1	1	1	0	0	0	0
OG_15740	2	1	1	1	2	1	1	1	1	1	1	1	1	0	0
OG_15741	1	1	1	1	1	1	1	1	1	1	1	2	1	1	1
OG_15742	1	1	1	1	1	0	1	1	1	1	2	1	1	0	1
OG_15743	1	1	1	1	1	1	1	1	1	1	1	4	1	1	1
OG_15744	1	0	1	1	1	1	2	1	1	1	1	2	2	1	1
OG_15745	1	1	1	1	1	0	1	1	1	1	1	3	1	0	0
OG_15746	1	1	1	3	1	2	2	1	1	1	1	1	1	1	1
OG_15747	1	3	1	1	2	1	1	2	1	2	1	1	1	1	1
OG_15748	1	1	1	1	1	0	4	1	1	1	1	1	1	0	0
OG_15749	1	1	3	2	1	1	1	1	2	1	1	3	1	3	1
OG_15750	1	1	1	1	1	0	1	1	1	1	1	1	1	0	1
OG_15751	1	2	1	1	1	1	2	1	1	1	1	1	2	1	1
OG_15752	1	1	1	1	1	1	1	3	1	1	2	2	1	1	1
OG_15753	1	1	1	1	1	1	1	1	1	1	1	3	1	1	1
OG_15754	1	1	1	2	1	2	3	3	3	1	1	2	1	1	1
OG_15755	1	0	1	2	1	1	1	1	1	1	1	3	1	1	1
OG_15756	1	3	1	2	2	0	1	2	2	4	1	0	1	0	0
OG_15757	1	1	1	1	1	0	1	1	1	1	1	1	2	0	1
OG_15758	1	1	2	1	1	1	1	1	1	1	1	1	1	1	1
OG_15759	1	2	2	1	1	1	1	1	1	1	1	0	1	1	1
OG_15760	1	2	1	2	2	1	1	1	2	2	2	1	1	1	2
OG_15761	1	2	2	1	1	0	1	1	1	2	1	1	4	0	0
OG_15762	1	1	2	1	1	1	1	1	0	1	1	0	1	2	1
OG_15763	1	1	1	1	1	1	1	1	1	1	1	1	1	2	1
OG_15764	1	1	1	1	1	1	1	1	1	0	1	1	1	0	0
OG_15765	1	1	2	1	1	0	1	1	1	1	1	1	2	0	0
OG_15766	1	0	1	0	1	0	1	0	0	0	0	0	2	0	0
OG_15767	0	0	0	3	0	0	0	1	1	4	0	0	0	0	0
OG_15768	1	1	1	1	1	2	2	1	1	1	1	1	1	1	1
OG_15769	1	1	1	2	1	0	1	1	1	1	1	2	1	0	1
OG_15770	1	1	1	1	1	2	1	1	4	1	1	0	1	1	0
OG_15771	1	1	1	1	1	0	2	1	1	1	0	0	1	0	0
OG_15772	1	1	1	1	1	1	1	1	1	1	1	2	2	1	0
OG_15773	1	1	1	1	1	0	1	1	1	1	1	1	1	0	1
OG_15774	1	1	1	1	1	1	5	2	0	1	1	1	4	1	1
OG_15775	1	1	1	0	0	0	1	2	2	1	0	0	2	0	0
OG_15776	1	1	1	1	1	2	1	1	1	1	1	1	1	0	1
OG_15777	1	1	1	1	1	1	2	1	1	1	0	1	1	2	1
OG_15778	1	1	1	1	1	0	1	0	3	0	0	0	1	0	0
OG_15779	1	1	1	1	1	20	2	1	1	2	1	1	1	3	1
OG_15780	1	1	1	1	1	0	1	3	2	1	0	2	1	0	1
OG_15781	1	1	1	1	1	2	1	1	2	1	1	1	1	1	1
OG_15782	1	1	1	1	1	4	1	1	1	1	2	1	1	1	0
OG_15783	1	1	1	1	1	3	1	1	1	1	1	1	1	1	0
OG_15784	1	1	1	2	1	0	1	1	1	1	0	0	1	0	0
OG_15785	0	3	0	0	1	0	0	1	1	1	0	0	0	0	0
OG_15786	0	0	0	0	0	0	0	0	0	0	2	1	0	0	0
OG_15787	1	1	1	1	1	0	1	1	1	1	1	1	1	0	0
OG_15788	2	1	1	1	1	0	1	1	1	2	0	1	1	1	0
OG_15789	1	3	1	1	1	2	1	1	2	1	1	1	2	3	1
OG_15790	1	1	1	1	1	1	1	2	2	1	0	1	1	1	1
OG_15791	1	1	1	1	1	2	1	1	1	1	1	1	1	1	1
OG_15792	1	1	1	3	2	2	1	1	1	1	1	1	1	1	1
OG_15793	1	1	1	1	1	1	1	1	1	1	1	2	1	1	1
OG_15794	1	1	1	1	1	0	1	1	1	1	1	1	1	0	0
OG_15795	1	1	1	1	1	1	1	1	2	1	1	1	1	1	1
OG_15796	1	1	1	1	1	1	1	1	1	1	2	1	1	1	1
OG_15797	1	1	1	2	1	4	2	1	1	1	1	3	1	1	0
OG_15798	1	1	1	1	1	1	1	1	1	1	1	1	1	1	1
OG_15799	1	1	1	1	1	1	1	1	1	1	0	1	1	2	1
OG_15800	2	2	1	2	0	0	1	1	1	2	2	2	1	0	0
OG_15801	1	1	2	2	2	0	1	1	1	1	1	1	1	0	2
OG_15802	1	1	1	1	1	1	0	1	1	1	1	1	0	0	1
OG_15803	1	1	1	1	1	1	1	1	1	1	2	2	1	5	1
OG_15804	1	1	1	1	1	2	1	1	1	1	1	2	2	1	1
OG_15805	1	1	1	2	1	0	1	1	1	1	1	4	1	0	1
OG_15806	1	1	1	1	1	2	1	1	1	1	1	1	1	2	1
OG_15807	1	1	1	1	1	1	1	1	1	1	0	1	1	1	1
OG_15808	2	1	1	0	1	0	1	1	1	1	1	0	1	0	0
OG_15809	1	1	1	1	1	2	1	1	1	2	1	1	1	1	1
OG_15810	1	1	1	1	1	1	1	1	3	1	1	1	1	1	2
OG_15811	1	1	1	1	1	1	2	1	1	1	2	1	1	2	1
OG_15812	1	1	1	4	1	1	1	2	1	6	4	1	1	1	1
OG_15813	1	1	1	1	1	1	1	1	1	1	2	1	1	1	1
OG_15814	1	2	1	1	1	1	1	1	1	1	1	3	2	1	1
OG_15815	1	1	1	1	1	1	2	1	0	1	1	2	1	1	0
OG_15816	1	1	1	1	1	1	1	1	1	2	1	4	1	4	1
OG_15817	1	1	1	1	1	1	1	1	1	2	2	1	1	2	2
OG_15818	1	1	1	1	1	1	1	1	1	1	1	1	1	2	1
OG_15819	1	1	1	1	1	2	1	1	1	1	2	1	1	1	1
OG_15820	1	1	2	2	1	2	1	2	1	2	1	2	1	0	2
OG_15821	1	1	1	0	1	0	1	1	1	1	0	0	1	0	0
OG_15822	1	1	1	1	1	1	1	1	1	1	3	5	1	1	1
OG_15823	1	1	1	1	1	0	1	1	1	1	0	0	1	0	1
OG_15824	2	5	5	1	1	0	5	4	0	1	1	0	5	0	0
OG_15825	0	0	0	0	0	1	0	0	0	0	0	0	0	1	0
OG_15826	1	1	1	1	1	1	1	1	2	1	1	2	1	1	1
OG_15827	2	1	1	1	1	1	1	1	1	1	1	1	1	1	1
OG_15828	1	0	1	0	0	0	3	0	0	0	0	0	1	0	0
OG_15829	2	2	2	2	2	1	2	2	2	2	2	3	2	1	1
OG_15830	1	1	1	1	1	1	2	1	1	1	1	0	1	1	1
OG_15831	1	1	1	1	1	1	1	1	2	2	1	5	1	2	2
OG_15832	1	1	1	1	1	1	1	1	4	1	1	1	1	0	1
OG_15833	1	1	1	1	1	0	1	1	1	1	1	1	1	0	1
OG_15834	1	3	1	1	1	3	3	2	7	3	2	1	1	5	0
OG_15835	1	1	1	1	1	1	4	1	1	1	1	0	1	1	2
OG_15836	1	1	1	1	1	0	1	1	1	1	1	1	1	0	0
OG_15837	1	1	1	1	1	1	1	1	2	1	1	1	1	1	1
OG_15838	1	3	2	2	2	1	1	2	2	2	4	0	1	0	0
OG_15839	1	1	2	2	1	1	5	1	1	1	1	1	1	1	2
OG_15840	0	0	0	0	0	3	0	0	0	0	0	0	0	1	1
OG_15841	1	1	1	1	1	0	1	1	2	1	1	3	1	0	0
OG_15842	0	0	0	0	0	1	0	0	0	0	0	0	0	2	0
OG_15843	1	1	1	1	2	1	1	1	3	1	1	1	2	2	1
OG_15844	1	1	1	1	1	1	1	1	1	1	1	1	1	1	1
OG_15845	1	2	1	1	2	2	2	1	1	1	1	1	1	1	0
OG_15846	1	0	0	0	0	0	1	0	0	0	0	0	0	0	0
OG_15847	1	2	1	1	1	1	1	1	1	1	1	1	1	1	1
OG_15848	1	1	1	1	1	2	1	1	2	0	1	2	2	3	1
OG_15849	2	1	1	1	1	0	2	1	1	1	1	4	1	0	0
OG_15850	1	1	1	2	5	1	1	2	6	1	1	1	2	2	0
OG_15851	2	1	1	1	2	1	1	1	1	1	1	2	1	1	1
OG_15852	1	1	1	1	1	7	1	1	1	1	1	1	1	4	2
OG_15853	1	1	1	2	1	1	1	1	1	1	1	1	1	1	1
OG_15854	1	1	1	1	1	4	1	1	1	2	0	1	1	1	1
OG_15855	1	0	1	1	2	1	1	1	1	2	1	3	1	0	2
OG_15856	2	1	1	1	1	1	1	1	1	1	1	1	1	1	0
OG_15857	1	1	1	1	1	1	1	1	1	1	1	1	1	1	1
OG_15858	1	1	1	1	1	1	1	1	1	1	1	1	1	1	0
OG_15859	1	1	1	1	1	1	1	1	1	1	0	1	1	1	1
OG_15860	1	2	1	1	1	1	0	2	1	2	1	1	1	1	1
OG_15861	3	0	0	0	0	0	1	0	0	0	0	0	1	0	0
OG_15862	1	1	2	1	1	1	1	1	1	1	1	1	1	1	1
OG_15863	1	1	1	3	1	1	1	1	2	1	1	1	1	3	1
OG_15864	1	1	1	1	0	0	1	0	0	1	0	2	0	0	0
OG_15865	1	6	2	1	4	0	1	1	1	1	0	0	1	0	0
OG_15866	1	2	1	1	2	1	1	2	2	2	0	1	1	1	2
OG_15867	1	1	3	1	1	1	1	1	1	1	1	1	1	1	1
OG_15868	1	0	0	0	0	0	1	0	0	0	0	0	1	0	0
OG_15869	2	1	1	0	3	2	5	0	1	0	0	2	2	1	1
OG_15870	1	1	1	2	2	0	1	1	1	1	0	0	0	0	0
OG_15871	1	1	1	1	1	1	1	1	1	1	1	2	1	0	1
OG_15872	2	1	1	1	1	0	1	1	0	0	0	0	1	0	0
OG_15873	1	1	1	2	1	1	2	1	1	4	1	3	1	1	1
OG_15874	2	1	1	1	1	0	1	1	1	1	1	1	2	0	0
OG_15875	1	2	1	1	1	1	1	1	1	1	1	1	1	1	1
OG_15876	1	1	1	1	1	0	2	1	1	1	2	5	2	0	1
OG_15877	2	1	1	1	1	1	1	1	1	1	1	1	1	0	1
OG_15878	5	0	0	0	0	0	2	0	0	0	0	0	3	0	0
OG_15879	1	1	1	1	2	1	1	1	1	0	1	1	2	1	1
OG_15880	1	1	1	1	1	0	1	1	2	1	1	1	1	0	0
OG_15881	1	0	0	0	1	0	0	0	0	0	0	0	0	0	0
OG_15882	1	1	1	1	1	1	1	1	1	1	1	1	1	1	1
OG_15883	1	0	1	0	1	0	1	0	0	0	0	0	1	0	0
OG_15884	1	1	1	5	1	0	1	1	1	4	3	3	3	0	0
OG_15885	1	1	1	3	1	1	1	1	1	1	2	1	1	1	1
OG_15886	1	1	1	1	1	0	2	0	0	1	0	1	0	0	0
OG_15887	1	1	1	1	1	1	1	1	3	1	1	3	1	1	1
OG_15888	1	1	1	1	1	0	1	1	1	1	0	1	1	0	1
OG_15889	1	0	1	0	0	0	1	0	0	0	0	0	1	0	0
OG_15890	1	1	1	1	1	0	1	1	1	2	1	2	1	0	1
OG_15891	1	2	1	1	2	1	1	1	2	1	1	1	1	1	1
OG_15892	1	1	1	1	1	1	1	1	1	1	1	3	2	1	1
OG_15893	1	2	1	1	1	1	1	1	1	1	1	1	1	1	0
OG_15894	1	1	1	1	1	2	1	1	1	1	1	3	1	1	0
OG_15895	1	1	1	1	1	2	1	1	1	1	1	1	1	0	1
OG_15896	1	1	1	1	1	1	1	1	2	1	3	1	1	1	1
OG_15897	2	1	1	2	1	0	1	1	1	1	2	1	1	0	0
OG_15898	1	1	1	1	1	0	3	1	1	1	0	0	2	0	0
OG_15899	1	1	1	1	2	0	1	0	1	1	0	0	1	0	0
OG_15900	1	1	1	1	1	0	1	1	1	1	0	1	1	0	0
OG_15901	1	1	1	1	1	2	1	1	1	1	0	2	1	1	1
OG_15902	1	0	0	0	0	0	1	0	0	0	0	0	0	0	0
OG_15903	1	3	2	2	1	2	1	1	2	2	1	2	1	1	1
OG_15904	2	1	1	0	0	0	0	2	2	0	0	0	1	0	0
OG_15905	1	1	3	2	3	2	1	1	1	1	1	2	2	1	1
OG_15906	1	1	1	1	1	1	1	1	1	1	2	1	1	1	1
OG_15907	1	2	1	1	1	1	1	1	1	1	2	1	1	0	1
OG_15908	1	1	1	4	1	3	1	1	1	1	1	1	1	1	1
OG_15909	1	1	1	2	1	2	1	1	1	3	1	1	1	1	1
OG_15910	1	1	1	2	1	1	1	1	1	1	1	1	1	1	2
OG_15911	1	1	1	2	1	1	1	1	1	1	1	1	1	1	1
OG_15912	1	1	1	0	1	0	1	1	1	1	1	1	2	0	0
OG_15913	1	1	1	1	1	0	1	1	1	1	1	1	1	0	0
OG_15914	1	1	2	2	1	1	1	1	1	1	1	3	3	1	1
OG_15915	1	1	1	1	1	1	1	1	1	2	1	2	1	1	1
OG_15916	1	1	1	1	1	2	1	1	1	1	4	1	1	1	1
OG_15917	1	1	3	1	3	2	1	2	1	1	1	1	2	1	2
OG_15918	1	1	1	1	2	0	2	1	1	1	1	0	1	0	0
OG_15919	1	1	1	1	1	1	1	1	1	2	2	2	1	1	1
OG_15920	1	1	1	1	1	0	1	1	1	1	1	2	1	0	1
OG_15921	1	1	1	1	1	1	1	1	1	1	2	1	1	1	1
OG_15922	1	1	3	2	1	1	1	1	1	1	1	1	1	1	1
OG_15923	1	1	1	1	1	0	1	1	1	1	0	0	1	0	0
OG_15924	0	0	0	0	0	0	0	0	0	0	1	1	0	0	0
OG_15925	1	1	1	1	1	1	1	1	1	1	1	2	1	1	1
OG_15926	1	2	1	1	1	1	1	1	1	1	1	1	1	1	0
OG_15927	1	1	1	1	1	0	1	1	1	1	1	1	1	3	1
OG_15928	1	1	1	1	1	1	2	1	1	1	1	1	1	4	3
OG_15929	1	1	1	1	1	1	1	1	1	1	1	1	1	1	1
OG_15930	1	1	1	1	1	2	1	1	1	1	1	1	1	1	1
OG_15931	1	2	1	1	1	0	2	1	1	1	2	2	3	0	0
OG_15932	1	1	1	1	1	1	1	1	1	1	2	2	1	0	2
OG_15933	1	2	1	1	2	5	1	1	1	1	1	1	1	3	1
OG_15934	1	1	1	1	1	1	2	1	1	1	2	1	1	1	0
OG_15935	1	1	1	1	1	1	1	1	1	1	1	1	1	1	2
OG_15936	1	1	1	1	1	3	0	1	1	1	1	2	1	2	1
OG_15937	2	3	2	2	2	1	2	2	2	2	3	2	2	1	7
OG_15938	1	1	2	1	1	0	1	1	1	1	1	3	0	0	0
OG_15939	1	1	2	1	1	1	1	1	1	1	1	1	1	1	1
OG_15940	1	1	1	1	1	1	1	1	1	1	1	1	1	0	0
OG_15941	1	6	4	2	7	0	1	3	9	4	0	0	1	0	0
OG_15942	1	1	1	1	1	4	1	1	1	1	1	1	1	1	1
OG_15943	1	0	0	1	1	0	1	1	1	1	1	1	1	0	1
OG_15944	1	1	2	0	1	0	1	0	1	0	1	1	1	0	0
OG_15945	1	1	2	1	1	1	1	3	1	1	0	0	1	1	1
OG_15946	1	1	1	1	1	1	1	1	1	1	3	1	1	1	1
OG_15947	1	1	1	1	1	1	1	2	1	1	2	5	1	2	1
OG_15948	1	1	3	1	1	0	1	1	1	1	1	1	1	0	1
OG_15949	1	0	1	0	0	0	1	0	0	0	0	0	2	0	0
OG_15950	0	1	0	2	0	0	0	1	2	1	0	0	0	0	0
OG_15951	1	2	1	1	1	1	1	1	1	1	1	2	1	2	1
OG_15952	1	1	2	1	1	0	1	1	1	2	1	2	1	0	1
OG_15953	1	1	1	3	1	0	1	1	1	2	1	2	1	0	0
OG_15954	1	1	1	1	1	1	1	1	1	1	2	1	2	2	1
OG_15955	1	1	1	1	1	1	1	1	1	1	2	2	1	1	1
OG_15956	1	1	2	1	1	1	1	1	1	1	1	1	1	0	1
OG_15957	2	2	1	3	2	0	2	2	4	3	1	0	2	0	0
OG_15958	1	1	2	2	1	1	1	1	1	2	1	2	1	1	1
OG_15959	1	2	1	2	1	1	1	1	1	0	1	1	1	1	1
OG_15960	1	1	1	1	1	1	4	1	1	2	1	4	2	1	2
OG_15961	1	1	1	1	1	1	1	1	1	1	2	1	1	1	1
OG_15962	1	1	1	2	1	2	1	1	1	2	1	2	1	2	1
OG_15963	1	1	1	1	1	1	1	1	1	1	1	3	2	1	1
OG_15964	1	1	1	1	1	2	1	1	1	1	2	2	1	1	1
OG_15965	1	1	1	1	1	4	1	1	1	1	1	1	1	0	0
OG_15966	1	1	1	1	1	0	1	1	1	1	0	1	1	0	1
OG_15967	1	1	1	1	1	1	1	1	1	1	1	1	1	1	1
OG_15968	1	1	1	1	1	3	3	1	2	2	4	1	2	1	1
OG_15969	1	1	1	1	1	0	1	1	1	2	1	2	1	0	1
OG_15970	2	3	2	0	2	0	1	2	2	2	1	2	1	0	2
OG_15971	1	1	1	2	1	2	1	1	1	2	1	1	1	2	1
OG_15972	1	1	1	2	1	1	1	1	2	1	1	1	1	4	0
OG_15973	1	1	1	1	2	3	1	1	3	2	1	1	1	2	0
OG_15974	1	2	1	1	1	2	1	1	4	1	0	0	1	0	0
OG_15975	1	3	1	3	1	6	1	2	4	1	3	3	1	1	1
OG_15976	1	1	1	1	1	3	1	1	1	1	1	1	1	2	1
OG_15977	1	2	1	1	1	1	1	2	1	1	1	1	1	1	1
OG_15978	1	1	2	2	1	1	1	1	1	0	1	1	1	1	1
OG_15979	1	2	2	1	1	0	1	1	2	2	0	0	1	0	0
OG_15980	1	1	2	1	1	1	1	1	1	1	2	1	1	1	1
OG_15981	1	1	2	1	1	1	1	1	1	0	1	1	1	2	1
OG_15982	1	0	1	0	0	0	1	0	0	0	0	0	1	0	0
OG_15983	1	1	1	1	1	1	2	1	1	2	4	3	2	2	1
OG_15984	1	2	2	1	2	0	1	1	2	1	1	1	1	0	0
OG_15985	1	1	1	1	1	0	1	1	1	1	1	5	1	0	1
OG_15986	1	4	1	1	1	2	1	1	1	1	1	0	1	1	1
OG_15987	1	0	1	1	1	1	1	1	1	1	1	3	1	1	1
OG_15988	1	0	0	1	1	0	1	1	1	2	0	0	0	0	0
OG_15989	1	1	1	1	1	2	1	1	1	1	1	1	1	1	1
OG_15990	1	3	1	1	2	0	1	1	3	1	0	0	1	0	0
OG_15991	1	1	0	1	1	0	1	1	1	1	0	0	1	0	0
OG_15992	0	0	0	0	0	1	0	0	0	0	1	1	0	0	1
OG_15993	1	1	1	1	1	2	1	1	1	1	1	1	1	2	1
OG_15994	1	0	1	1	1	0	1	1	1	1	1	1	1	0	0
OG_15995	1	2	1	2	1	0	1	1	2	1	1	1	1	0	1
OG_15996	1	1	2	1	3	0	1	1	1	0	1	0	1	0	0
OG_15997	1	1	0	2	1	0	1	1	2	1	0	0	1	0	0
OG_15998	1	1	1	1	1	1	1	1	1	1	1	2	1	2	1
OG_15999	1	2	1	1	1	1	1	1	1	1	1	2	1	1	3
OG_16000	1	2	1	2	1	1	3	1	1	1	2	2	2	1	2
OG_16001	1	0	3	1	1	1	1	1	1	1	2	2	1	1	1
OG_16002	1	0	1	0	0	0	1	0	0	0	0	6	1	0	0
OG_16003	1	2	1	1	1	2	1	1	1	1	1	1	1	1	2
OG_16004	1	1	1	0	1	1	1	1	1	1	1	1	1	1	1
OG_16005	1	1	1	0	2	0	1	0	1	0	0	0	1	0	0
OG_16006	1	0	1	0	0	0	1	0	0	0	1	1	1	0	0
OG_16007	0	1	0	1	2	0	0	2	1	1	0	0	0	0	0
OG_16008	1	1	1	1	1	0	1	1	1	0	0	0	1	0	0
OG_16009	1	1	1	1	1	1	2	1	2	1	1	1	2	1	1
OG_16010	1	1	1	1	1	1	1	1	1	1	1	1	1	0	1
OG_16011	1	1	1	1	1	1	1	1	1	1	3	1	1	1	1
OG_16012	1	1	1	1	1	1	1	1	1	1	1	1	1	1	1
OG_16013	1	2	2	3	3	0	2	1	5	1	0	1	3	0	0
OG_16014	1	1	1	1	1	0	1	1	1	1	0	0	1	0	0
OG_16015	2	2	3	0	3	1	2	1	2	1	1	4	3	0	2
OG_16016	1	1	1	4	1	2	2	1	1	2	2	1	3	4	1
OG_16017	1	1	1	1	1	1	1	1	1	1	1	1	2	1	1
OG_16018	1	1	1	1	1	7	1	1	1	1	1	1	1	0	1
OG_16019	1	1	1	1	1	2	1	1	1	1	1	1	1	1	0
OG_16020	2	1	2	2	2	1	2	2	2	0	1	2	2	1	1
OG_16021	1	1	1	2	1	0	1	1	2	2	1	1	2	0	1
OG_16022	1	1	1	3	1	1	1	1	1	1	1	1	1	1	1
OG_16023	1	1	1	2	1	1	1	1	1	1	1	1	1	1	1
OG_16024	1	1	1	1	1	1	1	1	1	1	1	5	1	1	1
OG_16025	1	2	2	1	2	2	1	3	2	3	1	1	1	1	2
OG_16026	1	1	1	1	1	0	2	1	1	1	0	0	1	0	0
OG_16027	1	1	1	8	1	1	1	1	1	1	1	1	1	0	0
OG_16028	1	1	1	2	1	2	1	1	1	0	2	1	1	0	1
OG_16029	1	1	1	1	1	0	1	1	1	1	1	0	1	0	0
OG_16030	1	1	1	1	1	1	1	1	1	1	1	1	1	1	1
OG_16031	1	1	1	1	1	2	1	1	1	1	1	3	1	2	1
OG_16032	1	1	2	1	1	1	1	1	1	1	1	3	1	1	3
OG_16033	1	2	1	1	1	2	1	1	1	1	1	1	2	2	1
OG_16034	1	2	1	3	1	5	1	1	1	3	1	1	1	2	0
OG_16035	1	1	2	1	1	1	1	1	1	1	1	1	1	1	1
OG_16036	1	1	1	1	2	1	1	1	1	1	1	1	1	2	2
OG_16037	1	2	1	1	1	0	1	1	1	1	1	1	1	0	0
OG_16038	1	4	2	1	5	0	2	1	2	1	0	0	1	0	2
OG_16039	1	1	1	1	1	1	2	1	1	1	1	2	1	1	1
OG_16040	1	1	1	2	1	3	1	1	1	1	2	3	1	2	1
OG_16041	1	2	1	1	1	2	1	1	1	1	1	1	1	1	1
OG_16042	1	1	1	1	1	1	1	1	1	1	1	0	1	0	1
OG_16043	1	1	1	1	1	1	2	1	1	1	1	2	2	1	1
OG_16044	1	1	1	1	5	1	1	1	1	1	2	1	1	2	2
OG_16045	1	1	1	2	1	1	1	1	1	1	1	1	1	4	1
OG_16046	1	1	1	1	1	0	1	1	1	4	2	1	1	0	3
OG_16047	1	1	1	1	1	1	1	1	1	1	1	1	1	0	0
OG_16048	1	1	1	1	1	1	1	1	1	2	1	1	2	0	1
OG_16049	1	1	1	2	3	0	1	1	2	3	1	1	1	0	0
OG_16050	1	2	2	3	4	1	1	3	5	3	2	2	1	0	1
OG_16051	1	1	1	1	1	1	1	1	1	1	1	3	1	1	1
OG_16052	1	1	1	1	1	1	1	1	1	1	1	7	1	0	1
OG_16053	1	1	1	1	1	1	2	1	1	1	1	1	1	0	0
OG_16054	1	2	1	1	1	2	1	1	1	1	1	1	2	1	1
OG_16055	1	1	1	1	1	2	1	1	1	1	2	4	1	1	7
OG_16056	1	1	2	1	1	1	1	1	1	1	2	1	1	1	0
OG_16057	1	1	2	1	1	0	1	1	1	1	0	0	1	0	1
OG_16058	1	1	2	1	1	1	1	1	1	1	2	1	1	1	1
OG_16059	0	1	2	0	1	0	1	1	1	0	1	0	1	0	0
OG_16060	1	1	1	2	1	1	1	1	1	1	1	1	1	1	1
OG_16061	1	1	1	1	1	0	1	1	1	1	0	1	1	0	0
OG_16062	2	3	3	2	5	3	1	4	2	6	1	1	1	1	2
OG_16063	1	1	1	1	1	0	1	1	1	2	1	1	1	0	0
OG_16064	1	3	1	1	1	2	1	1	2	1	1	1	1	2	1
OG_16065	1	1	1	1	1	2	1	1	1	1	1	4	1	1	1
OG_16066	1	1	1	1	1	0	1	1	1	1	2	4	1	0	0
OG_16067	1	1	1	1	1	1	1	1	2	1	1	2	1	2	1
OG_16068	1	1	3	3	2	2	1	1	2	1	3	1	1	0	0
OG_16069	1	1	3	3	4	1	1	1	4	1	2	1	2	0	0
OG_16070	1	1	1	1	2	1	1	1	2	1	1	1	1	1	1
OG_16071	1	1	1	1	1	1	1	1	1	1	1	3	1	1	1
OG_16072	1	1	2	2	1	0	1	1	1	1	1	3	1	0	1
OG_16073	1	5	1	2	2	0	1	1	1	1	2	2	1	0	0
OG_16074	1	1	1	2	1	1	1	1	1	1	1	1	1	1	1
OG_16075	1	1	1	1	1	1	1	1	1	1	2	1	1	1	1
OG_16076	1	1	1	1	1	1	2	1	1	1	2	1	1	1	1
OG_16077	1	1	1	1	1	1	1	1	1	1	1	1	1	1	1
OG_16078	1	1	1	1	1	1	1	1	1	1	2	1	2	1	1
OG_16079	1	2	1	1	1	1	1	2	1	1	1	1	1	1	1
OG_16080	1	1	1	1	1	0	1	1	2	1	2	1	1	0	0
OG_16081	1	1	1	1	1	1	1	1	1	1	2	0	1	1	1
OG_16082	1	2	2	5	2	4	1	3	2	3	1	5	2	4	0
OG_16083	1	0	1	1	1	1	1	1	1	1	1	1	1	1	1
OG_16084	1	1	1	2	1	0	1	2	1	2	1	0	1	0	1
OG_16085	1	2	1	1	1	1	2	1	2	2	1	3	2	1	2
OG_16086	2	1	1	1	1	1	1	1	1	1	1	1	2	1	2
OG_16087	2	2	1	1	1	2	1	1	3	1	1	4	1	1	2
OG_16088	1	1	1	1	1	0	1	1	1	3	2	2	1	1	0
OG_16089	1	1	1	0	1	0	1	0	1	0	1	0	1	0	0
OG_16090	1	1	1	1	0	1	1	1	1	1	1	2	1	1	1
OG_16091	1	1	2	1	1	1	1	1	1	1	2	1	1	3	1
OG_16092	1	1	1	1	1	4	1	1	1	1	1	1	3	1	1
OG_16093	1	1	1	1	1	1	1	2	1	1	1	1	1	1	1
OG_16094	1	1	1	1	1	1	1	1	1	2	1	2	1	2	1
OG_16095	1	1	1	2	1	1	1	1	2	1	1	5	1	2	1
OG_16096	1	1	1	1	1	1	1	1	1	2	1	1	1	1	1
OG_16097	1	1	1	1	1	1	1	1	1	1	1	1	1	1	1
OG_16098	1	1	1	1	1	1	1	1	1	1	0	2	1	1	1
OG_16099	1	1	1	1	1	1	1	1	1	1	1	1	1	1	0
OG_16100	1	2	1	1	1	0	1	2	1	1	1	1	2	0	1
OG_16101	1	0	1	3	1	0	1	1	1	1	1	1	1	0	0
OG_16102	1	1	2	1	1	1	1	1	1	1	1	1	1	1	1
OG_16103	1	1	1	2	1	0	1	1	1	1	1	0	1	0	0
OG_16104	1	1	1	1	1	1	1	1	1	1	1	2	2	1	1
OG_16105	1	2	1	2	1	1	1	1	1	1	1	2	1	2	1
OG_16106	1	1	2	1	1	0	1	1	1	1	1	1	1	0	0
OG_16107	1	1	1	1	1	2	1	1	1	1	1	1	1	1	1
OG_16108	1	1	1	1	1	0	0	1	3	1	0	1	1	0	0
OG_16109	1	1	1	1	1	2	1	1	1	1	1	2	1	1	1
OG_16110	1	1	1	1	1	1	1	1	1	1	1	1	1	1	1
OG_16111	0	0	0	0	0	5	0	0	0	0	0	0	0	4	0
OG_16112	1	1	2	1	1	1	1	1	1	1	1	2	1	1	1
OG_16113	1	1	1	1	1	1	1	1	1	1	1	1	1	1	2
OG_16114	1	2	1	4	1	4	1	1	1	1	1	1	1	1	1
OG_16115	1	1	1	2	5	2	1	6	3	2	0	0	1	2	0
OG_16116	1	1	1	1	1	1	1	1	1	1	1	1	1	1	1
OG_16117	1	1	1	1	1	1	2	1	1	1	2	1	3	1	1
OG_16118	1	1	1	1	1	1	2	1	1	1	0	1	1	2	1
OG_16119	1	1	1	1	1	2	1	1	1	1	2	3	1	1	0
OG_16120	1	1	1	1	1	1	1	1	1	1	1	6	1	1	1
OG_16121	1	1	2	2	1	1	0	1	1	1	1	3	2	1	0
OG_16122	1	1	0	1	1	0	1	1	1	1	0	0	1	0	0
OG_16123	1	1	1	1	1	1	1	1	1	1	2	1	1	1	1
OG_16124	0	1	1	1	1	4	0	1	1	1	0	0	0	1	0
OG_16125	1	3	1	1	2	0	1	1	1	1	2	8	1	0	2
OG_16126	1	1	2	2	1	3	1	1	1	1	1	4	1	1	1
OG_16127	1	1	1	1	1	2	2	1	1	1	1	1	1	1	1
OG_16128	1	1	2	1	1	1	1	1	2	1	1	1	1	1	2
OG_16129	1	1	1	1	1	0	1	1	1	1	1	1	0	1	1
OG_16130	1	1	1	1	1	0	1	1	3	1	2	0	1	0	0
OG_16131	1	1	1	1	1	0	1	1	1	1	1	1	1	0	1
OG_16132	0	1	0	1	1	0	0	1	1	1	0	0	0	0	0
OG_16133	1	1	1	1	2	2	1	2	1	1	1	1	1	2	1
OG_16134	1	1	1	1	1	0	1	1	1	1	1	1	1	0	1
OG_16135	1	1	1	1	1	1	1	1	1	1	1	4	2	1	1
OG_16136	1	1	1	1	1	1	1	1	1	1	1	1	1	1	1
OG_16137	1	1	1	1	1	1	1	1	1	1	1	1	1	1	1
OG_16138	1	1	1	1	1	1	1	1	1	1	1	1	1	1	1
OG_16139	1	2	1	5	2	0	1	2	1	4	0	0	1	0	0
OG_16140	1	1	1	1	1	0	1	0	0	1	1	0	1	0	0
OG_16141	1	1	1	3	1	0	1	0	1	1	0	2	2	0	0
OG_16142	1	1	1	1	1	1	1	1	1	1	1	1	1	3	2
OG_16143	1	1	1	1	1	3	1	1	1	1	2	3	1	2	1
OG_16144	1	1	1	1	1	1	1	1	1	1	0	1	1	1	1
OG_16145	1	1	1	1	1	3	1	1	1	1	2	2	1	1	1
OG_16146	1	2	1	1	1	0	1	1	1	1	1	1	1	0	0
OG_16147	1	2	1	3	1	0	2	1	1	3	1	6	2	0	1
OG_16148	1	1	1	1	1	1	1	1	1	1	1	3	1	1	1
OG_16149	1	1	1	1	1	1	1	1	2	1	1	1	1	1	1
OG_16150	1	1	0	0	1	2	1	1	1	0	1	1	1	0	1
OG_16151	1	1	1	1	1	1	1	1	1	1	4	1	1	1	2
OG_16152	1	1	1	1	1	1	2	1	1	1	1	1	1	1	1
OG_16153	1	1	1	1	1	1	1	1	1	2	1	3	1	0	1
OG_16154	1	1	1	1	1	2	2	1	1	1	1	2	1	0	1
OG_16155	5	3	6	3	2	0	6	3	3	3	4	4	6	0	1
OG_16156	1	1	1	1	1	2	1	1	1	1	1	1	1	2	0
OG_16157	1	1	1	3	3	1	1	1	2	3	2	1	1	1	1
OG_16158	1	1	1	1	2	0	1	1	1	1	1	1	1	0	0
OG_16159	1	1	1	2	1	1	1	1	1	1	1	1	1	1	1
OG_16160	1	2	1	1	1	1	1	1	1	1	1	1	1	2	1
OG_16161	0	1	1	0	1	0	1	1	1	0	1	1	1	0	1
OG_16162	1	1	1	1	1	0	1	1	1	1	0	0	1	0	0
OG_16163	1	2	1	3	1	0	1	1	1	1	2	4	1	0	2
OG_16164	0	0	0	0	0	2	0	0	0	0	0	0	0	1	0
OG_16165	1	1	1	1	1	1	1	1	1	1	2	1	1	1	1
OG_16166	2	2	1	1	1	0	2	2	1	1	1	1	2	1	1
OG_16167	1	1	1	1	1	1	1	1	1	1	1	1	1	1	1
OG_16168	1	2	2	1	1	0	2	1	1	1	1	1	2	0	0
OG_16169	1	1	1	1	1	0	1	1	1	1	2	1	1	0	1
OG_16170	1	1	1	1	1	1	1	1	1	1	2	10	1	1	1
OG_16171	1	1	1	1	1	1	2	1	1	1	1	1	1	2	2
OG_16172	1	1	1	1	1	1	1	1	1	2	1	2	1	2	1
OG_16173	2	2	1	2	2	4	2	2	2	2	2	2	2	2	2
OG_16174	1	1	1	2	1	0	1	1	1	2	2	5	1	0	0
OG_16175	1	1	1	1	1	0	1	1	1	3	0	3	1	0	0
OG_16176	0	0	0	0	0	1	0	0	0	0	0	0	0	1	1
OG_16177	1	1	1	1	1	1	1	1	1	1	1	1	1	0	1
OG_16178	1	1	1	1	1	2	1	1	1	1	2	1	2	1	0
OG_16179	1	1	0	1	1	1	1	1	1	1	0	1	1	1	1
OG_16180	1	0	1	1	0	0	0	1	1	1	1	2	0	0	2
OG_16181	1	1	1	1	1	1	1	1	1	2	1	1	1	1	1
OG_16182	1	1	1	1	1	1	1	1	1	1	1	1	1	2	1
OG_16183	1	1	1	1	1	1	1	1	1	1	2	1	1	1	1
OG_16184	1	1	1	1	1	1	2	3	1	2	3	2	1	1	1
OG_16185	3	1	1	1	1	0	1	1	1	1	1	1	1	0	0
OG_16186	1	1	1	1	1	0	1	1	1	1	1	1	1	0	1
OG_16187	1	1	0	0	2	0	0	1	1	1	0	0	0	0	0
OG_16188	1	1	1	1	1	1	1	1	1	1	1	3	1	2	3
OG_16189	1	1	1	2	1	0	1	1	1	1	1	0	1	0	1
OG_16190	1	2	1	2	1	1	1	1	1	1	1	1	1	0	0
OG_16191	1	2	1	1	1	0	1	1	1	1	1	1	1	0	1
OG_16192	0	0	0	0	0	1	0	0	0	0	0	0	0	1	1
OG_16193	1	1	1	1	1	0	1	1	1	1	1	1	1	0	0
OG_16194	1	1	1	1	1	1	1	1	1	1	1	1	1	1	1
OG_16195	1	1	1	1	1	1	1	1	1	1	1	2	1	1	1
OG_16196	1	1	1	2	1	1	1	1	1	1	2	2	1	0	1
OG_16197	1	1	2	1	1	1	1	1	1	1	1	1	1	1	1
OG_16198	1	2	1	2	1	1	1	2	2	2	1	1	1	1	1
OG_16199	1	1	0	1	0	0	0	0	1	1	0	1	1	0	0
OG_16200	1	1	1	2	1	1	1	1	2	1	2	1	1	2	1
OG_16201	1	1	1	1	1	1	1	1	1	1	1	1	1	0	1
OG_16202	1	1	1	1	1	1	1	1	1	1	1	4	1	1	1
OG_16203	1	1	1	1	2	1	1	1	1	1	1	1	1	1	1
OG_16204	1	1	1	1	1	1	1	1	1	1	1	1	1	1	2
OG_16205	1	1	1	2	1	0	3	1	1	4	0	1	3	0	1
OG_16206	1	1	2	1	1	1	1	1	1	1	1	1	1	1	1
OG_16207	1	1	1	1	1	2	1	1	1	1	1	2	1	1	1
OG_16208	1	1	1	1	2	2	1	1	1	1	1	4	1	1	1
OG_16209	1	1	1	1	1	2	2	1	3	1	1	3	1	1	1
OG_16210	1	1	1	1	1	1	1	1	2	1	1	1	1	1	3
OG_16211	1	1	1	1	1	4	1	1	1	1	1	1	1	1	1
OG_16212	1	1	1	1	1	0	1	1	1	1	0	1	1	0	0
OG_16213	2	2	2	2	2	3	1	2	3	2	2	2	2	1	1
OG_16214	1	0	4	0	2	0	7	0	1	0	0	0	4	0	0
OG_16215	2	1	1	1	4	0	1	2	0	1	2	6	1	0	0
OG_16216	1	1	1	1	1	1	1	1	1	1	1	1	1	1	1
OG_16217	1	1	2	1	1	2	1	1	1	3	1	1	1	1	1
OG_16218	0	2	0	2	1	3	0	1	2	2	2	3	0	0	0
OG_16219	1	11	4	0	4	0	4	0	0	0	6	0	4	1	0
OG_16220	1	1	2	1	1	2	1	1	1	1	1	4	1	1	2
OG_16221	1	2	1	2	1	2	1	1	1	2	1	4	1	1	1
OG_16222	1	1	2	1	1	1	1	1	1	1	2	1	1	4	1
OG_16223	1	1	1	1	2	0	1	1	3	2	1	1	1	0	2
OG_16224	1	2	1	5	1	6	2	1	1	1	1	1	1	2	1
OG_16225	1	1	1	3	1	0	1	1	2	3	1	2	1	0	3
OG_16226	1	0	1	6	1	1	1	1	1	1	1	1	1	1	1
OG_16227	1	1	1	1	1	1	1	1	1	1	1	1	1	1	1
OG_16228	1	2	1	1	1	0	1	1	1	2	0	0	0	0	0
OG_16229	1	2	1	1	1	0	1	4	1	2	2	2	1	0	0
OG_16230	0	0	0	0	0	2	0	0	0	0	0	0	0	1	0
OG_16231	1	1	1	1	1	1	2	1	1	1	1	1	1	1	1
OG_16232	1	1	1	1	1	2	1	1	1	1	2	4	1	1	2
OG_16233	1	1	1	1	1	1	1	1	1	1	1	1	1	1	1
OG_16234	1	1	1	2	1	1	1	1	1	2	1	1	1	4	1
OG_16235	0	3	1	0	4	0	4	0	2	0	0	0	1	1	0
OG_16236	1	1	1	1	1	1	1	1	1	1	2	1	1	1	0
OG_16237	1	1	1	1	1	2	1	1	1	1	1	1	1	1	2
OG_16238	1	1	1	1	1	1	1	1	1	1	2	1	1	1	8
OG_16239	1	1	1	1	1	4	1	1	1	1	1	1	2	2	1
OG_16240	1	1	1	1	1	1	1	1	1	1	1	1	1	1	1
OG_16241	1	2	1	1	1	2	1	1	1	1	1	1	1	1	1
OG_16242	1	1	1	1	1	0	1	1	1	1	1	1	1	0	1
OG_16243	1	3	1	2	2	1	1	1	1	1	2	1	1	1	1
OG_16244	1	1	2	1	1	0	1	1	1	1	1	1	1	0	1
OG_16245	2	2	2	3	3	3	2	2	3	2	2	4	2	2	0
OG_16246	1	1	1	1	1	0	0	1	2	1	0	1	1	0	0
OG_16247	1	1	1	1	1	0	1	1	1	2	1	4	1	0	1
OG_16248	1	1	1	2	1	0	2	1	1	3	1	4	1	0	1
OG_16249	0	0	0	0	0	2	0	0	0	0	0	0	0	0	3
OG_16250	1	1	1	1	1	0	1	1	1	1	0	0	1	0	0
OG_16251	1	1	1	1	1	0	1	1	1	1	0	0	1	0	0
OG_16252	1	1	1	2	1	3	2	1	1	1	3	1	2	3	1
OG_16253	1	1	1	1	2	0	1	1	1	1	1	1	1	0	1
OG_16254	1	1	1	1	1	1	1	1	1	1	1	1	1	1	1
OG_16255	1	1	1	1	1	1	1	1	1	1	1	1	1	0	1
OG_16256	1	1	1	3	1	1	1	1	1	1	1	1	1	1	0
OG_16257	1	1	2	1	1	2	1	1	1	1	1	2	1	3	1
OG_16258	2	1	1	2	1	0	1	1	1	3	2	1	1	1	1
OG_16259	1	1	0	2	1	7	1	1	1	1	2	4	1	0	0
OG_16260	1	1	1	1	1	1	1	1	1	1	1	1	1	1	2
OG_16261	1	1	1	2	1	2	1	1	1	1	1	1	1	2	1
OG_16262	1	1	1	1	1	1	1	1	1	1	1	1	1	0	1
OG_16263	1	1	1	1	1	0	1	1	1	1	1	2	1	0	0
OG_16264	1	0	2	0	0	0	1	0	1	0	0	0	0	0	0
OG_16265	1	1	1	1	2	0	1	1	1	1	2	1	1	0	1
OG_16266	1	0	0	0	0	0	1	0	0	0	0	0	1	1	0
OG_16267	1	1	3	1	1	1	1	1	1	1	1	2	1	0	0
OG_16268	1	1	1	1	1	1	1	1	1	1	1	1	1	1	1
OG_16269	3	1	1	1	1	4	2	1	1	1	6	2	4	8	1
OG_16270	1	2	1	1	1	1	1	1	1	1	3	4	2	1	8
OG_16271	1	1	1	1	1	1	1	1	1	1	1	3	1	1	0
OG_16272	1	3	2	1	1	1	1	1	1	1	2	1	1	1	2
OG_16273	1	1	1	2	1	1	1	1	1	1	1	2	1	1	1
OG_16274	1	2	1	2	2	0	1	2	2	1	1	1	1	0	0
OG_16275	1	2	1	1	1	1	1	1	1	1	1	1	1	1	1
OG_16276	1	1	0	1	2	0	1	0	1	0	1	0	1	0	0
OG_16277	1	1	1	1	1	1	1	1	1	1	0	2	1	1	1
OG_16278	1	1	1	1	1	1	1	1	1	1	1	1	1	2	1
OG_16279	1	1	1	1	1	1	1	1	1	1	1	1	1	1	0
OG_16280	1	1	1	2	1	2	2	1	1	1	1	1	1	1	1
OG_16281	1	4	2	1	2	0	2	2	1	0	0	0	1	0	0
OG_16282	0	0	0	1	0	0	0	0	0	0	1	0	0	0	0
OG_16283	1	1	1	1	1	2	1	1	1	1	1	1	1	3	1
OG_16284	1	1	1	1	1	1	1	1	1	1	2	1	1	1	1
OG_16285	1	0	1	1	5	0	1	1	1	1	0	0	1	0	0
OG_16286	1	1	1	0	1	0	1	1	1	1	1	0	1	0	0
OG_16287	1	1	1	1	1	1	1	1	1	1	0	2	1	1	1
OG_16288	1	0	1	1	1	0	1	1	1	2	1	1	2	0	0
OG_16289	1	1	1	1	1	1	1	1	1	1	1	1	1	1	2
OG_16290	2	2	1	1	2	6	2	4	2	2	1	1	2	2	1
OG_16291	1	1	1	1	1	0	1	1	1	1	1	5	2	1	0
OG_16292	1	1	1	1	1	1	1	1	1	1	1	1	1	1	1
OG_16293	1	1	1	3	1	1	1	1	2	1	1	1	1	1	0
OG_16294	1	1	1	1	4	1	1	1	1	1	2	1	1	1	1
OG_16295	3	7	5	4	4	0	5	4	5	5	3	22	4	0	1
OG_16296	1	1	1	2	1	0	1	1	1	1	1	1	1	0	0
OG_16297	1	1	1	1	1	1	1	1	2	2	1	1	1	1	1
OG_16298	1	1	1	1	1	4	1	1	1	1	1	1	2	1	1
OG_16299	1	1	1	1	1	0	1	1	1	1	1	1	1	0	1
OG_16300	1	1	1	3	1	1	1	1	1	1	1	3	1	1	1
OG_16301	1	1	1	1	1	1	1	1	2	1	1	1	1	0	1
OG_16302	1	1	1	1	1	1	1	1	1	1	1	2	1	1	1
OG_16303	1	1	1	1	2	0	1	1	1	1	1	1	1	0	0
OG_16304	1	1	1	1	1	1	2	1	1	1	1	1	2	1	0
OG_16305	1	1	1	1	1	1	1	1	1	1	1	2	1	1	1
OG_16306	1	1	1	1	1	2	1	1	1	1	2	1	1	1	1
OG_16307	1	1	1	1	1	2	1	1	2	2	1	3	1	0	1
OG_16308	1	1	1	1	1	0	1	1	1	1	1	1	1	0	0
OG_16309	1	1	1	1	1	1	1	1	1	1	1	1	1	1	1
OG_16310	1	1	1	2	1	1	1	1	1	1	1	2	1	1	1
OG_16311	1	1	1	1	1	2	1	1	1	1	1	1	1	1	1
OG_16312	1	1	2	1	5	3	1	3	1	1	2	2	1	3	5
OG_16313	1	1	1	1	1	0	1	1	1	1	0	1	1	0	2
OG_16314	1	2	3	3	2	2	1	1	2	1	2	3	2	0	0
OG_16315	1	1	4	1	1	1	2	1	1	1	0	1	2	1	2
OG_16316	1	1	1	1	1	2	1	1	1	1	1	1	1	1	1
OG_16317	1	1	1	1	1	0	1	1	1	1	1	1	1	0	0
OG_16318	1	1	1	1	1	1	1	1	1	1	1	1	1	0	0
OG_16319	1	1	1	1	1	0	1	1	1	1	1	0	1	0	0
OG_16320	1	2	1	6	1	0	1	2	4	2	0	2	1	0	2
OG_16321	1	1	1	1	1	1	1	1	1	1	1	1	1	3	1
OG_16322	1	1	1	1	1	1	1	1	1	1	1	1	1	1	1
OG_16323	1	0	0	1	0	0	0	1	0	1	1	0	1	0	0
OG_16324	1	1	1	1	1	1	1	1	1	1	3	2	1	1	1
OG_16325	1	1	1	2	1	0	1	1	1	2	1	2	1	0	0
OG_16326	1	1	1	2	1	0	1	1	1	1	1	0	2	0	1
OG_16327	1	1	1	2	1	5	1	1	1	1	1	1	1	1	0
OG_16328	1	1	1	1	1	5	1	1	1	1	1	2	2	1	1
OG_16329	1	1	1	1	1	1	1	1	1	1	1	1	1	1	1
OG_16330	1	1	1	2	1	1	2	3	1	1	1	1	2	1	1
OG_16331	1	1	1	1	1	2	1	1	1	1	1	2	1	1	1
OG_16332	1	1	1	1	1	0	1	1	1	1	1	1	2	0	0
OG_16333	1	1	1	1	1	1	1	1	1	1	1	3	1	1	0
OG_16334	1	1	1	1	1	0	1	1	1	2	1	1	1	0	0
OG_16335	1	1	1	1	1	1	0	1	1	1	1	1	1	1	1
OG_16336	1	1	1	1	1	1	1	1	1	1	1	4	2	1	4
OG_16337	1	1	1	2	1	1	1	1	1	1	1	1	2	1	2
OG_16338	1	1	1	1	1	1	1	1	1	1	0	2	1	1	0
OG_16339	1	1	1	1	1	1	1	1	1	1	1	1	1	1	2
OG_16340	1	5	1	3	2	0	2	4	1	2	0	1	2	0	0
OG_16341	1	1	1	5	1	2	1	1	1	2	1	3	1	2	0
OG_16342	1	1	1	3	1	1	1	1	1	1	1	6	1	1	2
OG_16343	1	0	0	0	0	0	1	2	0	1	0	0	2	0	1
OG_16344	1	1	1	0	1	1	1	2	1	0	0	1	1	1	0
OG_16345	1	1	3	1	1	1	1	1	1	1	1	2	1	1	1
OG_16346	2	2	2	3	3	1	2	3	2	2	3	5	2	1	1
OG_16347	1	1	2	2	1	2	1	1	1	2	1	2	1	1	1
OG_16348	0	0	0	0	0	1	0	0	0	0	0	0	0	1	0
OG_16349	1	1	1	1	1	4	1	1	1	1	1	1	1	2	1
OG_16350	1	1	1	2	1	0	1	1	2	1	3	1	1	0	0
OG_16351	1	0	1	2	2	0	2	2	1	2	1	1	1	0	0
OG_16352	1	1	1	1	1	1	1	2	1	1	0	1	1	1	1
OG_16353	1	1	1	1	1	2	1	1	1	1	1	1	1	1	1
OG_16354	1	1	1	1	1	0	1	1	1	1	1	1	1	0	1
OG_16355	1	1	1	1	1	1	1	1	1	1	1	4	2	1	1
OG_16356	1	1	1	1	1	1	1	1	1	1	1	1	1	1	1
OG_16357	1	1	1	1	1	1	1	1	1	1	1	1	1	1	2
OG_16358	1	1	1	1	1	2	1	1	1	1	0	2	1	3	2
OG_16359	1	1	3	1	1	1	1	1	1	1	1	1	1	1	0
OG_16360	1	0	3	1	0	0	1	1	1	0	0	0	1	0	0
OG_16361	1	1	1	1	1	1	1	1	1	1	1	1	1	1	1
OG_16362	2	2	2	2	2	2	2	2	2	2	2	2	2	1	1
OG_16363	1	1	1	1	1	1	1	1	1	1	1	1	1	1	1
OG_16364	1	1	1	3	1	1	2	1	1	1	1	3	1	1	1
OG_16365	1	2	1	1	1	0	2	1	1	1	1	0	1	1	0
OG_16366	1	1	1	1	1	2	1	1	1	1	1	1	1	1	1
OG_16367	1	1	1	0	1	0	1	1	1	1	1	2	1	0	0
OG_16368	1	1	2	1	1	1	1	1	1	1	2	2	1	2	1
OG_16369	1	4	2	1	1	1	1	1	6	1	1	1	1	1	1
OG_16370	1	1	1	1	1	1	1	11	1	1	1	3	1	1	1
OG_16371	1	1	1	1	1	0	1	1	1	1	2	1	1	0	0
OG_16372	2	1	1	1	1	0	1	1	1	1	0	0	1	0	0
OG_16373	1	1	1	1	1	1	1	1	1	1	1	2	1	2	1
OG_16374	1	1	2	2	1	1	3	1	1	1	2	1	1	1	0
OG_16375	1	1	1	1	1	1	1	1	1	1	2	6	1	1	1
OG_16376	1	1	1	1	1	1	1	1	1	1	1	4	3	0	1
OG_16377	1	1	1	1	1	1	1	1	1	1	1	1	1	1	1
OG_16378	1	1	4	2	1	1	1	1	0	1	1	2	1	1	1
OG_16379	1	4	1	1	1	0	1	2	3	1	4	5	1	0	3
OG_16380	1	1	1	1	1	3	1	1	1	1	1	1	1	1	3
OG_16381	1	3	2	1	2	1	2	1	1	1	1	1	2	1	1
OG_16382	2	1	0	0	0	0	1	1	2	1	3	0	1	0	0
OG_16383	1	1	1	4	1	0	3	1	1	1	1	1	1	0	0
OG_16384	1	4	2	1	1	0	1	1	2	1	1	1	1	0	0
OG_16385	1	1	1	1	1	1	1	1	1	1	1	1	1	1	1
OG_16386	1	1	1	1	1	2	1	1	1	2	1	1	1	1	0
OG_16387	1	1	1	1	1	1	2	1	1	1	2	4	1	1	0
OG_16388	1	1	2	2	1	1	1	1	1	1	1	2	1	1	2
OG_16389	1	1	1	1	1	0	1	1	0	1	0	1	4	0	1
OG_16390	1	0	0	0	0	0	0	0	0	0	0	0	3	0	0
OG_16391	1	1	1	1	1	0	2	1	1	1	0	0	2	0	0
OG_16392	1	1	2	1	1	2	1	1	1	1	1	4	1	1	1
OG_16393	1	1	1	0	1	0	1	1	1	0	1	1	1	1	1
OG_16394	1	2	2	3	1	2	1	1	1	1	1	1	1	1	1
OG_16395	1	1	1	1	1	1	1	1	1	1	1	1	1	1	1
OG_16396	1	1	1	1	1	1	1	1	1	1	1	1	1	1	1
OG_16397	1	1	1	3	1	1	1	1	0	1	2	5	1	1	1
OG_16398	1	1	1	1	1	3	1	1	2	1	1	1	2	1	1
OG_16399	2	2	2	2	2	3	3	2	2	2	1	0	1	0	1
OG_16400	1	0	1	1	1	0	1	1	1	1	4	2	0	0	0
OG_16401	1	1	1	1	1	3	1	1	1	1	1	1	1	1	1
OG_16402	1	0	2	0	0	0	1	0	0	0	0	0	1	0	0
OG_16403	1	1	1	1	1	0	1	1	1	1	0	2	1	0	0
OG_16404	1	2	2	2	2	1	1	2	3	2	3	3	1	0	1
OG_16405	1	1	1	1	1	1	1	1	1	1	1	2	1	0	0
OG_16406	1	1	1	1	1	1	1	1	1	1	1	2	1	1	2
OG_16407	2	1	2	2	1	2	2	1	1	1	1	1	1	1	3
OG_16408	1	2	1	1	1	2	1	1	1	1	1	1	1	1	1
OG_16409	1	0	1	1	1	3	1	1	1	1	1	1	1	1	1
OG_16410	1	2	1	1	8	0	1	1	1	1	1	1	1	0	2
OG_16411	1	1	1	1	1	0	1	1	1	1	1	0	1	0	1
OG_16412	1	0	0	0	0	0	1	0	0	0	0	0	1	0	0
OG_16413	2	1	1	1	1	0	1	1	0	1	1	2	1	0	0
OG_16414	0	7	0	1	3	0	0	1	6	1	3	1	0	0	0
OG_16415	2	1	3	1	2	0	3	2	1	0	0	0	1	0	1
OG_16416	1	1	1	1	1	0	1	1	1	0	1	1	1	0	0
OG_16417	1	1	1	1	1	0	1	1	1	1	1	1	1	0	0
OG_16418	2	3	2	2	5	0	3	3	6	2	3	0	4	0	1
OG_16419	1	1	2	0	1	0	0	2	1	1	1	0	3	0	1
OG_16420	1	1	1	1	1	0	1	1	1	1	1	1	1	0	0
OG_16421	0	0	0	0	0	1	0	0	0	0	0	0	0	1	0
OG_16422	1	1	1	1	1	4	1	1	1	1	1	1	1	1	1
OG_16423	1	1	1	3	1	1	1	1	1	1	2	3	1	1	1
OG_16424	1	4	0	3	3	0	1	1	2	2	0	1	1	0	0
OG_16425	1	1	1	1	1	1	1	1	1	1	1	1	1	1	1
OG_16426	1	1	3	2	1	0	2	1	1	1	0	0	2	0	0
OG_16427	1	1	2	1	3	6	3	1	1	2	0	0	2	0	1
OG_16428	1	1	1	1	1	0	1	1	1	1	1	1	1	0	1
OG_16429	1	1	1	3	1	1	1	2	2	2	1	2	2	2	1
OG_16430	1	1	1	1	1	0	1	1	1	1	0	0	1	0	0
OG_16431	1	1	1	1	1	2	1	1	1	1	1	3	1	0	1
OG_16432	1	1	1	1	1	1	1	1	1	1	1	2	1	1	1
OG_16433	1	1	1	1	2	0	1	1	1	1	1	1	1	0	0
OG_16434	1	1	1	1	1	3	1	1	1	1	2	1	1	0	0
OG_16435	2	1	1	1	1	0	2	1	1	1	1	1	2	0	0
OG_16436	1	1	1	1	1	10	1	1	1	1	1	1	1	1	1
OG_16437	0	1	0	0	1	0	3	1	0	0	0	3	1	1	0
OG_16438	1	1	1	2	1	1	1	1	1	1	1	1	1	1	1
OG_16439	1	1	1	2	1	0	3	1	2	1	1	4	2	0	1
OG_16440	1	1	1	1	1	1	1	1	1	1	1	2	1	1	1
OG_16441	1	1	1	1	1	1	1	1	1	2	1	1	1	1	1
OG_16442	1	1	0	1	1	4	1	2	1	1	1	2	1	1	1
OG_16443	1	1	2	1	1	0	1	2	1	1	0	1	1	0	0
OG_16444	1	1	1	1	1	1	2	2	1	1	1	1	1	1	0
OG_16445	1	1	1	1	1	1	1	1	1	1	1	1	1	1	1
OG_16446	1	1	1	1	1	1	1	1	1	1	2	1	1	1	1
OG_16447	2	1	1	2	2	0	3	1	2	1	1	1	3	0	0
OG_16448	1	1	1	2	1	1	1	1	1	1	2	2	1	2	1
OG_16449	1	1	1	2	1	1	1	1	1	2	1	1	1	1	3
OG_16450	1	1	1	1	1	0	1	1	0	2	0	0	2	0	0
OG_16451	1	2	1	2	4	11	1	2	2	2	2	2	1	2	1
OG_16452	1	1	1	1	1	1	1	1	2	1	1	1	1	0	1
OG_16453	1	1	1	1	1	1	1	1	1	1	2	1	2	1	1
OG_16454	1	1	1	1	1	0	1	1	1	1	0	0	1	0	0
OG_16455	1	1	1	1	1	1	1	1	1	1	1	1	3	1	1
OG_16456	1	1	1	1	1	2	1	1	1	1	1	1	1	0	1
OG_16457	0	1	0	0	1	0	0	1	1	1	2	0	0	0	0
OG_16458	0	4	0	2	0	0	0	5	0	6	0	0	0	0	0
OG_16459	1	0	1	0	0	0	2	0	0	0	0	0	0	0	0
OG_16460	1	2	1	1	1	2	1	2	1	1	1	1	1	1	1
OG_16461	1	2	2	2	7	1	1	1	1	1	1	1	2	2	1
OG_16462	1	1	2	1	1	3	1	1	1	1	1	1	1	1	1
OG_16463	1	1	1	1	1	1	1	1	1	1	1	1	1	1	1
OG_16464	1	1	2	1	1	1	1	1	2	1	2	1	1	1	1
OG_16465	1	1	1	1	1	1	4	1	1	1	1	1	1	1	1
OG_16466	1	1	2	0	1	0	1	1	2	1	1	0	1	0	1
OG_16467	1	4	2	0	1	0	2	2	1	1	1	0	2	0	3
OG_16468	1	1	1	2	1	1	1	1	1	1	2	3	1	1	0
OG_16469	1	1	1	1	1	2	1	1	1	1	1	1	1	1	1
OG_16470	1	2	1	1	1	1	1	1	1	1	1	2	1	1	1
OG_16471	1	2	1	1	1	1	3	1	2	1	1	1	2	1	0
OG_16472	1	2	1	1	2	2	1	2	1	1	1	1	1	2	0
OG_16473	1	1	0	1	1	0	1	2	1	1	0	0	1	0	0
OG_16474	1	1	1	2	1	1	3	1	1	1	1	2	1	1	2
OG_16475	1	3	1	2	1	1	1	1	1	4	1	1	1	1	1
OG_16476	1	1	1	1	1	1	1	1	2	1	1	3	1	1	1
OG_16477	1	1	1	3	1	1	2	1	1	2	1	3	1	2	1
OG_16478	1	1	3	1	1	2	1	2	3	2	1	1	1	1	0
OG_16479	0	1	3	1	1	4	2	1	1	2	1	2	1	0	1
OG_16480	1	1	1	1	1	1	1	1	1	1	1	1	1	1	0
OG_16481	2	2	2	2	2	1	3	2	2	2	3	4	2	1	2
OG_16482	0	0	0	0	1	3	0	0	1	0	2	2	0	1	0
OG_16483	0	2	0	5	0	0	0	1	0	3	0	0	0	0	0
OG_16484	2	0	0	0	0	0	3	0	1	0	0	0	8	0	0
OG_16485	1	1	1	0	1	0	1	1	1	1	0	0	1	0	0
OG_16486	1	1	1	3	1	0	2	1	2	2	1	1	1	0	0
OG_16487	0	2	0	1	0	0	0	2	1	1	0	0	0	0	0
OG_16488	1	2	1	1	1	0	2	1	2	1	1	1	1	1	1
OG_16489	1	1	1	2	1	0	1	1	2	2	2	2	1	6	0
OG_16490	0	0	0	0	0	1	0	0	0	0	0	0	0	1	0
OG_16491	1	1	2	1	2	1	1	1	1	2	1	1	1	1	1
OG_16492	1	1	1	2	1	1	1	1	1	1	1	3	1	2	1
OG_16493	1	1	1	1	1	1	1	1	1	1	1	1	1	1	1
OG_16494	1	1	1	1	1	0	1	1	1	1	1	2	1	0	1
OG_16495	1	1	1	1	1	0	1	1	1	1	2	2	1	1	1
OG_16496	1	0	1	3	1	0	1	1	1	1	2	1	1	0	3
OG_16497	1	1	1	2	1	0	2	1	1	1	2	1	2	1	1
OG_16498	1	2	1	2	1	2	3	1	1	1	2	3	2	1	1
OG_16499	1	1	1	1	1	1	1	1	1	1	1	1	1	1	1
OG_16500	1	1	1	1	1	1	1	1	1	1	1	1	2	1	1
OG_16501	1	2	1	1	2	0	1	3	3	2	0	0	1	0	0
OG_16502	1	1	1	1	1	1	1	1	1	1	3	2	1	1	1
OG_16503	1	2	1	1	2	3	1	1	1	1	1	1	1	1	1
OG_16504	1	1	1	1	1	0	2	1	1	1	1	1	2	0	0
OG_16505	1	1	1	1	1	1	1	1	1	1	1	3	1	41	1
OG_16506	1	1	1	2	1	0	1	1	1	1	1	1	1	0	0
OG_16507	1	1	1	1	1	1	1	1	1	1	1	3	1	1	1
OG_16508	1	1	1	1	1	1	1	1	1	2	1	2	1	1	0
OG_16509	1	2	1	1	1	1	1	1	1	1	1	1	1	1	1
OG_16510	1	1	2	1	1	1	1	1	1	1	1	5	1	0	1
OG_16511	1	1	1	1	1	1	2	1	1	1	1	1	1	1	0
OG_16512	1	1	1	1	1	1	1	1	3	1	1	1	1	0	1
OG_16513	1	1	1	1	1	2	1	1	1	1	1	1	1	2	1
OG_16514	1	1	1	2	1	0	1	1	1	1	1	2	1	0	1
OG_16515	1	1	1	1	1	0	1	1	1	1	0	0	1	0	0
OG_16516	1	1	1	1	2	1	1	1	1	1	2	1	1	0	3
OG_16517	1	1	1	1	1	2	1	1	1	1	2	1	1	1	1
OG_16518	1	2	1	1	1	1	1	1	1	1	2	1	1	1	1
OG_16519	1	2	1	1	1	0	1	1	1	0	1	0	1	0	0
OG_16520	1	1	1	1	1	4	1	1	1	1	1	1	1	2	1
OG_16521	1	1	1	1	1	2	1	1	1	2	1	1	1	2	1
OG_16522	1	2	1	1	1	1	1	1	1	1	2	1	1	1	1
OG_16523	1	1	1	1	1	1	2	1	1	1	2	2	2	1	1
OG_16524	1	1	1	1	1	1	1	1	3	1	1	1	1	1	1
OG_16525	1	1	1	1	1	1	1	1	1	1	1	1	1	2	1
OG_16526	1	1	1	1	1	1	1	1	1	1	1	1	1	1	2
OG_16527	0	2	1	0	2	0	1	1	2	0	0	0	1	0	0
OG_16528	0	1	1	0	1	0	1	1	1	0	1	1	1	0	0
OG_16529	0	1	1	0	1	0	1	1	1	0	1	1	1	0	0
OG_16530	0	1	0	0	1	0	1	1	1	0	0	0	1	0	0
OG_16531	1	1	1	2	1	0	1	1	1	1	0	0	2	0	0
OG_16532	0	1	1	0	0	0	1	1	1	0	0	0	1	0	0
OG_16533	1	1	1	1	1	0	2	1	1	1	1	1	2	0	2
OG_16534	2	1	1	1	1	1	1	1	1	1	0	1	1	1	0
OG_16535	1	1	1	0	2	3	1	1	3	1	1	2	1	0	1
OG_16536	1	1	1	1	1	1	2	1	1	1	0	1	2	1	1
OG_16537	1	1	1	2	1	1	2	1	1	1	1	3	1	1	1
OG_16538	1	1	1	2	1	2	1	1	1	2	2	1	1	1	0
OG_16539	0	0	2	0	2	0	2	2	0	0	0	0	3	0	0
OG_16540	0	0	2	0	0	0	1	0	0	0	0	0	1	0	0
OG_16541	1	1	1	2	1	0	1	1	1	2	1	1	1	0	0
OG_16542	1	1	2	1	1	1	2	1	1	2	2	3	2	1	1
OG_16543	1	1	1	1	1	3	1	1	1	1	1	2	1	2	1
OG_16544	1	1	1	2	1	2	1	1	1	1	1	2	1	1	1
OG_16545	1	1	1	1	1	2	1	1	1	2	2	1	1	1	2
OG_16546	1	1	1	1	1	1	1	1	2	1	1	1	1	2	1
OG_16547	1	1	1	1	1	1	1	1	1	1	1	1	1	1	1
OG_16548	1	1	1	1	1	0	1	1	1	1	1	1	1	0	1
OG_16549	1	1	3	2	1	1	1	1	1	1	1	2	1	1	1
OG_16550	2	3	1	2	4	0	2	2	3	4	1	0	2	0	0
OG_16551	1	1	1	1	1	0	1	1	1	2	0	0	2	0	0
OG_16552	1	1	1	0	1	0	1	1	0	2	1	0	1	0	1
OG_16553	1	1	1	1	1	2	2	1	2	1	1	3	2	0	0
OG_16554	0	1	0	0	0	0	0	0	0	0	1	0	0	0	0
OG_16555	1	1	1	1	0	0	1	1	1	1	1	1	1	0	0
OG_16556	1	1	1	1	1	1	1	1	1	1	2	1	1	1	1
OG_16557	1	1	1	1	1	1	1	1	1	1	2	1	1	1	1
OG_16558	1	1	2	1	1	1	1	1	1	2	2	1	1	1	1
OG_16559	1	1	1	1	1	1	1	1	1	1	2	1	1	2	1
OG_16560	1	1	1	1	1	1	1	2	1	1	1	1	1	1	1
OG_16561	1	2	1	0	1	0	1	1	2	1	1	1	2	0	0
OG_16562	1	1	2	1	2	0	1	1	1	1	0	2	1	0	1
OG_16563	1	1	1	2	1	1	1	1	1	1	1	1	1	2	1
OG_16564	1	1	1	1	1	0	1	1	1	1	0	0	1	0	0
OG_16565	1	1	1	1	1	1	1	1	1	3	2	1	1	1	1
OG_16566	1	1	1	1	1	1	2	1	1	1	1	2	1	1	1
OG_16567	1	1	1	2	1	0	2	1	1	1	1	1	1	0	1
OG_16568	1	1	0	1	0	1	1	1	1	1	1	0	1	2	0
OG_16569	1	1	1	1	1	0	1	1	1	1	2	1	2	0	0
OG_16570	1	1	1	1	1	1	1	1	1	1	1	3	1	1	1
OG_16571	1	2	1	2	1	1	1	1	1	1	2	1	1	1	1
OG_16572	1	1	1	1	1	0	1	1	0	1	2	1	1	0	0
OG_16573	1	1	1	1	1	1	1	2	3	1	1	1	1	1	1
OG_16574	1	1	1	1	1	1	1	1	1	1	2	3	1	1	1
OG_16575	1	1	1	1	1	2	1	1	1	1	3	1	2	1	1
OG_16576	1	2	1	1	1	0	1	1	1	1	1	1	1	0	0
OG_16577	1	1	0	0	0	0	0	0	0	1	0	1	0	0	0
OG_16578	2	1	2	1	1	0	2	1	2	1	0	0	3	0	0
OG_16579	1	0	0	0	0	0	1	0	0	0	0	0	0	0	0
OG_16580	1	0	0	0	0	0	1	0	0	0	0	0	2	0	0
OG_16581	1	1	1	1	1	4	1	1	1	1	1	1	1	2	1
OG_16582	1	1	1	1	1	0	1	1	1	1	1	1	2	0	0
OG_16583	1	1	1	1	1	3	1	1	1	1	1	3	2	0	0
OG_16584	1	1	0	1	1	5	1	1	1	1	0	0	1	1	0
OG_16585	1	1	1	1	1	0	1	1	1	1	1	1	1	0	0
OG_16586	1	1	1	1	1	0	1	1	1	1	1	0	1	0	0
OG_16587	1	1	1	1	1	1	1	1	1	1	1	1	1	1	0
OG_16588	1	1	1	1	1	1	1	1	1	1	1	0	1	1	1
OG_16589	1	1	1	1	2	0	1	1	1	1	1	1	1	0	0
OG_16590	1	2	1	1	2	0	1	1	1	1	0	0	1	0	0
OG_16591	1	1	1	1	1	0	1	1	1	1	1	1	1	0	0
OG_16592	1	1	2	1	1	1	1	1	1	1	1	1	1	2	2
OG_16593	1	1	1	1	1	1	1	1	1	1	1	1	1	4	2
OG_16594	1	1	1	1	1	2	1	1	1	1	0	1	1	1	0
OG_16595	1	1	1	0	1	2	1	1	1	1	0	2	1	1	1
OG_16596	1	1	1	0	1	1	1	1	1	1	0	2	1	1	1
OG_16597	1	1	1	1	1	1	1	1	1	1	1	1	1	1	1
OG_16598	1	1	5	4	1	0	1	1	1	1	1	1	1	0	0
OG_16599	1	1	1	1	1	2	1	1	1	1	1	1	1	1	1
OG_16600	1	1	1	1	1	1	1	1	2	1	1	3	1	1	1
OG_16601	1	1	1	1	1	2	1	1	1	1	1	2	1	0	1
OG_16602	1	1	1	0	1	1	2	1	1	0	1	1	1	1	1
OG_16603	1	1	2	1	1	3	1	1	1	3	1	2	2	1	1
OG_16604	1	1	2	3	1	0	2	1	2	1	0	0	1	0	0
OG_16605	1	3	2	3	1	1	1	2	2	2	1	1	1	2	0
OG_16606	2	1	2	1	1	0	2	1	1	1	0	0	2	0	0
OG_16607	1	1	1	1	1	1	1	1	1	1	1	3	1	1	2
OG_16608	1	1	1	1	1	1	1	1	1	1	1	1	1	1	1
OG_16609	2	1	1	1	1	4	2	1	0	1	1	3	1	1	2
OG_16610	1	1	1	1	1	2	1	1	1	1	1	1	2	1	1
OG_16611	1	1	2	1	1	1	1	1	1	1	1	2	1	1	1
OG_16612	1	1	1	1	1	0	1	1	1	1	1	1	2	0	0
OG_16613	1	1	1	1	2	0	1	1	1	3	1	1	1	0	0
OG_16614	1	1	1	1	1	2	2	1	1	1	3	2	2	1	0
OG_16615	1	1	1	1	1	1	1	1	1	1	1	7	1	1	1
OG_16616	1	1	1	2	1	0	1	1	1	1	2	2	1	0	0
OG_16617	1	2	2	1	1	1	1	1	1	1	2	1	1	1	1
OG_16618	1	2	1	2	1	2	1	1	1	1	1	1	1	1	1
OG_16619	1	1	2	1	1	1	1	1	5	1	1	4	1	1	1
OG_16620	1	2	1	1	1	1	1	1	1	1	1	1	1	2	2
OG_16621	1	1	1	1	1	0	1	1	1	1	1	1	1	0	0
OG_16622	1	1	1	3	1	1	1	1	1	1	2	1	1	0	0
OG_16623	2	2	2	2	2	1	2	2	2	2	1	2	2	0	0
OG_16624	1	2	6	1	1	0	1	2	1	1	0	0	1	0	0
OG_16625	1	1	2	2	1	1	1	4	1	1	1	1	1	1	1
OG_16626	1	1	1	1	1	2	1	1	1	1	1	1	1	1	1
OG_16627	1	1	1	1	1	1	1	1	1	1	2	2	3	2	1
OG_16628	1	1	1	1	1	0	1	1	1	1	0	0	1	0	0
OG_16629	1	2	1	1	1	3	1	1	2	1	1	4	1	1	1
OG_16630	1	1	1	1	1	0	1	1	1	1	1	1	1	0	0
OG_16631	1	1	1	1	1	0	1	1	1	1	1	1	1	1	2
OG_16632	1	1	1	2	1	1	3	2	1	2	1	1	1	1	1
OG_16633	1	1	2	1	1	1	1	1	1	1	1	3	1	0	1
OG_16634	1	1	1	1	1	1	1	1	1	1	1	5	1	2	1
OG_16635	1	1	1	1	1	1	1	1	1	1	1	1	1	1	1
OG_16636	1	2	1	1	1	0	1	1	1	1	1	1	1	0	0
OG_16637	1	1	1	1	1	1	1	1	1	1	0	1	1	1	1
OG_16638	0	2	1	1	1	0	0	1	2	1	1	0	0	0	0
OG_16639	1	2	1	1	2	2	1	2	2	1	3	3	1	1	1
OG_16640	1	1	0	1	1	0	1	1	1	1	1	4	2	0	0
OG_16641	1	1	2	1	1	1	1	1	1	1	1	5	3	1	1
OG_16642	1	2	1	2	1	8	1	1	1	2	1	1	1	1	1
OG_16643	1	1	2	1	1	2	1	1	2	1	1	3	1	6	2
OG_16644	1	2	2	1	2	2	1	2	2	1	2	1	1	1	1
OG_16645	1	1	1	1	1	1	1	1	1	1	2	1	1	1	1
OG_16646	2	3	4	4	2	3	2	2	2	4	1	2	2	0	0
OG_16647	1	1	2	2	1	1	1	2	1	1	1	1	1	1	1
OG_16648	1	1	1	1	1	2	1	1	1	1	1	1	1	0	1
OG_16649	1	1	1	0	1	0	1	1	1	0	0	0	1	0	0
OG_16650	1	2	1	1	1	2	1	1	1	2	1	1	1	2	1
OG_16651	1	1	1	1	1	0	1	1	1	1	1	1	1	0	1
OG_16652	2	2	1	2	16	1	2	3	4	2	0	1	2	1	0
OG_16653	1	1	1	1	1	1	1	1	1	1	2	1	1	0	0
OG_16654	1	1	1	1	1	0	2	1	1	1	0	1	1	0	0
OG_16655	2	1	1	1	1	1	1	1	1	1	0	1	1	1	0
OG_16656	1	1	1	1	1	1	1	1	1	1	2	7	1	1	1
OG_16657	1	1	1	1	1	4	1	1	1	1	1	1	1	1	1
OG_16658	1	1	1	1	1	1	1	1	1	1	1	2	1	1	2
OG_16659	1	0	0	0	0	0	0	0	0	0	0	0	1	0	0
OG_16660	1	1	1	1	1	1	1	1	1	1	1	1	1	1	1
OG_16661	1	1	1	2	2	1	1	3	1	1	3	4	1	1	1
OG_16662	1	1	1	1	1	2	1	1	1	1	1	0	1	1	1
OG_16663	1	1	0	1	1	2	1	1	1	1	1	0	1	2	0
OG_16664	1	1	1	1	1	2	1	1	1	2	2	1	2	1	1
OG_16665	1	1	1	1	1	1	3	1	1	2	2	2	3	2	1
OG_16666	1	1	1	1	1	1	1	1	1	1	2	1	1	1	1
OG_16667	1	1	1	1	1	1	1	1	1	1	1	0	1	1	1
OG_16668	1	1	1	1	1	1	1	1	1	1	1	2	1	1	0
OG_16669	1	1	2	2	1	1	1	1	1	1	1	0	1	7	1
OG_16670	1	1	1	1	1	1	1	1	2	1	1	6	1	1	1
OG_16671	1	1	1	1	1	1	1	1	1	1	1	0	1	1	1
OG_16672	1	1	1	2	1	3	1	1	2	1	1	1	1	1	0
OG_16673	1	1	1	1	1	0	1	1	1	1	3	1	1	0	1
OG_16674	1	1	1	1	1	1	1	1	1	1	1	1	1	1	1
OG_16675	1	1	1	2	1	3	1	1	1	1	1	2	1	1	4
OG_16676	2	1	1	1	1	0	2	1	1	1	1	1	1	0	1
OG_16677	0	1	0	1	1	1	0	1	1	4	1	4	0	0	0
OG_16678	1	1	2	1	1	1	1	1	1	1	2	8	1	1	1
OG_16679	1	1	1	1	1	3	1	1	2	1	1	1	1	1	1
OG_16680	1	1	1	1	1	1	1	2	2	2	1	2	1	1	1
OG_16681	1	1	1	2	1	2	1	1	1	1	1	1	1	1	1
OG_16682	1	1	1	1	1	1	1	1	1	1	1	1	1	1	1
OG_16683	1	1	1	1	1	0	0	1	3	1	0	0	1	0	0
OG_16684	1	1	1	1	1	1	1	1	1	1	1	1	1	2	1
OG_16685	1	1	1	1	1	1	1	1	1	1	1	1	1	1	1
OG_16686	2	0	0	0	0	0	0	0	0	0	0	0	1	0	0
OG_16687	0	0	0	0	0	0	1	0	0	0	0	0	1	0	0
OG_16688	1	2	1	1	1	1	1	1	1	1	1	2	0	1	1
OG_16689	1	1	1	1	1	1	1	1	1	1	2	3	1	1	4
OG_16690	1	1	1	3	1	2	1	1	1	1	3	3	1	3	1
OG_16691	1	1	1	0	1	1	1	1	1	1	0	0	1	1	1
OG_16692	1	1	1	1	1	1	2	1	1	1	1	1	2	2	1
OG_16693	3	0	5	4	8	0	3	5	7	5	1	1	3	0	1
OG_16694	0	0	0	0	0	0	0	1	1	1	0	0	0	0	0
OG_16695	1	1	1	1	1	1	1	1	1	1	1	1	1	1	2
OG_16696	1	1	1	1	1	1	1	1	1	1	1	1	1	1	1
OG_16697	1	1	1	1	1	1	1	1	1	1	1	1	1	2	2
OG_16698	1	0	1	1	1	1	2	1	1	1	1	2	2	1	0
OG_16699	4	2	2	1	4	0	3	1	1	1	2	2	4	0	1
OG_16700	1	1	1	1	1	0	1	1	1	1	1	2	1	0	0
OG_16701	1	1	1	3	1	0	0	1	9	1	1	2	2	0	0
OG_16702	2	0	0	0	0	0	0	0	0	0	0	0	1	0	0
OG_16703	1	1	2	1	1	1	1	1	4	1	1	1	1	1	1
OG_16704	1	1	1	1	1	0	1	7	1	0	1	1	1	0	0
OG_16705	1	2	1	1	2	0	1	1	1	1	1	0	1	0	0
OG_16706	1	4	1	1	3	0	2	1	2	0	1	0	3	0	1
OG_16707	1	1	0	1	1	0	1	1	1	1	1	4	1	0	1
OG_16708	1	1	1	1	1	1	1	1	1	0	4	1	1	1	1
OG_16709	1	2	1	1	1	1	1	1	1	1	1	5	1	1	1
OG_16710	1	1	2	1	1	1	1	1	1	1	1	1	1	1	1
OG_16711	2	1	1	1	1	1	3	1	1	1	2	1	1	1	1
OG_16712	1	1	1	1	1	2	1	1	2	1	1	1	2	0	1
OG_16713	1	1	1	1	2	0	2	1	1	2	1	1	1	0	0
OG_16714	1	1	1	1	1	0	1	1	1	1	0	0	1	0	0
OG_16715	1	1	1	1	1	1	1	1	1	1	1	1	1	1	2
OG_16716	0	0	1	0	0	0	0	0	0	0	0	0	1	0	0
OG_16717	1	1	1	0	3	0	1	1	1	1	1	0	1	0	0
OG_16718	1	0	1	0	2	2	2	1	1	1	0	3	2	1	1
OG_16719	1	1	1	1	1	1	1	1	1	1	3	1	1	1	1
OG_16720	1	1	2	4	1	1	1	1	1	1	1	2	1	1	3
OG_16721	0	0	0	0	0	1	0	0	0	0	0	0	0	1	1
OG_16722	1	2	1	1	2	1	1	1	1	1	2	0	1	1	1
OG_16723	2	1	1	1	2	0	2	1	4	1	0	0	3	0	0
OG_16724	1	1	1	1	2	1	1	1	1	1	2	1	1	1	1
OG_16725	1	1	1	1	1	2	1	3	1	1	2	1	1	1	1
OG_16726	1	1	1	1	1	0	0	1	1	1	1	1	1	0	1
OG_16727	1	2	2	2	0	0	1	2	1	2	0	0	1	0	1
OG_16728	1	2	1	1	1	1	2	1	1	1	1	1	1	2	1
OG_16729	2	1	1	1	0	0	1	2	1	1	0	0	1	0	0
OG_16730	1	2	1	1	1	1	1	1	3	1	3	2	2	1	1
OG_16731	1	0	2	2	1	0	1	1	1	2	1	0	1	0	0
OG_16732	1	2	1	1	1	0	1	1	1	1	2	1	1	0	0
OG_16733	0	2	0	2	0	0	0	1	0	0	0	0	0	0	0
OG_16734	1	1	2	1	1	1	1	1	1	2	2	1	1	1	1
OG_16735	2	1	10	1	1	0	2	1	1	1	1	1	2	0	0
OG_16736	1	1	1	1	1	0	1	1	1	1	1	1	1	0	0
OG_16737	1	1	1	1	1	1	1	1	1	1	1	1	1	1	1
OG_16738	1	1	1	1	1	0	1	1	1	1	1	3	0	0	0
OG_16739	1	2	2	2	2	0	2	2	2	2	1	1	2	0	0
OG_16740	0	0	0	0	0	0	0	0	0	0	1	1	0	0	0
OG_16741	1	1	1	1	1	1	1	1	1	1	1	1	0	0	2
OG_16742	1	1	1	2	1	2	1	1	1	1	1	1	1	0	1
OG_16743	2	0	1	1	1	1	3	6	2	1	2	1	3	1	1
OG_16744	1	1	1	1	1	1	1	1	1	2	2	1	2	3	1
OG_16745	1	1	1	1	1	1	1	1	1	1	1	1	1	2	1
OG_16746	1	1	1	1	1	0	1	1	1	1	0	0	1	0	0
OG_16747	2	1	2	1	2	1	2	1	1	1	1	6	3	1	1
OG_16748	1	1	5	2	1	0	1	1	1	2	1	2	1	0	0
OG_16749	1	1	1	1	1	1	1	1	1	1	1	1	1	1	1
OG_16750	1	1	1	1	1	1	1	1	1	1	1	2	1	1	1
OG_16751	1	1	1	1	1	0	1	1	1	1	3	2	2	0	1
OG_16752	1	1	1	1	1	1	1	1	1	3	2	5	1	0	1
OG_16753	2	4	3	3	3	0	2	4	6	3	0	0	2	0	0
OG_16754	1	1	1	1	1	0	1	1	4	1	1	2	1	0	1
OG_16755	1	2	2	1	3	1	1	1	1	1	1	1	1	1	1
OG_16756	1	1	1	1	1	1	1	1	1	1	1	1	1	1	1
OG_16757	1	1	2	1	1	2	1	1	1	1	1	1	1	1	1
OG_16758	1	1	1	2	1	0	1	1	1	2	1	1	1	0	0
OG_16759	1	1	1	1	2	1	1	1	1	1	1	1	1	0	1
OG_16760	1	1	1	1	1	2	1	1	1	1	1	1	1	2	1
OG_16761	1	0	1	0	1	0	1	1	1	2	1	1	1	0	0
OG_16762	1	1	1	1	1	2	2	1	1	1	1	2	1	1	1
OG_16763	1	1	1	1	1	1	1	1	2	1	1	0	1	1	1
OG_16764	1	1	1	1	1	1	1	2	0	1	1	1	1	2	0
OG_16765	1	1	1	2	1	4	1	1	1	1	3	5	1	1	1
OG_16766	1	1	1	1	1	1	1	1	1	1	1	1	1	1	1
OG_16767	1	1	1	1	2	1	1	1	1	2	1	1	1	1	1
OG_16768	1	1	1	1	2	0	1	1	1	3	1	1	1	0	0
OG_16769	3	3	0	1	5	1	3	6	2	3	1	1	1	0	0
OG_16770	2	1	2	1	1	0	1	1	1	1	1	1	1	0	0
OG_16771	1	1	3	2	3	0	1	1	1	2	2	1	1	0	0
OG_16772	1	1	2	1	1	0	1	1	1	2	1	2	2	0	0
OG_16773	1	1	3	1	1	1	1	1	1	1	1	1	1	1	1
OG_16774	1	1	1	1	2	2	2	1	1	1	1	4	1	1	1
OG_16775	1	1	1	1	1	0	1	1	1	1	1	1	1	1	0
OG_16776	1	1	1	1	1	1	1	1	1	1	1	1	1	2	1
OG_16777	1	1	1	1	1	1	1	1	2	2	1	1	1	1	1
OG_16778	1	1	1	1	1	1	1	1	2	1	1	1	1	1	1
OG_16779	1	1	2	1	1	1	2	1	1	1	5	1	1	1	2
OG_16780	1	1	1	1	1	2	10	1	1	1	3	2	1	0	2
OG_16781	1	2	1	1	1	0	1	1	1	1	1	1	1	0	0
OG_16782	1	1	1	1	1	0	1	1	1	1	1	1	1	0	0
OG_16783	0	0	0	0	0	1	0	0	0	0	0	0	0	1	1
OG_16784	1	2	1	1	2	1	2	1	1	1	2	3	1	1	1
OG_16785	1	1	1	2	1	1	1	1	1	1	1	3	1	1	1
OG_16786	1	1	1	1	1	1	1	1	2	1	1	1	1	2	2
OG_16787	1	3	1	1	1	1	1	1	7	1	1	2	1	1	1
OG_16788	1	2	1	1	1	2	1	1	2	1	1	1	1	4	1
OG_16789	1	1	1	1	1	0	1	1	1	1	0	1	1	0	0
OG_16790	1	1	2	0	1	0	1	0	1	0	0	0	1	0	0
OG_16791	1	1	1	1	1	2	2	1	2	1	3	6	2	3	1
OG_16792	1	1	1	1	1	1	1	1	1	2	2	0	1	1	1
OG_16793	1	1	1	2	2	3	1	1	1	2	2	1	1	1	2
OG_16794	1	1	1	1	1	0	1	1	1	1	1	1	1	0	0
OG_16795	1	1	1	1	1	3	1	1	1	1	2	1	1	1	1
OG_16796	1	1	1	2	1	0	2	1	1	1	1	1	1	0	0
OG_16797	1	1	1	1	1	1	1	1	1	0	1	0	1	1	1
OG_16798	1	1	1	2	1	0	1	1	1	2	2	1	1	0	0
OG_16799	1	1	2	1	1	2	1	1	1	1	1	1	1	1	1
OG_16800	1	1	1	1	1	0	1	1	1	1	1	4	1	0	1
OG_16801	1	1	1	1	1	0	1	2	1	1	1	2	1	0	0
OG_16802	1	1	1	1	2	2	1	1	1	2	2	2	1	2	1
OG_16803	1	1	1	2	1	1	1	1	1	1	4	1	1	0	1
OG_16804	1	1	2	1	1	2	1	1	1	1	1	1	1	1	1
OG_16805	1	0	1	1	1	2	1	1	1	1	1	1	1	0	1
OG_16806	1	1	1	1	1	0	1	1	1	1	1	1	1	0	2
OG_16807	1	1	1	1	2	1	1	1	1	3	1	1	1	1	1
OG_16808	1	1	1	1	1	4	1	1	1	2	2	1	2	1	1
OG_16809	1	1	1	1	1	1	1	2	2	2	2	1	1	2	2
OG_16810	1	1	1	1	1	2	2	1	1	1	1	1	1	1	1
OG_16811	1	1	1	1	1	0	1	1	1	1	1	1	1	0	0
OG_16812	1	1	1	1	1	1	1	2	1	1	1	1	1	2	0
OG_16813	1	1	1	1	1	1	1	1	1	1	1	1	1	1	1
OG_16814	2	2	2	4	2	1	4	2	2	4	6	3	3	1	3
OG_16815	1	1	1	1	1	2	1	1	3	1	1	1	1	4	1
OG_16816	2	1	1	1	1	2	1	1	0	1	0	1	1	0	0
OG_16817	1	1	1	1	2	1	1	1	1	1	1	2	1	1	1
OG_16818	1	1	1	1	1	3	1	1	1	1	2	1	2	1	1
OG_16819	1	1	1	1	1	2	1	1	1	1	2	1	1	1	2
OG_16820	1	1	1	1	2	1	1	1	1	1	1	2	2	2	0
OG_16821	1	1	1	1	1	1	1	1	1	1	1	1	1	1	1
OG_16822	2	1	1	1	1	3	1	1	1	1	1	1	1	0	2
OG_16823	1	1	2	1	1	3	1	2	1	1	1	1	1	2	2
OG_16824	1	1	1	1	1	1	1	1	1	1	1	4	2	1	1
OG_16825	1	1	1	1	1	0	0	1	1	1	1	1	2	0	0
OG_16826	1	1	1	1	1	4	1	1	1	1	1	2	1	1	1
OG_16827	1	1	4	1	1	2	1	1	1	1	1	1	1	1	1
OG_16828	1	1	1	1	2	1	1	1	2	1	1	1	1	1	1
OG_16829	1	1	0	1	1	0	1	1	1	1	0	1	1	0	0
OG_16830	1	1	1	1	1	1	1	1	0	1	0	1	1	1	0
OG_16831	1	1	1	1	1	1	1	1	2	1	1	1	1	1	0
OG_16832	2	0	0	0	0	0	1	0	0	0	0	0	1	0	0
OG_16833	1	1	1	2	1	0	1	1	1	1	0	1	1	0	0
OG_16834	1	2	1	3	1	1	1	1	1	1	1	1	1	1	1
OG_16835	1	1	1	1	1	3	1	1	1	3	1	1	1	1	1
OG_16836	1	1	1	1	1	0	1	1	1	1	1	6	1	1	1
OG_16837	0	0	0	0	0	0	0	0	0	0	0	0	0	1	1
OG_16838	1	1	1	1	1	1	1	1	1	1	1	1	1	1	0
OG_16839	1	0	1	1	1	1	1	1	1	1	1	1	1	1	1
OG_16840	1	2	1	0	1	0	1	2	2	1	0	0	1	0	0
OG_16841	1	1	1	1	1	1	1	1	0	1	0	1	1	1	1
OG_16842	1	1	1	3	1	0	1	1	1	1	1	1	1	0	0
OG_16843	1	1	1	1	1	1	1	1	2	1	1	1	1	0	0
OG_16844	1	1	1	3	1	0	1	1	1	1	0	3	1	0	0
OG_16845	1	3	1	4	3	0	1	1	1	1	0	0	2	0	0
OG_16846	1	1	3	0	1	0	0	0	1	0	1	0	0	0	1
OG_16847	1	1	1	1	0	1	1	1	1	1	1	1	1	1	1
OG_16848	1	1	1	1	1	1	1	1	1	1	1	1	2	0	1
OG_16849	1	1	1	1	1	2	1	1	1	1	1	2	1	2	1
OG_16850	1	1	1	1	1	1	1	1	1	1	1	1	1	1	1
OG_16851	1	1	1	1	1	0	2	1	2	0	1	2	2	0	1
OG_16852	1	1	1	1	1	0	1	1	3	1	1	1	1	0	0
OG_16853	1	1	1	2	1	1	1	3	1	1	0	1	1	1	1
OG_16854	1	1	2	1	1	1	2	4	1	2	2	1	1	1	1
OG_16855	2	2	1	2	2	2	2	3	3	2	2	1	3	2	1
OG_16856	1	1	1	1	1	0	1	1	1	1	3	4	1	0	1
OG_16857	1	1	1	1	2	1	1	1	1	2	0	1	1	1	1
OG_16858	1	1	1	2	1	0	1	1	1	1	0	0	1	0	0
OG_16859	1	0	1	1	1	1	1	1	1	3	1	1	1	1	0
OG_16860	1	1	1	1	1	0	1	1	1	1	1	1	2	0	0
OG_16861	1	0	1	1	1	0	2	1	1	1	1	4	1	1	1
OG_16862	1	1	1	1	2	0	2	1	2	1	0	0	1	0	0
OG_16863	1	1	1	3	1	1	1	1	1	0	1	1	2	1	1
OG_16864	1	1	1	1	1	1	1	1	1	1	1	1	1	1	1
OG_16865	1	1	1	1	1	1	1	1	1	1	1	2	1	1	1
OG_16866	1	1	1	3	1	1	1	1	1	1	1	2	1	1	1
OG_16867	1	1	1	1	1	1	1	1	1	1	2	2	1	1	1
OG_16868	1	0	2	0	2	0	2	0	0	0	0	0	2	0	0
OG_16869	0	5	1	0	0	0	0	2	5	0	0	0	0	0	0
OG_16870	1	1	1	1	1	0	1	1	3	1	0	1	1	0	0
OG_16871	1	1	1	1	1	0	1	2	1	1	2	3	1	0	0
OG_16872	2	2	2	1	8	0	2	1	1	1	1	1	2	0	0
OG_16873	1	1	1	0	1	0	1	1	1	0	0	0	1	0	0
OG_16874	1	1	1	1	1	1	1	1	1	1	1	6	2	0	1
OG_16875	1	1	1	1	1	1	1	1	1	2	1	1	1	1	1
OG_16876	1	1	1	1	1	1	1	1	1	1	1	3	1	0	0
OG_16877	1	0	1	1	1	1	1	3	1	1	1	0	1	1	1
OG_16878	1	0	0	0	0	0	1	0	0	0	0	0	1	0	0
OG_16879	0	0	0	0	0	0	0	0	1	0	0	0	1	0	0
OG_16880	1	1	1	1	1	2	4	1	1	1	1	1	4	1	0
OG_16881	1	1	1	1	1	0	1	1	1	1	4	1	1	0	0
OG_16882	1	1	1	1	1	1	1	1	1	1	1	4	1	1	1
OG_16883	1	1	1	1	1	6	1	1	1	1	2	1	1	0	0
OG_16884	1	1	1	1	1	1	1	1	1	1	1	1	1	1	1
OG_16885	1	1	1	1	1	1	1	1	1	1	1	1	1	1	1
OG_16886	1	1	1	1	1	0	1	1	1	1	0	1	1	0	0
OG_16887	1	0	1	0	3	3	1	1	1	1	1	0	1	1	1
OG_16888	1	1	1	3	1	1	1	4	1	2	1	2	1	2	2
OG_16889	1	1	1	1	1	1	1	1	1	1	2	1	1	2	1
OG_16890	1	1	1	2	1	0	1	1	3	1	0	0	0	0	0
OG_16891	1	1	1	2	1	2	1	1	1	1	1	1	1	2	1
OG_16892	1	1	1	0	1	0	2	1	1	1	1	2	1	0	1
OG_16893	2	1	1	1	1	1	1	0	1	1	1	1	1	1	0
OG_16894	1	1	1	1	2	0	2	1	1	1	1	1	4	0	1
OG_16895	1	4	1	1	9	0	1	1	4	1	2	5	1	0	1
OG_16896	1	1	1	1	1	1	1	1	1	1	1	1	1	1	1
OG_16897	1	1	1	1	1	1	2	1	1	1	1	1	2	1	1
OG_16898	1	1	1	2	1	1	1	1	1	1	1	1	1	1	1
OG_16899	1	1	1	1	1	2	1	1	1	1	2	1	1	1	1
OG_16900	1	1	1	1	1	1	1	1	1	1	1	1	1	4	0
OG_16901	1	1	1	1	1	0	1	1	1	1	1	2	1	0	0
OG_16902	2	3	2	3	2	2	2	2	2	3	2	2	2	0	1
OG_16903	1	3	1	1	1	2	1	1	1	1	1	3	1	2	1
OG_16904	1	0	1	1	1	1	1	1	1	1	1	1	1	1	1
OG_16905	1	1	1	1	1	0	1	1	1	2	1	1	1	0	0
OG_16906	1	1	1	1	1	0	1	1	1	1	0	0	1	0	0
OG_16907	1	1	1	1	1	0	1	1	1	1	1	0	1	0	0
OG_16908	1	2	1	2	1	1	1	1	1	1	1	1	1	1	1
OG_16909	1	1	1	1	2	1	1	1	1	1	1	4	2	1	2
OG_16910	1	1	0	0	1	0	1	1	1	0	0	0	1	0	0
OG_16911	3	5	5	6	4	7	5	6	5	5	9	5	3	5	3
OG_16912	1	1	1	2	1	0	1	1	1	1	1	1	1	0	0
OG_16913	1	1	1	1	1	1	1	2	1	1	1	1	1	2	1
OG_16914	2	1	1	4	1	1	2	1	1	4	0	1	2	0	1
OG_16915	1	1	1	1	1	2	1	1	1	2	1	2	1	1	1
OG_16916	1	1	1	1	1	1	1	1	1	1	1	1	1	1	1
OG_16917	1	1	1	1	1	1	1	1	2	2	1	1	1	1	1
OG_16918	1	1	1	1	1	0	1	1	1	2	3	1	1	0	0
OG_16919	1	1	1	2	3	0	2	1	2	1	3	0	2	0	0
OG_16920	0	5	0	1	3	0	0	0	0	0	0	0	0	0	0
OG_16921	1	1	1	1	4	1	1	1	1	1	1	2	1	1	1
OG_16922	1	2	1	1	1	1	1	1	1	1	1	3	1	1	1
OG_16923	2	1	1	1	1	3	1	1	1	1	1	1	1	1	1
OG_16924	2	1	1	2	1	4	1	1	1	1	0	2	2	1	1
OG_16925	1	1	1	1	1	2	1	1	1	1	1	0	1	2	1
OG_16926	1	2	1	1	1	1	1	1	1	1	1	3	1	1	1
OG_16927	1	1	1	1	1	1	1	1	1	1	2	2	1	1	1
OG_16928	1	1	1	4	1	0	1	1	1	1	1	1	2	0	1
OG_16929	1	1	1	2	6	0	1	1	2	1	3	1	1	0	1
OG_16930	1	1	1	1	1	2	1	1	1	1	0	1	1	0	1
OG_16931	4	1	0	2	2	0	5	2	1	1	0	0	3	0	0
OG_16932	1	1	1	1	1	8	1	1	2	1	1	1	1	1	9
OG_16933	1	0	1	2	1	0	1	1	1	1	1	1	1	0	0
OG_16934	1	1	1	5	1	0	1	1	1	1	0	0	1	0	0
OG_16935	1	1	1	2	2	1	1	1	2	1	2	3	1	1	0
OG_16936	1	0	1	0	0	0	4	0	0	0	0	0	3	0	0
OG_16937	1	0	0	0	1	0	1	0	0	0	0	0	0	0	0
OG_16938	1	1	1	1	1	1	1	1	1	1	1	2	2	0	1
OG_16939	1	1	1	2	2	1	1	1	1	1	1	1	1	1	0
OG_16940	2	1	2	1	1	0	1	1	1	1	1	1	1	0	1
OG_16941	1	1	1	2	1	1	1	1	1	1	1	1	1	1	1
OG_16942	1	1	1	1	1	0	1	1	1	1	0	0	1	0	0
OG_16943	0	0	0	0	0	0	0	0	0	0	1	0	0	2	1
OG_16944	1	1	1	1	1	1	1	1	1	1	1	2	1	1	1
OG_16945	1	1	1	2	1	1	1	2	1	2	1	1	1	1	2
OG_16946	1	2	1	1	1	1	1	1	1	1	3	1	1	1	1
OG_16947	1	2	2	1	1	1	1	1	2	2	1	1	1	1	1
OG_16948	1	1	1	1	1	1	1	1	1	1	2	3	1	1	1
OG_16949	1	1	1	0	1	1	1	1	1	1	2	4	1	0	3
OG_16950	1	1	1	1	1	2	1	1	0	1	1	1	1	1	0
OG_16951	2	1	1	1	1	1	5	1	1	1	0	0	4	1	1
OG_16952	1	8	3	3	0	0	3	5	3	4	0	0	4	0	2
OG_16953	0	0	0	0	0	3	0	0	0	0	0	0	0	2	0
OG_16954	1	1	1	2	1	2	1	1	1	1	2	2	1	1	1
OG_16955	1	1	1	1	1	1	1	1	1	1	2	2	1	1	0
OG_16956	1	1	1	0	1	0	0	0	2	0	0	0	1	0	0
OG_16957	1	2	0	0	0	1	1	1	2	2	0	1	1	0	0
OG_16958	1	1	1	1	1	4	1	1	1	2	1	1	1	1	0
OG_16959	1	1	1	1	1	1	1	1	1	1	2	3	0	0	1
OG_16960	1	1	1	1	1	1	1	1	1	1	1	3	1	1	1
OG_16961	1	1	1	1	1	1	1	1	1	1	1	3	1	1	1
OG_16962	1	0	1	0	0	0	0	0	0	0	0	0	1	1	0
OG_16963	1	2	1	2	1	1	1	1	1	1	2	1	1	2	1
OG_16964	2	1	0	1	1	1	3	1	1	1	0	1	0	0	0
OG_16965	1	2	1	1	1	1	1	1	1	1	1	1	1	1	1
OG_16966	1	1	2	1	2	0	1	1	1	1	1	0	2	0	1
OG_16967	1	0	1	1	1	0	1	1	1	1	0	1	1	0	0
OG_16968	1	1	1	1	1	0	1	1	1	1	0	1	1	0	0
OG_16969	0	0	0	0	0	1	0	0	0	0	0	0	0	1	0
OG_16970	1	1	1	1	1	0	1	1	1	1	1	4	2	0	0
OG_16971	1	1	1	10	2	5	1	1	1	13	7	1	1	3	1
OG_16972	1	1	1	1	1	1	1	1	1	1	2	1	1	0	1
OG_16973	1	1	1	1	1	0	1	1	1	1	1	0	3	0	0
OG_16974	1	2	0	1	0	2	1	0	1	0	0	2	1	0	0
OG_16975	1	2	1	2	2	0	1	2	2	3	1	1	1	0	0
OG_16976	1	1	1	1	1	1	1	1	1	1	1	1	2	1	0
OG_16977	1	1	1	1	1	0	1	1	1	1	1	1	1	0	1
OG_16978	1	1	1	1	1	1	1	1	1	1	1	1	1	1	1
OG_16979	1	0	1	4	1	0	2	1	1	1	0	2	1	0	0
OG_16980	1	2	0	0	0	0	1	1	1	1	0	0	1	0	0
OG_16981	0	0	0	0	0	2	0	0	0	0	0	0	0	2	0
OG_16982	1	1	1	1	1	1	1	1	1	1	3	1	2	4	1
OG_16983	1	1	1	1	2	1	1	1	1	1	2	1	1	1	1
OG_16984	3	4	2	3	3	2	3	4	4	2	1	5	3	3	2
OG_16985	1	1	1	1	1	1	1	1	1	2	0	4	1	1	1
OG_16986	1	1	1	1	1	1	1	1	1	1	1	3	1	1	1
OG_16987	1	1	1	1	1	0	1	0	1	1	0	0	1	0	0
OG_16988	2	7	3	2	6	0	2	3	3	3	2	1	2	0	5
OG_16989	1	1	1	2	1	0	1	1	1	1	1	1	1	1	1
OG_16990	1	2	1	5	2	0	1	3	7	3	1	2	1	0	0
OG_16991	1	1	1	2	1	1	1	1	1	1	0	1	1	1	1
OG_16992	1	0	1	1	1	0	1	1	1	1	2	1	1	0	0
OG_16993	1	1	1	2	1	0	1	1	1	1	1	5	1	0	0
OG_16994	1	1	1	2	1	3	1	2	1	1	1	1	2	1	1
OG_16995	1	1	1	1	1	0	1	1	1	1	1	1	3	0	0
OG_16996	1	0	1	1	1	1	1	1	1	1	2	1	1	1	1
OG_16997	1	1	3	1	1	0	1	1	1	1	2	3	0	0	0
OG_16998	1	1	1	1	1	0	1	1	1	1	1	1	1	0	0
OG_16999	1	1	1	1	1	0	1	1	1	1	2	0	1	0	0
OG_17000	1	1	1	1	1	1	1	1	1	1	1	5	1	1	1
OG_17001	1	2	1	1	1	2	1	1	1	1	1	1	1	0	1
OG_17002	1	1	1	1	1	1	1	1	1	1	1	1	1	1	1
OG_17003	1	1	1	1	2	1	1	1	1	1	1	1	1	2	1
OG_17004	1	1	1	1	1	1	1	1	2	1	1	2	1	1	4
OG_17005	1	1	1	2	1	0	1	1	3	2	1	0	1	0	1
OG_17006	0	0	0	0	0	1	0	0	0	0	0	0	0	1	0
OG_17007	1	1	1	1	1	1	1	1	1	1	2	1	1	1	1
OG_17008	1	1	1	2	2	1	1	1	1	1	1	4	1	1	1
OG_17009	1	2	1	1	2	0	1	1	2	1	0	0	1	0	1
OG_17010	1	1	1	3	1	2	1	3	1	1	1	2	1	1	1
OG_17011	1	1	1	1	1	1	1	1	1	1	1	1	1	1	1
OG_17012	1	1	2	1	1	1	1	1	1	1	1	0	1	1	0
OG_17013	0	0	2	1	1	1	0	1	1	0	1	0	0	0	0
OG_17014	1	1	1	2	1	1	1	1	1	1	1	1	1	1	1
OG_17015	1	2	1	1	1	1	1	1	1	1	1	2	2	1	1
OG_17016	1	1	2	1	1	2	1	1	1	4	1	4	1	1	2
OG_17017	1	1	2	1	1	1	1	1	1	1	1	1	1	1	0
OG_17018	1	2	2	1	2	1	1	1	1	1	2	3	4	2	1
OG_17019	1	1	1	1	1	0	1	1	2	1	1	1	1	0	1
OG_17020	1	1	1	1	1	0	1	2	1	1	1	1	1	0	0
OG_17021	1	1	1	1	1	1	2	1	1	1	1	1	3	0	1
OG_17022	1	1	1	1	1	1	1	1	1	1	1	1	1	1	1
OG_17023	1	1	1	1	1	0	1	1	1	2	1	3	7	0	0
OG_17024	1	1	3	1	1	0	1	1	1	1	1	0	1	0	1
OG_17025	0	0	0	0	0	1	0	0	0	0	1	1	0	1	0
OG_17026	1	1	2	1	1	0	1	1	1	1	1	1	1	0	0
OG_17027	2	3	2	1	2	0	2	1	3	1	0	0	2	0	0
OG_17028	1	1	2	1	1	0	1	1	1	2	2	1	2	1	1
OG_17029	1	1	1	1	1	1	1	1	1	1	1	1	1	1	1
OG_17030	0	1	0	1	1	0	0	1	1	2	0	0	0	0	0
OG_17031	1	0	1	0	0	0	1	0	0	0	0	0	1	0	0
OG_17032	1	1	1	1	1	3	1	1	1	1	1	1	1	1	1
OG_17033	1	1	1	1	1	2	1	1	1	1	1	1	1	1	1
OG_17034	1	2	1	1	1	0	1	1	2	1	1	1	2	0	0
OG_17035	1	1	1	1	1	2	1	1	1	1	1	1	1	2	1
OG_17036	1	1	3	1	1	2	1	1	1	1	1	2	1	1	1
OG_17037	1	1	1	1	1	0	1	1	1	1	1	1	1	0	3
OG_17038	1	0	1	1	1	0	2	1	1	1	1	1	2	0	0
OG_17039	1	1	1	1	1	1	2	1	1	1	2	1	1	1	1
OG_17040	3	2	2	7	2	0	4	2	2	3	3	1	5	0	0
OG_17041	1	0	0	0	0	0	0	1	0	0	0	0	0	0	0
OG_17042	1	1	1	1	1	0	1	1	1	1	0	1	1	0	0
OG_17043	1	0	0	0	0	0	0	0	0	0	0	0	1	0	0
OG_17044	2	2	1	1	1	0	2	1	1	1	1	1	1	0	0
OG_17045	0	1	0	0	3	0	0	1	1	0	0	0	0	0	1
OG_17046	1	1	1	1	1	2	1	2	1	1	2	6	1	1	1
OG_17047	1	1	1	1	1	1	1	1	1	1	1	1	1	2	1
OG_17048	1	1	1	2	1	2	1	1	1	1	1	1	2	1	1
OG_17049	1	1	1	1	1	1	1	1	1	2	1	1	1	2	1
OG_17050	3	2	2	2	2	1	3	2	1	2	1	1	3	1	1
OG_17051	1	1	2	2	1	1	1	1	1	1	4	2	1	2	1
OG_17052	1	1	1	1	1	1	1	1	0	1	1	2	1	1	1
OG_17053	1	1	1	2	1	0	1	1	1	1	1	3	1	0	0
OG_17054	1	1	1	1	1	0	1	1	1	1	0	2	1	0	0
OG_17055	1	1	1	1	1	3	1	1	1	1	1	3	1	2	1
OG_17056	1	1	1	1	1	0	1	1	1	0	1	1	1	0	1
OG_17057	1	1	0	1	1	0	1	1	1	1	0	0	1	0	0
OG_17058	1	1	1	3	1	2	1	1	1	1	3	1	1	1	1
OG_17059	1	2	1	1	1	2	2	1	1	1	2	2	2	1	1
OG_17060	1	1	1	1	1	1	1	1	1	1	1	1	1	1	1
OG_17061	1	1	1	1	1	3	1	1	1	1	1	1	1	1	1
OG_17062	2	4	2	3	3	5	3	2	2	2	4	1	3	3	2
OG_17063	1	1	1	1	1	2	1	1	1	1	1	2	1	1	1
OG_17064	1	1	1	2	1	9	2	1	1	1	1	1	2	2	0
OG_17065	1	1	1	1	1	1	1	1	1	2	1	2	1	2	1
OG_17066	1	1	1	1	1	1	1	1	1	1	1	2	1	1	1
OG_17067	1	1	2	1	1	1	1	2	2	1	1	3	1	2	1
OG_17068	1	1	1	1	1	1	2	1	1	1	1	1	1	1	0
OG_17069	1	1	2	1	1	4	1	1	1	1	7	4	1	1	1
OG_17070	1	1	2	1	1	1	1	1	1	1	1	1	1	2	1
OG_17071	1	1	1	1	1	0	1	1	1	1	1	1	1	0	1
OG_17072	1	1	1	1	1	2	1	1	1	1	1	1	1	1	1
OG_17073	1	1	1	2	1	2	1	1	1	2	1	1	1	1	1
OG_17074	1	1	1	2	1	0	1	1	1	1	0	0	1	0	0
OG_17075	1	2	1	2	1	1	1	2	2	2	2	1	1	1	1
OG_17076	2	1	1	2	2	0	2	2	1	2	0	0	2	0	0
OG_17077	1	1	1	1	1	2	1	1	2	1	2	1	1	1	1
OG_17078	1	1	1	1	1	4	1	1	1	3	3	4	1	3	1
OG_17079	1	1	1	1	1	1	1	1	1	1	1	1	1	1	3
OG_17080	1	1	1	1	2	1	2	2	2	1	1	1	1	1	1
OG_17081	1	1	1	1	1	1	1	1	1	1	1	3	1	0	1
OG_17082	1	1	1	1	3	2	1	1	1	1	1	1	1	2	1
OG_17083	2	3	1	1	0	0	5	1	1	2	0	0	2	0	0
OG_17084	1	1	1	1	1	0	1	1	1	1	1	1	1	0	0
OG_17085	1	1	1	2	1	1	1	1	1	1	1	1	1	1	1
OG_17086	1	1	2	1	1	2	1	1	1	2	1	1	1	1	1
OG_17087	1	1	1	1	1	1	1	1	1	1	1	7	1	2	1
OG_17088	1	1	1	2	1	0	2	1	1	1	1	4	1	0	0
OG_17089	1	1	1	1	1	2	1	1	1	1	0	1	1	1	2
OG_17090	1	1	1	1	1	0	1	1	1	1	1	1	1	0	0
OG_17091	0	0	0	0	0	2	0	0	0	0	0	0	0	1	0
OG_17092	0	0	0	0	0	3	0	0	0	0	0	0	0	0	1
OG_17093	1	1	1	1	1	0	1	1	1	1	0	0	2	0	0
OG_17094	1	1	1	1	1	1	1	1	1	1	1	3	1	1	1
OG_17095	1	2	1	1	1	1	1	1	1	1	1	1	1	1	1
OG_17096	1	2	1	4	3	0	2	1	4	3	2	1	1	0	0
OG_17097	1	1	1	1	1	1	1	1	1	1	1	14	1	1	1
OG_17098	1	2	1	1	1	2	2	1	1	1	1	1	2	1	1
OG_17099	1	1	1	1	1	0	1	1	1	1	1	1	1	0	1
OG_17100	1	1	1	1	1	0	1	1	2	3	1	2	1	0	1
OG_17101	1	2	2	3	1	0	1	1	1	4	0	0	1	0	0
OG_17102	1	1	2	1	1	0	1	1	1	1	1	1	1	0	0
OG_17103	1	1	1	2	1	1	1	1	2	1	2	1	1	1	1
OG_17104	1	1	6	1	1	1	1	1	2	1	1	1	1	1	1
OG_17105	1	1	1	1	1	1	2	1	1	1	1	1	2	1	1
OG_17106	1	1	1	2	1	0	1	1	1	1	1	2	2	0	0
OG_17107	1	1	1	2	1	3	1	1	1	1	1	1	2	1	1
OG_17108	2	1	1	1	1	0	1	1	1	1	1	1	1	1	2
OG_17109	1	1	2	1	1	1	1	1	1	1	0	1	1	0	1
OG_17110	1	1	1	1	1	1	0	1	1	1	0	1	1	1	1
OG_17111	1	1	1	1	1	0	2	2	1	1	2	2	1	0	1
OG_17112	1	1	1	1	1	1	1	1	1	1	3	1	1	1	1
OG_17113	2	1	1	1	1	3	1	1	1	1	1	1	1	1	1
OG_17114	1	1	1	1	1	2	1	1	1	1	1	1	1	1	0
OG_17115	1	1	1	1	1	0	1	1	2	1	1	1	1	0	0
OG_17116	1	1	1	1	2	2	2	1	2	2	1	1	1	0	1
OG_17117	1	0	1	2	3	0	1	2	1	2	0	0	3	0	2
OG_17118	1	1	1	2	1	0	1	1	1	2	3	1	1	1	1
OG_17119	1	2	1	1	1	2	1	1	1	1	1	1	2	2	1
OG_17120	1	1	1	1	1	1	1	1	2	1	1	1	1	1	1
OG_17121	1	1	1	1	2	1	1	1	1	1	1	1	1	1	1
OG_17122	1	1	1	1	1	1	1	1	1	1	1	1	1	0	1
OG_17123	1	1	1	1	1	0	0	1	2	1	1	1	0	0	1
OG_17124	1	1	1	0	1	3	1	1	1	1	1	1	1	1	1
OG_17125	1	1	1	1	2	1	1	2	2	1	1	2	0	1	1
OG_17126	0	0	0	0	0	2	0	0	0	0	2	1	0	1	1
OG_17127	1	1	1	1	0	1	1	1	2	1	1	1	1	1	1
OG_17128	1	1	1	1	2	1	1	1	1	1	2	1	1	1	1
OG_17129	1	1	1	1	1	1	1	1	1	1	2	3	1	1	1
OG_17130	1	1	1	1	1	1	1	1	1	1	1	2	1	1	1
OG_17131	1	2	1	3	1	1	1	1	1	1	1	2	1	1	1
OG_17132	1	1	1	1	1	0	1	1	1	1	1	1	3	0	1
OG_17133	1	1	1	1	1	1	1	1	1	1	1	1	1	0	0
OG_17134	1	1	1	1	1	2	1	1	1	1	1	1	1	1	1
OG_17135	1	1	1	1	2	0	1	1	2	1	1	1	1	0	1
OG_17136	1	2	1	1	1	4	1	1	1	1	1	1	1	2	1
OG_17137	1	1	1	1	1	0	1	1	1	1	0	0	1	0	0
OG_17138	1	1	2	1	1	1	1	1	1	1	1	2	1	0	1
OG_17139	1	1	1	1	1	1	1	1	1	1	1	1	2	2	3
OG_17140	1	1	1	1	1	2	1	1	1	1	1	1	1	1	1
OG_17141	1	1	1	1	1	1	1	1	1	1	1	1	1	1	2
OG_17142	1	1	1	1	1	3	0	1	1	1	1	1	1	1	1
OG_17143	1	1	1	1	1	0	1	1	1	1	1	1	1	0	0
OG_17144	1	1	1	1	1	2	1	1	1	1	1	1	1	1	1
OG_17145	1	1	1	1	1	1	1	1	1	1	2	3	2	1	1
OG_17146	1	1	1	1	1	1	1	2	1	2	1	1	1	1	1
OG_17147	1	1	1	1	2	1	1	1	1	1	2	1	1	1	1
OG_17148	0	0	0	0	0	0	0	0	0	1	0	0	0	0	1
OG_17149	0	0	0	0	0	1	0	0	0	0	0	0	0	1	0
OG_17150	0	0	0	0	0	3	0	0	0	0	2	3	0	1	0
OG_17151	0	0	1	0	0	0	0	0	6	0	5	0	0	0	0
OG_17152	0	1	1	3	2	0	0	1	1	1	2	1	0	0	0
OG_17153	0	0	0	0	0	1	0	0	0	0	0	0	0	1	0
OG_17154	0	0	0	0	0	1	0	0	0	0	0	0	0	1	0
OG_17155	0	0	0	0	0	1	0	0	0	0	0	0	0	1	0
OG_17156	0	0	0	0	0	1	0	0	0	0	0	0	0	2	0
OG_17157	0	0	0	0	0	2	0	0	0	0	0	0	0	1	0
OG_17158	0	0	0	0	0	0	0	0	0	0	2	0	0	2	0
OG_17159	0	1	1	0	0	0	1	0	1	0	2	0	1	0	0
OG_17160	0	1	1	3	1	0	2	1	1	1	2	3	1	0	0
OG_17161	0	5	0	0	0	0	0	3	2	2	2	6	0	0	0
OG_17162	0	0	0	0	0	1	0	0	0	0	0	0	0	1	0
OG_17163	0	0	0	0	0	2	0	0	0	0	0	0	0	1	0
OG_17164	0	0	0	0	0	0	0	0	0	0	5	4	0	0	0
OG_17165	0	1	1	1	1	0	1	1	1	1	2	1	1	0	1
OG_17166	0	0	0	0	0	8	0	0	0	0	0	0	0	1	0
OG_17167	0	0	0	0	0	0	0	0	0	0	2	9	0	0	0
OG_17168	0	0	0	0	0	0	0	0	0	0	3	11	0	0	1
OG_17169	0	0	0	0	0	1	0	0	0	0	0	0	0	1	0
OG_17170	0	0	0	0	0	0	0	0	0	0	2	3	0	0	0
OG_17171	0	0	0	0	0	1	0	0	0	0	0	0	0	1	0
OG_17172	0	0	0	0	0	2	0	0	0	0	0	0	0	1	1
OG_17173	0	1	0	0	2	0	0	1	1	0	1	0	0	0	0
OG_17174	0	0	0	0	0	0	0	0	1	0	1	0	0	0	0
OG_17175	0	0	0	0	0	0	0	0	0	0	1	1	0	0	0
OG_17176	0	1	1	0	1	0	1	1	1	0	1	2	1	0	1
OG_17177	1	1	1	1	1	2	1	1	1	1	1	1	1	1	1
OG_17178	0	0	0	0	0	0	0	0	0	0	0	0	0	2	1
OG_17179	0	2	0	1	0	0	0	0	0	0	1	0	0	0	4
OG_17180	0	0	0	0	0	2	0	0	0	0	0	0	0	1	0
OG_17181	0	0	0	0	2	0	0	0	0	0	2	0	0	0	0
OG_17182	0	0	0	0	0	0	0	0	0	0	1	2	0	0	0
OG_17183	0	0	0	0	0	0	0	0	0	0	1	2	0	0	0
OG_17184	0	2	0	2	0	0	0	1	2	2	2	2	0	0	0
OG_17185	0	0	0	0	0	0	0	0	0	0	1	0	0	0	1
OG_17186	0	0	0	0	0	4	0	0	0	0	1	1	0	1	0
OG_17187	0	0	0	0	0	2	0	0	0	0	0	0	0	1	0
OG_17188	0	0	0	0	0	3	0	0	0	0	0	0	0	1	0
OG_17189	0	0	0	0	0	2	0	0	0	0	0	0	0	2	0
OG_17190	0	0	0	0	0	1	0	0	0	0	0	0	0	2	0
OG_17191	0	0	0	0	0	0	0	0	0	0	1	2	0	0	0
OG_17192	0	0	0	0	0	0	0	0	0	0	1	4	0	0	0
OG_17193	0	2	0	0	0	0	0	0	2	0	2	1	0	0	0
OG_17194	0	2	0	2	1	0	0	2	1	2	0	0	0	0	0
OG_17195	0	2	0	1	1	0	0	1	2	2	1	0	0	0	0
OG_17196	0	2	0	0	1	2	1	1	2	0	3	3	1	11	1
OG_17197	0	4	1	4	2	0	0	3	4	2	2	0	0	0	0
OG_17198	0	0	0	0	0	2	0	0	0	0	0	0	0	3	0
OG_17199	0	0	0	0	0	1	0	0	0	0	0	0	0	1	0
OG_17200	0	0	0	0	0	3	0	0	0	0	0	0	0	1	0
OG_17201	0	0	0	0	5	0	0	0	0	0	2	0	0	0	0
OG_17202	0	13	1	3	4	0	0	3	4	2	1	1	0	0	0
OG_17203	0	0	0	0	0	0	0	0	0	0	2	1	0	0	2
OG_17204	0	0	0	0	0	0	0	0	0	0	1	0	0	1	0
OG_17205	1	1	1	2	1	1	2	1	1	2	1	1	3	1	0
OG_17206	0	0	0	0	0	2	0	0	0	0	0	0	0	1	0
OG_17207	0	0	0	0	0	0	0	0	0	0	1	1	0	0	0
OG_17208	0	0	0	0	0	2	0	0	0	0	0	0	0	0	3
OG_17209	0	0	0	0	0	0	1	0	0	0	1	0	0	0	0
OG_17210	0	1	1	0	1	0	1	1	1	0	1	1	1	0	2
OG_17211	0	0	0	0	0	1	0	0	0	0	1	0	0	2	0
OG_17212	0	0	0	0	0	1	0	0	0	0	0	0	0	2	0
OG_17213	0	1	1	1	2	0	0	1	1	1	2	0	0	0	0
OG_17214	0	0	0	0	0	0	0	0	0	0	1	1	0	0	0
OG_17215	0	0	1	0	1	0	1	1	1	1	0	0	1	0	0
OG_17216	0	0	0	0	0	0	0	0	0	0	2	1	0	0	0
OG_17217	0	0	1	0	0	0	0	0	0	0	1	0	0	0	0
OG_17218	0	0	1	0	2	0	0	0	0	0	0	0	0	1	0
OG_17219	0	1	1	3	1	2	0	1	1	1	1	3	0	1	0
OG_17220	0	1	1	1	1	0	0	1	2	1	1	1	0	0	0
OG_17221	0	2	0	1	1	0	0	5	2	3	3	3	0	0	0
OG_17222	0	1	0	3	1	0	0	2	1	3	0	1	0	0	0
OG_17223	0	0	0	0	0	1	0	0	1	0	1	1	0	1	0
OG_17224	0	1	0	1	0	0	0	0	0	0	1	0	0	0	0
OG_17225	0	0	0	0	1	0	0	0	0	0	1	0	0	0	0
OG_17226	0	1	1	1	1	0	0	1	1	1	1	1	0	0	0
OG_17227	0	1	0	1	1	0	0	1	1	1	1	1	0	0	1
OG_17228	0	0	2	0	1	0	2	1	0	0	1	0	1	0	0
OG_17229	0	4	2	0	1	0	2	0	0	0	0	0	0	0	0
OG_17230	0	0	1	0	0	0	4	0	0	0	0	0	0	0	0
OG_17231	0	0	0	1	0	0	0	0	0	0	1	0	0	0	0
OG_17232	0	2	1	1	1	0	0	1	1	1	0	0	0	0	0
OG_17233	0	0	0	1	1	0	0	1	0	0	0	0	0	0	0
OG_17234	0	6	1	2	0	0	0	2	3	2	0	0	0	0	0
OG_17235	0	3	0	0	0	0	0	0	1	0	0	0	0	0	0
OG_17236	0	0	1	2	1	1	2	1	2	1	1	1	2	1	2
OG_17237	0	0	0	0	0	0	0	0	0	0	1	1	0	0	0
OG_17238	0	0	0	0	0	0	0	0	0	0	1	1	0	0	0
OG_17239	0	1	0	1	0	0	0	1	2	1	1	2	0	0	0
OG_17240	0	0	0	0	0	0	0	0	0	0	1	0	0	1	0
OG_17241	0	1	0	0	0	0	0	0	0	0	1	0	0	0	0
OG_17242	0	0	0	0	0	0	0	0	0	0	1	1	0	1	0
OG_17243	0	0	0	0	0	1	0	0	0	0	2	4	0	0	0
OG_17244	0	0	0	0	0	0	0	0	0	0	1	1	0	0	0
OG_17245	0	0	0	0	0	0	0	0	0	0	1	1	0	0	0
OG_17246	0	0	0	0	0	2	0	0	0	0	0	0	0	1	0
OG_17247	0	0	0	0	0	0	0	0	0	0	1	2	0	0	1
OG_17248	0	0	0	0	0	0	0	0	1	0	1	0	0	0	0
OG_17249	0	0	1	0	0	0	0	0	0	0	1	0	0	0	0
OG_17250	0	0	0	0	0	0	0	0	0	0	1	4	0	0	1
OG_17251	0	0	0	0	0	1	0	0	0	0	0	1	0	1	0
OG_17252	0	0	0	0	0	0	0	0	0	0	1	1	0	0	0
OG_17253	0	0	0	0	0	0	0	0	0	0	2	1	0	0	0
OG_17254	0	0	0	0	0	1	0	0	0	0	0	0	0	1	0
OG_17255	0	0	0	0	0	0	0	0	0	0	1	1	0	0	0
OG_17256	0	1	1	0	1	0	1	2	1	0	1	0	1	1	0
OG_17257	0	0	0	0	1	0	0	0	0	0	1	1	0	0	1
OG_17258	0	0	0	0	0	0	0	0	0	0	1	2	0	0	0
OG_17259	0	0	0	0	3	0	0	0	1	0	0	0	0	0	0
OG_17260	0	1	1	0	1	0	2	0	0	0	1	2	1	0	0
OG_17261	0	0	0	0	0	0	0	0	0	0	1	0	0	0	1
OG_17262	0	0	0	0	0	0	0	0	0	0	1	1	0	0	0
OG_17263	0	1	0	0	0	0	0	0	0	0	1	0	0	0	0
OG_17264	0	0	0	0	0	0	0	0	0	0	1	1	0	0	0
OG_17265	0	1	0	1	0	1	0	1	1	2	1	1	0	0	1
OG_17266	0	0	0	0	0	1	0	0	0	0	0	0	0	1	0
OG_17267	0	0	1	0	0	0	0	0	0	0	2	0	0	0	0
OG_17268	0	0	0	0	0	1	0	0	0	0	1	0	0	0	0
OG_17269	0	0	0	0	0	0	0	0	0	0	2	1	0	0	0
OG_17270	0	0	0	0	0	2	0	0	0	0	0	0	0	4	0
OG_17271	0	0	0	0	0	0	0	0	0	0	1	1	0	0	0
OG_17272	0	0	0	0	0	0	0	0	1	0	1	0	0	0	1
OG_17273	0	2	2	1	2	0	2	2	2	0	2	3	2	0	0
OG_17274	0	0	0	0	0	1	0	0	0	0	0	0	0	2	0
OG_17275	0	1	0	3	1	0	0	1	1	1	1	0	0	0	0
OG_17276	0	0	0	0	0	0	0	0	0	0	1	1	0	0	0
OG_17277	0	1	1	1	1	1	1	1	1	1	1	1	1	1	1
OG_17278	0	1	0	1	1	0	0	1	1	0	1	1	0	0	0
OG_17279	0	1	1	0	0	0	1	1	0	0	0	1	0	0	0
OG_17280	0	0	0	0	0	0	0	0	0	0	1	1	0	0	0
OG_17281	0	0	0	0	0	0	0	0	0	0	1	1	0	0	0
OG_17282	0	1	1	0	1	0	1	1	1	0	0	1	1	0	0
OG_17283	0	0	0	0	0	4	0	0	0	0	0	0	0	2	0
OG_17284	0	0	0	0	0	0	0	0	1	0	1	1	0	0	0
OG_17285	0	1	0	2	1	1	0	2	1	1	1	2	0	2	1
OG_17286	0	0	0	0	0	0	0	0	1	0	1	1	0	0	0
OG_17287	0	0	0	0	0	0	0	0	0	0	1	1	0	0	0
OG_17288	0	0	0	0	0	1	0	0	0	0	0	0	0	1	0
OG_17289	0	0	0	0	0	0	0	0	0	0	0	0	0	1	2
OG_17290	0	1	0	0	1	0	0	0	0	0	0	3	0	0	3
OG_17291	0	1	0	1	1	1	0	1	1	1	1	1	0	2	1
OG_17292	0	0	0	0	0	2	0	0	0	0	2	0	0	0	1
OG_17293	0	0	0	0	0	0	0	0	1	0	1	0	0	0	0
OG_17294	0	0	0	0	0	0	0	0	0	0	2	3	0	0	0
OG_17295	0	0	0	0	0	0	0	0	0	0	1	1	0	0	0
OG_17296	0	0	0	0	0	1	0	0	0	0	0	0	0	1	0
OG_17297	0	1	1	1	1	0	1	1	1	2	1	1	1	1	0
OG_17298	0	1	1	0	1	1	2	1	1	1	1	1	2	1	1
OG_17299	0	0	0	0	0	0	0	0	0	0	1	1	0	0	0
OG_17300	0	2	0	0	2	0	0	0	4	0	1	4	0	0	0
OG_17301	0	0	0	0	0	1	0	0	0	0	0	0	0	1	0
OG_17302	0	0	0	0	0	0	0	0	0	0	1	1	0	0	0
OG_17303	0	0	0	0	0	0	0	0	1	0	1	0	0	0	0
OG_17304	0	0	0	0	0	0	0	0	0	0	1	1	0	0	0
OG_17305	0	1	0	1	1	0	0	1	2	1	1	1	0	0	0
OG_17306	0	0	0	0	0	0	0	0	0	0	2	1	0	0	0
OG_17307	0	0	0	0	0	2	0	0	0	0	0	0	0	2	0
OG_17308	0	2	0	1	1	0	0	1	1	1	1	1	0	0	0
OG_17309	0	0	0	0	0	1	0	0	0	0	0	0	0	1	0
OG_17310	0	0	0	0	0	0	0	0	0	0	1	3	0	0	0
OG_17311	0	0	0	0	0	1	0	0	0	0	0	0	0	1	0
OG_17312	0	1	1	1	1	1	0	1	1	2	0	1	0	1	1
OG_17313	0	0	0	0	0	0	0	0	0	0	0	0	0	1	1
OG_17314	0	3	3	1	0	0	0	7	1	5	0	0	0	0	0
OG_17315	0	0	0	0	0	0	0	0	0	0	1	1	0	0	0
OG_17316	0	1	1	1	1	0	1	1	1	1	1	1	1	0	0
OG_17317	0	0	0	0	0	2	0	0	0	0	0	0	0	2	0
OG_17318	0	0	0	0	0	1	0	0	0	0	0	0	0	1	1
OG_17319	0	0	0	0	0	0	0	0	0	0	1	1	0	0	0
OG_17320	0	1	1	1	1	1	1	1	1	1	1	1	1	3	0
OG_17321	0	0	1	0	1	0	0	0	0	0	1	0	0	0	0
OG_17322	0	1	0	1	1	0	0	1	1	1	0	1	0	0	0
OG_17323	0	1	0	1	1	2	0	1	1	1	1	1	0	2	0
OG_17324	0	0	0	0	0	0	0	0	0	0	1	0	0	1	0
OG_17325	0	0	0	0	0	0	0	0	0	0	1	2	0	0	0
OG_17326	0	0	0	0	0	0	0	0	0	0	1	2	0	0	0
OG_17327	0	0	0	0	0	1	0	0	0	0	0	0	0	1	0
OG_17328	0	0	0	0	0	0	0	0	0	0	1	1	0	0	0
OG_17329	0	1	2	1	1	0	0	1	1	0	1	1	0	0	0
OG_17330	0	0	0	0	0	1	0	0	0	0	0	1	0	2	0
OG_17331	0	0	0	0	0	0	0	0	0	0	1	1	0	1	0
OG_17332	0	2	1	1	0	0	0	3	0	1	0	0	0	0	0
OG_17333	0	0	0	0	0	1	0	0	0	0	0	0	0	2	0
OG_17334	0	0	0	0	0	1	0	0	0	0	0	0	0	1	0
OG_17335	0	0	0	0	0	2	0	0	0	0	0	0	0	2	0
OG_17336	0	0	0	0	0	0	0	0	0	0	1	1	0	0	0
OG_17337	0	0	0	0	0	4	0	0	0	0	0	0	0	3	0
OG_17338	0	2	1	1	1	0	0	1	1	1	1	3	0	0	0
OG_17339	0	0	1	0	0	0	0	0	0	0	0	0	1	0	0
OG_17340	0	1	0	1	1	0	0	1	1	1	1	2	0	0	0
OG_17341	0	0	0	0	0	0	0	0	0	0	2	1	0	0	0
OG_17342	0	0	0	0	0	0	0	0	0	0	1	1	0	0	0
OG_17343	0	1	1	0	1	0	1	1	1	0	1	1	1	0	1
OG_17344	0	4	0	0	0	1	0	1	9	0	0	0	0	1	0
OG_17345	0	0	0	0	0	1	0	0	0	0	0	0	0	1	0
OG_17346	0	0	0	0	0	1	0	0	0	0	0	0	0	1	1
OG_17347	0	0	0	0	0	3	0	0	0	0	0	0	0	2	0
OG_17348	0	0	0	0	0	1	0	0	0	0	0	0	0	1	0
OG_17349	0	0	0	0	0	1	0	0	0	0	1	1	0	2	1
OG_17350	0	0	0	0	0	1	0	0	0	0	0	0	0	2	0
OG_17351	0	0	0	0	0	2	0	0	0	0	0	0	0	1	0
OG_17352	0	1	0	0	0	0	0	0	0	0	1	0	0	0	0
OG_17353	0	1	0	2	0	1	0	1	1	1	1	1	0	1	1
OG_17354	0	0	0	1	1	0	0	0	0	0	0	0	0	0	0
OG_17355	0	0	0	0	0	0	0	0	0	0	3	2	0	0	0
OG_17356	0	0	1	0	0	0	0	0	0	0	1	0	0	0	0
OG_17357	0	1	1	0	1	0	0	0	1	0	2	1	0	0	0
OG_17358	0	0	0	0	0	3	0	0	0	0	0	0	0	2	0
OG_17359	0	0	0	0	0	1	0	0	0	0	0	0	0	1	0
OG_17360	0	1	0	1	1	1	0	1	1	1	1	1	0	0	0
OG_17361	0	0	0	0	0	0	0	0	0	0	1	1	0	0	0
OG_17362	0	0	0	0	0	2	0	0	0	0	0	0	0	2	0
OG_17363	0	0	0	0	0	0	0	0	0	0	1	1	0	0	0
OG_17364	0	0	0	0	0	1	0	0	0	0	0	0	0	2	0
OG_17365	0	0	0	0	0	0	0	0	0	0	1	1	0	0	0
OG_17366	0	0	0	0	0	0	0	0	0	0	1	1	0	0	0
OG_17367	0	1	1	2	2	0	0	2	1	1	0	0	0	0	0
OG_17368	0	2	0	1	1	0	0	1	2	1	0	0	0	0	0
OG_17369	0	0	1	0	1	0	0	0	2	0	0	0	0	0	0
OG_17370	0	0	0	0	0	0	1	0	1	0	0	0	0	0	0
OG_17371	0	0	0	0	0	2	0	0	0	0	0	5	0	1	0
OG_17372	0	0	0	0	0	1	0	0	0	0	0	0	0	1	0
OG_17373	0	1	1	0	1	0	1	1	1	0	1	1	1	0	0
OG_17374	0	0	0	0	0	3	0	0	0	0	0	0	0	1	0
OG_17375	0	1	1	1	1	0	1	0	1	1	1	0	1	0	0
OG_17376	0	0	0	0	0	0	0	0	0	0	1	1	0	0	0
OG_17377	0	0	0	0	0	2	0	0	0	0	0	0	0	1	0
OG_17378	0	1	0	1	1	0	0	1	1	0	1	6	0	0	0
OG_17379	0	0	0	0	0	0	0	0	0	0	1	1	0	0	0
OG_17380	0	1	0	1	1	1	0	1	1	1	0	0	0	2	0
OG_17381	0	1	1	1	1	0	0	1	1	1	1	1	0	0	0
OG_17382	0	1	0	0	0	0	0	0	0	0	1	0	0	0	0
OG_17383	0	0	0	0	0	1	0	0	0	0	0	0	0	1	0
OG_17384	0	0	0	0	0	0	0	0	3	0	1	0	0	0	0
OG_17385	0	0	0	0	1	0	0	0	0	0	1	0	0	0	0
OG_17386	0	0	0	1	0	0	0	0	0	0	1	0	0	0	0
OG_17387	0	0	0	0	0	0	0	0	0	0	1	1	0	0	0
OG_17388	0	0	1	0	0	2	0	0	0	0	1	0	0	0	1
OG_17389	0	1	1	1	1	1	0	1	1	1	1	0	0	1	1
OG_17390	0	1	0	1	1	0	0	1	0	1	0	0	0	0	0
OG_17391	0	1	0	1	0	0	0	0	0	0	0	0	0	1	0
OG_17392	0	0	0	0	0	0	0	0	0	0	1	0	0	0	1
OG_17393	0	0	0	0	0	1	0	0	0	0	0	0	0	1	0
OG_17394	0	0	0	0	0	1	0	0	0	0	0	0	0	1	0
OG_17395	0	1	0	1	1	2	0	1	1	2	0	3	0	1	1
OG_17396	0	0	0	0	0	0	0	0	0	0	1	1	0	0	0
OG_17397	0	0	0	0	0	1	0	0	0	0	0	0	0	1	0
OG_17398	0	0	1	0	0	0	0	0	0	0	1	0	0	0	0
OG_17399	0	0	0	0	0	2	0	0	0	0	0	0	0	2	0
OG_17400	0	0	0	0	0	0	0	0	0	0	1	0	0	0	1
OG_17401	0	1	1	2	1	1	2	1	2	2	1	1	2	1	1
OG_17402	0	1	0	1	0	0	0	1	1	1	1	1	0	0	0
OG_17403	0	0	0	0	0	0	0	0	0	0	1	1	0	0	0
OG_17404	0	0	0	0	0	0	0	0	0	0	1	1	0	0	1
OG_17405	0	0	0	0	0	0	0	0	0	0	1	3	0	0	0
OG_17406	0	0	0	0	0	0	0	0	0	0	1	2	0	0	0
OG_17407	0	2	0	6	2	0	0	2	3	5	1	1	0	0	4
OG_17408	0	1	0	0	0	0	0	0	0	0	1	0	0	1	0
OG_17409	0	1	0	1	0	0	0	1	1	0	1	0	0	0	0
OG_17410	0	4	0	1	5	0	0	0	11	0	7	0	0	0	0
OG_17411	0	1	1	0	1	0	1	1	1	0	2	0	1	0	0
OG_17412	0	1	1	2	1	1	2	1	2	1	2	2	2	4	1
OG_17413	0	1	1	1	1	1	1	1	1	1	1	1	1	1	0
OG_17414	0	1	2	0	2	0	0	0	1	0	0	0	1	0	0
OG_17415	0	2	0	0	1	0	0	0	0	0	0	0	0	0	0
OG_17416	0	4	0	0	3	1	0	0	0	0	3	4	0	0	1
OG_17417	0	0	0	0	1	0	0	0	0	0	1	0	0	0	0
OG_17418	0	1	1	0	1	3	1	1	1	1	1	2	2	1	1
OG_17419	0	1	2	0	0	0	0	1	2	0	1	0	0	0	0
OG_17420	0	1	2	0	0	0	2	0	0	0	1	0	0	0	0
OG_17421	0	0	0	1	0	1	1	0	0	0	0	1	0	0	0
OG_17422	0	2	0	1	1	0	0	1	1	1	1	2	0	0	1
OG_17423	0	1	0	1	1	0	0	1	1	1	2	3	0	0	0
OG_17424	0	1	0	1	1	0	0	1	1	1	1	1	0	0	0
OG_17425	0	1	1	0	1	0	1	1	1	0	1	1	2	0	0
OG_17426	0	4	1	1	1	0	0	2	2	1	2	0	0	0	0
OG_17427	0	0	0	0	0	0	0	0	0	0	1	1	0	0	0
OG_17428	0	2	0	0	1	0	0	1	1	1	1	1	0	0	0
OG_17429	0	3	0	0	2	0	0	3	0	1	0	0	0	0	0
OG_17430	0	0	1	0	1	0	1	1	2	1	0	0	1	0	0
OG_17431	0	1	1	1	1	0	1	1	0	1	1	1	2	0	3
OG_17432	0	0	0	0	3	0	0	0	0	0	0	1	0	0	1
OG_17433	0	1	1	1	1	1	0	1	1	2	1	1	0	0	1
OG_17434	0	4	1	0	1	0	1	2	1	0	1	0	1	0	0
OG_17435	0	1	2	3	1	0	1	1	1	1	1	3	1	0	0
OG_17436	0	2	2	0	2	1	0	1	0	1	1	0	0	0	1
OG_17437	0	11	1	4	4	1	0	7	4	4	1	1	0	0	0
OG_17438	0	6	4	2	3	8	0	2	5	3	6	8	0	1	2
OG_17439	0	1	1	0	1	0	1	1	1	0	1	1	1	0	0
OG_17440	0	1	1	1	1	1	1	1	1	1	1	0	2	0	1
OG_17441	0	1	1	1	1	1	1	1	0	1	1	2	1	1	1
OG_17442	0	1	2	1	2	0	0	1	1	1	1	1	0	0	0
OG_17443	0	1	2	1	1	0	1	1	1	1	1	1	1	0	0
OG_17444	0	3	1	1	2	0	0	1	2	1	1	0	0	0	2
OG_17445	0	2	1	0	2	0	1	1	2	0	1	0	2	0	0
OG_17446	0	1	1	1	1	1	1	1	1	1	1	3	1	1	1
OG_17447	0	2	0	0	0	0	0	0	0	0	2	1	0	0	0
OG_17448	0	2	1	0	1	1	2	1	2	0	1	1	3	1	4
OG_17449	0	4	2	0	1	0	6	6	2	1	1	0	0	1	0
OG_17450	0	0	0	1	0	0	0	0	0	0	1	0	0	0	0
OG_17451	0	1	3	1	1	0	1	1	1	1	1	1	1	0	0
OG_17452	0	1	0	1	1	0	1	1	1	1	1	0	3	0	1
OG_17453	0	1	1	0	2	0	1	1	1	0	1	1	1	0	0
OG_17454	0	1	0	1	1	0	1	1	1	1	1	1	2	0	0
OG_17455	0	0	0	0	0	0	0	0	0	0	1	1	0	0	0
OG_17456	0	2	1	0	0	0	0	0	0	0	1	0	0	0	0
OG_17457	0	1	1	0	1	0	1	1	1	0	1	0	0	1	1
OG_17458	0	1	1	0	1	0	1	2	1	0	1	1	1	1	0
OG_17459	0	0	0	0	0	0	0	0	0	0	1	1	0	0	0
OG_17460	0	9	7	0	10	0	12	6	9	3	2	0	16	0	16
OG_17461	0	1	1	2	1	1	1	1	1	1	1	1	1	1	1
OG_17462	0	0	1	0	1	0	1	0	0	0	1	0	1	0	0
OG_17463	0	1	0	0	1	0	1	1	1	0	1	1	2	0	0
OG_17464	0	0	0	0	0	0	0	0	0	0	1	3	0	0	0
OG_17465	0	1	2	0	0	0	4	0	0	0	0	0	0	0	0
OG_17466	0	1	0	0	0	0	0	0	0	0	1	0	0	0	0
OG_17467	0	1	1	1	1	0	2	1	1	1	1	2	1	0	1
OG_17468	0	1	3	2	1	0	0	1	1	1	1	1	0	0	0
OG_17469	0	3	0	2	2	0	1	1	2	2	1	1	1	0	0
OG_17470	0	1	1	0	4	0	1	1	1	0	1	1	1	0	1
OG_17471	0	0	0	0	0	0	0	0	0	0	2	2	0	0	0
OG_17472	0	0	0	0	0	0	0	1	0	1	2	1	0	0	0
OG_17473	0	0	0	0	0	2	0	0	0	0	3	0	0	0	11
OG_17474	0	0	0	0	0	0	0	0	0	0	1	1	0	0	0
OG_17475	0	0	1	1	11	0	1	2	2	2	2	0	1	0	8
OG_17476	0	0	1	0	0	0	1	0	0	0	1	3	1	0	0
OG_17477	0	0	0	0	0	4	0	0	0	0	1	2	0	0	1
OG_17478	0	0	0	0	0	0	0	0	0	0	2	1	0	0	0
OG_17479	0	0	0	0	0	0	0	0	0	0	2	2	0	0	0
OG_17480	0	0	0	0	0	0	0	0	0	0	2	2	0	0	0
OG_17481	0	0	0	0	0	1	0	0	0	0	1	0	0	2	0
OG_17482	0	0	0	0	0	0	0	0	0	0	2	1	0	0	0
OG_17483	0	0	0	0	0	0	0	0	0	0	1	1	0	0	0
OG_17484	0	0	0	0	0	0	0	0	0	0	1	1	0	0	0
OG_17485	0	0	0	0	0	0	0	0	0	0	1	1	0	0	0
OG_17486	0	0	0	0	0	0	0	0	0	0	2	5	0	0	0
OG_17487	0	0	0	0	3	0	0	0	0	0	1	0	0	0	0
OG_17488	0	0	0	0	0	0	0	0	0	0	2	1	0	0	0
OG_17489	0	0	0	0	2	0	0	0	0	0	3	0	0	0	0
OG_17490	0	0	0	2	1	0	0	1	1	1	3	1	0	0	0
OG_17491	0	0	0	1	0	0	0	0	0	0	1	0	0	0	0
OG_17492	0	0	0	0	0	0	0	0	0	0	1	1	0	0	2
OG_17493	0	0	0	0	0	0	0	0	0	0	1	0	1	0	0
OG_17494	0	0	0	0	0	0	0	0	0	0	1	0	0	2	0
OG_17495	0	1	1	0	1	0	2	1	1	0	0	0	2	0	0
OG_17496	0	1	1	0	1	0	1	1	1	0	1	3	1	0	1
OG_17497	0	1	1	0	1	0	1	1	1	0	0	0	1	0	0
OG_17498	0	0	0	0	0	0	1	0	0	0	1	1	2	0	0
OG_17499	0	0	0	0	0	0	0	0	0	0	1	1	0	0	0
OG_17500	0	0	0	0	0	0	0	0	0	0	1	1	0	0	0
OG_17501	0	0	0	0	0	0	0	0	0	0	1	0	0	0	1
OG_17502	0	1	0	1	1	0	0	1	1	1	0	0	0	0	0
OG_17503	0	1	0	0	1	0	0	0	0	0	0	6	0	0	0
OG_17504	0	0	0	0	0	6	0	0	0	0	0	0	0	2	0
OG_17505	0	1	0	0	0	0	0	0	1	0	0	6	0	1	0
OG_17506	0	0	0	0	0	4	0	0	0	0	0	0	0	1	0
OG_17507	0	1	0	2	1	0	0	1	1	1	0	3	0	0	0
OG_17508	0	6	0	5	2	0	0	2	2	2	0	4	0	0	0
OG_17509	0	0	0	0	0	1	0	0	0	0	0	2	0	1	0
OG_17510	0	2	1	1	1	0	0	1	1	1	0	2	0	0	0
OG_17511	0	0	1	0	0	0	0	0	1	1	0	5	0	0	1
OG_17512	0	0	0	1	1	0	0	2	1	1	0	0	0	0	0
OG_17513	0	0	0	1	1	2	0	0	0	0	0	0	0	2	0
OG_17514	0	1	1	2	1	0	0	1	1	1	0	0	0	0	1
OG_17515	0	0	2	0	1	0	0	0	0	0	0	0	0	0	0
OG_17516	0	0	0	0	0	0	0	0	1	0	0	1	0	0	0
OG_17517	0	0	0	0	0	4	0	0	0	0	0	0	0	5	0
OG_17518	0	1	1	0	0	0	2	1	1	0	0	1	1	1	0
OG_17519	0	0	1	1	2	1	1	1	1	1	0	1	1	1	1
OG_17520	0	0	0	0	0	0	0	0	0	0	0	6	0	0	1
OG_17521	0	0	0	0	0	0	0	0	3	0	0	1	0	1	0
OG_17522	0	0	0	0	0	0	0	0	1	0	0	1	0	0	0
OG_17523	0	0	0	0	0	2	0	0	0	0	0	0	0	2	0
OG_17524	0	0	0	1	0	0	0	0	0	0	0	1	0	0	0
OG_17525	0	0	1	0	1	1	0	1	1	0	0	1	0	0	0
OG_17526	0	0	1	0	0	1	1	0	0	1	0	1	1	0	0
OG_17527	0	1	0	0	1	0	0	1	0	0	0	1	1	0	0
OG_17528	0	0	0	0	0	0	0	0	1	0	0	1	0	0	0
OG_17529	0	0	0	0	0	3	0	0	0	0	0	0	0	1	0
OG_17530	0	0	0	0	0	0	0	0	1	0	0	1	0	0	0
OG_17531	0	1	0	0	0	0	0	0	0	0	0	1	0	0	0
OG_17532	0	1	1	1	1	0	1	1	0	1	0	1	1	0	0
OG_17533	0	1	1	1	1	0	1	1	0	1	0	1	1	0	0
OG_17534	0	0	0	0	0	0	5	0	0	0	0	0	2	0	0
OG_17535	0	0	0	0	0	0	0	0	0	1	0	1	0	0	0
OG_17536	0	1	0	0	1	0	0	1	0	1	0	0	0	0	0
OG_17537	0	0	0	0	0	4	0	0	0	0	0	0	0	2	0
OG_17538	0	1	1	1	1	0	1	1	1	1	0	1	1	0	0
OG_17539	0	0	0	0	0	0	0	0	0	0	0	1	0	0	1
OG_17540	0	0	0	0	0	12	0	0	0	0	0	1	0	3	0
OG_17541	0	1	1	1	1	0	1	1	1	1	0	1	1	0	1
OG_17542	0	1	0	0	2	0	0	0	1	0	0	1	0	0	0
OG_17543	0	0	0	0	0	6	0	0	0	0	0	0	0	1	1
OG_17544	0	1	0	0	1	0	0	1	0	0	0	1	0	0	0
OG_17545	0	1	0	1	1	0	0	1	1	2	0	0	0	0	0
OG_17546	0	0	0	0	0	1	0	0	0	0	0	0	0	1	0
OG_17547	0	1	0	1	1	2	0	1	3	3	1	1	0	1	0
OG_17548	0	1	0	0	0	0	0	0	1	0	0	1	0	0	0
OG_17549	0	1	0	1	1	0	0	1	1	1	0	0	0	0	0
OG_17550	0	0	0	0	0	0	0	0	0	0	1	1	0	0	0
OG_17551	0	0	0	0	0	0	0	0	1	1	0	1	0	0	0
OG_17552	0	1	1	0	1	1	1	1	1	0	0	1	1	0	1
OG_17553	0	0	0	0	0	0	0	0	0	0	0	1	0	0	1
OG_17554	0	2	1	1	3	0	1	1	1	1	0	2	1	0	0
OG_17555	0	1	1	0	1	0	1	1	1	0	0	1	1	0	0
OG_17556	0	0	0	0	0	2	0	0	0	0	0	0	0	1	0
OG_17557	0	0	0	0	0	0	0	0	1	0	0	1	0	0	0
OG_17558	0	1	0	1	0	0	0	1	0	1	0	0	0	0	0
OG_17559	0	1	0	1	1	0	0	1	1	1	0	1	0	0	0
OG_17560	0	0	0	0	0	1	0	0	0	0	0	0	0	1	0
OG_17561	0	1	4	1	5	0	1	1	1	1	0	1	1	0	0
OG_17562	0	1	0	3	0	0	0	1	0	0	0	0	0	0	1
OG_17563	0	0	0	0	0	3	0	0	0	0	0	0	0	1	0
OG_17564	0	0	0	0	0	0	0	0	0	0	0	1	0	0	1
OG_17565	0	1	0	0	0	0	0	0	0	0	0	1	0	0	0
OG_17566	0	2	0	0	1	0	1	1	1	0	0	1	1	0	0
OG_17567	0	1	1	0	1	0	1	1	1	0	0	1	1	0	0
OG_17568	0	1	1	1	3	0	1	1	1	1	0	1	1	0	0
OG_17569	0	1	0	0	1	0	0	0	0	0	0	1	0	0	0
OG_17570	0	1	1	0	1	0	2	1	1	0	0	1	1	0	0
OG_17571	0	2	0	0	0	0	0	0	0	0	0	1	0	0	0
OG_17572	0	1	1	1	1	0	1	1	1	1	0	1	1	0	0
OG_17573	0	1	0	0	0	0	0	1	1	0	0	0	0	0	0
OG_17574	0	1	3	0	1	0	1	0	0	0	0	1	1	0	0
OG_17575	0	3	0	2	0	2	2	2	1	1	0	1	0	0	1
OG_17576	0	1	1	0	0	0	0	1	0	0	0	2	0	0	0
OG_17577	0	1	1	1	3	0	0	1	1	1	0	2	0	0	0
OG_17578	0	1	1	0	1	0	1	1	1	0	0	1	1	2	0
OG_17579	0	2	1	2	1	0	1	3	2	3	0	1	3	0	0
OG_17580	0	1	1	1	1	0	2	1	1	1	0	1	4	1	1
OG_17581	0	1	0	0	1	0	1	0	1	0	0	1	1	0	0
OG_17582	0	1	1	0	2	0	1	1	1	0	0	1	1	0	0
OG_17583	0	1	1	1	1	1	1	1	1	1	0	1	1	0	1
OG_17584	0	2	1	2	1	2	0	1	1	1	0	1	0	0	0
OG_17585	0	1	2	1	1	0	1	1	1	1	0	3	1	1	0
OG_17586	0	1	1	1	1	1	1	1	1	1	0	1	1	1	1
OG_17587	0	1	0	0	1	0	0	1	0	0	0	3	0	0	0
OG_17588	0	1	1	0	2	0	1	1	0	1	0	1	1	0	0
OG_17589	0	1	0	0	1	0	2	0	0	0	0	1	0	0	1
OG_17590	0	1	1	0	1	0	1	1	0	0	0	1	1	0	0
OG_17591	0	1	1	0	1	0	2	1	1	0	0	1	1	0	0
OG_17592	0	0	0	0	0	0	0	0	0	0	1	3	0	0	0
OG_17593	0	0	0	0	0	0	0	0	0	0	1	2	0	0	0
OG_17594	0	0	0	0	0	4	0	0	0	0	0	1	0	1	0
OG_17595	0	0	0	0	1	0	0	0	0	0	0	4	0	0	0
OG_17596	0	0	0	0	1	0	0	0	0	0	0	2	0	0	0
OG_17597	0	0	0	0	1	0	0	0	0	0	0	1	0	0	0
OG_17598	0	0	1	0	0	0	2	0	0	0	0	2	1	0	0
OG_17599	0	0	3	0	0	0	0	0	0	0	0	3	0	0	0
OG_17600	0	0	0	0	1	0	0	0	0	0	0	2	0	0	0
OG_17601	0	0	0	0	0	0	0	0	0	0	0	1	0	0	1
OG_17602	0	0	1	0	1	0	1	0	0	0	0	2	1	0	0
OG_17603	0	0	0	0	0	0	1	1	1	0	0	2	1	0	0
OG_17604	0	0	0	0	0	4	0	0	0	0	0	0	0	1	0
OG_17605	0	0	1	0	0	0	1	0	0	0	0	0	4	0	0
OG_17606	0	0	1	0	0	0	0	0	0	0	0	0	2	0	0
OG_17607	0	0	0	0	0	0	1	0	0	0	0	0	1	0	0
OG_17608	0	0	1	0	2	0	1	0	0	0	0	0	6	0	0
OG_17609	0	0	1	0	0	0	0	0	0	0	0	0	1	0	0
OG_17610	0	0	0	0	0	0	1	0	0	0	0	0	3	0	0
OG_17611	0	1	1	0	1	0	1	1	1	0	0	0	1	0	0
OG_17612	0	1	0	0	1	0	0	0	3	0	0	0	0	0	0
OG_17613	0	0	0	0	0	1	0	0	0	0	0	0	0	1	0
OG_17614	0	0	0	0	0	0	1	0	0	0	0	0	2	0	0
OG_17615	0	0	0	0	0	0	0	1	0	0	0	0	1	0	0
OG_17616	0	0	0	0	0	1	0	0	0	0	0	0	0	1	0
OG_17617	0	0	2	0	0	0	1	0	0	0	0	0	1	0	0
OG_17618	0	0	1	6	0	4	2	2	0	1	0	0	1	0	0
OG_17619	0	0	0	0	0	3	0	0	0	0	0	0	0	1	0
OG_17620	0	0	0	0	0	0	0	1	1	0	0	0	1	1	0
OG_17621	0	0	1	0	0	0	4	0	0	0	0	0	0	0	0
OG_17622	0	0	0	0	1	0	0	0	0	0	0	0	2	0	0
OG_17623	0	1	1	0	1	0	1	1	1	1	0	0	1	0	0
OG_17624	0	0	0	0	1	1	1	0	1	0	0	0	1	1	0
OG_17625	0	0	0	0	0	0	1	0	1	0	0	0	0	0	0
OG_17626	0	0	0	0	0	0	1	0	0	0	0	0	1	0	0
OG_17627	0	0	0	0	0	1	0	0	0	0	0	0	0	1	0
OG_17628	0	1	1	2	1	0	1	1	1	1	0	0	1	0	1
OG_17629	0	0	0	0	0	0	1	0	0	0	0	0	1	0	0
OG_17630	0	0	0	0	0	0	1	0	0	0	0	0	1	0	0
OG_17631	0	0	1	0	0	0	0	0	0	0	0	0	1	0	0
OG_17632	0	0	1	0	0	0	0	0	0	0	0	0	2	0	0
OG_17633	0	0	4	0	1	0	3	0	0	0	0	0	1	0	0
OG_17634	0	1	0	0	0	0	1	1	0	0	0	0	1	0	1
OG_17635	0	0	0	0	0	1	0	0	0	0	0	0	0	1	0
OG_17636	0	0	1	0	0	0	0	0	0	0	0	0	1	0	0
OG_17637	0	0	0	0	1	0	1	0	0	0	0	0	0	0	0
OG_17638	0	0	0	0	0	1	0	0	0	0	0	0	0	1	0
OG_17639	0	0	0	1	0	0	1	0	0	0	0	0	0	0	0
OG_17640	0	1	1	0	1	0	1	1	1	1	0	0	1	0	0
OG_17641	0	1	1	1	1	0	1	1	1	1	0	0	1	0	0
OG_17642	0	0	0	0	0	0	0	1	0	0	0	0	1	0	0
OG_17643	0	1	0	1	0	0	0	1	1	0	0	0	0	0	0
OG_17644	0	0	0	0	0	0	3	0	0	0	0	0	1	0	0
OG_17645	0	0	0	0	0	0	1	0	0	0	0	0	1	0	0
OG_17646	0	1	2	0	1	0	1	0	1	0	0	0	2	0	4
OG_17647	0	1	1	0	1	0	1	0	0	0	0	0	2	0	0
OG_17648	0	5	1	1	3	0	0	4	1	1	0	0	1	0	0
OG_17649	0	1	1	1	1	2	1	1	1	1	0	0	1	0	0
OG_17650	0	3	1	0	2	0	1	4	2	0	0	0	1	0	0
OG_17651	0	1	0	0	2	0	1	0	0	0	0	0	1	0	0
OG_17652	0	1	0	2	0	0	0	0	1	1	0	0	0	0	0
OG_17653	0	1	2	0	0	0	1	1	0	0	0	0	1	0	0
OG_17654	0	1	4	0	1	0	1	0	2	0	0	0	1	0	0
OG_17655	0	3	1	0	1	0	1	0	0	0	0	0	1	0	0
OG_17656	0	0	2	0	0	0	1	0	0	0	0	0	1	0	0
OG_17657	0	7	2	0	2	0	1	2	2	0	0	0	1	0	0
OG_17658	0	1	1	0	1	0	1	0	0	0	0	0	1	0	0
OG_17659	0	2	2	0	2	0	1	3	2	0	0	0	2	0	0
OG_17660	0	0	1	0	0	1	1	1	0	0	0	1	1	0	0
OG_17661	0	1	5	0	4	0	1	1	1	1	0	0	1	0	0
OG_17662	0	4	2	0	0	0	0	1	2	0	0	0	0	0	0
OG_17663	0	2	1	0	0	0	1	0	1	0	0	0	1	0	0
OG_17664	0	4	3	0	8	0	2	4	4	0	0	0	2	0	0
OG_17665	0	2	1	0	1	0	2	1	1	0	0	0	1	0	0
OG_17666	0	2	1	1	1	0	1	2	1	2	0	0	1	0	0
OG_17667	0	1	0	0	0	0	1	3	0	0	0	0	1	0	0
OG_17668	0	5	1	0	2	2	0	2	1	0	0	0	1	0	5
OG_17669	0	1	1	0	1	0	1	1	1	0	0	0	2	0	0
OG_17670	0	4	2	0	1	0	2	2	2	0	0	0	2	0	0
OG_17671	0	2	1	0	2	0	0	0	0	0	0	0	0	0	0
OG_17672	0	1	2	1	1	0	1	1	1	1	0	0	1	0	0
OG_17673	0	1	2	0	1	0	1	1	1	0	0	0	1	0	0
OG_17674	0	0	1	0	0	0	1	0	0	0	0	0	1	0	0
OG_17675	0	1	1	0	1	0	1	1	1	0	0	0	1	0	0
OG_17676	0	0	1	0	0	0	1	0	0	0	0	0	1	0	0
OG_17677	0	1	1	0	1	0	5	1	1	0	0	0	4	0	0
OG_17678	0	1	1	0	1	0	2	1	0	0	0	0	1	0	0
OG_17679	0	3	1	0	2	0	0	2	1	0	0	0	1	0	0
OG_17680	0	1	0	0	1	0	1	1	0	0	0	0	1	0	0
OG_17681	0	1	1	0	1	0	2	1	1	0	0	0	1	0	0
OG_17682	0	0	1	1	1	0	0	1	0	1	0	0	2	0	0
OG_17683	0	2	0	0	1	0	1	1	2	1	0	0	1	0	0
OG_17684	0	20	1	0	3	0	1	8	8	0	0	0	1	0	0
OG_17685	0	1	1	0	1	0	1	1	1	0	0	0	2	0	1
OG_17686	0	1	1	0	0	0	1	0	0	0	0	0	1	0	0
OG_17687	0	0	0	0	0	0	1	0	0	0	0	0	1	0	0
OG_17688	0	0	1	0	0	0	1	0	0	0	0	0	1	0	0
OG_17689	0	1	2	0	0	0	2	0	1	0	0	0	1	0	0
OG_17690	0	1	1	0	1	0	1	1	1	0	0	0	1	0	0
OG_17691	0	0	0	0	0	0	1	0	0	0	0	0	1	0	0
OG_17692	0	0	1	0	0	0	1	0	0	0	0	0	2	0	0
OG_17693	0	0	0	0	0	0	2	0	0	0	0	0	3	0	0
OG_17694	0	0	0	0	0	0	2	0	0	0	0	0	1	0	0
OG_17695	0	0	0	0	0	0	1	0	0	0	0	0	1	0	0
OG_17696	0	0	1	0	0	0	0	0	0	0	0	0	1	0	0
OG_17697	0	0	1	0	0	0	4	0	1	0	0	0	1	0	2
OG_17698	0	0	4	0	0	0	2	0	0	0	0	0	1	0	0
OG_17699	0	1	4	0	1	0	1	2	1	1	0	0	1	0	0
OG_17700	0	0	1	0	0	0	2	0	0	0	0	0	2	0	0
OG_17701	0	0	0	0	0	0	1	0	0	0	0	0	1	0	0
OG_17702	0	0	1	0	1	0	4	0	1	0	0	0	1	0	0
OG_17703	0	0	0	0	0	0	6	0	0	0	0	0	2	0	0
OG_17704	0	0	0	0	0	0	2	0	0	0	0	0	1	0	0
OG_17705	0	0	4	0	0	0	2	0	0	0	0	0	1	0	0
OG_17706	0	0	1	0	0	0	4	0	0	0	0	0	3	0	0
OG_17707	0	0	0	0	0	0	1	0	0	0	0	0	1	0	0
OG_17708	0	0	1	0	1	0	2	0	1	0	0	0	1	0	5
OG_17709	0	0	2	0	0	0	1	0	0	0	0	0	1	0	0
OG_17710	0	0	0	0	0	0	1	0	0	0	0	0	1	0	0
OG_17711	0	0	2	0	0	0	0	0	0	0	0	0	1	0	0
OG_17712	0	0	1	0	0	0	2	0	0	0	0	0	1	0	0
OG_17713	0	0	0	0	0	0	1	0	0	0	0	0	2	0	0
OG_17714	0	0	0	0	0	0	1	0	0	0	0	0	1	0	0
OG_17715	0	0	1	2	3	0	1	2	2	2	0	0	1	0	0
OG_17716	0	0	1	0	0	0	1	0	1	0	0	0	1	0	0
OG_17717	0	1	0	0	0	0	0	1	2	0	0	0	0	0	0
OG_17718	0	0	2	0	0	0	2	0	0	0	0	0	1	0	0
OG_17719	0	0	1	0	0	0	2	0	0	0	0	0	3	0	0
OG_17720	0	0	0	0	0	0	2	0	0	0	0	0	1	0	0
OG_17721	0	0	0	0	0	0	2	0	0	0	0	0	1	0	0
OG_17722	0	0	0	0	0	0	2	0	0	0	0	0	2	0	0
OG_17723	0	0	0	0	0	0	1	0	0	0	0	0	1	0	0
OG_17724	0	0	0	0	0	0	1	0	0	0	0	0	1	0	0
OG_17725	0	0	0	0	0	0	1	0	0	0	0	0	1	0	0
OG_17726	0	0	0	0	0	0	1	0	0	0	0	0	1	0	0
OG_17727	0	1	5	0	2	0	1	3	0	1	0	0	1	0	0
OG_17728	0	0	0	0	0	0	1	0	0	0	0	0	1	0	0
OG_17729	0	0	0	0	0	0	1	0	0	0	0	0	1	0	0
OG_17730	0	0	5	0	0	0	1	0	0	0	0	0	1	0	0
OG_17731	0	0	0	1	0	0	0	2	0	1	0	0	0	0	0
OG_17732	0	0	0	0	0	0	1	0	0	0	0	0	2	0	0
OG_17733	0	0	0	0	0	1	0	0	0	0	0	0	1	3	9
OG_17734	0	0	0	0	0	0	1	0	0	0	0	0	1	0	0
OG_17735	0	0	3	0	0	0	2	0	0	0	0	0	3	0	1
OG_17736	0	0	0	0	0	0	1	0	0	0	0	0	1	0	0
OG_17737	0	0	0	0	0	0	1	0	0	0	0	0	1	0	0
OG_17738	0	0	1	0	0	0	1	0	1	0	0	0	1	0	0
OG_17739	0	0	0	0	0	0	1	0	0	0	0	0	1	0	0
OG_17740	0	0	0	0	1	0	2	0	0	0	0	0	1	0	0
OG_17741	0	0	0	0	0	0	2	0	0	0	0	0	1	0	0
OG_17742	0	0	1	0	0	0	0	0	0	0	0	0	1	0	0
OG_17743	0	0	0	0	0	0	2	1	1	0	0	0	2	0	0
OG_17744	0	0	0	0	0	2	0	0	0	0	0	0	0	2	0
OG_17745	0	0	0	0	0	2	0	0	0	0	0	0	0	2	0
OG_17746	0	0	0	0	0	1	0	0	0	0	0	0	0	1	0
OG_17747	0	0	0	0	0	1	0	0	0	0	0	0	0	2	0
OG_17748	0	0	0	0	0	3	0	0	0	0	0	0	0	2	0
OG_17749	0	2	0	0	1	0	0	0	0	0	0	0	0	2	0
OG_17750	0	0	0	0	0	1	0	0	0	0	0	0	0	2	0
OG_17751	0	0	0	0	0	1	0	0	0	0	0	0	0	2	0
OG_17752	0	0	0	0	0	1	0	0	0	0	0	0	0	3	0
OG_17753	0	0	0	0	0	2	0	0	0	0	0	0	0	3	0
OG_17754	0	0	0	0	0	2	0	0	0	0	0	0	0	3	1
OG_17755	0	0	0	0	0	2	0	0	0	0	0	0	0	3	0
OG_17756	0	0	0	0	0	1	0	0	0	0	0	0	0	2	0
OG_17757	0	0	0	0	0	3	0	0	0	0	0	0	0	5	2
OG_17758	0	0	0	0	0	2	0	0	0	0	0	0	0	2	0
OG_17759	0	0	0	0	0	3	0	0	0	0	0	0	0	1	0
OG_17760	0	0	0	0	0	2	0	0	0	0	0	0	0	2	0
OG_17761	0	0	0	0	0	1	0	0	0	0	0	0	0	1	0
OG_17762	0	0	0	0	0	1	0	0	0	0	0	0	0	1	0
OG_17763	0	0	0	0	0	1	0	0	0	0	0	0	0	1	0
OG_17764	0	0	0	0	0	2	0	0	0	0	0	0	0	1	0
OG_17765	0	0	0	0	0	2	0	0	0	0	0	0	0	1	0
OG_17766	0	0	0	0	0	0	0	0	0	0	0	0	0	3	3
OG_17767	0	0	0	0	0	1	0	0	0	0	0	0	0	1	0
OG_17768	0	0	0	0	0	1	0	0	0	0	0	0	0	1	0
OG_17769	0	0	0	0	0	3	0	0	0	0	0	0	0	1	0
OG_17770	0	0	0	0	0	1	0	0	0	0	0	0	0	1	0
OG_17771	0	0	0	0	0	6	0	0	0	0	0	0	0	1	0
OG_17772	0	0	0	0	0	4	0	0	0	0	0	0	0	1	0
OG_17773	0	0	0	0	0	5	0	0	0	0	0	0	0	1	0
OG_17774	0	0	0	0	0	7	0	0	0	0	0	0	0	1	0
OG_17775	0	0	0	0	0	1	0	0	0	0	0	0	0	1	0
OG_17776	0	0	0	0	0	2	0	0	0	0	0	0	0	1	0
OG_17777	0	0	0	0	0	3	0	0	0	0	0	0	0	1	0
OG_17778	0	0	0	0	0	1	0	0	0	0	0	0	0	1	0
OG_17779	0	2	3	1	1	2	0	2	1	1	0	0	0	1	2
OG_17780	0	0	0	0	0	1	0	0	0	0	0	0	0	1	0
OG_17781	0	0	0	0	0	4	0	0	0	0	0	0	0	1	0
OG_17782	0	0	0	0	0	1	0	0	0	0	0	0	0	1	0
OG_17783	0	0	0	0	0	4	0	0	0	0	0	0	0	1	0
OG_17784	0	0	0	0	0	4	0	0	0	0	0	0	0	2	0
OG_17785	0	0	0	0	0	1	0	0	0	0	0	0	0	1	0
OG_17786	0	0	0	0	0	1	0	0	0	0	0	0	0	1	0
OG_17787	0	0	0	0	0	1	0	0	0	0	0	0	0	1	0
OG_17788	0	0	0	0	0	1	0	0	0	0	0	0	0	1	0
OG_17789	0	0	0	0	0	1	0	0	0	0	0	0	0	1	0
OG_17790	0	1	0	2	2	0	0	1	1	1	0	0	0	0	0
OG_17791	0	0	0	0	0	1	0	0	0	0	0	0	0	2	0
OG_17792	0	0	0	0	0	1	0	0	0	0	0	0	0	1	0
OG_17793	0	0	0	0	0	1	0	0	0	0	0	0	0	1	0
OG_17794	0	0	0	0	0	1	0	0	0	0	0	0	0	1	0
OG_17795	0	0	0	0	0	1	0	0	0	0	0	0	0	1	0
OG_17796	0	0	0	0	0	5	0	0	0	0	0	0	0	1	0
OG_17797	0	0	0	0	0	1	0	0	0	0	0	0	0	1	0
OG_17798	0	0	0	1	0	3	0	1	0	1	0	0	0	1	0
OG_17799	0	0	0	0	0	2	0	0	0	0	0	0	0	1	0
OG_17800	0	0	0	0	0	1	0	0	0	0	0	0	0	1	0
OG_17801	0	0	0	0	0	1	0	0	0	0	0	0	0	1	0
OG_17802	0	0	0	0	0	2	0	0	0	0	0	0	0	1	1
OG_17803	0	0	0	0	0	2	0	0	0	0	0	0	0	1	0
OG_17804	0	0	0	0	0	1	0	0	0	0	0	0	0	1	0
OG_17805	0	0	0	0	0	2	0	0	0	0	0	0	0	1	0
OG_17806	0	0	0	0	0	2	0	0	0	0	0	0	0	1	1
OG_17807	0	1	0	0	0	0	0	0	0	0	0	0	0	1	0
OG_17808	0	0	0	0	0	1	0	0	0	0	0	0	0	1	0
OG_17809	0	0	0	0	0	1	0	0	0	0	0	0	0	1	0
OG_17810	0	0	0	0	0	1	0	0	0	0	0	0	0	1	0
OG_17811	0	0	0	0	0	2	0	0	0	0	0	0	0	4	0
OG_17812	0	0	0	0	0	2	0	0	0	0	0	0	0	1	0
OG_17813	0	0	0	0	0	1	0	0	0	0	0	0	0	1	0
OG_17814	0	0	0	0	0	1	0	0	0	0	0	0	0	1	0
OG_17815	0	0	0	0	0	1	0	0	0	0	0	0	0	3	0
OG_17816	0	0	0	0	0	1	0	0	0	0	0	0	0	1	0
OG_17817	0	0	0	0	0	1	0	0	0	0	0	0	0	1	0
OG_17818	0	0	0	0	0	1	0	0	0	0	0	0	0	1	2
OG_17819	0	0	0	0	0	1	0	0	0	0	0	0	0	1	0
OG_17820	0	0	0	0	0	1	0	0	0	0	0	0	0	2	1
OG_17821	0	0	0	0	0	1	0	0	0	0	0	0	0	1	0
OG_17822	0	0	0	0	0	1	0	0	0	0	0	0	0	1	0
OG_17823	0	1	0	1	1	1	0	1	1	1	0	0	0	1	0
OG_17824	0	0	0	0	0	3	0	0	0	0	0	0	0	1	0
OG_17825	0	0	0	0	0	8	0	0	0	0	0	0	0	1	0
OG_17826	0	0	0	0	0	1	0	0	0	0	0	0	0	1	0
OG_17827	0	0	0	0	0	1	0	0	0	0	0	0	0	3	0
OG_17828	0	0	0	0	0	2	0	0	0	0	0	0	0	2	0
OG_17829	0	0	0	0	0	1	0	0	0	0	0	0	0	1	0
OG_17830	0	0	0	0	0	1	0	0	0	0	0	0	0	1	0
OG_17831	0	0	0	0	0	1	0	0	0	0	0	0	0	1	0
OG_17832	0	0	0	0	0	1	0	0	0	0	0	0	0	1	1
OG_17833	0	0	0	0	0	1	0	0	0	0	0	0	0	2	0
OG_17834	0	0	0	0	0	0	0	0	1	0	0	0	0	1	0
OG_17835	0	0	0	0	0	1	0	0	0	0	0	0	0	1	0
OG_17836	0	0	0	0	0	4	0	0	0	0	0	0	0	1	0
OG_17837	0	0	0	0	0	1	0	0	0	0	0	0	0	1	0
OG_17838	0	0	0	0	0	1	0	0	0	0	0	0	0	1	0
OG_17839	0	0	0	0	0	1	0	0	0	0	0	0	0	1	0
OG_17840	0	0	0	0	0	1	0	0	0	0	0	0	0	1	0
OG_17841	0	0	0	0	0	2	0	0	0	0	0	0	0	1	0
OG_17842	0	0	0	0	0	1	0	0	0	0	0	0	0	1	0
OG_17843	0	0	0	0	0	2	0	0	0	0	0	0	0	1	0
OG_17844	0	0	0	0	0	0	0	0	0	0	0	0	0	1	1
OG_17845	0	0	0	0	0	3	0	0	0	0	0	0	0	1	0
OG_17846	0	0	0	0	0	2	0	0	0	0	0	0	0	1	0
OG_17847	0	0	0	0	0	2	0	0	0	0	0	0	0	1	0
OG_17848	0	0	0	0	0	2	0	0	0	0	0	0	0	1	0
OG_17849	0	0	0	0	0	1	0	0	0	0	0	0	0	1	0
OG_17850	0	0	0	0	0	3	0	0	0	0	0	0	0	1	0
OG_17851	0	0	0	1	3	1	0	1	0	1	0	0	0	0	0
OG_17852	0	0	0	0	0	0	0	0	0	0	0	0	0	1	1
OG_17853	0	0	0	0	0	1	0	0	0	0	0	0	0	1	0
OG_17854	0	0	0	0	0	3	0	0	0	0	0	0	0	1	0
OG_17855	0	0	0	0	0	1	0	0	0	0	0	0	0	1	0
OG_17856	0	0	2	0	1	1	0	0	0	0	0	0	0	0	0
OG_17857	0	0	0	0	1	2	0	0	0	0	0	0	0	1	0
OG_17858	0	0	0	0	0	1	0	0	0	0	0	0	0	1	0
OG_17859	0	0	0	0	0	6	0	0	0	0	0	0	0	1	0
OG_17860	0	0	0	0	0	1	0	0	0	0	0	0	0	1	0
OG_17861	0	0	0	0	0	2	0	0	0	0	0	0	0	1	0
OG_17862	0	0	0	0	0	3	0	0	0	0	0	0	0	1	0
OG_17863	0	0	0	0	0	1	0	0	0	0	0	0	0	1	0
OG_17864	0	0	0	0	0	1	0	0	0	0	0	0	0	1	0
OG_17865	0	0	0	0	0	0	0	0	0	0	0	0	0	1	1
OG_17866	0	0	0	0	0	1	0	0	0	0	0	0	0	1	0
OG_17867	0	0	0	0	0	1	0	0	0	0	0	0	0	2	2
OG_17868	0	0	0	0	0	12	0	0	0	0	0	0	0	2	0
OG_17869	0	0	0	0	0	1	0	0	0	0	0	0	0	1	0
OG_17870	0	0	0	0	0	0	0	0	0	1	0	0	0	1	0
OG_17871	0	2	1	0	1	0	0	0	1	0	0	0	0	0	0
OG_17872	0	0	0	0	0	2	0	0	0	0	0	0	0	1	2
OG_17873	0	0	0	0	0	3	0	0	0	0	0	0	0	1	0
OG_17874	0	0	0	0	0	1	0	0	0	0	0	0	0	1	0
OG_17875	0	0	0	0	0	1	0	0	0	0	0	0	0	1	0
OG_17876	0	0	2	0	0	0	0	0	0	0	0	0	0	1	0
OG_17877	0	0	0	0	0	4	0	0	0	0	0	0	0	1	0
OG_17878	0	0	0	0	0	5	0	0	0	0	0	0	0	12	0
OG_17879	0	0	0	0	0	11	0	0	0	0	0	0	0	10	0
OG_17880	0	0	0	0	0	1	0	0	0	0	0	0	0	1	0
OG_17881	0	0	0	0	0	1	0	0	0	0	0	0	0	1	0
OG_17882	0	0	0	0	0	3	0	0	0	0	0	0	0	2	0
OG_17883	0	0	0	0	0	2	0	0	0	0	0	0	0	2	1
OG_17884	0	0	0	0	0	6	0	0	0	0	0	0	0	2	0
OG_17885	0	0	0	0	0	2	0	0	0	0	0	0	0	2	0
OG_17886	0	0	0	0	0	1	0	0	0	0	0	0	0	4	0
OG_17887	0	0	0	0	0	2	0	0	0	0	0	0	0	4	0
OG_17888	0	0	0	0	0	3	0	0	0	0	0	0	0	1	0
OG_17889	0	0	0	0	0	8	0	0	0	0	0	0	0	1	0
OG_17890	0	0	0	0	0	2	0	0	0	0	0	0	0	1	0
OG_17891	0	0	0	0	0	1	0	0	0	0	0	0	0	2	0
OG_17892	0	0	0	0	0	3	0	0	0	0	0	0	0	1	0
OG_17893	0	0	0	0	0	1	0	0	0	0	0	0	0	1	0
OG_17894	0	0	0	0	0	2	0	0	0	0	0	0	0	1	0
OG_17895	0	0	0	0	0	1	0	0	0	0	0	0	0	2	1
OG_17896	0	0	0	0	0	1	0	0	0	0	0	0	0	2	0
OG_17897	0	0	0	0	0	2	0	0	0	0	0	0	0	1	0
OG_17898	0	0	0	0	0	1	0	0	0	0	0	0	0	1	0
OG_17899	0	0	1	0	0	0	0	0	0	0	0	0	0	2	0
OG_17900	0	0	0	0	0	1	0	0	0	0	0	0	0	1	0
OG_17901	0	0	0	0	0	2	0	0	0	0	0	0	0	1	0
OG_17902	0	0	0	0	0	3	0	0	0	0	0	0	0	1	0
OG_17903	0	0	0	0	0	8	0	0	0	0	0	0	0	1	0
OG_17904	0	0	0	0	0	3	0	0	0	0	0	0	0	2	0
OG_17905	0	0	0	0	0	1	0	0	0	0	0	0	0	2	0
OG_17906	0	0	0	0	0	1	0	0	0	0	0	0	0	1	0
OG_17907	0	0	0	0	0	2	0	0	0	0	0	0	0	1	0
OG_17908	0	0	0	0	0	2	0	0	0	0	0	0	0	2	0
OG_17909	0	0	0	0	0	1	0	0	0	0	0	0	0	1	0
OG_17910	0	0	0	0	0	3	0	0	0	0	0	0	0	1	0
OG_17911	0	0	0	0	0	1	0	0	0	0	0	0	0	1	0
OG_17912	0	0	0	0	0	1	0	0	0	0	0	0	0	1	0
OG_17913	0	0	0	0	0	2	0	0	0	0	0	0	0	1	0
OG_17914	0	0	0	1	0	0	0	0	0	0	0	0	0	1	0
OG_17915	0	0	0	1	0	0	0	0	0	0	0	0	0	2	0
OG_17916	0	0	0	0	0	2	0	0	0	0	0	0	0	1	0
OG_17917	0	0	0	0	0	3	0	0	0	0	0	0	0	1	0
OG_17918	0	0	0	0	0	2	0	0	0	0	0	0	0	1	0
OG_17919	0	0	0	0	0	1	0	0	0	0	0	0	0	3	0
OG_17920	0	0	0	0	0	1	0	0	0	0	0	0	0	1	0
OG_17921	0	0	0	0	0	1	0	0	0	0	0	0	0	1	0
OG_17922	0	0	0	0	0	3	0	0	0	0	0	0	0	1	1
OG_17923	0	0	0	0	0	2	0	0	0	0	0	0	0	2	0
OG_17924	0	0	0	0	0	1	0	0	0	0	0	0	0	1	0
OG_17925	0	0	0	0	0	1	0	0	0	0	0	0	0	1	0
OG_17926	0	0	0	0	0	3	0	0	0	0	0	0	0	1	0
OG_17927	0	0	0	0	0	2	0	0	0	0	0	0	0	2	0
OG_17928	0	0	0	0	0	4	0	0	0	0	0	0	0	1	0
OG_17929	0	0	0	0	0	4	0	0	0	0	0	0	0	1	0
OG_17930	0	0	0	0	0	2	0	0	0	0	0	0	0	2	0
OG_17931	0	0	0	0	0	2	0	0	0	0	0	0	0	1	0
OG_17932	0	0	0	0	0	3	0	0	0	0	0	0	0	1	0
OG_17933	0	0	0	0	0	1	0	0	0	0	0	0	0	1	0
OG_17934	0	0	0	0	0	1	0	0	0	0	0	0	0	2	0
OG_17935	0	0	0	0	0	0	0	0	1	0	0	0	0	0	1
OG_17936	0	0	0	0	0	3	0	0	0	0	0	0	0	0	4
OG_17937	0	0	1	0	0	0	0	0	0	0	0	0	0	0	2
OG_17938	0	1	0	2	1	0	0	0	0	0	0	0	0	0	0
OG_17939	0	0	1	0	0	1	0	0	0	0	0	0	0	0	1
OG_17940	0	0	0	0	1	1	0	0	0	0	0	0	0	1	0
OG_17941	0	0	0	0	0	1	0	0	0	0	0	0	0	0	1
OG_17942	0	0	0	0	0	0	0	0	1	0	0	0	0	0	1
OG_17943	0	1	0	0	0	0	0	0	1	0	0	0	0	0	1
OG_17944	0	0	0	0	0	1	0	0	0	0	0	0	0	1	0
OG_17945	0	1	0	0	0	0	0	0	0	0	0	0	0	0	1
OG_17946	0	0	1	0	0	0	0	0	0	0	0	0	0	0	1
OG_17947	0	0	1	0	0	0	0	0	0	0	0	0	0	0	1
OG_17948	0	0	1	0	0	0	1	0	0	0	0	0	0	0	0
OG_17949	0	0	0	0	0	1	0	0	0	0	0	0	0	0	1
OG_17950	0	0	0	0	1	0	0	0	1	0	0	0	0	0	1
OG_17951	0	1	0	0	0	0	0	0	2	0	0	0	0	0	0
OG_17952	0	2	1	1	1	0	0	1	0	1	0	0	0	0	0
OG_17953	0	0	1	0	0	0	0	0	0	0	0	0	0	0	1
OG_17954	0	0	1	0	0	0	0	0	0	0	0	0	0	0	1
OG_17955	0	0	0	0	0	2	0	0	0	0	0	0	0	0	1
OG_17956	0	0	0	0	0	0	0	0	0	1	0	0	0	0	1
OG_17957	0	1	1	0	0	0	0	0	0	0	0	0	0	0	0
OG_17958	0	0	0	0	1	0	1	0	0	0	0	0	0	0	0
OG_17959	0	0	1	0	0	0	0	0	0	0	0	0	0	0	1
OG_17960	0	1	0	0	1	0	0	0	1	0	0	0	0	0	0
OG_17961	0	1	1	0	3	0	1	0	1	0	0	0	0	0	3
OG_17962	0	2	0	0	1	0	0	0	1	0	0	0	0	0	0
OG_17963	0	4	0	1	2	0	0	1	4	0	0	0	0	0	1
OG_17964	0	0	1	0	0	0	0	0	0	0	0	0	0	0	1
OG_17965	0	0	0	0	1	0	0	0	0	0	0	0	0	0	2
OG_17966	0	0	0	0	0	2	0	0	0	0	0	0	0	0	2
OG_17967	0	0	0	0	0	6	0	0	0	0	0	0	0	0	2
OG_17968	0	0	0	0	0	0	0	0	2	0	0	0	0	0	1
OG_17969	0	2	1	1	1	0	0	0	1	1	0	0	0	0	0
OG_17970	0	2	0	0	0	0	0	0	0	1	0	0	0	0	0
OG_17971	0	4	0	0	0	0	0	1	1	1	0	0	0	0	0
OG_17972	0	1	0	0	0	0	0	0	1	0	0	0	0	0	0
OG_17973	0	1	0	0	1	0	0	0	0	0	0	0	0	0	0
OG_17974	0	1	0	2	0	0	0	0	1	0	0	0	0	0	0
OG_17975	0	1	0	0	0	0	0	2	1	0	0	0	0	0	0
OG_17976	0	2	0	0	0	0	0	1	1	1	0	0	0	0	0
OG_17977	0	1	0	0	1	0	0	1	4	0	0	0	0	0	0
OG_17978	0	1	0	2	1	0	0	3	1	4	0	0	0	0	0
OG_17979	0	1	0	0	1	0	0	1	1	1	0	0	0	0	0
OG_17980	0	1	0	0	0	0	0	0	0	1	0	0	0	0	0
OG_17981	0	1	0	1	0	0	0	1	1	2	0	0	0	0	0
OG_17982	0	1	0	1	0	0	0	1	1	3	0	0	0	0	0
OG_17983	0	1	1	2	1	0	0	1	1	1	0	0	0	0	0
OG_17984	0	6	0	0	0	0	0	0	1	0	0	0	0	0	0
OG_17985	0	1	0	3	1	0	0	1	2	0	0	0	0	0	0
OG_17986	0	1	0	1	1	0	0	1	0	1	0	0	0	0	0
OG_17987	0	1	0	0	0	0	0	1	0	0	0	0	0	0	0
OG_17988	0	1	0	0	0	0	0	0	1	0	0	0	0	0	0
OG_17989	0	1	0	0	0	0	0	0	1	0	0	0	0	0	0
OG_17990	0	1	0	0	0	0	0	1	0	0	0	0	0	0	0
OG_17991	0	1	1	0	0	0	0	0	0	0	0	0	0	0	0
OG_17992	0	1	1	2	1	0	0	1	1	1	0	0	0	0	0
OG_17993	0	1	1	0	0	0	0	0	0	0	0	0	0	0	0
OG_17994	0	3	0	0	0	0	0	0	1	0	0	0	0	0	0
OG_17995	0	1	0	0	0	0	0	0	1	0	0	0	0	0	0
OG_17996	0	1	1	0	0	0	0	0	0	0	0	0	0	0	0
OG_17997	0	1	0	1	1	0	0	1	1	1	1	0	0	0	0
OG_17998	0	1	1	0	0	0	0	0	1	0	0	0	0	0	0
OG_17999	0	2	0	0	0	0	0	1	0	1	0	0	0	0	0
OG_18000	0	1	0	1	0	0	0	1	1	1	0	0	0	0	0
OG_18001	0	1	0	1	1	0	0	1	1	1	0	0	0	0	0
OG_18002	0	1	0	2	0	0	0	1	1	1	0	0	0	0	0
OG_18003	0	1	0	0	0	0	1	0	0	0	0	0	0	0	0
OG_18004	0	1	0	0	0	0	0	0	1	0	0	0	0	0	0
OG_18005	0	1	0	1	1	0	0	1	1	1	0	0	0	0	0
OG_18006	0	1	0	0	1	0	0	0	0	0	0	0	0	0	0
OG_18007	0	1	1	1	1	0	0	1	1	1	0	0	0	0	0
OG_18008	0	1	0	0	2	0	0	0	0	0	0	0	0	0	0
OG_18009	0	1	1	2	1	0	0	1	2	4	0	0	0	0	0
OG_18010	0	2	0	1	0	0	0	2	2	2	0	0	0	0	0
OG_18011	0	1	1	0	3	0	0	3	1	0	0	0	0	0	0
OG_18012	0	1	0	1	0	0	0	1	0	1	0	0	0	0	0
OG_18013	0	2	0	0	0	0	0	0	1	0	0	0	0	0	0
OG_18014	0	1	0	0	1	0	1	0	0	0	0	0	0	0	0
OG_18015	0	1	0	1	1	0	0	1	1	1	0	0	0	0	0
OG_18016	0	1	0	0	0	0	0	0	1	0	0	0	0	0	0
OG_18017	0	1	0	0	1	0	0	0	1	0	0	0	0	0	0
OG_18018	0	0	0	2	0	0	0	0	0	2	0	0	0	0	0
OG_18019	0	1	0	0	0	0	0	0	1	0	0	0	0	0	0
OG_18020	0	1	0	0	0	0	0	0	2	0	0	0	0	0	0
OG_18021	0	1	0	1	0	0	0	1	2	2	0	0	0	0	0
OG_18022	0	1	0	0	1	0	0	0	1	0	0	0	0	0	0
OG_18023	0	1	0	0	0	0	0	0	1	0	0	0	0	0	0
OG_18024	0	1	0	4	1	0	0	1	1	2	0	0	0	0	0
OG_18025	0	1	6	0	1	0	0	1	1	1	0	0	0	0	0
OG_18026	0	1	0	0	1	0	0	1	1	0	0	0	0	0	0
OG_18027	0	1	1	0	1	0	0	0	0	0	0	0	0	0	0
OG_18028	0	0	0	0	0	0	0	1	0	1	0	0	0	0	0
OG_18029	0	3	0	0	2	0	0	1	3	1	0	0	0	0	0
OG_18030	0	1	0	0	0	0	0	0	1	0	0	0	0	0	0
OG_18031	0	1	0	0	0	0	0	0	1	0	0	0	0	0	0
OG_18032	0	1	0	0	0	0	0	0	1	0	0	0	0	0	0
OG_18033	0	1	1	1	1	0	0	1	1	1	0	0	0	0	0
OG_18034	0	1	0	0	0	0	0	0	1	0	0	0	0	0	0
OG_18035	0	1	0	0	0	0	0	0	1	0	0	0	0	0	0
OG_18036	0	2	1	0	0	0	0	0	0	0	0	0	0	0	0
OG_18037	0	2	0	0	0	0	0	0	1	0	0	0	0	0	0
OG_18038	0	3	0	1	0	0	0	1	2	1	0	0	0	0	0
OG_18039	0	2	0	0	0	0	0	0	1	0	0	0	0	0	0
OG_18040	0	1	0	1	0	0	0	1	1	1	0	0	0	0	0
OG_18041	0	1	0	0	1	0	0	0	1	0	0	0	0	0	0
OG_18042	0	1	0	0	0	0	0	1	1	0	0	0	0	0	0
OG_18043	0	4	0	1	1	0	0	1	1	0	0	0	0	0	0
OG_18044	0	1	0	0	0	0	0	0	2	0	0	0	0	0	0
OG_18045	0	1	0	0	0	0	0	0	2	0	0	0	0	0	0
OG_18046	0	0	0	2	0	0	0	1	1	0	0	0	0	0	0
OG_18047	0	0	0	1	0	0	0	0	0	1	0	0	0	0	0
OG_18048	0	1	1	0	0	0	0	0	0	0	0	0	0	0	0
OG_18049	0	1	0	0	1	0	0	0	0	0	0	0	0	0	0
OG_18050	0	1	0	0	0	0	0	1	0	1	0	0	0	0	0
OG_18051	0	1	1	1	0	0	0	0	0	1	0	0	0	0	0
OG_18052	0	1	0	0	3	0	0	0	0	0	0	0	0	0	0
OG_18053	0	1	1	0	0	0	0	0	0	0	0	0	0	0	0
OG_18054	0	5	4	0	0	0	0	0	1	0	0	0	0	0	0
OG_18055	0	2	0	0	1	0	0	1	1	2	0	0	0	0	0
OG_18056	0	4	0	1	1	0	0	1	1	1	0	0	0	0	0
OG_18057	0	2	0	0	1	0	0	0	0	0	0	0	0	0	0
OG_18058	0	3	1	0	1	0	0	0	2	0	0	0	0	0	0
OG_18059	0	3	0	0	1	0	0	0	0	0	0	0	0	0	0
OG_18060	0	8	0	3	2	0	0	2	4	2	0	0	0	0	0
OG_18061	0	6	0	1	0	0	0	1	2	0	0	0	0	0	0
OG_18062	0	1	0	0	1	0	0	1	0	0	0	0	0	0	0
OG_18063	0	2	0	0	1	0	0	0	0	0	0	0	0	0	0
OG_18064	0	1	0	0	0	0	0	0	3	0	0	0	0	0	0
OG_18065	0	1	1	0	0	0	0	0	0	0	0	0	0	0	0
OG_18066	0	5	0	0	1	0	0	2	0	0	0	0	0	0	0
OG_18067	0	3	0	0	1	0	0	1	0	0	0	0	0	0	0
OG_18068	0	4	0	0	0	0	0	0	1	0	0	0	0	0	0
OG_18069	0	2	0	1	1	0	0	1	1	1	0	0	0	0	0
OG_18070	0	1	0	1	2	0	0	2	3	0	0	0	0	0	0
OG_18071	0	1	1	0	0	0	1	1	2	0	0	0	0	0	0
OG_18072	0	1	7	0	1	0	0	0	0	0	0	0	0	0	0
OG_18073	0	1	0	0	1	0	0	0	1	0	0	0	0	0	0
OG_18074	0	1	2	3	4	0	0	17	0	3	0	0	0	0	0
OG_18075	0	1	0	0	0	0	0	0	1	0	0	0	0	0	0
OG_18076	0	3	0	0	2	0	0	2	1	0	0	0	0	0	0
OG_18077	0	1	2	1	0	0	2	0	0	0	0	0	0	0	0
OG_18078	0	1	0	0	0	0	0	1	1	1	0	0	0	0	0
OG_18079	0	1	1	2	1	0	0	0	2	1	0	0	0	0	0
OG_18080	0	4	0	0	2	0	0	0	1	0	0	0	0	0	0
OG_18081	0	1	0	0	0	0	0	0	1	0	0	0	0	0	0
OG_18082	0	2	0	0	1	0	0	1	0	0	0	0	0	0	0
OG_18083	0	1	0	0	2	0	0	1	1	0	0	0	0	0	0
OG_18084	0	2	1	0	0	0	0	2	1	0	0	0	0	0	0
OG_18085	0	1	0	0	1	0	0	1	0	1	0	0	0	0	0
OG_18086	0	1	0	0	0	0	3	0	0	0	0	0	0	0	0
OG_18087	0	1	1	0	1	0	0	1	0	0	0	0	0	0	0
OG_18088	0	0	0	1	2	0	0	1	0	1	0	0	0	0	0
OG_18089	0	1	0	0	0	0	0	0	3	0	0	0	0	0	0
OG_18090	0	1	0	0	1	0	0	0	1	0	0	0	0	0	0
OG_18091	0	2	0	1	2	0	0	1	0	1	0	0	0	0	0
OG_18092	0	3	0	0	0	0	0	1	0	0	0	0	0	0	0
OG_18093	0	1	0	0	0	0	0	3	0	0	0	0	0	0	0
OG_18094	0	0	5	0	0	0	0	0	6	0	0	0	0	0	0
OG_18095	0	3	0	0	1	0	0	0	0	0	0	0	0	0	0
OG_18096	0	7	0	0	2	0	0	2	0	0	0	0	0	0	0
OG_18097	0	2	0	0	0	0	0	0	1	0	0	0	0	0	0
OG_18098	0	1	0	0	0	0	0	1	1	0	0	0	0	0	0
OG_18099	0	1	0	0	1	0	0	1	1	0	0	0	0	0	0
OG_18100	0	1	2	5	2	0	0	2	1	1	0	0	0	0	0
OG_18101	0	1	0	0	2	0	0	0	1	0	0	0	0	0	0
OG_18102	0	1	0	1	1	0	0	1	1	1	0	0	0	0	0
OG_18103	0	1	0	2	0	0	0	1	1	0	0	0	0	0	0
OG_18104	0	1	0	3	0	0	0	1	2	1	0	0	0	0	0
OG_18105	0	2	0	0	0	0	0	1	1	0	0	0	0	0	0
OG_18106	0	2	1	0	0	0	0	0	0	0	0	0	0	0	0
OG_18107	0	2	1	0	0	0	0	0	0	0	0	0	0	0	0
OG_18108	0	1	0	0	2	0	0	1	3	0	0	0	0	0	0
OG_18109	0	2	0	2	1	0	0	1	1	1	0	0	0	0	0
OG_18110	0	2	0	0	0	0	0	1	0	0	0	0	0	0	0
OG_18111	0	1	0	0	0	0	0	4	4	0	0	0	0	0	0
OG_18112	0	1	0	0	0	0	0	0	1	0	0	0	0	0	0
OG_18113	0	1	0	0	0	0	0	0	2	0	0	0	0	0	0
OG_18114	0	2	0	0	0	0	0	0	1	0	0	0	0	0	0
OG_18115	0	2	0	0	2	0	0	3	0	0	0	0	0	0	0
OG_18116	0	1	0	0	4	0	0	0	1	0	0	0	0	0	0
OG_18117	0	4	0	0	0	0	0	0	1	0	0	0	0	0	0
OG_18118	0	2	0	0	1	0	0	1	0	0	0	0	0	0	0
OG_18119	0	2	0	0	0	0	0	0	1	0	0	0	0	0	0
OG_18120	0	1	0	7	0	0	0	4	1	8	0	0	0	0	0
OG_18121	0	1	0	1	1	0	1	2	1	0	0	0	0	0	0
OG_18122	0	1	1	0	1	0	0	1	1	0	0	1	0	0	0
OG_18123	0	1	1	0	1	0	0	1	1	0	0	0	0	0	0
OG_18124	0	1	0	0	1	0	0	0	0	0	0	0	0	0	0
OG_18125	0	2	0	0	0	0	0	1	1	0	0	0	0	0	0
OG_18126	0	1	4	1	0	0	1	2	1	1	0	0	0	0	0
OG_18127	0	1	0	0	3	0	0	1	1	0	0	0	0	0	0
OG_18128	0	3	0	0	0	0	0	0	1	0	0	0	0	0	0
OG_18129	0	1	1	0	1	0	0	2	1	1	0	0	0	0	0
OG_18130	0	1	0	0	0	0	0	0	2	0	0	0	0	0	0
OG_18131	0	1	0	0	1	0	0	2	1	0	0	0	0	0	0
OG_18132	0	1	1	0	1	0	0	3	1	0	0	0	0	0	0
OG_18133	0	2	0	0	1	0	0	0	1	0	0	0	0	0	0
OG_18134	0	1	0	0	0	0	0	0	0	1	0	0	0	0	0
OG_18135	0	1	0	0	0	0	0	0	1	0	0	0	0	0	0
OG_18136	0	2	0	0	0	0	0	1	0	0	0	0	0	0	0
OG_18137	0	1	0	0	1	0	0	1	1	0	0	0	0	0	0
OG_18138	0	4	0	0	0	0	0	1	3	0	0	0	0	0	0
OG_18139	0	1	0	0	1	0	0	1	2	0	0	0	0	0	0
OG_18140	0	1	0	0	0	0	0	2	2	0	0	0	0	0	0
OG_18141	0	1	0	1	1	0	0	2	1	1	0	0	0	0	0
OG_18142	0	2	0	0	0	0	0	1	0	0	0	0	0	0	0
OG_18143	0	1	0	0	0	0	0	1	1	0	0	0	0	0	0
OG_18144	0	1	1	0	0	0	0	1	0	0	0	0	0	0	0
OG_18145	0	4	1	0	0	0	0	2	0	0	0	0	0	0	0
OG_18146	0	1	2	0	2	0	0	1	1	1	0	0	0	0	0
OG_18147	0	3	0	0	5	0	0	2	1	0	0	0	0	0	0
OG_18148	0	1	0	0	0	0	0	0	1	0	0	0	0	0	0
OG_18149	0	2	0	0	0	0	0	1	2	1	0	0	0	0	0
OG_18150	0	1	0	0	0	0	0	0	2	0	0	0	0	0	0
OG_18151	0	1	0	0	0	0	0	0	2	0	0	0	0	0	0
OG_18152	0	2	0	0	1	0	0	0	0	0	0	0	0	0	0
OG_18153	0	3	0	0	0	0	0	0	2	0	0	0	0	0	0
OG_18154	0	1	2	0	0	0	0	0	0	0	0	0	0	0	0
OG_18155	0	2	0	1	1	0	0	2	1	0	0	0	0	0	0
OG_18156	0	1	2	0	0	0	0	0	0	0	0	0	0	0	0
OG_18157	0	1	1	0	2	0	0	0	0	0	0	0	0	0	0
OG_18158	0	3	0	0	3	0	0	1	9	0	0	0	0	0	0
OG_18159	0	1	0	0	0	0	0	0	1	0	0	0	0	0	0
OG_18160	0	1	0	0	1	0	0	0	0	0	0	0	0	0	0
OG_18161	0	2	0	0	0	0	0	0	1	0	0	0	0	0	0
OG_18162	0	1	2	0	0	0	0	0	0	0	0	0	0	0	0
OG_18163	0	0	1	0	0	0	1	0	0	0	0	0	0	0	0
OG_18164	0	1	0	0	0	0	2	0	0	0	0	0	0	0	0
OG_18165	0	1	0	0	0	0	0	0	1	0	0	0	0	0	0
OG_18166	0	1	0	0	0	0	0	2	0	0	0	0	0	0	0
OG_18167	0	1	1	0	0	0	0	0	0	0	0	0	0	0	0
OG_18168	0	1	0	0	0	0	0	0	1	0	0	0	0	0	0
OG_18169	0	1	0	0	0	0	0	0	1	0	0	0	0	0	0
OG_18170	0	1	0	1	0	0	0	3	3	2	0	0	0	0	0
OG_18171	0	1	0	0	1	0	0	0	0	0	0	0	0	0	0
OG_18172	0	1	1	0	0	0	0	2	1	0	0	0	0	0	0
OG_18173	0	1	0	0	1	0	0	1	1	0	0	0	0	0	0
OG_18174	0	1	2	0	0	0	0	0	0	0	0	0	0	0	0
OG_18175	0	0	5	0	1	0	0	0	0	0	0	0	0	0	0
OG_18176	0	0	3	0	0	0	0	0	1	0	0	0	0	0	0
OG_18177	0	0	1	1	0	0	0	0	0	0	0	0	0	0	0
OG_18178	0	0	1	0	0	0	0	1	0	0	0	0	0	0	0
OG_18179	0	0	1	0	1	0	0	0	0	0	0	0	0	0	0
OG_18180	0	0	1	0	0	0	0	1	0	0	0	0	0	0	0
OG_18181	0	0	1	0	1	0	0	0	0	0	0	0	0	0	0
OG_18182	0	0	1	0	0	0	0	0	2	0	0	0	0	0	0
OG_18183	0	0	1	0	0	0	0	0	1	0	0	0	0	0	0
OG_18184	0	0	1	0	0	0	0	0	1	0	0	0	0	0	0
OG_18185	0	0	1	0	1	0	0	0	0	0	0	0	0	0	0
OG_18186	0	0	1	0	3	0	0	0	0	0	0	0	0	0	0
OG_18187	0	0	1	0	1	0	0	0	0	0	0	0	0	0	0
OG_18188	0	0	1	0	1	0	0	0	0	0	0	0	0	0	0
OG_18189	0	0	2	0	5	0	0	0	0	0	0	0	0	0	0
OG_18190	0	0	1	0	1	0	0	0	0	0	0	0	0	0	0
OG_18191	0	0	1	2	0	0	0	0	0	0	0	0	0	0	0
OG_18192	0	0	2	0	0	0	1	0	0	0	0	0	0	0	0
OG_18193	0	0	1	0	2	0	0	1	0	0	0	0	0	0	0
OG_18194	0	0	2	0	1	0	0	0	0	0	0	0	0	0	0
OG_18195	0	0	1	0	0	0	1	0	0	0	0	0	0	0	0
OG_18196	0	0	1	0	1	0	0	0	0	0	0	0	0	0	0
OG_18197	0	0	1	0	0	0	0	0	1	0	0	0	0	0	0
OG_18198	0	0	1	0	0	0	0	0	1	0	0	0	0	0	0
OG_18199	0	0	1	0	0	0	0	0	1	0	0	0	0	0	0
OG_18200	0	0	2	0	0	0	0	0	1	0	0	0	0	0	0
OG_18201	0	0	1	0	0	0	1	0	0	0	0	0	0	0	0
OG_18202	0	0	1	0	1	0	0	0	0	0	0	0	0	0	0
OG_18203	0	0	1	0	3	0	0	0	0	0	0	0	0	0	0
OG_18204	0	0	1	0	0	0	0	0	1	0	0	0	0	0	0
OG_18205	0	0	1	0	0	0	0	1	0	0	0	0	0	0	0
OG_18206	0	0	1	0	0	0	1	0	0	0	0	0	0	0	0
OG_18207	0	0	4	0	0	0	1	0	0	0	0	0	0	0	0
OG_18208	0	0	0	0	0	0	0	0	0	0	1	1	0	0	0
OG_18209	0	1	0	0	0	0	0	0	0	0	0	1	0	0	0
OG_18210	0	0	1	0	1	0	0	0	0	0	0	0	0	0	0
OG_18211	0	0	1	0	1	0	0	0	0	0	0	0	0	0	0
OG_18212	0	0	2	0	0	0	0	0	0	0	0	0	1	0	0
OG_18213	0	0	1	0	1	0	0	0	0	0	0	0	0	0	0
OG_18214	0	0	4	0	1	0	0	0	0	0	0	0	0	0	0
OG_18215	0	0	5	0	1	0	0	0	0	0	0	0	0	0	0
OG_18216	0	0	4	0	6	0	0	0	0	0	0	0	0	0	0
OG_18217	0	0	5	0	1	0	0	0	0	0	0	0	0	0	0
OG_18218	0	0	9	0	1	0	0	0	0	0	0	0	0	0	0
OG_18219	0	0	4	0	5	0	0	0	0	0	0	0	0	0	0
OG_18220	0	0	3	0	1	0	0	0	0	0	0	0	0	0	0
OG_18221	0	0	4	0	3	0	0	0	0	0	0	0	0	0	0
OG_18222	0	0	2	0	3	0	0	0	0	0	0	0	0	0	0
OG_18223	0	0	3	0	2	0	0	0	0	0	0	0	0	0	0
OG_18224	0	0	2	0	1	0	0	0	0	0	0	0	0	0	0
OG_18225	0	0	2	0	4	0	0	0	0	0	0	0	0	0	0
OG_18226	0	0	1	0	1	0	0	0	0	0	0	0	0	0	0
OG_18227	0	0	9	0	1	0	0	0	0	0	0	0	0	0	0
OG_18228	0	0	1	0	2	0	0	0	0	0	0	0	0	0	0
OG_18229	0	0	5	0	1	0	0	0	0	0	0	0	0	0	0
OG_18230	0	0	1	0	1	0	0	0	0	0	0	0	0	0	0
OG_18231	0	0	5	0	1	0	0	0	0	0	0	0	0	0	0
OG_18232	0	0	1	0	1	0	0	0	0	0	0	0	0	0	0
OG_18233	0	0	1	2	0	0	0	2	3	0	0	0	0	0	0
OG_18234	0	0	3	0	5	0	0	0	0	0	0	0	0	0	0
OG_18235	0	0	2	0	1	0	0	0	0	0	0	0	0	0	0
OG_18236	0	0	1	0	0	0	1	0	0	0	0	0	0	0	0
OG_18237	0	0	4	0	0	0	0	0	1	0	0	0	0	0	0
OG_18238	0	0	2	0	1	0	1	0	0	0	0	0	0	0	0
OG_18239	0	0	1	0	2	0	0	0	0	0	0	0	0	0	0
OG_18240	0	0	2	0	0	0	1	0	0	0	0	0	0	0	0
OG_18241	0	0	2	0	1	0	0	0	0	0	0	0	0	0	0
OG_18242	0	0	5	0	1	0	0	0	0	0	0	0	0	0	0
OG_18243	0	0	1	0	0	0	0	2	0	0	0	0	0	0	0
OG_18244	0	0	2	0	1	0	0	2	0	0	0	0	0	0	0
OG_18245	0	0	1	0	0	0	2	0	0	0	0	0	0	0	0
OG_18246	0	0	1	1	1	0	0	3	0	3	0	0	0	0	0
OG_18247	0	0	2	0	3	0	0	0	0	0	0	0	0	0	0
OG_18248	0	0	2	0	0	0	1	0	0	0	0	0	0	0	0
OG_18249	0	0	2	0	4	0	0	0	0	0	0	0	0	0	0
OG_18250	0	0	0	1	0	0	0	2	0	1	0	0	0	0	0
OG_18251	0	0	0	8	0	0	0	5	0	1	0	0	0	0	0
OG_18252	0	0	0	1	0	0	0	0	0	1	0	0	0	0	0
OG_18253	0	0	0	2	0	0	0	1	0	1	0	0	0	0	0
OG_18254	0	0	0	1	0	0	1	0	0	0	0	0	0	0	0
OG_18255	0	0	0	1	0	0	0	0	0	1	0	0	0	0	0
OG_18256	0	0	0	1	0	0	0	0	0	1	0	0	0	0	0
OG_18257	0	0	0	1	1	0	0	0	1	0	0	0	0	0	0
OG_18258	0	0	0	1	0	0	0	1	0	1	0	0	0	0	0
OG_18259	0	0	0	0	1	0	0	0	1	0	1	0	0	0	0
OG_18260	0	0	0	1	0	0	0	0	0	1	0	0	0	0	0
OG_18261	0	0	0	1	0	0	0	0	0	1	0	0	0	0	0
OG_18262	0	0	0	1	0	0	0	0	0	1	0	0	0	0	0
OG_18263	0	0	0	1	0	0	0	0	1	0	0	0	0	0	0
OG_18264	0	0	0	1	0	0	0	1	0	0	0	0	0	0	0
OG_18265	0	0	0	1	0	0	0	0	0	1	0	0	0	0	0
OG_18266	0	0	0	2	0	0	0	1	0	0	0	0	0	0	0
OG_18267	0	0	0	1	0	0	2	1	0	0	0	0	0	0	0
OG_18268	0	0	0	1	0	0	0	1	0	1	0	0	0	0	0
OG_18269	0	0	0	1	0	0	0	0	0	1	0	0	0	0	0
OG_18270	0	0	0	3	0	0	0	2	0	1	0	0	0	0	0
OG_18271	0	0	0	5	0	0	0	1	0	2	0	0	0	0	0
OG_18272	0	0	0	5	0	0	0	1	0	0	0	0	0	0	0
OG_18273	0	0	0	2	0	0	0	3	0	1	0	0	0	0	0
OG_18274	0	0	0	6	0	0	0	1	0	0	0	0	0	0	0
OG_18275	0	0	0	10	0	0	0	2	0	1	0	0	0	0	0
OG_18276	0	0	0	2	0	0	0	1	0	0	0	0	0	0	0
OG_18277	0	0	0	6	0	0	0	1	0	5	0	0	0	0	0
OG_18278	0	0	0	1	0	0	0	1	0	0	0	0	0	0	0
OG_18279	0	0	0	3	0	0	0	3	0	1	0	0	0	0	0
OG_18280	0	0	0	3	0	0	0	1	0	1	0	0	0	0	0
OG_18281	0	0	0	1	0	0	0	5	0	0	0	0	0	0	0
OG_18282	0	0	0	1	0	0	0	2	0	1	0	0	0	0	0
OG_18283	0	0	0	1	0	0	0	1	0	0	0	0	0	0	0
OG_18284	0	0	0	4	0	0	0	2	0	3	0	0	0	0	0
OG_18285	0	0	0	2	0	0	0	1	0	1	0	0	0	0	0
OG_18286	0	0	0	1	0	0	0	2	0	0	0	0	0	0	0
OG_18287	0	0	0	3	0	0	0	0	0	1	0	0	0	0	0
OG_18288	0	0	0	1	0	0	0	1	0	0	0	0	0	0	0
OG_18289	0	0	0	1	0	0	0	1	0	1	0	0	0	0	0
OG_18290	0	0	0	1	0	0	0	2	0	0	0	0	0	0	0
OG_18291	0	0	0	1	0	0	0	2	0	1	0	0	0	0	0
OG_18292	0	0	0	2	0	0	0	1	0	1	0	0	0	0	0
OG_18293	0	0	0	1	0	0	0	2	0	0	0	0	0	0	0
OG_18294	0	0	0	1	0	0	0	2	0	0	0	0	0	0	0
OG_18295	0	0	0	0	1	0	0	1	0	0	0	0	0	0	0
OG_18296	0	0	0	0	2	0	0	0	1	0	0	0	0	0	0
OG_18297	0	0	0	0	2	0	0	0	1	0	0	0	0	0	0
OG_18298	0	0	0	0	1	0	0	0	1	0	0	0	0	0	0
OG_18299	0	0	0	0	1	0	0	0	1	0	0	0	0	0	0
OG_18300	0	0	0	0	1	0	0	0	1	0	0	0	0	0	0
OG_18301	0	0	0	0	1	0	0	0	1	0	0	0	0	0	0
OG_18302	0	0	0	0	1	0	0	1	1	0	0	0	0	0	0
OG_18303	0	0	0	0	1	0	1	0	0	0	0	0	0	0	0
OG_18304	0	0	0	0	1	0	0	0	1	0	0	0	0	0	0
OG_18305	0	0	0	0	1	0	1	0	0	0	0	0	0	0	0
OG_18306	0	0	0	0	1	0	0	0	1	0	0	0	0	0	0
OG_18307	0	0	0	0	1	0	1	0	0	0	0	0	0	0	0
OG_18308	0	0	0	0	1	0	0	0	2	0	0	0	0	0	0
OG_18309	0	0	0	0	2	0	0	0	1	0	0	0	0	0	0
OG_18310	0	0	0	0	2	0	0	1	1	0	0	0	0	0	0
OG_18311	0	0	0	0	4	0	0	0	1	0	0	0	0	0	0
OG_18312	0	0	0	0	1	0	0	2	1	0	0	0	0	0	0
OG_18313	0	0	0	0	0	2	0	0	1	0	0	0	0	0	0
OG_18314	0	0	0	0	0	0	0	0	1	0	0	0	0	0	1
OG_18315	0	0	0	0	0	0	1	0	1	0	0	0	0	0	0
OG_18316	0	0	0	0	0	0	0	1	0	1	0	0	0	0	0
OG_18317	0	0	1	0	0	0	0	0	0	0	0	1	0	0	0
OG_18318	0	0	0	0	0	0	0	1	1	0	0	0	0	0	0
OG_18319	0	0	0	0	0	0	0	1	0	1	0	0	0	0	0
OG_18320	0	0	0	0	0	0	0	1	1	0	0	0	0	0	0
OG_18321	0	0	0	0	0	0	0	1	0	1	0	0	0	0	0
OG_18322	0	0	0	0	0	0	0	1	0	2	0	0	0	0	0
OG_18323	0	0	0	0	0	0	0	1	0	1	0	0	0	0	0
OG_18324	0	0	0	0	0	0	0	1	0	1	0	0	0	0	0
OG_18325	0	0	0	0	0	0	0	1	0	2	0	0	0	0	0
OG_18326	0	0	0	0	0	0	0	2	0	1	0	0	0	0	0
OG_18327	0	0	0	0	0	0	0	1	0	1	0	0	0	0	0
OG_18328	0	0	0	0	0	0	0	1	0	1	0	0	0	0	0
OG_18329	0	0	0	0	0	0	0	1	0	1	0	0	0	0	0
OG_18330	0	0	0	0	0	0	0	1	0	2	0	0	0	0	0
OG_18331	0	0	0	0	0	0	0	2	0	1	0	0	0	0	0
OG_18332	0	0	0	0	0	0	0	1	2	0	0	0	0	0	0
OG_18333	0	0	0	0	0	0	0	1	0	3	0	0	0	0	0
OG_18334	0	0	0	0	0	0	0	0	1	1	0	0	0	0	0
OG_18335	0	0	0	0	0	0	0	0	1	1	0	0	0	0	0
OG_18336	0	0	0	0	0	0	0	0	1	4	0	0	0	0	0
